M,S_kind,active_mode,active_size,active_tau,active_topk,box_memory_bytes,box_radii,box_shape,box_size,btab_active_mode,btab_active_size_raw,btab_active_tau,btab_active_topk,btab_box_budget,btab_box_size,btab_diagnostic_mode,btab_diagnostic_power_iter,btab_diagnostic_tol,btab_eig_apply_batch_cols,btab_eig_backend,btab_eig_eig_residual_max,btab_eig_eig_residual_median,btab_eig_maxiter,btab_eig_n_ABB_matvec_cols,btab_eig_n_eig_matvec,btab_eig_ncv,btab_eig_ncv_actual,btab_eig_q,btab_eig_size_S,btab_eig_size_T,btab_eig_storage_bytes,btab_eig_theta_q1,btab_eig_theta_q1_over_sigma2,btab_eig_tol,btab_exact_apply_mode,btab_exact_box_max_size,btab_experiment_route,btab_inner_maxiter,btab_inner_precond,btab_inner_tol,btab_outer_gmres_restart,btab_outer_solver,btab_solve_mode,cg_iters,cg_n_matvec,cg_relres,chol_memory_bytes,chunk_size,coord_nystrom_gamma,dataset_dim,dataset_stem,debug_finite_checks,device_name,diagnostic_mode,diagnostic_n_ASS_matvec,diagnostic_n_A_matvec,diagnostic_n_eig_matvec,diagnostic_n_matvec,diagnostic_n_power_iter,diagnostic_n_precond,dim,efgp_matrix_dim,eig_block_size,eig_n_iter,eig_nystrom_kernel_s,eig_residual_cols_rel,eig_residual_fro,eig_residual_fro_rel,eig_residual_max,eig_residual_median,eigen_apply_A_block_calls,eigen_n_matvec,eigen_t_matvec_avg,eigen_t_matvec_total,eps,exact_apply_mode,gamma,has_nufft,injected_eps_coord_topq,inner_last_relres,inner_max_iters,inner_maxiter,inner_precond,inner_tol,inner_total_iters,inner_total_matvec,inner_total_precond,inverse_memory_bytes,is_warmup,iterations,kernel_family,kernel_lengthscale,kernel_nu,kernel_variance,lambda1_coord_nystrom,local_fft_memory_bytes,maxiter,method,mtot,n_matvec,n_precond,n_test,n_train,nufft_backend,nufft_stage,outer_gmres_restart,outer_iters,outer_relres,outer_solver,outer_status,precond_apply_calls,precond_kind,profile_components,reg_lambda,repeat_idx,rho_max_T,rmse_test,rmse_train,run_seed,sigma2_equiv_reg_lambda,solve_mode,status,surrogate_tag,t_matvec_avg,t_matvec_total,t_precond_avg,t_precond_total,tail_energy,tail_size,theta_coord_topq,theta_q1_over_sigma2,time_active_set,time_box_gather_avg,time_box_gather_total,time_box_scatter_avg,time_box_scatter_total,time_box_solve_avg,time_box_solve_total,time_build_Ag,time_build_box_matrix,time_build_inverse,time_build_local_fft,time_cholesky,time_diag_avg,time_diag_total,time_eig_setup,time_eigenspace,time_post_diagnostics,time_precompute,time_precond_build,time_predict,time_solve,time_symmetrize_regularize,time_total,time_total_with_diagnostics,tol,top_q,version
1225,,,,,,,,,,,,,,,,,,,,,,,,,,,,,,,,,,,,,group_a,,,,,,,528,529,9.855971006300502e-07,,,,2,synthetic_true_func_2d_n30000000,False,NVIDIA L4,,,,,,,,2,1225,,,,,,,,,0,0,,,1e-05,,,True,,,,,,,,,,,False,528.0,SE,0.1,1.5,1.0,,,100000,plain_cg,35,529,,1000,30000000,cufinufft,cufinufft,,,,,,,,True,0.1,0,,0.00014827800603055692,0.020004178064620154,0,,,ok,,0.002797633166352774,1.4799479450006174,,,,,,,,,,,,,,,,,,,,,,,,3.172189289999892,,0.27645066000002316,2.3578161279999676,,5.530006723999918,,1e-06,,v1
1225,,,,,,,,,,,,,,,,,,,,,,,,,,,,,,,,,,,,,group_a,,,,,,,83,84,9.766959278258608e-07,,,nan,2,synthetic_true_func_2d_n30000000,False,NVIDIA L4,,,,,,,,2,1225,98,3,nan,,3912.231505950426,0.0007797127102838237,,,5,482,0.0010396531765886363,0.5011128311157227,1e-05,,,True,[],,,,,,,,,,False,83.0,SE,0.1,1.5,1.0,nan,,100000,eigenpro_pcg_q90,35,84,83,1000,30000000,cufinufft,binned_c1,,,,,,,full_eigenpro,True,0.1,0,,0.0003211797199009961,0.02000689703829535,0,,,ok,,0.0006243144166722643,0.0524424110004702,0.0003957358072246126,0.032846071999642845,,,[],,,,,,,,,,,,,,,,,2.044049391000044,,2.038063850999947,0.45569412899999406,0.27579135600001337,0.13561359599998468,,4.67342096699997,,1e-06,90,v3
1225,,,,,,,,,,,,,,,,,,,,,,,,,,,,,,,,,,,,,group_a,,,,,,,9,10,9.81950849897774e-07,,,nan,2,synthetic_true_func_2d_n30000000,False,NVIDIA L4,,,,,,,,2,1225,188,3,nan,,66.60787480343384,1.3274490512614676e-05,,,5,932,0.000569468150323041,0.5307443161010742,1e-05,,,True,[],,,,,,,,,,False,9.0,SE,0.1,1.5,1.0,nan,,100000,eigenpro_pcg_q180,35,10,9,1000,30000000,cufinufft,binned_c1,,,,,,,full_eigenpro,True,0.1,0,,0.0003415561087022121,0.02000720653440426,0,,,ok,,0.0006246776999773828,0.006246776999773829,0.000165072333364454,0.001485651000280086,,,[],,,,,,,,,,,,,,,,,0.5716732710000088,,0.14862874999994347,0.00030415699995955947,0.2766477919999488,0.013636502000053952,,0.7342426799999657,,1e-06,180,v3
1225,expanded_box,topk,512,,512,0,"[12, 12]","[25, 25]",625,topk,512,,512,80000,625,cheap,30,0.01,,,,,,,,,,,,,,,,,inverse,20000,group_a,50,diag,0.001,50,auto,auto,25,26,9.530354214485608e-07,0,,,2,synthetic_true_func_2d_n30000000,False,NVIDIA L4,cheap,0,0,0,0,0,0,2,1225,,,,,,,,,,,,,1e-05,inverse,29999999.999935064,True,,nan,0,50,diag,0.001,0,0,0,6250000,False,25.0,SE,0.1,1.5,1.0,,0,100000,btab_auto_topk_512,35,26,25,1000,30000000,cufinufft,binned_c1,50,25,9.530354214485608e-07,pcg,converged,25,,True,0.1,0,24.879402061028987,0.000338840232386672,0.02000753868514525,0,0.1,exact,ok,,0.0006582676153925604,0.01711495800020657,0.0004058859199994913,0.010147147999987283,745.1292161467543,600,,,0.006408959000054892,4.419888000029459e-05,0.0011049720000073648,4.157983998538839e-05,0.0010394959996347097,0.0002239703199984433,0.0055992579999610825,0.8030406719999519,0.4041647640000292,0.1455772550000347,0.0,0.14549428399993758,5.543755999042333e-05,0.001385938999760583,,,0.00015542500000265136,0.14904042000000572,1.3101313810000192,0.28019631100005427,1.3533293360000016,0.10780436899995038,1.5023697560000073,1.50252518100001,1e-06,,v6_btab
1225,expanded_box,topk,1024,,1024,0,"[17, 17]","[35, 35]",1225,topk,1024,,1024,80000,1225,cheap,30,0.01,,,,,,,,,,,,,,,,,inverse,20000,group_a,50,diag,0.001,50,auto,auto,3,4,6.997804415523719e-08,0,,,2,synthetic_true_func_2d_n30000000,False,NVIDIA L4,cheap,0,0,0,0,0,0,2,1225,,,,,,,,,,,,,1e-05,inverse,29999999.999935064,True,,nan,0,50,diag,0.001,0,0,0,24010000,False,3.0,SE,0.1,1.5,1.0,,0,100000,btab_auto_topk_1024,35,4,3,1000,30000000,cufinufft,binned_c1,50,3,6.997804415523719e-08,pcg,converged,3,,True,0.1,0,0.0,0.0003383419069552747,0.02000752864507619,0,0.1,exact,ok,,0.0007441150000033758,0.0029764600000135033,0.00029601566670104756,0.0008880470001031426,0.0,0,,,0.0005958680000048844,1.684033334944009e-05,5.0521000048320275e-05,3.438133334536057e-05,0.0001031440000360817,0.0001513236666899805,0.0004539710000699415,0.12441182200007006,0.051221834999978455,0.05320524900002965,0.0,0.018368244000043887,5.322599993936213e-05,0.0001596779998180864,,,5.795900005978183e-05,0.14955890700002783,0.12595277899993107,0.27917292800009363,0.13229257299997244,0.001616494000018065,0.28185148000000027,0.28190943900006005,1e-06,,v6_btab
1225,expanded_box,topk,1225,,2048,0,"[17, 17]","[35, 35]",1225,topk,1225,,2048,80000,1225,cheap,30,0.01,,,,,,,,,,,,,,,,,inverse,20000,group_a,50,diag,0.001,50,auto,auto,3,4,6.99780474400392e-08,0,,,2,synthetic_true_func_2d_n30000000,False,NVIDIA L4,cheap,0,0,0,0,0,0,2,1225,,,,,,,,,,,,,1e-05,inverse,29999999.999935064,True,,nan,0,50,diag,0.001,0,0,0,24010000,False,3.0,SE,0.1,1.5,1.0,,0,100000,btab_auto_topk_2048,35,4,3,1000,30000000,cufinufft,binned_c1,50,3,6.99780474400392e-08,pcg,converged,3,,True,0.1,0,0.0,0.0003383419069394066,0.02000752864507585,0,0.1,exact,ok,,0.0007155099999920367,0.0028620399999681467,0.00027769300004365505,0.0008330790001309651,0.0,0,,,0.0005928619999622242,1.664866666336214e-05,4.994599999008642e-05,3.2317000053202115e-05,9.695100015960634e-05,0.0001322666666586277,0.0003967999999758831,0.11099766799998179,0.03807041599998229,0.05316440899991903,0.0,0.018201177000037205,5.404233331773867e-05,0.000162126999953216,,,5.1480000024639594e-05,0.14954891799993675,0.11243311700002323,0.2781788030000598,0.11856146100001297,0.0015616660000432603,0.2681103789999497,0.26816185899997436,1e-06,,v6_btab
1225,expanded_box,topk,1225,,4096,0,"[17, 17]","[35, 35]",1225,topk,1225,,4096,80000,1225,cheap,30,0.01,,,,,,,,,,,,,,,,,inverse,20000,group_a,50,diag,0.001,50,auto,auto,3,4,6.997804693536213e-08,0,,,2,synthetic_true_func_2d_n30000000,False,NVIDIA L4,cheap,0,0,0,0,0,0,2,1225,,,,,,,,,,,,,1e-05,inverse,29999999.999935064,True,,nan,0,50,diag,0.001,0,0,0,24010000,False,3.0,SE,0.1,1.5,1.0,,0,100000,btab_auto_topk_4096,35,4,3,1000,30000000,cufinufft,binned_c1,50,3,6.997804693536213e-08,pcg,converged,3,,True,0.1,0,0.0,0.0003383419069434391,0.0200075286450758,0,0.1,exact,ok,,0.0007118987500405183,0.002847595000162073,0.00027530033332823223,0.0008259009999846967,0.0,0,,,0.0006076330000723829,1.6351999988728494e-05,4.905599996618548e-05,3.1361999958789966e-05,9.40859998763699e-05,0.0001304033333250724,0.0003912099999752172,0.10767378399998506,0.034751007999943795,0.05316018400003486,0.0,0.018194964000031177,5.8704333355308336e-05,0.000176113000065925,,,5.196100005377957e-05,0.14905706599995483,0.10910595200004991,0.27701201200000014,0.11514205100002073,0.0015676279999752296,0.26419911699997556,0.26425107800002934,1e-06,,v6_btab
1225,expanded_box,topk,1024,,1024,0,"[17, 17]","[35, 35]",1225,topk,1024,,1024,80000,1225,cheap,30,0.01,,cupy,7.397858026956571e-15,1.2213444430328241e-15,320,162,162,,162,64,1225,0,1255424,45116.227905980326,451162.27905980323,0.001,boxeig,20000,group_a,50,diag,0.001,50,auto,boxeig,143,144,9.53994345244628e-07,0,,,2,synthetic_true_func_2d_n30000000,False,NVIDIA L4,cheap,64,0,64,64,0,0,2,1225,,,,,,,7.397858026956571e-15,1.2213444430328241e-15,,,,,1e-05,boxeig,29999999.999935064,True,,nan,0,0,,nan,0,0,0,0,False,143.0,SE,0.1,1.5,1.0,,76176,100000,btab_boxeig_topk_1024_q64,35,144,143,1000,30000000,cufinufft,binned_c1,50,143,9.53994345244628e-07,pcg,converged,143,,True,0.1,0,0.0,0.00032229157938759703,0.020007078852833104,0,0.1,boxeig,ok,,0.0006249558958389104,0.08999364900080309,0.0003759535384583265,0.05376135599954068,0.0,0,,451162.27905980323,0.0005549040000687455,1.632116084556083e-05,0.0023339260009151985,2.733834265381393e-05,0.003909382999495392,0.00024209478322206762,0.03461955400075567,1.2192428910000217,0.0,0.0,0.0009117209999658371,0.0,5.390790209361881e-05,0.00770882999938749,1.2183311700000559,,0.7517205209999247,0.14850888099999793,1.32661818400004,0.27602384299996174,1.5568910539999479,0.0,1.7053999349999458,2.4571204559998705,1e-06,,v7_btab_boxeig
1225,expanded_box,topk,1024,,1024,0,"[17, 17]","[35, 35]",1225,topk,1024,,1024,80000,1225,cheap,30,0.01,,cupy,1.1126274893759428e-13,3.2319090543636135e-15,640,290,290,,290,128,1225,0,2510848,2125.8391445459574,21258.391445459572,0.001,boxeig,20000,group_a,50,diag,0.001,50,auto,boxeig,32,33,9.538811539510639e-07,0,,,2,synthetic_true_func_2d_n30000000,False,NVIDIA L4,cheap,128,0,128,128,0,0,2,1225,,,,,,,1.1126274893759428e-13,3.2319090543636135e-15,,,,,1e-05,boxeig,29999999.999935064,True,,nan,0,0,,nan,0,0,0,0,False,32.0,SE,0.1,1.5,1.0,,76176,100000,btab_boxeig_topk_1024_q128,35,33,32,1000,30000000,cufinufft,binned_c1,50,32,9.538811539510639e-07,pcg,converged,32,,True,0.1,0,0.0,0.0003223414694916078,0.020006903631379917,0,0.1,boxeig,ok,,0.0007530125757560227,0.02484941499994875,0.00043294271875282675,0.013854167000090456,0.0,0,,21258.391445459572,0.0005900740000015503,1.9027312497144067e-05,0.0006088739999086101,3.08108437359067e-05,0.0009859469995490144,0.0002743612812459162,0.008779560999869318,0.24394049299996823,0.0,0.0,0.0009357199999158183,0.0,6.347659374128511e-05,0.0020312509997211237,0.2430047730000524,,0.05188203800003066,0.14869552499999372,0.24499394999998003,0.27496969300000274,0.30700333899994803,0.0,0.45569886399994175,0.5075809019999724,1e-06,,v7_btab_boxeig
1225,expanded_box,topk,1225,,2048,0,"[17, 17]","[35, 35]",1225,topk,1225,,2048,80000,1225,cheap,30,0.01,,cupy,1.5160262322968072e-14,1.1825998842184048e-15,320,162,162,,162,64,1225,0,1255424,45116.227905980326,451162.27905980323,0.001,boxeig,20000,group_a,50,diag,0.001,50,auto,boxeig,143,144,9.57296700822536e-07,0,,,2,synthetic_true_func_2d_n30000000,False,NVIDIA L4,cheap,64,0,64,64,0,0,2,1225,,,,,,,1.5160262322968072e-14,1.1825998842184048e-15,,,,,1e-05,boxeig,29999999.999935064,True,,nan,0,0,,nan,0,0,0,0,False,143.0,SE,0.1,1.5,1.0,,76176,100000,btab_boxeig_topk_2048_q64,35,144,143,1000,30000000,cufinufft,binned_c1,50,143,9.57296700822536e-07,pcg,converged,143,,True,0.1,0,0.0,0.0003222539844282919,0.020007078092952168,0,0.1,boxeig,ok,,0.000676540118054921,0.09742177699990862,0.00040037641958081945,0.05725382800005718,0.0,0,,451162.27905980323,0.0005968919999759237,1.7439825172742704e-05,0.0024938949997022064,2.902604195684047e-05,0.0041507239998281875,0.00025752363636071934,0.03682587999958287,0.1264178249999759,0.0,0.0,0.0008831289999307046,0.0,5.73122867108141e-05,0.008195656999646417,0.1255346960000452,,0.02673478300005172,0.14884358999995584,0.12745738800003892,0.2759568459999855,0.37525780900000427,0.0,0.5241013989999601,0.5508361820000118,1e-06,,v7_btab_boxeig
1225,expanded_box,topk,1225,,2048,0,"[17, 17]","[35, 35]",1225,topk,1225,,2048,80000,1225,cheap,30,0.01,,cupy,2.2849111694311095e-13,3.62375892217001e-15,640,290,290,,290,128,1225,0,2510848,2125.839144545958,21258.391445459576,0.001,boxeig,20000,group_a,50,diag,0.001,50,auto,boxeig,32,33,9.538580426117955e-07,0,,,2,synthetic_true_func_2d_n30000000,False,NVIDIA L4,cheap,128,0,128,128,0,0,2,1225,,,,,,,2.2849111694311095e-13,3.62375892217001e-15,,,,,1e-05,boxeig,29999999.999935064,True,,nan,0,0,,nan,0,0,0,0,False,32.0,SE,0.1,1.5,1.0,,76176,100000,btab_boxeig_topk_2048_q128,35,33,32,1000,30000000,cufinufft,binned_c1,50,32,9.538580426117955e-07,pcg,converged,32,,True,0.1,0,0.0,0.00032234177098484164,0.020006903636976305,0,0.1,boxeig,ok,,0.0007494229999985802,0.024730958999953145,0.00042739175000505725,0.013676536000161832,0.0,0,,21258.391445459576,0.0005934189999834416,1.910300001739529e-05,0.0006112960005566492,3.074534374647442e-05,0.0009838509998871814,0.0002695686562539379,0.008626197000126012,0.23655270900007963,0.0,0.0,0.0008806130000493795,0.0,6.312103127115165e-05,0.002019873000676853,0.23567209600003025,,0.052206879999971534,0.14836331999993035,0.2375981600000614,0.2748863250000113,0.29924498000002586,0.0,0.4476082999999562,0.49981517999992775,1e-06,,v7_btab_boxeig
1225,expanded_box,topk,1225,,2048,0,"[17, 17]","[35, 35]",1225,topk,1225,,2048,80000,1225,cheap,30,0.01,,cupy,3.3078776173377792e-12,1.1165771380244028e-14,960,418,418,,418,192,1225,0,3766272,120.38865823307326,1203.8865823307326,0.001,boxeig,20000,group_a,50,diag,0.001,50,auto,boxeig,4,5,9.142856253525544e-07,0,,,2,synthetic_true_func_2d_n30000000,False,NVIDIA L4,cheap,192,0,192,192,0,0,2,1225,,,,,,,3.3078776173377792e-12,1.1165771380244028e-14,,,,,1e-05,boxeig,29999999.999935064,True,,nan,0,0,,nan,0,0,0,0,False,4.0,SE,0.1,1.5,1.0,,76176,100000,btab_boxeig_topk_2048_q192,35,5,4,1000,30000000,cufinufft,binned_c1,50,4,9.142856253525544e-07,pcg,converged,4,,True,0.1,0,0.0,0.0004156793081809659,0.02000844693370077,0,0.1,boxeig,ok,,0.0008032311999613739,0.00401615599980687,0.00044701825001425277,0.001788073000057011,0.0,0,,1203.8865823307326,0.0005942320000258405,1.873875004321235e-05,7.49550001728494e-05,3.078624996533108e-05,0.00012314499986132432,0.00028745125001705674,0.001149805000068227,1.389865693000047,0.0,0.0,0.0008843739999520039,0.0,6.138374996567109e-05,0.00024553499986268434,1.388981319000095,,0.07651268400002209,0.14859399500005566,1.3909026420000146,0.29752224200001365,1.4001241549999577,0.0,1.5487181500000133,1.6252308340000354,1e-06,,v7_btab_boxeig
1225,expanded_box,topk,1225,,4096,0,"[17, 17]","[35, 35]",1225,topk,1225,,4096,80000,1225,cheap,30,0.01,,cupy,2.6602899575012575e-13,3.5095293437501274e-15,640,290,290,,290,128,1225,0,2510848,2125.8391445459574,21258.391445459572,0.001,boxeig,20000,group_a,50,diag,0.001,50,auto,boxeig,32,33,9.538622620683988e-07,0,,,2,synthetic_true_func_2d_n30000000,False,NVIDIA L4,cheap,128,0,128,128,0,0,2,1225,,,,,,,2.6602899575012575e-13,3.5095293437501274e-15,,,,,1e-05,boxeig,29999999.999935064,True,,nan,0,0,,nan,0,0,0,0,False,32.0,SE,0.1,1.5,1.0,,76176,100000,btab_boxeig_topk_4096_q128,35,33,32,1000,30000000,cufinufft,binned_c1,50,32,9.538622620683988e-07,pcg,converged,32,,True,0.1,0,0.0,0.0003223415452036732,0.02000690363199045,0,0.1,boxeig,ok,,0.0007469475454461809,0.024649268999723972,0.00042543468751432556,0.013613910000458418,0.0,0,,21258.391445459572,0.0005441150000251582,1.9431906235212182e-05,0.0006218209995267898,3.0811124997143224e-05,0.0009859559999085832,0.00026763268749974145,0.008564245999991726,0.23373037699991528,0.0,0.0,0.0008677769999394513,0.0,6.259312499423686e-05,0.0020029799998155795,0.23286259999997583,,0.051266318999978466,0.15142169499995362,0.23470393099989906,0.27383136399998875,0.29614962300001935,0.0,0.44757131799997296,0.49883763699995143,1e-06,,v7_btab_boxeig
1225,expanded_box,topk,1225,,4096,0,"[17, 17]","[35, 35]",1225,topk,1225,,4096,80000,1225,cheap,30,0.01,,cupy,4.621721906282318e-12,1.3600968392900939e-14,960,418,418,,418,192,1225,0,3766272,120.38865823307233,1203.8865823307233,0.001,boxeig,20000,group_a,50,diag,0.001,50,auto,boxeig,4,5,9.142856577517299e-07,0,,,2,synthetic_true_func_2d_n30000000,False,NVIDIA L4,cheap,192,0,192,192,0,0,2,1225,,,,,,,4.621721906282318e-12,1.3600968392900939e-14,,,,,1e-05,boxeig,29999999.999935064,True,,nan,0,0,,nan,0,0,0,0,False,4.0,SE,0.1,1.5,1.0,,76176,100000,btab_boxeig_topk_4096_q192,35,5,4,1000,30000000,cufinufft,binned_c1,50,4,9.142856577517299e-07,pcg,converged,4,,True,0.1,0,0.0,0.00041567931206020256,0.020008446933736178,0,0.1,boxeig,ok,,0.0007888881999861041,0.003944440999930521,0.0004310592499905397,0.0017242369999621587,0.0,0,,1203.8865823307233,0.0005868990000408303,1.87972499929856e-05,7.51889999719424e-05,3.3994749998100815e-05,0.00013597899999240326,0.00027244724998354286,0.0010897889999341714,0.3513812289999123,0.0,0.0,0.0008611549999386625,0.0,6.0734250013183555e-05,0.00024293700005273422,0.35052007399997365,,0.07611405099999047,0.14931842900000447,0.35242153299998336,0.2748906839999563,0.36150138899995454,0.0,0.510819817999959,0.5869338689999495,1e-06,,v7_btab_boxeig
1225,expanded_box,topk,1225,,4096,0,"[17, 17]","[35, 35]",1225,topk,1225,,4096,80000,1225,cheap,30,0.01,,cupy,1.696207778134906e-11,5.453884913952491e-14,1280,546,546,,546,256,1225,0,5021696,6.2499930725255135,62.49993072525513,0.001,boxeig,20000,group_a,50,diag,0.001,50,auto,boxeig,1,2,4.0035973294302253e-07,0,,,2,synthetic_true_func_2d_n30000000,False,NVIDIA L4,cheap,256,0,256,256,0,0,2,1225,,,,,,,1.696207778134906e-11,5.453884913952491e-14,,,,,1e-05,boxeig,29999999.999935064,True,,nan,0,0,,nan,0,0,0,0,False,1.0,SE,0.1,1.5,1.0,,76176,100000,btab_boxeig_topk_4096_q256,35,2,1,1000,30000000,cufinufft,binned_c1,50,1,4.0035973294302253e-07,pcg,converged,1,,True,0.1,0,0.0,0.00032803271722737495,0.02000692821854065,0,0.1,boxeig,ok,,0.0008734030000141502,0.0017468060000283003,0.0004961039999216155,0.0004961039999216155,0.0,0,,62.49993072525513,0.000589911000020038,1.8730999954641447e-05,1.8730999954641447e-05,3.179999998792482e-05,3.179999998792482e-05,0.0003375940000296396,0.0003375940000296396,0.46613562199991065,0.0,0.0,0.0008659579999630296,0.0,6.175599992275238e-05,6.175599992275238e-05,0.4652696639999476,,0.10125765300006151,0.14830723000000035,0.4671787409999979,0.2723691040000631,0.47070114699999976,0.0,0.6190083770000001,0.7202660300000616,1e-06,,v7_btab_boxeig
1225,expanded_box,topk,1225,,8192,0,"[17, 17]","[35, 35]",1225,topk,1225,,8192,80000,1225,cheap,30,0.01,,cupy,2.0159027525115252e-13,3.1151053217721014e-15,640,290,290,,290,128,1225,0,2510848,2125.83914454596,21258.3914454596,0.001,boxeig,20000,group_a,50,diag,0.001,50,auto,boxeig,32,33,9.538699902930229e-07,0,,,2,synthetic_true_func_2d_n30000000,False,NVIDIA L4,cheap,128,0,128,128,0,0,2,1225,,,,,,,2.0159027525115252e-13,3.1151053217721014e-15,,,,,1e-05,boxeig,29999999.999935064,True,,nan,0,0,,nan,0,0,0,0,False,32.0,SE,0.1,1.5,1.0,,76176,100000,btab_boxeig_topk_8192_q128,35,33,32,1000,30000000,cufinufft,binned_c1,50,32,9.538699902930229e-07,pcg,converged,32,,True,0.1,0,0.0,0.00032234125331380247,0.0200069036295144,0,0.1,boxeig,ok,,0.0007452029696968098,0.02459169799999472,0.0004246481249872147,0.01358873999959087,0.0,0,,21258.3914454596,0.0005756129999099358,1.9943656244691965e-05,0.0006381969998301429,3.088506250037426e-05,0.0009883220000119763,0.0002672091875020044,0.00855069400006414,0.23339927500001068,0.0,0.0,0.000862308000023404,0.0,6.134718751127366e-05,0.001963110000360757,0.23253696699998727,,0.05106082600002537,0.1486671610000485,0.2344119409999621,0.27428011400002106,0.29568362299994533,0.0,0.44435078399999384,0.4954116100000192,1e-06,,v7_btab_boxeig
1225,expanded_box,topk,1225,,8192,0,"[17, 17]","[35, 35]",1225,topk,1225,,8192,80000,1225,cheap,30,0.01,,cupy,3.685263271655882e-12,1.2909300861843033e-14,960,418,418,,418,192,1225,0,3766272,120.3886582330718,1203.8865823307178,0.001,boxeig,20000,group_a,50,diag,0.001,50,auto,boxeig,4,5,9.142856320371459e-07,0,,,2,synthetic_true_func_2d_n30000000,False,NVIDIA L4,cheap,192,0,192,192,0,0,2,1225,,,,,,,3.685263271655882e-12,1.2909300861843033e-14,,,,,1e-05,boxeig,29999999.999935064,True,,nan,0,0,,nan,0,0,0,0,False,4.0,SE,0.1,1.5,1.0,,76176,100000,btab_boxeig_topk_8192_q192,35,5,4,1000,30000000,cufinufft,binned_c1,50,4,9.142856320371459e-07,pcg,converged,4,,True,0.1,0,0.0,0.00041567931009291664,0.020008446933713318,0,0.1,boxeig,ok,,0.0008136514000170791,0.004068257000085396,0.0004424112500203137,0.0017696450000812547,0.0,0,,1203.8865823307178,0.0005576489999157275,1.906950001284713e-05,7.627800005138852e-05,3.071999998383035e-05,0.0001228799999353214,0.0002841259999968315,0.001136503999987326,0.35468936200004464,0.0,0.0,0.0008798570000863037,0.0,6.427799996799877e-05,0.00025711199987199507,0.35380950499995834,,0.0770607279999922,0.1494137199999841,0.3557053499999938,0.2818165759999829,0.36494186800007355,0.0,0.5143555880000577,0.5914163160000498,1e-06,,v7_btab_boxeig
1225,expanded_box,topk,1225,,8192,0,"[17, 17]","[35, 35]",1225,topk,1225,,8192,80000,1225,cheap,30,0.01,,cupy,2.410815203214142e-11,6.582446689558233e-14,1280,546,546,,546,256,1225,0,5021696,6.2499930725253945,62.49993072525394,0.001,boxeig,20000,group_a,50,diag,0.001,50,auto,boxeig,1,2,4.0036353218802556e-07,0,,,2,synthetic_true_func_2d_n30000000,False,NVIDIA L4,cheap,256,0,256,256,0,0,2,1225,,,,,,,2.410815203214142e-11,6.582446689558233e-14,,,,,1e-05,boxeig,29999999.999935064,True,,nan,0,0,,nan,0,0,0,0,False,1.0,SE,0.1,1.5,1.0,,76176,100000,btab_boxeig_topk_8192_q256,35,2,1,1000,30000000,cufinufft,binned_c1,50,1,4.0036353218802556e-07,pcg,converged,1,,True,0.1,0,0.0,0.0003280327104158496,0.020006928218325736,0,0.1,boxeig,ok,,0.0009068444999797975,0.001813688999959595,0.0005983810000316225,0.0005983810000316225,0.0,0,,62.49993072525394,0.0005593249999265026,3.985000000739092e-05,3.985000000739092e-05,3.285299999333802e-05,3.285299999333802e-05,0.00041885699999966164,0.00041885699999966164,0.47126228599995557,0.0,0.0,0.0008598690000098941,0.0,5.925700008901913e-05,5.925700008901913e-05,0.47040241699994567,,0.10276969199992436,0.14910441999995783,0.47227115300006517,0.27706097899999804,0.4759816949999731,0.0,0.6250861149999309,0.7278558069998553,1e-06,,v7_btab_boxeig
1225,expanded_box,topk,1225,,16384,0,"[17, 17]","[35, 35]",1225,topk,1225,,16384,80000,1225,cheap,30,0.01,,cupy,1.873472683771588e-13,3.8399284206948645e-15,640,290,290,,290,128,1225,0,2510848,2125.839144545959,21258.391445459587,0.001,boxeig,20000,group_a,50,diag,0.001,50,auto,boxeig,32,33,9.538978831769153e-07,0,,,2,synthetic_true_func_2d_n30000000,False,NVIDIA L4,cheap,128,0,128,128,0,0,2,1225,,,,,,,1.873472683771588e-13,3.8399284206948645e-15,,,,,1e-05,boxeig,29999999.999935064,True,,nan,0,0,,nan,0,0,0,0,False,32.0,SE,0.1,1.5,1.0,,76176,100000,btab_boxeig_topk_16384_q128,35,33,32,1000,30000000,cufinufft,binned_c1,50,32,9.538978831769153e-07,pcg,converged,32,,True,0.1,0,0.0,0.00032234121516826013,0.02000690362665628,0,0.1,boxeig,ok,,0.0008207065151316673,0.02708331499934502,0.0004321056562517356,0.013827381000055539,0.0,0,,21258.391445459587,0.0006225570000424341,1.9898093750470025e-05,0.0006367390000150408,3.250196875725919e-05,0.0010400630002322941,0.0002746503749939677,0.008788811999806967,0.2394131879999577,0.0,0.0,0.0008729279999215578,0.0,6.133018748855079e-05,0.0019625659996336253,0.23854026000003614,,0.05248449099997288,0.15142335099994852,0.24048285300000316,0.27640996599996015,0.3051381320000246,0.0,0.4565614829999731,0.509045973999946,1e-06,,v7_btab_boxeig
1225,expanded_box,topk,1225,,16384,0,"[17, 17]","[35, 35]",1225,topk,1225,,16384,80000,1225,cheap,30,0.01,,cupy,2.0263174126727987e-12,1.2263112273221136e-14,960,418,418,,418,192,1225,0,3766272,120.38865823307344,1203.8865823307344,0.001,boxeig,20000,group_a,50,diag,0.001,50,auto,boxeig,4,5,9.142856597612655e-07,0,,,2,synthetic_true_func_2d_n30000000,False,NVIDIA L4,cheap,192,0,192,192,0,0,2,1225,,,,,,,2.0263174126727987e-12,1.2263112273221136e-14,,,,,1e-05,boxeig,29999999.999935064,True,,nan,0,0,,nan,0,0,0,0,False,4.0,SE,0.1,1.5,1.0,,76176,100000,btab_boxeig_topk_16384_q192,35,5,4,1000,30000000,cufinufft,binned_c1,50,4,9.142856597612655e-07,pcg,converged,4,,True,0.1,0,0.0,0.0004156793162715836,0.020008446933755034,0,0.1,boxeig,ok,,0.001990554799954225,0.009952773999771125,0.002000499750010931,0.008001999000043725,0.0,0,,1203.8865823307344,0.0005806230000189316,1.996874999576903e-05,7.987499998307612e-05,3.141550004670535e-05,0.0001256620001868214,0.001836598250008592,0.007346393000034368,1.2732258610000144,0.0,0.0,0.0008899900000187699,0.0,6.150424999873394e-05,0.00024601699999493576,1.2723358709999957,,0.07606265399999756,0.14879020400007903,1.2764199980000512,0.2841180200000508,1.297889052999949,0.0,1.446679257000028,1.5227419110000255,1e-06,,v7_btab_boxeig
1225,expanded_box,topk,1225,,16384,0,"[17, 17]","[35, 35]",1225,topk,1225,,16384,80000,1225,cheap,30,0.01,,cupy,1.533089846219625e-11,5.806684134269653e-14,1280,546,546,,546,256,1225,0,5021696,6.249993072529602,62.49993072529602,0.001,boxeig,20000,group_a,50,diag,0.001,50,auto,boxeig,1,2,4.0036225392907676e-07,0,,,2,synthetic_true_func_2d_n30000000,False,NVIDIA L4,cheap,256,0,256,256,0,0,2,1225,,,,,,,1.533089846219625e-11,5.806684134269653e-14,,,,,1e-05,boxeig,29999999.999935064,True,,nan,0,0,,nan,0,0,0,0,False,1.0,SE,0.1,1.5,1.0,,76176,100000,btab_boxeig_topk_16384_q256,35,2,1,1000,30000000,cufinufft,binned_c1,50,1,4.0036225392907676e-07,pcg,converged,1,,True,0.1,0,0.0,0.0003280327178007157,0.02000692821849456,0,0.1,boxeig,ok,,0.0008569295000029342,0.0017138590000058684,0.0004687219999368608,0.0004687219999368608,0.0,0,,62.49993072529602,0.0005986689999417649,2.7371999976821826e-05,2.7371999976821826e-05,3.129699996406998e-05,3.129699996406998e-05,0.00030516000003899535,0.00030516000003899535,0.5165025019999803,0.0,0.0,0.000878274000001511,0.0,5.98599999648286e-05,5.98599999648286e-05,0.5156242279999788,,0.10203609000006963,0.14869780899994112,0.5175493019999067,0.27312157899996237,0.5209815470000194,0.0,0.6696793559999605,0.7717154460000302,1e-06,,v7_btab_boxeig
35721,,,,,,,,,,,,,,,,,,,,,,,,,,,,,,,,,,,,,group_a,,,,,,,969,970,9.296091532530819e-07,,,,2,synthetic_true_func_2d_n30000000,False,NVIDIA L4,,,,,,,,2,35721,,,,,,,,,0,0,,,1e-05,,,True,,,,,,,,,,,False,969.0,matern,0.1,1.5,1.0,,,100000,plain_cg,189,970,,1000,30000000,cufinufft,cufinufft,,,,,,,,True,0.1,0,,0.0003383668070641295,0.02000079814082904,0,,,ok,,0.000622029162887373,0.6033682880007518,,,,,,,,,,,,,,,,,,,,,,,,0.8940235939999184,,0.2747197920000417,1.0160917969999446,,1.9101166109999212,,1e-06,,v1
35721,,,,,,,,,,,,,,,,,,,,,,,,,,,,,,,,,,,,,group_a,,,,,,,233,234,9.668912575617755e-07,,,nan,2,synthetic_true_func_2d_n30000000,False,NVIDIA L4,,,,,,,,2,35721,98,3,nan,,28187.932123317543,0.0065009379265816665,,,5,482,0.0003933158573767951,0.18957824325561523,1e-05,,,True,[],,,,,,,,,,False,233.0,matern,0.1,1.5,1.0,nan,,100000,eigenpro_pcg_q90,189,234,233,1000,30000000,cufinufft,binned_c1,,,,,,,full_eigenpro,True,0.1,0,,0.00033662793597068126,0.020000929042585523,0,,,ok,,0.0006518265641044993,0.15252741600045283,0.0005972161158752964,0.13915135499894404,,,[],,,,,,,,,,,,,,,,,0.4755023779999874,,0.32111848400006693,0.0003064889999677689,0.27459512099994754,0.44156149100001585,,1.238488842000038,,1e-06,90,v3
35721,,,,,,,,,,,,,,,,,,,,,,,,,,,,,,,,,,,,,group_a,,,,,,,121,122,9.7717171859716e-07,,,nan,2,synthetic_true_func_2d_n30000000,False,NVIDIA L4,,,,,,,,2,35721,188,3,nan,,10210.742057957115,0.0023517023479346184,,,5,932,0.0004895126441005985,0.4562257843017578,1e-05,,,True,[],,,,,,,,,,False,121.0,matern,0.1,1.5,1.0,nan,,100000,eigenpro_pcg_q180,189,122,121,1000,30000000,cufinufft,binned_c1,,,,,,,full_eigenpro,True,0.1,0,,0.0003360982371314161,0.020000932814925782,0,,,ok,,0.000647203647538092,0.07895884499964723,0.0010504219421527297,0.1271010550004803,,,[],,,,,,,,,,,,,,,,,1.0395297509999182,,0.1997181350000119,0.00032056899999588495,0.27479673899995305,0.2862733490001119,,1.5258418040000379,,1e-06,180,v3
35721,expanded_box,topk,512,,512,0,"[12, 12]","[25, 25]",625,topk,512,,512,80000,625,cheap,30,0.01,,,,,,,,,,,,,,,,,inverse,20000,group_a,50,diag,0.001,50,auto,auto,282,283,8.710951701527788e-07,0,,,2,synthetic_true_func_2d_n30000000,False,NVIDIA L4,cheap,0,0,0,0,0,0,2,35721,,,,,,,,,,,,,1e-05,inverse,29999999.999961257,True,,nan,0,50,diag,0.001,0,0,0,6250000,False,282.0,matern,0.1,1.5,1.0,,0,100000,btab_auto_topk_512,189,283,282,1000,30000000,cufinufft,binned_c1,50,282,8.710951701527788e-07,pcg,converged,282,,True,0.1,0,39405.56171907305,0.0003473418444303794,0.020000498571787782,0,0.1,exact,ok,,0.0006433439116608819,0.18206632700002956,0.00027512654965026253,0.07758568700137403,13886723.370839199,35096,,,0.0016233310000188794,4.398032978096003e-05,0.012402452998230729,3.988649290943078e-05,0.011247991000459479,9.750784043025634e-05,0.02749721100133229,0.02395446399998491,0.008896932999959972,0.008635303000005479,0.0,0.006179306000035467,5.41822375907941e-05,0.015279391000603937,,,0.00034632299991699256,0.19884196500004236,0.026607006999938676,0.27345836099993903,0.45876226400002906,0.00024292199998399155,0.6576042290000714,0.6579505519999884,1e-06,,v6_btab
35721,expanded_box,topk,1024,,1024,0,"[18, 18]","[37, 37]",1369,topk,1024,,1024,80000,1369,cheap,30,0.01,,,,,,,,,,,,,,,,,inverse,20000,group_a,50,diag,0.001,50,auto,auto,253,254,9.246614051920464e-07,0,,,2,synthetic_true_func_2d_n30000000,False,NVIDIA L4,cheap,0,0,0,0,0,0,2,35721,,,,,,,,,,,,,1e-05,inverse,29999999.99996126,True,,nan,0,50,diag,0.001,0,0,0,29986576,False,253.0,matern,0.1,1.5,1.0,,0,100000,btab_auto_topk_1024,189,254,253,1000,30000000,cufinufft,binned_c1,50,253,9.246614051920464e-07,pcg,converged,253,,True,0.1,0,7204.5585500542375,0.0003488382037796213,0.0200005121874727,0,0.1,exact,ok,,0.000650973988185582,0.1653473929991378,0.0003124646956546698,0.07905356800063146,4777312.023860485,34352,,,0.001560409000035179,4.476196442518715e-05,0.01132477699957235,4.0675944664101344e-05,0.01029101400001764,0.00013249767984218317,0.033521913000072345,0.13527486900011354,0.04759562000003825,0.06482675300003393,0.0,0.02063576299997294,5.420479842020429e-05,0.013713814000311686,,,0.0003390059999901496,0.1991888839999092,0.13797178899994833,0.275459780999995,0.5389910950000285,0.002216733000068416,0.7381799789999377,0.7385189849999279,1e-06,,v6_btab
35721,expanded_box,topk,2048,,2048,0,"[25, 25]","[51, 51]",2601,topk,2048,,2048,80000,2601,cheap,30,0.01,,,,,,,,,,,,,,,,,inverse,20000,group_a,50,diag,0.001,50,auto,auto,146,147,9.777768527962157e-07,0,,,2,synthetic_true_func_2d_n30000000,False,NVIDIA L4,cheap,0,0,0,0,0,0,2,35721,,,,,,,,,,,,,1e-05,inverse,29999999.99996126,True,,nan,0,50,diag,0.001,0,0,0,108243216,False,146.0,matern,0.1,1.5,1.0,,0,100000,btab_auto_topk_2048,189,147,146,1000,30000000,cufinufft,binned_c1,50,146,9.777768527962157e-07,pcg,converged,146,,True,0.1,0,1636.4322720961084,0.00034909404085962947,0.02000052684287573,0,0.1,exact,ok,,0.0006426333333339324,0.09446710000008807,0.0008293134452040012,0.12107976299978418,1890633.506455327,33120,,,0.0017244279999886203,4.3258390402639034e-05,0.006315724998785299,4.406681507153324e-05,0.006433755000443853,0.0006483049794488978,0.09465252699953908,0.7160357060000706,0.21735072700005276,0.39894470700005513,0.0,0.09109908999994332,5.347993149601666e-05,0.007808069998418432,,,0.0003169640000351137,0.19832575500004168,0.7188410510000267,0.27443047899998874,1.0243045299999949,0.008641182000019398,1.2226302850000366,1.2229472490000717,1e-06,,v6_btab
35721,expanded_box,topk,4096,,4096,0,"[36, 36]","[73, 73]",5329,topk,4096,,4096,80000,5329,cheap,30,0.01,,,,,,,,,,,,,,,,,inverse,20000,group_a,50,diag,0.001,50,auto,auto,77,78,7.499651043183456e-07,0,,,2,synthetic_true_func_2d_n30000000,False,NVIDIA L4,cheap,0,0,0,0,0,0,2,35721,,,,,,,,,,,,,1e-05,inverse,29999999.99996126,True,,nan,0,50,diag,0.001,0,0,0,454371856,False,77.0,matern,0.1,1.5,1.0,,0,100000,btab_auto_topk_4096,189,78,77,1000,30000000,cufinufft,binned_c1,50,77,7.499651043183456e-07,pcg,converged,77,,True,0.1,0,295.1563251607136,0.0003470029419582657,0.02000050894795393,0,0.1,exact,ok,,0.0006452236410344389,0.05032744400068623,0.0021668975584476923,0.1668511120004723,637241.9552057745,30392,,,0.0018996410000227115,4.331948052556793e-05,0.0033356000004687303,4.604727272836298e-05,0.0035456400000839494,0.001983052441569389,0.15269503800084294,4.656046438999965,0.7803144470000234,3.24516526900004,0.0,0.5941036259999919,5.3004558444095514e-05,0.004081351000195355,,,0.0003248400000757101,0.1983529980000185,4.659114385999942,0.276822290000041,4.92383138799994,0.036463096999909794,5.122184385999958,5.122509226000034,1e-06,,v6_btab
35721,expanded_box,topk,1024,,1024,0,"[18, 18]","[37, 37]",1369,topk,1024,,1024,80000,1369,cheap,30,0.01,,cupy,4.710382671381909e-15,9.999404522462137e-16,320,162,162,,162,64,1369,34352,1402880,75408.70112856367,754087.0112856367,0.001,boxeig,20000,group_a,50,diag,0.001,50,auto,boxeig,369,370,7.018646047088187e-07,0,,,2,synthetic_true_func_2d_n30000000,False,NVIDIA L4,cheap,64,0,64,64,0,0,2,35721,,,,,,,4.710382671381909e-15,9.999404522462137e-16,,,,,1e-05,boxeig,29999999.99996126,True,,nan,0,0,,nan,0,0,0,0,False,369.0,matern,0.1,1.5,1.0,,85264,100000,btab_boxeig_topk_1024_q64,189,370,369,1000,30000000,cufinufft,binned_c1,50,369,7.018646047088187e-07,pcg,converged,369,,True,0.1,0,7204.5585500542375,0.00034803597436065266,0.02000052312373155,0,0.1,boxeig,ok,,0.0006515602891906039,0.24107730700052343,0.00041818943089687885,0.1543119000009483,4777312.023860485,34352,,754087.0112856367,0.0015774849999843354,4.4306417345589415e-05,0.016349068000522493,3.668488888859448e-05,0.013536723999891365,0.00024366104877834567,0.08991092699920955,0.1747199459998683,0.0,0.0,0.04917441299994607,0.0,5.456512466139121e-05,0.020134531000053357,0.12554553299992222,,0.026315906000036193,0.19836046600005375,0.1767281219999859,0.27632756499997413,0.7985675329999822,0.0,0.9969279990000359,1.0232439050000721,1e-06,,v7_btab_boxeig
35721,expanded_box,topk,1024,,1024,0,"[18, 18]","[37, 37]",1369,topk,1024,,1024,80000,1369,cheap,30,0.01,,cupy,1.3377077453100053e-14,1.3642299711360612e-15,640,290,290,,290,128,1369,34352,2805760,20736.441176244512,207364.41176244512,0.001,boxeig,20000,group_a,50,diag,0.001,50,auto,boxeig,256,257,9.654848006311465e-07,0,,,2,synthetic_true_func_2d_n30000000,False,NVIDIA L4,cheap,128,0,128,128,0,0,2,35721,,,,,,,1.3377077453100053e-14,1.3642299711360612e-15,,,,,1e-05,boxeig,29999999.99996126,True,,nan,0,0,,nan,0,0,0,0,False,256.0,matern,0.1,1.5,1.0,,85264,100000,btab_boxeig_topk_1024_q128,189,257,256,1000,30000000,cufinufft,binned_c1,50,256,9.654848006311465e-07,pcg,converged,256,,True,0.1,0,7204.5585500542375,0.00034719375075094875,0.020000511967386312,0,0.1,boxeig,ok,,0.0006770708132305192,0.17400719900024342,0.00042177917187569136,0.10797546800017699,4777312.023860485,34352,,207364.41176244512,0.0015871419999484715,4.554732421979679e-05,0.011660115000267979,3.732028906000551e-05,0.00955399399936141,0.0002424218828132041,0.06206000200018025,0.8629208039999412,0.0,0.0,0.0010259370000085255,0.0,5.57781015606551e-05,0.014279193999527706,0.8618948669999327,,0.05062181899995721,0.19847892500001763,0.8649999849999404,0.2746848350000164,1.3096135140000342,0.0,1.5080924390000519,1.558714258000009,1e-06,,v7_btab_boxeig
35721,expanded_box,topk,2048,,2048,0,"[25, 25]","[51, 51]",2601,topk,2048,,2048,80000,2601,cheap,30,0.01,,cupy,5.843840051824458e-15,1.1067969920712856e-15,320,162,162,,162,64,2601,33120,2664448,75423.87381182241,754238.7381182241,0.001,boxeig,20000,group_a,50,diag,0.001,50,auto,boxeig,294,295,9.587710380154958e-07,0,,,2,synthetic_true_func_2d_n30000000,False,NVIDIA L4,cheap,64,0,64,64,0,0,2,35721,,,,,,,5.843840051824458e-15,1.1067969920712856e-15,,,,,1e-05,boxeig,29999999.999961257,True,,nan,0,0,,nan,0,0,0,0,False,294.0,matern,0.1,1.5,1.0,,163216,100000,btab_boxeig_topk_2048_q64,189,295,294,1000,30000000,cufinufft,binned_c1,50,294,9.587710380154958e-07,pcg,converged,294,,True,0.1,0,1636.4322720961081,0.0003548627805324027,0.020000604246501158,0,0.1,boxeig,ok,,0.0006563136813580151,0.19361253600061445,0.0004250169421744604,0.12495498099929137,1890633.506455327,33120,,754238.7381182241,0.0017073669999945196,4.480731973048592e-05,0.013173352000762861,3.701272788896481e-05,0.010881741999355654,0.0002482198877567121,0.07297664700047335,0.1780856310000445,0.0,0.0,0.04943438500004049,0.0,5.513670748421052e-05,0.016210192000357893,0.128651246000004,,0.026274685999965186,0.1988453720000507,0.18020916000000398,0.274392693999971,0.681423380999945,0.0,0.8802687529999957,0.9065434389999609,1e-06,,v7_btab_boxeig
35721,expanded_box,topk,2048,,2048,0,"[25, 25]","[51, 51]",2601,topk,2048,,2048,80000,2601,cheap,30,0.01,,cupy,1.0276422023684061e-14,1.2491633184433802e-15,640,290,290,,290,128,2601,33120,5328896,20759.83432671952,207598.3432671952,0.001,boxeig,20000,group_a,50,diag,0.001,50,auto,boxeig,169,170,9.366215923174912e-07,0,,,2,synthetic_true_func_2d_n30000000,False,NVIDIA L4,cheap,128,0,128,128,0,0,2,35721,,,,,,,1.0276422023684061e-14,1.2491633184433802e-15,,,,,1e-05,boxeig,29999999.99996126,True,,nan,0,0,,nan,0,0,0,0,False,169.0,matern,0.1,1.5,1.0,,163216,100000,btab_boxeig_topk_2048_q128,189,170,169,1000,30000000,cufinufft,binned_c1,50,169,9.366215923174912e-07,pcg,converged,169,,True,0.1,0,1636.4322720961084,0.0003531334826225306,0.02000058702416667,0,0.1,boxeig,ok,,0.0006793398352944196,0.11548777200005134,0.000450462917156854,0.07612823299950833,1890633.506455327,33120,,207598.3432671952,0.001714536000008593,4.577128993870898e-05,0.007735347999641817,3.753686981988549e-05,0.006343730999560648,0.0002688895266266315,0.04544232999990072,0.2432125539999106,0.0,0.0,0.0010030649999634988,0.0,5.714445562340005e-05,0.009657413000354609,0.2422094889999471,,0.05115643299996009,0.19850338699995973,0.24536114900001849,0.27524154399998224,0.5460478510000257,0.0,0.7445512379999855,0.7957076709999455,1e-06,,v7_btab_boxeig
35721,expanded_box,topk,2048,,2048,0,"[25, 25]","[51, 51]",2601,topk,2048,,2048,80000,2601,cheap,30,0.01,,cupy,4.117724873218236e-14,1.9926835368995984e-15,960,418,418,,418,192,2601,33120,7993344,8944.225489729013,89442.25489729013,0.001,boxeig,20000,group_a,50,diag,0.001,50,auto,boxeig,141,142,9.696595728355403e-07,0,,,2,synthetic_true_func_2d_n30000000,False,NVIDIA L4,cheap,192,0,192,192,0,0,2,35721,,,,,,,4.117724873218236e-14,1.9926835368995984e-15,,,,,1e-05,boxeig,29999999.99996126,True,,nan,0,0,,nan,0,0,0,0,False,141.0,matern,0.1,1.5,1.0,,163216,100000,btab_boxeig_topk_2048_q192,189,142,141,1000,30000000,cufinufft,binned_c1,50,141,9.696595728355403e-07,pcg,converged,141,,True,0.1,0,1636.4322720961084,0.00034989267133758115,0.02000054426790516,0,0.1,boxeig,ok,,0.0006859241126689162,0.0974012239989861,0.00045702341134745065,0.06444030099999054,1890633.506455327,33120,,89442.25489729013,0.0017001059999302015,4.743966666029846e-05,0.0066889929991020836,4.0230631205478394e-05,0.0056725189999724535,0.0002711926808528238,0.03823816800024815,0.3637490149999394,0.0,0.0,0.0010405169999785358,0.0,5.713068084661883e-05,0.008055425999373256,0.36270849799996085,,0.07538577900004384,0.19840620799993758,0.3659054690000403,0.2758060479999358,0.6188388090000672,0.0,0.8172450170000047,0.8926307960000486,1e-06,,v7_btab_boxeig
35721,expanded_box,topk,4096,,4096,0,"[36, 36]","[73, 73]",5329,topk,4096,,4096,80000,5329,cheap,30,0.01,,cupy,1.3351645362574618e-14,1.639753910688187e-15,640,290,290,,290,128,5329,30392,10915840,20762.586806567782,207625.86806567782,0.001,boxeig,20000,group_a,50,diag,0.001,50,auto,boxeig,136,137,8.851868673629142e-07,0,,,2,synthetic_true_func_2d_n30000000,False,NVIDIA L4,cheap,128,0,128,128,0,0,2,35721,,,,,,,1.3351645362574618e-14,1.639753910688187e-15,,,,,1e-05,boxeig,29999999.999961257,True,,nan,0,0,,nan,0,0,0,0,False,136.0,matern,0.1,1.5,1.0,,336400,100000,btab_boxeig_topk_4096_q128,189,137,136,1000,30000000,cufinufft,binned_c1,50,136,8.851868673629142e-07,pcg,converged,136,,True,0.1,0,295.15632516071355,0.0003498618234408046,0.02000061406615374,0,0.1,boxeig,ok,,0.0006915987226248235,0.0947490249996008,0.00045562127205635213,0.06196449299966389,637241.9552057744,30392,,207625.86806567782,0.0019053529999837338,4.707289705867665e-05,0.0064019139999800245,3.851244117423475e-05,0.005237691999695926,0.00027177717646509336,0.0369616959992527,0.2528554920000943,0.0,0.0,0.0017330870000478171,0.0,5.750606617696389e-05,0.007820825000067089,0.25112240500004646,,0.05288741399999708,0.19849254999996901,0.2552185490000056,0.2745038049999948,0.5001711080000177,0.0,0.6986636579999868,0.7515510719999838,1e-06,,v7_btab_boxeig
35721,expanded_box,topk,4096,,4096,0,"[36, 36]","[73, 73]",5329,topk,4096,,4096,80000,5329,cheap,30,0.01,,cupy,3.052459894086393e-14,2.2126726655603062e-15,960,418,418,,418,192,5329,30392,16373760,8947.113544134467,89471.13544134467,0.001,boxeig,20000,group_a,50,diag,0.001,50,auto,boxeig,101,102,9.221030543983485e-07,0,,,2,synthetic_true_func_2d_n30000000,False,NVIDIA L4,cheap,192,0,192,192,0,0,2,35721,,,,,,,3.052459894086393e-14,2.2126726655603062e-15,,,,,1e-05,boxeig,29999999.99996126,True,,nan,0,0,,nan,0,0,0,0,False,101.0,matern,0.1,1.5,1.0,,336400,100000,btab_boxeig_topk_4096_q192,189,102,101,1000,30000000,cufinufft,binned_c1,50,101,9.221030543983485e-07,pcg,converged,101,,True,0.1,0,295.1563251607136,0.00034852117135926306,0.020000581770631628,0,0.1,boxeig,ok,,0.0007064436078394465,0.07205724799962354,0.0004719085148490374,0.04766275999975278,637241.9552057745,30392,,89471.13544134467,0.0019125009999925169,4.867763366314423e-05,0.004916440999977567,3.9249732679147004e-05,0.003964223000593847,0.0002813608217829734,0.02841744300008031,0.37942167500000323,0.0,0.0,0.0010629949999838573,0.0,5.909661385682946e-05,0.0059687579995397755,0.3783586800000194,,0.07937129899994488,0.19861106900009418,0.381852331999994,0.2758268050000652,0.5685672369999111,0.0,0.7671783060000053,0.8465496049999501,1e-06,,v7_btab_boxeig
35721,expanded_box,topk,4096,,4096,0,"[36, 36]","[73, 73]",5329,topk,4096,,4096,80000,5329,cheap,30,0.01,,cupy,7.022653814973249e-14,2.741503020669557e-15,1280,546,546,,546,256,5329,30392,21831680,4505.536323364419,45055.36323364419,0.001,boxeig,20000,group_a,50,diag,0.001,50,auto,boxeig,92,93,8.86596859481138e-07,0,,,2,synthetic_true_func_2d_n30000000,False,NVIDIA L4,cheap,256,0,256,256,0,0,2,35721,,,,,,,7.022653814973249e-14,2.741503020669557e-15,,,,,1e-05,boxeig,29999999.999961257,True,,nan,0,0,,nan,0,0,0,0,False,92.0,matern,0.1,1.5,1.0,,336400,100000,btab_boxeig_topk_4096_q256,189,93,92,1000,30000000,cufinufft,binned_c1,50,92,8.86596859481138e-07,pcg,converged,92,,True,0.1,0,295.15632516071355,0.00034792089091334954,0.020000546713319495,0,0.1,boxeig,ok,,0.0007145773978473083,0.06645569799979967,0.0005029926304340062,0.046275321999928565,637241.9552057744,30392,,45055.36323364419,0.0019281579999415044,4.817075000079532e-05,0.00443170900007317,4.0405336961938424e-05,0.003717291000498335,0.00031271257607989395,0.028769556999350243,1.5399460260000524,0.0,0.0,0.001077588000043761,0.0,5.979601086481956e-05,0.005501232999563399,1.5388684380000086,,0.10533894100001362,0.19978037399994264,1.5423858249999967,0.2763088389999666,1.7175301700000318,0.0,1.9173105439999745,2.022649484999988,1e-06,,v7_btab_boxeig
35721,expanded_box,topk,8192,,8192,0,"[51, 51]","[103, 103]",10609,topk,8192,,8192,80000,10609,cheap,30,0.01,,cupy,1.1205569406131396e-14,1.5825721665270407e-15,640,290,290,,290,128,10609,25112,21729280,20762.97707062582,207629.7707062582,0.001,boxeig,20000,group_a,50,diag,0.001,50,auto,boxeig,183,184,9.9560591989355e-07,0,,,2,synthetic_true_func_2d_n30000000,False,NVIDIA L4,cheap,128,0,128,128,0,0,2,35721,,,,,,,1.1205569406131396e-14,1.5825721665270407e-15,,,,,1e-05,boxeig,29999999.99996126,True,,nan,0,0,,nan,0,0,0,0,False,183.0,matern,0.1,1.5,1.0,,672400,100000,btab_boxeig_topk_8192_q128,189,184,183,1000,30000000,cufinufft,binned_c1,50,183,9.9560591989355e-07,pcg,converged,183,,True,0.1,0,55.20104949435302,0.00035414501021080723,0.020000620448618174,0,0.1,boxeig,ok,,0.0006693757065159675,0.12316512999893803,0.00043841841530441644,0.08023057000070821,204445.1452660237,25112,,207629.7707062582,0.002295512000046074,4.606274317373023e-05,0.008429482000792632,3.8035366115575334e-05,0.006960471999150286,0.0002575715519075802,0.04713559399908718,0.28680399000006673,0.0,0.0,0.001681321999967622,0.0,5.5967978145507335e-05,0.010242140000627842,0.2851226680000991,,0.05317267000009451,0.1988084939999908,0.2896572820000074,0.2758281100000204,0.6090332369999487,0.0,0.8078417309999395,0.861014401000034,1e-06,,v7_btab_boxeig
35721,expanded_box,topk,8192,,8192,0,"[51, 51]","[103, 103]",10609,topk,8192,,8192,80000,10609,cheap,30,0.01,,cupy,2.059434064250281e-14,2.1882953272294153e-15,960,418,418,,418,192,10609,25112,32593920,8947.523684330741,89475.2368433074,0.001,boxeig,20000,group_a,50,diag,0.001,50,auto,boxeig,122,123,8.783643956689765e-07,0,,,2,synthetic_true_func_2d_n30000000,False,NVIDIA L4,cheap,192,0,192,192,0,0,2,35721,,,,,,,2.059434064250281e-14,2.1882953272294153e-15,,,,,1e-05,boxeig,29999999.99996126,True,,nan,0,0,,nan,0,0,0,0,False,122.0,matern,0.1,1.5,1.0,,672400,100000,btab_boxeig_topk_8192_q192,189,123,122,1000,30000000,cufinufft,binned_c1,50,122,8.783643956689765e-07,pcg,converged,122,,True,0.1,0,55.20104949435302,0.00035380408832016004,0.020000622289997803,0,0.1,boxeig,ok,,0.0006825041056884853,0.08394800499968369,0.0006330722950777823,0.07723481999948945,204445.1452660237,25112,,89475.2368433074,0.0022851180000316162,4.6319868851778815e-05,0.005651023999917015,4.076588524666193e-05,0.004973438000092756,0.00044687142622396855,0.054518313999324164,0.3990360369999735,0.0,0.0,0.001062932999957411,0.0,5.747008196883636e-05,0.0070113500001980356,0.39797310400001606,,0.07921428500003458,0.19800044399994476,0.4020165499999848,0.27456813999992846,0.6425050000000283,0.0,0.8405054439999731,0.9197197290000076,1e-06,,v7_btab_boxeig
35721,expanded_box,topk,8192,,8192,0,"[51, 51]","[103, 103]",10609,topk,8192,,8192,80000,10609,cheap,30,0.01,,cupy,3.489875830251526e-14,2.8880565377075908e-15,1280,546,546,,546,256,10609,25112,43458560,4505.908715207561,45059.087152075605,0.001,boxeig,20000,group_a,50,diag,0.001,50,auto,boxeig,90,91,8.442995005086117e-07,0,,,2,synthetic_true_func_2d_n30000000,False,NVIDIA L4,cheap,256,0,256,256,0,0,2,35721,,,,,,,3.489875830251526e-14,2.8880565377075908e-15,,,,,1e-05,boxeig,29999999.999961257,True,,nan,0,0,,nan,0,0,0,0,False,90.0,matern,0.1,1.5,1.0,,672400,100000,btab_boxeig_topk_8192_q256,189,91,90,1000,30000000,cufinufft,binned_c1,50,90,8.442995005086117e-07,pcg,converged,90,,True,0.1,0,55.201049494353015,0.00035438614935207573,0.02000061300134588,0,0.1,boxeig,ok,,0.0006904715164824705,0.06283290799990482,0.0007308254555583618,0.06577429100025256,204445.14526602367,25112,,45059.087152075605,0.0022941160000300442,4.632713334129019e-05,0.004169442000716117,4.237197778770173e-05,0.0038134780008931557,0.0005413147777858285,0.04871833000072456,0.529681193999977,0.0,0.0,0.0010684730000320997,0.0,5.8169633330685935e-05,0.005235266999761734,0.5286127209999449,,0.106084305999957,0.20081346199992822,0.532791475999943,0.2745360509999273,0.7213528340000721,0.0,0.9221662960000003,1.0282506019999573,1e-06,,v7_btab_boxeig
35721,expanded_box,topk,16384,,16384,0,"[72, 72]","[145, 145]",21025,topk,16384,,16384,80000,21025,cheap,30,0.01,,cupy,1.0380893948951085e-14,1.2307714438535682e-15,640,290,290,,290,128,21025,14696,43061248,20763.029046194973,207630.2904619497,0.001,boxeig,20000,group_a,50,diag,0.001,50,auto,boxeig,183,184,9.488075410907935e-07,0,,,2,synthetic_true_func_2d_n30000000,False,NVIDIA L4,cheap,128,0,128,128,0,0,2,35721,,,,,,,1.0380893948951085e-14,1.2307714438535682e-15,,,,,1e-05,boxeig,29999999.999961257,True,,nan,0,0,,nan,0,0,0,0,False,183.0,matern,0.1,1.5,1.0,,1336336,100000,btab_boxeig_topk_16384_q128,189,184,183,1000,30000000,cufinufft,binned_c1,50,183,9.488075410907935e-07,pcg,converged,183,,True,0.1,0,10.254141230310388,0.00034109272179117986,0.020000805747121854,0,0.1,boxeig,ok,,0.0006660745054349688,0.12255770900003427,0.0007127032185770305,0.13042468899959658,48256.93027999156,14696,,207630.2904619497,0.0031220549999488867,4.5289721305991525e-05,0.00828801899899645,4.10642240431464e-05,0.007514752999895791,0.0005298622786857196,0.09696479699948668,0.45478773600007116,0.0,0.0,0.14891154300005383,0.0,5.581235519417791e-05,0.010213661000534557,0.30587619300001734,,0.05235907300004783,0.19798585199998797,0.45871820799993657,0.27468545300007463,0.82894364699996,0.0,1.026929498999948,1.0792885719999958,1e-06,,v7_btab_boxeig
35721,expanded_box,topk,16384,,16384,0,"[72, 72]","[145, 145]",21025,topk,16384,,16384,80000,21025,cheap,30,0.01,,cupy,5.544432781310771e-14,1.8396698301350295e-15,960,418,418,,418,192,21025,14696,64591872,8947.578201963186,89475.78201963185,0.001,boxeig,20000,group_a,50,diag,0.001,50,auto,boxeig,116,117,9.125521792793337e-07,0,,,2,synthetic_true_func_2d_n30000000,False,NVIDIA L4,cheap,192,0,192,192,0,0,2,35721,,,,,,,5.544432781310771e-14,1.8396698301350295e-15,,,,,1e-05,boxeig,29999999.99996126,True,,nan,0,0,,nan,0,0,0,0,False,116.0,matern,0.1,1.5,1.0,,1336336,100000,btab_boxeig_topk_16384_q192,189,117,116,1000,30000000,cufinufft,binned_c1,50,116,9.125521792793337e-07,pcg,converged,116,,True,0.1,0,10.254141230310388,0.00033968133024884047,0.020000846300056534,0,0.1,boxeig,ok,,0.0006710550000008927,0.07851343500010444,0.0009020099568964458,0.10463315499998771,48256.93027999157,14696,,89475.78201963185,0.0030449099999714235,4.496620690215893e-05,0.005216080000650436,4.1852810339009766e-05,0.004854925999325133,0.0007185050431011295,0.08334658499973102,0.4962255159999813,0.0,0.0,0.0011111689999552254,0.0,5.566413792503854e-05,0.00645703999930447,0.4951143470000261,,0.07806626299998243,0.1988548729999593,0.5002840769999466,0.27492553600006886,0.7577626610000152,0.0,0.9566175339999745,1.034683796999957,1e-06,,v7_btab_boxeig
35721,expanded_box,topk,16384,,16384,0,"[72, 72]","[145, 145]",21025,topk,16384,,16384,80000,21025,cheap,30,0.01,,cupy,3.492973491048835e-14,2.6930295796681487e-15,1280,546,546,,546,256,21025,14696,86122496,4505.957800820121,45059.578008201206,0.001,boxeig,20000,group_a,50,diag,0.001,50,auto,boxeig,75,76,9.589466996488064e-07,0,,,2,synthetic_true_func_2d_n30000000,False,NVIDIA L4,cheap,256,0,256,256,0,0,2,35721,,,,,,,3.492973491048835e-14,2.6930295796681487e-15,,,,,1e-05,boxeig,29999999.99996126,True,,nan,0,0,,nan,0,0,0,0,False,75.0,matern,0.1,1.5,1.0,,1336336,100000,btab_boxeig_topk_16384_q256,189,76,75,1000,30000000,cufinufft,binned_c1,50,75,9.589466996488064e-07,pcg,converged,75,,True,0.1,0,10.254141230310388,0.00034025296066632793,0.02000094784324205,0,0.1,boxeig,ok,,0.0006719240131683603,0.051066225000795384,0.0011314084666673807,0.08485563500005355,48256.93027999157,14696,,45059.578008201206,0.00314631300000201,4.6445133330053066e-05,0.00348338499975398,4.6296839991555315e-05,0.0034722629993666487,0.0009376791999936055,0.07032593999952041,1.9971573689999786,0.0,0.0,0.001154908999978943,0.0,5.8470813335892065e-05,0.004385311000191905,1.9960024599999997,,0.10199968900008116,0.19958903599990663,2.0015293650000103,0.27407522400005746,2.1864500440000256,0.0,2.3860390799999323,2.4880387690000134,1e-06,,v7_btab_boxeig
1225,,,,,,,,,,,,,,,,,,,,,,,,,,,,,,,,,,,,,group_a,,,,,,,490,491,8.574002426409319e-07,,,,2,synthetic_true_func_2d_n10000000,False,NVIDIA L4,,,,,,,,2,1225,,,,,,,,,0,0,,,1e-05,,,True,,,,,,,,,,,False,490.0,SE,0.1,1.5,1.0,,,100000,plain_cg,35,491,,1000,10000000,cufinufft,cufinufft,,,,,,,,True,0.1,0,,0.00017891627369306625,0.020005552940423568,0,,,ok,,0.0006036587657832818,0.29639645399959136,,,,,,,,,,,,,,,,,,,,,,,,0.25786766299995634,,0.09299478799994176,0.5025123020000137,,0.7603805480000574,,1e-06,,v1
1225,,,,,,,,,,,,,,,,,,,,,,,,,,,,,,,,,,,,,group_a,,,,,,,95,96,8.355923535130347e-07,,,nan,2,synthetic_true_func_2d_n10000000,False,NVIDIA L4,,,,,,,,2,1225,98,3,nan,,1304.1282180583466,0.0007797741694882041,,,5,482,0.0005594267231794808,0.26964368057250976,1e-05,,,True,[],,,,,,,,,,False,95.0,SE,0.1,1.5,1.0,nan,,100000,eigenpro_pcg_q90,35,96,95,1000,10000000,cufinufft,binned_c1,,,,,,,full_eigenpro,True,0.1,0,,0.0003519900653315898,0.02000806631357662,0,,,ok,,0.0006199789374979522,0.059517977999803406,0.00015518451578396995,0.014742528999477145,,,[],,,,,,,,,,,,,,,,,0.2921279700000241,,0.06015477400001146,0.00028178499997011386,0.09308307200001309,0.13178588899995702,,0.4843504179999627,,1e-06,90,v3
1225,,,,,,,,,,,,,,,,,,,,,,,,,,,,,,,,,,,,,group_a,,,,,,,9,10,9.339985419868156e-07,,,nan,2,synthetic_true_func_2d_n10000000,False,NVIDIA L4,,,,,,,,2,1225,188,3,nan,,22.258714516700344,1.3308553279258673e-05,,,5,932,0.0005601170093716471,0.522029052734375,1e-05,,,True,[],,,,,,,,,,False,9.0,SE,0.1,1.5,1.0,nan,,100000,eigenpro_pcg_q180,35,10,9,1000,10000000,cufinufft,binned_c1,,,,,,,full_eigenpro,True,0.1,0,,0.0003664211186383317,0.020008325270022675,0,,,ok,,0.0006177772000000914,0.006177772000000914,0.0001582922221940761,0.001424629999746685,,,[],,,,,,,,,,,,,,,,,0.5623944719999372,,0.061472718000004534,0.00029063900001347065,0.09292438600004971,0.01345536999997421,,0.6376131989999294,,1e-06,180,v3
1225,expanded_box,topk,512,,512,0,"[12, 12]","[25, 25]",625,topk,512,,512,80000,625,cheap,30,0.01,,,,,,,,,,,,,,,,,inverse,20000,group_a,50,diag,0.001,50,auto,auto,18,19,6.388114567985093e-07,0,,,2,synthetic_true_func_2d_n10000000,False,NVIDIA L4,cheap,0,0,0,0,0,0,2,1225,,,,,,,,,,,,,1e-05,inverse,9999999.99997839,True,,nan,0,50,diag,0.001,0,0,0,6250000,False,18.0,SE,0.1,1.5,1.0,,0,100000,btab_auto_topk_512,35,19,18,1000,10000000,cufinufft,binned_c1,50,18,6.388114567985093e-07,pcg,converged,18,,True,0.1,0,8.29312041385632,0.00035470129924296143,0.020008172711366345,0,0.1,exact,ok,,0.0006286644736818696,0.011944624999955522,0.00027028638888598126,0.004865154999947663,248.37596966546403,600,,,0.0005120649999525995,4.2282444458881706e-05,0.0007610840002598707,4.036361110593134e-05,0.0007265449999067641,9.781205557146677e-05,0.0017606170002864019,0.023894292000022688,0.008865700999990622,0.00861928100005116,0.0,0.0061733259999527945,5.2171888878799815e-05,0.0009390939998183967,,,0.00012262900008863653,0.06169658600003913,0.02526617700004863,0.09347535999995671,0.053235713000049145,0.00023598400002811104,0.11493229900008828,0.11505492800017691,1e-06,,v6_btab
1225,expanded_box,topk,1024,,1024,0,"[17, 17]","[35, 35]",1225,topk,1024,,1024,80000,1225,cheap,30,0.01,,,,,,,,,,,,,,,,,inverse,20000,group_a,50,diag,0.001,50,auto,auto,3,4,1.9485360542101146e-07,0,,,2,synthetic_true_func_2d_n10000000,False,NVIDIA L4,cheap,0,0,0,0,0,0,2,1225,,,,,,,,,,,,,1e-05,inverse,9999999.99997839,True,,nan,0,50,diag,0.001,0,0,0,24010000,False,3.0,SE,0.1,1.5,1.0,,0,100000,btab_auto_topk_1024,35,4,3,1000,10000000,cufinufft,binned_c1,50,3,1.9485360542101146e-07,pcg,converged,3,,True,0.1,0,0.0,0.0003545022328018809,0.020008162139708286,0,0.1,exact,ok,,0.0007040877500230636,0.0028163510000922543,0.0002768846666943621,0.0008306540000830864,0.0,0,,,0.0005469609999408931,1.623833334936838e-05,4.871500004810514e-05,3.17903333476958e-05,9.53710000430874e-05,0.00013101233332690754,0.0003930369999807226,0.11015527500001099,0.037172529999907056,0.05319554700008666,0.0,0.01821556300001248,5.366433337409641e-05,0.00016099300012228923,,,4.415400007928838e-05,0.05947666500003379,0.11155900500000371,0.0931100839999317,0.11755890400002045,0.0015716350000047896,0.17703556900005424,0.17707972300013353,1e-06,,v6_btab
1225,expanded_box,topk,1225,,2048,0,"[17, 17]","[35, 35]",1225,topk,1225,,2048,80000,1225,cheap,30,0.01,,,,,,,,,,,,,,,,,inverse,20000,group_a,50,diag,0.001,50,auto,auto,3,4,1.9485361222197105e-07,0,,,2,synthetic_true_func_2d_n10000000,False,NVIDIA L4,cheap,0,0,0,0,0,0,2,1225,,,,,,,,,,,,,1e-05,inverse,9999999.99997839,True,,nan,0,50,diag,0.001,0,0,0,24010000,False,3.0,SE,0.1,1.5,1.0,,0,100000,btab_auto_topk_2048,35,4,3,1000,10000000,cufinufft,binned_c1,50,3,1.9485361222197105e-07,pcg,converged,3,,True,0.1,0,0.0,0.0003545022327944039,0.020008162139708168,0,0.1,exact,ok,,0.0006933632499510622,0.002773452999804249,0.0002760253333538761,0.0008280760000616283,0.0,0,,,0.0005575829999315829,1.646699994732141e-05,4.940099984196422e-05,3.5611333373708476e-05,0.00010683400012112543,0.00012808200002230782,0.00038424600006692344,0.10822800999994797,0.0352650669999548,0.053196470999978374,0.0,0.018200164000063523,5.234733339420927e-05,0.00015704200018262782,,,3.999599994131131e-05,0.05979714400007197,0.10965245700003834,0.09400637200008077,0.11560202499993011,0.0015663079999512775,0.17539916900000208,0.1754391649999434,1e-06,,v6_btab
1225,expanded_box,topk,1225,,4096,0,"[17, 17]","[35, 35]",1225,topk,1225,,4096,80000,1225,cheap,30,0.01,,,,,,,,,,,,,,,,,inverse,20000,group_a,50,diag,0.001,50,auto,auto,3,4,1.948536084403924e-07,0,,,2,synthetic_true_func_2d_n10000000,False,NVIDIA L4,cheap,0,0,0,0,0,0,2,1225,,,,,,,,,,,,,1e-05,inverse,9999999.99997839,True,,nan,0,50,diag,0.001,0,0,0,24010000,False,3.0,SE,0.1,1.5,1.0,,0,100000,btab_auto_topk_4096,35,4,3,1000,10000000,cufinufft,binned_c1,50,3,1.948536084403924e-07,pcg,converged,3,,True,0.1,0,0.0,0.00035450223280510167,0.020008162139708352,0,0.1,exact,ok,,0.0007083207499931632,0.0028332829999726528,0.00027583700000377576,0.0008275110000113273,0.0,0,,,0.0005700969999224981,1.6349333350262896e-05,4.904800005078869e-05,3.1215999949078345e-05,9.364799984723504e-05,0.00013411033330612554,0.0004023309999183766,0.10777899900006105,0.034786473000053775,0.0532059910000271,0.0,0.018204351999997925,5.085866666831862e-05,0.00015257600000495586,,,4.234200002883881e-05,0.05932184599998891,0.10923380300005192,0.09371950800004925,0.11519966100001966,0.0015821829999822512,0.17452150700000857,0.1745638490000374,1e-06,,v6_btab
1225,expanded_box,topk,1024,,1024,0,"[17, 17]","[35, 35]",1225,topk,1024,,1024,80000,1225,cheap,30,0.01,,cupy,7.941991588368981e-15,1.0686262408166951e-15,320,162,162,,162,64,1225,0,1255424,15048.652938134264,150486.52938134264,0.001,boxeig,20000,group_a,50,diag,0.001,50,auto,boxeig,147,148,9.597858662145415e-07,0,,,2,synthetic_true_func_2d_n10000000,False,NVIDIA L4,cheap,64,0,64,64,0,0,2,1225,,,,,,,7.941991588368981e-15,1.0686262408166951e-15,,,,,1e-05,boxeig,9999999.99997839,True,,nan,0,0,,nan,0,0,0,0,False,147.0,SE,0.1,1.5,1.0,,76176,100000,btab_boxeig_topk_1024_q64,35,148,147,1000,10000000,cufinufft,binned_c1,50,147,9.597858662145415e-07,pcg,converged,147,,True,0.1,0,0.0,0.0003532439765086673,0.020008087520870084,0,0.1,boxeig,ok,,0.0006578624054104755,0.09736363600075038,0.0003916931700664494,0.057578895999768065,0.0,0,,150486.52938134264,0.000549662000025819,1.7244816327164e-05,0.002534988000093108,2.810220408783997e-05,0.0041310240009124755,0.00025219685713547154,0.03707293799891431,0.13184845399996448,0.0,0.0,0.0008578309999620615,0.0,5.543084353585258e-05,0.00814833399977033,0.13099062300000242,,0.02658792199997606,0.05920810800000709,0.13277921000008064,0.09385579900003904,0.3810302509999701,0.0,0.4402383589999772,0.46682628099995327,1e-06,,v7_btab_boxeig
1225,expanded_box,topk,1024,,1024,0,"[17, 17]","[35, 35]",1225,topk,1024,,1024,80000,1225,cheap,30,0.01,,cupy,2.1534387597895698e-13,3.345640414289295e-15,640,290,290,,290,128,1225,0,2510848,708.3609495523058,7083.609495523057,0.001,boxeig,20000,group_a,50,diag,0.001,50,auto,boxeig,32,33,9.928996527839225e-07,0,,,2,synthetic_true_func_2d_n10000000,False,NVIDIA L4,cheap,128,0,128,128,0,0,2,1225,,,,,,,2.1534387597895698e-13,3.345640414289295e-15,,,,,1e-05,boxeig,9999999.99997839,True,,nan,0,0,,nan,0,0,0,0,False,32.0,SE,0.1,1.5,1.0,,76176,100000,btab_boxeig_topk_1024_q128,35,33,32,1000,10000000,cufinufft,binned_c1,50,32,9.928996527839225e-07,pcg,converged,32,,True,0.1,0,0.0,0.00035190844559652583,0.02000797761792598,0,0.1,boxeig,ok,,0.0007453812424335575,0.0245975810003074,0.0004243505312473417,0.013579216999914934,0.0,0,,7083.609495523057,0.0005517969999573324,1.9508468760420783e-05,0.000624271000333465,3.0274093742121977e-05,0.0009687709997479033,0.000268458093763968,0.008590659000446976,0.2341502690001107,0.0,0.0,0.0008642310000368525,0.0,6.181296875595876e-05,0.0019780150001906804,0.23328603800007386,,0.0515820769999209,0.05930373499995767,0.23516545200004657,0.09282013600000028,0.2965765090000332,0.0,0.35588024399999085,0.40746232099991175,1e-06,,v7_btab_boxeig
1225,expanded_box,topk,1225,,2048,0,"[17, 17]","[35, 35]",1225,topk,1225,,2048,80000,1225,cheap,30,0.01,,cupy,1.2050492627629689e-14,1.3952374274212364e-15,320,162,162,,162,64,1225,0,1255424,15048.652938134243,150486.5293813424,0.001,boxeig,20000,group_a,50,diag,0.001,50,auto,boxeig,147,148,9.645430791511576e-07,0,,,2,synthetic_true_func_2d_n10000000,False,NVIDIA L4,cheap,64,0,64,64,0,0,2,1225,,,,,,,1.2050492627629689e-14,1.3952374274212364e-15,,,,,1e-05,boxeig,9999999.99997839,True,,nan,0,0,,nan,0,0,0,0,False,147.0,SE,0.1,1.5,1.0,,76176,100000,btab_boxeig_topk_2048_q64,35,148,147,1000,10000000,cufinufft,binned_c1,50,147,9.645430791511576e-07,pcg,converged,147,,True,0.1,0,0.0,0.0003532497966770775,0.020008087472779785,0,0.1,boxeig,ok,,0.000672833256752606,0.09957932199938568,0.00040068800000253325,0.05890113600037239,0.0,0,,150486.5293813424,0.0005918559999145145,1.7958863950019693e-05,0.002639953000652895,2.8568993201167738e-05,0.004199642000571657,0.00025769893197249776,0.03788174299995717,0.12515209299999697,0.0,0.0,0.0008651589999999487,0.0,5.693114965166375e-05,0.008368878998794571,0.12428693399999702,,0.026510694999956286,0.05910005999999157,0.12615772300000572,0.09326793800005362,0.379886756000019,0.0,0.43898681600001055,0.46549751099996683,1e-06,,v7_btab_boxeig
1225,expanded_box,topk,1225,,2048,0,"[17, 17]","[35, 35]",1225,topk,1225,,2048,80000,1225,cheap,30,0.01,,cupy,2.953494850015096e-13,3.8029709414168164e-15,640,290,290,,290,128,1225,0,2510848,708.3609495523054,7083.609495523054,0.001,boxeig,20000,group_a,50,diag,0.001,50,auto,boxeig,32,33,9.929144817889777e-07,0,,,2,synthetic_true_func_2d_n10000000,False,NVIDIA L4,cheap,128,0,128,128,0,0,2,1225,,,,,,,2.953494850015096e-13,3.8029709414168164e-15,,,,,1e-05,boxeig,9999999.99997839,True,,nan,0,0,,nan,0,0,0,0,False,32.0,SE,0.1,1.5,1.0,,76176,100000,btab_boxeig_topk_2048_q128,35,33,32,1000,10000000,cufinufft,binned_c1,50,32,9.929144817889777e-07,pcg,converged,32,,True,0.1,0,0.0,0.00035190801506658264,0.02000797760644751,0,0.1,boxeig,ok,,0.0007492529090933948,0.024725346000082027,0.00042794178124694326,0.013694136999902184,0.0,0,,7083.609495523054,0.0005717150000918991,2.0020187491809338e-05,0.0006406459997378988,3.164178124492878e-05,0.001012536999837721,0.0002701542500105347,0.008644936000337111,0.23894837099999222,0.0,0.0,0.0008603649999940899,0.0,6.208559375053824e-05,0.0019867390000172236,0.23808800599999813,,0.0511907779999774,0.06081240399998933,0.23994834400002674,0.09273080299999492,0.3014959559999397,0.0,0.36230835999992905,0.41349913799990645,1e-06,,v7_btab_boxeig
1225,expanded_box,topk,1225,,2048,0,"[17, 17]","[35, 35]",1225,topk,1225,,2048,80000,1225,cheap,30,0.01,,cupy,9.852139251424736e-13,1.1909524106424704e-14,960,418,418,,418,192,1225,0,3766272,40.18434797353213,401.84347973532124,0.001,boxeig,20000,group_a,50,diag,0.001,50,auto,boxeig,4,5,8.996723580886964e-07,0,,,2,synthetic_true_func_2d_n10000000,False,NVIDIA L4,cheap,192,0,192,192,0,0,2,1225,,,,,,,9.852139251424736e-13,1.1909524106424704e-14,,,,,1e-05,boxeig,9999999.99997839,True,,nan,0,0,,nan,0,0,0,0,False,4.0,SE,0.1,1.5,1.0,,76176,100000,btab_boxeig_topk_2048_q192,35,5,4,1000,10000000,cufinufft,binned_c1,50,4,8.996723580886964e-07,pcg,converged,4,,True,0.1,0,0.0,0.0004447120419213764,0.020009627244328976,0,0.1,boxeig,ok,,0.0008131870000170239,0.004065935000085119,0.00046190999998430016,0.0018476399999372006,0.0,0,,401.84347973532124,0.000607704999993075,1.8799250028678216e-05,7.519700011471286e-05,3.2672999992655605e-05,0.00013069199997062242,0.0002980657500017969,0.0011922630000071877,0.35583754100002807,0.0,0.0,0.0008504060000404934,0.0,6.603174998076611e-05,0.00026412699992306443,0.3549871349999876,,0.0821118920000572,0.059459868000089955,0.35690226500003064,0.09340035100001387,0.3661596349999172,0.0,0.42561950300000717,0.5077313950000644,1e-06,,v7_btab_boxeig
1225,expanded_box,topk,1225,,4096,0,"[17, 17]","[35, 35]",1225,topk,1225,,4096,80000,1225,cheap,30,0.01,,cupy,2.4578471960691583e-13,3.1801468573832628e-15,640,290,290,,290,128,1225,0,2510848,708.360949552306,7083.60949552306,0.001,boxeig,20000,group_a,50,diag,0.001,50,auto,boxeig,32,33,9.92905173629533e-07,0,,,2,synthetic_true_func_2d_n10000000,False,NVIDIA L4,cheap,128,0,128,128,0,0,2,1225,,,,,,,2.4578471960691583e-13,3.1801468573832628e-15,,,,,1e-05,boxeig,9999999.99997839,True,,nan,0,0,,nan,0,0,0,0,False,32.0,SE,0.1,1.5,1.0,,76176,100000,btab_boxeig_topk_4096_q128,35,33,32,1000,10000000,cufinufft,binned_c1,50,32,9.92905173629533e-07,pcg,converged,32,,True,0.1,0,0.0,0.0003519084614117378,0.02000797762062815,0,0.1,boxeig,ok,,0.0007648978788011211,0.025241630000437,0.0004453802187462941,0.01425216699988141,0.0,0,,7083.60949552306,0.0006061980000140466,1.9333375011143517e-05,0.0006186680003565925,3.1283218763888954e-05,0.0010010630004444465,0.00027739190625197807,0.008876541000063298,0.901400816999967,0.0,0.0,0.0009026909999647614,0.0,6.269068750341944e-05,0.002006102000109422,0.9004981260000022,,0.05357255600006283,0.060182389000033254,0.9024476849999701,0.09303673400006574,0.9655588139999054,0.0,1.0257412029999387,1.0793137590000015,1e-06,,v7_btab_boxeig
1225,expanded_box,topk,1225,,4096,0,"[17, 17]","[35, 35]",1225,topk,1225,,4096,80000,1225,cheap,30,0.01,,cupy,3.421825592246729e-12,1.319727067971552e-14,960,418,418,,418,192,1225,0,3766272,40.184347973532184,401.8434797353218,0.001,boxeig,20000,group_a,50,diag,0.001,50,auto,boxeig,4,5,8.996723898577217e-07,0,,,2,synthetic_true_func_2d_n10000000,False,NVIDIA L4,cheap,192,0,192,192,0,0,2,1225,,,,,,,3.421825592246729e-12,1.319727067971552e-14,,,,,1e-05,boxeig,9999999.99997839,True,,nan,0,0,,nan,0,0,0,0,False,4.0,SE,0.1,1.5,1.0,,76176,100000,btab_boxeig_topk_4096_q192,35,5,4,1000,10000000,cufinufft,binned_c1,50,4,8.996723898577217e-07,pcg,converged,4,,True,0.1,0,0.0,0.00044471204589989044,0.02000962724440526,0,0.1,boxeig,ok,,0.0008106585999939853,0.004053292999969926,0.00045777524999834895,0.0018311009999933958,0.0,0,,401.8434797353218,0.0005811940000057803,1.9080749979139e-05,7.6322999916556e-05,3.070925001225078e-05,0.0001228370000490031,0.00029271600001834486,0.0011708640000733794,0.9839158949999955,0.0,0.0,0.0008372779999490376,0.0,6.685625001523476e-05,0.00026742500006093906,0.9830786170000465,,0.08157796800003325,0.05978228499998295,0.9854177799999206,0.09273489999998219,0.994675237000024,0.0,1.054457522000007,1.1360354900000402,1e-06,,v7_btab_boxeig
1225,expanded_box,topk,1225,,4096,0,"[17, 17]","[35, 35]",1225,topk,1225,,4096,80000,1225,cheap,30,0.01,,cupy,4.257516640686705e-11,4.6604994299680977e-14,1280,546,546,,546,256,1225,0,5021696,2.1490583263920833,21.490583263920833,0.001,boxeig,20000,group_a,50,diag,0.001,50,auto,boxeig,1,2,3.888001951409465e-07,0,,,2,synthetic_true_func_2d_n10000000,False,NVIDIA L4,cheap,256,0,256,256,0,0,2,1225,,,,,,,4.257516640686705e-11,4.6604994299680977e-14,,,,,1e-05,boxeig,9999999.99997839,True,,nan,0,0,,nan,0,0,0,0,False,1.0,SE,0.1,1.5,1.0,,76176,100000,btab_boxeig_topk_4096_q256,35,2,1,1000,10000000,cufinufft,binned_c1,50,1,3.888001951409465e-07,pcg,converged,1,,True,0.1,0,0.0,0.00036068231498010035,0.020008149419719123,0,0.1,boxeig,ok,,0.0008686934999673213,0.0017373869999346425,0.00047449600003801606,0.00047449600003801606,0.0,0,,21.490583263920833,0.0005945769999016193,1.8593999925542448e-05,1.8593999925542448e-05,3.106499991645251e-05,3.106499991645251e-05,0.0003173860000060813,0.0003173860000060813,0.46974988000010853,0.0,0.0,0.0008920210000269435,0.0,6.106500006808346e-05,6.106500006808346e-05,0.4688578590000816,,0.1086144849999755,0.05948644600005082,0.47081189300001824,0.0922137869999915,0.4742632640000011,0.0,0.5337497100000519,0.6423641950000274,1e-06,,v7_btab_boxeig
1225,expanded_box,topk,1225,,8192,0,"[17, 17]","[35, 35]",1225,topk,1225,,8192,80000,1225,cheap,30,0.01,,cupy,1.5272293489015077e-13,3.3821206318992525e-15,640,290,290,,290,128,1225,0,2510848,708.3609495523054,7083.609495523054,0.001,boxeig,20000,group_a,50,diag,0.001,50,auto,boxeig,32,33,9.92925820310261e-07,0,,,2,synthetic_true_func_2d_n10000000,False,NVIDIA L4,cheap,128,0,128,128,0,0,2,1225,,,,,,,1.5272293489015077e-13,3.3821206318992525e-15,,,,,1e-05,boxeig,9999999.99997839,True,,nan,0,0,,nan,0,0,0,0,False,32.0,SE,0.1,1.5,1.0,,76176,100000,btab_boxeig_topk_8192_q128,35,33,32,1000,10000000,cufinufft,binned_c1,50,32,9.92925820310261e-07,pcg,converged,32,,True,0.1,0,0.0,0.00035190763501903355,0.020007977607815957,0,0.1,boxeig,ok,,0.0007431429394032283,0.024523717000306533,0.0004236067499903129,0.013555415999690013,0.0,0,,7083.609495523054,0.000574779999965358,1.862578124800507e-05,0.0005960249999361622,3.177928124387108e-05,0.0010169369998038746,0.0002670917187543864,0.008546935000140365,0.23649249100003544,0.0,0.0,0.0008586640000203261,0.0,6.28795937416271e-05,0.0020121469997320673,0.23563382700001512,,0.05226267399996232,0.05919872000004034,0.2375124920000644,0.09279584500006877,0.2986848009999221,0.0,0.35788352099996246,0.4101461949999248,1e-06,,v7_btab_boxeig
1225,expanded_box,topk,1225,,8192,0,"[17, 17]","[35, 35]",1225,topk,1225,,8192,80000,1225,cheap,30,0.01,,cupy,4.687531876880129e-12,9.60327389482948e-15,960,418,418,,418,192,1225,0,3766272,40.184347973532354,401.8434797353235,0.001,boxeig,20000,group_a,50,diag,0.001,50,auto,boxeig,4,5,8.996723765704891e-07,0,,,2,synthetic_true_func_2d_n10000000,False,NVIDIA L4,cheap,192,0,192,192,0,0,2,1225,,,,,,,4.687531876880129e-12,9.60327389482948e-15,,,,,1e-05,boxeig,9999999.99997839,True,,nan,0,0,,nan,0,0,0,0,False,4.0,SE,0.1,1.5,1.0,,76176,100000,btab_boxeig_topk_8192_q192,35,5,4,1000,10000000,cufinufft,binned_c1,50,4,8.996723765704891e-07,pcg,converged,4,,True,0.1,0,0.0,0.0004447120433631661,0.02000962724436136,0,0.1,boxeig,ok,,0.0008025391999808562,0.004012695999904281,0.0004395855000325355,0.001758342000130142,0.0,0,,401.8434797353235,0.000689862999934121,1.8821999987039817e-05,7.528799994815927e-05,3.109375001031367e-05,0.00012437500004125468,0.00028215774997875087,0.0011286309999150035,0.3982559629999969,0.0,0.0,0.0008835190000127113,0.0,6.345324999301738e-05,0.0002538129999720695,0.39737244399998417,,0.0776637369999662,0.059471210000083374,0.3993918879999683,0.09499754400007987,0.4085938039999064,0.0,0.4680650139999898,0.545728750999956,1e-06,,v7_btab_boxeig
1225,expanded_box,topk,1225,,8192,0,"[17, 17]","[35, 35]",1225,topk,1225,,8192,80000,1225,cheap,30,0.01,,cupy,1.7670483839694588e-11,4.0495646446696986e-14,1280,546,546,,546,256,1225,0,5021696,2.149058326391407,21.49058326391407,0.001,boxeig,20000,group_a,50,diag,0.001,50,auto,boxeig,1,2,3.887970791770032e-07,0,,,2,synthetic_true_func_2d_n10000000,False,NVIDIA L4,cheap,256,0,256,256,0,0,2,1225,,,,,,,1.7670483839694588e-11,4.0495646446696986e-14,,,,,1e-05,boxeig,9999999.99997839,True,,nan,0,0,,nan,0,0,0,0,False,1.0,SE,0.1,1.5,1.0,,76176,100000,btab_boxeig_topk_8192_q256,35,2,1,1000,10000000,cufinufft,binned_c1,50,1,3.887970791770032e-07,pcg,converged,1,,True,0.1,0,0.0,0.0003606823209652041,0.02000814941976763,0,0.1,boxeig,ok,,0.0008606409999742937,0.0017212819999485873,0.00047032300005867,0.00047032300005867,0.0,0,,21.49058326391407,0.0005741639999996551,1.7778000028556562e-05,1.7778000028556562e-05,3.0404000085582084e-05,3.0404000085582084e-05,0.00031734099991354014,0.00031734099991354014,0.46605692200000703,0.0,0.0,0.000862579999989066,0.0,5.9969000062665145e-05,5.9969000062665145e-05,0.46519434200001797,,0.10879357800001799,0.05974634800008971,0.46706631099993956,0.09323782100000244,0.47050345100001323,0.0,0.5302497990001029,0.6390433770001209,1e-06,,v7_btab_boxeig
1225,expanded_box,topk,1225,,16384,0,"[17, 17]","[35, 35]",1225,topk,1225,,16384,80000,1225,cheap,30,0.01,,cupy,2.0414361037437932e-13,3.1442122755915812e-15,640,290,290,,290,128,1225,0,2510848,708.3609495523058,7083.609495523057,0.001,boxeig,20000,group_a,50,diag,0.001,50,auto,boxeig,32,33,9.92901420134547e-07,0,,,2,synthetic_true_func_2d_n10000000,False,NVIDIA L4,cheap,128,0,128,128,0,0,2,1225,,,,,,,2.0414361037437932e-13,3.1442122755915812e-15,,,,,1e-05,boxeig,9999999.99997839,True,,nan,0,0,,nan,0,0,0,0,False,32.0,SE,0.1,1.5,1.0,,76176,100000,btab_boxeig_topk_16384_q128,35,33,32,1000,10000000,cufinufft,binned_c1,50,32,9.92901420134547e-07,pcg,converged,32,,True,0.1,0,0.0,0.00035190795169106,0.020007977607435105,0,0.1,boxeig,ok,,0.000757003151506703,0.0249811039997212,0.0004275404999916077,0.013681295999731446,0.0,0,,7083.609495523057,0.0005967479999071656,1.913875001235965e-05,0.0006124400003955088,3.0652843744150005e-05,0.0009808909998128001,0.000271197968750414,0.008678335000013249,0.24228745100003835,0.0,0.0,0.0008966420000433573,0.0,6.225578124485764e-05,0.0019921849998354446,0.241390808999995,,0.05155103599997801,0.059249352999927396,0.2433307279999326,0.0927703529999917,0.3054483920000166,0.0,0.364697744999944,0.416248780999922,1e-06,,v7_btab_boxeig
1225,expanded_box,topk,1225,,16384,0,"[17, 17]","[35, 35]",1225,topk,1225,,16384,80000,1225,cheap,30,0.01,,cupy,1.5307206403984036e-12,1.2649107536900059e-14,960,418,418,,418,192,1225,0,3766272,40.184347973532084,401.84347973532084,0.001,boxeig,20000,group_a,50,diag,0.001,50,auto,boxeig,4,5,8.996723872400662e-07,0,,,2,synthetic_true_func_2d_n10000000,False,NVIDIA L4,cheap,192,0,192,192,0,0,2,1225,,,,,,,1.5307206403984036e-12,1.2649107536900059e-14,,,,,1e-05,boxeig,9999999.99997839,True,,nan,0,0,,nan,0,0,0,0,False,4.0,SE,0.1,1.5,1.0,,76176,100000,btab_boxeig_topk_16384_q192,35,5,4,1000,10000000,cufinufft,binned_c1,50,4,8.996723872400662e-07,pcg,converged,4,,True,0.1,0,0.0,0.00044471204446070524,0.020009627244360048,0,0.1,boxeig,ok,,0.0008105267999781063,0.004052633999890531,0.0004403925000247,0.0017615700000988,0.0,0,,401.84347973532084,0.0005545200000369732,1.8900250040587707e-05,7.560100016235083e-05,3.0003999995642516e-05,0.00012001599998257007,0.00028321024998945177,0.001132840999957807,0.3556070649999583,0.0,0.0,0.0008667299999842726,0.0,6.165399997826171e-05,0.00024661599991304683,0.35474033499997404,,0.07805760600001577,0.05943584099998134,0.35659230600003866,0.09416819700004453,0.365804723999986,0.0,0.4252405649999673,0.5032981709999831,1e-06,,v7_btab_boxeig
1225,expanded_box,topk,1225,,16384,0,"[17, 17]","[35, 35]",1225,topk,1225,,16384,80000,1225,cheap,30,0.01,,cupy,5.413231388872783e-11,7.222971845487232e-14,1280,546,546,,546,256,1225,0,5021696,2.1490583263912746,21.490583263912743,0.001,boxeig,20000,group_a,50,diag,0.001,50,auto,boxeig,1,2,3.8879967934970236e-07,0,,,2,synthetic_true_func_2d_n10000000,False,NVIDIA L4,cheap,256,0,256,256,0,0,2,1225,,,,,,,5.413231388872783e-11,7.222971845487232e-14,,,,,1e-05,boxeig,9999999.99997839,True,,nan,0,0,,nan,0,0,0,0,False,1.0,SE,0.1,1.5,1.0,,76176,100000,btab_boxeig_topk_16384_q256,35,2,1,1000,10000000,cufinufft,binned_c1,50,1,3.8879967934970236e-07,pcg,converged,1,,True,0.1,0,0.0,0.0003606823179708933,0.02000814941989803,0,0.1,boxeig,ok,,0.0008726574999968761,0.0017453149999937523,0.0004830999999967389,0.0004830999999967389,0.0,0,,21.490583263912743,0.0005432169999721737,1.8172000068261696e-05,1.8172000068261696e-05,3.2239999995908875e-05,3.2239999995908875e-05,0.0003243849999989834,0.0003243849999989834,0.4675222930000018,0.0,0.0,0.0008809299999938958,0.0,6.086600001253828e-05,6.086600001253828e-05,0.4666413630000079,,0.10532482200005688,0.05911897400005728,0.46853364200001124,0.0926245389999849,0.4720081240000127,0.0,0.53112709800007,0.6364519200001268,1e-06,,v7_btab_boxeig
35721,,,,,,,,,,,,,,,,,,,,,,,,,,,,,,,,,,,,,group_a,,,,,,,1171,1172,9.314295749320852e-07,,,,2,synthetic_true_func_2d_n10000000,False,NVIDIA L4,,,,,,,,2,35721,,,,,,,,,0,0,,,1e-05,,,True,,,,,,,,,,,False,1171.0,matern,0.1,1.5,1.0,,,100000,plain_cg,189,1172,,1000,10000000,cufinufft,cufinufft,,,,,,,,True,0.1,0,,0.0005576980915535298,0.019995950598074675,0,,,ok,,0.000624664541809453,0.732106843000679,,,,,,,,,,,,,,,,,,,,,,,,0.25662047299999813,,0.09341023100000712,1.2326578760000757,,1.4892789960000528,,1e-06,,v1
35721,,,,,,,,,,,,,,,,,,,,,,,,,,,,,,,,,,,,,group_a,,,,,,,268,269,9.4207957894146e-07,,,nan,2,synthetic_true_func_2d_n10000000,False,NVIDIA L4,,,,,,,,2,35721,98,3,nan,,9391.331587866227,0.00649797681434448,,,5,482,0.0003858971575978386,0.1860024299621582,1e-05,,,True,[],,,,,,,,,,False,268.0,matern,0.1,1.5,1.0,nan,,100000,eigenpro_pcg_q90,189,269,268,1000,10000000,cufinufft,binned_c1,,,,,,,full_eigenpro,True,0.1,0,,0.0005603438879295474,0.019996171978200937,0,,,ok,,0.0006450864684049121,0.17352826000092136,0.000602266041042935,0.16140729899950657,,,[],,,,,,,,,,,,,,,,,0.47195678899993254,,0.10673523100001603,0.0003089320000526641,0.09310636899999736,0.5036738889999697,,1.082674840999971,,1e-06,90,v3
35721,,,,,,,,,,,,,,,,,,,,,,,,,,,,,,,,,,,,,group_a,,,,,,,138,139,9.69387189251986e-07,,,nan,2,synthetic_true_func_2d_n10000000,False,NVIDIA L4,,,,,,,,2,35721,188,3,nan,,3404.2953381724974,0.002352287451679499,,,5,932,0.0005027730147726035,0.4685844497680664,1e-05,,,True,[],,,,,,,,,,False,138.0,matern,0.1,1.5,1.0,nan,,100000,eigenpro_pcg_q180,189,139,138,1000,10000000,cufinufft,binned_c1,,,,,,,full_eigenpro,True,0.1,0,,0.0005596580598055718,0.019996192469331122,0,,,ok,,0.0006679039640236212,0.09283865099928335,0.00105304089854401,0.14531964399907338,,,[],,,,,,,,,,,,,,,,,1.0524082980000458,,0.10516370799996366,0.0003066709999757222,0.09363158600001498,0.3328919699999915,,1.4907706469999766,,1e-06,180,v3
35721,expanded_box,topk,512,,512,0,"[12, 12]","[25, 25]",625,topk,512,,512,80000,625,cheap,30,0.01,,,,,,,,,,,,,,,,,inverse,20000,group_a,50,diag,0.001,50,auto,auto,331,332,9.488509073533158e-07,0,,,2,synthetic_true_func_2d_n10000000,False,NVIDIA L4,cheap,0,0,0,0,0,0,2,35721,,,,,,,,,,,,,1e-05,inverse,9999999.999987034,True,,nan,0,50,diag,0.001,0,0,0,6250000,False,331.0,matern,0.1,1.5,1.0,,0,100000,btab_auto_topk_512,189,332,331,1000,10000000,cufinufft,binned_c1,50,331,9.488509073533158e-07,pcg,converged,331,,True,0.1,0,13135.185441948206,0.000560462218285128,0.019995667830449523,0,0.1,exact,ok,,0.0006549977409660521,0.2174592500007293,0.00028099181872916554,0.09300829199935379,4628907.069044906,35096,,,0.0015197110000144676,4.493851359461656e-05,0.01487464799981808,4.121025075766403e-05,0.013640593000786794,9.886122355954208e-05,0.03272306499820843,0.02443853099998705,0.009290859999964596,0.008687979000001178,0.0,0.006189164000033998,5.527036556476947e-05,0.018294491001938695,,,0.0003094189999046648,0.10498800899995331,0.02708946999996442,0.09398227300005146,0.5435557069999959,0.00027052799998728005,0.6485437159999492,0.6488531349998539,1e-06,,v6_btab
35721,expanded_box,topk,1024,,1024,0,"[18, 18]","[37, 37]",1369,topk,1024,,1024,80000,1369,cheap,30,0.01,,,,,,,,,,,,,,,,,inverse,20000,group_a,50,diag,0.001,50,auto,auto,187,188,8.786546469746777e-07,0,,,2,synthetic_true_func_2d_n10000000,False,NVIDIA L4,cheap,0,0,0,0,0,0,2,35721,,,,,,,,,,,,,1e-05,inverse,9999999.999987034,True,,nan,0,50,diag,0.001,0,0,0,29986576,False,187.0,matern,0.1,1.5,1.0,,0,100000,btab_auto_topk_1024,189,188,187,1000,10000000,cufinufft,binned_c1,50,187,8.786546469746777e-07,pcg,converged,187,,True,0.1,0,2401.5191371138226,0.0005597136677660782,0.019995667329645285,0,0.1,exact,ok,,0.0006348626755393912,0.11935418300140554,0.0003378236310095296,0.06317301899878203,1592437.0739614717,34352,,,0.0015532639999946696,4.330737433313268e-05,0.00809847900029581,4.0015336896630516e-05,0.007482867999669907,0.0001617956042766922,0.03025577799974144,0.1336174770000298,0.04602654600000733,0.06485258500003965,0.0,0.02062473199998749,5.336043315757687e-05,0.009978401000466874,,,0.0003031459999647268,0.10536316200000329,0.13624951899998905,0.09336736499994913,0.4312436059999527,0.002113613999995323,0.536606767999956,0.5369099139999207,1e-06,,v6_btab
35721,expanded_box,topk,2048,,2048,0,"[25, 25]","[51, 51]",2601,topk,2048,,2048,80000,2601,cheap,30,0.01,,,,,,,,,,,,,,,,,inverse,20000,group_a,50,diag,0.001,50,auto,auto,120,121,9.162906091386229e-07,0,,,2,synthetic_true_func_2d_n10000000,False,NVIDIA L4,cheap,0,0,0,0,0,0,2,35721,,,,,,,,,,,,,1e-05,inverse,9999999.999987034,True,,nan,0,50,diag,0.001,0,0,0,108243216,False,120.0,matern,0.1,1.5,1.0,,0,100000,btab_auto_topk_2048,189,121,120,1000,10000000,cufinufft,binned_c1,50,120,9.162906091386229e-07,pcg,converged,120,,True,0.1,0,545.477332504985,0.0005607667030048618,0.019995667484443504,0,0.1,exact,ok,,0.0006445953966922088,0.07799604299975726,0.0008325638250018604,0.09990765900022325,630211.0596413196,33120,,,0.0017317100000582286,4.36915000004016e-05,0.005242980000048192,4.5294308340733856e-05,0.0054353170008880625,0.0006492205416644008,0.07790646499972809,0.6872132640000927,0.1882712490000813,0.39909436000004916,0.0,0.0911802320000561,5.37183500057381e-05,0.006446202000688572,,,0.0003107590000581695,0.10443010699998467,0.690030696000008,0.09323341200001778,0.942297166000003,0.008667422999906194,1.0467272729999877,1.0470380320000459,1e-06,,v6_btab
35721,expanded_box,topk,4096,,4096,0,"[36, 36]","[73, 73]",5329,topk,4096,,4096,80000,5329,cheap,30,0.01,,,,,,,,,,,,,,,,,inverse,20000,group_a,50,diag,0.001,50,auto,auto,56,57,9.953794895873291e-07,0,,,2,synthetic_true_func_2d_n10000000,False,NVIDIA L4,cheap,0,0,0,0,0,0,2,35721,,,,,,,,,,,,,1e-05,inverse,9999999.999987034,True,,nan,0,50,diag,0.001,0,0,0,454371856,False,56.0,matern,0.1,1.5,1.0,,0,100000,btab_auto_topk_4096,189,57,56,1000,10000000,cufinufft,binned_c1,50,56,9.953794895873291e-07,pcg,converged,56,,True,0.1,0,98.38542462466822,0.0005597028508407238,0.019995673421302054,0,0.1,exact,ok,,0.0006483538771897401,0.036956170999815185,0.002167101553581574,0.12135768700056815,212413.94759083362,30392,,,0.0018802959999675295,4.368942856152509e-05,0.002446607999445405,4.6366857144367456e-05,0.0025965440000845774,0.0019828840357222688,0.11104150600044704,4.661828048999951,0.7857754829999521,3.245138630000042,0.0,0.5944244449999587,5.33760178598186e-05,0.0029890570001498418,,,0.00028964700004507904,0.10464509799999178,4.6648261749999165,0.09285358900001484,4.8579734269999335,0.03648949099999754,4.962618524999925,4.96290817199997,1e-06,,v6_btab
35721,expanded_box,topk,1024,,1024,0,"[18, 18]","[37, 37]",1369,topk,1024,,1024,80000,1369,cheap,30,0.01,,cupy,4.235983181541187e-15,1.047645457413791e-15,320,162,162,,162,64,1369,34352,1402880,25155.10490333866,251551.04903338657,0.001,boxeig,20000,group_a,50,diag,0.001,50,auto,boxeig,298,299,9.49764071800009e-07,0,,,2,synthetic_true_func_2d_n10000000,False,NVIDIA L4,cheap,64,0,64,64,0,0,2,35721,,,,,,,4.235983181541187e-15,1.047645457413791e-15,,,,,1e-05,boxeig,9999999.999987034,True,,nan,0,0,,nan,0,0,0,0,False,298.0,matern,0.1,1.5,1.0,,85264,100000,btab_boxeig_topk_1024_q64,189,299,298,1000,10000000,cufinufft,binned_c1,50,298,9.49764071800009e-07,pcg,converged,298,,True,0.1,0,2401.5191371138226,0.0005605376278386503,0.019995738507718984,0,0.1,boxeig,ok,,0.0006595159498307495,0.1971952689993941,0.0004272324832220649,0.12731528000017533,1592437.0739614717,34352,,251551.04903338657,0.0015693269999701442,4.463576845214661e-05,0.01330145899873969,3.711036912508822e-05,0.011058889999276289,0.00025009610402930286,0.07452863900073226,0.12502868200010653,0.0,0.0,0.0010470040000427616,0.0,5.556167785156833e-05,0.016557379999767363,0.12398167800006377,,0.02655526799992458,0.10487917099999322,0.12702422799998203,0.092995670999926,0.63808007800003,0.0,0.7429592490000232,0.7695145169999478,1e-06,,v7_btab_boxeig
35721,expanded_box,topk,1024,,1024,0,"[18, 18]","[37, 37]",1369,topk,1024,,1024,80000,1369,cheap,30,0.01,,cupy,9.397364988596347e-15,1.4333539847498678e-15,640,290,290,,290,128,1369,34352,2805760,6911.195760736615,69111.95760736614,0.001,boxeig,20000,group_a,50,diag,0.001,50,auto,boxeig,190,191,8.889182613246058e-07,0,,,2,synthetic_true_func_2d_n10000000,False,NVIDIA L4,cheap,128,0,128,128,0,0,2,35721,,,,,,,9.397364988596347e-15,1.4333539847498678e-15,,,,,1e-05,boxeig,9999999.999987034,True,,nan,0,0,,nan,0,0,0,0,False,190.0,matern,0.1,1.5,1.0,,85264,100000,btab_boxeig_topk_1024_q128,189,191,190,1000,10000000,cufinufft,binned_c1,50,190,8.889182613246058e-07,pcg,converged,190,,True,0.1,0,2401.5191371138226,0.0005599965368023364,0.019995698810325886,0,0.1,boxeig,ok,,0.0006755786858657683,0.12903552900036175,0.0004279576421056749,0.08131195200007824,1592437.0739614717,34352,,69111.95760736614,0.0015715709999994942,4.605696315617311e-05,0.008750822999672891,3.831734737188622e-05,0.007280296000658382,0.000245411352630311,0.046628156999759085,0.23531020699999772,0.0,0.0,0.0010388460000285704,0.0,5.7339394730828835e-05,0.010894484998857479,0.23427136099996915,,0.051184657000021616,0.10410537699999622,0.23733126900003754,0.09265660899995964,0.5697241000000304,0.0,0.6738294770000266,0.7250141340000482,1e-06,,v7_btab_boxeig
35721,expanded_box,topk,2048,,2048,0,"[25, 25]","[51, 51]",2601,topk,2048,,2048,80000,2601,cheap,30,0.01,,cupy,3.987052865037148e-15,1.0512263679432252e-15,320,162,162,,162,64,2601,33120,2664448,25160.16418479989,251601.6418479989,0.001,boxeig,20000,group_a,50,diag,0.001,50,auto,boxeig,316,317,8.869906038095788e-07,0,,,2,synthetic_true_func_2d_n10000000,False,NVIDIA L4,cheap,64,0,64,64,0,0,2,35721,,,,,,,3.987052865037148e-15,1.0512263679432252e-15,,,,,1e-05,boxeig,9999999.999987034,True,,nan,0,0,,nan,0,0,0,0,False,316.0,matern,0.1,1.5,1.0,,163216,100000,btab_boxeig_topk_2048_q64,189,317,316,1000,10000000,cufinufft,binned_c1,50,316,8.869906038095788e-07,pcg,converged,316,,True,0.1,0,545.477332504985,0.000559961225646954,0.01999570702403074,0,0.1,boxeig,ok,,0.0006713833312297519,0.21282851599983132,0.0004406475822833404,0.13924463600153558,630211.0596413196,33120,,251601.6418479989,0.0016962649999641144,4.563781961790862e-05,0.014421550999259125,3.810325000370229e-05,0.012040627001169923,0.00025890584493818325,0.08181424700046591,0.13620471899992026,0.0,0.0,0.0010439369999630799,0.0,5.73859556968555e-05,0.01813396200020634,0.13516078199995718,,0.027069513000014922,0.10528356800000438,0.13832011099998454,0.09544671200001176,0.6915427349999845,0.0,0.7968263029999889,0.8238958160000038,1e-06,,v7_btab_boxeig
35721,expanded_box,topk,2048,,2048,0,"[25, 25]","[51, 51]",2601,topk,2048,,2048,80000,2601,cheap,30,0.01,,cupy,1.0586625196718152e-14,1.3546309286359273e-15,640,290,290,,290,128,2601,33120,5328896,6918.965435282156,69189.65435282156,0.001,boxeig,20000,group_a,50,diag,0.001,50,auto,boxeig,193,194,9.499936949128404e-07,0,,,2,synthetic_true_func_2d_n10000000,False,NVIDIA L4,cheap,128,0,128,128,0,0,2,35721,,,,,,,1.0586625196718152e-14,1.3546309286359273e-15,,,,,1e-05,boxeig,9999999.999987034,True,,nan,0,0,,nan,0,0,0,0,False,193.0,matern,0.1,1.5,1.0,,163216,100000,btab_boxeig_topk_2048_q128,189,194,193,1000,10000000,cufinufft,binned_c1,50,193,9.499936949128404e-07,pcg,converged,193,,True,0.1,0,545.477332504985,0.0005600644127604108,0.019995695363111816,0,0.1,boxeig,ok,,0.0006844509226790045,0.13278347899972687,0.0004572760103561789,0.08825426999874253,630211.0596413196,33120,,69189.65435282156,0.0017130600000427876,4.650373575608155e-05,0.008975221000923739,3.877618134839946e-05,0.007483803000241096,0.0002726579481881995,0.052622984000322504,1.0965848920000099,0.0,0.0,0.0010509559999718476,0.0,5.784068911419791e-05,0.011163252999040196,1.095533936000038,,0.05230786399999943,0.10427608700001656,1.0987510009999824,0.09311606599999322,1.4446378320000122,0.0,1.5489139190000287,1.6012217830000282,1e-06,,v7_btab_boxeig
35721,expanded_box,topk,2048,,2048,0,"[25, 25]","[51, 51]",2601,topk,2048,,2048,80000,2601,cheap,30,0.01,,cupy,3.330642181940197e-14,2.037431822731723e-15,960,418,418,,418,192,2601,33120,7993344,2982.7589134846808,29827.589134846807,0.001,boxeig,20000,group_a,50,diag,0.001,50,auto,boxeig,141,142,9.609474805063955e-07,0,,,2,synthetic_true_func_2d_n10000000,False,NVIDIA L4,cheap,192,0,192,192,0,0,2,35721,,,,,,,3.330642181940197e-14,2.037431822731723e-15,,,,,1e-05,boxeig,9999999.999987034,True,,nan,0,0,,nan,0,0,0,0,False,141.0,matern,0.1,1.5,1.0,,163216,100000,btab_boxeig_topk_2048_q192,189,142,141,1000,10000000,cufinufft,binned_c1,50,141,9.609474805063955e-07,pcg,converged,141,,True,0.1,0,545.477332504985,0.0005595534181976376,0.01999569419416354,0,0.1,boxeig,ok,,0.0006873612816927792,0.09760530200037465,0.00045590690070939477,0.06428287300002467,630211.0596413196,33120,,29827.589134846807,0.0016927579999901354,4.670263120902449e-05,0.006585071000472453,3.901923404223227e-05,0.00550171199995475,0.00027122859574800137,0.0382432320004682,0.3615547379998816,0.0,0.0,0.0009902609999699052,0.0,5.788477304699656e-05,0.008161752999626515,0.3605644769999117,,0.07498205899992172,0.10362140799998087,0.3637036260000741,0.09358544700000948,0.6169104140000172,0.0,0.7205318219999981,0.7955138809999198,1e-06,,v7_btab_boxeig
35721,expanded_box,topk,4096,,4096,0,"[36, 36]","[73, 73]",5329,topk,4096,,4096,80000,5329,cheap,30,0.01,,cupy,1.0322081840252189e-14,1.4285207412669856e-15,640,290,290,,290,128,5329,30392,10915840,6919.887974009591,69198.8797400959,0.001,boxeig,20000,group_a,50,diag,0.001,50,auto,boxeig,148,149,8.721852643531706e-07,0,,,2,synthetic_true_func_2d_n10000000,False,NVIDIA L4,cheap,128,0,128,128,0,0,2,35721,,,,,,,1.0322081840252189e-14,1.4285207412669856e-15,,,,,1e-05,boxeig,9999999.999987034,True,,nan,0,0,,nan,0,0,0,0,False,148.0,matern,0.1,1.5,1.0,,336400,100000,btab_boxeig_topk_4096_q128,189,149,148,1000,10000000,cufinufft,binned_c1,50,148,8.721852643531706e-07,pcg,converged,148,,True,0.1,0,98.38542462466822,0.0005593070869972229,0.019995780793030958,0,0.1,boxeig,ok,,0.0006871688657696686,0.10238816099968062,0.00045731157433001374,0.06768211300084204,212413.94759083362,30392,,69198.8797400959,0.0018844009999838818,4.7080452706471055e-05,0.006967907000557716,3.8669054053319063e-05,0.005723019999891221,0.00027326762837852537,0.04044360900002175,0.2540578910001159,0.0,0.0,0.0010915200000454206,0.0,5.715883107722515e-05,0.008459506999429323,0.25296637100007047,,0.05307490000006965,0.10388800000009724,0.25638379300005454,0.0928834139999708,0.5225548419999768,0.0,0.626442842000074,0.6795177420001437,1e-06,,v7_btab_boxeig
35721,expanded_box,topk,4096,,4096,0,"[36, 36]","[73, 73]",5329,topk,4096,,4096,80000,5329,cheap,30,0.01,,cupy,3.5505038851488335e-14,2.123543184787242e-15,960,418,418,,418,192,5329,30392,16373760,2983.7351513250496,29837.351513250494,0.001,boxeig,20000,group_a,50,diag,0.001,50,auto,boxeig,102,103,9.024848401131138e-07,0,,,2,synthetic_true_func_2d_n10000000,False,NVIDIA L4,cheap,192,0,192,192,0,0,2,35721,,,,,,,3.5505038851488335e-14,2.123543184787242e-15,,,,,1e-05,boxeig,9999999.999987034,True,,nan,0,0,,nan,0,0,0,0,False,102.0,matern,0.1,1.5,1.0,,336400,100000,btab_boxeig_topk_4096_q192,189,103,102,1000,10000000,cufinufft,binned_c1,50,102,9.024848401131138e-07,pcg,converged,102,,True,0.1,0,98.38542462466822,0.0005600026395670743,0.01999575988685284,0,0.1,boxeig,ok,,0.0007108691359173498,0.07321952099948703,0.00047841151960964826,0.048797975000184124,212413.94759083362,30392,,29837.351513250494,0.0019272910000154297,4.8063745101872505e-05,0.004902502000390996,4.038191175881116e-05,0.0041189549993987384,0.00028712717646077875,0.029286971998999434,0.37507418800009873,0.0,0.0,0.0010697750000190354,0.0,6.023296078285735e-05,0.006143761999851449,0.3740044130000797,,0.07935585400002765,0.10426793999999973,0.37747081399993476,0.09290290299998105,0.5681558250000762,0.0,0.672423765000076,0.7517796190001036,1e-06,,v7_btab_boxeig
35721,expanded_box,topk,4096,,4096,0,"[36, 36]","[73, 73]",5329,topk,4096,,4096,80000,5329,cheap,30,0.01,,cupy,3.241622947336847e-14,4.231081079817553e-15,1280,546,546,,546,256,5329,30392,21831680,1502.0202656440104,15020.202656440102,0.001,boxeig,20000,group_a,50,diag,0.001,50,auto,boxeig,84,85,9.703194923193554e-07,0,,,2,synthetic_true_func_2d_n10000000,False,NVIDIA L4,cheap,256,0,256,256,0,0,2,35721,,,,,,,3.241622947336847e-14,4.231081079817553e-15,,,,,1e-05,boxeig,9999999.999987034,True,,nan,0,0,,nan,0,0,0,0,False,84.0,matern,0.1,1.5,1.0,,336400,100000,btab_boxeig_topk_4096_q256,189,85,84,1000,10000000,cufinufft,binned_c1,50,84,9.703194923193554e-07,pcg,converged,84,,True,0.1,0,98.38542462466822,0.0005597905160050007,0.019995723855341208,0,0.1,boxeig,ok,,0.00070942704706554,0.06030129900057091,0.0004727535238129933,0.03971129600029144,212413.94759083362,30392,,15020.202656440102,0.0018881409999949028,4.796124999897767e-05,0.0040287449999141245,3.925940475959405e-05,0.0032977899998059,0.0002844326666699241,0.023892344000273624,0.5393942509999761,0.0,0.0,0.001222885999936807,0.0,5.8828595235755054e-05,0.004941601999803424,0.5381713650000393,,0.1046842389999938,0.10338664200003223,0.5417917489999127,0.0929937120000659,0.6985419929999352,0.0,0.8019286349999675,0.9066128739999613,1e-06,,v7_btab_boxeig
35721,expanded_box,topk,8192,,8192,0,"[51, 51]","[103, 103]",10609,topk,8192,,8192,80000,10609,cheap,30,0.01,,cupy,1.799617621217888e-14,1.6396395182480433e-15,640,290,290,,290,128,10609,25112,21729280,6920.019734500265,69200.19734500264,0.001,boxeig,20000,group_a,50,diag,0.001,50,auto,boxeig,160,161,8.538716145437469e-07,0,,,2,synthetic_true_func_2d_n10000000,False,NVIDIA L4,cheap,128,0,128,128,0,0,2,35721,,,,,,,1.799617621217888e-14,1.6396395182480433e-15,,,,,1e-05,boxeig,9999999.999987034,True,,nan,0,0,,nan,0,0,0,0,False,160.0,matern,0.1,1.5,1.0,,672400,100000,btab_boxeig_topk_8192_q128,189,161,160,1000,10000000,cufinufft,binned_c1,50,160,8.538716145437469e-07,pcg,converged,160,,True,0.1,0,18.400346579650655,0.0005663821902684532,0.01999583591578148,0,0.1,boxeig,ok,,0.0006792295714321372,0.1093559610005741,0.0004421875499971861,0.07075000799954978,68148.36962691823,25112,,69200.19734500264,0.002284413999973367,4.6199424998150106e-05,0.007391907999704017,3.84266812481826e-05,0.006148268999709217,0.0002604757937518798,0.04167612700030077,0.24776525599997967,0.0,0.0,0.0010739649999322864,0.0,5.689497500114271e-05,0.009103196000182834,0.24669129100004739,,0.0535770120000052,0.10447566199991343,0.25054861000000983,0.09283453499995176,0.5333279380000704,0.0,0.6378035999999838,0.691380611999989,1e-06,,v7_btab_boxeig
35721,expanded_box,topk,8192,,8192,0,"[51, 51]","[103, 103]",10609,topk,8192,,8192,80000,10609,cheap,30,0.01,,cupy,5.139520089236055e-14,2.2385887258041583e-15,960,418,418,,418,192,10609,25112,32593920,2983.8751559467173,29838.75155946717,0.001,boxeig,20000,group_a,50,diag,0.001,50,auto,boxeig,106,107,9.132032667886491e-07,0,,,2,synthetic_true_func_2d_n10000000,False,NVIDIA L4,cheap,192,0,192,192,0,0,2,35721,,,,,,,5.139520089236055e-14,2.2385887258041583e-15,,,,,1e-05,boxeig,9999999.999987034,True,,nan,0,0,,nan,0,0,0,0,False,106.0,matern,0.1,1.5,1.0,,672400,100000,btab_boxeig_topk_8192_q192,189,107,106,1000,10000000,cufinufft,binned_c1,50,106,9.132032667886491e-07,pcg,converged,106,,True,0.1,0,18.400346579650655,0.0005656528492649675,0.019995835271277126,0,0.1,boxeig,ok,,0.0006941366261671477,0.0742726189998848,0.0006307284245319763,0.06685721300038949,68148.36962691823,25112,,29838.75155946717,0.00228017799997815,4.6478669809025543e-05,0.004926738999756708,4.0933150946227024e-05,0.004338914000300065,0.0004425709150955042,0.046912517000123444,0.41170699799988597,0.0,0.0,0.0010672029999341248,0.0,5.819054717689279e-05,0.006168198000750635,0.41063979499995185,,0.08088514900009613,0.10429212799999732,0.41468089900001814,0.09369510799990621,0.6258426120000422,0.0,0.7301347400000395,0.8110198890001357,1e-06,,v7_btab_boxeig
35721,expanded_box,topk,8192,,8192,0,"[51, 51]","[103, 103]",10609,topk,8192,,8192,80000,10609,cheap,30,0.01,,cupy,3.990368233848539e-14,3.5121407962589646e-15,1280,546,546,,546,256,10609,25112,43458560,1502.1465870801755,15021.465870801754,0.001,boxeig,20000,group_a,50,diag,0.001,50,auto,boxeig,76,77,9.06285756431083e-07,0,,,2,synthetic_true_func_2d_n10000000,False,NVIDIA L4,cheap,256,0,256,256,0,0,2,35721,,,,,,,3.990368233848539e-14,3.5121407962589646e-15,,,,,1e-05,boxeig,9999999.999987034,True,,nan,0,0,,nan,0,0,0,0,False,76.0,matern,0.1,1.5,1.0,,672400,100000,btab_boxeig_topk_8192_q256,189,77,76,1000,10000000,cufinufft,binned_c1,50,76,9.06285756431083e-07,pcg,converged,76,,True,0.1,0,18.400346579650655,0.0005643863350752223,0.01999583898077358,0,0.1,boxeig,ok,,0.0007076118311520726,0.05448611099870959,0.0007385316578973432,0.05612840600019808,68148.36962691823,25112,,15021.465870801754,0.0022884439999870665,4.7328828944309385e-05,0.003596990999767513,4.35452894697918e-05,0.003309441999704177,0.0005458597105237123,0.04148533799980214,0.5264933139999357,0.0,0.0,0.0010697559999925943,0.0,5.819203946837086e-05,0.0044225949995961855,0.5254235579999431,,0.10689883999998528,0.10446058599995922,0.529613526999924,0.09289516800004094,0.6913001740000482,0.0,0.7957607600000074,0.9026595999999927,1e-06,,v7_btab_boxeig
35721,expanded_box,topk,16384,,16384,0,"[72, 72]","[145, 145]",21025,topk,16384,,16384,80000,21025,cheap,30,0.01,,cupy,1.2257239763364099e-14,1.3227068124452855e-15,640,290,290,,290,128,21025,14696,43061248,6920.03731925855,69200.3731925855,0.001,boxeig,20000,group_a,50,diag,0.001,50,auto,boxeig,193,194,9.981039973222476e-07,0,,,2,synthetic_true_func_2d_n10000000,False,NVIDIA L4,cheap,128,0,128,128,0,0,2,35721,,,,,,,1.2257239763364099e-14,1.3227068124452855e-15,,,,,1e-05,boxeig,9999999.999987034,True,,nan,0,0,,nan,0,0,0,0,False,193.0,matern,0.1,1.5,1.0,,1336336,100000,btab_boxeig_topk_16384_q128,189,194,193,1000,10000000,cufinufft,binned_c1,50,193,9.981039973222476e-07,pcg,converged,193,,True,0.1,0,3.4180464675207816,0.0005496720049087423,0.019996095490844575,0,0.1,boxeig,ok,,0.0006752120927825503,0.13099114599981476,0.0007135501917099801,0.13771518700002616,16085.64055186952,14696,,69200.3731925855,0.003074981000054322,4.568374611200682e-05,0.008816962999617317,4.202977201982788e-05,0.00811174599982678,0.0005288151036287851,0.10206131500035553,0.28560564699989754,0.0,0.0,0.0010873889999629682,0.0,5.6426264248782366e-05,0.010890269000014996,0.2845182579999346,,0.05336909800007561,0.10480012699997587,0.2894948179999801,0.09332740500008185,0.6820821430000024,0.0,0.7868822699999782,0.8402513680000538,1e-06,,v7_btab_boxeig
35721,expanded_box,topk,16384,,16384,0,"[72, 72]","[145, 145]",21025,topk,16384,,16384,80000,21025,cheap,30,0.01,,cupy,5.78676917463052e-14,1.7891075390573357e-15,960,418,418,,418,192,21025,14696,64591872,2983.8938556034295,29838.938556034293,0.001,boxeig,20000,group_a,50,diag,0.001,50,auto,boxeig,125,126,9.616249935851098e-07,0,,,2,synthetic_true_func_2d_n10000000,False,NVIDIA L4,cheap,192,0,192,192,0,0,2,35721,,,,,,,5.78676917463052e-14,1.7891075390573357e-15,,,,,1e-05,boxeig,9999999.999987034,True,,nan,0,0,,nan,0,0,0,0,False,125.0,matern,0.1,1.5,1.0,,1336336,100000,btab_boxeig_topk_16384_q192,189,126,125,1000,10000000,cufinufft,binned_c1,50,125,9.616249935851098e-07,pcg,converged,125,,True,0.1,0,3.4180464675207816,0.0005498982445865167,0.019996114103184384,0,0.1,boxeig,ok,,0.0006789177301562805,0.08554363399969134,0.0009049755199976062,0.11312193999970077,16085.64055186952,14696,,29838.938556034293,0.0030987369999593284,4.497879199516319e-05,0.005622348999395399,4.272170399599418e-05,0.005340212999499272,0.0007186037999999826,0.08982547499999782,0.4984412879999809,0.0,0.0,0.0011184170000433369,0.0,5.6786479996844715e-05,0.00709830999960559,0.49732287099993755,,0.082539880000013,0.10401967899997544,0.5025588709999056,0.09463805300003969,0.7822096589999319,0.0,0.8862293379999073,0.9687692179999203,1e-06,,v7_btab_boxeig
35721,expanded_box,topk,16384,,16384,0,"[72, 72]","[145, 145]",21025,topk,16384,,16384,80000,21025,cheap,30,0.01,,cupy,3.305257306843133e-14,4.3080912694502215e-15,1280,546,546,,546,256,21025,14696,86122496,1502.1633460820349,15021.633460820349,0.001,boxeig,20000,group_a,50,diag,0.001,50,auto,boxeig,89,90,9.101601130348022e-07,0,,,2,synthetic_true_func_2d_n10000000,False,NVIDIA L4,cheap,256,0,256,256,0,0,2,35721,,,,,,,3.305257306843133e-14,4.3080912694502215e-15,,,,,1e-05,boxeig,9999999.999987034,True,,nan,0,0,,nan,0,0,0,0,False,89.0,matern,0.1,1.5,1.0,,1336336,100000,btab_boxeig_topk_16384_q256,189,90,89,1000,10000000,cufinufft,binned_c1,50,89,9.101601130348022e-07,pcg,converged,89,,True,0.1,0,3.4180464675207816,0.0005496098367830411,0.019996121972584286,0,0.1,boxeig,ok,,0.0007038231888827795,0.06334408699945016,0.0010883555842718105,0.09686364700019112,16085.64055186952,14696,,15021.633460820349,0.00311226499991335,4.5828910111758684e-05,0.004078772999946523,4.7590820216693545e-05,0.004235582999285725,0.0008948316516902134,0.079640017000429,1.6840878490000932,0.0,0.0,0.0011564260000795912,0.0,5.759475280566027e-05,0.005125932999703764,1.6829314230000136,,0.10767406399997981,0.10473590000003696,1.6884249199999886,0.09414791699998659,1.9069896359999348,0.0,2.0117255359999717,2.1193995999999515,1e-06,,v7_btab_boxeig
1225,,,,,,,,,,,,,,,,,,,,,,,,,,,,,,,,,,,,,group_a,,,,,,,495,496,9.355860584965349e-07,,,,2,synthetic_true_func_2d_n3000000,False,NVIDIA L4,,,,,,,,2,1225,,,,,,,,,0,0,,,1e-05,,,True,,,,,,,,,,,False,495.0,SE,0.1,1.5,1.0,,,100000,plain_cg,35,496,,1000,3000000,cufinufft,cufinufft,,,,,,,,True,0.1,0,,0.00023820413250381684,0.019999231979514726,0,,,ok,,0.0006112956471785339,0.30320264100055283,,,,,,,,,,,,,,,,,,,,,,,,0.08232742799998505,,0.02964774200006559,0.5135444809999399,,0.595872571999962,,1e-06,,v1
1225,,,,,,,,,,,,,,,,,,,,,,,,,,,,,,,,,,,,,group_a,,,,,,,75,76,8.027008706857454e-07,,,nan,2,synthetic_true_func_2d_n3000000,False,NVIDIA L4,,,,,,,,2,1225,98,3,nan,,391.40226237271486,0.0007800810280867056,,,5,482,0.0005646935063279021,0.27218227005004886,1e-05,,,True,[],,,,,,,,,,False,75.0,SE,0.1,1.5,1.0,nan,,100000,eigenpro_pcg_q90,35,76,75,1000,3000000,cufinufft,binned_c1,,,,,,,full_eigenpro,True,0.1,0,,0.00035325398567052885,0.020001320049698693,0,,,ok,,0.0006268796973702855,0.0476428570001417,0.00015792557332891495,0.011844417999668622,,,[],,,,,,,,,,,,,,,,,0.29454476500006876,,0.028270337999970252,0.0002967369999851144,0.029698501999973814,0.10549734200003513,,0.42860918200005926,,1e-06,90,v3
1225,,,,,,,,,,,,,,,,,,,,,,,,,,,,,,,,,,,,,group_a,,,,,,,7,8,9.536401720481932e-07,,,nan,2,synthetic_true_func_2d_n3000000,False,NVIDIA L4,,,,,,,,2,1225,188,3,nan,,6.7362286638315805,1.3425034159413622e-05,,,5,932,0.0005623957425228003,0.52415283203125,1e-05,,,True,[],,,,,,,,,,False,7.0,SE,0.1,1.5,1.0,nan,,100000,eigenpro_pcg_q180,35,8,7,1000,3000000,cufinufft,binned_c1,,,,,,,full_eigenpro,True,0.1,0,,0.0004221037594765999,0.020002656010236253,0,,,ok,,0.0006297502499847951,0.005038001999878361,0.00016323400002095565,0.0011426380001466896,,,[],,,,,,,,,,,,,,,,,0.5645263199999135,,0.027532043000064732,0.000313620000042647,0.029688229000043975,0.01087988699998732,,0.6032518700000082,,1e-06,180,v3
1225,expanded_box,topk,512,,512,0,"[12, 12]","[25, 25]",625,topk,512,,512,80000,625,cheap,30,0.01,,,,,,,,,,,,,,,,,inverse,20000,group_a,50,diag,0.001,50,auto,auto,11,12,9.414046799073222e-07,0,,,2,synthetic_true_func_2d_n3000000,False,NVIDIA L4,cheap,0,0,0,0,0,0,2,1225,,,,,,,,,,,,,1e-05,inverse,2999999.9999934905,True,,nan,0,50,diag,0.001,0,0,0,6250000,False,11.0,SE,0.1,1.5,1.0,,0,100000,btab_auto_topk_512,35,12,11,1000,3000000,cufinufft,binned_c1,50,11,9.414046799073222e-07,pcg,converged,11,,True,0.1,0,2.4879106235891815,0.00034638280159811455,0.02000123344350743,0,0.1,exact,ok,,0.0006452619166831634,0.007743143000197961,0.0002749042727352637,0.003023947000087901,74.51197430233907,600,,,0.0004898429999684595,4.2817454569062235e-05,0.0004709920002596846,4.073163638002536e-05,0.0004480480001802789,9.81217272675911e-05,0.0010793389999435021,0.023851607999972657,0.008857566999949995,0.008593972999960897,0.0,0.0061735710000903055,5.391681819136548e-05,0.0005930850001050203,,,9.306900005867647e-05,0.027581570000052125,0.02524693500004105,0.029732504000094195,0.04310312099994462,0.00022649699997145945,0.07068469099999675,0.07077776000005542,1e-06,,v6_btab
1225,expanded_box,topk,1024,,1024,0,"[17, 17]","[35, 35]",1225,topk,1024,,1024,80000,1225,cheap,30,0.01,,,,,,,,,,,,,,,,,inverse,20000,group_a,50,diag,0.001,50,auto,auto,4,5,1.2582399338440468e-07,0,,,2,synthetic_true_func_2d_n3000000,False,NVIDIA L4,cheap,0,0,0,0,0,0,2,1225,,,,,,,,,,,,,1e-05,inverse,2999999.9999934905,True,,nan,0,50,diag,0.001,0,0,0,24010000,False,4.0,SE,0.1,1.5,1.0,,0,100000,btab_auto_topk_1024,35,5,4,1000,3000000,cufinufft,binned_c1,50,4,1.2582399338440468e-07,pcg,converged,4,,True,0.1,0,0.0,0.00034585271184285084,0.020001226582556424,0,0.1,exact,ok,,0.0006966157999841016,0.003483078999920508,0.0002624247500193633,0.001049699000077453,0.0,0,,,0.0005517780000445782,1.6039000001910608e-05,6.415600000764243e-05,3.08892500413549e-05,0.0001235570001654196,0.00012325250000344568,0.0004930100000137827,0.10772061699992719,0.034810099999958766,0.053165821999982654,0.0,0.01819233899993833,5.531150000592788e-05,0.00022124600002371153,,,2.7986000077362405e-05,0.027408441000034145,0.10912021400008598,0.029618676000040978,0.11659467200001927,0.001552356000047439,0.14400311300005342,0.14403109900013078,1e-06,,v6_btab
1225,expanded_box,topk,1225,,2048,0,"[17, 17]","[35, 35]",1225,topk,1225,,2048,80000,1225,cheap,30,0.01,,,,,,,,,,,,,,,,,inverse,20000,group_a,50,diag,0.001,50,auto,auto,4,5,1.2582399397149147e-07,0,,,2,synthetic_true_func_2d_n3000000,False,NVIDIA L4,cheap,0,0,0,0,0,0,2,1225,,,,,,,,,,,,,1e-05,inverse,2999999.999993491,True,,nan,0,50,diag,0.001,0,0,0,24010000,False,4.0,SE,0.1,1.5,1.0,,0,100000,btab_auto_topk_2048,35,5,4,1000,3000000,cufinufft,binned_c1,50,4,1.2582399397149147e-07,pcg,converged,4,,True,0.1,0,0.0,0.00034585271184787986,0.02000122658255651,0,0.1,exact,ok,,0.0006909164000262535,0.0034545820001312677,0.00026802700000416735,0.0010721080000166694,0.0,0,,,0.0005273250000072949,1.5918250028335024e-05,6.36730001133401e-05,3.204924999522518e-05,0.00012819699998090073,0.0001290097499975218,0.0005160389999900872,0.10802252099995258,0.03513983699997425,0.05314698500001214,0.0,0.01819692699996267,5.143100000282175e-05,0.000205724000011287,,,3.064299994548492e-05,0.027249303999951735,0.1094052550000697,0.029491771999914818,0.11696365500006323,0.0015387720000035188,0.14421295900001496,0.14424360199996045,1e-06,,v6_btab
1225,expanded_box,topk,1225,,4096,0,"[17, 17]","[35, 35]",1225,topk,1225,,4096,80000,1225,cheap,30,0.01,,,,,,,,,,,,,,,,,inverse,20000,group_a,50,diag,0.001,50,auto,auto,4,5,1.25823993597918e-07,0,,,2,synthetic_true_func_2d_n3000000,False,NVIDIA L4,cheap,0,0,0,0,0,0,2,1225,,,,,,,,,,,,,1e-05,inverse,2999999.9999934905,True,,nan,0,50,diag,0.001,0,0,0,24010000,False,4.0,SE,0.1,1.5,1.0,,0,100000,btab_auto_topk_4096,35,5,4,1000,3000000,cufinufft,binned_c1,50,4,1.25823993597918e-07,pcg,converged,4,,True,0.1,0,0.0,0.0003458527118466531,0.020001226582556497,0,0.1,exact,ok,,0.0006868897999993351,0.0034344489999966754,0.0002639660000340882,0.0010558640001363528,0.0,0,,,0.0005825050000112242,1.6319499991368502e-05,6.527799996547401e-05,3.067474997919817e-05,0.00012269899991679267,0.00012448674999632203,0.0004979469999852881,0.10791493400006402,0.035032449000027555,0.05313316400008716,0.0,0.018195199999922806,5.5171250011198936e-05,0.00022068500004479574,,,3.213100001175917e-05,0.02743997799996123,0.1093491860000313,0.02954704399996899,0.11685079400001541,0.0015541210000264982,0.14429077199997664,0.1443229029999884,1e-06,,v6_btab
1225,expanded_box,topk,1024,,1024,0,"[17, 17]","[35, 35]",1225,topk,1024,,1024,80000,1225,cheap,30,0.01,,cupy,7.0101868058696925e-15,1.127722392152062e-15,320,162,162,,162,64,1225,0,1255424,4517.951721417812,45179.51721417812,0.001,boxeig,20000,group_a,50,diag,0.001,50,auto,boxeig,114,115,9.797109056920856e-07,0,,,2,synthetic_true_func_2d_n3000000,False,NVIDIA L4,cheap,64,0,64,64,0,0,2,1225,,,,,,,7.0101868058696925e-15,1.127722392152062e-15,,,,,1e-05,boxeig,2999999.9999934905,True,,nan,0,0,,nan,0,0,0,0,False,114.0,SE,0.1,1.5,1.0,,76176,100000,btab_boxeig_topk_1024_q64,35,115,114,1000,3000000,cufinufft,binned_c1,50,114,9.797109056920856e-07,pcg,converged,114,,True,0.1,0,0.0,0.0003541918149087301,0.02000132433441678,0,0.1,boxeig,ok,,0.0006900950869531579,0.07936093499961316,0.000409264552632649,0.04665615900012199,0.0,0,,45179.51721417812,0.0005570089999764605,1.801300877041126e-05,0.0020534829998268833,2.9629903510515743e-05,0.003377809000198795,0.0002634789122822169,0.03003659600017272,0.12643097399995895,0.0,0.0,0.0008645269999760785,0.0,5.7783631584578343e-05,0.006587334000641931,0.12556644699998287,,0.02606713199998012,0.027426067999954284,0.12741412499997296,0.02963297999997394,0.3287564540000858,0.0,0.3561825220000401,0.3822496540000202,1e-06,,v7_btab_boxeig
1225,expanded_box,topk,1024,,1024,0,"[17, 17]","[35, 35]",1225,topk,1024,,1024,80000,1225,cheap,30,0.01,,cupy,2.3681454513105046e-13,4.078704038090534e-15,640,290,290,,290,128,1225,0,2510848,212.57110044798816,2125.7110044798815,0.001,boxeig,20000,group_a,50,diag,0.001,50,auto,boxeig,30,31,8.031041130748062e-07,0,,,2,synthetic_true_func_2d_n3000000,False,NVIDIA L4,cheap,128,0,128,128,0,0,2,1225,,,,,,,2.3681454513105046e-13,4.078704038090534e-15,,,,,1e-05,boxeig,2999999.9999934905,True,,nan,0,0,,nan,0,0,0,0,False,30.0,SE,0.1,1.5,1.0,,76176,100000,btab_boxeig_topk_1024_q128,35,31,30,1000,3000000,cufinufft,binned_c1,50,30,8.031041130748062e-07,pcg,converged,30,,True,0.1,0,0.0,0.00035236529276160185,0.02000131850734474,0,0.1,boxeig,ok,,0.0007553472258025302,0.023415763999878436,0.0004317927666572056,0.012953782999716168,0.0,0,,2125.7110044798815,0.0005737059999546545,1.931573334180333e-05,0.0005794720002540998,3.137560000444258e-05,0.0009412680001332774,0.00027540556665523277,0.008262166999656984,0.23745428099994115,0.0,0.0,0.0008984649999774774,0.0,6.164976667453933e-05,0.0018494930002361798,0.23655581599996367,,0.056819126000050346,0.027544094000063524,0.23846791699997993,0.029723495999974148,0.29678298399994674,0.0,0.32432707800001026,0.3811462040000606,1e-06,,v7_btab_boxeig
1225,expanded_box,topk,1225,,2048,0,"[17, 17]","[35, 35]",1225,topk,1225,,2048,80000,1225,cheap,30,0.01,,cupy,6.949355021474162e-15,1.1221231950043226e-15,320,162,162,,162,64,1225,0,1255424,4517.951721417813,45179.51721417813,0.001,boxeig,20000,group_a,50,diag,0.001,50,auto,boxeig,114,115,9.926301745472737e-07,0,,,2,synthetic_true_func_2d_n3000000,False,NVIDIA L4,cheap,64,0,64,64,0,0,2,1225,,,,,,,6.949355021474162e-15,1.1221231950043226e-15,,,,,1e-05,boxeig,2999999.9999934905,True,,nan,0,0,,nan,0,0,0,0,False,114.0,SE,0.1,1.5,1.0,,76176,100000,btab_boxeig_topk_2048_q64,35,115,114,1000,3000000,cufinufft,binned_c1,50,114,9.926301745472737e-07,pcg,converged,114,,True,0.1,0,0.0,0.00035419609738737516,0.020001324525580674,0,0.1,boxeig,ok,,0.0006883592695569108,0.07916131599904475,0.00040722957017056105,0.04642417099944396,0.0,0,,45179.51721417813,0.0005684620000465657,1.8284096471002715e-05,0.0020843869976943097,2.9535692996225343e-05,0.003367069001569689,0.0002612992982548939,0.029788120001057905,0.12644488099999762,0.0,0.0,0.0008934459999636601,0.0,5.773642982874886e-05,0.00658195300047737,0.12555143500003396,,0.02608619100010401,0.027475294000169015,0.12745863400004964,0.029452536000007967,0.3282104630000049,0.0,0.3556857570001739,0.3817719480002779,1e-06,,v7_btab_boxeig
1225,expanded_box,topk,1225,,2048,0,"[17, 17]","[35, 35]",1225,topk,1225,,2048,80000,1225,cheap,30,0.01,,cupy,3.468785813126233e-13,4.01017032862073e-15,640,290,290,,290,128,1225,0,2510848,212.57110044798824,2125.7110044798824,0.001,boxeig,20000,group_a,50,diag,0.001,50,auto,boxeig,30,31,8.368069759125937e-07,0,,,2,synthetic_true_func_2d_n3000000,False,NVIDIA L4,cheap,128,0,128,128,0,0,2,1225,,,,,,,3.468785813126233e-13,4.01017032862073e-15,,,,,1e-05,boxeig,2999999.9999934905,True,,nan,0,0,,nan,0,0,0,0,False,30.0,SE,0.1,1.5,1.0,,76176,100000,btab_boxeig_topk_2048_q128,35,31,30,1000,3000000,cufinufft,binned_c1,50,30,8.368069759125937e-07,pcg,converged,30,,True,0.1,0,0.0,0.00035237113117244745,0.020001318415709853,0,0.1,boxeig,ok,,0.0007560043870633367,0.023436135998963437,0.0004291914000077668,0.012875742000233004,0.0,0,,2125.7110044798824,0.0005342889999155886,1.882513333081685e-05,0.0005647539999245055,3.08178333474037e-05,0.0009245350004221109,0.0002711321666614216,0.008133964999842647,0.27615144600008534,0.0,0.0,0.0008413119999204355,0.0,6.390313332455359e-05,0.0019170939997366077,0.2753101340001649,,0.056511082000042734,0.027745922000121936,0.27711175600006754,0.029700723999894763,0.33520009800008665,0.0,0.3629460200002086,0.4194571020002513,1e-06,,v7_btab_boxeig
1225,expanded_box,topk,1225,,2048,0,"[17, 17]","[35, 35]",1225,topk,1225,,2048,80000,1225,cheap,30,0.01,,cupy,1.637984304242292e-12,1.0617084255241362e-14,960,418,418,,418,192,1225,0,3766272,12.137522119663402,121.37522119663402,0.001,boxeig,20000,group_a,50,diag,0.001,50,auto,boxeig,4,5,8.281628557757967e-07,0,,,2,synthetic_true_func_2d_n3000000,False,NVIDIA L4,cheap,192,0,192,192,0,0,2,1225,,,,,,,1.637984304242292e-12,1.0617084255241362e-14,,,,,1e-05,boxeig,2999999.9999934905,True,,nan,0,0,,nan,0,0,0,0,False,4.0,SE,0.1,1.5,1.0,,76176,100000,btab_boxeig_topk_2048_q192,35,5,4,1000,3000000,cufinufft,binned_c1,50,4,8.281628557757967e-07,pcg,converged,4,,True,0.1,0,0.0,0.000432367636946226,0.02000292479541896,0,0.1,boxeig,ok,,0.0007941714000480715,0.003970857000240358,0.0004318959999523031,0.0017275839998092124,0.0,0,,121.37522119663402,0.0005390300000271964,1.8838500011497672e-05,7.535400004599069e-05,3.0118500035314355e-05,0.00012047400014125742,0.00027694074998407814,0.0011077629999363126,0.35408161800000926,0.0,0.0,0.000850618999947983,0.0,6.096900000329697e-05,0.00024387600001318788,0.3532309990000613,,0.08903788500015253,0.027628604000028645,0.35509035899985975,0.02956161199995222,0.3642279650000546,0.0,0.39185656900008325,0.4808944540002358,1e-06,,v7_btab_boxeig
1225,expanded_box,topk,1225,,4096,0,"[17, 17]","[35, 35]",1225,topk,1225,,4096,80000,1225,cheap,30,0.01,,cupy,1.4004057898633908e-13,4.181050173245869e-15,640,290,290,,290,128,1225,0,2510848,212.57110044798807,2125.7110044798806,0.001,boxeig,20000,group_a,50,diag,0.001,50,auto,boxeig,30,31,8.139749119379037e-07,0,,,2,synthetic_true_func_2d_n3000000,False,NVIDIA L4,cheap,128,0,128,128,0,0,2,1225,,,,,,,1.4004057898633908e-13,4.181050173245869e-15,,,,,1e-05,boxeig,2999999.9999934905,True,,nan,0,0,,nan,0,0,0,0,False,30.0,SE,0.1,1.5,1.0,,76176,100000,btab_boxeig_topk_4096_q128,35,31,30,1000,3000000,cufinufft,binned_c1,50,30,8.139749119379037e-07,pcg,converged,30,,True,0.1,0,0.0,0.0003523710933688178,0.020001318576764675,0,0.1,boxeig,ok,,0.0007505542257824286,0.023267180999255288,0.0004295611333570074,0.012886834000710223,0.0,0,,2125.7110044798806,0.0005129150001721428,1.9582899972192537e-05,0.0005874869991657761,3.147449998929612e-05,0.0009442349996788835,0.0002719315333327662,0.008157945999982985,0.2363417980000122,0.0,0.0,0.0008544119998532551,0.0,6.202876666823916e-05,0.0018608630000471749,0.23548738600015895,,0.056109521000053064,0.027453809000007823,0.23727971799985426,0.02967028000011851,0.2952039709998644,0.0,0.3226577799998722,0.3787673009999253,1e-06,,v7_btab_boxeig
1225,expanded_box,topk,1225,,4096,0,"[17, 17]","[35, 35]",1225,topk,1225,,4096,80000,1225,cheap,30,0.01,,cupy,1.1170390448460282e-12,1.309032796508694e-14,960,418,418,,418,192,1225,0,3766272,12.137522119663215,121.37522119663214,0.001,boxeig,20000,group_a,50,diag,0.001,50,auto,boxeig,4,5,8.281628642958475e-07,0,,,2,synthetic_true_func_2d_n3000000,False,NVIDIA L4,cheap,192,0,192,192,0,0,2,1225,,,,,,,1.1170390448460282e-12,1.309032796508694e-14,,,,,1e-05,boxeig,2999999.9999934905,True,,nan,0,0,,nan,0,0,0,0,False,4.0,SE,0.1,1.5,1.0,,76176,100000,btab_boxeig_topk_4096_q192,35,5,4,1000,3000000,cufinufft,binned_c1,50,4,8.281628642958475e-07,pcg,converged,4,,True,0.1,0,0.0,0.0004323676385817325,0.020002924795433624,0,0.1,boxeig,ok,,0.0007981601999745181,0.00399080099987259,0.00043452349984818284,0.0017380939993927313,0.0,0,,121.37522119663214,0.0005566539998653752,1.915950002739919e-05,7.663800010959676e-05,3.006575002473255e-05,0.0001202630000989302,0.00027963325010205153,0.0011185330004082061,0.35685396100006983,0.0,0.0,0.0008644320000712469,0.0,6.15479999623858e-05,0.0002461919998495432,0.3559895289999986,,0.08927678400004879,0.02746911999997792,0.35785916999998335,0.029816320000009,0.36704520400007823,0.0,0.39451432400005615,0.48379110800010494,1e-06,,v7_btab_boxeig
1225,expanded_box,topk,1225,,4096,0,"[17, 17]","[35, 35]",1225,topk,1225,,4096,80000,1225,cheap,30,0.01,,cupy,1.8566208389463127e-11,7.700453239451139e-14,1280,546,546,,546,256,1225,0,5021696,0.7149467193809719,7.149467193809718,0.001,boxeig,20000,group_a,50,diag,0.001,50,auto,boxeig,1,2,3.4844770067520315e-07,0,,,2,synthetic_true_func_2d_n3000000,False,NVIDIA L4,cheap,256,0,256,256,0,0,2,1225,,,,,,,1.8566208389463127e-11,7.700453239451139e-14,,,,,1e-05,boxeig,2999999.9999934905,True,,nan,0,0,,nan,0,0,0,0,False,1.0,SE,0.1,1.5,1.0,,76176,100000,btab_boxeig_topk_4096_q256,35,2,1,1000,3000000,cufinufft,binned_c1,50,1,3.4844770067520315e-07,pcg,converged,1,,True,0.1,0,0.0,0.0003653856793622825,0.02000162590933358,0,0.1,boxeig,ok,,0.000883971999996902,0.001767943999993804,0.00048725300007390615,0.00048725300007390615,0.0,0,,7.149467193809718,0.0005973180000182765,1.936500007104769e-05,1.936500007104769e-05,3.0790999971941346e-05,3.0790999971941346e-05,0.0003184360000432207,0.0003184360000432207,0.4882502589998694,0.0,0.0,0.0008894759998838708,0.0,6.901400001879665e-05,6.901400001879665e-05,0.48736078299998553,,0.11448184100004255,0.02801242300006379,0.489297347000047,0.02978755200001615,0.49283783900000344,0.0,0.5208502620000672,0.6353321030001098,1e-06,,v7_btab_boxeig
1225,expanded_box,topk,1225,,8192,0,"[17, 17]","[35, 35]",1225,topk,1225,,8192,80000,1225,cheap,30,0.01,,cupy,2.3271302917157437e-13,4.0195340983807684e-15,640,290,290,,290,128,1225,0,2510848,212.57110044798821,2125.711004479882,0.001,boxeig,20000,group_a,50,diag,0.001,50,auto,boxeig,30,31,8.251071649420683e-07,0,,,2,synthetic_true_func_2d_n3000000,False,NVIDIA L4,cheap,128,0,128,128,0,0,2,1225,,,,,,,2.3271302917157437e-13,4.0195340983807684e-15,,,,,1e-05,boxeig,2999999.9999934905,True,,nan,0,0,,nan,0,0,0,0,False,30.0,SE,0.1,1.5,1.0,,76176,100000,btab_boxeig_topk_8192_q128,35,31,30,1000,3000000,cufinufft,binned_c1,50,30,8.251071649420683e-07,pcg,converged,30,,True,0.1,0,0.0,0.00035236391234320116,0.02000131843656548,0,0.1,boxeig,ok,,0.0007506264193374766,0.023269418999461777,0.000428552733349837,0.01285658200049511,0.0,0,,2125.711004479882,0.0005722239998249279,1.8794666652865998e-05,0.00056383999958598,3.0091066666197245e-05,0.0009027319999859174,0.0002731618000022233,0.008194854000066698,0.23599904500019875,0.0,0.0,0.0008693640002093161,0.0,6.350846667828592e-05,0.0019052540003485774,0.23512968099998943,,0.056578661000003194,0.02739895800004888,0.23700828400001228,0.0296565080000164,0.29491967799981467,0.0,0.32231863599986355,0.37889729699986674,1e-06,,v7_btab_boxeig
1225,expanded_box,topk,1225,,8192,0,"[17, 17]","[35, 35]",1225,topk,1225,,8192,80000,1225,cheap,30,0.01,,cupy,2.7418427210003353e-12,1.1756067043681267e-14,960,418,418,,418,192,1225,0,3766272,12.13752211966333,121.3752211966333,0.001,boxeig,20000,group_a,50,diag,0.001,50,auto,boxeig,4,5,8.281628652515701e-07,0,,,2,synthetic_true_func_2d_n3000000,False,NVIDIA L4,cheap,192,0,192,192,0,0,2,1225,,,,,,,2.7418427210003353e-12,1.1756067043681267e-14,,,,,1e-05,boxeig,2999999.9999934905,True,,nan,0,0,,nan,0,0,0,0,False,4.0,SE,0.1,1.5,1.0,,76176,100000,btab_boxeig_topk_8192_q192,35,5,4,1000,3000000,cufinufft,binned_c1,50,4,8.281628652515701e-07,pcg,converged,4,,True,0.1,0,0.0,0.00043236763756029104,0.020002924795358402,0,0.1,boxeig,ok,,0.0008075114000348549,0.0040375570001742744,0.00044293724999988626,0.001771748999999545,0.0,0,,121.3752211966333,0.0005504549999386654,1.9152500044583576e-05,7.66100001783343e-05,3.271000002769142e-05,0.00013084000011076569,0.00028147824997404314,0.0011259129998961726,0.35973575599996366,0.0,0.0,0.0008627540000816225,0.0,6.463749986096445e-05,0.0002585499994438578,0.35887300199988204,,0.09020236199989995,0.02726369600009093,0.3607228359999226,0.02970414499986873,0.3699612380000872,0.0,0.3972249340001781,0.48742729600007806,1e-06,,v7_btab_boxeig
1225,expanded_box,topk,1225,,8192,0,"[17, 17]","[35, 35]",1225,topk,1225,,8192,80000,1225,cheap,30,0.01,,cupy,3.8484942518290565e-11,6.827171290880787e-14,1280,546,546,,546,256,1225,0,5021696,0.7149467193808072,7.149467193808072,0.001,boxeig,20000,group_a,50,diag,0.001,50,auto,boxeig,1,2,3.484456798915357e-07,0,,,2,synthetic_true_func_2d_n3000000,False,NVIDIA L4,cheap,256,0,256,256,0,0,2,1225,,,,,,,3.8484942518290565e-11,6.827171290880787e-14,,,,,1e-05,boxeig,2999999.9999934905,True,,nan,0,0,,nan,0,0,0,0,False,1.0,SE,0.1,1.5,1.0,,76176,100000,btab_boxeig_topk_8192_q256,35,2,1,1000,3000000,cufinufft,binned_c1,50,1,3.484456798915357e-07,pcg,converged,1,,True,0.1,0,0.0,0.0003653856843334292,0.02000162590935319,0,0.1,boxeig,ok,,0.0008734445000300184,0.0017468890000600368,0.0004786559998137818,0.0004786559998137818,0.0,0,,7.149467193808072,0.0005862210000486812,1.8610999859447475e-05,1.8610999859447475e-05,3.180099997734942e-05,3.180099997734942e-05,0.0003210889999536448,0.0003210889999536448,0.49445014300022194,0.0,0.0,0.00085394500001712,0.0,6.0942999880353455e-05,6.0942999880353455e-05,0.4935961980002048,,0.1153694639999685,0.027963607999936357,0.4955247349998899,0.029608437999968373,0.4990174530000786,0.0,0.526981061000015,0.6423505249999835,1e-06,,v7_btab_boxeig
1225,expanded_box,topk,1225,,16384,0,"[17, 17]","[35, 35]",1225,topk,1225,,16384,80000,1225,cheap,30,0.01,,cupy,1.3698627305111138e-13,3.2749442013060164e-15,640,290,290,,290,128,1225,0,2510848,212.57110044798821,2125.711004479882,0.001,boxeig,20000,group_a,50,diag,0.001,50,auto,boxeig,30,31,8.113315419898253e-07,0,,,2,synthetic_true_func_2d_n3000000,False,NVIDIA L4,cheap,128,0,128,128,0,0,2,1225,,,,,,,1.3698627305111138e-13,3.2749442013060164e-15,,,,,1e-05,boxeig,2999999.9999934905,True,,nan,0,0,,nan,0,0,0,0,False,30.0,SE,0.1,1.5,1.0,,76176,100000,btab_boxeig_topk_16384_q128,35,31,30,1000,3000000,cufinufft,binned_c1,50,30,8.113315419898253e-07,pcg,converged,30,,True,0.1,0,0.0,0.00035237473814778717,0.02000131876199441,0,0.1,boxeig,ok,,0.0007539733871101728,0.023373175000415358,0.0004286412333082505,0.012859236999247514,0.0,0,,2125.711004479882,0.0006168899999465793,1.9785466649106334e-05,0.00059356399947319,3.1198466702638444e-05,0.0009359540010791534,0.0002713486666607423,0.00814045999982227,0.7074588240002413,0.0,0.0,0.0008362440000837523,0.0,6.302153331034787e-05,0.0018906459993104363,0.7066225800001575,,0.05509662800000115,0.028199113000027864,0.7085123900001236,0.02975590400001238,0.766469971999868,0.0,0.7946690849998959,0.849765712999897,1e-06,,v7_btab_boxeig
1225,expanded_box,topk,1225,,16384,0,"[17, 17]","[35, 35]",1225,topk,1225,,16384,80000,1225,cheap,30,0.01,,cupy,1.5239171343076737e-12,1.294868860965383e-14,960,418,418,,418,192,1225,0,3766272,12.137522119663343,121.37522119663342,0.001,boxeig,20000,group_a,50,diag,0.001,50,auto,boxeig,4,5,8.281628514232609e-07,0,,,2,synthetic_true_func_2d_n3000000,False,NVIDIA L4,cheap,192,0,192,192,0,0,2,1225,,,,,,,1.5239171343076737e-12,1.294868860965383e-14,,,,,1e-05,boxeig,2999999.9999934905,True,,nan,0,0,,nan,0,0,0,0,False,4.0,SE,0.1,1.5,1.0,,76176,100000,btab_boxeig_topk_16384_q192,35,5,4,1000,3000000,cufinufft,binned_c1,50,4,8.281628514232609e-07,pcg,converged,4,,True,0.1,0,0.0,0.000432367637289072,0.020002924795381714,0,0.1,boxeig,ok,,0.000851640199925896,0.00425820099962948,0.0004477939999674163,0.0017911759998696652,0.0,0,,121.37522119663342,0.000565428000072643,1.9028749932203937e-05,7.611499972881575e-05,3.276174993516179e-05,0.00013104699974064715,0.00028732074997606105,0.0011492829999042442,0.3894039919998704,0.0,0.0,0.0009233859998403204,0.0,6.369174997189475e-05,0.000254766999887579,0.3884806060000301,,0.09472651700002643,0.027472814000020662,0.3903997330000948,0.029941286000166656,0.4000271789998351,0.0,0.42749999299985575,0.5222265099998822,1e-06,,v7_btab_boxeig
1225,expanded_box,topk,1225,,16384,0,"[17, 17]","[35, 35]",1225,topk,1225,,16384,80000,1225,cheap,30,0.01,,cupy,1.427750107838591e-11,3.853495168070796e-14,1280,546,546,,546,256,1225,0,5021696,0.7149467193811434,7.149467193811434,0.001,boxeig,20000,group_a,50,diag,0.001,50,auto,boxeig,1,2,3.4844739878575785e-07,0,,,2,synthetic_true_func_2d_n3000000,False,NVIDIA L4,cheap,256,0,256,256,0,0,2,1225,,,,,,,1.427750107838591e-11,3.853495168070796e-14,,,,,1e-05,boxeig,2999999.9999934905,True,,nan,0,0,,nan,0,0,0,0,False,1.0,SE,0.1,1.5,1.0,,76176,100000,btab_boxeig_topk_16384_q256,35,2,1,1000,3000000,cufinufft,binned_c1,50,1,3.4844739878575785e-07,pcg,converged,1,,True,0.1,0,0.0,0.0003653856867776028,0.020001625909395224,0,0.1,boxeig,ok,,0.0008950074999347635,0.001790014999869527,0.00048063099984574364,0.00048063099984574364,0.0,0,,7.149467193811434,0.0005834349999531696,1.8901999965237337e-05,1.8901999965237337e-05,3.0950000109442044e-05,3.0950000109442044e-05,0.0003235399999539368,0.0003235399999539368,0.8846975799997381,0.0,0.0,0.0008401339998727053,0.0,6.020299997544498e-05,6.020299997544498e-05,0.8838574459998654,,0.11473601099987718,0.027490127999953984,0.885751743000128,0.029900687000008475,0.8893030829999589,0.0,0.9167932109999128,1.03152922199979,1e-06,,v7_btab_boxeig
35721,,,,,,,,,,,,,,,,,,,,,,,,,,,,,,,,,,,,,group_a,,,,,,,997,998,9.511225757786983e-07,,,,2,synthetic_true_func_2d_n3000000,False,NVIDIA L4,,,,,,,,2,35721,,,,,,,,,0,0,,,1e-05,,,True,,,,,,,,,,,False,997.0,matern,0.1,1.5,1.0,,,100000,plain_cg,189,998,,1000,3000000,cufinufft,cufinufft,,,,,,,,True,0.1,0,,0.0008834436735271975,0.01997122265704446,0,,,ok,,0.0006226635010073994,0.6214181740053846,,,,,,,,,,,,,,,,,,,,,,,,0.08300528899985693,,0.02957320499990601,1.0483576460001132,,1.1313636459999543,,1e-06,,v1
35721,,,,,,,,,,,,,,,,,,,,,,,,,,,,,,,,,,,,,group_a,,,,,,,244,245,9.600298701464472e-07,,,nan,2,synthetic_true_func_2d_n3000000,False,NVIDIA L4,,,,,,,,2,35721,98,3,nan,,2815.262302179702,0.006492890348921892,,,5,482,0.00038680643263694164,0.18644070053100587,1e-05,,,True,[],,,,,,,,,,False,244.0,matern,0.1,1.5,1.0,nan,,100000,eigenpro_pcg_q90,189,245,244,1000,3000000,cufinufft,binned_c1,,,,,,,full_eigenpro,True,0.1,0,,0.000889516940533848,0.01997135284292813,0,,,ok,,0.0006386306775469592,0.15646451599900502,0.0005967864303318225,0.14561588900096467,,,[],,,,,,,,,,,,,,,,,0.47205927499999234,,0.06095988599986413,0.000309252000079141,0.02952220799988936,0.45461379800008217,,0.9879422110000178,,1e-06,90,v3
35721,,,,,,,,,,,,,,,,,,,,,,,,,,,,,,,,,,,,,group_a,,,,,,,131,132,9.900151485223571e-07,,,nan,2,synthetic_true_func_2d_n3000000,False,NVIDIA L4,,,,,,,,2,35721,188,3,nan,,1020.7203844519889,0.002350920960193273,,,5,932,0.0004815129292369401,0.44877005004882814,1e-05,,,True,[],,,,,,,,,,False,131.0,matern,0.1,1.5,1.0,nan,,100000,eigenpro_pcg_q180,189,132,131,1000,3000000,cufinufft,binned_c1,,,,,,,full_eigenpro,True,0.1,0,,0.000888851194471117,0.019971291113923883,0,,,ok,,0.0006420320909125043,0.08474823600045056,0.0010472358473221722,0.13718789599920456,,,[],,,,,,,,,,,,,,,,,1.0323312210000495,,0.05814500499991482,0.00032184199994844676,0.029472403999989183,0.3071663890000309,,1.3979644569999436,,1e-06,180,v3
35721,expanded_box,topk,512,,512,0,"[12, 12]","[25, 25]",625,topk,512,,512,80000,625,cheap,30,0.01,,,,,,,,,,,,,,,,,inverse,20000,group_a,50,diag,0.001,50,auto,auto,256,257,9.440676482705301e-07,0,,,2,synthetic_true_func_2d_n3000000,False,NVIDIA L4,cheap,0,0,0,0,0,0,2,35721,,,,,,,,,,,,,1e-05,inverse,2999999.999996535,True,,nan,0,50,diag,0.001,0,0,0,6250000,False,256.0,matern,0.1,1.5,1.0,,0,100000,btab_auto_topk_512,189,257,256,1000,3000000,cufinufft,binned_c1,50,256,9.440676482705301e-07,pcg,converged,256,,True,0.1,0,3940.552263332592,0.0008855251446563008,0.01997082568634613,0,0.1,exact,ok,,0.0006309336575935754,0.16214995000154886,0.00027271549218976787,0.06981516600058058,1388670.769006471,35096,,,0.0015059529998779908,4.320676562041825e-05,0.011060931998827073,3.9642351566726575e-05,0.010148442001082003,9.740089844267885e-05,0.024934630001325786,0.02382909099992503,0.008787735999931101,0.008630476000007548,0.0,0.006171669999957885,5.3273675782783414e-05,0.013638061000392554,,,0.0003081610000208457,0.05732032600008097,0.026292307999938203,0.029691133999904196,0.41150532899996506,0.0002392090000284952,0.468825655000046,0.46913381600006687,1e-06,,v6_btab
35721,expanded_box,topk,1024,,1024,0,"[18, 18]","[37, 37]",1369,topk,1024,,1024,80000,1369,cheap,30,0.01,,,,,,,,,,,,,,,,,inverse,20000,group_a,50,diag,0.001,50,auto,auto,134,135,8.421202415916165e-07,0,,,2,synthetic_true_func_2d_n3000000,False,NVIDIA L4,cheap,0,0,0,0,0,0,2,35721,,,,,,,,,,,,,1e-05,inverse,2999999.999996535,True,,nan,0,50,diag,0.001,0,0,0,29986576,False,134.0,matern,0.1,1.5,1.0,,0,100000,btab_auto_topk_1024,189,135,134,1000,3000000,cufinufft,binned_c1,50,134,8.421202415916165e-07,pcg,converged,134,,True,0.1,0,720.4550297588038,0.0008850994567805992,0.019970808626338765,0,0.1,exact,ok,,0.0006303971777840532,0.08510361900084717,0.0003103348283563868,0.04158486699975583,477730.6211788942,34352,,,0.0015679559999171033,4.338556717262256e-05,0.005813666001131423,3.907840299410991e-05,0.005236506001210728,0.00013515085074958285,0.018110214000444103,0.13200060599979224,0.04449744799990185,0.06480090899981406,0.0,0.020596774000068763,5.362794029937124e-05,0.007186144000115746,,,0.00027603599983194727,0.05812757400008195,0.13463632100001632,0.029508088000056887,0.3415856110000277,0.002105475000007573,0.39971318500010966,0.3999892209999416,1e-06,,v6_btab
35721,expanded_box,topk,2048,,2048,0,"[25, 25]","[51, 51]",2601,topk,2048,,2048,80000,2601,cheap,30,0.01,,,,,,,,,,,,,,,,,inverse,20000,group_a,50,diag,0.001,50,auto,auto,86,87,7.683502287907257e-07,0,,,2,synthetic_true_func_2d_n3000000,False,NVIDIA L4,cheap,0,0,0,0,0,0,2,35721,,,,,,,,,,,,,1e-05,inverse,2999999.999996535,True,,nan,0,50,diag,0.001,0,0,0,108243216,False,86.0,matern,0.1,1.5,1.0,,0,100000,btab_auto_topk_2048,189,87,86,1000,3000000,cufinufft,binned_c1,50,86,7.683502287907257e-07,pcg,converged,86,,True,0.1,0,163.6430282154797,0.0008843257865715339,0.019970804834613037,0,0.1,exact,ok,,0.0006399109195485678,0.0556722500007254,0.0008288688837151418,0.0712827239995022,189063.11327739028,33120,,,0.0017077889999654872,4.319258141285265e-05,0.0037145620015053282,4.330902325808322e-05,0.0037245760001951567,0.0006486549418458137,0.055784324998739976,0.689009864000127,0.1902864569999565,0.39893595400008053,0.0,0.09110989700002392,5.3857790695728066e-05,0.004631769999832613,,,0.0002832340001077682,0.05794782800012399,0.6918243620000339,0.029669044999991456,0.8713260689999061,0.008677556000066033,0.92927389700003,0.9295571310001378,1e-06,,v6_btab
35721,expanded_box,topk,4096,,4096,0,"[36, 36]","[73, 73]",5329,topk,4096,,4096,80000,5329,cheap,30,0.01,,,,,,,,,,,,,,,,,inverse,20000,group_a,50,diag,0.001,50,auto,auto,38,39,7.640757200818967e-07,0,,,2,synthetic_true_func_2d_n3000000,False,NVIDIA L4,cheap,0,0,0,0,0,0,2,35721,,,,,,,,,,,,,1e-05,inverse,2999999.999996535,True,,nan,0,50,diag,0.001,0,0,0,454371856,False,38.0,matern,0.1,1.5,1.0,,0,100000,btab_auto_topk_4096,189,39,38,1000,3000000,cufinufft,binned_c1,50,38,7.640757200818967e-07,pcg,converged,38,,True,0.1,0,29.51559534762896,0.0008834598663967052,0.01997080115964692,0,0.1,exact,ok,,0.0006535669487139109,0.025489110999842524,0.002172295499995495,0.0825472289998288,63724.11403807059,30392,,,0.0018652909998309042,4.426160525757663e-05,0.001681940999787912,4.7793684200912955e-05,0.0018161599996346922,0.001984635184217759,0.07541613700027483,4.661329194000018,0.7848563319998902,3.2451315680000334,0.0,0.5949358420000408,5.410063158107828e-05,0.0020558240000809747,,,0.00027676599984260974,0.05791938300012589,4.664368269000079,0.029675224999891725,4.796420350000062,0.03640545200005363,4.854339733000188,4.854616499000031,1e-06,,v6_btab
35721,expanded_box,topk,1024,,1024,0,"[18, 18]","[37, 37]",1369,topk,1024,,1024,80000,1369,cheap,30,0.01,,cupy,3.663783973352477e-15,1.0485486754765729e-15,320,162,162,,162,64,1369,34352,1402880,7551.5735311009785,75515.73531100978,0.001,boxeig,20000,group_a,50,diag,0.001,50,auto,boxeig,252,253,8.92929486051856e-07,0,,,2,synthetic_true_func_2d_n3000000,False,NVIDIA L4,cheap,64,0,64,64,0,0,2,35721,,,,,,,3.663783973352477e-15,1.0485486754765729e-15,,,,,1e-05,boxeig,2999999.999996535,True,,nan,0,0,,nan,0,0,0,0,False,252.0,matern,0.1,1.5,1.0,,85264,100000,btab_boxeig_topk_1024_q64,189,253,252,1000,3000000,cufinufft,binned_c1,50,252,8.92929486051856e-07,pcg,converged,252,,True,0.1,0,720.4550297588038,0.0008872818006067886,0.019970870195597196,0,0.1,boxeig,ok,,0.0006607345652200856,0.16716584500068166,0.00042773779365046406,0.10778992399991694,477730.6211788942,34352,,75515.73531100978,0.0015678090001074452,4.577267459931064e-05,0.01153471399902628,3.748176587192026e-05,0.009445404999723905,0.0002490979960350434,0.06277269500083094,0.12982453900008295,0.0,0.0,0.0010294860001067718,0.0,5.5565460317868405e-05,0.014002496000102838,0.12879505299997618,,0.02654602600000544,0.058428427999842825,0.1318418880000536,0.029914405999988958,0.5646945210000922,0.0,0.623122948999935,0.6496689749999405,1e-06,,v7_btab_boxeig
35721,expanded_box,topk,1024,,1024,0,"[18, 18]","[37, 37]",1369,topk,1024,,1024,80000,1369,cheap,30,0.01,,cupy,1.4245280549694454e-14,1.2878128583819494e-15,640,290,290,,290,128,1369,34352,2805760,2073.568407717055,20735.684077170547,0.001,boxeig,20000,group_a,50,diag,0.001,50,auto,boxeig,164,165,8.692923435601515e-07,0,,,2,synthetic_true_func_2d_n3000000,False,NVIDIA L4,cheap,128,0,128,128,0,0,2,35721,,,,,,,1.4245280549694454e-14,1.2878128583819494e-15,,,,,1e-05,boxeig,2999999.999996535,True,,nan,0,0,,nan,0,0,0,0,False,164.0,matern,0.1,1.5,1.0,,85264,100000,btab_boxeig_topk_1024_q128,189,165,164,1000,3000000,cufinufft,binned_c1,50,164,8.692923435601515e-07,pcg,converged,164,,True,0.1,0,720.4550297588038,0.0008838800046647216,0.01997082906262067,0,0.1,boxeig,ok,,0.0006734966787806832,0.11112695199881273,0.0004225112073172346,0.06929183800002647,477730.6211788942,34352,,20735.684077170547,0.0015377369998077484,4.616190852857471e-05,0.007570552998686253,3.81421280427808e-05,0.0062553089990160515,0.0002411592926885688,0.03955012400092528,0.23501369100017655,0.0,0.0,0.001001520000045275,0.0,5.6167115859607735e-05,0.009211407000975669,0.23401217100013127,,0.049686158999975305,0.05792034299997795,0.23699031499995726,0.02950981599997249,0.5216165850001744,0.0,0.5795369280001523,0.6292230870001276,1e-06,,v7_btab_boxeig
35721,expanded_box,topk,2048,,2048,0,"[25, 25]","[51, 51]",2601,topk,2048,,2048,80000,2601,cheap,30,0.01,,cupy,5.5973719248171256e-15,1.1979627654402764e-15,320,162,162,,162,64,2601,33120,2664448,7553.1091383780795,75531.09138378079,0.001,boxeig,20000,group_a,50,diag,0.001,50,auto,boxeig,257,258,9.775154564906838e-07,0,,,2,synthetic_true_func_2d_n3000000,False,NVIDIA L4,cheap,64,0,64,64,0,0,2,35721,,,,,,,5.5973719248171256e-15,1.1979627654402764e-15,,,,,1e-05,boxeig,2999999.999996535,True,,nan,0,0,,nan,0,0,0,0,False,257.0,matern,0.1,1.5,1.0,,163216,100000,btab_boxeig_topk_2048_q64,189,258,257,1000,3000000,cufinufft,binned_c1,50,257,9.775154564906838e-07,pcg,converged,257,,True,0.1,0,163.6430282154797,0.0008852874920118461,0.01997088738838857,0,0.1,boxeig,ok,,0.00065462399612538,0.16889299100034805,0.0004235882529110136,0.1088621809981305,189063.11327739028,33120,,75531.09138378079,0.0016582470000230387,4.5151591452124495e-05,0.011603959003195996,3.6964225678753145e-05,0.009499805999439559,0.00024700073930473526,0.06347919000131697,0.12304448099985166,0.0,0.0,0.0009779629999684403,0.0,5.533692217650666e-05,0.014221588999362211,0.12206651799988322,,0.026156770999932633,0.0579691709999679,0.12510957599988615,0.029727399999956106,0.5635960429999614,0.0,0.6215652139999293,0.6477219849998619,1e-06,,v7_btab_boxeig
35721,expanded_box,topk,2048,,2048,0,"[25, 25]","[51, 51]",2601,topk,2048,,2048,80000,2601,cheap,30,0.01,,cupy,1.2405016129088398e-14,1.3252267033055404e-15,640,290,290,,290,128,2601,33120,5328896,2075.8850797797054,20758.85079779705,0.001,boxeig,20000,group_a,50,diag,0.001,50,auto,boxeig,129,130,9.633477700170146e-07,0,,,2,synthetic_true_func_2d_n3000000,False,NVIDIA L4,cheap,128,0,128,128,0,0,2,35721,,,,,,,1.2405016129088398e-14,1.3252267033055404e-15,,,,,1e-05,boxeig,2999999.999996535,True,,nan,0,0,,nan,0,0,0,0,False,129.0,matern,0.1,1.5,1.0,,163216,100000,btab_boxeig_topk_2048_q128,189,130,129,1000,3000000,cufinufft,binned_c1,50,129,9.633477700170146e-07,pcg,converged,129,,True,0.1,0,163.6430282154797,0.0008845944111025138,0.019970889224324283,0,0.1,boxeig,ok,,0.0006909504922969763,0.08982356399860691,0.0004595967131726231,0.05928797599926838,189063.11327739028,33120,,20758.85079779705,0.0016547529999115795,4.6994248057939855e-05,0.006062257999474241,3.872103100498622e-05,0.004995012999643222,0.0002738050232494075,0.035320847999173566,0.23805648600023233,0.0,0.0,0.0010062830001515977,0.0,5.823951937776472e-05,0.007512897999731649,0.23705020300008073,,0.05041825600005723,0.05790670900000805,0.24017293899987635,0.029310007000049154,0.4730377639998551,0.0,0.5309444729998631,0.5813627289999204,1e-06,,v7_btab_boxeig
35721,expanded_box,topk,2048,,2048,0,"[25, 25]","[51, 51]",2601,topk,2048,,2048,80000,2601,cheap,30,0.01,,cupy,4.078129808919963e-14,2.216177191405743e-15,960,418,418,,418,192,2601,33120,7993344,894.5960814328682,8945.960814328682,0.001,boxeig,20000,group_a,50,diag,0.001,50,auto,boxeig,100,101,9.80037246166636e-07,0,,,2,synthetic_true_func_2d_n3000000,False,NVIDIA L4,cheap,192,0,192,192,0,0,2,35721,,,,,,,4.078129808919963e-14,2.216177191405743e-15,,,,,1e-05,boxeig,2999999.999996535,True,,nan,0,0,,nan,0,0,0,0,False,100.0,matern,0.1,1.5,1.0,,163216,100000,btab_boxeig_topk_2048_q192,189,101,100,1000,3000000,cufinufft,binned_c1,50,100,9.80037246166636e-07,pcg,converged,100,,True,0.1,0,163.6430282154797,0.0008833239225468421,0.019970853346343426,0,0.1,boxeig,ok,,0.0007148287524709267,0.0721977039995636,0.00047650413997644134,0.04765041399764414,189063.11327739028,33120,,8945.960814328682,0.001696364000054018,5.002867000257538e-05,0.005002867000257538,4.1716070015809236e-05,0.004171607001580924,0.00028091378000453913,0.028091378000453915,0.3633030679998228,0.0,0.0,0.001035842999954184,0.0,6.106202999944799e-05,0.006106202999944799,0.36226722499986863,,0.07515591900005347,0.05805862700003672,0.3654701819998536,0.029616497999995772,0.5521738539998751,0.0,0.6102324809999118,0.6853883999999653,1e-06,,v7_btab_boxeig
35721,expanded_box,topk,4096,,4096,0,"[36, 36]","[73, 73]",5329,topk,4096,,4096,80000,5329,cheap,30,0.01,,cupy,1.2707733259282359e-14,1.3797983606456124e-15,640,290,290,,290,128,5329,30392,10915840,2076.1633870444343,20761.63387044434,0.001,boxeig,20000,group_a,50,diag,0.001,50,auto,boxeig,119,120,9.834067092167742e-07,0,,,2,synthetic_true_func_2d_n3000000,False,NVIDIA L4,cheap,128,0,128,128,0,0,2,35721,,,,,,,1.2707733259282359e-14,1.3797983606456124e-15,,,,,1e-05,boxeig,2999999.999996535,True,,nan,0,0,,nan,0,0,0,0,False,119.0,matern,0.1,1.5,1.0,,336400,100000,btab_boxeig_topk_4096_q128,189,120,119,1000,3000000,cufinufft,binned_c1,50,119,9.834067092167742e-07,pcg,converged,119,,True,0.1,0,29.51559534762896,0.0008886637048552316,0.019971037500326076,0,0.1,boxeig,ok,,0.0007004866250042597,0.08405839500051115,0.0004626816134471276,0.05505911200020819,63724.11403807059,30392,,20761.63387044434,0.0018844860001081543,4.7920252110325694e-05,0.005702510001128758,3.883667226500238e-05,0.004621563999535283,0.0002759188823534607,0.032834347000061825,0.24681307900004867,0.0,0.0,0.001037860999986151,0.0,5.828323528781888e-05,0.006935704999250447,0.24577521800006252,,0.05297519000009743,0.057266953999942416,0.24915564999992057,0.0295025440000245,0.4664138670000284,0.0,0.5236808209999708,0.5766560110000682,1e-06,,v7_btab_boxeig
35721,expanded_box,topk,4096,,4096,0,"[36, 36]","[73, 73]",5329,topk,4096,,4096,80000,5329,cheap,30,0.01,,cupy,6.168128642485258e-14,2.019288855267946e-15,960,418,418,,418,192,5329,30392,16373760,894.8925003561328,8948.925003561328,0.001,boxeig,20000,group_a,50,diag,0.001,50,auto,boxeig,79,80,9.505224969882971e-07,0,,,2,synthetic_true_func_2d_n3000000,False,NVIDIA L4,cheap,192,0,192,192,0,0,2,35721,,,,,,,6.168128642485258e-14,2.019288855267946e-15,,,,,1e-05,boxeig,2999999.999996535,True,,nan,0,0,,nan,0,0,0,0,False,79.0,matern,0.1,1.5,1.0,,336400,100000,btab_boxeig_topk_4096_q192,189,80,79,1000,3000000,cufinufft,binned_c1,50,79,9.505224969882971e-07,pcg,converged,79,,True,0.1,0,29.51559534762896,0.0008875026650552307,0.01997101378461639,0,0.1,boxeig,ok,,0.0007479774124988126,0.059838192999905004,0.0004981404303916976,0.03935309400094411,63724.11403807059,30392,,8948.925003561328,0.0019037060001210193,5.061841773544696e-05,0.00399885500110031,4.1940924057034634e-05,0.003313333000505736,0.00029878501266731417,0.02360401600071782,0.36902690999977494,0.0,0.0,0.001022734999878594,0.0,6.21213037885366e-05,0.004907582999294391,0.36800417499989635,,0.0786310420000973,0.05807030199980545,0.37139590900005715,0.029472580999936326,0.5265125970001918,0.0,0.5845828989999973,0.6632139410000946,1e-06,,v7_btab_boxeig
35721,expanded_box,topk,4096,,4096,0,"[36, 36]","[73, 73]",5329,topk,4096,,4096,80000,5329,cheap,30,0.01,,cupy,2.6908686005480026e-14,3.376968115796413e-15,1280,546,546,,546,256,5329,30392,21831680,451.07122404222616,4510.712240422261,0.001,boxeig,20000,group_a,50,diag,0.001,50,auto,boxeig,59,60,8.988553232636864e-07,0,,,2,synthetic_true_func_2d_n3000000,False,NVIDIA L4,cheap,256,0,256,256,0,0,2,35721,,,,,,,2.6908686005480026e-14,3.376968115796413e-15,,,,,1e-05,boxeig,2999999.999996535,True,,nan,0,0,,nan,0,0,0,0,False,59.0,matern,0.1,1.5,1.0,,336400,100000,btab_boxeig_topk_4096_q256,189,60,59,1000,3000000,cufinufft,binned_c1,50,59,8.988553232636864e-07,pcg,converged,59,,True,0.1,0,29.51559534762896,0.0008853014731769212,0.01997095992043234,0,0.1,boxeig,ok,,0.0007455004833294272,0.044730028999765636,0.0004945289322183841,0.029177207000884664,63724.11403807059,30392,,4510.712240422261,0.001866933999963294,4.936042371470756e-05,0.0029122649991677463,4.133069490816817e-05,0.002438510999581922,0.0002970951525108152,0.0175286139981381,0.49748163999993267,0.0,0.0,0.0010367879999648721,0.0,6.213552542557393e-05,0.003665996000108862,0.4964448519999678,,0.10435228500000449,0.05800914500014187,0.49986305499987793,0.030081787999961307,0.6150616759998684,0.0,0.6730708210000103,0.7774231060000147,1e-06,,v7_btab_boxeig
35721,expanded_box,topk,8192,,8192,0,"[51, 51]","[103, 103]",10609,topk,8192,,8192,80000,10609,cheap,30,0.01,,cupy,1.0962819065348146e-14,1.4980502125813715e-15,640,290,290,,290,128,10609,25112,21729280,2076.2043911186356,20762.043911186356,0.001,boxeig,20000,group_a,50,diag,0.001,50,auto,boxeig,168,169,9.716637197424353e-07,0,,,2,synthetic_true_func_2d_n3000000,False,NVIDIA L4,cheap,128,0,128,128,0,0,2,35721,,,,,,,1.0962819065348146e-14,1.4980502125813715e-15,,,,,1e-05,boxeig,2999999.999996535,True,,nan,0,0,,nan,0,0,0,0,False,168.0,matern,0.1,1.5,1.0,,672400,100000,btab_boxeig_topk_8192_q128,189,169,168,1000,3000000,cufinufft,binned_c1,50,168,9.716637197424353e-07,pcg,converged,168,,True,0.1,0,5.520097879512786,0.0008889104560930172,0.019970987759767706,0,0.1,boxeig,ok,,0.0006663593017710486,0.11261472199930722,0.00043884400594963936,0.07372579299953941,20444.488157514184,25112,,20762.043911186356,0.0022543329998825357,4.588782141332731e-05,0.007709153997438989,3.803142856673687e-05,0.006389279999211794,0.00025784291070911943,0.04331760899913206,0.2462384310001653,0.0,0.0,0.0010830880000867182,0.0,5.669910714259242e-05,0.009525449999955526,0.24515534300007857,,0.052643662000036784,0.05835842000010416,0.24898839799993766,0.029178019000028144,0.5418761250000443,0.0,0.6002345450001485,0.6528782070001853,1e-06,,v7_btab_boxeig
35721,expanded_box,topk,8192,,8192,0,"[51, 51]","[103, 103]",10609,topk,8192,,8192,80000,10609,cheap,30,0.01,,cupy,3.8313351712607236e-14,1.9828133484043953e-15,960,418,418,,418,192,10609,25112,32593920,894.9358114842854,8949.358114842853,0.001,boxeig,20000,group_a,50,diag,0.001,50,auto,boxeig,100,101,9.797101898767565e-07,0,,,2,synthetic_true_func_2d_n3000000,False,NVIDIA L4,cheap,192,0,192,192,0,0,2,35721,,,,,,,3.8313351712607236e-14,1.9828133484043953e-15,,,,,1e-05,boxeig,2999999.999996535,True,,nan,0,0,,nan,0,0,0,0,False,100.0,matern,0.1,1.5,1.0,,672400,100000,btab_boxeig_topk_8192_q192,189,101,100,1000,3000000,cufinufft,binned_c1,50,100,9.797101898767565e-07,pcg,converged,100,,True,0.1,0,5.520097879512786,0.0008885885906675566,0.019971057816615595,0,0.1,boxeig,ok,,0.0006994507920655163,0.07064452999861714,0.0006370464099950368,0.06370464099950368,20444.488157514184,25112,,8949.358114842853,0.0023007530000995757,4.811309001752306e-05,0.004811309001752306,4.0892780004924136e-05,0.004089278000492413,0.00044736697998814634,0.044736697998814634,0.3777238079999279,0.0,0.0,0.0010808099998484977,0.0,5.820407000328487e-05,0.005820407000328487,0.3766429980000794,,0.07976525899994158,0.057178856000064116,0.3807027969999126,0.029281681999918874,0.5818717869999546,0.0,0.6390506430000187,0.7188159019999603,1e-06,,v7_btab_boxeig
35721,expanded_box,topk,8192,,8192,0,"[51, 51]","[103, 103]",10609,topk,8192,,8192,80000,10609,cheap,30,0.01,,cupy,4.251507672020061e-14,3.391691428442868e-15,1280,546,546,,546,256,10609,25112,43458560,451.1102193351627,4511.102193351627,0.001,boxeig,20000,group_a,50,diag,0.001,50,auto,boxeig,72,73,8.867710342905375e-07,0,,,2,synthetic_true_func_2d_n3000000,False,NVIDIA L4,cheap,256,0,256,256,0,0,2,35721,,,,,,,4.251507672020061e-14,3.391691428442868e-15,,,,,1e-05,boxeig,2999999.999996535,True,,nan,0,0,,nan,0,0,0,0,False,72.0,matern,0.1,1.5,1.0,,672400,100000,btab_boxeig_topk_8192_q256,189,73,72,1000,3000000,cufinufft,binned_c1,50,72,8.867710342905375e-07,pcg,converged,72,,True,0.1,0,5.520097879512786,0.0008866938764563756,0.019971060705559453,0,0.1,boxeig,ok,,0.0007037458493127753,0.051373446999832595,0.0007364537500033445,0.0530246700002408,20444.488157514184,25112,,4511.102193351627,0.0022796069999913016,4.83569861178997e-05,0.0034817030004887783,4.274462500891079e-05,0.003077613000641577,0.0005432332083235755,0.03911279099929743,0.5248660150000433,0.0,0.0,0.0010658920000423677,0.0,5.8867513887308734e-05,0.004238460999886229,0.5238001230000009,,0.10553086499999154,0.057354925000026924,0.5279799980000917,0.0293885409998893,0.6809557430001405,0.0,0.7383106680001674,0.843841533000159,1e-06,,v7_btab_boxeig
35721,expanded_box,topk,16384,,16384,0,"[72, 72]","[145, 145]",21025,topk,16384,,16384,80000,21025,cheap,30,0.01,,cupy,1.2131110445172648e-14,1.2571682088008827e-15,640,290,290,,290,128,21025,14696,43061248,2076.210061644997,20762.10061644997,0.001,boxeig,20000,group_a,50,diag,0.001,50,auto,boxeig,194,195,9.121141665473983e-07,0,,,2,synthetic_true_func_2d_n3000000,False,NVIDIA L4,cheap,128,0,128,128,0,0,2,35721,,,,,,,1.2131110445172648e-14,1.2571682088008827e-15,,,,,1e-05,boxeig,2999999.999996535,True,,nan,0,0,,nan,0,0,0,0,False,194.0,matern,0.1,1.5,1.0,,1336336,100000,btab_boxeig_topk_16384_q128,189,195,194,1000,3000000,cufinufft,binned_c1,50,194,9.121141665473983e-07,pcg,converged,194,,True,0.1,0,1.0254127984276917,0.0008851352709996672,0.019971228998371525,0,0.1,boxeig,ok,,0.0006657381641091958,0.12981894200129318,0.0007156731700991624,0.1388405949992375,4825.686777746747,14696,,20762.10061644997,0.003089259000034872,4.5906195876660165e-05,0.008905802000072072,4.085793298684424e-05,0.007926438999447782,0.0005320739329836777,0.10322234299883348,0.28406337199999143,0.0,0.0,0.0010871689999021328,0.0,5.601344329787344e-05,0.010866607999787448,0.2829762030000893,,0.052168743000038376,0.05827362800005176,0.28796231499995883,0.029308059999948455,0.6797548960000768,0.0,0.7380285240001285,0.7901972670001669,1e-06,,v7_btab_boxeig
35721,expanded_box,topk,16384,,16384,0,"[72, 72]","[145, 145]",21025,topk,16384,,16384,80000,21025,cheap,30,0.01,,cupy,3.3132416787455723e-14,1.7085192704424884e-15,960,418,418,,418,192,21025,14696,64591872,894.9418298151961,8949.41829815196,0.001,boxeig,20000,group_a,50,diag,0.001,50,auto,boxeig,119,120,9.873593514725104e-07,0,,,2,synthetic_true_func_2d_n3000000,False,NVIDIA L4,cheap,192,0,192,192,0,0,2,35721,,,,,,,3.3132416787455723e-14,1.7085192704424884e-15,,,,,1e-05,boxeig,2999999.999996535,True,,nan,0,0,,nan,0,0,0,0,False,119.0,matern,0.1,1.5,1.0,,1336336,100000,btab_boxeig_topk_16384_q192,189,120,119,1000,3000000,cufinufft,binned_c1,50,119,9.873593514725104e-07,pcg,converged,119,,True,0.1,0,1.0254127984276917,0.0008849177153540886,0.019971372752135588,0,0.1,boxeig,ok,,0.0006772972750013651,0.0812756730001638,0.0009133837058963778,0.10869266100166897,4825.686777746747,14696,,8949.41829815196,0.003104231999941476,4.582963865763335e-05,0.005453727000258368,4.399640337045135e-05,0.00523557200108371,0.0007241451932843899,0.0861732780008424,0.49652145299978656,0.0,0.0,0.0011021259999779431,0.0,5.7441848746427294e-05,0.006835580000824848,0.4954193269998086,,0.07767341199996736,0.057642870999870865,0.5006427280000025,0.029334111000025587,0.7679240049999407,0.0,0.8255668759998116,0.903240287999779,1e-06,,v7_btab_boxeig
35721,expanded_box,topk,16384,,16384,0,"[72, 72]","[145, 145]",21025,topk,16384,,16384,80000,21025,cheap,30,0.01,,cupy,3.793478734903657e-14,3.416533345132668e-15,1280,546,546,,546,256,21025,14696,86122496,451.11565461136917,4511.156546113692,0.001,boxeig,20000,group_a,50,diag,0.001,50,auto,boxeig,83,84,9.306033701785603e-07,0,,,2,synthetic_true_func_2d_n3000000,False,NVIDIA L4,cheap,256,0,256,256,0,0,2,35721,,,,,,,3.793478734903657e-14,3.416533345132668e-15,,,,,1e-05,boxeig,2999999.999996535,True,,nan,0,0,,nan,0,0,0,0,False,83.0,matern,0.1,1.5,1.0,,1336336,100000,btab_boxeig_topk_16384_q256,189,84,83,1000,3000000,cufinufft,binned_c1,50,83,9.306033701785603e-07,pcg,converged,83,,True,0.1,0,1.0254127984276917,0.0008838016709879475,0.01997141323495346,0,0.1,boxeig,ok,,0.000687415297628983,0.057742885000834576,0.0010882773855324143,0.09032702299919038,4825.686777746747,14696,,4511.156546113692,0.00308632199994463,4.602916868018191e-05,0.0038204210004550987,4.65780963688566e-05,0.003865981998615098,0.0008960361807243843,0.07437100300012389,2.2282185460003348,0.0,0.0,0.0010705220001909765,0.0,5.713001205933039e-05,0.004741791000924422,2.2271480240001438,,0.108027796999977,0.05697214500014525,2.232594057999904,0.02951554700007364,2.4358696249998957,0.0,2.492841770000041,2.600869567000018,1e-06,,v7_btab_boxeig
1225,,,,,,,,,,,,,,,,,,,,,,,,,,,,,,,,,,,,,group_a,,,,,,,484,485,9.622425162602955e-07,,,,2,synthetic_true_func_2d_n1000000,False,NVIDIA L4,,,,,,,,2,1225,,,,,,,,,0,0,,,1e-05,,,True,,,,,,,,,,,False,484.0,SE,0.1,1.5,1.0,,,100000,plain_cg,35,485,,1000,1000000,cufinufft,cufinufft,,,,,,,,True,0.1,0,,0.0003797132200464458,0.020003880334182243,0,,,ok,,0.0006163598907170529,0.29893454699777067,,,,,,,,,,,,,,,,,,,,,,,,0.0320896589998938,,0.01270535599996947,0.5067710360001456,,0.5388610219999919,,1e-06,,v1
1225,,,,,,,,,,,,,,,,,,,,,,,,,,,,,,,,,,,,,group_a,,,,,,,71,72,9.452620935554532e-07,,,nan,2,synthetic_true_func_2d_n1000000,False,NVIDIA L4,,,,,,,,2,1225,98,3,nan,,130.4696208623187,0.000780294147510902,,,5,482,0.0005651842568425221,0.2724188117980957,1e-05,,,True,[],,,,,,,,,,False,71.0,SE,0.1,1.5,1.0,nan,,100000,eigenpro_pcg_q90,35,72,71,1000,1000000,cufinufft,binned_c1,,,,,,,full_eigenpro,True,0.1,0,,0.00042390643605603085,0.020005289490034925,0,,,ok,,0.0006407894583383546,0.04613684100036153,0.00016078807042709152,0.011415953000323498,,,[],,,,,,,,,,,,,,,,,0.2949008900000081,,0.01930661799997324,0.00028849899990746053,0.012699487999952908,0.10198262700009764,,0.4164786339999864,,1e-06,90,v3
1225,,,,,,,,,,,,,,,,,,,,,,,,,,,,,,,,,,,,,group_a,,,,,,,6,7,9.380661974487263e-07,,,nan,2,synthetic_true_func_2d_n1000000,False,NVIDIA L4,,,,,,,,2,1225,188,3,nan,,2.298292189959031,1.374473469668395e-05,,,5,932,0.0005583602103040966,0.5203917160034179,1e-05,,,True,[],,,,,,,,,,False,6.0,SE,0.1,1.5,1.0,nan,,100000,eigenpro_pcg_q180,35,7,6,1000,1000000,cufinufft,binned_c1,,,,,,,full_eigenpro,True,0.1,0,,0.0004611720752592263,0.02000636727665893,0,,,ok,,0.0006297242857401995,0.004408070000181397,0.00016840699997070865,0.001010441999824252,,,[],,,,,,,,,,,,,,,,,0.5606273660000625,,0.018489642999838907,0.0002926049999132374,0.012715968999827965,0.009495480000168754,,0.5889050939999834,,1e-06,180,v3
1225,expanded_box,topk,512,,512,0,"[12, 12]","[25, 25]",625,topk,512,,512,80000,625,cheap,30,0.01,,,,,,,,,,,,,,,,,inverse,20000,group_a,50,diag,0.001,50,auto,auto,8,9,9.832819824612108e-07,0,,,2,synthetic_true_func_2d_n1000000,False,NVIDIA L4,cheap,0,0,0,0,0,0,2,1225,,,,,,,,,,,,,1e-05,inverse,999999.9999978628,True,,nan,0,50,diag,0.001,0,0,0,6250000,False,8.0,SE,0.1,1.5,1.0,,0,100000,btab_auto_topk_512,35,9,8,1000,1000000,cufinufft,binned_c1,50,8,9.832819824612108e-07,pcg,converged,8,,True,0.1,0,0.829294688485552,0.00042022384870059597,0.020005112990007304,0,0.1,exact,ok,,0.0006425721110948265,0.005783148999853438,0.0002761898750236469,0.002209519000189175,24.837041279880182,600,,,0.00048611099987283524,4.266175002953787e-05,0.00034129400023630296,4.070037496717305e-05,0.0003256029997373844,0.00010142025001869115,0.0008113620001495292,0.023867262000067058,0.008844702000033067,0.008602238000094076,0.0,0.006175798999947801,5.320274999576213e-05,0.00042562199996609706,,,9.324699999524455e-05,0.018411537000019962,0.02523439300011887,0.012565987000016321,0.03843974500000513,0.0002445229999921139,0.056851282000025094,0.05694452900002034,1e-06,,v6_btab
1225,expanded_box,topk,1024,,1024,0,"[17, 17]","[35, 35]",1225,topk,1024,,1024,80000,1225,cheap,30,0.01,,,,,,,,,,,,,,,,,inverse,20000,group_a,50,diag,0.001,50,auto,auto,4,5,4.827420811879104e-07,0,,,2,synthetic_true_func_2d_n1000000,False,NVIDIA L4,cheap,0,0,0,0,0,0,2,1225,,,,,,,,,,,,,1e-05,inverse,999999.9999978628,True,,nan,0,50,diag,0.001,0,0,0,24010000,False,4.0,SE,0.1,1.5,1.0,,0,100000,btab_auto_topk_1024,35,5,4,1000,1000000,cufinufft,binned_c1,50,4,4.827420811879104e-07,pcg,converged,4,,True,0.1,0,0.0,0.00042008201688745764,0.02000511849503692,0,0.1,exact,ok,,0.0007116807999409502,0.003558403999704751,0.00027680024999199304,0.0011072009999679722,0.0,0,,,0.0005334229999789386,1.634499994906946e-05,6.537999979627784e-05,3.175425001700205e-05,0.0001270170000680082,0.00013336475001324288,0.0005334590000529715,0.10830682599998909,0.0353308769999785,0.05321917099990969,0.0,0.018224705000193353,5.370774999846617e-05,0.00021483099999386468,,,2.6223999839203316e-05,0.018691175999947518,0.1097065639999073,0.012431289999994988,0.11736116599990964,0.001532072999907541,0.13605234199985716,0.13607856599969637,1e-06,,v6_btab
1225,expanded_box,topk,1225,,2048,0,"[17, 17]","[35, 35]",1225,topk,1225,,2048,80000,1225,cheap,30,0.01,,,,,,,,,,,,,,,,,inverse,20000,group_a,50,diag,0.001,50,auto,auto,4,5,4.827420823716548e-07,0,,,2,synthetic_true_func_2d_n1000000,False,NVIDIA L4,cheap,0,0,0,0,0,0,2,1225,,,,,,,,,,,,,1e-05,inverse,999999.9999978628,True,,nan,0,50,diag,0.001,0,0,0,24010000,False,4.0,SE,0.1,1.5,1.0,,0,100000,btab_auto_topk_2048,35,5,4,1000,1000000,cufinufft,binned_c1,50,4,4.827420823716548e-07,pcg,converged,4,,True,0.1,0,0.0,0.0004200820168874567,0.020005118495036948,0,0.1,exact,ok,,0.0006998001999363624,0.0034990009996818117,0.00026953050002020973,0.001078122000080839,0.0,0,,,0.0005664839998189564,1.5987499978109554e-05,6.394999991243822e-05,3.126325003677266e-05,0.00012505300014709064,0.0001324182500184179,0.0005296730000736716,0.10913138199998684,0.036183252999990145,0.053171993999967526,0.0,0.018223477999981696,5.2356749961290916e-05,0.00020942699984516366,,,2.802999983941845e-05,0.01843169299991132,0.11059124300004441,0.012584392999997362,0.11824668000008387,0.0015526570000474749,0.1366783729999952,0.1367064029998346,1e-06,,v6_btab
1225,expanded_box,topk,1225,,4096,0,"[17, 17]","[35, 35]",1225,topk,1225,,4096,80000,1225,cheap,30,0.01,,,,,,,,,,,,,,,,,inverse,20000,group_a,50,diag,0.001,50,auto,auto,4,5,4.82742082165392e-07,0,,,2,synthetic_true_func_2d_n1000000,False,NVIDIA L4,cheap,0,0,0,0,0,0,2,1225,,,,,,,,,,,,,1e-05,inverse,999999.9999978627,True,,nan,0,50,diag,0.001,0,0,0,24010000,False,4.0,SE,0.1,1.5,1.0,,0,100000,btab_auto_topk_4096,35,5,4,1000,1000000,cufinufft,binned_c1,50,4,4.82742082165392e-07,pcg,converged,4,,True,0.1,0,0.0,0.00042008201688737215,0.02000511849503693,0,0.1,exact,ok,,0.0006923068000560306,0.003461534000280153,0.0002709057500851486,0.0010836230003405944,0.0,0,,,0.0004957260000537644,1.6268999956992047e-05,6.507599982796819e-05,3.133025001034184e-05,0.00012532100004136737,0.00013315399996827182,0.0005326159998730873,0.1080593819999649,0.03513076200010801,0.05317283099998349,0.0,0.018213136999975177,5.21805000630593e-05,0.0002087220002522372,,,2.708000010898104e-05,0.018408768000199416,0.1093832270000803,0.012611181000011129,0.1168896209999275,0.0015426519998982258,0.13529838900012692,0.1353254690002359,1e-06,,v6_btab
1225,expanded_box,topk,1024,,1024,0,"[17, 17]","[35, 35]",1225,topk,1024,,1024,80000,1225,cheap,30,0.01,,cupy,9.084299314986256e-15,1.3259627792249113e-15,320,162,162,,162,64,1225,0,1255424,1509.28467458065,15092.8467458065,0.001,boxeig,20000,group_a,50,diag,0.001,50,auto,boxeig,114,115,8.928126853535287e-07,0,,,2,synthetic_true_func_2d_n1000000,False,NVIDIA L4,cheap,64,0,64,64,0,0,2,1225,,,,,,,9.084299314986256e-15,1.3259627792249113e-15,,,,,1e-05,boxeig,999999.9999978628,True,,nan,0,0,,nan,0,0,0,0,False,114.0,SE,0.1,1.5,1.0,,76176,100000,btab_boxeig_topk_1024_q64,35,115,114,1000,1000000,cufinufft,binned_c1,50,114,8.928126853535287e-07,pcg,converged,114,,True,0.1,0,0.0,0.0004193931289867953,0.020005188819943173,0,0.1,boxeig,ok,,0.0006762587130394778,0.07776975199953995,0.0004020241315912611,0.04583075100140377,0.0,0,,15092.8467458065,0.0005458230000385811,1.7644631581884152e-05,0.0020114880003347935,2.905706141095914e-05,0.0033125050008493417,0.0002582550613975368,0.029441076999319193,0.12818041799982893,0.0,0.0,0.0008548789999167639,0.0,5.745895615099902e-05,0.006550321001213888,0.12732553899991217,,0.02551908899999944,0.018269854999971358,0.12914447299999665,0.012644098999999187,0.3269149489999563,0.0,0.3451848039999277,0.3707038929999271,1e-06,,v7_btab_boxeig
1225,expanded_box,topk,1024,,1024,0,"[17, 17]","[35, 35]",1225,topk,1024,,1024,80000,1225,cheap,30,0.01,,cupy,1.3704300538956811e-13,3.3959784381338366e-15,640,290,290,,290,128,1225,0,2510848,70.92674491875371,709.2674491875371,0.001,boxeig,20000,group_a,50,diag,0.001,50,auto,boxeig,29,30,9.031350445646259e-07,0,,,2,synthetic_true_func_2d_n1000000,False,NVIDIA L4,cheap,128,0,128,128,0,0,2,1225,,,,,,,1.3704300538956811e-13,3.3959784381338366e-15,,,,,1e-05,boxeig,999999.9999978628,True,,nan,0,0,,nan,0,0,0,0,False,29.0,SE,0.1,1.5,1.0,,76176,100000,btab_boxeig_topk_1024_q128,35,30,29,1000,1000000,cufinufft,binned_c1,50,29,9.031350445646259e-07,pcg,converged,29,,True,0.1,0,0.0,0.0004199428283210336,0.02000522976890816,0,0.1,boxeig,ok,,0.0007589468333435434,0.022768405000306302,0.00043230455171710516,0.01253683199979605,0.0,0,,709.2674491875371,0.0005366949999370263,1.883893103162148e-05,0.0005463289999170229,3.142131033106627e-05,0.0009112179996009218,0.0002744163103702233,0.007958073000736476,0.23963626499994461,0.0,0.0,0.0008785489999354468,0.0,6.297220687852602e-05,0.0018261939994772547,0.23875771600000917,,0.06341144300017731,0.018432949000043664,0.24063106999983574,0.013608954999881462,0.29713893100006317,0.0,0.31557188000010683,0.37898332300028414,1e-06,,v7_btab_boxeig
1225,expanded_box,topk,1225,,2048,0,"[17, 17]","[35, 35]",1225,topk,1225,,2048,80000,1225,cheap,30,0.01,,cupy,6.7949028785305465e-15,1.3025069637164224e-15,320,162,162,,162,64,1225,0,1255424,1509.2846745806496,15092.846745806495,0.001,boxeig,20000,group_a,50,diag,0.001,50,auto,boxeig,115,116,5.721234456827109e-07,0,,,2,synthetic_true_func_2d_n1000000,False,NVIDIA L4,cheap,64,0,64,64,0,0,2,1225,,,,,,,6.7949028785305465e-15,1.3025069637164224e-15,,,,,1e-05,boxeig,999999.9999978628,True,,nan,0,0,,nan,0,0,0,0,False,115.0,SE,0.1,1.5,1.0,,76176,100000,btab_boxeig_topk_2048_q64,35,116,115,1000,1000000,cufinufft,binned_c1,50,115,5.721234456827109e-07,pcg,converged,115,,True,0.1,0,0.0,0.00041982509583294214,0.020005183690326125,0,0.1,boxeig,ok,,0.0006852906896577632,0.07949372000030053,0.00040564422608203247,0.04664908599943374,0.0,0,,15092.846745806495,0.0005128899999817804,1.7725556519666417e-05,0.002038438999761638,2.8903878264036788e-05,0.0033239460003642307,0.00026101284347335065,0.030016476999435326,0.12681434600017383,0.0,0.0,0.000832757000125639,0.0,5.791766955593155e-05,0.006660531998932129,0.1259815890000482,,0.025832560000026206,0.018383223000000726,0.12773823199995604,0.012723959999902945,0.3295246909999605,0.0,0.34790791399996124,0.37374047399998744,1e-06,,v7_btab_boxeig
1225,expanded_box,topk,1225,,2048,0,"[17, 17]","[35, 35]",1225,topk,1225,,2048,80000,1225,cheap,30,0.01,,cupy,1.5326303756161037e-13,3.9460635475478474e-15,640,290,290,,290,128,1225,0,2510848,70.92674491875366,709.2674491875365,0.001,boxeig,20000,group_a,50,diag,0.001,50,auto,boxeig,29,30,8.56039519243628e-07,0,,,2,synthetic_true_func_2d_n1000000,False,NVIDIA L4,cheap,128,0,128,128,0,0,2,1225,,,,,,,1.5326303756161037e-13,3.9460635475478474e-15,,,,,1e-05,boxeig,999999.9999978628,True,,nan,0,0,,nan,0,0,0,0,False,29.0,SE,0.1,1.5,1.0,,76176,100000,btab_boxeig_topk_2048_q128,35,30,29,1000,1000000,cufinufft,binned_c1,50,29,8.56039519243628e-07,pcg,converged,29,,True,0.1,0,0.0,0.00041995523312553777,0.02000523020646993,0,0.1,boxeig,ok,,0.0007505079333213871,0.022515237999641613,0.00042940889657388495,0.012452858000642664,0.0,0,,709.2674491875365,0.0005432799998743576,1.8703827561631473e-05,0.0005424109992873127,3.098244828520521e-05,0.0008984910002709512,0.00027166358619257967,0.00787824399958481,0.23443823899992822,0.0,0.0,0.0008825419999993755,0.0,6.289665517717116e-05,0.0018240030001379637,0.23355569699992884,,0.05939800000010109,0.018174950000002354,0.23541836000003968,0.01334176699992895,0.29140912599996227,0.0,0.3095840759999646,0.3689820760000657,1e-06,,v7_btab_boxeig
1225,expanded_box,topk,1225,,2048,0,"[17, 17]","[35, 35]",1225,topk,1225,,2048,80000,1225,cheap,30,0.01,,cupy,9.010880514736774e-13,1.3892935940143462e-14,960,418,418,,418,192,1225,0,3766272,4.107274852212587,41.07274852212587,0.001,boxeig,20000,group_a,50,diag,0.001,50,auto,boxeig,4,5,7.038732922664013e-07,0,,,2,synthetic_true_func_2d_n1000000,False,NVIDIA L4,cheap,192,0,192,192,0,0,2,1225,,,,,,,9.010880514736774e-13,1.3892935940143462e-14,,,,,1e-05,boxeig,999999.9999978627,True,,nan,0,0,,nan,0,0,0,0,False,4.0,SE,0.1,1.5,1.0,,76176,100000,btab_boxeig_topk_2048_q192,35,5,4,1000,1000000,cufinufft,binned_c1,50,4,7.038732922664013e-07,pcg,converged,4,,True,0.1,0,0.0,0.000472655641323851,0.020006563932065242,0,0.1,boxeig,ok,,0.0008027773999856435,0.004013886999928218,0.00043836300011435014,0.0017534520004574006,0.0,0,,41.07274852212587,0.0005401469998105313,1.8968749998293788e-05,7.587499999317515e-05,3.340500001058899e-05,0.00013362000004235597,0.00028005499996197614,0.0011202199998479045,0.35667259599995305,0.0,0.0,0.0008454080000319664,0.0,6.187224988707385e-05,0.0002474889995482954,0.3558271879999211,,0.09177185899989126,0.018407374000162235,0.357656673000065,0.01351932400007172,0.36682858699987264,0.0,0.3852359610000349,0.47700781999992614,1e-06,,v7_btab_boxeig
1225,expanded_box,topk,1225,,4096,0,"[17, 17]","[35, 35]",1225,topk,1225,,4096,80000,1225,cheap,30,0.01,,cupy,2.0198958118217512e-13,4.419458623007879e-15,640,290,290,,290,128,1225,0,2510848,70.92674491875376,709.2674491875375,0.001,boxeig,20000,group_a,50,diag,0.001,50,auto,boxeig,30,31,6.017795386602808e-07,0,,,2,synthetic_true_func_2d_n1000000,False,NVIDIA L4,cheap,128,0,128,128,0,0,2,1225,,,,,,,2.0198958118217512e-13,4.419458623007879e-15,,,,,1e-05,boxeig,999999.9999978627,True,,nan,0,0,,nan,0,0,0,0,False,30.0,SE,0.1,1.5,1.0,,76176,100000,btab_boxeig_topk_4096_q128,35,31,30,1000,1000000,cufinufft,binned_c1,50,30,6.017795386602808e-07,pcg,converged,30,,True,0.1,0,0.0,0.0004201589970609623,0.020005190177840082,0,0.1,boxeig,ok,,0.0007421144193446502,0.023005546999684157,0.0004263820666816779,0.012791462000450338,0.0,0,,709.2674491875375,0.0005518000000392931,1.921073334566851e-05,0.0005763220003700553,3.171233331613621e-05,0.0009513699994840863,0.0002695816666800965,0.008087450000402896,0.2341982939999525,0.0,0.0,0.0008560080000279413,0.0,6.314313334314648e-05,0.0018942940002943942,0.23334228599992457,,0.05911502699996163,0.018244996000021274,0.23517376500012688,0.013360229999989315,0.2926583019998361,0.0,0.3109032979998574,0.370018324999819,1e-06,,v7_btab_boxeig
1225,expanded_box,topk,1225,,4096,0,"[17, 17]","[35, 35]",1225,topk,1225,,4096,80000,1225,cheap,30,0.01,,cupy,1.0446922862705616e-12,1.1990267132496113e-14,960,418,418,,418,192,1225,0,3766272,4.107274852212609,41.07274852212609,0.001,boxeig,20000,group_a,50,diag,0.001,50,auto,boxeig,4,5,7.038732803516072e-07,0,,,2,synthetic_true_func_2d_n1000000,False,NVIDIA L4,cheap,192,0,192,192,0,0,2,1225,,,,,,,1.0446922862705616e-12,1.1990267132496113e-14,,,,,1e-05,boxeig,999999.9999978628,True,,nan,0,0,,nan,0,0,0,0,False,4.0,SE,0.1,1.5,1.0,,76176,100000,btab_boxeig_topk_4096_q192,35,5,4,1000,1000000,cufinufft,binned_c1,50,4,7.038732803516072e-07,pcg,converged,4,,True,0.1,0,0.0,0.00047265564232352726,0.020006563932060527,0,0.1,boxeig,ok,,0.0007856342000195582,0.003928171000097791,0.0004377545000124883,0.0017510180000499531,0.0,0,,41.07274852212609,0.0005664340001203527,1.8592499998248968e-05,7.436999999299587e-05,3.0542499985131144e-05,0.00012216999994052458,0.0002811497500374571,0.0011245990001498285,0.3546777839999322,0.0,0.0,0.0008626429998912499,0.0,6.338674995731708e-05,0.0002535469998292683,0.35381514100004097,,0.09192300899985639,0.01857233600003383,0.3556969459998527,0.013453766999873551,0.3647571980000066,0.0,0.38332953400004044,0.47525254299989683,1e-06,,v7_btab_boxeig
1225,expanded_box,topk,1225,,4096,0,"[17, 17]","[35, 35]",1225,topk,1225,,4096,80000,1225,cheap,30,0.01,,cupy,2.6809065343006198e-11,4.3543205038700387e-14,1280,546,546,,546,256,1225,0,5021696,0.3043345684599248,3.043345684599248,0.001,boxeig,20000,group_a,50,diag,0.001,50,auto,boxeig,1,2,2.8558882556500976e-07,0,,,2,synthetic_true_func_2d_n1000000,False,NVIDIA L4,cheap,256,0,256,256,0,0,2,1225,,,,,,,2.6809065343006198e-11,4.3543205038700387e-14,,,,,1e-05,boxeig,999999.9999978628,True,,nan,0,0,,nan,0,0,0,0,False,1.0,SE,0.1,1.5,1.0,,76176,100000,btab_boxeig_topk_4096_q256,35,2,1,1000,1000000,cufinufft,binned_c1,50,1,2.8558882556500976e-07,pcg,converged,1,,True,0.1,0,0.0,0.0004355458241592032,0.02000565668849579,0,0.1,boxeig,ok,,0.0008721130000139965,0.001744226000027993,0.0004888370001481235,0.0004888370001481235,0.0,0,,3.043345684599248,0.0005464260000280774,1.857099982771615e-05,1.857099982771615e-05,3.0722000019522966e-05,3.0722000019522966e-05,0.00031388499996864994,0.00031388499996864994,0.46668742699989707,0.0,0.0,0.0008613739998963865,0.0,7.86729999617819e-05,7.86729999617819e-05,0.4658260530000007,,0.11762935199999447,0.018432444999916697,0.46766931600018324,0.013490339999862044,0.4711213780001344,0.0,0.4895538230000511,0.6071831750000456,1e-06,,v7_btab_boxeig
1225,expanded_box,topk,1225,,8192,0,"[17, 17]","[35, 35]",1225,topk,1225,,8192,80000,1225,cheap,30,0.01,,cupy,1.6323504989144478e-13,3.6529253911731695e-15,640,290,290,,290,128,1225,0,2510848,70.92674491875368,709.2674491875368,0.001,boxeig,20000,group_a,50,diag,0.001,50,auto,boxeig,30,31,5.584892398791579e-07,0,,,2,synthetic_true_func_2d_n1000000,False,NVIDIA L4,cheap,128,0,128,128,0,0,2,1225,,,,,,,1.6323504989144478e-13,3.6529253911731695e-15,,,,,1e-05,boxeig,999999.9999978628,True,,nan,0,0,,nan,0,0,0,0,False,30.0,SE,0.1,1.5,1.0,,76176,100000,btab_boxeig_topk_8192_q128,35,31,30,1000,1000000,cufinufft,binned_c1,50,30,5.584892398791579e-07,pcg,converged,30,,True,0.1,0,0.0,0.0004201582567860664,0.02000519063939341,0,0.1,boxeig,ok,,0.000749733774191261,0.02324174699992909,0.00042784710000584407,0.012835413000175322,0.0,0,,709.2674491875368,0.0005534709998755716,1.86585333419013e-05,0.000559756000257039,3.1713499985623154e-05,0.0009514049995686946,0.00027174630000293597,0.008152389000088078,0.23631406399999833,0.0,0.0,0.0008701520000613527,0.0,6.222356666967244e-05,0.001866707000090173,0.23544391199993697,,0.05934846800005289,0.018646343999989767,0.23730026499993073,0.013451127999815071,0.295219065000083,0.0,0.31386540900007276,0.37321387700012565,1e-06,,v7_btab_boxeig
1225,expanded_box,topk,1225,,8192,0,"[17, 17]","[35, 35]",1225,topk,1225,,8192,80000,1225,cheap,30,0.01,,cupy,4.052974100118039e-12,1.2944285565820089e-14,960,418,418,,418,192,1225,0,3766272,4.107274852212641,41.07274852212641,0.001,boxeig,20000,group_a,50,diag,0.001,50,auto,boxeig,4,5,7.038732862250243e-07,0,,,2,synthetic_true_func_2d_n1000000,False,NVIDIA L4,cheap,192,0,192,192,0,0,2,1225,,,,,,,4.052974100118039e-12,1.2944285565820089e-14,,,,,1e-05,boxeig,999999.9999978628,True,,nan,0,0,,nan,0,0,0,0,False,4.0,SE,0.1,1.5,1.0,,76176,100000,btab_boxeig_topk_8192_q192,35,5,4,1000,1000000,cufinufft,binned_c1,50,4,7.038732862250243e-07,pcg,converged,4,,True,0.1,0,0.0,0.0004726556437849426,0.020006563932080126,0,0.1,boxeig,ok,,0.0008107865999591013,0.0040539329997955065,0.0004567102499208886,0.0018268409996835544,0.0,0,,41.07274852212641,0.0005198680000830791,1.89190000128292e-05,7.56760000513168e-05,3.0805249934928725e-05,0.0001232209997397149,0.0002897097500635937,0.0011588390002543747,0.35269512600007147,0.0,0.0,0.0008593580000706424,0.0,7.085999993705627e-05,0.0002834399997482251,0.3518357680000008,,0.0919804180000483,0.018474206999826492,0.353645035999989,0.013389441000072111,0.36288901300008547,0.0,0.38136321999991196,0.47334363799996027,1e-06,,v7_btab_boxeig
1225,expanded_box,topk,1225,,8192,0,"[17, 17]","[35, 35]",1225,topk,1225,,8192,80000,1225,cheap,30,0.01,,cupy,3.040503869642674e-11,4.496834214791641e-14,1280,546,546,,546,256,1225,0,5021696,0.304334568460012,3.0433456846001197,0.001,boxeig,20000,group_a,50,diag,0.001,50,auto,boxeig,1,2,2.8558785846848563e-07,0,,,2,synthetic_true_func_2d_n1000000,False,NVIDIA L4,cheap,256,0,256,256,0,0,2,1225,,,,,,,3.040503869642674e-11,4.496834214791641e-14,,,,,1e-05,boxeig,999999.9999978628,True,,nan,0,0,,nan,0,0,0,0,False,1.0,SE,0.1,1.5,1.0,,76176,100000,btab_boxeig_topk_8192_q256,35,2,1,1000,1000000,cufinufft,binned_c1,50,1,2.8558785846848563e-07,pcg,converged,1,,True,0.1,0,0.0,0.0004355458259709033,0.020005656688552496,0,0.1,boxeig,ok,,0.00088396000001012,0.00176792000002024,0.0005040229998485302,0.0005040229998485302,0.0,0,,3.0433456846001197,0.0005398789999162545,1.8421000049784197e-05,1.8421000049784197e-05,4.478900018511922e-05,4.478900018511922e-05,0.00033639200000834535,0.00033639200000834535,0.46740665000015724,0.0,0.0,0.0008689120002145501,0.0,5.842600012329058e-05,5.842600012329058e-05,0.4665377379999427,,0.11729743099999723,0.018296561999932237,0.46838669600015237,0.013546960999974544,0.4719009890000052,0.0,0.49019755099993745,0.6074949819999347,1e-06,,v7_btab_boxeig
1225,expanded_box,topk,1225,,16384,0,"[17, 17]","[35, 35]",1225,topk,1225,,16384,80000,1225,cheap,30,0.01,,cupy,2.1815210940859698e-13,3.587587531159249e-15,640,290,290,,290,128,1225,0,2510848,70.92674491875377,709.2674491875376,0.001,boxeig,20000,group_a,50,diag,0.001,50,auto,boxeig,30,31,5.80640700622959e-07,0,,,2,synthetic_true_func_2d_n1000000,False,NVIDIA L4,cheap,128,0,128,128,0,0,2,1225,,,,,,,2.1815210940859698e-13,3.587587531159249e-15,,,,,1e-05,boxeig,999999.9999978628,True,,nan,0,0,,nan,0,0,0,0,False,30.0,SE,0.1,1.5,1.0,,76176,100000,btab_boxeig_topk_16384_q128,35,31,30,1000,1000000,cufinufft,binned_c1,50,30,5.80640700622959e-07,pcg,converged,30,,True,0.1,0,0.0,0.0004201640606113216,0.020005190452473322,0,0.1,boxeig,ok,,0.0007473431612799041,0.023167637999677027,0.0004275233666779362,0.012825701000338086,0.0,0,,709.2674491875376,0.0005475600000863778,1.8861400015642478e-05,0.0005658420004692744,3.101876669309907e-05,0.0009305630007929722,0.0002715554333387142,0.008146663000161425,0.2357377989997076,0.0,0.0,0.0008783449998190918,0.0,6.266233331189141e-05,0.0018798699993567425,0.2348594539998885,,0.059656752999899254,0.018382396000106382,0.23670978800009834,0.013441832999887993,0.29448618500009616,0.0,0.31286858100020254,0.3725253340001018,1e-06,,v7_btab_boxeig
1225,expanded_box,topk,1225,,16384,0,"[17, 17]","[35, 35]",1225,topk,1225,,16384,80000,1225,cheap,30,0.01,,cupy,1.54486827464638e-12,1.2067528808135108e-14,960,418,418,,418,192,1225,0,3766272,4.107274852212633,41.07274852212633,0.001,boxeig,20000,group_a,50,diag,0.001,50,auto,boxeig,4,5,7.038732981908306e-07,0,,,2,synthetic_true_func_2d_n1000000,False,NVIDIA L4,cheap,192,0,192,192,0,0,2,1225,,,,,,,1.54486827464638e-12,1.2067528808135108e-14,,,,,1e-05,boxeig,999999.9999978628,True,,nan,0,0,,nan,0,0,0,0,False,4.0,SE,0.1,1.5,1.0,,76176,100000,btab_boxeig_topk_16384_q192,35,5,4,1000,1000000,cufinufft,binned_c1,50,4,7.038732981908306e-07,pcg,converged,4,,True,0.1,0,0.0,0.0004726556427463982,0.020006563932111972,0,0.1,boxeig,ok,,0.0008008435999727226,0.004004217999863613,0.00044220425002095,0.0017688170000838,0.0,0,,41.07274852212633,0.0005800910000743897,1.8699749944062205e-05,7.479899977624882e-05,3.515024997113869e-05,0.00014060099988455477,0.00028301000003239096,0.0011320400001295639,0.35550214999989294,0.0,0.0,0.0008626080000340153,0.0,6.164025000998663e-05,0.0002465610000399465,0.3546395419998589,,0.09201948400004767,0.018384250000053726,0.35652287199991406,0.013443824999967546,0.3657341919999908,0.0,0.3841184420000445,0.4761379260000922,1e-06,,v7_btab_boxeig
1225,expanded_box,topk,1225,,16384,0,"[17, 17]","[35, 35]",1225,topk,1225,,16384,80000,1225,cheap,30,0.01,,cupy,1.336138247306104e-11,4.590956075830029e-14,1280,546,546,,546,256,1225,0,5021696,0.3043345684598911,3.043345684598911,0.001,boxeig,20000,group_a,50,diag,0.001,50,auto,boxeig,1,2,2.8558993476295543e-07,0,,,2,synthetic_true_func_2d_n1000000,False,NVIDIA L4,cheap,256,0,256,256,0,0,2,1225,,,,,,,1.336138247306104e-11,4.590956075830029e-14,,,,,1e-05,boxeig,999999.9999978628,True,,nan,0,0,,nan,0,0,0,0,False,1.0,SE,0.1,1.5,1.0,,76176,100000,btab_boxeig_topk_16384_q256,35,2,1,1000,1000000,cufinufft,binned_c1,50,1,2.8558993476295543e-07,pcg,converged,1,,True,0.1,0,0.0,0.00043554583035928954,0.020005656688536003,0,0.1,boxeig,ok,,0.0008739359999481167,0.0017478719998962333,0.0005025880000175675,0.0005025880000175675,0.0,0,,3.043345684598911,0.0005750889999944775,1.917000008688774e-05,1.917000008688774e-05,3.113100001428393e-05,3.113100001428393e-05,0.00032577799993305234,0.00032577799993305234,0.46602627500010385,0.0,0.0,0.0008466060000955622,0.0,8.059499987211893e-05,8.059499987211893e-05,0.4651796690000083,,0.11978660199997648,0.018579106999823125,0.4670337910001763,0.013383935999854657,0.4705155010001363,0.0,0.4890946079999594,0.6088812099999359,1e-06,,v7_btab_boxeig
35721,,,,,,,,,,,,,,,,,,,,,,,,,,,,,,,,,,,,,group_a,,,,,,,788,789,9.450399048525243e-07,,,,2,synthetic_true_func_2d_n1000000,False,NVIDIA L4,,,,,,,,2,35721,,,,,,,,,0,0,,,1e-05,,,True,,,,,,,,,,,False,788.0,matern,0.1,1.5,1.0,,,100000,plain_cg,189,789,,1000,1000000,cufinufft,cufinufft,,,,,,,,True,0.1,0,,0.0012503864229361388,0.019936857825152914,0,,,ok,,0.000640543520912892,0.5053888380002718,,,,,,,,,,,,,,,,,,,,,,,,0.03378977399984251,,0.012839825000128258,0.8515131609999571,,0.8853033849998155,,1e-06,,v1
35721,,,,,,,,,,,,,,,,,,,,,,,,,,,,,,,,,,,,,group_a,,,,,,,212,213,7.904993730872429e-07,,,nan,2,synthetic_true_func_2d_n1000000,False,NVIDIA L4,,,,,,,,2,35721,98,3,nan,,938.6877381731974,0.006496306931801229,,,5,482,0.00039233009844894727,0.1891031074523926,1e-05,,,True,[],,,,,,,,,,False,212.0,matern,0.1,1.5,1.0,nan,,100000,eigenpro_pcg_q90,189,213,212,1000,1000000,cufinufft,binned_c1,,,,,,,full_eigenpro,True,0.1,0,,0.0012678236810331842,0.019936300724794447,0,,,ok,,0.0006449682253486585,0.13737823199926424,0.0005959994339628742,0.1263518800001293,,,[],,,,,,,,,,,,,,,,,0.4749525590000303,,0.032961947999865515,0.0003142170000955957,0.012790021999990131,0.39845393799987505,,0.9066826619998665,,1e-06,90,v3
35721,,,,,,,,,,,,,,,,,,,,,,,,,,,,,,,,,,,,,group_a,,,,,,,108,109,8.922645449619817e-07,,,nan,2,synthetic_true_func_2d_n1000000,False,NVIDIA L4,,,,,,,,2,35721,188,3,nan,,340.37727866430805,0.0023524343654150364,,,5,932,0.00048183818538813123,0.4490731887817383,1e-05,,,True,[],,,,,,,,,,False,108.0,matern,0.1,1.5,1.0,nan,,100000,eigenpro_pcg_q180,189,109,108,1000,1000000,cufinufft,binned_c1,,,,,,,full_eigenpro,True,0.1,0,,0.0012668734527910852,0.019936356066391873,0,,,ok,,0.0006429801926515211,0.0700848409990158,0.00104456600925889,0.1128131289999601,,,[],,,,,,,,,,,,,,,,,1.0327671120001014,,0.02902653899991492,0.0003152869999212271,0.01285378300008233,0.25428600500003995,,1.3163949429999775,,1e-06,180,v3
35721,expanded_box,topk,512,,512,0,"[12, 12]","[25, 25]",625,topk,512,,512,80000,625,cheap,30,0.01,,,,,,,,,,,,,,,,,inverse,20000,group_a,50,diag,0.001,50,auto,auto,186,187,9.77698010066842e-07,0,,,2,synthetic_true_func_2d_n1000000,False,NVIDIA L4,cheap,0,0,0,0,0,0,2,35721,,,,,,,,,,,,,1e-05,inverse,999999.9999990036,True,,nan,0,50,diag,0.001,0,0,0,6250000,False,186.0,matern,0.1,1.5,1.0,,0,100000,btab_auto_topk_512,189,187,186,1000,1000000,cufinufft,binned_c1,50,186,9.77698010066842e-07,pcg,converged,186,,True,0.1,0,1313.5162514399249,0.0012663062664648886,0.019936062178706873,0,0.1,exact,ok,,0.0006297459465246566,0.1177624920001108,0.00027051713441177263,0.05031618700058971,462889.78707640665,35096,,,0.0014829230001396354,4.341493548332848e-05,0.008075177999899097,3.881381181228242e-05,0.00721936899708453,9.704104299558938e-05,0.018049633997179626,0.023779939000178274,0.008763820000012856,0.008617812000011327,0.0,0.006178253000143741,5.24980806398729e-05,0.00976464299901636,,,0.0002617309999095596,0.030190617000016573,0.026212966999992204,0.012405678000050102,0.3053384689999348,0.00022005400001035014,0.33552908599995135,0.3357908169998609,1e-06,,v6_btab
35721,expanded_box,topk,1024,,1024,0,"[18, 18]","[37, 37]",1369,topk,1024,,1024,80000,1369,cheap,30,0.01,,,,,,,,,,,,,,,,,inverse,20000,group_a,50,diag,0.001,50,auto,auto,91,92,9.81944242697407e-07,0,,,2,synthetic_true_func_2d_n1000000,False,NVIDIA L4,cheap,0,0,0,0,0,0,2,35721,,,,,,,,,,,,,1e-05,inverse,999999.9999990035,True,,nan,0,50,diag,0.001,0,0,0,29986576,False,91.0,matern,0.1,1.5,1.0,,0,100000,btab_auto_topk_1024,189,92,91,1000,1000000,cufinufft,binned_c1,50,91,9.81944242697407e-07,pcg,converged,91,,True,0.1,0,240.15142962495517,0.0012661960952056244,0.01993607446074124,0,0.1,exact,ok,,0.0006483516956524473,0.05964835600002516,0.00032710345054251126,0.029766413999368524,159243.36646233394,34352,,,0.0015276339997853938,4.436640660270104e-05,0.0040373430008457944,4.050135164236833e-05,0.003685622999455518,0.00014868059339618074,0.013529933999052446,0.13298066500010464,0.04545102399993084,0.06482845700020334,0.0,0.02060964999986936,5.380283516467818e-05,0.0048960579999857146,,,0.00027411599990045943,0.029770330000019385,0.13555130899999313,0.012861712000130865,0.28124406400002044,0.002091534000101092,0.31101439400003983,0.3112885099999403,1e-06,,v6_btab
35721,expanded_box,topk,2048,,2048,0,"[25, 25]","[51, 51]",2601,topk,2048,,2048,80000,2601,cheap,30,0.01,,,,,,,,,,,,,,,,,inverse,20000,group_a,50,diag,0.001,50,auto,auto,57,58,8.583678945105723e-07,0,,,2,synthetic_true_func_2d_n1000000,False,NVIDIA L4,cheap,0,0,0,0,0,0,2,35721,,,,,,,,,,,,,1e-05,inverse,999999.9999990036,True,,nan,0,50,diag,0.001,0,0,0,108243216,False,57.0,matern,0.1,1.5,1.0,,0,100000,btab_auto_topk_2048,189,58,57,1000,1000000,cufinufft,binned_c1,50,57,8.583678945105723e-07,pcg,converged,57,,True,0.1,0,54.54761652132973,0.0012655525452141526,0.019936053564873032,0,0.1,exact,ok,,0.0006425284482953304,0.037266650001129165,0.0008342724035046239,0.04755352699976356,63020.96672492494,33120,,,0.001635820000046806,4.31441578831781e-05,0.0024592169993411517,4.599452632535024e-05,0.002621688000544964,0.0006515342807137801,0.037137454000685466,0.6877496479999081,0.18890836399987165,0.39903772899992873,0.0,0.09112625600005231,5.324963159150604e-05,0.0030352290007158444,,,0.0002549920000092243,0.029158347000020512,0.6905025469998236,0.012984359000029144,0.8106305910000629,0.008677299000055427,0.8397889380000834,0.8400439300000926,1e-06,,v6_btab
35721,expanded_box,topk,4096,,4096,0,"[36, 36]","[73, 73]",5329,topk,4096,,4096,80000,5329,cheap,30,0.01,,,,,,,,,,,,,,,,,inverse,20000,group_a,50,diag,0.001,50,auto,auto,26,27,7.914420837674334e-07,0,,,2,synthetic_true_func_2d_n1000000,False,NVIDIA L4,cheap,0,0,0,0,0,0,2,35721,,,,,,,,,,,,,1e-05,inverse,999999.9999990036,True,,nan,0,50,diag,0.001,0,0,0,454371856,False,26.0,matern,0.1,1.5,1.0,,0,100000,btab_auto_topk_4096,189,27,26,1000,1000000,cufinufft,binned_c1,50,26,7.914420837674334e-07,pcg,converged,26,,True,0.1,0,9.83852065960661,0.0012665877503899004,0.019936042753407532,0,0.1,exact,ok,,0.0006553950370542023,0.01769566600046346,0.0021681732307745104,0.05637250400013727,21241.346961770272,30392,,,0.0018436569998812047,4.383426922826262e-05,0.0011396909999348281,4.6060153845946144e-05,0.0011975639999945997,0.0019858041538764856,0.05163090800078862,4.663336585000025,0.785684984999989,3.2455251659998794,0.0,0.5956073410000045,5.274249998330141e-05,0.0013713049995658366,,,0.00026170999990426935,0.030185501000005388,4.666278612000042,0.012689221999835354,4.756828806000158,0.03651909300015177,4.787014307000163,4.787276017000067,1e-06,,v6_btab
35721,expanded_box,topk,1024,,1024,0,"[18, 18]","[37, 37]",1369,topk,1024,,1024,80000,1369,cheap,30,0.01,,cupy,4.24702229356709e-15,1.0973686562136506e-15,320,162,162,,162,64,1369,34352,1402880,2521.069931628681,25210.69931628681,0.001,boxeig,20000,group_a,50,diag,0.001,50,auto,boxeig,294,295,9.931666127730837e-07,0,,,2,synthetic_true_func_2d_n1000000,False,NVIDIA L4,cheap,64,0,64,64,0,0,2,35721,,,,,,,4.24702229356709e-15,1.0973686562136506e-15,,,,,1e-05,boxeig,999999.9999990036,True,,nan,0,0,,nan,0,0,0,0,False,294.0,matern,0.1,1.5,1.0,,85264,100000,btab_boxeig_topk_1024_q64,189,295,294,1000,1000000,cufinufft,binned_c1,50,294,9.931666127730837e-07,pcg,converged,294,,True,0.1,0,240.1514296249552,0.0012658780992158953,0.01993607647522187,0,0.1,boxeig,ok,,0.0006609554339019716,0.19498185300108162,0.0004257053741435366,0.12515737999819976,159243.36646233394,34352,,25210.69931628681,0.0015531079998254427,4.476061564509771e-05,0.013159620999658728,3.692765986503515e-05,0.010856732000320335,0.0002491714285729451,0.07325640000044586,0.12577770100006092,0.0,0.0,0.0010025260000929848,0.0,5.508354421772001e-05,0.016194562000009682,0.12477517499996793,,0.02601006400004735,0.03058176700005788,0.12775558500015904,0.01304887400010557,0.6316091439998672,0.0,0.6621909109999251,0.6882009749999725,1e-06,,v7_btab_boxeig
35721,expanded_box,topk,1024,,1024,0,"[18, 18]","[37, 37]",1369,topk,1024,,1024,80000,1369,cheap,30,0.01,,cupy,1.84026814198151e-14,1.3645281343173654e-15,640,290,290,,290,128,1369,34352,2805760,691.2003545512334,6912.003545512334,0.001,boxeig,20000,group_a,50,diag,0.001,50,auto,boxeig,116,117,8.896204068681016e-07,0,,,2,synthetic_true_func_2d_n1000000,False,NVIDIA L4,cheap,128,0,128,128,0,0,2,35721,,,,,,,1.84026814198151e-14,1.3645281343173654e-15,,,,,1e-05,boxeig,999999.9999990036,True,,nan,0,0,,nan,0,0,0,0,False,116.0,matern,0.1,1.5,1.0,,85264,100000,btab_boxeig_topk_1024_q128,189,117,116,1000,1000000,cufinufft,binned_c1,50,116,8.896204068681016e-07,pcg,converged,116,,True,0.1,0,240.1514296249552,0.001263143613878568,0.019936060838820883,0,0.1,boxeig,ok,,0.0007033220427344461,0.0822886789999302,0.0004434608534481789,0.051441458999988754,159243.36646233394,34352,,6912.003545512334,0.0015343079999183828,4.756941378586973e-05,0.005518051999160889,3.920324138366125e-05,0.004547576000504705,0.0002562289396690113,0.02972255700160531,0.23844852799993532,0.0,0.0,0.0009916290000546724,0.0,5.8246413800588925e-05,0.006756584000868315,0.23745689899988065,,0.05090692700014188,0.029937488000086887,0.24042413099982696,0.012961930999836113,0.45114803199999187,0.0,0.48108552000007876,0.5319924470002206,1e-06,,v7_btab_boxeig
35721,expanded_box,topk,2048,,2048,0,"[25, 25]","[51, 51]",2601,topk,2048,,2048,80000,2601,cheap,30,0.01,,cupy,4.466565149281566e-15,1.1138828990589013e-15,320,162,162,,162,64,2601,33120,2664448,2521.603655035042,25216.036550350418,0.001,boxeig,20000,group_a,50,diag,0.001,50,auto,boxeig,263,264,9.594040279263281e-07,0,,,2,synthetic_true_func_2d_n1000000,False,NVIDIA L4,cheap,64,0,64,64,0,0,2,35721,,,,,,,4.466565149281566e-15,1.1138828990589013e-15,,,,,1e-05,boxeig,999999.9999990036,True,,nan,0,0,,nan,0,0,0,0,False,263.0,matern,0.1,1.5,1.0,,163216,100000,btab_boxeig_topk_2048_q64,189,264,263,1000,1000000,cufinufft,binned_c1,50,263,9.594040279263281e-07,pcg,converged,263,,True,0.1,0,54.54761652132973,0.001265511737248929,0.019936114865351094,0,0.1,boxeig,ok,,0.0006601279810638516,0.17427378700085683,0.000427208471480641,0.11235582799940858,63020.96672492494,33120,,25216.036550350418,0.0016420709998783423,4.506854372937271e-05,0.011853027000825023,3.722051330369279e-05,0.009788994998871203,0.0002496338555156814,0.0656537040006242,0.12669956200011256,0.0,0.0,0.0009865480001280957,0.0,5.549311026611525e-05,0.01459468799998831,0.12571301399998447,,0.02631840099979854,0.03050955700018676,0.12878625300004387,0.012802878999991663,0.5801800560000174,0.0,0.6106896130002042,0.6370080140000027,1e-06,,v7_btab_boxeig
35721,expanded_box,topk,2048,,2048,0,"[25, 25]","[51, 51]",2601,topk,2048,,2048,80000,2601,cheap,30,0.01,,cupy,9.669950810911083e-15,1.5229503595420402e-15,640,290,290,,290,128,2601,33120,5328896,691.9820422213623,6919.820422213623,0.001,boxeig,20000,group_a,50,diag,0.001,50,auto,boxeig,135,136,9.117135615060922e-07,0,,,2,synthetic_true_func_2d_n1000000,False,NVIDIA L4,cheap,128,0,128,128,0,0,2,35721,,,,,,,9.669950810911083e-15,1.5229503595420402e-15,,,,,1e-05,boxeig,999999.9999990036,True,,nan,0,0,,nan,0,0,0,0,False,135.0,matern,0.1,1.5,1.0,,163216,100000,btab_boxeig_topk_2048_q128,189,136,135,1000,1000000,cufinufft,binned_c1,50,135,9.117135615060922e-07,pcg,converged,135,,True,0.1,0,54.54761652132973,0.0012634089671677564,0.019936089581897503,0,0.1,boxeig,ok,,0.0007216255808741072,0.09814107899887858,0.0005167243555644274,0.0697577880011977,63020.96672492494,33120,,6919.820422213623,0.0016855890000897489,4.600726665894736e-05,0.0062109809989578935,3.8095481472232174e-05,0.005142889998751343,0.0003140882222211345,0.04240190999985316,1.0889185540002018,0.0,0.0,0.00102289300002667,0.0,5.594811110919788e-05,0.007552994999741713,1.087895661000175,,0.05070636599998579,0.03018527000017457,1.0910587399998803,0.01273134600000958,1.3531244479997895,0.0,1.383309717999964,1.4340160839999498,1e-06,,v7_btab_boxeig
35721,expanded_box,topk,2048,,2048,0,"[25, 25]","[51, 51]",2601,topk,2048,,2048,80000,2601,cheap,30,0.01,,cupy,2.669916360484908e-14,1.8553275321627747e-15,960,418,418,,418,192,2601,33120,7993344,298.6977473353098,2986.977473353098,0.001,boxeig,20000,group_a,50,diag,0.001,50,auto,boxeig,93,94,9.943484768876999e-07,0,,,2,synthetic_true_func_2d_n1000000,False,NVIDIA L4,cheap,192,0,192,192,0,0,2,35721,,,,,,,2.669916360484908e-14,1.8553275321627747e-15,,,,,1e-05,boxeig,999999.9999990036,True,,nan,0,0,,nan,0,0,0,0,False,93.0,matern,0.1,1.5,1.0,,163216,100000,btab_boxeig_topk_2048_q192,189,94,93,1000,1000000,cufinufft,binned_c1,50,93,9.943484768876999e-07,pcg,converged,93,,True,0.1,0,54.54761652132973,0.0012619118619452377,0.019936060924767844,0,0.1,boxeig,ok,,0.0007091602765962927,0.0666610660000515,0.0004697367204263633,0.04368551499965179,63020.96672492494,33120,,2986.977473353098,0.0017197279998981685,4.7553537626143186e-05,0.004422478999231316,3.9475978502851313e-05,0.003671266000765172,0.00027959276345398157,0.026002127001220288,0.8085938100000476,0.0,0.0,0.0010360820001551474,0.0,5.9678526892923247e-05,0.005550103001041862,0.8075577279998924,,0.07555068100009521,0.03038348300015059,0.8107718730000215,0.012650869000026432,0.9839269359999889,0.0,1.0143104190001395,1.0898611000002347,1e-06,,v7_btab_boxeig
35721,expanded_box,topk,4096,,4096,0,"[36, 36]","[73, 73]",5329,topk,4096,,4096,80000,5329,cheap,30,0.01,,cupy,1.2535538660261928e-14,1.6477311411198542e-15,640,290,290,,290,128,5329,30392,10915840,692.0767201498466,6920.7672014984655,0.001,boxeig,20000,group_a,50,diag,0.001,50,auto,boxeig,134,135,9.759851976663179e-07,0,,,2,synthetic_true_func_2d_n1000000,False,NVIDIA L4,cheap,128,0,128,128,0,0,2,35721,,,,,,,1.2535538660261928e-14,1.6477311411198542e-15,,,,,1e-05,boxeig,999999.9999990036,True,,nan,0,0,,nan,0,0,0,0,False,134.0,matern,0.1,1.5,1.0,,336400,100000,btab_boxeig_topk_4096_q128,189,135,134,1000,1000000,cufinufft,binned_c1,50,134,9.759851976663179e-07,pcg,converged,134,,True,0.1,0,9.83852065960661,0.0012659554833785334,0.0199361284731027,0,0.1,boxeig,ok,,0.0006929330370372487,0.09354596000002857,0.0004678932387941498,0.06269769399841607,21241.346961770272,30392,,6920.7672014984655,0.0018932670000140206,4.7955925375295485e-05,0.006426094000289595,3.8013641803662546e-05,0.005093828001690781,0.0002825188507491041,0.03785752600037995,0.5183982139999443,0.0,0.0,0.001045642000008229,0.0,5.7082126867933415e-05,0.007649005000303077,0.5173525719999361,,0.05283389700002772,0.03100251500018203,0.520753275000061,0.0126514789999419,0.7651673119999032,0.0,0.7961698270000852,0.8490037240001129,1e-06,,v7_btab_boxeig
35721,expanded_box,topk,4096,,4096,0,"[36, 36]","[73, 73]",5329,topk,4096,,4096,80000,5329,cheap,30,0.01,,cupy,4.341502110608732e-14,1.91067822477725e-15,960,418,418,,418,192,5329,30392,16373760,298.8013631659401,2988.0136316594007,0.001,boxeig,20000,group_a,50,diag,0.001,50,auto,boxeig,90,91,8.67766033135254e-07,0,,,2,synthetic_true_func_2d_n1000000,False,NVIDIA L4,cheap,192,0,192,192,0,0,2,35721,,,,,,,4.341502110608732e-14,1.91067822477725e-15,,,,,1e-05,boxeig,999999.9999990036,True,,nan,0,0,,nan,0,0,0,0,False,90.0,matern,0.1,1.5,1.0,,336400,100000,btab_boxeig_topk_4096_q192,189,91,90,1000,1000000,cufinufft,binned_c1,50,90,8.67766033135254e-07,pcg,converged,90,,True,0.1,0,9.83852065960661,0.0012648579842660847,0.01993612258516875,0,0.1,boxeig,ok,,0.0007169760549484156,0.06524482100030582,0.00047490038889463904,0.04274103500051751,21241.346961770272,30392,,2988.0136316594007,0.0018963119998716138,4.680607777471677e-05,0.004212546999724509,3.878280000309233e-05,0.00349045200027831,0.0002873029666741584,0.025857267000674256,0.37400370600016686,0.0,0.0,0.0010715070000060223,0.0,5.9247900008409085e-05,0.0053323110007568175,0.37293219900016084,,0.07887072199991962,0.03007166700012931,0.3763744829998359,0.012815187999876798,0.546074912999984,0.0,0.5761465800001133,0.6550173020000329,1e-06,,v7_btab_boxeig
35721,expanded_box,topk,4096,,4096,0,"[36, 36]","[73, 73]",5329,topk,4096,,4096,80000,5329,cheap,30,0.01,,cupy,4.622331760232754e-14,3.648365865549799e-15,1280,546,546,,546,256,5329,30392,21831680,150.17769986621352,1501.7769986621352,0.001,boxeig,20000,group_a,50,diag,0.001,50,auto,boxeig,67,68,9.695808888168033e-07,0,,,2,synthetic_true_func_2d_n1000000,False,NVIDIA L4,cheap,256,0,256,256,0,0,2,35721,,,,,,,4.622331760232754e-14,3.648365865549799e-15,,,,,1e-05,boxeig,999999.9999990036,True,,nan,0,0,,nan,0,0,0,0,False,67.0,matern,0.1,1.5,1.0,,336400,100000,btab_boxeig_topk_4096_q256,189,68,67,1000,1000000,cufinufft,binned_c1,50,67,9.695808888168033e-07,pcg,converged,67,,True,0.1,0,9.83852065960661,0.0012644875295750304,0.019936094306299938,0,0.1,boxeig,ok,,0.0007323139558901163,0.0497973490005279,0.0004869128208678946,0.03262315899814894,21241.346961770272,30392,,1501.7769986621352,0.001857938000057402,4.8948074643350934e-05,0.003279521001104513,4.159079104120697e-05,0.002786582999760867,0.00029152797014830867,0.01953237399993668,0.495799487000113,0.0,0.0,0.0010531539999192319,0.0,6.039785074138837e-05,0.004046655999673021,0.49474633300019377,,0.10471622000000025,0.02999111700000867,0.49816042099996594,0.012812548000056267,0.62700850300007,0.0,0.6569996200000787,0.761715840000079,1e-06,,v7_btab_boxeig
35721,expanded_box,topk,8192,,8192,0,"[51, 51]","[103, 103]",10609,topk,8192,,8192,80000,10609,cheap,30,0.01,,cupy,1.0346949698136961e-14,1.7155502738700684e-15,640,290,290,,290,128,10609,25112,21729280,692.0915484633265,6920.915484633265,0.001,boxeig,20000,group_a,50,diag,0.001,50,auto,boxeig,140,141,9.88700336579498e-07,0,,,2,synthetic_true_func_2d_n1000000,False,NVIDIA L4,cheap,128,0,128,128,0,0,2,35721,,,,,,,1.0346949698136961e-14,1.7155502738700684e-15,,,,,1e-05,boxeig,999999.9999990036,True,,nan,0,0,,nan,0,0,0,0,False,140.0,matern,0.1,1.5,1.0,,672400,100000,btab_boxeig_topk_8192_q128,189,141,140,1000,1000000,cufinufft,binned_c1,50,140,9.88700336579498e-07,pcg,converged,140,,True,0.1,0,1.8400305107767636,0.001263431657982773,0.019936324879723626,0,0.1,boxeig,ok,,0.0006903209432639028,0.09733525300021029,0.00044860853572085296,0.06280519500091941,6814.82149469016,25112,,6920.915484633265,0.0022421650000978843,4.686892856722937e-05,0.006561649999412111,3.850403571894796e-05,0.005390565000652714,0.00026387542142986475,0.03694255900018106,0.24881443000003856,0.0,0.0,0.0010531670000091253,0.0,5.742590000344145e-05,0.008039626000481803,0.24776126300002943,,0.05321543099989867,0.03055894499993883,0.25158131399984995,0.01268329000004087,0.5024284399999033,0.0,0.5329873849998421,0.5862028159997408,1e-06,,v7_btab_boxeig
35721,expanded_box,topk,8192,,8192,0,"[51, 51]","[103, 103]",10609,topk,8192,,8192,80000,10609,cheap,30,0.01,,cupy,4.464420226215965e-14,2.0458841029220915e-15,960,418,418,,418,192,10609,25112,32593920,298.8170415471586,2988.1704154715862,0.001,boxeig,20000,group_a,50,diag,0.001,50,auto,boxeig,91,92,9.57820437284712e-07,0,,,2,synthetic_true_func_2d_n1000000,False,NVIDIA L4,cheap,192,0,192,192,0,0,2,35721,,,,,,,4.464420226215965e-14,2.0458841029220915e-15,,,,,1e-05,boxeig,999999.9999990036,True,,nan,0,0,,nan,0,0,0,0,False,91.0,matern,0.1,1.5,1.0,,672400,100000,btab_boxeig_topk_8192_q192,189,92,91,1000,1000000,cufinufft,binned_c1,50,91,9.57820437284712e-07,pcg,converged,91,,True,0.1,0,1.8400305107767636,0.0012633605885514184,0.019936338720759905,0,0.1,boxeig,ok,,0.0007051076413073015,0.06486990300027173,0.0006360415714345515,0.057879783000544194,6814.82149469016,25112,,2988.1704154715862,0.0022865319999709754,4.704752746714963e-05,0.004281324999510616,4.118391208956402e-05,0.0037477360001503257,0.0004468720988815231,0.0406653609982186,0.3795454549999704,0.0,0.0,0.0010831459999280924,0.0,5.802848352856757e-05,0.005280592001099649,0.3784623090000423,,0.07958477900001526,0.030417142000032982,0.3825226260000818,0.012818834999961837,0.5657269900000301,0.0,0.5961441320000631,0.6757289110000784,1e-06,,v7_btab_boxeig
35721,expanded_box,topk,8192,,8192,0,"[51, 51]","[103, 103]",10609,topk,8192,,8192,80000,10609,cheap,30,0.01,,cupy,2.904113797873715e-14,2.8992716668748305e-15,1280,546,546,,546,256,10609,25112,43458560,150.19158097286066,1501.9158097286065,0.001,boxeig,20000,group_a,50,diag,0.001,50,auto,boxeig,65,66,9.506852121817863e-07,0,,,2,synthetic_true_func_2d_n1000000,False,NVIDIA L4,cheap,256,0,256,256,0,0,2,35721,,,,,,,2.904113797873715e-14,2.8992716668748305e-15,,,,,1e-05,boxeig,999999.9999990036,True,,nan,0,0,,nan,0,0,0,0,False,65.0,matern,0.1,1.5,1.0,,672400,100000,btab_boxeig_topk_8192_q256,189,66,65,1000,1000000,cufinufft,binned_c1,50,65,9.506852121817863e-07,pcg,converged,65,,True,0.1,0,1.8400305107767636,0.001263416783922242,0.019936335782660512,0,0.1,boxeig,ok,,0.000720286818174524,0.04753892999951859,0.0007400087999940297,0.04810057199961193,6814.82149469016,25112,,1501.9158097286065,0.002245018999929016,4.7911630778029435e-05,0.0031142560005719133,4.4589553838774846e-05,0.002898320999520365,0.0005436071230878252,0.03533446300070864,0.5240785660000711,0.0,0.0,0.0010409100000288163,0.0,5.9670846153144686e-05,0.0038786049999544048,0.5230376560000423,,0.10742069200000515,0.030045047999919916,0.5271448799999234,0.012871574999962831,0.6674230950000037,0.0,0.6974681429999237,0.8048888349999288,1e-06,,v7_btab_boxeig
35721,expanded_box,topk,16384,,16384,0,"[72, 72]","[145, 145]",21025,topk,16384,,16384,80000,21025,cheap,30,0.01,,cupy,1.2517746625520793e-14,1.455010994123575e-15,640,290,290,,290,128,21025,14696,43061248,692.0938465194346,6920.938465194346,0.001,boxeig,20000,group_a,50,diag,0.001,50,auto,boxeig,162,163,8.324461396328922e-07,0,,,2,synthetic_true_func_2d_n1000000,False,NVIDIA L4,cheap,128,0,128,128,0,0,2,35721,,,,,,,1.2517746625520793e-14,1.455010994123575e-15,,,,,1e-05,boxeig,999999.9999990036,True,,nan,0,0,,nan,0,0,0,0,False,162.0,matern,0.1,1.5,1.0,,1336336,100000,btab_boxeig_topk_16384_q128,189,163,162,1000,1000000,cufinufft,binned_c1,50,162,8.324461396328922e-07,pcg,converged,162,,True,0.1,0,0.3418038697450546,0.0012636711662198988,0.019936301403602898,0,0.1,boxeig,ok,,0.0006773274662528413,0.11040437699921313,0.0007170029753167933,0.1161544820013205,1608.560388813903,14696,,6920.938465194346,0.003047401000003447,4.539598765342906e-05,0.007354149999855508,4.070509258742086e-05,0.006594224999162179,0.0005334407654393062,0.0864174040011676,0.2840882849998252,0.0,0.0,0.0010814769998432894,0.0,5.5733728388840525e-05,0.009028863998992165,0.2830068079999819,,0.052366917999961515,0.029582282999854215,0.28795727099986834,0.012592481999945448,0.6187616189999972,0.0,0.6483439019998514,0.7007108199998129,1e-06,,v7_btab_boxeig
35721,expanded_box,topk,16384,,16384,0,"[72, 72]","[145, 145]",21025,topk,16384,,16384,80000,21025,cheap,30,0.01,,cupy,3.75812453523044e-14,1.778942411211434e-15,960,418,418,,418,192,21025,14696,64591872,298.8194770081296,2988.1947700812957,0.001,boxeig,20000,group_a,50,diag,0.001,50,auto,boxeig,99,100,8.905950985734396e-07,0,,,2,synthetic_true_func_2d_n1000000,False,NVIDIA L4,cheap,192,0,192,192,0,0,2,35721,,,,,,,3.75812453523044e-14,1.778942411211434e-15,,,,,1e-05,boxeig,999999.9999990036,True,,nan,0,0,,nan,0,0,0,0,False,99.0,matern,0.1,1.5,1.0,,1336336,100000,btab_boxeig_topk_16384_q192,189,100,99,1000,1000000,cufinufft,binned_c1,50,99,8.905950985734396e-07,pcg,converged,99,,True,0.1,0,0.3418038697450546,0.0012660671316529442,0.019936461549672428,0,0.1,boxeig,ok,,0.000682117369988191,0.0682117369988191,0.0009094379798060606,0.0900343600008,1608.560388813903,14696,,2988.1947700812957,0.0030619879998994293,4.518827272752815e-05,0.004473639000025287,4.2964474744741265e-05,0.0042534829997293855,0.0007217127474655401,0.07144956199908847,0.4969979720001447,0.0,0.0,0.0011042749999887747,0.0,5.7947484846307714e-05,0.005736800999784464,0.49589369700015595,,0.07807698299984622,0.029818180000120265,0.5010848759998225,0.012744483000005857,0.7240997219998917,0.0,0.753917902000012,0.8319948849998582,1e-06,,v7_btab_boxeig
35721,expanded_box,topk,16384,,16384,0,"[72, 72]","[145, 145]",21025,topk,16384,,16384,80000,21025,cheap,30,0.01,,cupy,3.1649393323863587e-14,2.9949381293903837e-15,1280,546,546,,546,256,21025,14696,86122496,150.19382444064217,1501.9382444064217,0.001,boxeig,20000,group_a,50,diag,0.001,50,auto,boxeig,65,66,9.84594067156374e-07,0,,,2,synthetic_true_func_2d_n1000000,False,NVIDIA L4,cheap,256,0,256,256,0,0,2,35721,,,,,,,3.1649393323863587e-14,2.9949381293903837e-15,,,,,1e-05,boxeig,999999.9999990036,True,,nan,0,0,,nan,0,0,0,0,False,65.0,matern,0.1,1.5,1.0,,1336336,100000,btab_boxeig_topk_16384_q256,189,66,65,1000,1000000,cufinufft,binned_c1,50,65,9.84594067156374e-07,pcg,converged,65,,True,0.1,0,0.3418038697450546,0.0012671220328591489,0.019936645335131946,0,0.1,boxeig,ok,,0.0006804264242411977,0.04490814399991905,0.0010894908461593262,0.0708169050003562,1608.560388813903,14696,,1501.9382444064217,0.0030636849999154947,4.685390767568046e-05,0.00304550399891923,4.458699998464838e-05,0.002898154999002145,0.0008992709538443495,0.05845261199988272,0.7639791760002481,0.0,0.0,0.001056131000041205,0.0,5.6504261538765816e-05,0.003672777000019778,0.7629230450002069,,0.10312070999998468,0.030039574000056746,0.7682650520000607,0.012899580000066635,0.9266607009999461,0.0,0.9567002750000029,1.0598209849999876,1e-06,,v7_btab_boxeig
1225,,,,,,,,,,,,,,,,,,,,,,,,,,,,,,,,,,,,,group_a,,,,,,,4648,4649,8.780336002995193e-07,,,,2,USGS_LPC_IL_Winnebago_2018_ground_elevation_regression_ntrain30000000,False,NVIDIA L4,,,,,,,,2,1225,,,,,,,,,0,0,,,1e-05,,,True,,,,,,,,,,,False,4648.0,SE,0.1,1.5,1.0,,,100000,plain_cg,35,4649,,7500000,30000000,cufinufft,cufinufft,,,,,,,,True,0.1,0,,0.13272737752517913,0.13273001326777026,0,,,ok,,0.0006108335386088948,2.8397651209927517,,,,,,,,,,,,,,,,,,,,,,,,0.7643711910000093,,0.2766729509999095,4.807344562000026,,5.571716241000104,,1e-06,,v1
1225,,,,,,,,,,,,,,,,,,,,,,,,,,,,,,,,,,,,,group_a,,,,,,,642,643,7.476228144382885e-07,,,nan,2,USGS_LPC_IL_Winnebago_2018_ground_elevation_regression_ntrain30000000,False,NVIDIA L4,,,,,,,,2,1225,98,3,nan,,3610.031952871512,0.0007168033410439363,,,5,482,0.0005603126984908868,0.2700707206726074,1e-05,,,True,[],,,,,,,,,,False,642.0,SE,0.1,1.5,1.0,nan,,100000,eigenpro_pcg_q90,35,643,642,7500000,30000000,cufinufft,binned_c1,,,,,,,full_eigenpro,True,0.1,0,,0.1326601781311298,0.13266314755784503,0,,,ok,,0.000621426206840528,0.3995770509984595,0.0001554884501596082,0.09982358500246846,,,[],,,,,,,,,,,,,,,,,0.29274588099997345,,0.14957179199996062,0.0002852520001397352,0.27819966400011253,0.8878779679998843,,1.330480892999958,,1e-06,90,v3
1225,,,,,,,,,,,,,,,,,,,,,,,,,,,,,,,,,,,,,group_a,,,,,,,92,93,9.873519874595055e-07,,,nan,2,USGS_LPC_IL_Winnebago_2018_ground_elevation_regression_ntrain30000000,False,NVIDIA L4,,,,,,,,2,1225,188,3,nan,,56.401551522332056,1.1198638695999379e-05,,,5,932,0.0005643350494777697,0.5259602661132813,1e-05,,,True,[],,,,,,,,,,False,92.0,SE,0.1,1.5,1.0,nan,,100000,eigenpro_pcg_q180,35,93,92,7500000,30000000,cufinufft,binned_c1,,,,,,,full_eigenpro,True,0.1,0,,0.13266485689448057,0.1326676745760461,0,,,ok,,0.0006304700752714839,0.058633717000248,0.0001507412173742009,0.013868191998426482,,,[],,,,,,,,,,,,,,,,,0.5663267769998583,,0.14895895400013615,0.0003021100001205923,0.2768914920000043,0.1293132749999586,,0.8449011160000737,,1e-06,180,v3
1225,expanded_box,topk,512,,512,0,"[12, 12]","[25, 25]",625,topk,512,,512,80000,625,cheap,30,0.01,,,,,,,,,,,,,,,,,inverse,20000,group_a,50,diag,0.001,50,auto,auto,47,48,7.49460002486654e-07,0,,,2,USGS_LPC_IL_Winnebago_2018_ground_elevation_regression_ntrain30000000,False,NVIDIA L4,cheap,0,0,0,0,0,0,2,1225,,,,,,,,,,,,,1e-05,inverse,29999999.999940123,True,,nan,0,50,diag,0.001,0,0,0,6250000,False,47.0,SE,0.1,1.5,1.0,,0,100000,btab_auto_topk_512,35,48,47,7500000,30000000,cufinufft,binned_c1,50,47,7.49460002486654e-07,pcg,converged,47,,True,0.1,0,24.87941419680543,0.1326567041309852,0.13265959749251507,0,0.1,exact,ok,,0.000631225916653951,0.030298843999389646,0.00027422159573301967,0.012888414999451925,745.1296047674157,600,,,0.0005375990001539321,4.399710637505663e-05,0.0020678639996276615,3.912870213637089e-05,0.0018390490004094318,9.793517019619336e-05,0.004602952999221088,0.02629574299999149,0.011286378000022523,0.008615791000011086,0.0,0.006172570999979143,5.348555318379751e-05,0.002513820999638483,,,0.00014495400000669179,0.1493943959999342,0.027726694000193675,0.27712021000002096,0.09966820600016035,0.00022100299997873663,0.24906260200009456,0.24920755600010125,1e-06,,v6_btab
1225,expanded_box,topk,1024,,1024,0,"[17, 17]","[35, 35]",1225,topk,1024,,1024,80000,1225,cheap,30,0.01,,,,,,,,,,,,,,,,,inverse,20000,group_a,50,diag,0.001,50,auto,auto,13,14,3.1361515181625316e-07,0,,,2,USGS_LPC_IL_Winnebago_2018_ground_elevation_regression_ntrain30000000,False,NVIDIA L4,cheap,0,0,0,0,0,0,2,1225,,,,,,,,,,,,,1e-05,inverse,29999999.999940123,True,,nan,0,50,diag,0.001,0,0,0,24010000,False,13.0,SE,0.1,1.5,1.0,,0,100000,btab_auto_topk_1024,35,14,13,7500000,30000000,cufinufft,binned_c1,50,13,3.1361515181625316e-07,pcg,converged,13,,True,0.1,0,0.0,0.1326567277716741,0.13265962249227037,0,0.1,exact,ok,,0.0006578644285549931,0.009210101999769904,0.0002657504614769725,0.0034547559992006427,0.0,0,,,0.0005713850000574894,1.633300000601314e-05,0.0002123290000781708,3.328999998932257e-05,0.00043276999986119336,0.00012344253846444748,0.0016047530000378174,0.11205262299995411,0.039124759999822345,0.05317482400005247,0.0,0.018209639999895444,5.339707693635249e-05,0.0006941620001725823,,,4.609600000549108e-05,0.1508501600001182,0.11348734500006685,0.27708653300010155,0.13469816699989678,0.0015433990001838538,0.285548327000015,0.28559442300002047,1e-06,,v6_btab
1225,expanded_box,topk,1225,,2048,0,"[17, 17]","[35, 35]",1225,topk,1225,,2048,80000,1225,cheap,30,0.01,,,,,,,,,,,,,,,,,inverse,20000,group_a,50,diag,0.001,50,auto,auto,13,14,3.136151512240047e-07,0,,,2,USGS_LPC_IL_Winnebago_2018_ground_elevation_regression_ntrain30000000,False,NVIDIA L4,cheap,0,0,0,0,0,0,2,1225,,,,,,,,,,,,,1e-05,inverse,29999999.999940123,True,,nan,0,50,diag,0.001,0,0,0,24010000,False,13.0,SE,0.1,1.5,1.0,,0,100000,btab_auto_topk_2048,35,14,13,7500000,30000000,cufinufft,binned_c1,50,13,3.136151512240047e-07,pcg,converged,13,,True,0.1,0,0.0,0.13265672777167326,0.1326596224922695,0,0.1,exact,ok,,0.0006547537857224077,0.009166553000113709,0.0002591083846080157,0.0033684089999042044,0.0,0,,,0.0005516840001291712,1.6221846146016524e-05,0.00021088399989821482,3.12434615177783e-05,0.00040616499973111786,0.00011837976928920677,0.001538937000759688,0.10843787099997826,0.03553329600003963,0.05315958599999249,0.0,0.01820441299992126,5.524761541682192e-05,0.000718219000418685,,,6.151000002319051e-05,0.15046997400008877,0.10988523400010308,0.27804761999982475,0.1307657410000047,0.0015405760000248847,0.2812357150000935,0.28129722500011667,1e-06,,v6_btab
1225,expanded_box,topk,1225,,4096,0,"[17, 17]","[35, 35]",1225,topk,1225,,4096,80000,1225,cheap,30,0.01,,,,,,,,,,,,,,,,,inverse,20000,group_a,50,diag,0.001,50,auto,auto,13,14,3.136151518279509e-07,0,,,2,USGS_LPC_IL_Winnebago_2018_ground_elevation_regression_ntrain30000000,False,NVIDIA L4,cheap,0,0,0,0,0,0,2,1225,,,,,,,,,,,,,1e-05,inverse,29999999.999940123,True,,nan,0,50,diag,0.001,0,0,0,24010000,False,13.0,SE,0.1,1.5,1.0,,0,100000,btab_auto_topk_4096,35,14,13,7500000,30000000,cufinufft,binned_c1,50,13,3.136151518279509e-07,pcg,converged,13,,True,0.1,0,0.0,0.13265672777166893,0.13265962249226507,0,0.1,exact,ok,,0.0006468980714414231,0.009056573000179924,0.000263070846131086,0.003419920999704118,0.0,0,,,0.0005874050000329589,1.6980769207573478e-05,0.0002207499996984552,3.397623077734561e-05,0.000441691000105493,0.00012221730769222352,0.0015888249999989057,0.10856479100016259,0.035665428000129396,0.05314954300001773,0.0,0.018206935000080193,5.2854923016918925e-05,0.000687113999219946,,,5.3873000069870614e-05,0.14929954900003395,0.11001238600010765,0.2774546369998916,0.1308662369999638,0.0015428849999352678,0.28016578599999775,0.2802196590000676,1e-06,,v6_btab
1225,expanded_box,topk,1024,,1024,0,"[17, 17]","[35, 35]",1225,topk,1024,,1024,80000,1225,cheap,30,0.01,,cupy,8.239976412543148e-15,1.1166292858440205e-15,320,162,162,,162,64,1225,0,1255424,45268.3228509884,452683.228509884,0.001,boxeig,20000,group_a,50,diag,0.001,50,auto,boxeig,1009,1010,6.998638323585932e-07,0,,,2,USGS_LPC_IL_Winnebago_2018_ground_elevation_regression_ntrain30000000,False,NVIDIA L4,cheap,64,0,64,64,0,0,2,1225,,,,,,,8.239976412543148e-15,1.1166292858440205e-15,,,,,1e-05,boxeig,29999999.999940123,True,,nan,0,0,,nan,0,0,0,0,False,1009.0,SE,0.1,1.5,1.0,,76176,100000,btab_boxeig_topk_1024_q64,35,1010,1009,7500000,30000000,cufinufft,binned_c1,50,1009,6.998638323585932e-07,pcg,converged,1009,,True,0.1,0,0.0,0.13265948943368605,0.13266234974657617,0,0.1,boxeig,ok,,0.0006335413950445949,0.6398768089950408,0.0003807905540134331,0.384217668999554,0.0,0,,452683.228509884,0.0005002140001124644,1.6630248760326975e-05,0.016779920999169917,2.7715875124377666e-05,0.027965318000497064,0.0002457092447974792,0.2479206280006565,0.1295664519998354,0.0,0.0,0.0008906690000003437,0.0,5.390147671021207e-05,0.054386590000603974,0.12867578299983506,,0.02674974900014604,0.14922792900006243,0.13048730199989222,0.2769543739998426,1.7678091560001121,0.0,1.9170370850001746,1.9437868340003206,1e-06,,v7_btab_boxeig
1225,expanded_box,topk,1024,,1024,0,"[17, 17]","[35, 35]",1225,topk,1024,,1024,80000,1225,cheap,30,0.01,,cupy,2.3868563339355896e-13,5.3750116366480025e-15,640,290,290,,290,128,1225,0,2510848,1932.1951307333434,19321.95130733343,0.001,boxeig,20000,group_a,50,diag,0.001,50,auto,boxeig,232,233,9.28329963643579e-07,0,,,2,USGS_LPC_IL_Winnebago_2018_ground_elevation_regression_ntrain30000000,False,NVIDIA L4,cheap,128,0,128,128,0,0,2,1225,,,,,,,2.3868563339355896e-13,5.3750116366480025e-15,,,,,1e-05,boxeig,29999999.999940123,True,,nan,0,0,,nan,0,0,0,0,False,232.0,SE,0.1,1.5,1.0,,76176,100000,btab_boxeig_topk_1024_q128,35,233,232,7500000,30000000,cufinufft,binned_c1,50,232,9.28329963643579e-07,pcg,converged,232,,True,0.1,0,0.0,0.13266632835303813,0.13266923478511786,0,0.1,boxeig,ok,,0.0006593754678077791,0.15363448399921253,0.00038464278447663516,0.08923712599857936,0.0,0,,19321.95130733343,0.0005813450000005105,1.72150775885539e-05,0.003993898000544505,2.7840387934145776e-05,0.00645897000072182,0.0002448738663762752,0.05681073699929584,0.2384060170002158,0.0,0.0,0.0008769240000674472,0.0,5.6094866368602166e-05,0.013014008997515703,0.23752909300014835,,0.05267659400010416,0.15174590300011914,0.23943928800008507,0.2768704529999013,0.6290017750000061,0.0,0.7807476780001252,0.8334242720002294,1e-06,,v7_btab_boxeig
1225,expanded_box,topk,1225,,2048,0,"[17, 17]","[35, 35]",1225,topk,1225,,2048,80000,1225,cheap,30,0.01,,cupy,1.0273962769666054e-14,1.0575964533453894e-15,320,162,162,,162,64,1225,0,1255424,45268.322850988385,452683.2285098838,0.001,boxeig,20000,group_a,50,diag,0.001,50,auto,boxeig,978,979,9.007980766982521e-07,0,,,2,USGS_LPC_IL_Winnebago_2018_ground_elevation_regression_ntrain30000000,False,NVIDIA L4,cheap,64,0,64,64,0,0,2,1225,,,,,,,1.0273962769666054e-14,1.0575964533453894e-15,,,,,1e-05,boxeig,29999999.999940123,True,,nan,0,0,,nan,0,0,0,0,False,978.0,SE,0.1,1.5,1.0,,76176,100000,btab_boxeig_topk_2048_q64,35,979,978,7500000,30000000,cufinufft,binned_c1,50,978,9.007980766982521e-07,pcg,converged,978,,True,0.1,0,0.0,0.1326609505571538,0.13266384996017422,0,0.1,boxeig,ok,,0.0006324954371808488,0.6192130330000509,0.0003806181656474911,0.3722445660032463,0.0,0,,452683.2285098838,0.0005928429998220963,1.654117587361061e-05,0.016177270004391175,2.76004570545827e-05,0.02699324699938188,0.0002456065766923465,0.24020323200511484,0.13231256500012023,0.0,0.0,0.0008884800001851545,0.0,5.386300102025505e-05,0.05267801499780944,0.13142408499993508,,0.026369816999931572,0.14925346999984868,0.13334741800008487,0.2779240419999951,1.7195538550001856,0.0,1.8688073250000343,1.895177141999966,1e-06,,v7_btab_boxeig
1225,expanded_box,topk,1225,,2048,0,"[17, 17]","[35, 35]",1225,topk,1225,,2048,80000,1225,cheap,30,0.01,,cupy,1.658971402225101e-13,4.164580820031594e-15,640,290,290,,290,128,1225,0,2510848,1932.1951307333438,19321.95130733344,0.001,boxeig,20000,group_a,50,diag,0.001,50,auto,boxeig,240,241,8.309857844709703e-07,0,,,2,USGS_LPC_IL_Winnebago_2018_ground_elevation_regression_ntrain30000000,False,NVIDIA L4,cheap,128,0,128,128,0,0,2,1225,,,,,,,1.658971402225101e-13,4.164580820031594e-15,,,,,1e-05,boxeig,29999999.999940123,True,,nan,0,0,,nan,0,0,0,0,False,240.0,SE,0.1,1.5,1.0,,76176,100000,btab_boxeig_topk_2048_q128,35,241,240,7500000,30000000,cufinufft,binned_c1,50,240,8.309857844709703e-07,pcg,converged,240,,True,0.1,0,0.0,0.13266272792623252,0.13266567374789634,0,0.1,boxeig,ok,,0.0006863600746822674,0.16541277799842646,0.00039736786249591207,0.09536828699901889,0.0,0,,19321.95130733344,0.000577079000095182,1.721644166252645e-05,0.004131945999006348,2.8200741663416314e-05,0.006768177999219915,0.0002556988375043071,0.061367721001033715,0.238357244999861,0.0,0.0,0.0008813609999833716,0.0,5.8356495826690966e-05,0.014005558998405832,0.23747588399987762,,0.051928612999972756,0.15040085300006467,0.23938546399995175,0.2791998639997928,0.651162050000039,0.0,0.8015629030001037,0.8534915160000764,1e-06,,v7_btab_boxeig
1225,expanded_box,topk,1225,,2048,0,"[17, 17]","[35, 35]",1225,topk,1225,,2048,80000,1225,cheap,30,0.01,,cupy,2.1321872631857918e-12,2.2958888979028722e-14,960,418,418,,418,192,1225,0,3766272,101.19712285995112,1011.9712285995112,0.001,boxeig,20000,group_a,50,diag,0.001,50,auto,boxeig,68,69,6.35398393097066e-07,0,,,2,USGS_LPC_IL_Winnebago_2018_ground_elevation_regression_ntrain30000000,False,NVIDIA L4,cheap,192,0,192,192,0,0,2,1225,,,,,,,2.1321872631857918e-12,2.2958888979028722e-14,,,,,1e-05,boxeig,29999999.999940123,True,,nan,0,0,,nan,0,0,0,0,False,68.0,SE,0.1,1.5,1.0,,76176,100000,btab_boxeig_topk_2048_q192,35,69,68,7500000,30000000,cufinufft,binned_c1,50,68,6.35398393097066e-07,pcg,converged,68,,True,0.1,0,0.0,0.1326607106750697,0.13266368949695898,0,0.1,boxeig,ok,,0.0007372089420233101,0.050867416999608395,0.00042535222058190543,0.02892395099956957,0.0,0,,1011.9712285995112,0.0005874690000382543,1.8914720592821302e-05,0.0012862010003118485,3.111122058766448e-05,0.0021155629999611847,0.0002702195882373898,0.018374932000142508,0.35820954900009383,0.0,0.0,0.0008562580001125752,0.0,6.187570586662867e-05,0.00420754799893075,0.35735329099998125,,0.07727322400000958,0.1495437480000419,0.35924191999993127,0.2785282219999772,0.48709008900004847,0.0,0.6366338370000904,0.7139070610000999,1e-06,,v7_btab_boxeig
1225,expanded_box,topk,1225,,4096,0,"[17, 17]","[35, 35]",1225,topk,1225,,4096,80000,1225,cheap,30,0.01,,cupy,2.3740310498140277e-13,5.16054737013737e-15,640,290,290,,290,128,1225,0,2510848,1932.1951307333427,19321.951307333427,0.001,boxeig,20000,group_a,50,diag,0.001,50,auto,boxeig,226,227,9.994007024274007e-07,0,,,2,USGS_LPC_IL_Winnebago_2018_ground_elevation_regression_ntrain30000000,False,NVIDIA L4,cheap,128,0,128,128,0,0,2,1225,,,,,,,2.3740310498140277e-13,5.16054737013737e-15,,,,,1e-05,boxeig,29999999.999940123,True,,nan,0,0,,nan,0,0,0,0,False,226.0,SE,0.1,1.5,1.0,,76176,100000,btab_boxeig_topk_4096_q128,35,227,226,7500000,30000000,cufinufft,binned_c1,50,226,9.994007024274007e-07,pcg,converged,226,,True,0.1,0,0.0,0.13266948049135108,0.13267261722631882,0,0.1,boxeig,ok,,0.000663026286335404,0.1505069669981367,0.00038557011947710004,0.08713884700182462,0.0,0,,19321.951307333427,0.0005881810000119003,1.7477455746737064e-05,0.003949904998762577,2.810444690651748e-05,0.006351605000872951,0.0002453281858471901,0.055444170001464954,0.23810133099982522,0.0,0.0,0.0008827019998989272,0.0,5.597938053822679e-05,0.012651340001639255,0.2372186289999263,,0.052142570000114574,0.1491268360000504,0.2391194329998143,0.279960071000005,0.6210130970000591,0.0,0.7701399330001095,0.8222825030002241,1e-06,,v7_btab_boxeig
1225,expanded_box,topk,1225,,4096,0,"[17, 17]","[35, 35]",1225,topk,1225,,4096,80000,1225,cheap,30,0.01,,cupy,3.2540816533466204e-12,1.7245034216189925e-14,960,418,418,,418,192,1225,0,3766272,101.19712285995045,1011.9712285995045,0.001,boxeig,20000,group_a,50,diag,0.001,50,auto,boxeig,67,68,9.7957021187553e-07,0,,,2,USGS_LPC_IL_Winnebago_2018_ground_elevation_regression_ntrain30000000,False,NVIDIA L4,cheap,192,0,192,192,0,0,2,1225,,,,,,,3.2540816533466204e-12,1.7245034216189925e-14,,,,,1e-05,boxeig,29999999.999940123,True,,nan,0,0,,nan,0,0,0,0,False,67.0,SE,0.1,1.5,1.0,,76176,100000,btab_boxeig_topk_4096_q192,35,68,67,7500000,30000000,cufinufft,binned_c1,50,67,9.7957021187553e-07,pcg,converged,67,,True,0.1,0,0.0,0.13266128016379905,0.13266424698371654,0,0.1,boxeig,ok,,0.0007393737205749109,0.05027741299909394,0.0004254727462826415,0.028506674000936982,0.0,0,,1011.9712285995045,0.0005583699999078817,1.903243284021898e-05,0.0012751730002946715,3.084729849827305e-05,0.002066768999384294,0.00026986958210836206,0.018081262001260257,0.356679903000213,0.0,0.0,0.0008615650001502217,0.0,6.25522686630629e-05,0.004191002000425215,0.3558183380000628,,0.07706292299985762,0.1499891599999046,0.3576779229999829,0.2804089670000849,0.4837323560000186,0.0,0.6337215159999232,0.7107844389997808,1e-06,,v7_btab_boxeig
1225,expanded_box,topk,1225,,4096,0,"[17, 17]","[35, 35]",1225,topk,1225,,4096,80000,1225,cheap,30,0.01,,cupy,1.5140154313530966e-11,5.26151354657747e-14,1280,546,546,,546,256,1225,0,5021696,5.5630445966283775,55.63044596628377,0.001,boxeig,20000,group_a,50,diag,0.001,50,auto,boxeig,15,16,8.065216819249332e-07,0,,,2,USGS_LPC_IL_Winnebago_2018_ground_elevation_regression_ntrain30000000,False,NVIDIA L4,cheap,256,0,256,256,0,0,2,1225,,,,,,,1.5140154313530966e-11,5.26151354657747e-14,,,,,1e-05,boxeig,29999999.999940123,True,,nan,0,0,,nan,0,0,0,0,False,15.0,SE,0.1,1.5,1.0,,76176,100000,btab_boxeig_topk_4096_q256,35,16,15,7500000,30000000,cufinufft,binned_c1,50,15,8.065216819249332e-07,pcg,converged,15,,True,0.1,0,0.0,0.13268215885117735,0.1326850014988929,0,0.1,boxeig,ok,,0.0007675919374605655,0.012281470999369049,0.0004347816666874375,0.006521725000311562,0.0,0,,55.63044596628377,0.0005800139999792009,1.9364133337755143e-05,0.00029046200006632716,3.2757266687137114e-05,0.0004913590003070567,0.0002760664000258354,0.004140996000387531,0.4709384149998641,0.0,0.0,0.0008940469999743073,0.0,6.26747333323389e-05,0.0009401209999850835,0.4700443679998898,,0.1027242089999163,0.1487844389998827,0.47195047399986834,0.27618911699983073,0.5019436300001416,0.0,0.6507280690000243,0.7534522779999406,1e-06,,v7_btab_boxeig
1225,expanded_box,topk,1225,,8192,0,"[17, 17]","[35, 35]",1225,topk,1225,,8192,80000,1225,cheap,30,0.01,,cupy,9.828507244564312e-14,5.33360941972745e-15,640,290,290,,290,128,1225,0,2510848,1932.1951307333438,19321.95130733344,0.001,boxeig,20000,group_a,50,diag,0.001,50,auto,boxeig,232,233,9.760107950076552e-07,0,,,2,USGS_LPC_IL_Winnebago_2018_ground_elevation_regression_ntrain30000000,False,NVIDIA L4,cheap,128,0,128,128,0,0,2,1225,,,,,,,9.828507244564312e-14,5.33360941972745e-15,,,,,1e-05,boxeig,29999999.999940123,True,,nan,0,0,,nan,0,0,0,0,False,232.0,SE,0.1,1.5,1.0,,76176,100000,btab_boxeig_topk_8192_q128,35,233,232,7500000,30000000,cufinufft,binned_c1,50,232,9.760107950076552e-07,pcg,converged,232,,True,0.1,0,0.0,0.1326663323124614,0.13266924123130044,0,0.1,boxeig,ok,,0.0006707055407857527,0.15627439100308038,0.00039588771551279933,0.09184594999896945,0.0,0,,19321.95130733344,0.0005235280000306375,1.7300021543688075e-05,0.004013604998135634,2.8943314653172913e-05,0.006714848999536116,0.0002543534267251038,0.05900999500022408,0.29365467899992836,0.0,0.0,0.0008738409999295982,0.0,5.65771163747223e-05,0.013125890998935574,0.29278083799999877,,0.05236702100000912,0.14899456900002406,0.2946170449999954,0.2791886600000453,0.6937948709999091,0.0,0.8427894399999332,0.8951564609999423,1e-06,,v7_btab_boxeig
1225,expanded_box,topk,1225,,8192,0,"[17, 17]","[35, 35]",1225,topk,1225,,8192,80000,1225,cheap,30,0.01,,cupy,1.5510458952999717e-12,1.4244045708387852e-14,960,418,418,,418,192,1225,0,3766272,101.19712285995618,1011.9712285995618,0.001,boxeig,20000,group_a,50,diag,0.001,50,auto,boxeig,68,69,6.163257552098165e-07,0,,,2,USGS_LPC_IL_Winnebago_2018_ground_elevation_regression_ntrain30000000,False,NVIDIA L4,cheap,192,0,192,192,0,0,2,1225,,,,,,,1.5510458952999717e-12,1.4244045708387852e-14,,,,,1e-05,boxeig,29999999.99994013,True,,nan,0,0,,nan,0,0,0,0,False,68.0,SE,0.1,1.5,1.0,,76176,100000,btab_boxeig_topk_8192_q192,35,69,68,7500000,30000000,cufinufft,binned_c1,50,68,6.163257552098165e-07,pcg,converged,68,,True,0.1,0,0.0,0.13266071278830147,0.13266369286375487,0,0.1,boxeig,ok,,0.0007371802028837524,0.050865433998978915,0.000423201632352576,0.02877771099997517,0.0,0,,1011.9712285995618,0.0005801280001378473,1.933320589507596e-05,0.0013146580008651654,3.089048529398711e-05,0.002100552999991123,0.00026822577939690425,0.01823935299898949,0.35780435399988164,0.0,0.0,0.0009006069999486499,0.0,6.121723528033672e-05,0.0041627719990628975,0.356903746999933,,0.07673055800000839,0.1491807439999775,0.358818994999865,0.27622047700015173,0.4862681119998342,0.0,0.6354488559998117,0.7121794139998201,1e-06,,v7_btab_boxeig
1225,expanded_box,topk,1225,,8192,0,"[17, 17]","[35, 35]",1225,topk,1225,,8192,80000,1225,cheap,30,0.01,,cupy,1.3934482345428913e-11,5.0607852582441193e-14,1280,546,546,,546,256,1225,0,5021696,5.563044596623676,55.63044596623676,0.001,boxeig,20000,group_a,50,diag,0.001,50,auto,boxeig,15,16,8.065147236831707e-07,0,,,2,USGS_LPC_IL_Winnebago_2018_ground_elevation_regression_ntrain30000000,False,NVIDIA L4,cheap,256,0,256,256,0,0,2,1225,,,,,,,1.3934482345428913e-11,5.0607852582441193e-14,,,,,1e-05,boxeig,29999999.999940123,True,,nan,0,0,,nan,0,0,0,0,False,15.0,SE,0.1,1.5,1.0,,76176,100000,btab_boxeig_topk_8192_q256,35,16,15,7500000,30000000,cufinufft,binned_c1,50,15,8.065147236831707e-07,pcg,converged,15,,True,0.1,0,0.0,0.13268215885138468,0.13268500149939594,0,0.1,boxeig,ok,,0.000762052500007826,0.012192840000125216,0.00043123513329798395,0.006468526999469759,0.0,0,,55.63044596623676,0.0005484079999860114,1.88100666491664e-05,0.000282150999737496,3.139300003264604e-05,0.0004708950004896906,0.00027455059998828803,0.00411825899982432,0.46602124400010325,0.0,0.0,0.0008773320000727836,0.0,6.161446664615748e-05,0.0009242169996923622,0.46514391200003047,,0.10228570100002798,0.14927870999986226,0.46703770299995995,0.2736790420001398,0.4969140549999338,0.0,0.646192764999796,0.748478465999824,1e-06,,v7_btab_boxeig
1225,expanded_box,topk,1225,,16384,0,"[17, 17]","[35, 35]",1225,topk,1225,,16384,80000,1225,cheap,30,0.01,,cupy,1.241389964730756e-13,3.6331966559081546e-15,640,290,290,,290,128,1225,0,2510848,1932.1951307333393,19321.95130733339,0.001,boxeig,20000,group_a,50,diag,0.001,50,auto,boxeig,231,232,9.141321444409847e-07,0,,,2,USGS_LPC_IL_Winnebago_2018_ground_elevation_regression_ntrain30000000,False,NVIDIA L4,cheap,128,0,128,128,0,0,2,1225,,,,,,,1.241389964730756e-13,3.6331966559081546e-15,,,,,1e-05,boxeig,29999999.999940123,True,,nan,0,0,,nan,0,0,0,0,False,231.0,SE,0.1,1.5,1.0,,76176,100000,btab_boxeig_topk_16384_q128,35,232,231,7500000,30000000,cufinufft,binned_c1,50,231,9.141321444409847e-07,pcg,converged,231,,True,0.1,0,0.0,0.13266638446951315,0.13266929718562206,0,0.1,boxeig,ok,,0.000658134844819603,0.1526872839981479,0.00038268322510580946,0.08839982499944199,0.0,0,,19321.95130733339,0.0005758500001320499,1.7070264068253057e-05,0.003943230999766456,2.868145021904276e-05,0.006625415000598878,0.00024298797402243745,0.05613022199918305,0.23733987899981912,0.0,0.0,0.0008661939998546586,0.0,5.5391333328326094e-05,0.012795397998843328,0.23647368499996446,,0.05202117899989389,0.15025747599997885,0.23834284100007608,0.2765753129999666,0.6253111139999419,0.0,0.7755685899999207,0.8275897689998146,1e-06,,v7_btab_boxeig
1225,expanded_box,topk,1225,,16384,0,"[17, 17]","[35, 35]",1225,topk,1225,,16384,80000,1225,cheap,30,0.01,,cupy,1.7862484035446144e-12,2.2105472367236964e-14,960,418,418,,418,192,1225,0,3766272,101.19712285995065,1011.9712285995065,0.001,boxeig,20000,group_a,50,diag,0.001,50,auto,boxeig,68,69,6.286348188198397e-07,0,,,2,USGS_LPC_IL_Winnebago_2018_ground_elevation_regression_ntrain30000000,False,NVIDIA L4,cheap,192,0,192,192,0,0,2,1225,,,,,,,1.7862484035446144e-12,2.2105472367236964e-14,,,,,1e-05,boxeig,29999999.999940123,True,,nan,0,0,,nan,0,0,0,0,False,68.0,SE,0.1,1.5,1.0,,76176,100000,btab_boxeig_topk_16384_q192,35,69,68,7500000,30000000,cufinufft,binned_c1,50,68,6.286348188198397e-07,pcg,converged,68,,True,0.1,0,0.0,0.13266075648526654,0.1326637124587077,0,0.1,boxeig,ok,,0.0007353514927448144,0.05073925299939219,0.00042349357350450885,0.028797562998306603,0.0,0,,1011.9712285995065,0.0006111909999617637,1.8989102948259696e-05,0.0012912590004816593,3.0459911740495846e-05,0.0020712739983537176,0.00026927830880902763,0.018310924999013878,0.35484497100037515,0.0,0.0,0.0008801380001841608,0.0,6.15549411791375e-05,0.00418573600018135,0.353964833000191,,0.07696754100015823,0.14889829799994914,0.35588557799997034,0.2756546990001425,0.483398988999852,0.0,0.6322972869998011,0.7092648279999594,1e-06,,v7_btab_boxeig
1225,expanded_box,topk,1225,,16384,0,"[17, 17]","[35, 35]",1225,topk,1225,,16384,80000,1225,cheap,30,0.01,,cupy,1.3377472475888137e-11,4.86108983296736e-14,1280,546,546,,546,256,1225,0,5021696,5.563044596625611,55.630445966256104,0.001,boxeig,20000,group_a,50,diag,0.001,50,auto,boxeig,15,16,8.065489968900499e-07,0,,,2,USGS_LPC_IL_Winnebago_2018_ground_elevation_regression_ntrain30000000,False,NVIDIA L4,cheap,256,0,256,256,0,0,2,1225,,,,,,,1.3377472475888137e-11,4.86108983296736e-14,,,,,1e-05,boxeig,29999999.999940123,True,,nan,0,0,,nan,0,0,0,0,False,15.0,SE,0.1,1.5,1.0,,76176,100000,btab_boxeig_topk_16384_q256,35,16,15,7500000,30000000,cufinufft,binned_c1,50,15,8.065489968900499e-07,pcg,converged,15,,True,0.1,0,0.0,0.1326821588498931,0.13268500149804038,0,0.1,boxeig,ok,,0.0007633278125211973,0.012213245000339157,0.00043663726666333483,0.0065495589999500226,0.0,0,,55.630445966256104,0.0005716589998883137,1.8740599989541808e-05,0.0002811089998431271,3.051646670731619e-05,0.0004577470006097428,0.000278282333374591,0.004174235000618864,0.46627550000016527,0.0,0.0,0.0008716680001725763,0.0,6.598486662975725e-05,0.0009897729994463589,0.4654038319999927,,0.10183853200010162,0.14920861399991736,0.46728395299987824,0.2750738889999411,0.49720861700006935,0.0,0.6464172309999867,0.7482557630000883,1e-06,,v7_btab_boxeig
35721,,,,,,,,,,,,,,,,,,,,,,,,,,,,,,,,,,,,,group_a,,,,,,,5398,5399,8.086887484812351e-07,,,,2,USGS_LPC_IL_Winnebago_2018_ground_elevation_regression_ntrain30000000,False,NVIDIA L4,,,,,,,,2,35721,,,,,,,,,0,0,,,1e-05,,,True,,,,,,,,,,,False,5398.0,matern,0.1,1.5,1.0,,,100000,plain_cg,189,5399,,7500000,30000000,cufinufft,cufinufft,,,,,,,,True,0.1,0,,0.0278740613639014,0.027893245886673076,0,,,ok,,0.0006234168746056724,3.3658277059960255,,,,,,,,,,,,,,,,,,,,,,,,0.7576261090000571,,0.2737682219999442,5.667921928000169,,6.425548556000194,,1e-06,,v1
35721,,,,,,,,,,,,,,,,,,,,,,,,,,,,,,,,,,,,,group_a,,,,,,,1322,1323,8.989629027966511e-07,,,nan,2,USGS_LPC_IL_Winnebago_2018_ground_elevation_regression_ntrain30000000,False,NVIDIA L4,,,,,,,,2,35721,98,3,nan,,26574.10810623476,0.006080193329812027,,,5,482,0.00038687654550639426,0.18647449493408202,1e-05,,,True,[],,,,,,,,,,False,1322.0,matern,0.1,1.5,1.0,nan,,100000,eigenpro_pcg_q90,189,1323,1322,7500000,30000000,cufinufft,binned_c1,,,,,,,full_eigenpro,True,0.1,0,,0.027859031312141843,0.027878086889985505,0,,,ok,,0.0006444153416538793,0.8525614970080824,0.0005992978630862462,0.7922717750000174,,,[],,,,,,,,,,,,,,,,,0.4723598270002185,,0.20494982399986839,0.0003096649998042267,0.2744115969999257,2.4710307770001236,,3.1486500930000147,,1e-06,90,v3
35721,,,,,,,,,,,,,,,,,,,,,,,,,,,,,,,,,,,,,group_a,,,,,,,666,667,9.414098695120934e-07,,,nan,2,USGS_LPC_IL_Winnebago_2018_ground_elevation_regression_ntrain30000000,False,NVIDIA L4,,,,,,,,2,35721,188,3,nan,,9749.192803921589,0.0022279848423244707,,,5,932,0.00048320165314899496,0.4503439407348633,1e-05,,,True,[],,,,,,,,,,False,666.0,matern,0.1,1.5,1.0,nan,,100000,eigenpro_pcg_q180,189,667,666,7500000,30000000,cufinufft,binned_c1,,,,,,,full_eigenpro,True,0.1,0,,0.02785987743881236,0.02787895984629521,0,,,ok,,0.0006503313628223484,0.43377101900250636,0.0010493448843864645,0.6988636930013854,,,[],,,,,,,,,,,,,,,,,1.0341654400001516,,0.19751165200000287,0.0003231890000279236,0.27427678599997307,1.5571064779999233,,2.7891067590001057,,1e-06,180,v3
35721,expanded_box,topk,512,,512,0,"[12, 12]","[25, 25]",625,topk,512,,512,80000,625,cheap,30,0.01,,,,,,,,,,,,,,,,,inverse,20000,group_a,50,diag,0.001,50,auto,auto,1133,1134,9.532036095062799e-07,0,,,2,USGS_LPC_IL_Winnebago_2018_ground_elevation_regression_ntrain30000000,False,NVIDIA L4,cheap,0,0,0,0,0,0,2,35721,,,,,,,,,,,,,1e-05,inverse,29999999.999959644,True,,nan,0,50,diag,0.001,0,0,0,6250000,False,1133.0,matern,0.1,1.5,1.0,,0,100000,btab_auto_topk_512,189,1134,1133,7500000,30000000,cufinufft,binned_c1,50,1133,9.532036095062799e-07,pcg,converged,1133,,True,0.1,0,39405.56332249561,0.02785678320347741,0.027875941210363995,0,0.1,exact,ok,,0.000633847392414779,0.7187829429983594,0.0002729493009653798,0.30925155799377535,13886724.014114993,35096,,,0.0015234559998589248,4.286020564877609e-05,0.04856061300006331,4.062994527731845e-05,0.0460337279992018,9.683666106888916e-05,0.10971593699105142,0.02415157099994758,0.009104840999953012,0.008621923999953651,0.0,0.006201321999924403,5.333503177736636e-05,0.06042859100375608,,,0.00036548200000652287,0.1975146390000191,0.02666120999992927,0.2760029050000412,1.7340224289998787,0.00022348400011651393,1.9315370679998978,1.9319025499999043,1e-06,,v6_btab
35721,expanded_box,topk,1024,,1024,0,"[18, 18]","[37, 37]",1369,topk,1024,,1024,80000,1369,cheap,30,0.01,,,,,,,,,,,,,,,,,inverse,20000,group_a,50,diag,0.001,50,auto,auto,556,557,8.91025672323967e-07,0,,,2,USGS_LPC_IL_Winnebago_2018_ground_elevation_regression_ntrain30000000,False,NVIDIA L4,cheap,0,0,0,0,0,0,2,35721,,,,,,,,,,,,,1e-05,inverse,29999999.999959644,True,,nan,0,50,diag,0.001,0,0,0,29986576,False,556.0,matern,0.1,1.5,1.0,,0,100000,btab_auto_topk_1024,189,557,556,7500000,30000000,cufinufft,binned_c1,50,556,8.91025672323967e-07,pcg,converged,556,,True,0.1,0,7204.558888596942,0.027856728844127522,0.027875892437115912,0,0.1,exact,ok,,0.0006290887019782152,0.35040240700186587,0.0003151707679811768,0.17523494699753428,4777312.262290385,34352,,,0.0015991970001323352,4.36047805787272e-05,0.024244258001772323,3.898678417510919e-05,0.021676652001360708,0.00014088960430809892,0.078334619995303,0.13426096600005621,0.04672910300018884,0.06483555299996624,0.0,0.02060888200003319,5.287856474907006e-05,0.029400482000482953,,,0.000330225999960021,0.19904586200004815,0.1369384499998887,0.27492920600002435,0.9924278519999916,0.0020874279998679413,1.1914737140000398,1.1918039399999998,1e-06,,v6_btab
35721,expanded_box,topk,2048,,2048,0,"[25, 25]","[51, 51]",2601,topk,2048,,2048,80000,2601,cheap,30,0.01,,,,,,,,,,,,,,,,,inverse,20000,group_a,50,diag,0.001,50,auto,auto,355,356,9.24768030895661e-07,0,,,2,USGS_LPC_IL_Winnebago_2018_ground_elevation_regression_ntrain30000000,False,NVIDIA L4,cheap,0,0,0,0,0,0,2,35721,,,,,,,,,,,,,1e-05,inverse,29999999.999959644,True,,nan,0,50,diag,0.001,0,0,0,108243216,False,355.0,matern,0.1,1.5,1.0,,0,100000,btab_auto_topk_2048,189,356,355,7500000,30000000,cufinufft,binned_c1,50,355,9.24768030895661e-07,pcg,converged,355,,True,0.1,0,1636.4323537299117,0.027856767154054038,0.027875927629392453,0,0.1,exact,ok,,0.0006372368792158391,0.22685632900083874,0.0008372110253647816,0.2972099140044975,1890633.603831393,33120,,,0.0016378039999835892,4.4150335210181596e-05,0.015673368999614468,4.449612676234863e-05,0.015796125000633765,0.0006546121154827579,0.23238730099637905,0.6887816760001897,0.1899360960001104,0.399064214000191,0.0,0.09110827199992855,5.37092478910855e-05,0.019066783001335352,,,0.00031082400005288946,0.19837749099997382,0.6915370809999786,0.2824537510000482,1.4306784699999753,0.008673093999959747,1.629055960999949,1.629366785000002,1e-06,,v6_btab
35721,expanded_box,topk,4096,,4096,0,"[36, 36]","[73, 73]",5329,topk,4096,,4096,80000,5329,cheap,30,0.01,,,,,,,,,,,,,,,,,inverse,20000,group_a,50,diag,0.001,50,auto,auto,174,175,9.91135481662486e-07,0,,,2,USGS_LPC_IL_Winnebago_2018_ground_elevation_regression_ntrain30000000,False,NVIDIA L4,cheap,0,0,0,0,0,0,2,35721,,,,,,,,,,,,,1e-05,inverse,29999999.999959644,True,,nan,0,50,diag,0.001,0,0,0,454371856,False,174.0,matern,0.1,1.5,1.0,,0,100000,btab_auto_topk_4096,189,175,174,7500000,30000000,cufinufft,binned_c1,50,174,9.91135481662486e-07,pcg,converged,174,,True,0.1,0,295.1563404084071,0.027856766917995518,0.027875922822996346,0,0.1,exact,ok,,0.000643495537137174,0.11261171899900546,0.0021671133505640097,0.3770777229981377,637241.9886325274,30392,,,0.0018605420000312733,4.325694253592461e-05,0.007526708001250881,4.569291380401661e-05,0.00795056700189889,0.001983658247127096,0.3451565350001147,4.666803884999808,0.7903280289999657,3.245507634999967,0.0,0.5945018620000155,5.3942787344149316e-05,0.009386044997881982,,,0.0002968560002045706,0.19770714200012662,4.669795832000091,0.27536423099991225,5.265868506000061,0.03646635899985995,5.463575648000187,5.463872504000392,1e-06,,v6_btab
35721,expanded_box,topk,1024,,1024,0,"[18, 18]","[37, 37]",1369,topk,1024,,1024,80000,1369,cheap,30,0.01,,cupy,3.738010999337479e-15,1.0845733854563296e-15,320,162,162,,162,64,1369,34352,1402880,76954.83640194329,769548.3640194329,0.001,boxeig,20000,group_a,50,diag,0.001,50,auto,boxeig,1525,1526,9.523191090361148e-07,0,,,2,USGS_LPC_IL_Winnebago_2018_ground_elevation_regression_ntrain30000000,False,NVIDIA L4,cheap,64,0,64,64,0,0,2,35721,,,,,,,3.738010999337479e-15,1.0845733854563296e-15,,,,,1e-05,boxeig,29999999.999959644,True,,nan,0,0,,nan,0,0,0,0,False,1525.0,matern,0.1,1.5,1.0,,85264,100000,btab_boxeig_topk_1024_q64,189,1526,1525,7500000,30000000,cufinufft,binned_c1,50,1525,9.523191090361148e-07,pcg,converged,1525,,True,0.1,0,7204.558888596942,0.02785763943735378,0.027876813979697414,0,0.1,boxeig,ok,,0.0006345293007867323,0.9682917130005535,0.00041270454426116664,0.6293744299982791,4777312.262290385,34352,,769548.3640194329,0.0015565280000373605,4.498879672490923e-05,0.06860791500548657,3.5942191475665736e-05,0.05481184200039024,0.00024077731999792287,0.3671854129968324,0.12480807400015692,0.0,0.0,0.0010137550000308693,0.0,5.320242950712454e-05,0.08113370499836492,0.12379431900012605,,0.025933213999906002,0.19698344799985534,0.1268023060001724,0.2727755900000375,2.640231972000038,0.0,2.837215419999893,2.863148633999799,1e-06,,v7_btab_boxeig
35721,expanded_box,topk,1024,,1024,0,"[18, 18]","[37, 37]",1369,topk,1024,,1024,80000,1369,cheap,30,0.01,,cupy,8.518952499937359e-15,1.6425406342198319e-15,640,290,290,,290,128,1369,34352,2805760,19614.934991014645,196149.34991014644,0.001,boxeig,20000,group_a,50,diag,0.001,50,auto,boxeig,1132,1133,9.251635797944527e-07,0,,,2,USGS_LPC_IL_Winnebago_2018_ground_elevation_regression_ntrain30000000,False,NVIDIA L4,cheap,128,0,128,128,0,0,2,35721,,,,,,,8.518952499937359e-15,1.6425406342198319e-15,,,,,1e-05,boxeig,29999999.999959644,True,,nan,0,0,,nan,0,0,0,0,False,1132.0,matern,0.1,1.5,1.0,,85264,100000,btab_boxeig_topk_1024_q128,189,1133,1132,7500000,30000000,cufinufft,binned_c1,50,1132,9.251635797944527e-07,pcg,converged,1132,,True,0.1,0,7204.558888596942,0.027857125420558713,0.027876296321414227,0,0.1,boxeig,ok,,0.0006387231200361301,0.7236732950009355,0.0004049061369270413,0.45835374700141074,4777312.262290385,34352,,196149.34991014644,0.0015637829999377573,4.3611779151537885e-05,0.04936853399954089,3.574110070142816e-05,0.04045892599401668,0.0002332742181993881,0.26406641500170736,0.23101421899991692,0.0,0.0,0.0010957469999084424,0.0,5.417972172999918e-05,0.061331444998359075,0.22991847200000848,,0.05345890099988537,0.19747957699996732,0.2330280070000299,0.27412126500007616,2.1018201849999514,0.0,2.2992997619999187,2.352758662999804,1e-06,,v7_btab_boxeig
35721,expanded_box,topk,2048,,2048,0,"[25, 25]","[51, 51]",2601,topk,2048,,2048,80000,2601,cheap,30,0.01,,cupy,4.071542542828126e-15,1.049933520365218e-15,320,162,162,,162,64,2601,33120,2664448,77105.33872736715,771053.3872736715,0.001,boxeig,20000,group_a,50,diag,0.001,50,auto,boxeig,1970,1971,9.623214530227628e-07,0,,,2,USGS_LPC_IL_Winnebago_2018_ground_elevation_regression_ntrain30000000,False,NVIDIA L4,cheap,64,0,64,64,0,0,2,35721,,,,,,,4.071542542828126e-15,1.049933520365218e-15,,,,,1e-05,boxeig,29999999.999959644,True,,nan,0,0,,nan,0,0,0,0,False,1970.0,matern,0.1,1.5,1.0,,163216,100000,btab_boxeig_topk_2048_q64,189,1971,1970,7500000,30000000,cufinufft,binned_c1,50,1970,9.623214530227628e-07,pcg,converged,1970,,True,0.1,0,1636.4323537299117,0.02785742418929058,0.02787659776878124,0,0.1,boxeig,ok,,0.0006378094190776423,1.257122365002033,0.00041502027359878837,0.8175899389896131,1890633.603831393,33120,,771053.3872736715,0.0016898240000955411,4.3743700002824664e-05,0.08617508900556459,3.6090840611221875e-05,0.0710989560041071,0.00024260380101856157,0.4779294880065663,0.1328036899997187,0.0,0.0,0.001031963999821528,0.0,5.420784314660084e-05,0.10678945099880366,0.13177172599989717,,0.02629836100004468,0.19767875699994875,0.13491924499999186,0.2764377250000507,3.409266766999963,0.0,3.6069455239999115,3.633243884999956,1e-06,,v7_btab_boxeig
35721,expanded_box,topk,2048,,2048,0,"[25, 25]","[51, 51]",2601,topk,2048,,2048,80000,2601,cheap,30,0.01,,cupy,9.306329408161456e-15,2.068771995340106e-15,640,290,290,,290,128,2601,33120,5328896,19692.15834060477,196921.58340604766,0.001,boxeig,20000,group_a,50,diag,0.001,50,auto,boxeig,1070,1071,9.743237155294423e-07,0,,,2,USGS_LPC_IL_Winnebago_2018_ground_elevation_regression_ntrain30000000,False,NVIDIA L4,cheap,128,0,128,128,0,0,2,35721,,,,,,,9.306329408161456e-15,2.068771995340106e-15,,,,,1e-05,boxeig,29999999.999959644,True,,nan,0,0,,nan,0,0,0,0,False,1070.0,matern,0.1,1.5,1.0,,163216,100000,btab_boxeig_topk_2048_q128,189,1071,1070,7500000,30000000,cufinufft,binned_c1,50,1070,9.743237155294423e-07,pcg,converged,1070,,True,0.1,0,1636.4323537299117,0.027857337353962907,0.027876485502310144,0,0.1,boxeig,ok,,0.0006463332212933213,0.6922228800051471,0.00043214108691776447,0.462390963002008,1890633.603831393,33120,,196921.58340604766,0.0016786109999884502,4.4280358874814986e-05,0.04737998399605203,3.6515897198531044e-05,0.039072010002428215,0.0002592174224267854,0.2773626419966604,0.26335097299988774,0.0,0.0,0.0010044470000138972,0.0,5.354177102592041e-05,0.05728969499773484,0.26234652599987385,,0.054924721000134014,0.19781950600008713,0.2654645919999439,0.2746664320000036,2.0760243219999666,0.0,2.2738438280000537,2.3287685490001877,1e-06,,v7_btab_boxeig
35721,expanded_box,topk,2048,,2048,0,"[25, 25]","[51, 51]",2601,topk,2048,,2048,80000,2601,cheap,30,0.01,,cupy,5.83734229331309e-14,2.341131050406016e-15,960,418,418,,418,192,2601,33120,7993344,8126.28221357863,81262.8221357863,0.001,boxeig,20000,group_a,50,diag,0.001,50,auto,boxeig,848,849,9.790001626131022e-07,0,,,2,USGS_LPC_IL_Winnebago_2018_ground_elevation_regression_ntrain30000000,False,NVIDIA L4,cheap,192,0,192,192,0,0,2,35721,,,,,,,5.83734229331309e-14,2.341131050406016e-15,,,,,1e-05,boxeig,29999999.999959644,True,,nan,0,0,,nan,0,0,0,0,False,848.0,matern,0.1,1.5,1.0,,163216,100000,btab_boxeig_topk_2048_q192,189,849,848,7500000,30000000,cufinufft,binned_c1,50,848,9.790001626131022e-07,pcg,converged,848,,True,0.1,0,1636.4323537299117,0.027857214483270373,0.02787638762016253,0,0.1,boxeig,ok,,0.0006441015948104832,0.5468422539941002,0.00043109467688717606,0.3655682860003253,1890633.603831393,33120,,81262.8221357863,0.0018601019999096025,4.364406957415453e-05,0.03701017099888304,3.602098702971197e-05,0.03054579700119575,0.00025919867570839314,0.21980047700071736,0.3654701689999911,0.0,0.0,0.0010979520000091725,0.0,5.351931013389842e-05,0.04538437499354586,0.3643722169999819,,0.07598240699985581,0.19808227099997566,0.36782049199996436,0.27675191799994536,1.8013429990000986,0.0,1.9994252700000743,2.07540767699993,1e-06,,v7_btab_boxeig
35721,expanded_box,topk,4096,,4096,0,"[36, 36]","[73, 73]",5329,topk,4096,,4096,80000,5329,cheap,30,0.01,,cupy,1.0586541305887946e-14,1.713185501032539e-15,640,290,290,,290,128,5329,30392,10915840,19697.106182383606,196971.06182383606,0.001,boxeig,20000,group_a,50,diag,0.001,50,auto,boxeig,1340,1341,9.873784618445445e-07,0,,,2,USGS_LPC_IL_Winnebago_2018_ground_elevation_regression_ntrain30000000,False,NVIDIA L4,cheap,128,0,128,128,0,0,2,35721,,,,,,,1.0586541305887946e-14,1.713185501032539e-15,,,,,1e-05,boxeig,29999999.999959644,True,,nan,0,0,,nan,0,0,0,0,False,1340.0,matern,0.1,1.5,1.0,,336400,100000,btab_boxeig_topk_4096_q128,189,1341,1340,7500000,30000000,cufinufft,binned_c1,50,1340,9.873784618445445e-07,pcg,converged,1340,,True,0.1,0,295.1563404084071,0.02785752607000271,0.027876678959240144,0,0.1,boxeig,ok,,0.0006479781521240354,0.8689387019983315,0.0004339941440312643,0.5815521530018941,637241.9886325274,30392,,196971.06182383606,0.0018910710000454856,4.345870522531267e-05,0.058234665001918984,3.671092536821439e-05,0.04919263999340728,0.00026045278059767167,0.34900672600088,0.4457023099998878,0.0,0.0,0.0010668069999155705,0.0,5.46353865692213e-05,0.07321141800275655,0.44463550299997223,,0.053346687999919595,0.1983866890000172,0.44806171100003667,0.2757225620000554,2.72314513099991,0.0,2.9215318199999274,2.974878507999847,1e-06,,v7_btab_boxeig
35721,expanded_box,topk,4096,,4096,0,"[36, 36]","[73, 73]",5329,topk,4096,,4096,80000,5329,cheap,30,0.01,,cupy,2.7967516654647884e-14,2.9019253797907427e-15,960,418,418,,418,192,5329,30392,16373760,8158.319468406445,81583.19468406444,0.001,boxeig,20000,group_a,50,diag,0.001,50,auto,boxeig,948,949,9.972819052578462e-07,0,,,2,USGS_LPC_IL_Winnebago_2018_ground_elevation_regression_ntrain30000000,False,NVIDIA L4,cheap,192,0,192,192,0,0,2,35721,,,,,,,2.7967516654647884e-14,2.9019253797907427e-15,,,,,1e-05,boxeig,29999999.999959644,True,,nan,0,0,,nan,0,0,0,0,False,948.0,matern,0.1,1.5,1.0,,336400,100000,btab_boxeig_topk_4096_q192,189,949,948,7500000,30000000,cufinufft,binned_c1,50,948,9.972819052578462e-07,pcg,converged,948,,True,0.1,0,295.1563404084071,0.027857183078150976,0.027876367037364805,0,0.1,boxeig,ok,,0.0006528850695409745,0.6195879309943848,0.0004383357985232421,0.4155423370000335,637241.9886325274,30392,,81583.19468406444,0.0018862320000607724,4.367860442845442e-05,0.04140731699817479,3.7150267931007996e-05,0.03521845399859558,0.00026407231645338516,0.25034055599780913,0.3735290399997666,0.0,0.0,0.0010528829998293077,0.0,5.459225527630811e-05,0.05175345800194009,0.3724761569999373,,0.0794858799999929,0.19752487200003088,0.3759228559999883,0.2759993790000408,1.9939265279999745,0.0,2.1914514000000054,2.2709372799999983,1e-06,,v7_btab_boxeig
35721,expanded_box,topk,4096,,4096,0,"[36, 36]","[73, 73]",5329,topk,4096,,4096,80000,5329,cheap,30,0.01,,cupy,7.724998811256505e-14,5.2034767116468936e-15,1280,546,546,,546,256,5329,30392,21831680,4193.561029380043,41935.610293800426,0.001,boxeig,20000,group_a,50,diag,0.001,50,auto,boxeig,698,699,9.979070668327448e-07,0,,,2,USGS_LPC_IL_Winnebago_2018_ground_elevation_regression_ntrain30000000,False,NVIDIA L4,cheap,256,0,256,256,0,0,2,35721,,,,,,,7.724998811256505e-14,5.2034767116468936e-15,,,,,1e-05,boxeig,29999999.999959644,True,,nan,0,0,,nan,0,0,0,0,False,698.0,matern,0.1,1.5,1.0,,336400,100000,btab_boxeig_topk_4096_q256,189,699,698,7500000,30000000,cufinufft,binned_c1,50,698,9.979070668327448e-07,pcg,converged,698,,True,0.1,0,295.1563404084071,0.027857203700953997,0.02787636638032449,0,0.1,boxeig,ok,,0.0006399925994287677,0.4473548270007086,0.0004311129412629878,0.30091683300156546,637241.9886325274,30392,,41935.610293800426,0.0019171270000697405,4.339125931055814e-05,0.03028709899876958,3.68226002834271e-05,0.025702174997832117,0.0002589297148926724,0.1807329409950853,0.49875831299982565,0.0,0.0,0.0010958979999031726,0.0,5.4002644692497875e-05,0.03769384599536352,0.4976624149999225,,0.10418783799991616,0.1989340650000031,0.501201791000085,0.2755174970000098,1.6734420689999752,0.0,1.8723761339999783,1.9765639719998944,1e-06,,v7_btab_boxeig
35721,expanded_box,topk,8192,,8192,0,"[51, 51]","[103, 103]",10609,topk,8192,,8192,80000,10609,cheap,30,0.01,,cupy,9.509667685018844e-15,1.7628462487140673e-15,640,290,290,,290,128,10609,25112,21729280,19700.232559289714,197002.32559289713,0.001,boxeig,20000,group_a,50,diag,0.001,50,auto,boxeig,1657,1658,9.77978319086465e-07,0,,,2,USGS_LPC_IL_Winnebago_2018_ground_elevation_regression_ntrain30000000,False,NVIDIA L4,cheap,128,0,128,128,0,0,2,35721,,,,,,,9.509667685018844e-15,1.7628462487140673e-15,,,,,1e-05,boxeig,29999999.999959644,True,,nan,0,0,,nan,0,0,0,0,False,1657.0,matern,0.1,1.5,1.0,,672400,100000,btab_boxeig_topk_8192_q128,189,1658,1657,7500000,30000000,cufinufft,binned_c1,50,1657,9.77978319086465e-07,pcg,converged,1657,,True,0.1,0,55.2010523946633,0.027857861176571498,0.027877046458960636,0,0.1,boxeig,ok,,0.0006390270054316826,1.0595067750057297,0.0004222926191892025,0.6997388699965086,204445.1560834745,25112,,197002.32559289713,0.002336400000103822,4.3877824380914085e-05,0.07270555499917464,3.6628042851821994e-05,0.06069266700546905,0.0002492131496699763,0.4129461890031507,0.24751892399990538,0.0,0.0,0.001072407999799907,0.0,5.398738383301874e-05,0.08945709501131205,0.24644651600010548,,0.05342489100007697,0.19832603999998355,0.25035302200012666,0.2757539980000274,3.0174224429999867,0.0,3.2157484829999703,3.2691733740000473,1e-06,,v7_btab_boxeig
35721,expanded_box,topk,8192,,8192,0,"[51, 51]","[103, 103]",10609,topk,8192,,8192,80000,10609,cheap,30,0.01,,cupy,3.977006817228878e-14,3.4955872016739993e-15,960,418,418,,418,192,10609,25112,32593920,8161.170502662889,81611.70502662889,0.001,boxeig,20000,group_a,50,diag,0.001,50,auto,boxeig,1112,1113,9.919291923852109e-07,0,,,2,USGS_LPC_IL_Winnebago_2018_ground_elevation_regression_ntrain30000000,False,NVIDIA L4,cheap,192,0,192,192,0,0,2,35721,,,,,,,3.977006817228878e-14,3.4955872016739993e-15,,,,,1e-05,boxeig,29999999.999959644,True,,nan,0,0,,nan,0,0,0,0,False,1112.0,matern,0.1,1.5,1.0,,672400,100000,btab_boxeig_topk_8192_q192,189,1113,1112,7500000,30000000,cufinufft,binned_c1,50,1112,9.919291923852109e-07,pcg,converged,1112,,True,0.1,0,55.2010523946633,0.027857633543597774,0.02787679868941281,0,0.1,boxeig,ok,,0.0006364771725090086,0.7083990930025266,0.0006126761205085151,0.6812958460054688,204445.1560834745,25112,,81611.70502662889,0.0023336660001405107,4.347626169731962e-05,0.04834560300741941,3.874780935125632e-05,0.043087563998597034,0.0004380168354289957,0.4870747209970432,0.43505373699986194,0.0,0.0,0.0010616259999096656,0.0,5.3433234709883834e-05,0.059417756997390825,0.4339921109999523,,0.07924403900005927,0.2002329599999939,0.43808370500005367,0.2745793070000673,2.5002077050000935,0.0,2.7004406650000874,2.7796847040001467,1e-06,,v7_btab_boxeig
35721,expanded_box,topk,8192,,8192,0,"[51, 51]","[103, 103]",10609,topk,8192,,8192,80000,10609,cheap,30,0.01,,cupy,9.905288916903624e-14,7.0003862146754595e-15,1280,546,546,,546,256,10609,25112,43458560,4196.0341025325115,41960.34102532511,0.001,boxeig,20000,group_a,50,diag,0.001,50,auto,boxeig,812,813,9.92444976709175e-07,0,,,2,USGS_LPC_IL_Winnebago_2018_ground_elevation_regression_ntrain30000000,False,NVIDIA L4,cheap,256,0,256,256,0,0,2,35721,,,,,,,9.905288916903624e-14,7.0003862146754595e-15,,,,,1e-05,boxeig,29999999.999959644,True,,nan,0,0,,nan,0,0,0,0,False,812.0,matern,0.1,1.5,1.0,,672400,100000,btab_boxeig_topk_8192_q256,189,813,812,7500000,30000000,cufinufft,binned_c1,50,812,9.92444976709175e-07,pcg,converged,812,,True,0.1,0,55.2010523946633,0.027857514518489442,0.027876693680433377,0,0.1,boxeig,ok,,0.0006428888610087055,0.5226686440000776,0.000714080763542614,0.5798335799966026,204445.1560834745,25112,,41960.34102532511,0.002300781000030838,4.395675369109793e-05,0.03569288399717152,3.956868349638314e-05,0.03212977099906311,0.0005374451625603739,0.4364054719990236,0.5626771350000581,0.0,0.0,0.0010562429999936285,0.0,5.370041379578853e-05,0.04360473600218029,0.5616208920000645,,0.1062612910000098,0.19878992099984316,0.5658182590000251,0.27532103899989124,2.1623156620000827,0.0,2.361105582999926,2.4673668739999357,1e-06,,v7_btab_boxeig
35721,expanded_box,topk,16384,,16384,0,"[72, 72]","[145, 145]",21025,topk,16384,,16384,80000,21025,cheap,30,0.01,,cupy,8.819609787531641e-15,1.4288341885234548e-15,640,290,290,,290,128,21025,14696,43061248,19700.547807268154,197005.47807268152,0.001,boxeig,20000,group_a,50,diag,0.001,50,auto,boxeig,1891,1892,9.731951989318737e-07,0,,,2,USGS_LPC_IL_Winnebago_2018_ground_elevation_regression_ntrain30000000,False,NVIDIA L4,cheap,128,0,128,128,0,0,2,35721,,,,,,,8.819609787531641e-15,1.4288341885234548e-15,,,,,1e-05,boxeig,29999999.999959644,True,,nan,0,0,,nan,0,0,0,0,False,1891.0,matern,0.1,1.5,1.0,,1336336,100000,btab_boxeig_topk_16384_q128,189,1892,1891,7500000,30000000,cufinufft,binned_c1,50,1891,9.731951989318737e-07,pcg,converged,1891,,True,0.1,0,10.25414177370542,0.02785870732801065,0.027877971298838136,0,0.1,boxeig,ok,,0.0006425212611012778,1.2156502260036177,0.0007063564029629734,1.3357199580029828,48256.932844046794,14696,,197005.47807268152,0.0030680170000323415,4.3657683760113917e-05,0.08255667999037541,3.9790109993322254e-05,0.07524309799737239,0.0005296235468017453,1.0015181270021003,0.28479792799998904,0.0,0.0,0.0011057469998831948,0.0,5.3962248546640086e-05,0.1020426120016964,0.28369218100010585,,0.05292090900002222,0.20096968999996534,0.28867509300016536,0.27444444799994017,4.0024058599999535,0.0,4.203375549999919,4.256296458999941,1e-06,,v7_btab_boxeig
35721,expanded_box,topk,16384,,16384,0,"[72, 72]","[145, 145]",21025,topk,16384,,16384,80000,21025,cheap,30,0.01,,cupy,1.647341775232575e-14,2.3536982907949042e-15,960,418,418,,418,192,21025,14696,64591872,8161.583017237358,81615.83017237358,0.001,boxeig,20000,group_a,50,diag,0.001,50,auto,boxeig,1274,1275,9.987994120385898e-07,0,,,2,USGS_LPC_IL_Winnebago_2018_ground_elevation_regression_ntrain30000000,False,NVIDIA L4,cheap,192,0,192,192,0,0,2,35721,,,,,,,1.647341775232575e-14,2.3536982907949042e-15,,,,,1e-05,boxeig,29999999.999959644,True,,nan,0,0,,nan,0,0,0,0,False,1274.0,matern,0.1,1.5,1.0,,1336336,100000,btab_boxeig_topk_16384_q192,189,1275,1274,7500000,30000000,cufinufft,binned_c1,50,1274,9.987994120385898e-07,pcg,converged,1274,,True,0.1,0,10.25414177370542,0.027858238609162533,0.02787744775225391,0,0.1,boxeig,ok,,0.0006375310854891009,0.8128521339986037,0.0008890706695446037,1.132676032999825,48256.932844046794,14696,,81615.83017237358,0.003163099999937913,4.329820643524898e-05,0.0551619149985072,4.071329120717873e-05,0.0518687329979457,0.0007125116962335991,0.9077399010016052,0.4986967069999082,0.0,0.0,0.0011376530001143692,0.0,5.348057456449083e-05,0.06813425199516132,0.49755905399979383,,0.07839096699990478,0.19749744000000646,0.5028846210000211,0.27789146700001766,3.225503396999784,0.0,3.4230008369997904,3.501391803999695,1e-06,,v7_btab_boxeig
35721,expanded_box,topk,16384,,16384,0,"[72, 72]","[145, 145]",21025,topk,16384,,16384,80000,21025,cheap,30,0.01,,cupy,5.6301709277952236e-14,4.386762464555282e-15,1280,546,546,,546,256,21025,14696,86122496,4196.318237929806,41963.18237929806,0.001,boxeig,20000,group_a,50,diag,0.001,50,auto,boxeig,916,917,9.97577246900439e-07,0,,,2,USGS_LPC_IL_Winnebago_2018_ground_elevation_regression_ntrain30000000,False,NVIDIA L4,cheap,256,0,256,256,0,0,2,35721,,,,,,,5.6301709277952236e-14,4.386762464555282e-15,,,,,1e-05,boxeig,29999999.999959644,True,,nan,0,0,,nan,0,0,0,0,False,916.0,matern,0.1,1.5,1.0,,1336336,100000,btab_boxeig_topk_16384_q256,189,917,916,7500000,30000000,cufinufft,binned_c1,50,916,9.97577246900439e-07,pcg,converged,916,,True,0.1,0,10.25414177370542,0.027858210674267768,0.027877427630609797,0,0.1,boxeig,ok,,0.0006277913446033931,0.5756846630013115,0.001065052801311793,0.9755883660016025,48256.932844046794,14696,,41963.18237929806,0.003110667000100875,4.301736572096673e-05,0.039403907000405525,4.096601746595214e-05,0.03752487199881216,0.0008894928253303237,0.8147754280025765,0.7602047220000259,0.0,0.0,0.0011362729999291332,0.0,5.305998034947155e-05,0.048602942000115945,0.7590684490000967,,0.10538230299994211,0.19828512399999454,0.764537553000082,0.2740195070000482,2.8647182939998856,0.0,3.06300341799988,3.1683857209998223,1e-06,,v7_btab_boxeig
1225,,,,,,,,,,,,,,,,,,,,,,,,,,,,,,,,,,,,,group_a,,,,,,,3147,3148,9.349386498431847e-07,,,,2,USGS_LPC_IL_Winnebago_2018_ground_elevation_regression_ntrain10000000,False,NVIDIA L4,,,,,,,,2,1225,,,,,,,,,0,0,,,1e-05,,,True,,,,,,,,,,,False,3147.0,SE,0.1,1.5,1.0,,,100000,plain_cg,35,3148,,2500000,10000000,cufinufft,cufinufft,,,,,,,,True,0.1,0,,0.13724541233664964,0.1371605061767193,0,,,ok,,0.0006053537932016477,1.9056537409987868,,,,,,,,,,,,,,,,,,,,,,,,0.2577773089999482,,0.09333551700001408,3.233651737999935,,3.491429604999894,,1e-06,,v1
1225,,,,,,,,,,,,,,,,,,,,,,,,,,,,,,,,,,,,,group_a,,,,,,,403,404,9.951979588611981e-07,,,nan,2,USGS_LPC_IL_Winnebago_2018_ground_elevation_regression_ntrain10000000,False,NVIDIA L4,,,,,,,,2,1225,98,3,nan,,1202.58936756774,0.0007163441705166735,,,5,482,0.0005699601628473685,0.27472079849243164,1e-05,,,True,[],,,,,,,,,,False,403.0,SE,0.1,1.5,1.0,nan,,100000,eigenpro_pcg_q90,35,404,403,2500000,10000000,cufinufft,binned_c1,,,,,,,full_eigenpro,True,0.1,0,,0.13717874339099692,0.1370933620341799,0,,,ok,,0.0006257263737608702,0.25279345499939154,0.00015582588585467166,0.06279783199943267,,,[],,,,,,,,,,,,,,,,,0.2973223680000956,,0.0591433770000549,0.00032266799985336547,0.09343954199994187,0.562618367000141,,0.9194067800001449,,1e-06,90,v3
1225,,,,,,,,,,,,,,,,,,,,,,,,,,,,,,,,,,,,,group_a,,,,,,,60,61,8.266370561751911e-07,,,nan,2,USGS_LPC_IL_Winnebago_2018_ground_elevation_regression_ntrain10000000,False,NVIDIA L4,,,,,,,,2,1225,188,3,nan,,18.88075981012035,1.1246284136121693e-05,,,5,932,0.0005620288685156041,0.523810905456543,1e-05,,,True,[],,,,,,,,,,False,60.0,SE,0.1,1.5,1.0,nan,,100000,eigenpro_pcg_q180,35,61,60,2500000,10000000,cufinufft,binned_c1,,,,,,,full_eigenpro,True,0.1,0,,0.13717970666607293,0.1370941820391537,0,,,ok,,0.0006338333606533122,0.03866383499985204,0.00014751755000664464,0.008851053000398679,,,[],,,,,,,,,,,,,,,,,0.5639750670000012,,0.05997647699996378,0.00029943000004095666,0.0935117869998976,0.08474401000012222,,0.7089949840001282,,1e-06,180,v3
1225,expanded_box,topk,512,,512,0,"[12, 12]","[25, 25]",625,topk,512,,512,80000,625,cheap,30,0.01,,,,,,,,,,,,,,,,,inverse,20000,group_a,50,diag,0.001,50,auto,auto,30,31,9.876634729706101e-07,0,,,2,USGS_LPC_IL_Winnebago_2018_ground_elevation_regression_ntrain10000000,False,NVIDIA L4,cheap,0,0,0,0,0,0,2,1225,,,,,,,,,,,,,1e-05,inverse,9999999.999980014,True,,nan,0,50,diag,0.001,0,0,0,6250000,False,30.0,SE,0.1,1.5,1.0,,0,100000,btab_auto_topk_512,35,31,30,2500000,10000000,cufinufft,binned_c1,50,30,9.876634729706101e-07,pcg,converged,30,,True,0.1,0,8.293138065601788,0.13717648992320258,0.13709086153035827,0,0.1,exact,ok,,0.0006314851290382296,0.01957603900018512,0.00027252380000390984,0.008175714000117296,248.37653492247125,600,,,0.0006621919999361126,4.182139999405384e-05,0.0012546419998216152,3.8305500015667346e-05,0.0011491650004700205,0.0001000335333401381,0.0030010060002041428,0.024172795000140468,0.009078567999949883,0.008646578000025329,0.0,0.006193115000087346,5.3782766660030275e-05,0.0016134829998009081,,,0.00012832500010517833,0.05994059600016044,0.025762017000033666,0.09343567499990968,0.07204853500002173,0.0002545340000779106,0.13198913100018217,0.13211745600028735,1e-06,,v6_btab
1225,expanded_box,topk,1024,,1024,0,"[17, 17]","[35, 35]",1225,topk,1024,,1024,80000,1225,cheap,30,0.01,,,,,,,,,,,,,,,,,inverse,20000,group_a,50,diag,0.001,50,auto,auto,12,13,7.58586256949281e-07,0,,,2,USGS_LPC_IL_Winnebago_2018_ground_elevation_regression_ntrain10000000,False,NVIDIA L4,cheap,0,0,0,0,0,0,2,1225,,,,,,,,,,,,,1e-05,inverse,9999999.999980014,True,,nan,0,50,diag,0.001,0,0,0,24010000,False,12.0,SE,0.1,1.5,1.0,,0,100000,btab_auto_topk_1024,35,13,12,2500000,10000000,cufinufft,binned_c1,50,12,7.58586256949281e-07,pcg,converged,12,,True,0.1,0,0.0,0.13717645050508623,0.1370908288002343,0,0.1,exact,ok,,0.000659862076907722,0.008578206999800386,0.0002631820833206196,0.0031581849998474354,0.0,0,,,0.0005599840001195844,1.7103833329201734e-05,0.0002052459999504208,3.292174998629586e-05,0.0003950609998355503,0.00011944566671218126,0.0014333480005461752,0.10773401300002661,0.03487999799995123,0.05313270100009504,0.0,0.018197485999962737,5.6162166686135606e-05,0.0006739460002336273,,,4.465400002118258e-05,0.05926472599981025,0.10913507400005074,0.09383476100015287,0.1286418820000108,0.0015238280000176019,0.18790660799982106,0.18795126199984225,1e-06,,v6_btab
1225,expanded_box,topk,1225,,2048,0,"[17, 17]","[35, 35]",1225,topk,1225,,2048,80000,1225,cheap,30,0.01,,,,,,,,,,,,,,,,,inverse,20000,group_a,50,diag,0.001,50,auto,auto,12,13,7.585862567768187e-07,0,,,2,USGS_LPC_IL_Winnebago_2018_ground_elevation_regression_ntrain10000000,False,NVIDIA L4,cheap,0,0,0,0,0,0,2,1225,,,,,,,,,,,,,1e-05,inverse,9999999.999980014,True,,nan,0,50,diag,0.001,0,0,0,24010000,False,12.0,SE,0.1,1.5,1.0,,0,100000,btab_auto_topk_2048,35,13,12,2500000,10000000,cufinufft,binned_c1,50,12,7.585862567768187e-07,pcg,converged,12,,True,0.1,0,0.0,0.13717645050508842,0.13709082880023676,0,0.1,exact,ok,,0.0006478119999848367,0.008421555999802877,0.00025543074999253196,0.0030651689999103837,0.0,0,,,0.0005187429999296,1.5817249959582114e-05,0.00018980699951498536,3.116441663072086e-05,0.00037397299956865027,0.00011955716668884027,0.0014346860002660833,0.10851262300002418,0.03561227799991684,0.053169928999977856,0.0,0.0182075170000644,5.172608333244474e-05,0.0006207129999893368,,,4.281600013200659e-05,0.05937118199994984,0.10990084200011552,0.0934573710001132,0.12926372799984165,0.001522899000065081,0.1886349099997915,0.1886777259999235,1e-06,,v6_btab
1225,expanded_box,topk,1225,,4096,0,"[17, 17]","[35, 35]",1225,topk,1225,,4096,80000,1225,cheap,30,0.01,,,,,,,,,,,,,,,,,inverse,20000,group_a,50,diag,0.001,50,auto,auto,12,13,7.585862558327984e-07,0,,,2,USGS_LPC_IL_Winnebago_2018_ground_elevation_regression_ntrain10000000,False,NVIDIA L4,cheap,0,0,0,0,0,0,2,1225,,,,,,,,,,,,,1e-05,inverse,9999999.999980014,True,,nan,0,50,diag,0.001,0,0,0,24010000,False,12.0,SE,0.1,1.5,1.0,,0,100000,btab_auto_topk_4096,35,13,12,2500000,10000000,cufinufft,binned_c1,50,12,7.585862558327984e-07,pcg,converged,12,,True,0.1,0,0.0,0.137176450505081,0.13709082880022935,0,0.1,exact,ok,,0.0006507958461182939,0.008460345999537822,0.0002582724166965515,0.0030992690003586176,0.0,0,,,0.0005824730001222633,1.5935333313639905e-05,0.00019122399976367888,3.349999999121186e-05,0.00040199999989454227,0.00011823300000439001,0.00141879600005268,0.10819744099990203,0.03529845799994291,0.053163893999908396,0.0,0.018203336000169656,5.385483333005444e-05,0.0006462579999606533,,,4.2703999952209415e-05,0.05950158000018746,0.10962781899979746,0.09668566300001658,0.12902376899978663,0.0015317529998810642,0.18852534899997409,0.1885680529999263,1e-06,,v6_btab
1225,expanded_box,topk,1024,,1024,0,"[17, 17]","[35, 35]",1225,topk,1024,,1024,80000,1225,cheap,30,0.01,,cupy,7.0384629419034234e-15,1.0527093018894408e-15,320,162,162,,162,64,1225,0,1255424,15077.76027648935,150777.6027648935,0.001,boxeig,20000,group_a,50,diag,0.001,50,auto,boxeig,662,663,9.70202231099445e-07,0,,,2,USGS_LPC_IL_Winnebago_2018_ground_elevation_regression_ntrain10000000,False,NVIDIA L4,cheap,64,0,64,64,0,0,2,1225,,,,,,,7.0384629419034234e-15,1.0527093018894408e-15,,,,,1e-05,boxeig,9999999.999980014,True,,nan,0,0,,nan,0,0,0,0,False,662.0,SE,0.1,1.5,1.0,,76176,100000,btab_boxeig_topk_1024_q64,35,663,662,2500000,10000000,cufinufft,binned_c1,50,662,9.70202231099445e-07,pcg,converged,662,,True,0.1,0,0.0,0.1371777503304042,0.13709224909843906,0,0.1,boxeig,ok,,0.0006301187254922018,0.41776871500132984,0.00037565260120489124,0.248682021997638,0.0,0,,150777.6027648935,0.0005886999999802356,1.6271761331970337e-05,0.010771906001764364,2.7482335349236084e-05,0.018193306001194287,0.00024168902719550378,0.1599981360034235,0.12653849100001935,0.0,0.0,0.0009008290001020214,0.0,5.372157854838865e-05,0.035563684999033285,0.12563766199991733,,0.026177426000003834,0.05946641900004579,0.1275622040000144,0.09331672600001184,1.1924436489998698,0.0,1.2519100679999156,1.2780874939999194,1e-06,,v7_btab_boxeig
1225,expanded_box,topk,1024,,1024,0,"[17, 17]","[35, 35]",1225,topk,1024,,1024,80000,1225,cheap,30,0.01,,cupy,6.95739724594518e-14,4.1902190576701615e-15,640,290,290,,290,128,1225,0,2510848,643.5630376675755,6435.630376675755,0.001,boxeig,20000,group_a,50,diag,0.001,50,auto,boxeig,167,168,7.18275451011325e-07,0,,,2,USGS_LPC_IL_Winnebago_2018_ground_elevation_regression_ntrain10000000,False,NVIDIA L4,cheap,128,0,128,128,0,0,2,1225,,,,,,,6.95739724594518e-14,4.1902190576701615e-15,,,,,1e-05,boxeig,9999999.999980014,True,,nan,0,0,,nan,0,0,0,0,False,167.0,SE,0.1,1.5,1.0,,76176,100000,btab_boxeig_topk_1024_q128,35,168,167,2500000,10000000,cufinufft,binned_c1,50,167,7.18275451011325e-07,pcg,converged,167,,True,0.1,0,0.0,0.13717785203043562,0.13709245244657856,0,0.1,boxeig,ok,,0.0006838528630921592,0.11488728099948275,0.00039476338922001073,0.0659254859997418,0.0,0,,6435.630376675755,0.0005778340000688331,1.77163473106343e-05,0.002958630000875928,2.872597605085116e-05,0.004797238000492143,0.00025006157486001293,0.041760283001622156,0.23747525099997802,0.0,0.0,0.0008714929999769083,0.0,5.825891616269925e-05,0.009729238999170775,0.2366037580000011,,0.05210454600000958,0.05965782099997341,0.23851972399984334,0.0940305780000017,0.5285640739998598,0.0,0.5882218949998332,0.6403264409998428,1e-06,,v7_btab_boxeig
1225,expanded_box,topk,1225,,2048,0,"[17, 17]","[35, 35]",1225,topk,1225,,2048,80000,1225,cheap,30,0.01,,cupy,1.192892764140726e-14,1.116794921820749e-15,320,162,162,,162,64,1225,0,1255424,15077.760276489355,150777.60276489353,0.001,boxeig,20000,group_a,50,diag,0.001,50,auto,boxeig,614,615,9.121638768707229e-07,0,,,2,USGS_LPC_IL_Winnebago_2018_ground_elevation_regression_ntrain10000000,False,NVIDIA L4,cheap,64,0,64,64,0,0,2,1225,,,,,,,1.192892764140726e-14,1.116794921820749e-15,,,,,1e-05,boxeig,9999999.999980014,True,,nan,0,0,,nan,0,0,0,0,False,614.0,SE,0.1,1.5,1.0,,76176,100000,btab_boxeig_topk_2048_q64,35,615,614,2500000,10000000,cufinufft,binned_c1,50,614,9.121638768707229e-07,pcg,converged,614,,True,0.1,0,0.0,0.13717972381975782,0.13709413051382513,0,0.1,boxeig,ok,,0.000640256071545348,0.393757484000389,0.0003812402964199212,0.23408154200183162,0.0,0,,150777.60276489353,0.0005865949999588338,1.679722475381725e-05,0.010313495998843791,2.764407329715683e-05,0.016973461004454293,0.0002460545667750589,0.15107750399988618,0.13049991700017927,0.0,0.0,0.0008358120001048519,0.0,5.383701791429051e-05,0.03305592899937437,0.12966410500007441,,0.026345462999870506,0.05958758300016598,0.13153564100002768,0.09337314399999741,1.1349185439999019,0.0,1.1945061270000679,1.2208515899999384,1e-06,,v7_btab_boxeig
1225,expanded_box,topk,1225,,2048,0,"[17, 17]","[35, 35]",1225,topk,1225,,2048,80000,1225,cheap,30,0.01,,cupy,1.0272919756476199e-13,4.680931844079165e-15,640,290,290,,290,128,1225,0,2510848,643.5630376675763,6435.630376675763,0.001,boxeig,20000,group_a,50,diag,0.001,50,auto,boxeig,167,168,6.737374518710177e-07,0,,,2,USGS_LPC_IL_Winnebago_2018_ground_elevation_regression_ntrain10000000,False,NVIDIA L4,cheap,128,0,128,128,0,0,2,1225,,,,,,,1.0272919756476199e-13,4.680931844079165e-15,,,,,1e-05,boxeig,9999999.999980014,True,,nan,0,0,,nan,0,0,0,0,False,167.0,SE,0.1,1.5,1.0,,76176,100000,btab_boxeig_topk_2048_q128,35,168,167,2500000,10000000,cufinufft,binned_c1,50,167,6.737374518710177e-07,pcg,converged,167,,True,0.1,0,0.0,0.13717785018074316,0.13709245604306483,0,0.1,boxeig,ok,,0.0006695913988080195,0.11249135499974727,0.00038613690418866305,0.06448486299950673,0.0,0,,6435.630376675763,0.0006235400001060043,1.751334131147237e-05,0.002924727999015886,2.8442035931721784e-05,0.004749820000597538,0.0002451778802415918,0.04094470600034583,0.2712661799998841,0.0,0.0,0.0009241569998721388,0.0,5.60852035932894e-05,0.009366229000079329,0.270342023000012,,0.05183859399994617,0.060170179000124335,0.2723233199999413,0.0940770799998063,0.5559112870000718,0.0,0.6160814660001961,0.6679200600001423,1e-06,,v7_btab_boxeig
1225,expanded_box,topk,1225,,2048,0,"[17, 17]","[35, 35]",1225,topk,1225,,2048,80000,1225,cheap,30,0.01,,cupy,1.8797622049141452e-12,1.7608485627564995e-14,960,418,418,,418,192,1225,0,3766272,33.78139901997994,337.81399019979943,0.001,boxeig,20000,group_a,50,diag,0.001,50,auto,boxeig,48,49,6.376172061779894e-07,0,,,2,USGS_LPC_IL_Winnebago_2018_ground_elevation_regression_ntrain10000000,False,NVIDIA L4,cheap,192,0,192,192,0,0,2,1225,,,,,,,1.8797622049141452e-12,1.7608485627564995e-14,,,,,1e-05,boxeig,9999999.999980014,True,,nan,0,0,,nan,0,0,0,0,False,48.0,SE,0.1,1.5,1.0,,76176,100000,btab_boxeig_topk_2048_q192,35,49,48,2500000,10000000,cufinufft,binned_c1,50,48,6.376172061779894e-07,pcg,converged,48,,True,0.1,0,0.0,0.13717759921975065,0.13709180772653576,0,0.1,boxeig,ok,,0.0007535363877845416,0.03692328300144254,0.0004272213749866675,0.02050662599936004,0.0,0,,337.81399019979943,0.000568427000189331,1.926418750504884e-05,0.0009246810002423445,3.1338062484564944e-05,0.0015042269992591173,0.0002701932708172687,0.012969276999228896,0.3548652959998435,0.0,0.0,0.0008755859998927917,0.0,6.22105000047668e-05,0.0029861040002288064,0.3539897099999507,,0.07640937099995426,0.0598539919999439,0.3558793129998321,0.09312143499982994,0.4477120050000849,0.0,0.5075659970000288,0.5839753679999831,1e-06,,v7_btab_boxeig
1225,expanded_box,topk,1225,,4096,0,"[17, 17]","[35, 35]",1225,topk,1225,,4096,80000,1225,cheap,30,0.01,,cupy,9.932244609783008e-14,3.3319204776193407e-15,640,290,290,,290,128,1225,0,2510848,643.5630376675757,6435.630376675756,0.001,boxeig,20000,group_a,50,diag,0.001,50,auto,boxeig,160,161,9.868320042588906e-07,0,,,2,USGS_LPC_IL_Winnebago_2018_ground_elevation_regression_ntrain10000000,False,NVIDIA L4,cheap,128,0,128,128,0,0,2,1225,,,,,,,9.932244609783008e-14,3.3319204776193407e-15,,,,,1e-05,boxeig,9999999.999980014,True,,nan,0,0,,nan,0,0,0,0,False,160.0,SE,0.1,1.5,1.0,,76176,100000,btab_boxeig_topk_4096_q128,35,161,160,2500000,10000000,cufinufft,binned_c1,50,160,9.868320042588906e-07,pcg,converged,160,,True,0.1,0,0.0,0.13717886681689406,0.13709341602497213,0,0.1,boxeig,ok,,0.0006734115217458458,0.10841925500108118,0.00038716889375365324,0.06194702300058452,0.0,0,,6435.630376675756,0.0005700589999833028,1.730457498609894e-05,0.0027687319977758307,2.847299999615416e-05,0.004555679999384665,0.00024596257500348885,0.039354012000558214,0.2360156999998253,0.0,0.0,0.0008496199998262455,0.0,5.678513125673135e-05,0.009085621001077016,0.23516607999999906,,0.055020992999970986,0.0590479749998849,0.23703273999990415,0.09355862799998249,0.5105541580001045,0.0,0.5696021329999894,0.6246231259999604,1e-06,,v7_btab_boxeig
1225,expanded_box,topk,1225,,4096,0,"[17, 17]","[35, 35]",1225,topk,1225,,4096,80000,1225,cheap,30,0.01,,cupy,2.4026580061087626e-12,1.775148983698472e-14,960,418,418,,418,192,1225,0,3766272,33.78139901998038,337.81399019980375,0.001,boxeig,20000,group_a,50,diag,0.001,50,auto,boxeig,48,49,7.195673061811762e-07,0,,,2,USGS_LPC_IL_Winnebago_2018_ground_elevation_regression_ntrain10000000,False,NVIDIA L4,cheap,192,0,192,192,0,0,2,1225,,,,,,,2.4026580061087626e-12,1.775148983698472e-14,,,,,1e-05,boxeig,9999999.999980014,True,,nan,0,0,,nan,0,0,0,0,False,48.0,SE,0.1,1.5,1.0,,76176,100000,btab_boxeig_topk_4096_q192,35,49,48,2500000,10000000,cufinufft,binned_c1,50,48,7.195673061811762e-07,pcg,converged,48,,True,0.1,0,0.0,0.13717759205303243,0.13709180298823187,0,0.1,boxeig,ok,,0.0007524723469403546,0.03687114500007738,0.00042810174997498507,0.020548883998799283,0.0,0,,337.81399019980375,0.0005812800000057905,1.9290854159711063e-05,0.0009259609996661311,3.147220831560086e-05,0.0015106659991488414,0.00027090270830854024,0.013003329998809932,0.35661447400002544,0.0,0.0,0.0008871869999893534,0.0,6.258777081313838e-05,0.003004212999030642,0.3557272870000361,,0.07636215800016544,0.05897759499998756,0.3576452270001482,0.09316373800015754,0.44960943899991435,0.0,0.5085870339999019,0.5849491920000673,1e-06,,v7_btab_boxeig
1225,expanded_box,topk,1225,,4096,0,"[17, 17]","[35, 35]",1225,topk,1225,,4096,80000,1225,cheap,30,0.01,,cupy,1.4384490373527628e-11,5.293981280579353e-14,1280,546,546,,546,256,1225,0,5021696,1.9200539681294693,19.200539681294693,0.001,boxeig,20000,group_a,50,diag,0.001,50,auto,boxeig,10,11,7.793517069176141e-07,0,,,2,USGS_LPC_IL_Winnebago_2018_ground_elevation_regression_ntrain10000000,False,NVIDIA L4,cheap,256,0,256,256,0,0,2,1225,,,,,,,1.4384490373527628e-11,5.293981280579353e-14,,,,,1e-05,boxeig,9999999.999980014,True,,nan,0,0,,nan,0,0,0,0,False,10.0,SE,0.1,1.5,1.0,,76176,100000,btab_boxeig_topk_4096_q256,35,11,10,2500000,10000000,cufinufft,binned_c1,50,10,7.793517069176141e-07,pcg,converged,10,,True,0.1,0,0.0,0.1371832443370137,0.1370978999293125,0,0.1,boxeig,ok,,0.0007738608181543069,0.008512468999697376,0.0004389508000031128,0.004389508000031128,0.0,0,,19.200539681294693,0.0005802620000849856,1.8672700002753116e-05,0.00018672700002753118,3.177810001488979e-05,0.0003177810001488979,0.00028122879998591086,0.002812287999859109,0.467015998000079,0.0,0.0,0.0008983299999272276,0.0,6.238749992917291e-05,0.0006238749992917292,0.46611766800015175,,0.10217607999993561,0.059449339000138934,0.4680464390000907,0.09300221600005898,0.4886030309999114,0.0,0.5480523700000504,0.650228449999986,1e-06,,v7_btab_boxeig
1225,expanded_box,topk,1225,,8192,0,"[17, 17]","[35, 35]",1225,topk,1225,,8192,80000,1225,cheap,30,0.01,,cupy,7.22822563631356e-14,4.261321612698167e-15,640,290,290,,290,128,1225,0,2510848,643.5630376675754,6435.630376675754,0.001,boxeig,20000,group_a,50,diag,0.001,50,auto,boxeig,167,168,6.873336968858539e-07,0,,,2,USGS_LPC_IL_Winnebago_2018_ground_elevation_regression_ntrain10000000,False,NVIDIA L4,cheap,128,0,128,128,0,0,2,1225,,,,,,,7.22822563631356e-14,4.261321612698167e-15,,,,,1e-05,boxeig,9999999.999980014,True,,nan,0,0,,nan,0,0,0,0,False,167.0,SE,0.1,1.5,1.0,,76176,100000,btab_boxeig_topk_8192_q128,35,168,167,2500000,10000000,cufinufft,binned_c1,50,167,6.873336968858539e-07,pcg,converged,167,,True,0.1,0,0.0,0.13717784630680052,0.13709244761944928,0,0.1,boxeig,ok,,0.0006733138154754128,0.11311672099986936,0.00038714443113637906,0.0646531199997753,0.0,0,,6435.630376675754,0.00057456300010017,1.6917473048434948e-05,0.002825217999088636,2.839106585673211e-05,0.004741307998074262,0.00024549716767080076,0.04099802700102373,0.23687033300006988,0.0,0.0,0.0008588729999701172,0.0,5.689644910195645e-05,0.009501707000026727,0.23601146000009976,,0.05183235100003003,0.059152476999997816,0.23787846300001547,0.09546492499998749,0.5225860660000308,0.0,0.5817385430000286,0.6335708940000586,1e-06,,v7_btab_boxeig
1225,expanded_box,topk,1225,,8192,0,"[17, 17]","[35, 35]",1225,topk,1225,,8192,80000,1225,cheap,30,0.01,,cupy,2.6903876283211985e-12,1.7870705781472847e-14,960,418,418,,418,192,1225,0,3766272,33.78139901997989,337.81399019979887,0.001,boxeig,20000,group_a,50,diag,0.001,50,auto,boxeig,48,49,7.065266582886444e-07,0,,,2,USGS_LPC_IL_Winnebago_2018_ground_elevation_regression_ntrain10000000,False,NVIDIA L4,cheap,192,0,192,192,0,0,2,1225,,,,,,,2.6903876283211985e-12,1.7870705781472847e-14,,,,,1e-05,boxeig,9999999.999980014,True,,nan,0,0,,nan,0,0,0,0,False,48.0,SE,0.1,1.5,1.0,,76176,100000,btab_boxeig_topk_8192_q192,35,49,48,2500000,10000000,cufinufft,binned_c1,50,48,7.065266582886444e-07,pcg,converged,48,,True,0.1,0,0.0,0.13717758456847123,0.13709179591634926,0,0.1,boxeig,ok,,0.0007517037959457541,0.03683348600134195,0.0004262443541591665,0.020459728999639992,0.0,0,,337.81399019979887,0.0005680530000518047,1.954779166150426e-05,0.0009382939997522044,3.089322917067724e-05,0.0014828750001925073,0.0002701851458226656,0.01296888699948795,0.3554753969999638,0.0,0.0,0.0008663010000873328,0.0,6.247235417807435e-05,0.0029986730005475692,0.35460909599987644,,0.07644914899992727,0.05896147499993276,0.3564907890001905,0.09327864300007604,0.44840945100008867,0.0,0.5073709260000214,0.5838200749999487,1e-06,,v7_btab_boxeig
1225,expanded_box,topk,1225,,8192,0,"[17, 17]","[35, 35]",1225,topk,1225,,8192,80000,1225,cheap,30,0.01,,cupy,2.0055040112716644e-11,4.9968949439782123e-14,1280,546,546,,546,256,1225,0,5021696,1.9200539681297488,19.20053968129749,0.001,boxeig,20000,group_a,50,diag,0.001,50,auto,boxeig,10,11,7.793478516893151e-07,0,,,2,USGS_LPC_IL_Winnebago_2018_ground_elevation_regression_ntrain10000000,False,NVIDIA L4,cheap,256,0,256,256,0,0,2,1225,,,,,,,2.0055040112716644e-11,4.9968949439782123e-14,,,,,1e-05,boxeig,9999999.999980014,True,,nan,0,0,,nan,0,0,0,0,False,10.0,SE,0.1,1.5,1.0,,76176,100000,btab_boxeig_topk_8192_q256,35,11,10,2500000,10000000,cufinufft,binned_c1,50,10,7.793478516893151e-07,pcg,converged,10,,True,0.1,0,0.0,0.13718324433731577,0.13709789992935179,0,0.1,boxeig,ok,,0.0007850990909074343,0.008636089999981778,0.0004452348999620881,0.004452348999620881,0.0,0,,19.20053968129749,0.0005306040000050416,2.1100400022078248e-05,0.00021100400022078247,3.069280001000152e-05,0.0003069280001000152,0.0002844451000328263,0.002844451000328263,0.474382660999936,0.0,0.0,0.0009157389999927545,0.0,6.545179996919614e-05,0.0006545179996919614,0.4734669219999432,,0.10223142199993163,0.05984271799979979,0.47536303500010035,0.09489367400010451,0.49614381500009586,0.0,0.5559865329998956,0.6582179549998273,1e-06,,v7_btab_boxeig
1225,expanded_box,topk,1225,,16384,0,"[17, 17]","[35, 35]",1225,topk,1225,,16384,80000,1225,cheap,30,0.01,,cupy,9.230740140573783e-14,3.542965768966769e-15,640,290,290,,290,128,1225,0,2510848,643.5630376675749,6435.630376675749,0.001,boxeig,20000,group_a,50,diag,0.001,50,auto,boxeig,165,166,9.229632623939093e-07,0,,,2,USGS_LPC_IL_Winnebago_2018_ground_elevation_regression_ntrain10000000,False,NVIDIA L4,cheap,128,0,128,128,0,0,2,1225,,,,,,,9.230740140573783e-14,3.542965768966769e-15,,,,,1e-05,boxeig,9999999.999980014,True,,nan,0,0,,nan,0,0,0,0,False,165.0,SE,0.1,1.5,1.0,,76176,100000,btab_boxeig_topk_16384_q128,35,166,165,2500000,10000000,cufinufft,binned_c1,50,165,9.229632623939093e-07,pcg,converged,165,,True,0.1,0,0.0,0.13717792737169618,0.1370925447688949,0,0.1,boxeig,ok,,0.0006727650361549915,0.11167899600172859,0.00038805305454540456,0.06402875399999175,0.0,0,,6435.630376675749,0.0005639940000037313,1.7440745439285598e-05,0.002877722997482124,2.8473375746354136e-05,0.0046981069981484325,0.0002457759454486994,0.0405530309990354,0.23698277099992993,0.0,0.0,0.0008775210001203959,0.0,5.6920060606816234e-05,0.009391810000124678,0.23610524999980953,,0.05182458200010842,0.05964836800012563,0.23797796200005905,0.09352131099990402,0.5194525800000065,0.0,0.5791009480001321,0.6309255300002405,1e-06,,v7_btab_boxeig
1225,expanded_box,topk,1225,,16384,0,"[17, 17]","[35, 35]",1225,topk,1225,,16384,80000,1225,cheap,30,0.01,,cupy,1.5435925266720038e-12,1.5722949154044407e-14,960,418,418,,418,192,1225,0,3766272,33.78139901997932,337.8139901997932,0.001,boxeig,20000,group_a,50,diag,0.001,50,auto,boxeig,48,49,5.471957707071569e-07,0,,,2,USGS_LPC_IL_Winnebago_2018_ground_elevation_regression_ntrain10000000,False,NVIDIA L4,cheap,192,0,192,192,0,0,2,1225,,,,,,,1.5435925266720038e-12,1.5722949154044407e-14,,,,,1e-05,boxeig,9999999.999980014,True,,nan,0,0,,nan,0,0,0,0,False,48.0,SE,0.1,1.5,1.0,,76176,100000,btab_boxeig_topk_16384_q192,35,49,48,2500000,10000000,cufinufft,binned_c1,50,48,5.471957707071569e-07,pcg,converged,48,,True,0.1,0,0.0,0.13717757477888226,0.1370917889914486,0,0.1,boxeig,ok,,0.0007510975714448789,0.03680378100079906,0.000427113145851384,0.020501431000866432,0.0,0,,337.8139901997932,0.0005890539998745226,1.9444374994274465e-05,0.0009333299997251743,3.064624999164304e-05,0.001471019999598866,0.000270532208332952,0.012985545999981696,0.3902295640000375,0.0,0.0,0.000875661999998556,0.0,6.223293751853969e-05,0.0029871810008899047,0.38935390200003894,,0.07668076699997073,0.06047119000004386,0.39125624999996944,0.09286084100017433,0.48297242699982235,0.0,0.5434436169998662,0.6201243839998369,1e-06,,v7_btab_boxeig
1225,expanded_box,topk,1225,,16384,0,"[17, 17]","[35, 35]",1225,topk,1225,,16384,80000,1225,cheap,30,0.01,,cupy,3.8979546985650854e-11,4.595469090190341e-14,1280,546,546,,546,256,1225,0,5021696,1.9200539681288444,19.200539681288443,0.001,boxeig,20000,group_a,50,diag,0.001,50,auto,boxeig,10,11,7.793288489355321e-07,0,,,2,USGS_LPC_IL_Winnebago_2018_ground_elevation_regression_ntrain10000000,False,NVIDIA L4,cheap,256,0,256,256,0,0,2,1225,,,,,,,3.8979546985650854e-11,4.595469090190341e-14,,,,,1e-05,boxeig,9999999.999980014,True,,nan,0,0,,nan,0,0,0,0,False,10.0,SE,0.1,1.5,1.0,,76176,100000,btab_boxeig_topk_16384_q256,35,11,10,2500000,10000000,cufinufft,binned_c1,50,10,7.793288489355321e-07,pcg,converged,10,,True,0.1,0,0.0,0.1371832443371094,0.13709789992923557,0,0.1,boxeig,ok,,0.0010662662727182496,0.011728928999900745,0.00046802569995634257,0.004680256999563426,0.0,0,,19.200539681288443,0.0005653809998875658,2.082579997022549e-05,0.0002082579997022549,3.4679399982451285e-05,0.00034679399982451287,0.0002990601000419701,0.0029906010004197014,0.5201244859999861,0.0,0.0,0.000881210999978066,0.0,6.768359999114182e-05,0.0006768359999114182,0.519243275000008,,0.10336288099983904,0.05936121200011257,0.5211540539999078,0.0982435229998373,0.5478509130000475,0.0,0.6072121250001601,0.7105750059999991,1e-06,,v7_btab_boxeig
35721,,,,,,,,,,,,,,,,,,,,,,,,,,,,,,,,,,,,,group_a,,,,,,,3537,3538,8.876919088191016e-07,,,,2,USGS_LPC_IL_Winnebago_2018_ground_elevation_regression_ntrain10000000,False,NVIDIA L4,,,,,,,,2,35721,,,,,,,,,0,0,,,1e-05,,,True,,,,,,,,,,,False,3537.0,matern,0.1,1.5,1.0,,,100000,plain_cg,189,3538,,2500000,10000000,cufinufft,cufinufft,,,,,,,,True,0.1,0,,0.028647341694743048,0.028509664665748054,0,,,ok,,0.000622034234033335,2.200757120009939,,,,,,,,,,,,,,,,,,,,,,,,0.25657629000011184,,0.09545219200003885,3.7084184170000754,,3.9649954050000815,,1e-06,,v1
35721,,,,,,,,,,,,,,,,,,,,,,,,,,,,,,,,,,,,,group_a,,,,,,,865,866,9.222052720385198e-07,,,nan,2,USGS_LPC_IL_Winnebago_2018_ground_elevation_regression_ntrain10000000,False,NVIDIA L4,,,,,,,,2,35721,98,3,nan,,8854.654193910832,0.006077769258332381,,,5,482,0.00038678519854407095,0.1864304656982422,1e-05,,,True,[],,,,,,,,,,False,865.0,matern,0.1,1.5,1.0,nan,,100000,eigenpro_pcg_q90,189,866,865,2500000,10000000,cufinufft,binned_c1,,,,,,,full_eigenpro,True,0.1,0,,0.028616653078841765,0.028478901361706267,0,,,ok,,0.0006421593741352927,0.5561100180011636,0.0005993733341046015,0.5184579340004802,,,[],,,,,,,,,,,,,,,,,0.47217175500009034,,0.1033214130000033,0.00029761699988739565,0.092885674000172,1.6120462189999216,,2.1878370039999027,,1e-06,90,v3
35721,,,,,,,,,,,,,,,,,,,,,,,,,,,,,,,,,,,,,group_a,,,,,,,445,446,9.915492792529207e-07,,,nan,2,USGS_LPC_IL_Winnebago_2018_ground_elevation_regression_ntrain10000000,False,NVIDIA L4,,,,,,,,2,35721,188,3,nan,,3250.068144293244,0.002228178254053239,,,5,932,0.0004821358954957627,0.4493506546020508,1e-05,,,True,[],,,,,,,,,,False,445.0,matern,0.1,1.5,1.0,nan,,100000,eigenpro_pcg_q180,189,446,445,2500000,10000000,cufinufft,binned_c1,,,,,,,full_eigenpro,True,0.1,0,,0.028616962582926887,0.02847924755563994,0,,,ok,,0.0006433951771351845,0.28695424900229227,0.001041736053928596,0.46357254399822523,,,[],,,,,,,,,,,,,,,,,1.0327210259999902,,0.10465509799996653,0.0003098120000686322,0.09284345900005064,1.0323068789998615,,2.169992814999887,,1e-06,180,v3
35721,expanded_box,topk,512,,512,0,"[12, 12]","[25, 25]",625,topk,512,,512,80000,625,cheap,30,0.01,,,,,,,,,,,,,,,,,inverse,20000,group_a,50,diag,0.001,50,auto,auto,775,776,9.390758881513992e-07,0,,,2,USGS_LPC_IL_Winnebago_2018_ground_elevation_regression_ntrain10000000,False,NVIDIA L4,cheap,0,0,0,0,0,0,2,35721,,,,,,,,,,,,,1e-05,inverse,9999999.999986725,True,,nan,0,50,diag,0.001,0,0,0,6250000,False,775.0,matern,0.1,1.5,1.0,,0,100000,btab_auto_topk_512,189,776,775,2500000,10000000,cufinufft,binned_c1,50,775,9.390758881513992e-07,pcg,converged,775,,True,0.1,0,13135.187774165437,0.0286150236366762,0.02847729237564537,0,0.1,exact,ok,,0.0006312397332436896,0.48984203299710316,0.0002717058077445061,0.21057200100199225,4628908.00470508,35096,,,0.0015028719999463647,4.3263434835382446e-05,0.0335291619974214,3.935829677761977e-05,0.030502680002655325,9.69872038753707e-05,0.07516508300341229,0.02395745400008309,0.008938272000023062,0.008604240000067875,0.0,0.00617513199995301,5.30739354830838e-05,0.04113229999938994,,,0.00032699899998078763,0.1040625519999594,0.02641836000020703,0.0935428210000282,1.195645382000066,0.00023981000003914232,1.2997079340000255,1.3000349330000063,1e-06,,v6_btab
35721,expanded_box,topk,1024,,1024,0,"[18, 18]","[37, 37]",1369,topk,1024,,1024,80000,1369,cheap,30,0.01,,,,,,,,,,,,,,,,,inverse,20000,group_a,50,diag,0.001,50,auto,auto,365,366,9.84786867977909e-07,0,,,2,USGS_LPC_IL_Winnebago_2018_ground_elevation_regression_ntrain10000000,False,NVIDIA L4,cheap,0,0,0,0,0,0,2,35721,,,,,,,,,,,,,1e-05,inverse,9999999.999986725,True,,nan,0,50,diag,0.001,0,0,0,29986576,False,365.0,matern,0.1,1.5,1.0,,0,100000,btab_auto_topk_1024,189,366,365,2500000,10000000,cufinufft,binned_c1,50,365,9.84786867977909e-07,pcg,converged,365,,True,0.1,0,2401.5196295323567,0.0286150015292593,0.028477272217464704,0,0.1,exact,ok,,0.0006332308032752521,0.23176247399874228,0.0003391344958887103,0.12378409099937926,1592437.4207634893,34352,,,0.0015482609999253327,4.3312586299242406e-05,0.015809093999223478,3.940903561669984e-05,0.014384298000095441,0.00016478375617798644,0.06014607100496505,0.13403754000000845,0.04653428799997528,0.06481709900003807,0.0,0.020605107999926986,5.284890685164113e-05,0.019289851000849012,,,0.0003363490000083402,0.10344170500002292,0.136674105000111,0.0941869079999833,0.7113959840000916,0.0020810450000681158,0.8148376890001146,0.8151740380001229,1e-06,,v6_btab
35721,expanded_box,topk,2048,,2048,0,"[25, 25]","[51, 51]",2601,topk,2048,,2048,80000,2601,cheap,30,0.01,,,,,,,,,,,,,,,,,inverse,20000,group_a,50,diag,0.001,50,auto,auto,234,235,8.634526539147811e-07,0,,,2,USGS_LPC_IL_Winnebago_2018_ground_elevation_regression_ntrain10000000,False,NVIDIA L4,cheap,0,0,0,0,0,0,2,35721,,,,,,,,,,,,,1e-05,inverse,9999999.999986725,True,,nan,0,50,diag,0.001,0,0,0,108243216,False,234.0,matern,0.1,1.5,1.0,,0,100000,btab_auto_topk_2048,189,235,234,2500000,10000000,cufinufft,binned_c1,50,234,8.634526539147811e-07,pcg,converged,234,,True,0.1,0,545.4774512433136,0.02861500082960579,0.028477268489719498,0,0.1,exact,ok,,0.0006397538127628727,0.1503421459992751,0.0008366179529946002,0.19576860100073645,630211.2012771419,33120,,,0.0016798179999568674,4.3105555546273347e-05,0.010086699997827964,4.406706836997394e-05,0.010311693998573901,0.000655063978636144,0.1532849710008577,0.6886243300000388,0.18993785700013177,0.39894435599990175,0.0,0.09109101800004282,5.3509324794099987e-05,0.012521182001819398,,,0.0003185979999216215,0.10526415199979056,0.6913743810000597,0.09248768799989193,1.180430731000115,0.008651098999962414,1.2856948829999055,1.2860134809998272,1e-06,,v6_btab
35721,expanded_box,topk,4096,,4096,0,"[36, 36]","[73, 73]",5329,topk,4096,,4096,80000,5329,cheap,30,0.01,,,,,,,,,,,,,,,,,inverse,20000,group_a,50,diag,0.001,50,auto,auto,113,114,9.360761480654185e-07,0,,,2,USGS_LPC_IL_Winnebago_2018_ground_elevation_regression_ntrain10000000,False,NVIDIA L4,cheap,0,0,0,0,0,0,2,35721,,,,,,,,,,,,,1e-05,inverse,9999999.999986725,True,,nan,0,50,diag,0.001,0,0,0,454371856,False,113.0,matern,0.1,1.5,1.0,,0,100000,btab_auto_topk_4096,189,114,113,2500000,10000000,cufinufft,binned_c1,50,113,9.360761480654185e-07,pcg,converged,113,,True,0.1,0,98.38544680280414,0.028615027585066757,0.02847728656405752,0,0.1,exact,ok,,0.0006425115350937535,0.0732463150006879,0.0021703278230032776,0.24524704399937036,212413.99621084624,30392,,,0.0019023610000203917,4.2598637152065017e-05,0.004813645998183347,4.761891149573141e-05,0.005380936999017649,0.0019858023893818497,0.22439567000014904,4.66351230500004,0.7864488180000535,3.245691095999973,0.0,0.5948481530001573,5.367042477556159e-05,0.006064757999638459,,,0.0002891809999709949,0.1039088970001103,4.666566571999965,0.09290651800006344,5.05396365699994,0.03652423799985627,5.1578725540000505,5.1581617350000215,1e-06,,v6_btab
35721,expanded_box,topk,1024,,1024,0,"[18, 18]","[37, 37]",1369,topk,1024,,1024,80000,1369,cheap,30,0.01,,cupy,4.2504560592974925e-15,1.0426434110525058e-15,320,162,162,,162,64,1369,34352,1402880,25653.123625574077,256531.23625574075,0.001,boxeig,20000,group_a,50,diag,0.001,50,auto,boxeig,1458,1459,9.873417345598177e-07,0,,,2,USGS_LPC_IL_Winnebago_2018_ground_elevation_regression_ntrain10000000,False,NVIDIA L4,cheap,64,0,64,64,0,0,2,35721,,,,,,,4.2504560592974925e-15,1.0426434110525058e-15,,,,,1e-05,boxeig,9999999.999986725,True,,nan,0,0,,nan,0,0,0,0,False,1458.0,matern,0.1,1.5,1.0,,85264,100000,btab_boxeig_topk_1024_q64,189,1459,1458,2500000,10000000,cufinufft,binned_c1,50,1458,9.873417345598177e-07,pcg,converged,1458,,True,0.1,0,2401.5196295323567,0.02861538222484928,0.02847760628427866,0,0.1,boxeig,ok,,0.000630316686770868,0.9196320459986964,0.00040656103635199953,0.5927659910012153,1592437.4207634893,34352,,256531.23625574075,0.001554090000126962,4.2763993139452936e-05,0.06234990199732238,3.5415694785317304e-05,0.05163608299699263,0.00023792712551560705,0.3468977490017551,0.12344017700002041,0.0,0.0,0.0010003219999816793,0.0,5.289724691529008e-05,0.07712418600249293,0.12243985500003873,,0.026600467999969624,0.10458091600003172,0.1254180670000551,0.09316757799979314,2.5022177170001214,0.0,2.606798633000153,2.6333991010001228,1e-06,,v7_btab_boxeig
35721,expanded_box,topk,1024,,1024,0,"[18, 18]","[37, 37]",1369,topk,1024,,1024,80000,1369,cheap,30,0.01,,cupy,1.1088412720678537e-14,1.7102379724187656e-15,640,290,290,,290,128,1369,34352,2805760,6537.876525704512,65378.76525704511,0.001,boxeig,20000,group_a,50,diag,0.001,50,auto,boxeig,929,930,9.5282774781673e-07,0,,,2,USGS_LPC_IL_Winnebago_2018_ground_elevation_regression_ntrain10000000,False,NVIDIA L4,cheap,128,0,128,128,0,0,2,35721,,,,,,,1.1088412720678537e-14,1.7102379724187656e-15,,,,,1e-05,boxeig,9999999.999986725,True,,nan,0,0,,nan,0,0,0,0,False,929.0,matern,0.1,1.5,1.0,,85264,100000,btab_boxeig_topk_1024_q128,189,930,929,2500000,10000000,cufinufft,binned_c1,50,929,9.5282774781673e-07,pcg,converged,929,,True,0.1,0,2401.5196295323567,0.028615078293996364,0.02847733406472113,0,0.1,boxeig,ok,,0.0006574075763464079,0.6113890460021594,0.0004118518568372787,0.3826103750018319,1592437.4207634893,34352,,65378.76525704511,0.001584850999961418,4.5591652311795906e-05,0.0423546449976584,3.708406996679147e-05,0.034451100999149276,0.00023411298278263622,0.21749096100506904,0.2535493270002007,0.0,0.0,0.0010307550001016352,0.0,5.569694080148833e-05,0.05174245800458266,0.2525185720000991,,0.05334337899989805,0.10424735600008717,0.25559288699992067,0.09322328500002186,1.8234061139999085,0.0,1.9276534699999957,1.9809968489998937,1e-06,,v7_btab_boxeig
35721,expanded_box,topk,2048,,2048,0,"[25, 25]","[51, 51]",2601,topk,2048,,2048,80000,2601,cheap,30,0.01,,cupy,3.4646389805850717e-15,1.0561319662661473e-15,320,162,162,,162,64,2601,33120,2664448,25703.139250253396,257031.39250253394,0.001,boxeig,20000,group_a,50,diag,0.001,50,auto,boxeig,1751,1752,9.993290820911996e-07,0,,,2,USGS_LPC_IL_Winnebago_2018_ground_elevation_regression_ntrain10000000,False,NVIDIA L4,cheap,64,0,64,64,0,0,2,35721,,,,,,,3.4646389805850717e-15,1.0561319662661473e-15,,,,,1e-05,boxeig,9999999.999986725,True,,nan,0,0,,nan,0,0,0,0,False,1751.0,matern,0.1,1.5,1.0,,163216,100000,btab_boxeig_topk_2048_q64,189,1752,1751,2500000,10000000,cufinufft,binned_c1,50,1751,9.993290820911996e-07,pcg,converged,1751,,True,0.1,0,545.4774512433136,0.028615327001030852,0.028477723697990478,0,0.1,boxeig,ok,,0.0006386041478314067,1.1188344670006245,0.0004163338954904876,0.7290006510038438,630211.2012771419,33120,,257031.39250253394,0.0017108839999764314,4.572304397203772e-05,0.08006104999503805,3.607197144678786e-05,0.06316202200332555,0.00024235298001009024,0.424360067997668,0.1317755360000774,0.0,0.0,0.0010737430000062886,0.0,5.3870078242436514e-05,0.09432650700250633,0.13070179300007112,,0.02709498900003382,0.10358168499988096,0.13390796599992427,0.09477962100004333,3.040763810000044,0.0,3.144345494999925,3.171440483999959,1e-06,,v7_btab_boxeig
35721,expanded_box,topk,2048,,2048,0,"[25, 25]","[51, 51]",2601,topk,2048,,2048,80000,2601,cheap,30,0.01,,cupy,9.027346889055042e-15,2.1979694730764453e-15,640,290,290,,290,128,2601,33120,5328896,6563.621645651571,65636.21645651571,0.001,boxeig,20000,group_a,50,diag,0.001,50,auto,boxeig,951,952,9.945469871483022e-07,0,,,2,USGS_LPC_IL_Winnebago_2018_ground_elevation_regression_ntrain10000000,False,NVIDIA L4,cheap,128,0,128,128,0,0,2,35721,,,,,,,9.027346889055042e-15,2.1979694730764453e-15,,,,,1e-05,boxeig,9999999.999986725,True,,nan,0,0,,nan,0,0,0,0,False,951.0,matern,0.1,1.5,1.0,,163216,100000,btab_boxeig_topk_2048_q128,189,952,951,2500000,10000000,cufinufft,binned_c1,50,951,9.945469871483022e-07,pcg,converged,951,,True,0.1,0,545.4774512433136,0.028615223835568374,0.02847757807654072,0,0.1,boxeig,ok,,0.0006417791575656526,0.6109737580025012,0.000429761356467579,0.40870305000066764,630211.2012771419,33120,,65636.21645651571,0.0016850169999997888,4.372383175625058e-05,0.0415813640001943,3.6487560464593116e-05,0.034699670001828054,0.0002575197918002932,0.24490132200207881,0.24026453000010406,0.0,0.0,0.001037591000113025,0.0,5.3637515248593643e-05,0.051009277001412556,0.23922693899999103,,0.051095869999926435,0.10348224700010178,0.24238829099999748,0.0961633609999808,1.8408117460000994,0.0,1.9442939930002012,1.9953898630001277,1e-06,,v7_btab_boxeig
35721,expanded_box,topk,2048,,2048,0,"[25, 25]","[51, 51]",2601,topk,2048,,2048,80000,2601,cheap,30,0.01,,cupy,5.396019818409127e-14,2.5341748110538675e-15,960,418,418,,418,192,2601,33120,7993344,2708.3721035753506,27083.721035753504,0.001,boxeig,20000,group_a,50,diag,0.001,50,auto,boxeig,659,660,9.804450948228252e-07,0,,,2,USGS_LPC_IL_Winnebago_2018_ground_elevation_regression_ntrain10000000,False,NVIDIA L4,cheap,192,0,192,192,0,0,2,35721,,,,,,,5.396019818409127e-14,2.5341748110538675e-15,,,,,1e-05,boxeig,9999999.999986725,True,,nan,0,0,,nan,0,0,0,0,False,659.0,matern,0.1,1.5,1.0,,163216,100000,btab_boxeig_topk_2048_q192,189,660,659,2500000,10000000,cufinufft,binned_c1,50,659,9.804450948228252e-07,pcg,converged,659,,True,0.1,0,545.4774512433136,0.028615161941486413,0.02847751165084482,0,0.1,boxeig,ok,,0.0006497161924251101,0.4288126870005726,0.0004310800531159316,0.28408175500339894,630211.2012771419,33120,,27083.721035753504,0.0016457530000479892,4.3900267071639065e-05,0.028930276000210142,3.631056904068469e-05,0.02392866499781121,0.00025785011077607457,0.16992322300143314,0.36384987900009946,0.0,0.0,0.0010133430000678345,0.0,5.437294537445716e-05,0.035831771001767265,0.36283653600003163,,0.07595681300017532,0.10366848700004994,0.3659602500001711,0.09332195000001775,1.4819565420000345,0.0,1.5856250290000844,1.6615818420002597,1e-06,,v7_btab_boxeig
35721,expanded_box,topk,4096,,4096,0,"[36, 36]","[73, 73]",5329,topk,4096,,4096,80000,5329,cheap,30,0.01,,cupy,8.049530419823253e-15,1.6081993386943162e-15,640,290,290,,290,128,5329,30392,10915840,6565.271098656904,65652.71098656903,0.001,boxeig,20000,group_a,50,diag,0.001,50,auto,boxeig,998,999,9.852598788974393e-07,0,,,2,USGS_LPC_IL_Winnebago_2018_ground_elevation_regression_ntrain10000000,False,NVIDIA L4,cheap,128,0,128,128,0,0,2,35721,,,,,,,8.049530419823253e-15,1.6081993386943162e-15,,,,,1e-05,boxeig,9999999.999986725,True,,nan,0,0,,nan,0,0,0,0,False,998.0,matern,0.1,1.5,1.0,,336400,100000,btab_boxeig_topk_4096_q128,189,999,998,2500000,10000000,cufinufft,binned_c1,50,998,9.852598788974393e-07,pcg,converged,998,,True,0.1,0,98.38544680280414,0.0286152537698735,0.028477462278148496,0,0.1,boxeig,ok,,0.0006428779109094514,0.642235032998542,0.0004320239699410251,0.43115992200114306,212413.99621084624,30392,,65652.71098656903,0.0018779790000280627,4.360139178334613e-05,0.043514188999779435,3.686494889569655e-05,0.03679121899790516,0.00025789204709689145,0.25737626300269767,0.24552609299985306,0.0,0.0,0.0010846929999388522,0.0,5.4954219437863296e-05,0.05484431099898757,0.2444413999999142,,0.053179123000063555,0.10323072699998193,0.2478372230000332,0.09321021100004145,1.9331110719999742,0.0,2.036341798999956,2.0895209220000197,1e-06,,v7_btab_boxeig
35721,expanded_box,topk,4096,,4096,0,"[36, 36]","[73, 73]",5329,topk,4096,,4096,80000,5329,cheap,30,0.01,,cupy,1.3481254216015092e-14,3.0771691793283406e-15,960,418,418,,418,192,5329,30392,16373760,2718.630232839466,27186.302328394657,0.001,boxeig,20000,group_a,50,diag,0.001,50,auto,boxeig,691,692,9.195809642229461e-07,0,,,2,USGS_LPC_IL_Winnebago_2018_ground_elevation_regression_ntrain10000000,False,NVIDIA L4,cheap,192,0,192,192,0,0,2,35721,,,,,,,1.3481254216015092e-14,3.0771691793283406e-15,,,,,1e-05,boxeig,9999999.999986725,True,,nan,0,0,,nan,0,0,0,0,False,691.0,matern,0.1,1.5,1.0,,336400,100000,btab_boxeig_topk_4096_q192,189,692,691,2500000,10000000,cufinufft,binned_c1,50,691,9.195809642229461e-07,pcg,converged,691,,True,0.1,0,98.38544680280414,0.028615211499646968,0.028477495328516046,0,0.1,boxeig,ok,,0.0006633430086749759,0.4590333620030833,0.00044567628075351033,0.30796231000067564,212413.99621084624,30392,,27186.302328394657,0.001998896000031891,4.468421128581969e-05,0.030876789998501408,3.796885673146722e-05,0.02623648000144385,0.0002669918654181331,0.18449137900392998,0.48416318199997477,0.0,0.0,0.0010974859999350883,0.0,5.62438017378421e-05,0.03886446700084889,0.4830656960000397,,0.07881666899993434,0.1049518550000812,0.4866976069999964,0.09375462100001641,1.6853869239998858,0.0,1.790338778999967,1.8691554479999013,1e-06,,v7_btab_boxeig
35721,expanded_box,topk,4096,,4096,0,"[36, 36]","[73, 73]",5329,topk,4096,,4096,80000,5329,cheap,30,0.01,,cupy,6.710842296011258e-14,5.296929168241366e-15,1280,546,546,,546,256,5329,30392,21831680,1398.7030789693276,13987.030789693275,0.001,boxeig,20000,group_a,50,diag,0.001,50,auto,boxeig,524,525,9.323028186622476e-07,0,,,2,USGS_LPC_IL_Winnebago_2018_ground_elevation_regression_ntrain10000000,False,NVIDIA L4,cheap,256,0,256,256,0,0,2,35721,,,,,,,6.710842296011258e-14,5.296929168241366e-15,,,,,1e-05,boxeig,9999999.999986725,True,,nan,0,0,,nan,0,0,0,0,False,524.0,matern,0.1,1.5,1.0,,336400,100000,btab_boxeig_topk_4096_q256,189,525,524,2500000,10000000,cufinufft,binned_c1,50,524,9.323028186622476e-07,pcg,converged,524,,True,0.1,0,98.38544680280414,0.028615091021788375,0.028477396781620687,0,0.1,boxeig,ok,,0.000647662110475808,0.3400226079997992,0.00043520541030349136,0.22804763499902947,212413.99621084624,30392,,13987.030789693275,0.0019103479999103001,4.390167747887e-05,0.02300447899892788,3.672052290166625e-05,0.019241554000473116,0.00026120863931057016,0.13687332699873878,0.4936299379999127,0.0,0.0,0.001083760000028633,0.0,5.464831488861541e-05,0.028635717001634475,0.4925461779998841,,0.10410270299985314,0.10465817399995103,0.4960496639998837,0.09283752999999706,1.3862799779999477,0.0,1.4909381519998988,1.595040854999752,1e-06,,v7_btab_boxeig
35721,expanded_box,topk,8192,,8192,0,"[51, 51]","[103, 103]",10609,topk,8192,,8192,80000,10609,cheap,30,0.01,,cupy,1.1149831610362703e-14,1.7022525647617482e-15,640,290,290,,290,128,10609,25112,21729280,6566.314809846627,65663.14809846626,0.001,boxeig,20000,group_a,50,diag,0.001,50,auto,boxeig,1217,1218,9.550938088699797e-07,0,,,2,USGS_LPC_IL_Winnebago_2018_ground_elevation_regression_ntrain10000000,False,NVIDIA L4,cheap,128,0,128,128,0,0,2,35721,,,,,,,1.1149831610362703e-14,1.7022525647617482e-15,,,,,1e-05,boxeig,9999999.999986725,True,,nan,0,0,,nan,0,0,0,0,False,1217.0,matern,0.1,1.5,1.0,,672400,100000,btab_boxeig_topk_8192_q128,189,1218,1217,2500000,10000000,cufinufft,binned_c1,50,1217,9.550938088699797e-07,pcg,converged,1217,,True,0.1,0,18.400350798221424,0.028615447500531327,0.028477734369747834,0,0.1,boxeig,ok,,0.0006401100911301095,0.7796540909964733,0.000421739633524139,0.5132571339988772,68148.38536115935,25112,,65663.14809846626,0.00231343000018569,4.379887181464525e-05,0.05330322699842327,3.636009860489459e-05,0.044250240002156715,0.0002491981569380987,0.3032741569936661,0.2476790579999033,0.0,0.0,0.001073025999858146,0.0,5.365947822909836e-05,0.0653035850048127,0.24660603200004516,,0.05570381699999416,0.10342740400005823,0.2504991719999907,0.09331210599998485,2.2834617879998405,0.0,2.3868891919998987,2.442593008999893,1e-06,,v7_btab_boxeig
35721,expanded_box,topk,8192,,8192,0,"[51, 51]","[103, 103]",10609,topk,8192,,8192,80000,10609,cheap,30,0.01,,cupy,2.6018194564095405e-14,2.6049956414292356e-15,960,418,418,,418,192,10609,25112,32593920,2719.5581356177327,27195.581356177325,0.001,boxeig,20000,group_a,50,diag,0.001,50,auto,boxeig,788,789,9.458372418382535e-07,0,,,2,USGS_LPC_IL_Winnebago_2018_ground_elevation_regression_ntrain10000000,False,NVIDIA L4,cheap,192,0,192,192,0,0,2,35721,,,,,,,2.6018194564095405e-14,2.6049956414292356e-15,,,,,1e-05,boxeig,9999999.999986725,True,,nan,0,0,,nan,0,0,0,0,False,788.0,matern,0.1,1.5,1.0,,672400,100000,btab_boxeig_topk_8192_q192,189,789,788,2500000,10000000,cufinufft,binned_c1,50,788,9.458372418382535e-07,pcg,converged,788,,True,0.1,0,18.400350798221424,0.028615436659478518,0.028477746678481183,0,0.1,boxeig,ok,,0.0006419835145743663,0.5065249929991751,0.0006121448794500179,0.4823701650066141,68148.38536115935,25112,,27195.581356177325,0.002270807000058994,4.3250246189731356e-05,0.03408119399750831,3.8346642129327306e-05,0.030217153997909918,0.00043741028299985554,0.34467930300388616,0.373846629000127,0.0,0.0,0.0010793640001338645,0.0,5.4007630709457046e-05,0.04255801299905215,0.37276726499999313,,0.08084378800003833,0.10384339100005491,0.3768002219999289,0.09300015999997413,1.8443224570000893,0.0,1.9481658480001443,2.0290096360001826,1e-06,,v7_btab_boxeig
35721,expanded_box,topk,8192,,8192,0,"[51, 51]","[103, 103]",10609,topk,8192,,8192,80000,10609,cheap,30,0.01,,cupy,7.75475420325001e-14,4.2029109626347206e-15,1280,546,546,,546,256,10609,25112,43458560,1399.538104797717,13995.381047977171,0.001,boxeig,20000,group_a,50,diag,0.001,50,auto,boxeig,574,575,9.978744492830898e-07,0,,,2,USGS_LPC_IL_Winnebago_2018_ground_elevation_regression_ntrain10000000,False,NVIDIA L4,cheap,256,0,256,256,0,0,2,35721,,,,,,,7.75475420325001e-14,4.2029109626347206e-15,,,,,1e-05,boxeig,9999999.999986725,True,,nan,0,0,,nan,0,0,0,0,False,574.0,matern,0.1,1.5,1.0,,672400,100000,btab_boxeig_topk_8192_q256,189,575,574,2500000,10000000,cufinufft,binned_c1,50,574,9.978744492830898e-07,pcg,converged,574,,True,0.1,0,18.400350798221424,0.028615448014913256,0.02847774677006592,0,0.1,boxeig,ok,,0.0006437290713090434,0.3701442160027,0.0007147104965187653,0.41024382500177126,68148.38536115935,25112,,13995.381047977171,0.0022755640000013955,4.4158754359454215e-05,0.02534712500232672,3.964169860181872e-05,0.022754334997443948,0.0005369610818812704,0.3082156609998492,0.5620945050000046,0.0,0.0,0.0010567799999989802,0.0,5.4284620210726246e-05,0.031159372000956864,0.5610377250000056,,0.10570147399994312,0.10374409800010653,0.5651971920001415,0.09300465399996938,1.6982736590000513,0.0,1.8020177570001579,1.907719231000101,1e-06,,v7_btab_boxeig
35721,expanded_box,topk,16384,,16384,0,"[72, 72]","[145, 145]",21025,topk,16384,,16384,80000,21025,cheap,30,0.01,,cupy,8.87340423111408e-15,1.574453059102212e-15,640,290,290,,290,128,21025,14696,43061248,6566.420044161967,65664.20044161966,0.001,boxeig,20000,group_a,50,diag,0.001,50,auto,boxeig,1272,1273,9.704156649451597e-07,0,,,2,USGS_LPC_IL_Winnebago_2018_ground_elevation_regression_ntrain10000000,False,NVIDIA L4,cheap,128,0,128,128,0,0,2,35721,,,,,,,8.87340423111408e-15,1.574453059102212e-15,,,,,1e-05,boxeig,9999999.999986725,True,,nan,0,0,,nan,0,0,0,0,False,1272.0,matern,0.1,1.5,1.0,,1336336,100000,btab_boxeig_topk_16384_q128,189,1273,1272,2500000,10000000,cufinufft,binned_c1,50,1272,9.704156649451597e-07,pcg,converged,1272,,True,0.1,0,3.418047257901867,0.028615776164175672,0.028478083091009864,0,0.1,boxeig,ok,,0.0006409115820896983,0.8158804440001859,0.0007174026352183616,0.912536151997756,16085.644281349216,14696,,65664.20044161966,0.0030252740000378253,4.321330660555822e-05,0.054967326002270056,4.8009484276894763e-05,0.06106806400021014,0.0005293349143085354,0.673314011000457,0.2838945150001564,0.0,0.0,0.0010956759999771748,0.0,5.561416351985781e-05,0.07074121599725913,0.2827988390001792,,0.0535765239999364,0.1033322439998301,0.28771099499999764,0.09301331300002857,2.8313370850000865,0.0,2.9346693289999166,2.988245852999853,1e-06,,v7_btab_boxeig
35721,expanded_box,topk,16384,,16384,0,"[72, 72]","[145, 145]",21025,topk,16384,,16384,80000,21025,cheap,30,0.01,,cupy,1.5235803331357942e-14,2.363784828446421e-15,960,418,418,,418,192,21025,14696,64591872,2719.696634607458,27196.966346074576,0.001,boxeig,20000,group_a,50,diag,0.001,50,auto,boxeig,828,829,8.81254289323029e-07,0,,,2,USGS_LPC_IL_Winnebago_2018_ground_elevation_regression_ntrain10000000,False,NVIDIA L4,cheap,192,0,192,192,0,0,2,35721,,,,,,,1.5235803331357942e-14,2.363784828446421e-15,,,,,1e-05,boxeig,9999999.999986725,True,,nan,0,0,,nan,0,0,0,0,False,828.0,matern,0.1,1.5,1.0,,1336336,100000,btab_boxeig_topk_16384_q192,189,829,828,2500000,10000000,cufinufft,binned_c1,50,828,8.81254289323029e-07,pcg,converged,828,,True,0.1,0,3.418047257901867,0.028615754922425938,0.02847804611975179,0,0.1,boxeig,ok,,0.0006395093196661301,0.5301532260032218,0.0008876406582118216,0.7349664649993883,16085.644281349216,14696,,27196.966346074576,0.003091033999908177,4.323492633162187e-05,0.03579851900258291,4.102404227276803e-05,0.03396790700185193,0.000710941899760238,0.588659893001477,0.4959035839999615,0.0,0.0,0.0010846380000657518,0.0,5.344550603692901e-05,0.044252878998577216,0.49481894599989573,,0.07729653799992775,0.10339277899993249,0.5000166740001077,0.09286436299998968,2.2658764920001886,0.0,2.369269271000121,2.446565809000049,1e-06,,v7_btab_boxeig
35721,expanded_box,topk,16384,,16384,0,"[72, 72]","[145, 145]",21025,topk,16384,,16384,80000,21025,cheap,30,0.01,,cupy,9.121174935047831e-14,4.241115281810348e-15,1280,546,546,,546,256,21025,14696,86122496,1399.6316767999253,13996.316767999253,0.001,boxeig,20000,group_a,50,diag,0.001,50,auto,boxeig,608,609,9.67193405343271e-07,0,,,2,USGS_LPC_IL_Winnebago_2018_ground_elevation_regression_ntrain10000000,False,NVIDIA L4,cheap,256,0,256,256,0,0,2,35721,,,,,,,9.121174935047831e-14,4.241115281810348e-15,,,,,1e-05,boxeig,9999999.999986725,True,,nan,0,0,,nan,0,0,0,0,False,608.0,matern,0.1,1.5,1.0,,1336336,100000,btab_boxeig_topk_16384_q256,189,609,608,2500000,10000000,cufinufft,binned_c1,50,608,9.67193405343271e-07,pcg,converged,608,,True,0.1,0,3.418047257901867,0.028615709144264107,0.028477999661383323,0,0.1,boxeig,ok,,0.0006317653908018239,0.38474512299831076,0.0010640156990081994,0.6469215449969852,16085.644281349216,14696,,13996.316767999253,0.003088720999812722,4.292767599392128e-05,0.026100027004304138,4.145625492930393e-05,0.02520540299701679,0.0008886385476972093,0.5402922369999033,0.7626311090000399,0.0,0.0,0.0011168240000642982,0.0,5.248872696970047e-05,0.031913145997577885,0.7615142849999756,,0.10446682299993881,0.10361037400002715,0.7669433099999878,0.09347944000001007,2.1631427470001654,0.0,2.2667531210001926,2.3712199440001314,1e-06,,v7_btab_boxeig
1225,,,,,,,,,,,,,,,,,,,,,,,,,,,,,,,,,,,,,group_a,,,,,,,1974,1975,7.362620719214655e-07,,,,2,USGS_LPC_IL_Winnebago_2018_ground_elevation_regression_ntrain3000000,False,NVIDIA L4,,,,,,,,2,1225,,,,,,,,,0,0,,,1e-05,,,True,,,,,,,,,,,False,1974.0,SE,0.1,1.5,1.0,,,100000,plain_cg,35,1975,,750000,3000000,cufinufft,cufinufft,,,,,,,,True,0.1,0,,0.14319491340396776,0.1432387816993108,0,,,ok,,0.0006018214319004684,1.188597328003425,,,,,,,,,,,,,,,,,,,,,,,,0.08222413899989078,,0.0294539200001509,2.018116364999969,,2.1003409939999074,,1e-06,,v1
1225,,,,,,,,,,,,,,,,,,,,,,,,,,,,,,,,,,,,,group_a,,,,,,,275,276,7.021234157490896e-07,,,nan,2,USGS_LPC_IL_Winnebago_2018_ground_elevation_regression_ntrain3000000,False,NVIDIA L4,,,,,,,,2,1225,98,3,nan,,360.35501906616844,0.0007155154436287117,,,5,482,0.0005549803769440076,0.2675005416870117,1e-05,,,True,[],,,,,,,,,,False,275.0,SE,0.1,1.5,1.0,nan,,100000,eigenpro_pcg_q90,35,276,275,750000,3000000,cufinufft,binned_c1,,,,,,,full_eigenpro,True,0.1,0,,0.14313851305493885,0.14318151694243467,0,,,ok,,0.0006174872210158026,0.1704264730003615,0.00015454263636539424,0.04249922500048342,,,[],,,,,,,,,,,,,,,,,0.28997438500005046,,0.02839142300013009,0.0002877509998597816,0.02978264299986222,0.37804865600014637,,0.6967022150001867,,1e-06,90,v3
1225,,,,,,,,,,,,,,,,,,,,,,,,,,,,,,,,,,,,,group_a,,,,,,,38,39,9.74763581166523e-07,,,nan,2,USGS_LPC_IL_Winnebago_2018_ground_elevation_regression_ntrain3000000,False,NVIDIA L4,,,,,,,,2,1225,188,3,nan,,5.718816685460925,1.13548091428651e-05,,,5,932,0.0005557595281641882,0.5179678802490234,1e-05,,,True,[],,,,,,,,,,False,38.0,SE,0.1,1.5,1.0,nan,,100000,eigenpro_pcg_q180,35,39,38,750000,3000000,cufinufft,binned_c1,,,,,,,full_eigenpro,True,0.1,0,,0.14314025413752401,0.14318308733059437,0,,,ok,,0.0006152056410206943,0.023993019999807075,0.0001494080789586262,0.005677507000427795,,,[],,,,,,,,,,,,,,,,,0.5583292349999738,,0.0279173300000366,0.0002926689999185328,0.029666188999954102,0.05299401000002035,,0.6395332439999493,,1e-06,180,v3
1225,expanded_box,topk,512,,512,0,"[12, 12]","[25, 25]",625,topk,512,,512,80000,625,cheap,30,0.01,,,,,,,,,,,,,,,,,inverse,20000,group_a,50,diag,0.001,50,auto,auto,20,21,9.833705032262595e-07,0,,,2,USGS_LPC_IL_Winnebago_2018_ground_elevation_regression_ntrain3000000,False,NVIDIA L4,cheap,0,0,0,0,0,0,2,1225,,,,,,,,,,,,,1e-05,inverse,2999999.999993953,True,,nan,0,50,diag,0.001,0,0,0,6250000,False,20.0,SE,0.1,1.5,1.0,,0,100000,btab_auto_topk_512,35,21,20,750000,3000000,cufinufft,binned_c1,50,20,9.833705032262595e-07,pcg,converged,20,,True,0.1,0,2.487941419680494,0.1431380292778918,0.1431810212538663,0,0.1,exact,ok,,0.0006407751904719459,0.013456278999910865,0.00027904240001817013,0.005580848000363403,74.51296047674009,600,,,0.0005152389999238949,4.3701949994101594e-05,0.0008740389998820319,4.0399699992121894e-05,0.0008079939998424379,0.00010328205003133917,0.0020656410006267834,0.024331315000154063,0.009249336000038966,0.008638194000013755,0.0,0.0061809960000118735,5.1953400020465776e-05,0.0010390680004093156,,,0.00011273100017206161,0.027657985000132612,0.02578165199997784,0.030861316000027728,0.057374618000039845,0.0002627890000894695,0.08503260300017246,0.08514533400034452,1e-06,,v6_btab
1225,expanded_box,topk,1024,,1024,0,"[17, 17]","[35, 35]",1225,topk,1024,,1024,80000,1225,cheap,30,0.01,,,,,,,,,,,,,,,,,inverse,20000,group_a,50,diag,0.001,50,auto,auto,12,13,7.10436359745934e-07,0,,,2,USGS_LPC_IL_Winnebago_2018_ground_elevation_regression_ntrain3000000,False,NVIDIA L4,cheap,0,0,0,0,0,0,2,1225,,,,,,,,,,,,,1e-05,inverse,2999999.999993953,True,,nan,0,50,diag,0.001,0,0,0,24010000,False,12.0,SE,0.1,1.5,1.0,,0,100000,btab_auto_topk_1024,35,13,12,750000,3000000,cufinufft,binned_c1,50,12,7.10436359745934e-07,pcg,converged,12,,True,0.1,0,0.0,0.14313800959381423,0.14318100272439294,0,0.1,exact,ok,,0.0006474315384471433,0.008416609999812863,0.0002595326667081584,0.003114392000497901,0.0,0,,,0.0005111949999445642,1.716024998662154e-05,0.0002059229998394585,3.134491661664166e-05,0.00037613899939969997,0.00011967316665580559,0.0014360779998696671,0.10820112900000822,0.035180760999992344,0.05323943500002315,0.0,0.018209864000027665,5.125674996027859e-05,0.000615080999523343,,,4.702000001088891e-05,0.027541983999981312,0.10952569699998094,0.029715125999928205,0.1288984289999462,0.001571068999965064,0.1564404129999275,0.1564874329999384,1e-06,,v6_btab
1225,expanded_box,topk,1225,,2048,0,"[17, 17]","[35, 35]",1225,topk,1225,,2048,80000,1225,cheap,30,0.01,,,,,,,,,,,,,,,,,inverse,20000,group_a,50,diag,0.001,50,auto,auto,12,13,7.104363596200938e-07,0,,,2,USGS_LPC_IL_Winnebago_2018_ground_elevation_regression_ntrain3000000,False,NVIDIA L4,cheap,0,0,0,0,0,0,2,1225,,,,,,,,,,,,,1e-05,inverse,2999999.999993954,True,,nan,0,50,diag,0.001,0,0,0,24010000,False,12.0,SE,0.1,1.5,1.0,,0,100000,btab_auto_topk_2048,35,13,12,750000,3000000,cufinufft,binned_c1,50,12,7.104363596200938e-07,pcg,converged,12,,True,0.1,0,0.0,0.1431380095938263,0.1431810027244048,0,0.1,exact,ok,,0.0006596240769585376,0.008575113000460988,0.0002582656666731964,0.0030991880000783567,0.0,0,,,0.0005944299998645874,1.572208331405515e-05,0.0001886649997686618,3.1510333352950205e-05,0.0003781240002354025,0.00011982299995831151,0.001437875999499738,0.10783171899993249,0.03488255799993567,0.053178141999978834,0.0,0.01820152000004782,5.22606666398436e-05,0.0006271279996781232,,,3.51310000041849e-05,0.027475858999878255,0.10927374300013071,0.029657600999826172,0.12861597700020866,0.0015694989999701647,0.15609183600008691,0.1561269670000911,1e-06,,v6_btab
1225,expanded_box,topk,1225,,4096,0,"[17, 17]","[35, 35]",1225,topk,1225,,4096,80000,1225,cheap,30,0.01,,,,,,,,,,,,,,,,,inverse,20000,group_a,50,diag,0.001,50,auto,auto,12,13,7.104363596364116e-07,0,,,2,USGS_LPC_IL_Winnebago_2018_ground_elevation_regression_ntrain3000000,False,NVIDIA L4,cheap,0,0,0,0,0,0,2,1225,,,,,,,,,,,,,1e-05,inverse,2999999.999993953,True,,nan,0,50,diag,0.001,0,0,0,24010000,False,12.0,SE,0.1,1.5,1.0,,0,100000,btab_auto_topk_4096,35,13,12,750000,3000000,cufinufft,binned_c1,50,12,7.104363596364116e-07,pcg,converged,12,,True,0.1,0,0.0,0.1431380095938144,0.1431810027243931,0,0.1,exact,ok,,0.0006382488461440516,0.008297234999872671,0.00025791758334510934,0.0030950110001413123,0.0,0,,,0.000569586999972671,1.6880083326971846e-05,0.00020256099992366217,3.095766663818722e-05,0.00037149199965824664,0.00012068099999851256,0.0014481719999821507,0.10806421899997076,0.03512887200008663,0.05315962899999249,0.0,0.01819844400006332,5.1491000003049216e-05,0.0006178920000365906,,,3.232600010960596e-05,0.027491364000070462,0.10947106899993742,0.030115717999933622,0.1285093080000479,0.0015772739998283214,0.15600067200011836,0.15603299800022796,1e-06,,v6_btab
1225,expanded_box,topk,1024,,1024,0,"[17, 17]","[35, 35]",1225,topk,1024,,1024,80000,1225,cheap,30,0.01,,cupy,1.0939245268751347e-14,1.1842565334717213e-15,320,162,162,,162,64,1225,0,1255424,4524.466591962817,45244.66591962817,0.001,boxeig,20000,group_a,50,diag,0.001,50,auto,boxeig,421,422,8.840147694444159e-07,0,,,2,USGS_LPC_IL_Winnebago_2018_ground_elevation_regression_ntrain3000000,False,NVIDIA L4,cheap,64,0,64,64,0,0,2,1225,,,,,,,1.0939245268751347e-14,1.1842565334717213e-15,,,,,1e-05,boxeig,2999999.999993953,True,,nan,0,0,,nan,0,0,0,0,False,421.0,SE,0.1,1.5,1.0,,76176,100000,btab_boxeig_topk_1024_q64,35,422,421,750000,3000000,cufinufft,binned_c1,50,421,8.840147694444159e-07,pcg,converged,421,,True,0.1,0,0.0,0.143138707267584,0.1431817510750118,0,0.1,boxeig,ok,,0.0006411413436046425,0.27056164700115914,0.00038459749168121867,0.16191554399779307,0.0,0,,45244.66591962817,0.0005610870000509749,1.6724403802919475e-05,0.007040974001029099,2.80834322999353e-05,0.01182312499827276,0.0002479811567715546,0.10440006700082449,0.12406511099993622,0.0,0.0,0.0008726030000616447,0.0,5.435458431676684e-05,0.02288327999735884,0.12319250799987458,,0.026292538999996395,0.027751124999895183,0.12503892900008395,0.02963468100006139,0.8163430810000136,0.0,0.8440942059999088,0.8703867449999052,1e-06,,v7_btab_boxeig
1225,expanded_box,topk,1024,,1024,0,"[17, 17]","[35, 35]",1225,topk,1024,,1024,80000,1225,cheap,30,0.01,,cupy,1.3380089377213173e-13,3.837836160618076e-15,640,290,290,,290,128,1225,0,2510848,193.2958017180859,1932.9580171808589,0.001,boxeig,20000,group_a,50,diag,0.001,50,auto,boxeig,102,103,8.819356467608163e-07,0,,,2,USGS_LPC_IL_Winnebago_2018_ground_elevation_regression_ntrain3000000,False,NVIDIA L4,cheap,128,0,128,128,0,0,2,1225,,,,,,,1.3380089377213173e-13,3.837836160618076e-15,,,,,1e-05,boxeig,2999999.999993953,True,,nan,0,0,,nan,0,0,0,0,False,102.0,SE,0.1,1.5,1.0,,76176,100000,btab_boxeig_topk_1024_q128,35,103,102,750000,3000000,cufinufft,binned_c1,50,102,8.819356467608163e-07,pcg,converged,102,,True,0.1,0,0.0,0.14313967150314977,0.14318254950011244,0,0.1,boxeig,ok,,0.000703939038836872,0.07250572100019781,0.0004048872156982172,0.041298496001218155,0.0,0,,1932.9580171808589,0.0005698529998880986,1.784128431502134e-05,0.0018198110001321766,2.9505500004447906e-05,0.0030095610004536866,0.00025748083335068206,0.02626304500176957,0.2362627219999922,0.0,0.0,0.0008525200000804034,0.0,5.894742157668624e-05,0.0060126370008219965,0.2354102019999118,,0.051872316999833856,0.028140383000163638,0.23726244399995267,0.029521248999799354,0.41959887400003026,0.0,0.4477392570001939,0.49961157400002776,1e-06,,v7_btab_boxeig
1225,expanded_box,topk,1225,,2048,0,"[17, 17]","[35, 35]",1225,topk,1225,,2048,80000,1225,cheap,30,0.01,,cupy,8.835568333880206e-15,1.0687778088770857e-15,320,162,162,,162,64,1225,0,1255424,4524.466591962817,45244.66591962817,0.001,boxeig,20000,group_a,50,diag,0.001,50,auto,boxeig,421,422,8.414053386832914e-07,0,,,2,USGS_LPC_IL_Winnebago_2018_ground_elevation_regression_ntrain3000000,False,NVIDIA L4,cheap,64,0,64,64,0,0,2,1225,,,,,,,8.835568333880206e-15,1.0687778088770857e-15,,,,,1e-05,boxeig,2999999.999993954,True,,nan,0,0,,nan,0,0,0,0,False,421.0,SE,0.1,1.5,1.0,,76176,100000,btab_boxeig_topk_2048_q64,35,422,421,750000,3000000,cufinufft,binned_c1,50,421,8.414053386832914e-07,pcg,converged,421,,True,0.1,0,0.0,0.14313870810046497,0.14318175112247875,0,0.1,boxeig,ok,,0.0006395064976326708,0.26987174200098707,0.0003827835059367656,0.1611518559993783,0.0,0,,45244.66591962817,0.0005499810001765582,1.6926351543484986e-05,0.007125993999807179,2.7974589066981412e-05,0.011777301997199174,0.00024645370783786985,0.10375701099974322,0.12562428999990516,0.0,0.0,0.0008674949999658566,0.0,5.411571496314279e-05,0.022782715999483116,0.1247567949999393,,0.026391260000082184,0.02761000700002114,0.12659435099999428,0.029842432000123154,0.8160397569999986,0.0,0.8436497640000198,0.870041024000102,1e-06,,v7_btab_boxeig
1225,expanded_box,topk,1225,,2048,0,"[17, 17]","[35, 35]",1225,topk,1225,,2048,80000,1225,cheap,30,0.01,,cupy,9.42358154112921e-14,4.85903614343028e-15,640,290,290,,290,128,1225,0,2510848,193.29580171808513,1932.9580171808511,0.001,boxeig,20000,group_a,50,diag,0.001,50,auto,boxeig,102,103,8.725507751699966e-07,0,,,2,USGS_LPC_IL_Winnebago_2018_ground_elevation_regression_ntrain3000000,False,NVIDIA L4,cheap,128,0,128,128,0,0,2,1225,,,,,,,9.42358154112921e-14,4.85903614343028e-15,,,,,1e-05,boxeig,2999999.9999939525,True,,nan,0,0,,nan,0,0,0,0,False,102.0,SE,0.1,1.5,1.0,,76176,100000,btab_boxeig_topk_2048_q128,35,103,102,750000,3000000,cufinufft,binned_c1,50,102,8.725507751699966e-07,pcg,converged,102,,True,0.1,0,0.0,0.14313966925592161,0.14318254986258466,0,0.1,boxeig,ok,,0.0006953991067909105,0.07162610799946378,0.000400839921562514,0.04088567199937643,0.0,0,,1932.9580171808511,0.0005601899999874149,1.762266667498682e-05,0.0017975120008486556,2.947514706103867e-05,0.003006465000225944,0.00025357959804536863,0.0258651190006276,0.23768423400019856,0.0,0.0,0.0009214320000410225,0.0,5.867040197824512e-05,0.005984381001781003,0.23676280200015754,,0.052831437000122605,0.027637123999966207,0.2386867020002228,0.029487732000006872,0.41879431999996086,0.0,0.44643144399992707,0.4992628810000497,1e-06,,v7_btab_boxeig
1225,expanded_box,topk,1225,,2048,0,"[17, 17]","[35, 35]",1225,topk,1225,,2048,80000,1225,cheap,30,0.01,,cupy,2.238588889276248e-12,1.4642549367466584e-14,960,418,418,,418,192,1225,0,3766272,10.203455535427963,102.03455535427963,0.001,boxeig,20000,group_a,50,diag,0.001,50,auto,boxeig,30,31,6.012835036644673e-07,0,,,2,USGS_LPC_IL_Winnebago_2018_ground_elevation_regression_ntrain3000000,False,NVIDIA L4,cheap,192,0,192,192,0,0,2,1225,,,,,,,2.238588889276248e-12,1.4642549367466584e-14,,,,,1e-05,boxeig,2999999.999993953,True,,nan,0,0,,nan,0,0,0,0,False,30.0,SE,0.1,1.5,1.0,,76176,100000,btab_boxeig_topk_2048_q192,35,31,30,750000,3000000,cufinufft,binned_c1,50,30,6.012835036644673e-07,pcg,converged,30,,True,0.1,0,0.0,0.1431385788607167,0.14318152520181426,0,0.1,boxeig,ok,,0.0007493801612796351,0.023230784999668685,0.00043283840000943503,0.012985152000283051,0.0,0,,102.03455535427963,0.0004970630000116216,1.920193335536169e-05,0.0005760580006608507,3.087940000720361e-05,0.0009263820002161083,0.0002773066666501715,0.008319199999505145,0.3501658769998812,0.0,0.0,0.0008500449998791737,0.0,6.185253331144243e-05,0.001855575999343273,0.34931583200000205,,0.08148080299997673,0.027798616000154652,0.35110602600002494,0.029859597999802645,0.4090236570000343,0.0,0.43682227300018894,0.5183030760001657,1e-06,,v7_btab_boxeig
1225,expanded_box,topk,1225,,4096,0,"[17, 17]","[35, 35]",1225,topk,1225,,4096,80000,1225,cheap,30,0.01,,cupy,8.7317309175691e-14,3.994070873218833e-15,640,290,290,,290,128,1225,0,2510848,193.2958017180866,1932.958017180866,0.001,boxeig,20000,group_a,50,diag,0.001,50,auto,boxeig,102,103,8.844436345872493e-07,0,,,2,USGS_LPC_IL_Winnebago_2018_ground_elevation_regression_ntrain3000000,False,NVIDIA L4,cheap,128,0,128,128,0,0,2,1225,,,,,,,8.7317309175691e-14,3.994070873218833e-15,,,,,1e-05,boxeig,2999999.999993954,True,,nan,0,0,,nan,0,0,0,0,False,102.0,SE,0.1,1.5,1.0,,76176,100000,btab_boxeig_topk_4096_q128,35,103,102,750000,3000000,cufinufft,binned_c1,50,102,8.844436345872493e-07,pcg,converged,102,,True,0.1,0,0.0,0.14313966996763172,0.14318255104187988,0,0.1,boxeig,ok,,0.0007000536213603729,0.07210552300011841,0.0004019308725504493,0.04099694900014583,0.0,0,,1932.958017180866,0.0005729810000048019,1.8130372560407005e-05,0.0018492980011615145,2.9319362738533528e-05,0.00299057499933042,0.00025384187255235257,0.02589187100033996,0.2363598440001624,0.0,0.0,0.0008631170001081045,0.0,5.8830901963904346e-05,0.0060007520003182435,0.2354967270000543,,0.05181974100014486,0.02732323100008216,0.23738552399981927,0.029493271000092136,0.41844175500000347,0.0,0.44576498600008563,0.4975847270002305,1e-06,,v7_btab_boxeig
1225,expanded_box,topk,1225,,4096,0,"[17, 17]","[35, 35]",1225,topk,1225,,4096,80000,1225,cheap,30,0.01,,cupy,1.7021006952236412e-12,1.335723815580353e-14,960,418,418,,418,192,1225,0,3766272,10.20345553542878,102.0345553542878,0.001,boxeig,20000,group_a,50,diag,0.001,50,auto,boxeig,30,31,5.549394047447574e-07,0,,,2,USGS_LPC_IL_Winnebago_2018_ground_elevation_regression_ntrain3000000,False,NVIDIA L4,cheap,192,0,192,192,0,0,2,1225,,,,,,,1.7021006952236412e-12,1.335723815580353e-14,,,,,1e-05,boxeig,2999999.999993954,True,,nan,0,0,,nan,0,0,0,0,False,30.0,SE,0.1,1.5,1.0,,76176,100000,btab_boxeig_topk_4096_q192,35,31,30,750000,3000000,cufinufft,binned_c1,50,30,5.549394047447574e-07,pcg,converged,30,,True,0.1,0,0.0,0.14313857915182066,0.14318152554724298,0,0.1,boxeig,ok,,0.0007517143548240358,0.02330314499954511,0.00042792763329847127,0.012837828998954137,0.0,0,,102.0345553542878,0.0005666510000992275,1.8595266662183956e-05,0.0005578579998655187,3.147433332439202e-05,0.0009442299997317605,0.00027113826668786106,0.008134148000635832,0.3535311459997956,0.0,0.0,0.0009097589997963951,0.0,6.24152666887312e-05,0.0018724580006619362,0.35262138699999923,,0.0807920560000639,0.028278829000100814,0.35454673499998535,0.029795607000096425,0.41228553599989937,0.0,0.4405643650000002,0.5213564210000641,1e-06,,v7_btab_boxeig
1225,expanded_box,topk,1225,,4096,0,"[17, 17]","[35, 35]",1225,topk,1225,,4096,80000,1225,cheap,30,0.01,,cupy,1.3321491959971361e-11,4.94296821257685e-14,1280,546,546,,546,256,1225,0,5021696,0.6465511192380957,6.465511192380957,0.001,boxeig,20000,group_a,50,diag,0.001,50,auto,boxeig,7,8,6.709638269614825e-07,0,,,2,USGS_LPC_IL_Winnebago_2018_ground_elevation_regression_ntrain3000000,False,NVIDIA L4,cheap,256,0,256,256,0,0,2,1225,,,,,,,1.3321491959971361e-11,4.94296821257685e-14,,,,,1e-05,boxeig,2999999.999993954,True,,nan,0,0,,nan,0,0,0,0,False,7.0,SE,0.1,1.5,1.0,,76176,100000,btab_boxeig_topk_4096_q256,35,8,7,750000,3000000,cufinufft,binned_c1,50,7,6.709638269614825e-07,pcg,converged,7,,True,0.1,0,0.0,0.14313937616692857,0.1431823530104614,0,0.1,boxeig,ok,,0.0007910397499983901,0.006328317999987121,0.00044767200003142146,0.00313370400021995,0.0,0,,6.465511192380957,0.0005630529999507417,1.8895999963725834e-05,0.00013227199974608084,3.0889999964399196e-05,0.00021622999975079438,0.00029153242858878263,0.0020407270001214783,0.4806051230000321,0.0,0.0,0.0008442470000318281,0.0,6.20901428516975e-05,0.0004346309999618825,0.4797608760000003,,0.11394513300001563,0.027627082999970298,0.48163154799999575,0.029870329999994283,0.4967460549999032,0.0,0.5243731379998735,0.6383182709998891,1e-06,,v7_btab_boxeig
1225,expanded_box,topk,1225,,8192,0,"[17, 17]","[35, 35]",1225,topk,1225,,8192,80000,1225,cheap,30,0.01,,cupy,8.189746733329845e-14,3.4440183499753558e-15,640,290,290,,290,128,1225,0,2510848,193.2958017180856,1932.9580171808561,0.001,boxeig,20000,group_a,50,diag,0.001,50,auto,boxeig,102,103,9.01463828977972e-07,0,,,2,USGS_LPC_IL_Winnebago_2018_ground_elevation_regression_ntrain3000000,False,NVIDIA L4,cheap,128,0,128,128,0,0,2,1225,,,,,,,8.189746733329845e-14,3.4440183499753558e-15,,,,,1e-05,boxeig,2999999.999993953,True,,nan,0,0,,nan,0,0,0,0,False,102.0,SE,0.1,1.5,1.0,,76176,100000,btab_boxeig_topk_8192_q128,35,103,102,750000,3000000,cufinufft,binned_c1,50,102,9.01463828977972e-07,pcg,converged,102,,True,0.1,0,0.0,0.14313967216987689,0.1431825494613085,0,0.1,boxeig,ok,,0.0007021769805654453,0.07232422899824087,0.00040472742157184185,0.04128219700032787,0.0,0,,1932.9580171808561,0.0005717310000363796,1.7965901977232516e-05,0.0018325220016777166,3.007320587727793e-05,0.003067466999482349,0.0002565821764641905,0.02617138199934743,0.2363391839999167,0.0,0.0,0.0008593479999490228,0.0,5.873200980070525e-05,0.005990664999671935,0.2354798359999677,,0.05218913899989275,0.027797241000143913,0.23736611300000732,0.02958960599994498,0.4191964110000299,0.0,0.4469936520001738,0.4991827910000666,1e-06,,v7_btab_boxeig
1225,expanded_box,topk,1225,,8192,0,"[17, 17]","[35, 35]",1225,topk,1225,,8192,80000,1225,cheap,30,0.01,,cupy,1.9457551301921045e-12,1.563297817513867e-14,960,418,418,,418,192,1225,0,3766272,10.203455535428631,102.03455535428631,0.001,boxeig,20000,group_a,50,diag,0.001,50,auto,boxeig,30,31,5.585449104728272e-07,0,,,2,USGS_LPC_IL_Winnebago_2018_ground_elevation_regression_ntrain3000000,False,NVIDIA L4,cheap,192,0,192,192,0,0,2,1225,,,,,,,1.9457551301921045e-12,1.563297817513867e-14,,,,,1e-05,boxeig,2999999.999993954,True,,nan,0,0,,nan,0,0,0,0,False,30.0,SE,0.1,1.5,1.0,,76176,100000,btab_boxeig_topk_8192_q192,35,31,30,750000,3000000,cufinufft,binned_c1,50,30,5.585449104728272e-07,pcg,converged,30,,True,0.1,0,0.0,0.14313857811032143,0.1431815251976401,0,0.1,boxeig,ok,,0.0007561454516059213,0.02344050899978356,0.0004282082000221029,0.012846246000663086,0.0,0,,102.03455535428631,0.0006292990001384169,1.9096566681279607e-05,0.0005728970004383882,3.0457233325857184e-05,0.0009137169997757155,0.00027174283329713946,0.008152284998914183,0.3639804249999088,0.0,0.0,0.0009066379998330376,0.0,6.318590001228586e-05,0.0018955770003685757,0.36307378700007575,,0.08122282099998301,0.027376073000141332,0.3650754330001291,0.02980297299995982,0.42321513299998514,0.0,0.4505912060001265,0.5318140270001095,1e-06,,v7_btab_boxeig
1225,expanded_box,topk,1225,,8192,0,"[17, 17]","[35, 35]",1225,topk,1225,,8192,80000,1225,cheap,30,0.01,,cupy,1.9676366435356426e-11,4.72959224459891e-14,1280,546,546,,546,256,1225,0,5021696,0.6465511192369368,6.465511192369367,0.001,boxeig,20000,group_a,50,diag,0.001,50,auto,boxeig,7,8,6.709484367881598e-07,0,,,2,USGS_LPC_IL_Winnebago_2018_ground_elevation_regression_ntrain3000000,False,NVIDIA L4,cheap,256,0,256,256,0,0,2,1225,,,,,,,1.9676366435356426e-11,4.72959224459891e-14,,,,,1e-05,boxeig,2999999.999993953,True,,nan,0,0,,nan,0,0,0,0,False,7.0,SE,0.1,1.5,1.0,,76176,100000,btab_boxeig_topk_8192_q256,35,8,7,750000,3000000,cufinufft,binned_c1,50,7,6.709484367881598e-07,pcg,converged,7,,True,0.1,0,0.0,0.1431393761666348,0.1431823530103012,0,0.1,boxeig,ok,,0.0007901378750148069,0.006321103000118455,0.0004387757142987019,0.0030714300000909134,0.0,0,,6.465511192369367,0.0005946100000073784,1.9089142857150625e-05,0.00013362400000005437,2.9793714247716707e-05,0.00020855599973401695,0.00028177142852265594,0.0019723999996585917,0.47323578999976235,0.0,0.0,0.0008791109999037872,0.0,6.282785713145651e-05,0.00043979499992019555,0.47235667899985856,,0.11458522699990681,0.028033219000008103,0.4742937019998408,0.029858269999976983,0.48928825900020456,0.0,0.5173214780002127,0.6319067050001195,1e-06,,v7_btab_boxeig
1225,expanded_box,topk,1225,,16384,0,"[17, 17]","[35, 35]",1225,topk,1225,,16384,80000,1225,cheap,30,0.01,,cupy,2.523854136282089e-13,5.588578446623193e-15,640,290,290,,290,128,1225,0,2510848,193.29580171808573,1932.9580171808573,0.001,boxeig,20000,group_a,50,diag,0.001,50,auto,boxeig,102,103,8.741233938987577e-07,0,,,2,USGS_LPC_IL_Winnebago_2018_ground_elevation_regression_ntrain3000000,False,NVIDIA L4,cheap,128,0,128,128,0,0,2,1225,,,,,,,2.523854136282089e-13,5.588578446623193e-15,,,,,1e-05,boxeig,2999999.999993953,True,,nan,0,0,,nan,0,0,0,0,False,102.0,SE,0.1,1.5,1.0,,76176,100000,btab_boxeig_topk_16384_q128,35,103,102,750000,3000000,cufinufft,binned_c1,50,102,8.741233938987577e-07,pcg,converged,102,,True,0.1,0,0.0,0.14313966919067253,0.14318254898993718,0,0.1,boxeig,ok,,0.0007014122427181152,0.07224546099996587,0.0004018916274550493,0.04099294600041503,0.0,0,,1932.9580171808573,0.0005301660000895936,1.8133833339329702e-05,0.0018496510006116296,2.9424313721374703e-05,0.0030012799995802197,0.0002554779705918668,0.026058753000370416,0.2383371429998533,0.0,0.0,0.0008834809998461424,0.0,5.8428892153714e-05,0.005959746999678828,0.23745366200000717,,0.05178233200012983,0.02780875600001309,0.23932612800012976,0.0296967480001058,0.4205707609999081,0.0,0.4483795169999212,0.500161849000051,1e-06,,v7_btab_boxeig
1225,expanded_box,topk,1225,,16384,0,"[17, 17]","[35, 35]",1225,topk,1225,,16384,80000,1225,cheap,30,0.01,,cupy,2.513463924536616e-12,1.6155953548188597e-14,960,418,418,,418,192,1225,0,3766272,10.203455535428075,102.03455535428074,0.001,boxeig,20000,group_a,50,diag,0.001,50,auto,boxeig,30,31,5.984668626859591e-07,0,,,2,USGS_LPC_IL_Winnebago_2018_ground_elevation_regression_ntrain3000000,False,NVIDIA L4,cheap,192,0,192,192,0,0,2,1225,,,,,,,2.513463924536616e-12,1.6155953548188597e-14,,,,,1e-05,boxeig,2999999.999993953,True,,nan,0,0,,nan,0,0,0,0,False,30.0,SE,0.1,1.5,1.0,,76176,100000,btab_boxeig_topk_16384_q192,35,31,30,750000,3000000,cufinufft,binned_c1,50,30,5.984668626859591e-07,pcg,converged,30,,True,0.1,0,0.0,0.14313857799686275,0.14318152508200546,0,0.1,boxeig,ok,,0.0007575949354774029,0.02348544299979949,0.00043127996666498803,0.01293839899994964,0.0,0,,102.03455535428074,0.0005768500000158383,1.97102666485686e-05,0.000591307999457058,3.1221433353797086e-05,0.0009366430006139126,0.0002722429999948872,0.008167289999846616,0.35726195699976415,0.0,0.0,0.0008547799998268601,0.0,6.328453337118844e-05,0.0018985360011356534,0.3564071769999373,,0.08281432700005098,0.02758423800014498,0.35827157800008536,0.029745067000021663,0.41645414399999936,0.0,0.44403838200014434,0.5268527090001953,1e-06,,v7_btab_boxeig
1225,expanded_box,topk,1225,,16384,0,"[17, 17]","[35, 35]",1225,topk,1225,,16384,80000,1225,cheap,30,0.01,,cupy,1.3060842888367984e-11,5.015050238740086e-14,1280,546,546,,546,256,1225,0,5021696,0.6465511192379844,6.465511192379843,0.001,boxeig,20000,group_a,50,diag,0.001,50,auto,boxeig,7,8,6.709612872147145e-07,0,,,2,USGS_LPC_IL_Winnebago_2018_ground_elevation_regression_ntrain3000000,False,NVIDIA L4,cheap,256,0,256,256,0,0,2,1225,,,,,,,1.3060842888367984e-11,5.015050238740086e-14,,,,,1e-05,boxeig,2999999.999993954,True,,nan,0,0,,nan,0,0,0,0,False,7.0,SE,0.1,1.5,1.0,,76176,100000,btab_boxeig_topk_16384_q256,35,8,7,750000,3000000,cufinufft,binned_c1,50,7,6.709612872147145e-07,pcg,converged,7,,True,0.1,0,0.0,0.14313937616682817,0.14318235301043022,0,0.1,boxeig,ok,,0.0007796190000135539,0.006236952000108431,0.0004403498571394136,0.0030824489999758953,0.0,0,,6.465511192379843,0.0005442940000648377,1.888285708316419e-05,0.00013217999958214932,3.3465428584479794e-05,0.00023425800009135855,0.00028123500000479647,0.0019686450000335753,0.5523666460001095,0.0,0.0,0.0008751729999403324,0.0,6.272971430527312e-05,0.00043910800013691187,0.5514914730001692,,0.11503508099985993,0.027306427999974403,0.5533686619999116,0.02999292999993486,0.5682590070000515,0.0,0.5955654350000259,0.7106005159998858,1e-06,,v7_btab_boxeig
35721,,,,,,,,,,,,,,,,,,,,,,,,,,,,,,,,,,,,,group_a,,,,,,,2251,2252,8.578793213917531e-07,,,,2,USGS_LPC_IL_Winnebago_2018_ground_elevation_regression_ntrain3000000,False,NVIDIA L4,,,,,,,,2,35721,,,,,,,,,0,0,,,1e-05,,,True,,,,,,,,,,,False,2251.0,matern,0.1,1.5,1.0,,,100000,plain_cg,189,2252,,750000,3000000,cufinufft,cufinufft,,,,,,,,True,0.1,0,,0.03117438353735557,0.03073140329695924,0,,,ok,,0.0006215677921901652,1.399770668012252,,,,,,,,,,,,,,,,,,,,,,,,0.08320000699995944,,0.029297983999867938,2.3592089860001124,,2.4424097169999186,,1e-06,,v1
35721,,,,,,,,,,,,,,,,,,,,,,,,,,,,,,,,,,,,,group_a,,,,,,,570,571,9.909200902716515e-07,,,nan,2,USGS_LPC_IL_Winnebago_2018_ground_elevation_regression_ntrain3000000,False,NVIDIA L4,,,,,,,,2,35721,98,3,nan,,2655.3229963440767,0.0060753067711208746,,,5,482,0.00038832969982099735,0.1871749153137207,1e-05,,,True,[],,,,,,,,,,False,570.0,matern,0.1,1.5,1.0,nan,,100000,eigenpro_pcg_q90,189,571,570,750000,3000000,cufinufft,binned_c1,,,,,,,full_eigenpro,True,0.1,0,,0.031097835436055914,0.03065489861495606,0,,,ok,,0.0006439140402792932,0.3676749169994764,0.0005964869228049346,0.3399975459988127,,,[],,,,,,,,,,,,,,,,,0.4729279129999213,,0.05768261700018229,0.0003189449998899363,0.029912296000020433,1.0663672120001593,,1.5972966870001528,,1e-06,90,v3
35721,,,,,,,,,,,,,,,,,,,,,,,,,,,,,,,,,,,,,group_a,,,,,,,286,287,9.826974773995338e-07,,,nan,2,USGS_LPC_IL_Winnebago_2018_ground_elevation_regression_ntrain3000000,False,NVIDIA L4,,,,,,,,2,35721,188,3,nan,,974.7073426485395,0.002227461727087516,,,5,932,0.0004805098112049021,0.44783514404296876,1e-05,,,True,[],,,,,,,,,,False,286.0,matern,0.1,1.5,1.0,nan,,100000,eigenpro_pcg_q180,189,287,286,750000,3000000,cufinufft,binned_c1,,,,,,,full_eigenpro,True,0.1,0,,0.03109828513522293,0.03065530650033137,0,,,ok,,0.0006456722229946846,0.1853079279994745,0.001042052104899689,0.2980269020013111,,,[],,,,,,,,,,,,,,,,,1.0314100670000244,,0.05822481399991375,0.0003203769999799988,0.0295704120001119,0.6654788739999731,,1.7554341319998912,,1e-06,180,v3
35721,expanded_box,topk,512,,512,0,"[12, 12]","[25, 25]",625,topk,512,,512,80000,625,cheap,30,0.01,,,,,,,,,,,,,,,,,inverse,20000,group_a,50,diag,0.001,50,auto,auto,503,504,9.226071703917538e-07,0,,,2,USGS_LPC_IL_Winnebago_2018_ground_elevation_regression_ntrain3000000,False,NVIDIA L4,cheap,0,0,0,0,0,0,2,35721,,,,,,,,,,,,,1e-05,inverse,2999999.9999965867,True,,nan,0,50,diag,0.001,0,0,0,6250000,False,503.0,matern,0.1,1.5,1.0,,0,100000,btab_auto_topk_512,189,504,503,750000,3000000,cufinufft,binned_c1,50,503,9.226071703917538e-07,pcg,converged,503,,True,0.1,0,3940.556332250379,0.031097429364229504,0.030654304271610682,0,0.1,exact,ok,,0.0006359271150830726,0.32050726600186863,0.0002724243200749079,0.13702943299767867,1388672.4014117874,35096,,,0.001500540000051842,4.269051491404532e-05,0.021473329001764796,3.955243340342042e-05,0.01989487400192047,9.717806361870215e-05,0.04888056600020718,0.023948757999960435,0.00890102699986528,0.008615648000159126,0.0,0.006188280999822382,5.400305169844887e-05,0.027163535004319783,,,0.00031689700017523137,0.0577410629998667,0.02638029399986408,0.03058738499998981,0.786959035000109,0.0002438020001136465,0.8447000979999757,0.8450169950001509,1e-06,,v6_btab
35721,expanded_box,topk,1024,,1024,0,"[18, 18]","[37, 37]",1369,topk,1024,,1024,80000,1369,cheap,30,0.01,,,,,,,,,,,,,,,,,inverse,20000,group_a,50,diag,0.001,50,auto,auto,248,249,9.9159978077331e-07,0,,,2,USGS_LPC_IL_Winnebago_2018_ground_elevation_regression_ntrain3000000,False,NVIDIA L4,cheap,0,0,0,0,0,0,2,35721,,,,,,,,,,,,,1e-05,inverse,2999999.9999965867,True,,nan,0,50,diag,0.001,0,0,0,29986576,False,248.0,matern,0.1,1.5,1.0,,0,100000,btab_auto_topk_1024,189,249,248,750000,3000000,cufinufft,binned_c1,50,248,9.9159978077331e-07,pcg,converged,248,,True,0.1,0,720.4558888598436,0.031097456190508094,0.030654325730823953,0,0.1,exact,ok,,0.0006223023935735069,0.15495329599980323,0.0003183987862870151,0.07896289899917974,477731.2262291375,34352,,,0.0015437780000411294,4.263783871887162e-05,0.010574184002280163,3.8897278236324765e-05,0.009646525002608541,0.00014644529436454393,0.03631843300240689,0.13092899799994484,0.04340310800012048,0.06484726099984073,0.0,0.02061555600016618,5.208089920147945e-05,0.012916063001966904,,,0.0002800029999434628,0.05764442400004555,0.13353377900011765,0.029320423999934064,0.5134636059999593,0.00206307299981745,0.5711080300000049,0.5713880329999483,1e-06,,v6_btab
35721,expanded_box,topk,2048,,2048,0,"[25, 25]","[51, 51]",2601,topk,2048,,2048,80000,2601,cheap,30,0.01,,,,,,,,,,,,,,,,,inverse,20000,group_a,50,diag,0.001,50,auto,auto,141,142,8.024644847678659e-07,0,,,2,USGS_LPC_IL_Winnebago_2018_ground_elevation_regression_ntrain3000000,False,NVIDIA L4,cheap,0,0,0,0,0,0,2,35721,,,,,,,,,,,,,1e-05,inverse,2999999.9999965867,True,,nan,0,50,diag,0.001,0,0,0,108243216,False,141.0,matern,0.1,1.5,1.0,,0,100000,btab_auto_topk_2048,189,142,141,750000,3000000,cufinufft,binned_c1,50,141,8.024644847678659e-07,pcg,converged,141,,True,0.1,0,163.64323537302514,0.03109739968970278,0.03065427880450184,0,0.1,exact,ok,,0.0006359180070465838,0.0903003570006149,0.0008300711063832666,0.1170400260000406,189063.3603831785,33120,,,0.0016758200001731893,4.3388539004047855e-05,0.006117783999570747,4.3407723395062954e-05,0.006120488998703877,0.0006504305106383001,0.09171070200000031,0.6732325269999819,0.17419556400000147,0.3991144849999273,0.0,0.09122808100005386,5.339215602149086e-05,0.007528293999030211,,,0.0002685009999368049,0.05821885599993948,0.6759567280000738,0.029353074000027846,0.9689024639999388,0.008694396999999299,1.0271213199998783,1.0273898209998151,1e-06,,v6_btab
35721,expanded_box,topk,4096,,4096,0,"[36, 36]","[73, 73]",5329,topk,4096,,4096,80000,5329,cheap,30,0.01,,,,,,,,,,,,,,,,,inverse,20000,group_a,50,diag,0.001,50,auto,auto,69,70,9.174889528542096e-07,0,,,2,USGS_LPC_IL_Winnebago_2018_ground_elevation_regression_ntrain3000000,False,NVIDIA L4,cheap,0,0,0,0,0,0,2,35721,,,,,,,,,,,,,1e-05,inverse,2999999.9999965867,True,,nan,0,50,diag,0.001,0,0,0,454371856,False,69.0,matern,0.1,1.5,1.0,,0,100000,btab_auto_topk_4096,189,70,69,750000,3000000,cufinufft,binned_c1,50,69,9.174889528542096e-07,pcg,converged,69,,True,0.1,0,29.51563404084684,0.031097437529383046,0.03065433012991719,0,0.1,exact,ok,,0.0006482092857043296,0.045374649999303074,0.002172271826072139,0.1498867559989776,63724.19886326596,30392,,,0.001871080000000802,4.237759420626073e-05,0.0029240540002319904,4.707342029270375e-05,0.003248066000196559,0.001986953434787711,0.13709978700035208,4.664020020999942,0.7875984029999472,3.2452117870000166,0.0,0.5946900129999904,5.400466666221779e-05,0.0037263219996930275,,,0.00029058900008749333,0.05825453300008121,4.667319534999933,0.029437682999969184,4.9055040000000645,0.036519817999987936,4.963758533000146,4.964049122000233,1e-06,,v6_btab
35721,expanded_box,topk,1024,,1024,0,"[18, 18]","[37, 37]",1369,topk,1024,,1024,80000,1369,cheap,30,0.01,,cupy,3.5213235468278013e-15,1.069054495801417e-15,320,162,162,,162,64,1369,34352,1402880,7691.245806811313,76912.45806811312,0.001,boxeig,20000,group_a,50,diag,0.001,50,auto,boxeig,1114,1115,9.98072038180091e-07,0,,,2,USGS_LPC_IL_Winnebago_2018_ground_elevation_regression_ntrain3000000,False,NVIDIA L4,cheap,64,0,64,64,0,0,2,35721,,,,,,,3.5213235468278013e-15,1.069054495801417e-15,,,,,1e-05,boxeig,2999999.9999965867,True,,nan,0,0,,nan,0,0,0,0,False,1114.0,matern,0.1,1.5,1.0,,85264,100000,btab_boxeig_topk_1024_q64,189,1115,1114,750000,3000000,cufinufft,binned_c1,50,1114,9.98072038180091e-07,pcg,converged,1114,,True,0.1,0,720.4558888598436,0.031097384786974817,0.03065427543272902,0,0.1,boxeig,ok,,0.0006400844735414585,0.7136941879987262,0.00041231968851221753,0.4593241330026103,477731.2262291375,34352,,76912.45806811312,0.001632039000014629,4.354322172452879e-05,0.04850714900112507,3.5962645412136955e-05,0.04006238698912057,0.00024077691652084625,0.2682254850042227,0.12662509100005082,0.0,0.0,0.0010225739999896177,0.0,5.381511220717418e-05,0.059950034998792034,0.1256025170000612,,0.02585449499997594,0.05781710499991277,0.12866566499997134,0.029506548999961524,1.97423609700013,0.0,2.032053202000043,2.0579076970000187,1e-06,,v7_btab_boxeig
35721,expanded_box,topk,1024,,1024,0,"[18, 18]","[37, 37]",1369,topk,1024,,1024,80000,1369,cheap,30,0.01,,cupy,8.388931389726443e-15,1.5348271744339143e-15,640,290,290,,290,128,1369,34352,2805760,1959.5849402133433,19595.849402133434,0.001,boxeig,20000,group_a,50,diag,0.001,50,auto,boxeig,608,609,9.9323250342235e-07,0,,,2,USGS_LPC_IL_Winnebago_2018_ground_elevation_regression_ntrain3000000,False,NVIDIA L4,cheap,128,0,128,128,0,0,2,35721,,,,,,,8.388931389726443e-15,1.5348271744339143e-15,,,,,1e-05,boxeig,2999999.9999965867,True,,nan,0,0,,nan,0,0,0,0,False,608.0,matern,0.1,1.5,1.0,,85264,100000,btab_boxeig_topk_1024_q128,189,609,608,750000,3000000,cufinufft,binned_c1,50,608,9.9323250342235e-07,pcg,converged,608,,True,0.1,0,720.4558888598436,0.031097437187007915,0.030654366156757443,0,0.1,boxeig,ok,,0.0006346722725766459,0.3865154139991773,0.00039893345230193757,0.24255153899957804,477731.2262291375,34352,,19595.849402133434,0.0015434899999036134,4.342895065808474e-05,0.026404802000115524,3.602938979995722e-05,0.02190586899837399,0.00022843637006755407,0.13888931300107288,0.23409649200016247,0.0,0.0,0.001043794000224807,0.0,5.3234639800710904e-05,0.03236666099883223,0.23305269799993766,,0.04996130500012441,0.058518816000059815,0.23608533900005568,0.029082014000096024,1.2288669170000048,0.0,1.2873857330000646,1.337347038000189,1e-06,,v7_btab_boxeig
35721,expanded_box,topk,2048,,2048,0,"[25, 25]","[51, 51]",2601,topk,2048,,2048,80000,2601,cheap,30,0.01,,cupy,4.766964627410362e-15,1.1581918145066993e-15,320,162,162,,162,64,2601,33120,2664448,7706.185759565419,77061.85759565419,0.001,boxeig,20000,group_a,50,diag,0.001,50,auto,boxeig,1312,1313,9.87669148009228e-07,0,,,2,USGS_LPC_IL_Winnebago_2018_ground_elevation_regression_ntrain3000000,False,NVIDIA L4,cheap,64,0,64,64,0,0,2,35721,,,,,,,4.766964627410362e-15,1.1581918145066993e-15,,,,,1e-05,boxeig,2999999.9999965867,True,,nan,0,0,,nan,0,0,0,0,False,1312.0,matern,0.1,1.5,1.0,,163216,100000,btab_boxeig_topk_2048_q64,189,1313,1312,750000,3000000,cufinufft,binned_c1,50,1312,9.87669148009228e-07,pcg,converged,1312,,True,0.1,0,163.64323537302514,0.031097413005339088,0.030654425149394083,0,0.1,boxeig,ok,,0.0006323080639783193,0.8302204880035333,0.00041116742987949874,0.5394516680019024,189063.3603831785,33120,,77061.85759565419,0.0016645279999920604,4.5083776679281824e-05,0.05914991500321776,3.569963490881131e-05,0.04683792100036044,0.0002394005365840435,0.3140935039982651,0.12360668900009841,0.0,0.0,0.0010103130000516103,0.0,5.295204115549407e-05,0.06947307799600821,0.1225963760000468,,0.025901916999828245,0.05814792499995747,0.12569773299992448,0.02969693299996834,2.277342320000116,0.0,2.3354902450000736,2.361392161999902,1e-06,,v7_btab_boxeig
35721,expanded_box,topk,2048,,2048,0,"[25, 25]","[51, 51]",2601,topk,2048,,2048,80000,2601,cheap,30,0.01,,cupy,7.662552434508897e-15,1.733974328922446e-15,640,290,290,,290,128,2601,33120,5328896,1967.2935852199516,19672.935852199516,0.001,boxeig,20000,group_a,50,diag,0.001,50,auto,boxeig,674,675,9.93893504151413e-07,0,,,2,USGS_LPC_IL_Winnebago_2018_ground_elevation_regression_ntrain3000000,False,NVIDIA L4,cheap,128,0,128,128,0,0,2,35721,,,,,,,7.662552434508897e-15,1.733974328922446e-15,,,,,1e-05,boxeig,2999999.9999965867,True,,nan,0,0,,nan,0,0,0,0,False,674.0,matern,0.1,1.5,1.0,,163216,100000,btab_boxeig_topk_2048_q128,189,675,674,750000,3000000,cufinufft,binned_c1,50,674,9.93893504151413e-07,pcg,converged,674,,True,0.1,0,163.64323537302514,0.031097392028946593,0.030654312645462353,0,0.1,boxeig,ok,,0.000644304025187281,0.4349052170014147,0.00043063791988232357,0.2902499580006861,189063.3603831785,33120,,19672.935852199516,0.0016423770000528748,4.39874569759604e-05,0.02964754600179731,3.654391394209904e-05,0.024630597996974757,0.0002579431157311655,0.17385366000280555,0.2390179450001142,0.0,0.0,0.0009988419999444886,0.0,5.374531898931752e-05,0.03622434499880001,0.2380191030001697,,0.051682669000001624,0.05760826400000951,0.24110733799989248,0.02967277000016111,1.3792369299999336,0.0,1.4368451939999431,1.4885278629999448,1e-06,,v7_btab_boxeig
35721,expanded_box,topk,2048,,2048,0,"[25, 25]","[51, 51]",2601,topk,2048,,2048,80000,2601,cheap,30,0.01,,cupy,1.8125639008787592e-14,2.4651843098859362e-15,960,418,418,,418,192,2601,33120,7993344,812.8403230441644,8128.403230441643,0.001,boxeig,20000,group_a,50,diag,0.001,50,auto,boxeig,446,447,9.847262712704108e-07,0,,,2,USGS_LPC_IL_Winnebago_2018_ground_elevation_regression_ntrain3000000,False,NVIDIA L4,cheap,192,0,192,192,0,0,2,35721,,,,,,,1.8125639008787592e-14,2.4651843098859362e-15,,,,,1e-05,boxeig,2999999.9999965867,True,,nan,0,0,,nan,0,0,0,0,False,446.0,matern,0.1,1.5,1.0,,163216,100000,btab_boxeig_topk_2048_q192,189,447,446,750000,3000000,cufinufft,binned_c1,50,446,9.847262712704108e-07,pcg,converged,446,,True,0.1,0,163.64323537302514,0.031097513097308332,0.03065440105695048,0,0.1,boxeig,ok,,0.0006717723288595307,0.30028223100021023,0.00044699133408023303,0.19935813499978394,189063.3603831785,33120,,8128.403230441643,0.0016427479999947536,4.53032197335759e-05,0.020205236001174853,3.803140134652592e-05,0.016962005000550562,0.0002665898744314776,0.118899083996439,0.36088791300016965,0.0,0.0,0.0009820730001592892,0.0,5.6798280273227804e-05,0.0253320330018596,0.35990584000001036,,0.07840079200013861,0.05820369200000641,0.3629814350001652,0.029570044999900347,1.1453176990000884,0.0,1.2035213910000948,1.2819221830002334,1e-06,,v7_btab_boxeig
35721,expanded_box,topk,4096,,4096,0,"[36, 36]","[73, 73]",5329,topk,4096,,4096,80000,5329,cheap,30,0.01,,cupy,8.76217351007873e-15,1.829429061937461e-15,640,290,290,,290,128,5329,30392,10915840,1967.8081646181427,19678.081646181425,0.001,boxeig,20000,group_a,50,diag,0.001,50,auto,boxeig,745,746,9.621417770330094e-07,0,,,2,USGS_LPC_IL_Winnebago_2018_ground_elevation_regression_ntrain3000000,False,NVIDIA L4,cheap,128,0,128,128,0,0,2,35721,,,,,,,8.76217351007873e-15,1.829429061937461e-15,,,,,1e-05,boxeig,2999999.9999965867,True,,nan,0,0,,nan,0,0,0,0,False,745.0,matern,0.1,1.5,1.0,,336400,100000,btab_boxeig_topk_4096_q128,189,746,745,750000,3000000,cufinufft,binned_c1,50,745,9.621417770330094e-07,pcg,converged,745,,True,0.1,0,29.51563404084684,0.031097408992500856,0.030654239950970094,0,0.1,boxeig,ok,,0.0006690622077665213,0.49912040699382487,0.00044278946846030437,0.32987815400292675,63724.19886326596,30392,,19678.081646181425,0.0019102779999684572,4.5154821476068946e-05,0.033640341999671364,4.062764295142932e-05,0.030267593998814846,0.0002593526416112337,0.19321771800036913,1.0220205590001115,0.0,0.0,0.0010749870000381634,0.0,5.482848321924931e-05,0.040847219998340734,1.0209455720000733,,0.053049265000026935,0.05892114999983278,1.0244282149999435,0.029198147999977664,2.334310639000023,0.0,2.393231788999856,2.4462810539998827,1e-06,,v7_btab_boxeig
35721,expanded_box,topk,4096,,4096,0,"[36, 36]","[73, 73]",5329,topk,4096,,4096,80000,5329,cheap,30,0.01,,cupy,1.658169287813508e-14,2.807026031225535e-15,960,418,418,,418,192,5329,30392,16373760,815.7913459002123,8157.913459002122,0.001,boxeig,20000,group_a,50,diag,0.001,50,auto,boxeig,486,487,9.620615308610603e-07,0,,,2,USGS_LPC_IL_Winnebago_2018_ground_elevation_regression_ntrain3000000,False,NVIDIA L4,cheap,192,0,192,192,0,0,2,35721,,,,,,,1.658169287813508e-14,2.807026031225535e-15,,,,,1e-05,boxeig,2999999.9999965867,True,,nan,0,0,,nan,0,0,0,0,False,486.0,matern,0.1,1.5,1.0,,336400,100000,btab_boxeig_topk_4096_q192,189,487,486,750000,3000000,cufinufft,binned_c1,50,486,9.620615308610603e-07,pcg,converged,486,,True,0.1,0,29.51563404084684,0.031097314048907,0.030654196268833547,0,0.1,boxeig,ok,,0.0006440037618103741,0.3136298320016522,0.00043382366048491373,0.21083829899566808,63724.19886326596,30392,,8157.913459002122,0.0018885160000081669,4.403358436840805e-05,0.021400322003046313,3.681484773876968e-05,0.017892016001042066,0.0002603973971216698,0.12655313500113152,0.37188065000009374,0.0,0.0,0.0010378160000072967,0.0,5.409270165129386e-05,0.026289053002528817,0.37084283400008644,,0.07875034099993172,0.058451862000083565,0.3742345690000093,0.029544324999960736,1.1962042469999687,0.0,1.2546561090000523,1.333406449999984,1e-06,,v7_btab_boxeig
35721,expanded_box,topk,4096,,4096,0,"[36, 36]","[73, 73]",5329,topk,4096,,4096,80000,5329,cheap,30,0.01,,cupy,5.772356002856334e-14,5.035591653129944e-15,1280,546,546,,546,256,5329,30392,21831680,419.3712956093715,4193.712956093715,0.001,boxeig,20000,group_a,50,diag,0.001,50,auto,boxeig,364,365,9.580989053541425e-07,0,,,2,USGS_LPC_IL_Winnebago_2018_ground_elevation_regression_ntrain3000000,False,NVIDIA L4,cheap,256,0,256,256,0,0,2,35721,,,,,,,5.772356002856334e-14,5.035591653129944e-15,,,,,1e-05,boxeig,2999999.9999965867,True,,nan,0,0,,nan,0,0,0,0,False,364.0,matern,0.1,1.5,1.0,,336400,100000,btab_boxeig_topk_4096_q256,189,365,364,750000,3000000,cufinufft,binned_c1,50,364,9.580989053541425e-07,pcg,converged,364,,True,0.1,0,29.51563404084684,0.03109732423218524,0.030654224532958737,0,0.1,boxeig,ok,,0.0006528105178067687,0.23827583899947058,0.000437481818683504,0.15924338200079546,63724.19886326596,30392,,4193.712956093715,0.0018582789998617955,4.425298626941455e-05,0.016108087002066895,3.662718681830533e-05,0.013332296001863142,0.0002638755329646481,0.09605069399913191,0.4948835580000832,0.0,0.0,0.0010042490000614634,0.0,5.410181319683154e-05,0.01969306000364668,0.49387930900002175,,0.10465780699996685,0.057983428999932585,0.49724762000005285,0.029450642000028893,1.1187087490000067,0.0,1.1766921779999393,1.2813499849999062,1e-06,,v7_btab_boxeig
35721,expanded_box,topk,8192,,8192,0,"[51, 51]","[103, 103]",10609,topk,8192,,8192,80000,10609,cheap,30,0.01,,cupy,8.26239992538848e-15,1.80035110412967e-15,640,290,290,,290,128,10609,25112,21729280,1968.1178244832265,19681.178244832263,0.001,boxeig,20000,group_a,50,diag,0.001,50,auto,boxeig,770,771,9.42021457421226e-07,0,,,2,USGS_LPC_IL_Winnebago_2018_ground_elevation_regression_ntrain3000000,False,NVIDIA L4,cheap,128,0,128,128,0,0,2,35721,,,,,,,8.26239992538848e-15,1.80035110412967e-15,,,,,1e-05,boxeig,2999999.9999965867,True,,nan,0,0,,nan,0,0,0,0,False,770.0,matern,0.1,1.5,1.0,,672400,100000,btab_boxeig_topk_8192_q128,189,771,770,750000,3000000,cufinufft,binned_c1,50,770,9.42021457421226e-07,pcg,converged,770,,True,0.1,0,5.520105239467475,0.031097678893523422,0.03065475902762452,0,0.1,boxeig,ok,,0.0006398003644628541,0.4932860810008606,0.0004244613272727269,0.3268352219999997,20444.515608351692,25112,,19681.178244832263,0.002272580000180824,4.579944934684809e-05,0.03526557599707303,3.681741038158711e-05,0.028349405993822074,0.0002497125519456941,0.19227866499818447,0.2504130140000598,0.0,0.0,0.0010859159999654366,0.0,5.3638474029170324e-05,0.04130162500246115,0.24932709800009434,,0.05314319399985834,0.057679270999869914,0.25318445699986114,0.029545368000071903,1.5410016870000618,0.0,1.5986809579999317,1.65182415199979,1e-06,,v7_btab_boxeig
35721,expanded_box,topk,8192,,8192,0,"[51, 51]","[103, 103]",10609,topk,8192,,8192,80000,10609,cheap,30,0.01,,cupy,3.622702029419618e-14,2.660779655677293e-15,960,418,418,,418,192,10609,25112,32593920,816.0590567221965,8160.590567221964,0.001,boxeig,20000,group_a,50,diag,0.001,50,auto,boxeig,505,506,9.390506280183804e-07,0,,,2,USGS_LPC_IL_Winnebago_2018_ground_elevation_regression_ntrain3000000,False,NVIDIA L4,cheap,192,0,192,192,0,0,2,35721,,,,,,,3.622702029419618e-14,2.660779655677293e-15,,,,,1e-05,boxeig,2999999.9999965867,True,,nan,0,0,,nan,0,0,0,0,False,505.0,matern,0.1,1.5,1.0,,672400,100000,btab_boxeig_topk_8192_q192,189,506,505,750000,3000000,cufinufft,binned_c1,50,505,9.390506280183804e-07,pcg,converged,505,,True,0.1,0,5.520105239467475,0.031097565708969942,0.030654641230637453,0,0.1,boxeig,ok,,0.0006483013952523827,0.3280405059977056,0.0006134888079185036,0.3098118479988443,20444.515608351692,25112,,8160.590567221964,0.002294301000119958,4.422543761888441e-05,0.022333845997536628,3.887908910565775e-05,0.019633939998357164,0.00043695960792383,0.22066460200153415,0.3820537459998832,0.0,0.0,0.0010725529998580896,0.0,5.433862178245246e-05,0.02744100400013849,0.3809811930000251,,0.07945097900005749,0.05834195600004932,0.3850291720000314,0.02947288500013201,1.3357486289999088,0.0,1.394090584999958,1.4735415640000156,1e-06,,v7_btab_boxeig
35721,expanded_box,topk,8192,,8192,0,"[51, 51]","[103, 103]",10609,topk,8192,,8192,80000,10609,cheap,30,0.01,,cupy,8.730524794257728e-14,4.517998425111107e-15,1280,546,546,,546,256,10609,25112,43458560,419.6231307150385,4196.231307150385,0.001,boxeig,20000,group_a,50,diag,0.001,50,auto,boxeig,367,368,9.965608108492198e-07,0,,,2,USGS_LPC_IL_Winnebago_2018_ground_elevation_regression_ntrain3000000,False,NVIDIA L4,cheap,256,0,256,256,0,0,2,35721,,,,,,,8.730524794257728e-14,4.517998425111107e-15,,,,,1e-05,boxeig,2999999.9999965867,True,,nan,0,0,,nan,0,0,0,0,False,367.0,matern,0.1,1.5,1.0,,672400,100000,btab_boxeig_topk_8192_q256,189,368,367,750000,3000000,cufinufft,binned_c1,50,367,9.965608108492198e-07,pcg,converged,367,,True,0.1,0,5.520105239467475,0.031097514638657533,0.030654578059430296,0,0.1,boxeig,ok,,0.0006504324402193927,0.2393591380007365,0.0007150348010946981,0.2624177720017542,20444.515608351692,25112,,4196.231307150385,0.002292574999955832,4.4143455045193896e-05,0.01620064800158616,3.9591228883169946e-05,0.014529981000123371,0.0005378015940105705,0.1973731850018794,0.5256035240001893,0.0,0.0,0.0010697090001485776,0.0,5.420542779500698e-05,0.019893392000767562,0.5245338150000407,,0.10536014400008753,0.0576121819999571,0.5287306980001176,0.029489382000065234,1.2580753960000948,0.0,1.3156875780000519,1.4210477220001394,1e-06,,v7_btab_boxeig
35721,expanded_box,topk,16384,,16384,0,"[72, 72]","[145, 145]",21025,topk,16384,,16384,80000,21025,cheap,30,0.01,,cupy,9.07588761996775e-15,1.5756076169862327e-15,640,290,290,,290,128,21025,14696,43061248,1968.1500600754077,19681.500600754076,0.001,boxeig,20000,group_a,50,diag,0.001,50,auto,boxeig,703,704,9.446047454219198e-07,0,,,2,USGS_LPC_IL_Winnebago_2018_ground_elevation_regression_ntrain3000000,False,NVIDIA L4,cheap,128,0,128,128,0,0,2,35721,,,,,,,9.07588761996775e-15,1.5756076169862327e-15,,,,,1e-05,boxeig,2999999.9999965867,True,,nan,0,0,,nan,0,0,0,0,False,703.0,matern,0.1,1.5,1.0,,1336336,100000,btab_boxeig_topk_16384_q128,189,704,703,750000,3000000,cufinufft,binned_c1,50,703,9.446047454219198e-07,pcg,converged,703,,True,0.1,0,1.0254141773707546,0.031097371963392607,0.03065411232495586,0,0.1,boxeig,ok,,0.0006440498835221898,0.45341111799962164,0.0007059725391218761,0.49629869500267887,4825.693284405681,14696,,19681.500600754076,0.0030974979999882635,4.391826743113089e-05,0.030874542004085015,3.965050640122036e-05,0.027874306000057913,0.000529479988616878,0.3722244319976653,0.2834171780000361,0.0,0.0,0.001093044000072041,0.0,5.3577014224092985e-05,0.03766464099953737,0.28232413399996403,,0.05356899599996723,0.057815137000034156,0.28731396400007725,0.029525390999879164,1.6704952200000207,0.0,1.7283103570000549,1.781879353000022,1e-06,,v7_btab_boxeig
35721,expanded_box,topk,16384,,16384,0,"[72, 72]","[145, 145]",21025,topk,16384,,16384,80000,21025,cheap,30,0.01,,cupy,1.7709475679792123e-14,3.637107980422838e-15,960,418,418,,418,192,21025,14696,64591872,816.1012992696187,8161.012992696187,0.001,boxeig,20000,group_a,50,diag,0.001,50,auto,boxeig,454,455,9.103448958380063e-07,0,,,2,USGS_LPC_IL_Winnebago_2018_ground_elevation_regression_ntrain3000000,False,NVIDIA L4,cheap,192,0,192,192,0,0,2,35721,,,,,,,1.7709475679792123e-14,3.637107980422838e-15,,,,,1e-05,boxeig,2999999.9999965867,True,,nan,0,0,,nan,0,0,0,0,False,454.0,matern,0.1,1.5,1.0,,1336336,100000,btab_boxeig_topk_16384_q192,189,455,454,750000,3000000,cufinufft,binned_c1,50,454,9.103448958380063e-07,pcg,converged,454,,True,0.1,0,1.0254141773707546,0.031097340228229024,0.030654093091718324,0,0.1,boxeig,ok,,0.0006592609098908604,0.2999637140003415,0.0009134596607960334,0.41471068600139915,4825.693284405681,14696,,8161.012992696187,0.003090740000061487,4.6317707051157054e-05,0.021028239001225302,4.138405506336861e-05,0.01878836099876935,0.0007321197422879176,0.3323823629987146,0.936027901999978,0.0,0.0,0.0010814449999543285,0.0,5.380594274154221e-05,0.024427898004660165,0.9349464570000237,,0.0801602209999146,0.05785156599995389,0.9432944939999288,0.029558562000147504,1.9452849689998857,0.0,2.0031365349998396,2.083296755999754,1e-06,,v7_btab_boxeig
35721,expanded_box,topk,16384,,16384,0,"[72, 72]","[145, 145]",21025,topk,16384,,16384,80000,21025,cheap,30,0.01,,cupy,7.848530257925461e-14,4.268766835799552e-15,1280,546,546,,546,256,21025,14696,86122496,419.6517374843303,4196.517374843303,0.001,boxeig,20000,group_a,50,diag,0.001,50,auto,boxeig,329,330,9.680614594343076e-07,0,,,2,USGS_LPC_IL_Winnebago_2018_ground_elevation_regression_ntrain3000000,False,NVIDIA L4,cheap,256,0,256,256,0,0,2,35721,,,,,,,7.848530257925461e-14,4.268766835799552e-15,,,,,1e-05,boxeig,2999999.9999965867,True,,nan,0,0,,nan,0,0,0,0,False,329.0,matern,0.1,1.5,1.0,,1336336,100000,btab_boxeig_topk_16384_q256,189,330,329,750000,3000000,cufinufft,binned_c1,50,329,9.680614594343076e-07,pcg,converged,329,,True,0.1,0,1.0254141773707546,0.031097319488104392,0.030654102304783003,0,0.1,boxeig,ok,,0.0006406056909106679,0.2113998780005204,0.0010687075167165208,0.35160477299973536,4825.693284405681,14696,,4196.517374843303,0.003051573999982793,4.326241945000496e-05,0.014233335999051633,4.144988753209887e-05,0.013637012998060527,0.0008915813130637876,0.2933302519979861,0.7767195920000631,0.0,0.0,0.00111325000011675,0.0,5.3382389049114435e-05,0.017562805997158648,0.7756063419999464,,0.10396853899987946,0.05795598000008795,0.7809836220001216,0.02928864699993028,1.5438673149999431,0.0,1.601823295000031,1.7057918339999105,1e-06,,v7_btab_boxeig
1225,,,,,,,,,,,,,,,,,,,,,,,,,,,,,,,,,,,,,group_a,,,,,,,1260,1261,9.593294056521378e-07,,,,2,USGS_LPC_IL_Winnebago_2018_ground_elevation_regression_ntrain1000000,False,NVIDIA L4,,,,,,,,2,1225,,,,,,,,,0,0,,,1e-05,,,True,,,,,,,,,,,False,1260.0,SE,0.1,1.5,1.0,,,100000,plain_cg,35,1261,,250000,1000000,cufinufft,cufinufft,,,,,,,,True,0.1,0,,0.1495683959868811,0.14894061126688016,0,,,ok,,0.0006044786415527239,0.7622475669979849,,,,,,,,,,,,,,,,,,,,,,,,0.03230986799985658,,0.012758163999933458,1.2908392910001112,,1.3231497120000313,,1e-06,,v1
1225,,,,,,,,,,,,,,,,,,,,,,,,,,,,,,,,,,,,,group_a,,,,,,,173,174,8.09956850027741e-07,,,nan,2,USGS_LPC_IL_Winnebago_2018_ground_elevation_regression_ntrain1000000,False,NVIDIA L4,,,,,,,,2,1225,98,3,nan,,120.00773638829327,0.0007149772224771408,,,5,482,0.0005587685929294444,0.2693264617919922,1e-05,,,True,[],,,,,,,,,,False,173.0,SE,0.1,1.5,1.0,nan,,100000,eigenpro_pcg_q90,35,174,173,250000,1000000,cufinufft,binned_c1,,,,,,,full_eigenpro,True,0.1,0,,0.14951370074748585,0.14888454420831856,0,,,ok,,0.0006229634022994868,0.10839563200011071,0.00015711200578121242,0.027180377000149747,,,[],,,,,,,,,,,,,,,,,0.29177432000005865,,0.018309192000060648,0.00029446300004565273,0.012461220000204776,0.2405981529998371,,0.5509761280000021,,1e-06,90,v3
1225,,,,,,,,,,,,,,,,,,,,,,,,,,,,,,,,,,,,,group_a,,,,,,,25,26,6.481747248109713e-07,,,nan,2,USGS_LPC_IL_Winnebago_2018_ground_elevation_regression_ntrain1000000,False,NVIDIA L4,,,,,,,,2,1225,188,3,nan,,1.961671653080737,1.1686768600649446e-05,,,5,932,0.0005592050757019304,0.5211791305541992,1e-05,,,True,[],,,,,,,,,,False,25.0,SE,0.1,1.5,1.0,nan,,100000,eigenpro_pcg_q180,35,26,25,250000,1000000,cufinufft,binned_c1,,,,,,,full_eigenpro,True,0.1,0,,0.1495140194419651,0.14888462175138822,0,,,ok,,0.0006214852307336444,0.016158615999074755,0.0001517499600049632,0.0037937490001240803,,,[],,,,,,,,,,,,,,,,,0.5614457589999802,,0.01809741500005657,0.0003025189998879796,0.012649084000031507,0.03541214400001991,,0.6152578369999446,,1e-06,180,v3
1225,expanded_box,topk,512,,512,0,"[12, 12]","[25, 25]",625,topk,512,,512,80000,625,cheap,30,0.01,,,,,,,,,,,,,,,,,inverse,20000,group_a,50,diag,0.001,50,auto,auto,15,16,8.825624794938919e-07,0,,,2,USGS_LPC_IL_Winnebago_2018_ground_elevation_regression_ntrain1000000,False,NVIDIA L4,cheap,0,0,0,0,0,0,2,1225,,,,,,,,,,,,,1e-05,inverse,999999.9999979654,True,,nan,0,50,diag,0.001,0,0,0,6250000,False,15.0,SE,0.1,1.5,1.0,,0,100000,btab_auto_topk_512,35,16,15,250000,1000000,cufinufft,binned_c1,50,15,8.825624794938919e-07,pcg,converged,15,,True,0.1,0,0.8293138065601489,0.14951330420029213,0.14888427429253534,0,0.1,exact,ok,,0.0006247141249673405,0.009995425999477447,0.00027211140004510523,0.004081671000676579,24.837653492246226,600,,,0.0005102789998545632,4.125179995450405e-05,0.0006187769993175607,3.8308933305112684e-05,0.0005746339995766903,9.804759997678048e-05,0.0014707139996517071,0.023927945000195905,0.008905894999998054,0.008605857000020478,0.0,0.006170722999968348,5.6168799983424836e-05,0.0008425319997513725,,,8.476699986204039e-05,0.018475251000154458,0.025307329000042955,0.012205197999946904,0.04859947899990402,0.0002454700002090249,0.06707473000005848,0.06715949699992052,1e-06,,v6_btab
1225,expanded_box,topk,1024,,1024,0,"[17, 17]","[35, 35]",1225,topk,1024,,1024,80000,1225,cheap,30,0.01,,,,,,,,,,,,,,,,,inverse,20000,group_a,50,diag,0.001,50,auto,auto,12,13,5.570369504749117e-07,0,,,2,USGS_LPC_IL_Winnebago_2018_ground_elevation_regression_ntrain1000000,False,NVIDIA L4,cheap,0,0,0,0,0,0,2,1225,,,,,,,,,,,,,1e-05,inverse,999999.9999979654,True,,nan,0,50,diag,0.001,0,0,0,24010000,False,12.0,SE,0.1,1.5,1.0,,0,100000,btab_auto_topk_1024,35,13,12,250000,1000000,cufinufft,binned_c1,50,12,5.570369504749117e-07,pcg,converged,12,,True,0.1,0,0.0,0.14951328231415575,0.14888425840573882,0,0.1,exact,ok,,0.0006539194615435498,0.008500953000066147,0.00025713675000815783,0.003085641000097894,0.0,0,,,0.0005689289998827007,1.5989250054341635e-05,0.0001918710006520996,3.3198916639776144e-05,0.0003983869996773137,0.000118360416630973,0.001420324999571676,0.11045250600000145,0.03758450400005131,0.05312842500006809,0.0,0.018203700999947614,5.230350001284023e-05,0.0006276420001540828,,,2.9707000066991895e-05,0.01825470500011761,0.11185147199989842,0.012382473000116079,0.13129268599982424,0.001535875999934433,0.14954739099994185,0.14957709800000885,1e-06,,v6_btab
1225,expanded_box,topk,1225,,2048,0,"[17, 17]","[35, 35]",1225,topk,1225,,2048,80000,1225,cheap,30,0.01,,,,,,,,,,,,,,,,,inverse,20000,group_a,50,diag,0.001,50,auto,auto,12,13,5.570369504994965e-07,0,,,2,USGS_LPC_IL_Winnebago_2018_ground_elevation_regression_ntrain1000000,False,NVIDIA L4,cheap,0,0,0,0,0,0,2,1225,,,,,,,,,,,,,1e-05,inverse,999999.9999979654,True,,nan,0,50,diag,0.001,0,0,0,24010000,False,12.0,SE,0.1,1.5,1.0,,0,100000,btab_auto_topk_2048,35,13,12,250000,1000000,cufinufft,binned_c1,50,12,5.570369504994965e-07,pcg,converged,12,,True,0.1,0,0.0,0.14951328231415623,0.14888425840573938,0,0.1,exact,ok,,0.0006491853077057805,0.008439409000175147,0.0002576885833415569,0.003092263000098683,0.0,0,,,0.0005797090000214666,1.5879916664592503e-05,0.00019055899997511005,3.1111333328226465e-05,0.0003733359999387176,0.00012012116661708205,0.0014414539994049846,0.10783560699996997,0.03492221300007259,0.053167174000009254,0.0,0.018206723999810492,5.4064916658565686e-05,0.0006487789999027882,,,2.9870999924241914e-05,0.018645678999973825,0.10926940099989224,0.012594626000009157,0.12851413899988984,0.0015394960000776337,0.14715981799986366,0.1471896889997879,1e-06,,v6_btab
1225,expanded_box,topk,1225,,4096,0,"[17, 17]","[35, 35]",1225,topk,1225,,4096,80000,1225,cheap,30,0.01,,,,,,,,,,,,,,,,,inverse,20000,group_a,50,diag,0.001,50,auto,auto,12,13,5.570369504704592e-07,0,,,2,USGS_LPC_IL_Winnebago_2018_ground_elevation_regression_ntrain1000000,False,NVIDIA L4,cheap,0,0,0,0,0,0,2,1225,,,,,,,,,,,,,1e-05,inverse,999999.9999979654,True,,nan,0,50,diag,0.001,0,0,0,24010000,False,12.0,SE,0.1,1.5,1.0,,0,100000,btab_auto_topk_4096,35,13,12,250000,1000000,cufinufft,binned_c1,50,12,5.570369504704592e-07,pcg,converged,12,,True,0.1,0,0.0,0.1495132823141558,0.14888425840573902,0,0.1,exact,ok,,0.0006402566153575698,0.008323335999648407,0.00026076091671711765,0.003129131000605412,0.0,0,,,0.000525039000194738,1.571874997807754e-05,0.00018862499973693048,3.470483333482358e-05,0.000416458000017883,0.00011871333333601797,0.0014245600000322156,0.10730237899997519,0.03442558699998699,0.05312793000007332,0.0,0.018204569000090487,5.351466666070337e-05,0.0006421759999284404,,,2.7476000013848534e-05,0.018260653999959686,0.10867040299990549,0.012420427000051859,0.12770467099994676,0.0015442929998243926,0.14596532499990644,0.1459928009999203,1e-06,,v6_btab
1225,expanded_box,topk,1024,,1024,0,"[17, 17]","[35, 35]",1225,topk,1024,,1024,80000,1225,cheap,30,0.01,,cupy,6.73863356081063e-15,1.2002832405717378e-15,320,162,162,,162,64,1225,0,1255424,1511.3852630595989,15113.852630595988,0.001,boxeig,20000,group_a,50,diag,0.001,50,auto,boxeig,265,266,9.679078581672598e-07,0,,,2,USGS_LPC_IL_Winnebago_2018_ground_elevation_regression_ntrain1000000,False,NVIDIA L4,cheap,64,0,64,64,0,0,2,1225,,,,,,,6.73863356081063e-15,1.2002832405717378e-15,,,,,1e-05,boxeig,999999.9999979654,True,,nan,0,0,,nan,0,0,0,0,False,265.0,SE,0.1,1.5,1.0,,76176,100000,btab_boxeig_topk_1024_q64,35,266,265,250000,1000000,cufinufft,binned_c1,50,265,9.679078581672598e-07,pcg,converged,265,,True,0.1,0,0.0,0.14951381266133182,0.14888460685251573,0,0.1,boxeig,ok,,0.0006556622857182022,0.1744061680010418,0.0004194456679223944,0.11115310199943451,0.0,0,,15113.852630595988,0.0005682910000359698,1.7132905663256336e-05,0.004540220000762929,2.8598984902103284e-05,0.00757873099905737,0.0002692691396275205,0.07135632200129294,0.1252532749999773,0.0,0.0,0.0008327309999458521,0.0,6.654109810764532e-05,0.01763339099852601,0.12442054400003144,,0.02612012700001287,0.018525610000097004,0.12624582000012197,0.01252945200008071,0.5778215929999533,0.0,0.5963472030000503,0.6224673300000632,1e-06,,v7_btab_boxeig
1225,expanded_box,topk,1024,,1024,0,"[17, 17]","[35, 35]",1225,topk,1024,,1024,80000,1225,cheap,30,0.01,,cupy,1.857907507317817e-13,3.521614043476421e-15,640,290,290,,290,128,1225,0,2510848,64.62607511877216,646.2607511877216,0.001,boxeig,20000,group_a,50,diag,0.001,50,auto,boxeig,66,67,8.418962747186856e-07,0,,,2,USGS_LPC_IL_Winnebago_2018_ground_elevation_regression_ntrain1000000,False,NVIDIA L4,cheap,128,0,128,128,0,0,2,1225,,,,,,,1.857907507317817e-13,3.521614043476421e-15,,,,,1e-05,boxeig,999999.9999979654,True,,nan,0,0,,nan,0,0,0,0,False,66.0,SE,0.1,1.5,1.0,,76176,100000,btab_boxeig_topk_1024_q128,35,67,66,250000,1000000,cufinufft,binned_c1,50,66,8.418962747186856e-07,pcg,converged,66,,True,0.1,0,0.0,0.149514000672144,0.1488847019694678,0,0.1,boxeig,ok,,0.0007428338358125468,0.04976986699944064,0.0004293954242450237,0.028340098000171565,0.0,0,,646.2607511877216,0.0005395069999849511,1.9402181830187285e-05,0.0012805440007923607,3.0164984846950656e-05,0.0019908889998987434,0.0002741673181837927,0.018095043000130318,0.23657337400004508,0.0,0.0,0.0008712210001249332,0.0,6.216484849009055e-05,0.0041028800003459764,0.23570215299992014,,0.051238091999948665,0.01847557699989011,0.23754933300006087,0.01233872199986763,0.3624396320001324,0.0,0.3809152090000225,0.4321533009999712,1e-06,,v7_btab_boxeig
1225,expanded_box,topk,1225,,2048,0,"[17, 17]","[35, 35]",1225,topk,1225,,2048,80000,1225,cheap,30,0.01,,cupy,1.0875370109172929e-14,1.106702410785575e-15,320,162,162,,162,64,1225,0,1255424,1511.3852630595975,15113.852630595975,0.001,boxeig,20000,group_a,50,diag,0.001,50,auto,boxeig,273,274,8.604709992073215e-07,0,,,2,USGS_LPC_IL_Winnebago_2018_ground_elevation_regression_ntrain1000000,False,NVIDIA L4,cheap,64,0,64,64,0,0,2,1225,,,,,,,1.0875370109172929e-14,1.106702410785575e-15,,,,,1e-05,boxeig,999999.9999979654,True,,nan,0,0,,nan,0,0,0,0,False,273.0,SE,0.1,1.5,1.0,,76176,100000,btab_boxeig_topk_2048_q64,35,274,273,250000,1000000,cufinufft,binned_c1,50,273,8.604709992073215e-07,pcg,converged,273,,True,0.1,0,0.0,0.14951364896041647,0.14888451103141997,0,0.1,boxeig,ok,,0.0006540748321230486,0.1792165040017153,0.0003882887692275739,0.10600283399912769,0.0,0,,15113.852630595975,0.0005841750000854518,1.7047113548733084e-05,0.004653861998804132,2.7989985348220537e-05,0.007641266000064206,0.0002496202014565861,0.068146314997648,0.1257242369999858,0.0,0.0,0.0008763079999880574,0.0,5.5524527475500316e-05,0.015158196000811586,0.12484792899999775,,0.02581006500008698,0.018529853000018193,0.12674823099996502,0.012665539999943576,0.5828999010000189,0.0,0.6014297540000371,0.627239819000124,1e-06,,v7_btab_boxeig
1225,expanded_box,topk,1225,,2048,0,"[17, 17]","[35, 35]",1225,topk,1225,,2048,80000,1225,cheap,30,0.01,,cupy,1.0124633020633124e-13,3.563263361605521e-15,640,290,290,,290,128,1225,0,2510848,64.6260751187721,646.260751187721,0.001,boxeig,20000,group_a,50,diag,0.001,50,auto,boxeig,66,67,8.480332789889036e-07,0,,,2,USGS_LPC_IL_Winnebago_2018_ground_elevation_regression_ntrain1000000,False,NVIDIA L4,cheap,128,0,128,128,0,0,2,1225,,,,,,,1.0124633020633124e-13,3.563263361605521e-15,,,,,1e-05,boxeig,999999.9999979654,True,,nan,0,0,,nan,0,0,0,0,False,66.0,SE,0.1,1.5,1.0,,76176,100000,btab_boxeig_topk_2048_q128,35,67,66,250000,1000000,cufinufft,binned_c1,50,66,8.480332789889036e-07,pcg,converged,66,,True,0.1,0,0.0,0.14951399926594858,0.14888470178828905,0,0.1,boxeig,ok,,0.0007424184029923029,0.0497420330004843,0.00042490995452460606,0.028044056998624,0.0,0,,646.260751187721,0.0005611050000879914,1.9703106049333158e-05,0.0013004049992559885,3.0886030310394936e-05,0.002038478000486066,0.0002693351363776938,0.017776119000927793,0.23489408299997194,0.0,0.0,0.0009007119999751012,0.0,6.18186818049556e-05,0.00408003299912707,0.23399337099999684,,0.051221002999909615,0.01828397600002063,0.23589574099992205,0.012462329000072714,0.36056941999981973,0.0,0.37885339599984036,0.43007439899975,1e-06,,v7_btab_boxeig
1225,expanded_box,topk,1225,,2048,0,"[17, 17]","[35, 35]",1225,topk,1225,,2048,80000,1225,cheap,30,0.01,,cupy,8.986191294874312e-13,1.471565321318831e-14,960,418,418,,418,192,1225,0,3766272,3.4745330584758727,34.745330584758726,0.001,boxeig,20000,group_a,50,diag,0.001,50,auto,boxeig,16,17,8.593116833777815e-07,0,,,2,USGS_LPC_IL_Winnebago_2018_ground_elevation_regression_ntrain1000000,False,NVIDIA L4,cheap,192,0,192,192,0,0,2,1225,,,,,,,8.986191294874312e-13,1.471565321318831e-14,,,,,1e-05,boxeig,999999.9999979654,True,,nan,0,0,,nan,0,0,0,0,False,16.0,SE,0.1,1.5,1.0,,76176,100000,btab_boxeig_topk_2048_q192,35,17,16,250000,1000000,cufinufft,binned_c1,50,16,8.593116833777815e-07,pcg,converged,16,,True,0.1,0,0.0,0.14951467500418136,0.14888526120158838,0,0.1,boxeig,ok,,0.0007665424705946326,0.013031222000108755,0.00043011681250959555,0.006881869000153529,0.0,0,,34.745330584758726,0.0005297759998939,2.0987749991263627e-05,0.00033580399986021803,3.007131250853945e-05,0.0004811410001366312,0.00027309606245751183,0.004369536999320189,1.6284799539998858,0.0,0.0,0.0008496499999637308,0.0,6.099606251552814e-05,0.0009759370002484502,1.627630303999922,,0.09202238000011675,0.018725819000110278,1.629491795000149,0.013443598999856476,1.6614546870000595,0.0,1.6801805060001698,1.7722028860002865,1e-06,,v7_btab_boxeig
1225,expanded_box,topk,1225,,4096,0,"[17, 17]","[35, 35]",1225,topk,1225,,4096,80000,1225,cheap,30,0.01,,cupy,2.9033418941722445e-13,4.736643222917694e-15,640,290,290,,290,128,1225,0,2510848,64.62607511877206,646.2607511877206,0.001,boxeig,20000,group_a,50,diag,0.001,50,auto,boxeig,66,67,8.474280072765306e-07,0,,,2,USGS_LPC_IL_Winnebago_2018_ground_elevation_regression_ntrain1000000,False,NVIDIA L4,cheap,128,0,128,128,0,0,2,1225,,,,,,,2.9033418941722445e-13,4.736643222917694e-15,,,,,1e-05,boxeig,999999.9999979654,True,,nan,0,0,,nan,0,0,0,0,False,66.0,SE,0.1,1.5,1.0,,76176,100000,btab_boxeig_topk_4096_q128,35,67,66,250000,1000000,cufinufft,binned_c1,50,66,8.474280072765306e-07,pcg,converged,66,,True,0.1,0,0.0,0.14951399719501543,0.14888470151483882,0,0.1,boxeig,ok,,0.0007489485223903836,0.0501795510001557,0.00043284915151423667,0.02856804399993962,0.0,0,,646.2607511877206,0.0005542470000818867,1.9545772722791078e-05,0.0012900209997042111,3.0796590914922653e-05,0.0020325750003848952,0.00027601046970589363,0.01821669100058898,1.1106335890001446,0.0,0.0,0.000868847999981881,0.0,6.334156060375156e-05,0.004180542999847603,1.1097647410001628,,0.05192134000003534,0.01876186399999824,1.111642245999974,0.012549882000030266,1.2383162399999037,0.0,1.257078103999902,1.3089994439999373,1e-06,,v7_btab_boxeig
1225,expanded_box,topk,1225,,4096,0,"[17, 17]","[35, 35]",1225,topk,1225,,4096,80000,1225,cheap,30,0.01,,cupy,4.361829882862205e-12,1.586612916040612e-14,960,418,418,,418,192,1225,0,3766272,3.474533058475989,34.74533058475989,0.001,boxeig,20000,group_a,50,diag,0.001,50,auto,boxeig,16,17,8.593506046777393e-07,0,,,2,USGS_LPC_IL_Winnebago_2018_ground_elevation_regression_ntrain1000000,False,NVIDIA L4,cheap,192,0,192,192,0,0,2,1225,,,,,,,4.361829882862205e-12,1.586612916040612e-14,,,,,1e-05,boxeig,999999.9999979654,True,,nan,0,0,,nan,0,0,0,0,False,16.0,SE,0.1,1.5,1.0,,76176,100000,btab_boxeig_topk_4096_q192,35,17,16,250000,1000000,cufinufft,binned_c1,50,16,8.593506046777393e-07,pcg,converged,16,,True,0.1,0,0.0,0.1495146750336874,0.14888526119961729,0,0.1,boxeig,ok,,0.0007628711177055854,0.012968809000994952,0.00042936681249727826,0.006869868999956452,0.0,0,,34.74533058475989,0.0005575169998337515,1.914999998575695e-05,0.0003063999997721112,3.1029750033439996e-05,0.0004964760005350399,0.00027251987501131225,0.004360318000180996,0.36213356600001134,0.0,0.0,0.0008978690000276401,0.0,6.17646250020698e-05,0.000988234000033117,0.3612356969999837,,0.0885779249999814,0.0191717200000312,0.3631426270001157,0.013271822999968208,0.39490391999993335,0.0,0.41407563999996455,0.502653564999946,1e-06,,v7_btab_boxeig
1225,expanded_box,topk,1225,,4096,0,"[17, 17]","[35, 35]",1225,topk,1225,,4096,80000,1225,cheap,30,0.01,,cupy,2.7031770097483626e-11,4.5991185012949546e-14,1280,546,546,,546,256,1225,0,5021696,0.28283229957306427,2.8283229957306424,0.001,boxeig,20000,group_a,50,diag,0.001,50,auto,boxeig,4,5,9.607765070291314e-07,0,,,2,USGS_LPC_IL_Winnebago_2018_ground_elevation_regression_ntrain1000000,False,NVIDIA L4,cheap,256,0,256,256,0,0,2,1225,,,,,,,2.7031770097483626e-11,4.5991185012949546e-14,,,,,1e-05,boxeig,999999.9999979654,True,,nan,0,0,,nan,0,0,0,0,False,4.0,SE,0.1,1.5,1.0,,76176,100000,btab_boxeig_topk_4096_q256,35,5,4,250000,1000000,cufinufft,binned_c1,50,4,9.607765070291314e-07,pcg,converged,4,,True,0.1,0,0.0,0.14951210310125596,0.14888307904405446,0,0.1,boxeig,ok,,0.0008055835999584815,0.0040279179997924075,0.0004535200000646,0.0018140800002584,0.0,0,,2.8283229957306424,0.000532101999851875,1.912849995733268e-05,7.651399982933071e-05,3.0826999932287436e-05,0.00012330799972914974,0.00029348850000587845,0.0011739540000235138,0.5009959190001609,0.0,0.0,0.0008653290001348068,0.0,6.372474990712362e-05,0.0002548989996284945,0.5001305900000261,,0.11822368699995423,0.018358537000040087,0.5020106629999646,0.013335445999928197,0.5112550660001034,0.0,0.5296136030001435,0.6478372900000977,1e-06,,v7_btab_boxeig
1225,expanded_box,topk,1225,,8192,0,"[17, 17]","[35, 35]",1225,topk,1225,,8192,80000,1225,cheap,30,0.01,,cupy,1.1225746674933199e-13,3.208314716091896e-15,640,290,290,,290,128,1225,0,2510848,64.62607511877215,646.2607511877214,0.001,boxeig,20000,group_a,50,diag,0.001,50,auto,boxeig,66,67,8.695037196523499e-07,0,,,2,USGS_LPC_IL_Winnebago_2018_ground_elevation_regression_ntrain1000000,False,NVIDIA L4,cheap,128,0,128,128,0,0,2,1225,,,,,,,1.1225746674933199e-13,3.208314716091896e-15,,,,,1e-05,boxeig,999999.9999979654,True,,nan,0,0,,nan,0,0,0,0,False,66.0,SE,0.1,1.5,1.0,,76176,100000,btab_boxeig_topk_8192_q128,35,67,66,250000,1000000,cufinufft,binned_c1,50,66,8.695037196523499e-07,pcg,converged,66,,True,0.1,0,0.0,0.1495140003753007,0.1488847011834769,0,0.1,boxeig,ok,,0.000740823597004522,0.049635180999302975,0.00042124821212989144,0.027802382000572834,0.0,0,,646.2607511877214,0.0005883779999749095,1.9370227274714235e-05,0.0012784350001311395,3.0323075758463926e-05,0.002001323000058619,0.0002671574242530176,0.01763239000069916,0.23340425399987907,0.0,0.0,0.000865610999881028,0.0,6.147134848271725e-05,0.004057108999859338,0.23253864299999805,,0.050785059999952864,0.019028054000045813,0.23444777099985004,0.01254631500000869,0.3585355800000798,0.0,0.3775636340001256,0.42834869400007847,1e-06,,v7_btab_boxeig
1225,expanded_box,topk,1225,,8192,0,"[17, 17]","[35, 35]",1225,topk,1225,,8192,80000,1225,cheap,30,0.01,,cupy,3.915642112286022e-12,1.388828405316952e-14,960,418,418,,418,192,1225,0,3766272,3.4745330584758967,34.74533058475897,0.001,boxeig,20000,group_a,50,diag,0.001,50,auto,boxeig,16,17,8.592739025084556e-07,0,,,2,USGS_LPC_IL_Winnebago_2018_ground_elevation_regression_ntrain1000000,False,NVIDIA L4,cheap,192,0,192,192,0,0,2,1225,,,,,,,3.915642112286022e-12,1.388828405316952e-14,,,,,1e-05,boxeig,999999.9999979654,True,,nan,0,0,,nan,0,0,0,0,False,16.0,SE,0.1,1.5,1.0,,76176,100000,btab_boxeig_topk_8192_q192,35,17,16,250000,1000000,cufinufft,binned_c1,50,16,8.592739025084556e-07,pcg,converged,16,,True,0.1,0,0.0,0.1495146749926655,0.14888526120016,0,0.1,boxeig,ok,,0.0007673815882085097,0.013045486999544664,0.0004318399375193849,0.006909439000310158,0.0,0,,34.74533058475897,0.000565842000014527,1.984718744552083e-05,0.0003175549991283333,3.0483250014867735e-05,0.00048773200023788377,0.0002747146875208273,0.0043954350003332365,0.38701758600018366,0.0,0.0,0.000873764000061783,0.0,6.281150002962477e-05,0.0010049840004739963,0.3861438220001219,,0.08601394600009371,0.018416413999830183,0.3880399919999036,0.013436176000141131,0.4200935769999887,0.0,0.4385099909998189,0.5245239369999126,1e-06,,v7_btab_boxeig
1225,expanded_box,topk,1225,,8192,0,"[17, 17]","[35, 35]",1225,topk,1225,,8192,80000,1225,cheap,30,0.01,,cupy,1.910361017406691e-11,4.193933916652203e-14,1280,546,546,,546,256,1225,0,5021696,0.28283229957311024,2.828322995731102,0.001,boxeig,20000,group_a,50,diag,0.001,50,auto,boxeig,4,5,9.607806081887195e-07,0,,,2,USGS_LPC_IL_Winnebago_2018_ground_elevation_regression_ntrain1000000,False,NVIDIA L4,cheap,256,0,256,256,0,0,2,1225,,,,,,,1.910361017406691e-11,4.193933916652203e-14,,,,,1e-05,boxeig,999999.9999979654,True,,nan,0,0,,nan,0,0,0,0,False,4.0,SE,0.1,1.5,1.0,,76176,100000,btab_boxeig_topk_8192_q256,35,5,4,250000,1000000,cufinufft,binned_c1,50,4,9.607806081887195e-07,pcg,converged,4,,True,0.1,0,0.0,0.1495121031011694,0.1488830790440053,0,0.1,boxeig,ok,,0.0008255453999481688,0.004127726999740844,0.00046489825007256513,0.0018595930002902605,0.0,0,,2.828322995731102,0.0005751999999574764,1.9209999948088807e-05,7.683999979235523e-05,3.089899996666645e-05,0.0001235959998666658,0.00030458275000455615,0.0012183310000182246,0.46103128599997945,0.0,0.0,0.0009067900000445661,0.0,6.153700002187179e-05,0.00024614800008748716,0.4601244959999349,,0.1174412420000408,0.01862051199987036,0.4620638930000496,0.013388670999802343,0.471477767000124,0.0,0.49009827899999436,0.6075395210000352,1e-06,,v7_btab_boxeig
1225,expanded_box,topk,1225,,16384,0,"[17, 17]","[35, 35]",1225,topk,1225,,16384,80000,1225,cheap,30,0.01,,cupy,1.0362183878113098e-13,4.494709442077255e-15,640,290,290,,290,128,1225,0,2510848,64.62607511877219,646.2607511877219,0.001,boxeig,20000,group_a,50,diag,0.001,50,auto,boxeig,66,67,8.501979768254279e-07,0,,,2,USGS_LPC_IL_Winnebago_2018_ground_elevation_regression_ntrain1000000,False,NVIDIA L4,cheap,128,0,128,128,0,0,2,1225,,,,,,,1.0362183878113098e-13,4.494709442077255e-15,,,,,1e-05,boxeig,999999.9999979654,True,,nan,0,0,,nan,0,0,0,0,False,66.0,SE,0.1,1.5,1.0,,76176,100000,btab_boxeig_topk_16384_q128,35,67,66,250000,1000000,cufinufft,binned_c1,50,66,8.501979768254279e-07,pcg,converged,66,,True,0.1,0,0.0,0.14951400124123168,0.14888470187152553,0,0.1,boxeig,ok,,0.0007416726865602556,0.049692069999537125,0.0004236135454324209,0.02795849399853978,0.0,0,,646.2607511877219,0.0005411890001596475,1.9269030303803447e-05,0.0012717560000510275,3.1087530287825785e-05,0.002051776998996502,0.0002686735151517937,0.017732452000018384,0.23577553599989187,0.0,0.0,0.000879671999882703,0.0,6.107475755787604e-05,0.004030933998819819,0.23489586400000917,,0.05119297200008077,0.018482142000038948,0.2367604900000515,0.012898006999876088,0.3611960519999684,0.0,0.37967819400000735,0.4308711660000881,1e-06,,v7_btab_boxeig
1225,expanded_box,topk,1225,,16384,0,"[17, 17]","[35, 35]",1225,topk,1225,,16384,80000,1225,cheap,30,0.01,,cupy,9.057435515114442e-13,1.2652395954172119e-14,960,418,418,,418,192,1225,0,3766272,3.474533058475977,34.74533058475977,0.001,boxeig,20000,group_a,50,diag,0.001,50,auto,boxeig,16,17,8.59357811793115e-07,0,,,2,USGS_LPC_IL_Winnebago_2018_ground_elevation_regression_ntrain1000000,False,NVIDIA L4,cheap,192,0,192,192,0,0,2,1225,,,,,,,9.057435515114442e-13,1.2652395954172119e-14,,,,,1e-05,boxeig,999999.9999979654,True,,nan,0,0,,nan,0,0,0,0,False,16.0,SE,0.1,1.5,1.0,,76176,100000,btab_boxeig_topk_16384_q192,35,17,16,250000,1000000,cufinufft,binned_c1,50,16,8.59357811793115e-07,pcg,converged,16,,True,0.1,0,0.0,0.1495146750020076,0.14888526120568676,0,0.1,boxeig,ok,,0.0007680117058525331,0.013056198999493063,0.00043039112502185617,0.006886258000349699,0.0,0,,34.74533058475977,0.0005900740000015503,1.864918749561184e-05,0.00029838699992978945,3.035262501782654e-05,0.00048564200028522464,0.00027263956251033505,0.004362233000165361,0.35644497199996295,0.0,0.0,0.000869814999987284,0.0,6.27047499932587e-05,0.0010032759998921392,0.35557515699997566,,0.0889906920001522,0.01868520199991508,0.3574885179998546,0.013321056999984648,0.38942866899992623,0.0,0.4081138709998413,0.4971045629999935,1e-06,,v7_btab_boxeig
1225,expanded_box,topk,1225,,16384,0,"[17, 17]","[35, 35]",1225,topk,1225,,16384,80000,1225,cheap,30,0.01,,cupy,1.563005122189309e-11,4.675318773897877e-14,1280,546,546,,546,256,1225,0,5021696,0.28283229957310957,2.8283229957310954,0.001,boxeig,20000,group_a,50,diag,0.001,50,auto,boxeig,4,5,9.607796025719824e-07,0,,,2,USGS_LPC_IL_Winnebago_2018_ground_elevation_regression_ntrain1000000,False,NVIDIA L4,cheap,256,0,256,256,0,0,2,1225,,,,,,,1.563005122189309e-11,4.675318773897877e-14,,,,,1e-05,boxeig,999999.9999979654,True,,nan,0,0,,nan,0,0,0,0,False,4.0,SE,0.1,1.5,1.0,,76176,100000,btab_boxeig_topk_16384_q256,35,5,4,250000,1000000,cufinufft,binned_c1,50,4,9.607796025719824e-07,pcg,converged,4,,True,0.1,0,0.0,0.1495121031012117,0.14888307904400372,0,0.1,boxeig,ok,,0.0008032801999434014,0.004016400999717007,0.00045840724999379745,0.0018336289999751898,0.0,0,,2.8283229957310954,0.0005640219999349938,2.2588499973608123e-05,9.035399989443249e-05,3.0335250016833015e-05,0.00012134100006733206,0.00029964499998413885,0.0011985799999365554,0.46810565400005544,0.0,0.0,0.0008621530000709754,0.0,6.127774992137347e-05,0.0002451109996854939,0.46724350099998446,,0.11685431099999732,0.018488680000018576,0.4691095440000481,0.013236808000101519,0.4782777069999611,0.0,0.49676638699997966,0.613620697999977,1e-06,,v7_btab_boxeig
35721,,,,,,,,,,,,,,,,,,,,,,,,,,,,,,,,,,,,,group_a,,,,,,,1497,1498,9.631923020162488e-07,,,,2,USGS_LPC_IL_Winnebago_2018_ground_elevation_regression_ntrain1000000,False,NVIDIA L4,,,,,,,,2,35721,,,,,,,,,0,0,,,1e-05,,,True,,,,,,,,,,,False,1497.0,matern,0.1,1.5,1.0,,,100000,plain_cg,189,1498,,250000,1000000,cufinufft,cufinufft,,,,,,,,True,0.1,0,,0.03577881771129241,0.035171506811895764,0,,,ok,,0.000619873031372953,0.9285698009966836,,,,,,,,,,,,,,,,,,,,,,,,0.03391756000019086,,0.01269634599998426,1.5650549320000664,,1.5989730150001833,,1e-06,,v1
35721,,,,,,,,,,,,,,,,,,,,,,,,,,,,,,,,,,,,,group_a,,,,,,,368,369,9.82472080258119e-07,,,nan,2,USGS_LPC_IL_Winnebago_2018_ground_elevation_regression_ntrain1000000,False,NVIDIA L4,,,,,,,,2,35721,98,3,nan,,886.7841551140932,0.006088072831656682,,,5,482,0.00038801938765276517,0.1870253448486328,1e-05,,,True,[],,,,,,,,,,False,368.0,matern,0.1,1.5,1.0,nan,,100000,eigenpro_pcg_q90,189,369,368,250000,1000000,cufinufft,binned_c1,,,,,,,full_eigenpro,True,0.1,0,,0.03552708729470378,0.034915216081384294,0,,,ok,,0.0006389617046184611,0.23577686900421213,0.0005910903994452324,0.2175212669958455,,,[],,,,,,,,,,,,,,,,,0.47268215999997665,,0.029878921999852537,0.00031276200002139376,0.01249355499999183,0.6836303920001683,,1.1865042360000189,,1e-06,90,v3
35721,,,,,,,,,,,,,,,,,,,,,,,,,,,,,,,,,,,,,group_a,,,,,,,189,190,9.428163316424772e-07,,,nan,2,USGS_LPC_IL_Winnebago_2018_ground_elevation_regression_ntrain1000000,False,NVIDIA L4,,,,,,,,2,35721,188,3,nan,,325.14447549313786,0.0022295755889560937,,,5,932,0.0004899763508416041,0.456657958984375,1e-05,,,True,[],,,,,,,,,,False,189.0,matern,0.1,1.5,1.0,nan,,100000,eigenpro_pcg_q180,189,190,189,250000,1000000,cufinufft,binned_c1,,,,,,,full_eigenpro,True,0.1,0,,0.035527251122006866,0.03491533406904477,0,,,ok,,0.000651807015806059,0.1238433330031512,0.0010466920370375014,0.19782479500008776,,,[],,,,,,,,,,,,,,,,,1.0400264109998716,,0.02991328500002055,0.0003190570000697335,0.012449354999944262,0.44558508000000074,,1.5158438329999626,,1e-06,180,v3
35721,expanded_box,topk,512,,512,0,"[12, 12]","[25, 25]",625,topk,512,,512,80000,625,cheap,30,0.01,,,,,,,,,,,,,,,,,inverse,20000,group_a,50,diag,0.001,50,auto,auto,301,302,9.156266317472266e-07,0,,,2,USGS_LPC_IL_Winnebago_2018_ground_elevation_regression_ntrain1000000,False,NVIDIA L4,cheap,0,0,0,0,0,0,2,35721,,,,,,,,,,,,,1e-05,inverse,999999.9999994707,True,,nan,0,50,diag,0.001,0,0,0,6250000,False,301.0,matern,0.1,1.5,1.0,,0,100000,btab_auto_topk_512,189,302,301,250000,1000000,cufinufft,binned_c1,50,301,9.156266317472266e-07,pcg,converged,301,,True,0.1,0,1313.518777417592,0.035526688112979356,0.034914887315164254,0,0.1,exact,ok,,0.000636762913911858,0.1923024000013811,0.00027339878404872736,0.08229303399866694,462890.8004708774,35096,,,0.0015027210001790081,4.237514950286173e-05,0.01275492000036138,3.935111295426051e-05,0.011844684999232413,9.826066776739848e-05,0.029576460997986942,0.023876097000083973,0.008851569999933417,0.008607858999994278,0.0,0.00619534400016164,5.4008265775289006e-05,0.01625648799836199,,,0.0002702439999211492,0.02932261799992375,0.02631201899998814,0.012553490000072998,0.48165783300009934,0.00022132399999463814,0.5109804510000231,0.5112506949999442,1e-06,,v6_btab
35721,expanded_box,topk,1024,,1024,0,"[18, 18]","[37, 37]",1369,topk,1024,,1024,80000,1369,cheap,30,0.01,,,,,,,,,,,,,,,,,inverse,20000,group_a,50,diag,0.001,50,auto,auto,154,155,9.842877764090533e-07,0,,,2,USGS_LPC_IL_Winnebago_2018_ground_elevation_regression_ntrain1000000,False,NVIDIA L4,cheap,0,0,0,0,0,0,2,35721,,,,,,,,,,,,,1e-05,inverse,999999.9999994705,True,,nan,0,50,diag,0.001,0,0,0,29986576,False,154.0,matern,0.1,1.5,1.0,,0,100000,btab_auto_topk_1024,189,155,154,250000,1000000,cufinufft,binned_c1,50,154,9.842877764090533e-07,pcg,converged,154,,True,0.1,0,240.15196295342733,0.03552667153630868,0.03491486697695575,0,0.1,exact,ok,,0.0006454148967672917,0.10003930899893021,0.0003338377078089016,0.05141100700257084,159243.74207647605,34352,,,0.0015398439998079994,4.304077272199602e-05,0.006628278999187387,3.9943538958105853e-05,0.006151304999548302,0.0001569780129929396,0.024174614000912698,0.13384956400000192,0.046323595000103523,0.0648302929998863,0.0,0.020598288999963188,5.466231168493441e-05,0.0084179959994799,,,0.0002841890000127023,0.03003819399987151,0.13650918700000148,0.012605283000084455,0.38163478399997075,0.0020973870000489114,0.41167297799984226,0.41195716699985496,1e-06,,v6_btab
35721,expanded_box,topk,2048,,2048,0,"[25, 25]","[51, 51]",2601,topk,2048,,2048,80000,2601,cheap,30,0.01,,,,,,,,,,,,,,,,,inverse,20000,group_a,50,diag,0.001,50,auto,auto,90,91,8.786515186792339e-07,0,,,2,USGS_LPC_IL_Winnebago_2018_ground_elevation_regression_ntrain1000000,False,NVIDIA L4,cheap,0,0,0,0,0,0,2,35721,,,,,,,,,,,,,1e-05,inverse,999999.9999994707,True,,nan,0,50,diag,0.001,0,0,0,108243216,False,90.0,matern,0.1,1.5,1.0,,0,100000,btab_auto_topk_2048,189,91,90,250000,1000000,cufinufft,binned_c1,50,90,8.786515186792339e-07,pcg,converged,90,,True,0.1,0,54.5477451243749,0.03552662951784076,0.03491483190942838,0,0.1,exact,ok,,0.0006393594175738594,0.058181706999221205,0.0008329604666742953,0.07496644200068658,63021.1201277645,33120,,,0.0016338190000624309,4.30668000136494e-05,0.003876012001228446,4.437196666913223e-05,0.003993477000221901,0.0006517302333198435,0.05865572099878591,0.687636232000159,0.18888146800009054,0.3989535790001355,0.0,0.09111985399999867,5.373613333479928e-05,0.004836252000131935,,,0.00025540000001456065,0.030246744999885777,0.690354637000155,0.01287762699985251,0.8784731550001652,0.00868133099993429,0.908719900000051,0.9089753000000655,1e-06,,v6_btab
35721,expanded_box,topk,4096,,4096,0,"[36, 36]","[73, 73]",5329,topk,4096,,4096,80000,5329,cheap,30,0.01,,,,,,,,,,,,,,,,,inverse,20000,group_a,50,diag,0.001,50,auto,auto,46,47,8.886103557450127e-07,0,,,2,USGS_LPC_IL_Winnebago_2018_ground_elevation_regression_ntrain1000000,False,NVIDIA L4,cheap,0,0,0,0,0,0,2,35721,,,,,,,,,,,,,1e-05,inverse,999999.9999994707,True,,nan,0,50,diag,0.001,0,0,0,454371856,False,46.0,matern,0.1,1.5,1.0,,0,100000,btab_auto_topk_4096,189,47,46,250000,1000000,cufinufft,binned_c1,50,46,8.886103557450127e-07,pcg,converged,46,,True,0.1,0,9.838544680288265,0.03552663730568516,0.03491482445714325,0,0.1,exact,ok,,0.0006463884042495146,0.030380254999727185,0.0021697219130561753,0.09980720800058407,21241.399621101573,30392,,,0.0018649559999630583,4.3093413059187185e-05,0.0019822970007226104,4.587473913291077e-05,0.0021102380001138954,0.0019857681521868826,0.0913453350005966,4.66227911399983,0.7858628989999943,3.245178732999875,0.0,0.5948116530000789,5.356308696244251e-05,0.0024639020002723555,,,0.0002564650001204427,0.02986536999992495,4.665255293999962,0.012405431000161116,4.823996313999942,0.03642582899988156,4.853861683999867,4.854118148999987,1e-06,,v6_btab
35721,expanded_box,topk,1024,,1024,0,"[18, 18]","[37, 37]",1369,topk,1024,,1024,80000,1369,cheap,30,0.01,,cupy,4.338859686593613e-15,1.0096843988261044e-15,320,162,162,,162,64,1369,34352,1402880,2562.491576210088,25624.91576210088,0.001,boxeig,20000,group_a,50,diag,0.001,50,auto,boxeig,814,815,9.958649574724941e-07,0,,,2,USGS_LPC_IL_Winnebago_2018_ground_elevation_regression_ntrain1000000,False,NVIDIA L4,cheap,64,0,64,64,0,0,2,35721,,,,,,,4.338859686593613e-15,1.0096843988261044e-15,,,,,1e-05,boxeig,999999.9999994707,True,,nan,0,0,,nan,0,0,0,0,False,814.0,matern,0.1,1.5,1.0,,85264,100000,btab_boxeig_topk_1024_q64,189,815,814,250000,1000000,cufinufft,binned_c1,50,814,9.958649574724941e-07,pcg,converged,814,,True,0.1,0,240.15196295342736,0.03552696518686222,0.03491519177261784,0,0.1,boxeig,ok,,0.0006398984662554221,0.5215172499981691,0.00041548037592442253,0.3382010260024799,159243.74207647605,34352,,25624.91576210088,0.0015757460000713763,4.414370025095226e-05,0.03593297200427514,3.6073706388229206e-05,0.02936399700001857,0.00024325904422330182,0.1980128619977677,0.12605901100005212,0.0,0.0,0.0010002579999763839,0.0,5.386976289331159e-05,0.04384998699515563,0.12505875300007574,,0.02583821899997929,0.029746180000074673,0.1280618879998201,0.012574404000133654,1.4822934199999054,0.0,1.51203959999998,1.5378778189999593,1e-06,,v7_btab_boxeig
35721,expanded_box,topk,1024,,1024,0,"[18, 18]","[37, 37]",1369,topk,1024,,1024,80000,1369,cheap,30,0.01,,cupy,1.09279107572845e-14,1.6206610784313244e-15,640,290,290,,290,128,1369,34352,2805760,654.8670269578813,6548.670269578813,0.001,boxeig,20000,group_a,50,diag,0.001,50,auto,boxeig,443,444,9.116373436145482e-07,0,,,2,USGS_LPC_IL_Winnebago_2018_ground_elevation_regression_ntrain1000000,False,NVIDIA L4,cheap,128,0,128,128,0,0,2,35721,,,,,,,1.09279107572845e-14,1.6206610784313244e-15,,,,,1e-05,boxeig,999999.9999994705,True,,nan,0,0,,nan,0,0,0,0,False,443.0,matern,0.1,1.5,1.0,,85264,100000,btab_boxeig_topk_1024_q128,189,444,443,250000,1000000,cufinufft,binned_c1,50,443,9.116373436145482e-07,pcg,converged,443,,True,0.1,0,240.15196295342733,0.03552684872176133,0.03491508763790345,0,0.1,boxeig,ok,,0.0006520564369410593,0.28951305800183036,0.0004078949458175628,0.18069746099718031,159243.74207647605,34352,,6548.670269578813,0.001534463999860236,4.3851930016648664e-05,0.019426404997375357,3.6145343113688544e-05,0.016012386999364026,0.00023462289615663783,0.10393794299739056,0.23503032000007806,0.0,0.0,0.0009986050001771218,0.0,5.463169976993612e-05,0.024201842998081702,0.23403171499990094,,0.05043493599987414,0.03041424000002735,0.23701306600014505,0.012461803999940457,0.9787323560001369,0.0,1.0091465960001642,1.0595815320000384,1e-06,,v7_btab_boxeig
35721,expanded_box,topk,2048,,2048,0,"[25, 25]","[51, 51]",2601,topk,2048,,2048,80000,2601,cheap,30,0.01,,cupy,4.267848353134307e-15,9.945971425735737e-16,320,162,162,,162,64,2601,33120,2664448,2567.477850254029,25674.778502540288,0.001,boxeig,20000,group_a,50,diag,0.001,50,auto,boxeig,864,865,9.725175332185635e-07,0,,,2,USGS_LPC_IL_Winnebago_2018_ground_elevation_regression_ntrain1000000,False,NVIDIA L4,cheap,64,0,64,64,0,0,2,35721,,,,,,,4.267848353134307e-15,9.945971425735737e-16,,,,,1e-05,boxeig,999999.9999994707,True,,nan,0,0,,nan,0,0,0,0,False,864.0,matern,0.1,1.5,1.0,,163216,100000,btab_boxeig_topk_2048_q64,189,865,864,250000,1000000,cufinufft,binned_c1,50,864,9.725175332185635e-07,pcg,converged,864,,True,0.1,0,54.5477451243749,0.0355270091552032,0.034915044519235404,0,0.1,boxeig,ok,,0.0006411652462431732,0.5546079380003448,0.0004166786041645204,0.36001031399814565,63021.1201277645,33120,,25674.778502540288,0.0016602610000973073,4.5295027785254274e-05,0.03913490400645969,3.628038194136707e-05,0.03134624999734115,0.00024320146528032815,0.21012606600220352,0.12573038599998654,0.0,0.0,0.000985147999926994,0.0,5.369987384408727e-05,0.0463966910012914,0.12474523800005954,,0.026012360999857265,0.029913693000025887,0.12781855699995504,0.012485315000049013,1.5633469360000163,0.0,1.5932606290000422,1.6192729899998994,1e-06,,v7_btab_boxeig
35721,expanded_box,topk,2048,,2048,0,"[25, 25]","[51, 51]",2601,topk,2048,,2048,80000,2601,cheap,30,0.01,,cupy,7.913467037253836e-15,1.5500108959560345e-15,640,290,290,,290,128,2601,33120,5328896,657.394452024365,6573.94452024365,0.001,boxeig,20000,group_a,50,diag,0.001,50,auto,boxeig,455,456,9.64900608107589e-07,0,,,2,USGS_LPC_IL_Winnebago_2018_ground_elevation_regression_ntrain1000000,False,NVIDIA L4,cheap,128,0,128,128,0,0,2,35721,,,,,,,7.913467037253836e-15,1.5500108959560345e-15,,,,,1e-05,boxeig,999999.9999994707,True,,nan,0,0,,nan,0,0,0,0,False,455.0,matern,0.1,1.5,1.0,,163216,100000,btab_boxeig_topk_2048_q128,189,456,455,250000,1000000,cufinufft,binned_c1,50,455,9.64900608107589e-07,pcg,converged,455,,True,0.1,0,54.5477451243749,0.035526730346798464,0.034914918971048224,0,0.1,boxeig,ok,,0.000645468315789749,0.29433355200012556,0.00043932861099465,0.19989451800256575,63021.1201277645,33120,,6573.94452024365,0.0016734419998556405,4.778701978106615e-05,0.0217430940003851,3.7146920880291916e-05,0.01690184900053282,0.0002624013604417996,0.11939261900101883,1.2525538310001139,0.0,0.0,0.0010257860001274821,0.0,5.395939339985409e-05,0.02455152399693361,1.2515280449999864,,0.04976010700011102,0.031616842999937944,1.2547264429999814,0.012482777000059286,2.024434250000013,0.0,2.056051092999951,2.105811200000062,1e-06,,v7_btab_boxeig
35721,expanded_box,topk,2048,,2048,0,"[25, 25]","[51, 51]",2601,topk,2048,,2048,80000,2601,cheap,30,0.01,,cupy,1.475535451108239e-14,2.6453321212175886e-15,960,418,418,,418,192,2601,33120,7993344,270.63055219675044,2706.3055219675043,0.001,boxeig,20000,group_a,50,diag,0.001,50,auto,boxeig,310,311,9.21349688687225e-07,0,,,2,USGS_LPC_IL_Winnebago_2018_ground_elevation_regression_ntrain1000000,False,NVIDIA L4,cheap,192,0,192,192,0,0,2,35721,,,,,,,1.475535451108239e-14,2.6453321212175886e-15,,,,,1e-05,boxeig,999999.9999994707,True,,nan,0,0,,nan,0,0,0,0,False,310.0,matern,0.1,1.5,1.0,,163216,100000,btab_boxeig_topk_2048_q192,189,311,310,250000,1000000,cufinufft,binned_c1,50,310,9.21349688687225e-07,pcg,converged,310,,True,0.1,0,54.5477451243749,0.03552671585356691,0.03491486091538306,0,0.1,boxeig,ok,,0.0006693219774881768,0.208159134998823,0.0004394203999951177,0.1362203239984865,63021.1201277645,33120,,2706.3055219675043,0.0016477149999900575,4.520601935602768e-05,0.01401386600036858,3.6368738702666665e-05,0.011274308997826665,0.000263085312902941,0.08155644699991171,0.3827556609999192,0.0,0.0,0.0009837439999955677,0.0,5.557039354067867e-05,0.017226821997610386,0.38177191699992363,,0.0753240530000312,0.030274705000010727,0.38494705700009035,0.012375173999998879,0.9219118260000414,0.0,0.9521865310000521,1.0275105840000833,1e-06,,v7_btab_boxeig
35721,expanded_box,topk,4096,,4096,0,"[36, 36]","[73, 73]",5329,topk,4096,,4096,80000,5329,cheap,30,0.01,,cupy,9.022379147855415e-15,1.834693618980135e-15,640,290,290,,290,128,5329,30392,10915840,657.5664981475211,6575.664981475211,0.001,boxeig,20000,group_a,50,diag,0.001,50,auto,boxeig,495,496,9.868512212323435e-07,0,,,2,USGS_LPC_IL_Winnebago_2018_ground_elevation_regression_ntrain1000000,False,NVIDIA L4,cheap,128,0,128,128,0,0,2,35721,,,,,,,9.022379147855415e-15,1.834693618980135e-15,,,,,1e-05,boxeig,999999.9999994707,True,,nan,0,0,,nan,0,0,0,0,False,495.0,matern,0.1,1.5,1.0,,336400,100000,btab_boxeig_topk_4096_q128,189,496,495,250000,1000000,cufinufft,binned_c1,50,495,9.868512212323435e-07,pcg,converged,495,,True,0.1,0,9.838544680288265,0.03552664839271155,0.034914856347894915,0,0.1,boxeig,ok,,0.0006460038225883996,0.3204178960038462,0.0004343695393910104,0.21501292199855015,21241.399621101573,30392,,6575.664981475211,0.001897037000162527,4.391287272225938e-05,0.021736871997518392,3.6385460605449017e-05,0.018010802999697262,0.0002586373939381031,0.12802550999936102,0.24594049400002405,0.0,0.0,0.0010539959998823178,0.0,5.706367676591779e-05,0.028246519999129305,0.24488649800014173,,0.05266758800007665,0.029876075999936802,0.24828458900014994,0.01243373900001643,1.087625054,0.0,1.117501129999937,1.1701687180000135,1e-06,,v7_btab_boxeig
35721,expanded_box,topk,4096,,4096,0,"[36, 36]","[73, 73]",5329,topk,4096,,4096,80000,5329,cheap,30,0.01,,cupy,2.485555225736955e-14,3.391058841960666e-15,960,418,418,,418,192,5329,30392,16373760,271.69112926889346,2716.9112926889343,0.001,boxeig,20000,group_a,50,diag,0.001,50,auto,boxeig,315,316,9.946601667518634e-07,0,,,2,USGS_LPC_IL_Winnebago_2018_ground_elevation_regression_ntrain1000000,False,NVIDIA L4,cheap,192,0,192,192,0,0,2,35721,,,,,,,2.485555225736955e-14,3.391058841960666e-15,,,,,1e-05,boxeig,999999.9999994707,True,,nan,0,0,,nan,0,0,0,0,False,315.0,matern,0.1,1.5,1.0,,336400,100000,btab_boxeig_topk_4096_q192,189,316,315,250000,1000000,cufinufft,binned_c1,50,315,9.946601667518634e-07,pcg,converged,315,,True,0.1,0,9.838544680288265,0.035526603130806356,0.03491481530054916,0,0.1,boxeig,ok,,0.0006604609145539789,0.2087056489990573,0.00044173719365466646,0.13914721600121993,21241.399621101573,30392,,2716.9112926889343,0.001883029000055103,4.5442495236004884e-05,0.014314385999341539,3.771906349934325e-05,0.011881505002293125,0.0002646528761849209,0.08336565599825008,0.3712151370000356,0.0,0.0,0.000985905000106868,0.0,5.464571428409914e-05,0.01721339999949123,0.37022923199992874,,0.07912431099998685,0.02930935499989573,0.3735770160001266,0.012221227000054569,0.9168482150000727,0.0,0.9461575699999685,1.0252818809999553,1e-06,,v7_btab_boxeig
35721,expanded_box,topk,4096,,4096,0,"[36, 36]","[73, 73]",5329,topk,4096,,4096,80000,5329,cheap,30,0.01,,cupy,6.779663319058917e-14,4.5954444623579955e-15,1280,546,546,,546,256,5329,30392,21831680,139.9137357870161,1399.137357870161,0.001,boxeig,20000,group_a,50,diag,0.001,50,auto,boxeig,236,237,9.823896178422328e-07,0,,,2,USGS_LPC_IL_Winnebago_2018_ground_elevation_regression_ntrain1000000,False,NVIDIA L4,cheap,256,0,256,256,0,0,2,35721,,,,,,,6.779663319058917e-14,4.5954444623579955e-15,,,,,1e-05,boxeig,999999.9999994707,True,,nan,0,0,,nan,0,0,0,0,False,236.0,matern,0.1,1.5,1.0,,336400,100000,btab_boxeig_topk_4096_q256,189,237,236,250000,1000000,cufinufft,binned_c1,50,236,9.823896178422328e-07,pcg,converged,236,,True,0.1,0,9.838544680288265,0.035526677346631126,0.034914900072673345,0,0.1,boxeig,ok,,0.0006635018649794725,0.15724994200013498,0.0004437507118642331,0.10472516799995901,21241.399621101573,30392,,1399.137357870161,0.001837459999933344,4.5237822026762334e-05,0.01067612599831591,3.734561017470203e-05,0.008813564001229679,0.0002662031864489972,0.06282395200196333,0.4849297150001348,0.0,0.0,0.0009587710001142113,0.0,5.5243902536249613e-05,0.013037560998554909,0.4839709440000206,,0.1034202160001314,0.029837246999932177,0.487326449999955,0.012421371000073123,0.8966640539999844,0.0,0.9265013009999166,1.029921517000048,1e-06,,v7_btab_boxeig
35721,expanded_box,topk,8192,,8192,0,"[51, 51]","[103, 103]",10609,topk,8192,,8192,80000,10609,cheap,30,0.01,,cupy,1.2967987932620257e-14,1.9752531278832757e-15,640,290,290,,290,128,10609,25112,21729280,657.6696424896606,6576.696424896606,0.001,boxeig,20000,group_a,50,diag,0.001,50,auto,boxeig,463,464,9.70872769488162e-07,0,,,2,USGS_LPC_IL_Winnebago_2018_ground_elevation_regression_ntrain1000000,False,NVIDIA L4,cheap,128,0,128,128,0,0,2,35721,,,,,,,1.2967987932620257e-14,1.9752531278832757e-15,,,,,1e-05,boxeig,999999.9999994707,True,,nan,0,0,,nan,0,0,0,0,False,463.0,matern,0.1,1.5,1.0,,672400,100000,btab_boxeig_topk_8192_q128,189,464,463,250000,1000000,cufinufft,binned_c1,50,463,9.70872769488162e-07,pcg,converged,463,,True,0.1,0,1.8400350798236111,0.03552704530313595,0.034915300576064255,0,0.1,boxeig,ok,,0.000643687724140979,0.2986711040014143,0.0004248795291536438,0.19671922199813707,6814.838536121377,25112,,6576.696424896606,0.002263050999999905,4.431032613048512e-05,0.02051568099841461,3.6771466531352664e-05,0.017025189004016283,0.0002510681771097118,0.11624456600179656,0.24645063000002665,0.0,0.0,0.001057187000014892,0.0,5.3750937364938245e-05,0.024886683999966408,0.24539344300001176,,0.052769273000194516,0.030263704999924812,0.249211447000107,0.012492647000044599,1.0266871220001121,0.0,1.056950827000037,1.1097201000002315,1e-06,,v7_btab_boxeig
35721,expanded_box,topk,8192,,8192,0,"[51, 51]","[103, 103]",10609,topk,8192,,8192,80000,10609,cheap,30,0.01,,cupy,1.307700185023076e-14,2.912930441379143e-15,960,418,418,,418,192,10609,25112,32593920,271.7877700936403,2717.8777009364026,0.001,boxeig,20000,group_a,50,diag,0.001,50,auto,boxeig,295,296,9.796637358402122e-07,0,,,2,USGS_LPC_IL_Winnebago_2018_ground_elevation_regression_ntrain1000000,False,NVIDIA L4,cheap,192,0,192,192,0,0,2,35721,,,,,,,1.307700185023076e-14,2.912930441379143e-15,,,,,1e-05,boxeig,999999.9999994707,True,,nan,0,0,,nan,0,0,0,0,False,295.0,matern,0.1,1.5,1.0,,672400,100000,btab_boxeig_topk_8192_q192,189,296,295,250000,1000000,cufinufft,binned_c1,50,295,9.796637358402122e-07,pcg,converged,295,,True,0.1,0,1.8400350798236111,0.03552705891343092,0.034915376856359745,0,0.1,boxeig,ok,,0.0006485952939216704,0.19198420700081442,0.000614630159330865,0.1813158970026052,6814.838536121377,25112,,2717.8777009364026,0.002258769000036409,4.49945525445601e-05,0.013273393000645228,3.858997626547673e-05,0.011384042998315635,0.00043749972541556447,0.12906241899759152,0.41072775199995704,0.0,0.0,0.0010854449999442295,0.0,5.366555932812196e-05,0.01583134000179598,0.4096423070000128,,0.07832394299998668,0.02997552200008613,0.41366653599993697,0.01283842799989543,0.9686756739999964,0.0,0.9986511960000826,1.0769751390000692,1e-06,,v7_btab_boxeig
35721,expanded_box,topk,8192,,8192,0,"[51, 51]","[103, 103]",10609,topk,8192,,8192,80000,10609,cheap,30,0.01,,cupy,7.389866318294187e-14,4.504379326156805e-15,1280,546,546,,546,256,10609,25112,43458560,140.00363672567187,1400.0363672567187,0.001,boxeig,20000,group_a,50,diag,0.001,50,auto,boxeig,218,219,9.237159016939888e-07,0,,,2,USGS_LPC_IL_Winnebago_2018_ground_elevation_regression_ntrain1000000,False,NVIDIA L4,cheap,256,0,256,256,0,0,2,35721,,,,,,,7.389866318294187e-14,4.504379326156805e-15,,,,,1e-05,boxeig,999999.9999994707,True,,nan,0,0,,nan,0,0,0,0,False,218.0,matern,0.1,1.5,1.0,,672400,100000,btab_boxeig_topk_8192_q256,189,219,218,250000,1000000,cufinufft,binned_c1,50,218,9.237159016939888e-07,pcg,converged,218,,True,0.1,0,1.8400350798236111,0.03552712528995357,0.03491531316428985,0,0.1,boxeig,ok,,0.0006548284246641182,0.14340742500144188,0.0007142949174315559,0.1557162920000792,6814.838536121377,25112,,1400.0363672567187,0.00223679999999149,4.43390183382364e-05,0.009665905997735535,4.032744036813802e-05,0.008791382000254089,0.0005351604082657396,0.11666496900193124,0.5188174800000525,0.0,0.0,0.001025772000048164,0.0,5.4504701835800555e-05,0.011882025000204521,0.5177917080000043,,0.10423669000010705,0.03016304599987052,0.5218846459999895,0.012467547999904127,0.9561947590000273,0.0,0.9863578049998978,1.0905944950000048,1e-06,,v7_btab_boxeig
35721,expanded_box,topk,16384,,16384,0,"[72, 72]","[145, 145]",21025,topk,16384,,16384,80000,21025,cheap,30,0.01,,cupy,9.524247961265463e-15,1.5908967867907056e-15,640,290,290,,290,128,21025,14696,43061248,657.68142018003,6576.8142018003,0.001,boxeig,20000,group_a,50,diag,0.001,50,auto,boxeig,372,373,9.562085526643709e-07,0,,,2,USGS_LPC_IL_Winnebago_2018_ground_elevation_regression_ntrain1000000,False,NVIDIA L4,cheap,128,0,128,128,0,0,2,35721,,,,,,,9.524247961265463e-15,1.5908967867907056e-15,,,,,1e-05,boxeig,999999.9999994707,True,,nan,0,0,,nan,0,0,0,0,False,372.0,matern,0.1,1.5,1.0,,1336336,100000,btab_boxeig_topk_16384_q128,189,373,372,250000,1000000,cufinufft,binned_c1,50,372,9.562085526643709e-07,pcg,converged,372,,True,0.1,0,0.3418047257904595,0.035526639012159744,0.03491473493842596,0,0.1,boxeig,ok,,0.000645412675599976,0.24073892799879104,0.0007080897768873079,0.26340939700207855,1608.5644281362056,14696,,6576.8142018003,0.003057546000036382,4.434577688207062e-05,0.01649662900013027,3.969110483951461e-05,0.014765091000299435,0.0005309487419363875,0.19751293200033615,0.282550743999991,0.0,0.0,0.0010902320000241161,0.0,5.396155644983923e-05,0.020073698999340195,0.2814605119999669,,0.05181009000011727,0.030596516000059637,0.28641056099991147,0.01266734799992264,1.0199756770000477,0.0,1.0505721930001073,1.1023822830002246,1e-06,,v7_btab_boxeig
35721,expanded_box,topk,16384,,16384,0,"[72, 72]","[145, 145]",21025,topk,16384,,16384,80000,21025,cheap,30,0.01,,cupy,1.5195772341657884e-14,2.5771447120084665e-15,960,418,418,,418,192,21025,14696,64591872,271.8026298515294,2718.0262985152935,0.001,boxeig,20000,group_a,50,diag,0.001,50,auto,boxeig,239,240,9.871778669941617e-07,0,,,2,USGS_LPC_IL_Winnebago_2018_ground_elevation_regression_ntrain1000000,False,NVIDIA L4,cheap,192,0,192,192,0,0,2,35721,,,,,,,1.5195772341657884e-14,2.5771447120084665e-15,,,,,1e-05,boxeig,999999.9999994707,True,,nan,0,0,,nan,0,0,0,0,False,239.0,matern,0.1,1.5,1.0,,1336336,100000,btab_boxeig_topk_16384_q192,189,240,239,250000,1000000,cufinufft,binned_c1,50,239,9.871778669941617e-07,pcg,converged,239,,True,0.1,0,0.3418047257904595,0.03552678850205312,0.034914786051998964,0,0.1,boxeig,ok,,0.0006538065791772852,0.15691357900254843,0.0008952943096269584,0.21397534000084306,1608.5644281362056,14696,,2718.0262985152935,0.00301840799988895,4.398593722570196e-05,0.01051263899694277,4.1165707121215284e-05,0.009838604001970452,0.0007152557991674517,0.17094613600102093,0.49615284600008636,0.0,0.0,0.0010755390001122578,0.0,5.466988284154555e-05,0.013066101999129387,0.4950773069999741,,0.07771000499997172,0.030456280999942464,0.5001725439999518,0.012676189000103477,1.0192083560000356,0.0,1.049664636999978,1.1273746419999497,1e-06,,v7_btab_boxeig
35721,expanded_box,topk,16384,,16384,0,"[72, 72]","[145, 145]",21025,topk,16384,,16384,80000,21025,cheap,30,0.01,,cupy,7.902037026745315e-14,3.991735713504569e-15,1280,546,546,,546,256,21025,14696,86122496,140.01313874940053,1400.1313874940051,0.001,boxeig,20000,group_a,50,diag,0.001,50,auto,boxeig,169,170,9.850616549943618e-07,0,,,2,USGS_LPC_IL_Winnebago_2018_ground_elevation_regression_ntrain1000000,False,NVIDIA L4,cheap,256,0,256,256,0,0,2,35721,,,,,,,7.902037026745315e-14,3.991735713504569e-15,,,,,1e-05,boxeig,999999.9999994707,True,,nan,0,0,,nan,0,0,0,0,False,169.0,matern,0.1,1.5,1.0,,1336336,100000,btab_boxeig_topk_16384_q256,189,170,169,250000,1000000,cufinufft,binned_c1,50,169,9.850616549943618e-07,pcg,converged,169,,True,0.1,0,0.3418047257904595,0.035526832039369856,0.034914791686387565,0,0.1,boxeig,ok,,0.0006638091294221607,0.11284755200176733,0.0010826055384787388,0.18296033600290684,1608.5644281362056,14696,,1400.1313874940051,0.0029841220000434987,4.398851479519832e-05,0.007434059000388515,4.401368638629515e-05,0.00743831299928388,0.0008965221538411248,0.1515122439991501,2.0150183439998273,0.0,0.0,0.0010425719999602734,0.0,5.694668047962452e-05,0.009623989001056543,2.013975771999867,,0.10602766700003485,0.030400493000115603,2.0192290699999376,0.01264751299981981,2.4211458839999977,0.0,2.4515463770001134,2.557574044000148,1e-06,,v7_btab_boxeig
