spectrum,rank,eigenvalue
raw_A_BB,1,21570014.946327724
raw_A_BB,2,9152537.243277904
raw_A_BB,3,8697372.469453916
raw_A_BB,4,8471763.471655542
raw_A_BB,5,7206343.800814982
raw_A_BB,6,5897478.811252487
raw_A_BB,7,4566694.872474238
raw_A_BB,8,3961116.013140007
raw_A_BB,9,3377485.0898094405
raw_A_BB,10,2817290.5100334287
raw_A_BB,11,2701650.9475750485
raw_A_BB,12,2306752.1858991734
raw_A_BB,13,1655028.427938504
raw_A_BB,14,1521911.7392894246
raw_A_BB,15,1472199.5059969337
raw_A_BB,16,1156536.8752115616
raw_A_BB,17,904681.8260835668
raw_A_BB,18,884740.4870614312
raw_A_BB,19,848082.6774693459
raw_A_BB,20,685954.0253420772
raw_A_BB,21,624024.9566118658
raw_A_BB,22,578868.854412345
raw_A_BB,23,541110.3975287821
raw_A_BB,24,446386.0674247685
raw_A_BB,25,403370.12100839603
raw_A_BB,26,326455.40067271923
raw_A_BB,27,325918.31238566176
raw_A_BB,28,316098.1477820229
raw_A_BB,29,309938.8049936632
raw_A_BB,30,298557.81144306995
raw_A_BB,31,273471.251770523
raw_A_BB,32,244478.43404285848
raw_A_BB,33,229984.47478955289
raw_A_BB,34,224894.26612078707
raw_A_BB,35,221129.30291269373
raw_A_BB,36,192158.60244625874
raw_A_BB,37,186108.19204145254
raw_A_BB,38,174479.4271066555
raw_A_BB,39,157859.78492800135
raw_A_BB,40,143449.58770114515
raw_A_BB,41,143223.91095529354
raw_A_BB,42,135482.32289816416
raw_A_BB,43,132809.1377126524
raw_A_BB,44,130738.25936998532
raw_A_BB,45,127464.29863385027
raw_A_BB,46,110198.39389419509
raw_A_BB,47,106971.43658170348
raw_A_BB,48,99189.50543305404
raw_A_BB,49,96232.10053609294
raw_A_BB,50,89560.4474797756
raw_A_BB,51,86567.83831818965
raw_A_BB,52,83676.47455460852
raw_A_BB,53,79940.67263951394
raw_A_BB,54,71812.20562736542
raw_A_BB,55,67194.75813908706
raw_A_BB,56,66248.15077780177
raw_A_BB,57,65872.10034009644
raw_A_BB,58,59641.65177676189
raw_A_BB,59,58655.45937315173
raw_A_BB,60,57180.57086931218
raw_A_BB,61,54482.2362333284
raw_A_BB,62,48153.13878969567
raw_A_BB,63,47530.52958632619
raw_A_BB,64,46711.91392412814
raw_A_BB,65,45814.21037173179
raw_A_BB,66,44794.122205180756
raw_A_BB,67,44710.94476306059
raw_A_BB,68,41132.55512880068
raw_A_BB,69,39882.89533202803
raw_A_BB,70,36204.38489985378
raw_A_BB,71,34781.647983081966
raw_A_BB,72,33073.506883126014
raw_A_BB,73,31525.386938718573
raw_A_BB,74,29102.262906160406
raw_A_BB,75,28247.91726662645
raw_A_BB,76,27634.20057589892
raw_A_BB,77,26915.79191257149
raw_A_BB,78,26874.851539842082
raw_A_BB,79,26330.5034036873
raw_A_BB,80,24137.940380586293
raw_A_BB,81,23790.53495463656
raw_A_BB,82,23281.509564131222
raw_A_BB,83,22637.01748863303
raw_A_BB,84,22542.773877728414
raw_A_BB,85,21938.478478217636
raw_A_BB,86,21549.574836176307
raw_A_BB,87,19767.815623803777
raw_A_BB,88,18757.002708094544
raw_A_BB,89,17411.71245889251
raw_A_BB,90,16962.40246091096
raw_A_BB,91,16920.7236293407
raw_A_BB,92,16796.923794651095
raw_A_BB,93,16742.82519309285
raw_A_BB,94,16189.721603435024
raw_A_BB,95,15539.076934566083
raw_A_BB,96,15275.140547133507
raw_A_BB,97,14048.388482621012
raw_A_BB,98,13033.955187800733
raw_A_BB,99,12566.0899918539
raw_A_BB,100,11784.350814583131
raw_A_BB,101,11170.831205798724
raw_A_BB,102,11129.444540478755
raw_A_BB,103,10815.284620414188
raw_A_BB,104,10513.177657852839
raw_A_BB,105,10288.465952882802
raw_A_BB,106,9934.570783196174
raw_A_BB,107,9665.094433443977
raw_A_BB,108,9469.190561807489
raw_A_BB,109,8739.459789560951
raw_A_BB,110,8619.28071699771
raw_A_BB,111,8583.65789198673
raw_A_BB,112,8225.517324436465
raw_A_BB,113,7987.462548589986
raw_A_BB,114,7827.473192900429
raw_A_BB,115,7584.869898355551
raw_A_BB,116,7418.526833402816
raw_A_BB,117,7002.986933260983
raw_A_BB,118,6919.879554059743
raw_A_BB,119,6393.2404269126555
raw_A_BB,120,6254.154916984232
raw_A_BB,121,6004.43425349732
raw_A_BB,122,5907.487033941676
raw_A_BB,123,5810.060018155928
raw_A_BB,124,5538.440922293592
raw_A_BB,125,5516.917202154808
raw_A_BB,126,5099.630514950616
raw_A_BB,127,5012.748015186393
raw_A_BB,128,4623.43651833945
raw_A_BB,129,4478.707256224907
raw_A_BB,130,4397.4684436695925
raw_A_BB,131,4359.4224778720345
raw_A_BB,132,4184.05187457492
raw_A_BB,133,3871.1229735292864
raw_A_BB,134,3830.5690309385245
raw_A_BB,135,3800.3540898109
raw_A_BB,136,3631.979852647008
raw_A_BB,137,3162.3581124512266
raw_A_BB,138,3121.2416510915227
raw_A_BB,139,2854.5661407459374
raw_A_BB,140,2723.404658011051
raw_A_BB,141,2590.395604733414
raw_A_BB,142,2339.837297641103
raw_A_BB,143,2330.5735865518304
raw_A_BB,144,2140.2860406154177
raw_A_BB,145,2115.1102955943998
raw_A_BB,146,2087.9148625857497
raw_A_BB,147,1979.9003941384776
raw_A_BB,148,1921.9773924357519
raw_A_BB,149,1838.1915766234865
raw_A_BB,150,1712.0932077987493
raw_A_BB,151,1666.3076006121712
raw_A_BB,152,1639.8878860894845
raw_A_BB,153,1595.0438688250993
raw_A_BB,154,1457.9454354600857
raw_A_BB,155,1427.9695726588425
raw_A_BB,156,1374.3251492907473
raw_A_BB,157,1225.696948924978
raw_A_BB,158,1205.8232838582635
raw_A_BB,159,1197.8416275671611
raw_A_BB,160,1181.0951035844948
raw_A_BB,161,1118.0516977272996
raw_A_BB,162,1076.4784507155248
raw_A_BB,163,1007.9864055064263
raw_A_BB,164,867.7215653326775
raw_A_BB,165,849.6585867812461
raw_A_BB,166,802.2699336595706
raw_A_BB,167,792.4473215775743
raw_A_BB,168,788.8565542037178
raw_A_BB,169,732.0893333586714
raw_A_BB,170,706.3893983505641
raw_A_BB,171,671.1058114899291
raw_A_BB,172,585.0934127796529
raw_A_BB,173,534.8277773536937
raw_A_BB,174,527.3327123658128
raw_A_BB,175,508.3381532341635
raw_A_BB,176,467.4142791967747
raw_A_BB,177,442.88876903978684
raw_A_BB,178,390.46714888262363
raw_A_BB,179,384.3942681379689
raw_A_BB,180,337.93521423124884
raw_A_BB,181,324.7368546960846
raw_A_BB,182,301.48465811451865
raw_A_BB,183,295.6922261975506
raw_A_BB,184,281.8995800769695
raw_A_BB,185,271.71348623276197
raw_A_BB,186,270.90200224901963
raw_A_BB,187,248.49427519713822
raw_A_BB,188,238.75822208056036
raw_A_BB,189,234.2951354239252
raw_A_BB,190,230.54948333136673
raw_A_BB,191,224.16086304368
raw_A_BB,192,209.0695752399166
raw_A_BB,193,206.47390614423574
raw_A_BB,194,194.738393362378
raw_A_BB,195,191.73803233662977
raw_A_BB,196,172.9606207262347
raw_A_BB,197,152.30915082465887
raw_A_BB,198,146.88294822501265
raw_A_BB,199,144.95043403218142
raw_A_BB,200,141.20527810909118
raw_A_BB,201,133.81687969528895
raw_A_BB,202,121.62036796648479
raw_A_BB,203,116.34953018779252
raw_A_BB,204,109.42889921173298
raw_A_BB,205,104.39670093112038
raw_A_BB,206,97.88728796796916
raw_A_BB,207,97.05014339411059
raw_A_BB,208,92.25870425922237
raw_A_BB,209,81.19926354050507
raw_A_BB,210,78.78566785704653
raw_A_BB,211,72.99955726582095
raw_A_BB,212,67.08554956011814
raw_A_BB,213,64.70162887670652
raw_A_BB,214,61.408083417840025
raw_A_BB,215,59.35414030985818
raw_A_BB,216,55.84011728604633
raw_A_BB,217,53.13511146263135
raw_A_BB,218,48.26107689185022
raw_A_BB,219,46.051747675097346
raw_A_BB,220,40.854643478373795
raw_A_BB,221,39.157056485414785
raw_A_BB,222,37.98597161705679
raw_A_BB,223,37.36668405158288
raw_A_BB,224,35.29666248877137
raw_A_BB,225,31.893624432235242
raw_A_BB,226,30.21077162222047
raw_A_BB,227,27.932982977150576
raw_A_BB,228,27.44157248691544
raw_A_BB,229,25.032383186474124
raw_A_BB,230,23.900705289780564
raw_A_BB,231,23.77541476208607
raw_A_BB,232,22.990298631062718
raw_A_BB,233,22.160351505790725
raw_A_BB,234,19.56726379789693
raw_A_BB,235,18.259000654304902
raw_A_BB,236,17.68952080065566
raw_A_BB,237,16.83152060576599
raw_A_BB,238,15.060583315672428
raw_A_BB,239,14.229075758769797
raw_A_BB,240,13.61021359474191
raw_A_BB,241,12.43793886646117
raw_A_BB,242,12.325689135113004
raw_A_BB,243,12.178763514815419
raw_A_BB,244,11.936166528057678
raw_A_BB,245,9.525017335696624
raw_A_BB,246,8.920883414267148
raw_A_BB,247,7.999936365227198
raw_A_BB,248,7.633622173794648
raw_A_BB,249,7.03965536893449
raw_A_BB,250,6.607542427583837
raw_A_BB,251,6.497748791987626
raw_A_BB,252,6.172045478234986
raw_A_BB,253,5.7546301478864645
raw_A_BB,254,5.273901632229942
raw_A_BB,255,5.232627417431154
raw_A_BB,256,5.131741003223448
raw_A_BB,257,4.747548144526004
raw_A_BB,258,4.545028961133419
raw_A_BB,259,4.2328760912865455
raw_A_BB,260,3.9573409408921223
raw_A_BB,261,3.728044348096045
raw_A_BB,262,3.4445533796465058
raw_A_BB,263,3.363810162752227
raw_A_BB,264,3.2320950697407773
raw_A_BB,265,3.0956808654668255
raw_A_BB,266,2.873057588975275
raw_A_BB,267,2.4413503414050304
raw_A_BB,268,2.2381576784091752
raw_A_BB,269,2.1476184281269046
raw_A_BB,270,2.068756050830933
raw_A_BB,271,1.8415008399050805
raw_A_BB,272,1.7392703666170408
raw_A_BB,273,1.7313143050085238
raw_A_BB,274,1.6849150900949943
raw_A_BB,275,1.6643111479596144
raw_A_BB,276,1.4747733573685535
raw_A_BB,277,1.3660796575824052
raw_A_BB,278,1.3543123396097816
raw_A_BB,279,1.341649673625161
raw_A_BB,280,1.2774240105081887
raw_A_BB,281,1.2648864136140343
raw_A_BB,282,1.1715722037685494
raw_A_BB,283,1.101776759520627
raw_A_BB,284,1.049508390033705
raw_A_BB,285,1.0184284357668631
raw_A_BB,286,0.9340925080181683
raw_A_BB,287,0.9256632303254149
raw_A_BB,288,0.9174133182645566
raw_A_BB,289,0.87802256705694
raw_A_BB,290,0.798253925852613
raw_A_BB,291,0.7371052554129773
raw_A_BB,292,0.710989319671649
raw_A_BB,293,0.6363867677619035
raw_A_BB,294,0.6210640752036561
raw_A_BB,295,0.5814465270890339
raw_A_BB,296,0.5576714622305616
raw_A_BB,297,0.5080339031008632
raw_A_BB,298,0.4842577801853856
raw_A_BB,299,0.4625925262294033
raw_A_BB,300,0.4553237141703446
raw_A_BB,301,0.4429344881986426
raw_A_BB,302,0.4371844644923968
raw_A_BB,303,0.43080033280677843
raw_A_BB,304,0.39913212781805246
raw_A_BB,305,0.3378133197953023
raw_A_BB,306,0.31304017594915007
raw_A_BB,307,0.2839275940891868
raw_A_BB,308,0.28124586545860875
raw_A_BB,309,0.24832368895663473
raw_A_BB,310,0.2405790105539345
raw_A_BB,311,0.23749512359111102
raw_A_BB,312,0.23648018573615012
raw_A_BB,313,0.21846260737600381
raw_A_BB,314,0.20269252320490871
raw_A_BB,315,0.19630733539455697
raw_A_BB,316,0.1945632476132852
raw_A_BB,317,0.19033349403950142
raw_A_BB,318,0.1884014888522493
raw_A_BB,319,0.18532585625686274
raw_A_BB,320,0.18228349633955446
raw_A_BB,321,0.17353933137637761
raw_A_BB,322,0.17023631467590772
raw_A_BB,323,0.16879241312422116
raw_A_BB,324,0.16672009228393472
raw_A_BB,325,0.16502650330273202
raw_A_BB,326,0.15878437074415883
raw_A_BB,327,0.15749777266898723
raw_A_BB,328,0.1539206735395795
raw_A_BB,329,0.1506668924177317
raw_A_BB,330,0.1497009982371207
raw_A_BB,331,0.14570883546667243
raw_A_BB,332,0.1451573193171206
raw_A_BB,333,0.13962049789637976
raw_A_BB,334,0.13612209903173889
raw_A_BB,335,0.13451636152217997
raw_A_BB,336,0.13344099543147123
raw_A_BB,337,0.13064499585324243
raw_A_BB,338,0.13003926733541385
raw_A_BB,339,0.12867184624182107
raw_A_BB,340,0.1241561075968687
raw_A_BB,341,0.12348352815503896
raw_A_BB,342,0.12274969336247493
raw_A_BB,343,0.12164451314523357
raw_A_BB,344,0.1212946914285981
raw_A_BB,345,0.12012829136920461
raw_A_BB,346,0.11877597258166485
raw_A_BB,347,0.11839101180066446
raw_A_BB,348,0.1175690105940067
raw_A_BB,349,0.11646643693070985
raw_A_BB,350,0.11488062394448352
raw_A_BB,351,0.11392792030697879
raw_A_BB,352,0.11342157204847027
raw_A_BB,353,0.11201731219898939
raw_A_BB,354,0.1113857465485488
raw_A_BB,355,0.11054627799008707
raw_A_BB,356,0.11022573719545582
raw_A_BB,357,0.1097815188376689
raw_A_BB,358,0.10832506491224896
raw_A_BB,359,0.10807389511830039
raw_A_BB,360,0.10803144340863073
raw_A_BB,361,0.10713811646411793
raw_A_BB,362,0.1066733403730396
raw_A_BB,363,0.10622168998686331
raw_A_BB,364,0.10603169710257933
raw_A_BB,365,0.1052000746670731
raw_A_BB,366,0.10490637987720124
raw_A_BB,367,0.10459365955203921
raw_A_BB,368,0.10417165182133584
raw_A_BB,369,0.10397771633514763
raw_A_BB,370,0.10384877118540661
raw_A_BB,371,0.10381726912664557
raw_A_BB,372,0.10356041196816551
raw_A_BB,373,0.10303550316085987
raw_A_BB,374,0.10291734981964078
raw_A_BB,375,0.10277830102969382
raw_A_BB,376,0.10272661579961347
raw_A_BB,377,0.1024433933133955
raw_A_BB,378,0.10222136177676605
raw_A_BB,379,0.10211933245577698
raw_A_BB,380,0.10207889820748291
raw_A_BB,381,0.10205758182660574
raw_A_BB,382,0.10196812034918398
raw_A_BB,383,0.10151725638329544
raw_A_BB,384,0.10143497546920664
raw_A_BB,385,0.10135525375827763
raw_A_BB,386,0.10130271502464643
raw_A_BB,387,0.10123670992922332
raw_A_BB,388,0.10100976042919407
raw_A_BB,389,0.1009080286094575
raw_A_BB,390,0.10086599069722946
raw_A_BB,391,0.10084356972654604
raw_A_BB,392,0.10083256941109314
raw_A_BB,393,0.10078075257875098
raw_A_BB,394,0.10073451751890818
raw_A_BB,395,0.10063847191513275
raw_A_BB,396,0.10062284700355548
raw_A_BB,397,0.1005827383725583
raw_A_BB,398,0.10054661677838811
raw_A_BB,399,0.10051881999553246
raw_A_BB,400,0.10051312048529028
raw_A_BB,401,0.10050467809064574
raw_A_BB,402,0.10046219529478757
raw_A_BB,403,0.10043883686293888
raw_A_BB,404,0.10041494623435958
raw_A_BB,405,0.10038540212255197
raw_A_BB,406,0.10035608896119774
raw_A_BB,407,0.10032246778572183
raw_A_BB,408,0.10031243720724821
raw_A_BB,409,0.10030614827363882
raw_A_BB,410,0.10026293013317268
raw_A_BB,411,0.10024789457811166
raw_A_BB,412,0.10022238908679694
raw_A_BB,413,0.10021502220405504
raw_A_BB,414,0.10019768941521134
raw_A_BB,415,0.10018687393243537
raw_A_BB,416,0.10018125339912493
raw_A_BB,417,0.10017698822399072
raw_A_BB,418,0.10017155852215877
raw_A_BB,419,0.10016974070694902
raw_A_BB,420,0.10016319457973825
raw_A_BB,421,0.10016056785608651
raw_A_BB,422,0.10015245056437402
raw_A_BB,423,0.10013581512969619
raw_A_BB,424,0.10012939607589062
raw_A_BB,425,0.10011909889039022
raw_A_BB,426,0.10011536576633832
raw_A_BB,427,0.10011256487985933
raw_A_BB,428,0.10010823231295513
raw_A_BB,429,0.10009716118691982
raw_A_BB,430,0.1000945917005178
raw_A_BB,431,0.10008975946558768
raw_A_BB,432,0.10007977000986926
raw_A_BB,433,0.1000697058082839
raw_A_BB,434,0.10006853006765076
raw_A_BB,435,0.10006714402950764
raw_A_BB,436,0.10006272215463427
raw_A_BB,437,0.10005605448605764
raw_A_BB,438,0.10005006302043958
raw_A_BB,439,0.10004789196606399
raw_A_BB,440,0.1000442723886868
raw_A_BB,441,0.10004387038051955
raw_A_BB,442,0.10004040431618676
raw_A_BB,443,0.10003942883950749
raw_A_BB,444,0.10003640489442059
raw_A_BB,445,0.1000362317421835
raw_A_BB,446,0.10003222059378265
raw_A_BB,447,0.10003093264366789
raw_A_BB,448,0.1000269988473136
raw_A_BB,449,0.10002579545909003
raw_A_BB,450,0.10002397990693007
raw_A_BB,451,0.10002256221043554
raw_A_BB,452,0.10001958963326765
raw_A_BB,453,0.10001932242249223
raw_A_BB,454,0.10001864453094089
raw_A_BB,455,0.10001528040655115
raw_A_BB,456,0.10001428541084331
raw_A_BB,457,0.10001310930964898
raw_A_BB,458,0.10001190587432338
raw_A_BB,459,0.10001006755344305
raw_A_BB,460,0.100009568773597
raw_A_BB,461,0.10000937579297635
raw_A_BB,462,0.10000878300409242
raw_A_BB,463,0.10000807404366643
raw_A_BB,464,0.10000758728734292
raw_A_BB,465,0.10000717006384213
raw_A_BB,466,0.10000645213554955
raw_A_BB,467,0.10000570145405296
raw_A_BB,468,0.10000547276549294
raw_A_BB,469,0.10000531034543701
raw_A_BB,470,0.10000516211800313
raw_A_BB,471,0.10000493206964974
raw_A_BB,472,0.10000479596459856
raw_A_BB,473,0.10000452773394608
raw_A_BB,474,0.10000445272471853
raw_A_BB,475,0.10000398774657657
raw_A_BB,476,0.1000038575633487
raw_A_BB,477,0.10000338604612168
raw_A_BB,478,0.10000322961195983
raw_A_BB,479,0.10000293358855285
raw_A_BB,480,0.10000271281013312
raw_A_BB,481,0.10000266830727345
raw_A_BB,482,0.1000025140687929
raw_A_BB,483,0.10000234636549478
raw_A_BB,484,0.1000022573178632
raw_A_BB,485,0.10000222771741732
raw_A_BB,486,0.10000213546311307
raw_A_BB,487,0.10000204264343009
raw_A_BB,488,0.10000170723606464
raw_A_BB,489,0.10000167838224927
raw_A_BB,490,0.10000165193075743
raw_A_BB,491,0.10000162290830705
raw_A_BB,492,0.10000141165945799
raw_A_BB,493,0.10000121790654808
raw_A_BB,494,0.10000114562353184
raw_A_BB,495,0.10000111726898998
raw_A_BB,496,0.10000111168190538
raw_A_BB,497,0.10000104496790513
raw_A_BB,498,0.10000099707762382
raw_A_BB,499,0.1000009686441688
raw_A_BB,500,0.10000093674901855
raw_A_BB,501,0.10000085895647004
raw_A_BB,502,0.10000082846860392
raw_A_BB,503,0.10000080418434842
raw_A_BB,504,0.10000074030557037
raw_A_BB,505,0.10000068669621719
raw_A_BB,506,0.10000064826608185
raw_A_BB,507,0.10000062842639902
raw_A_BB,508,0.10000055670359372
raw_A_BB,509,0.10000054851886953
raw_A_BB,510,0.10000052436705756
raw_A_BB,511,0.10000049775642686
raw_A_BB,512,0.10000048718599104
raw_A_BB,513,0.1000004619169119
raw_A_BB,514,0.10000039011361793
raw_A_BB,515,0.1000003804969021
raw_A_BB,516,0.1000003415919627
raw_A_BB,517,0.10000032638135645
raw_A_BB,518,0.10000032008505529
raw_A_BB,519,0.1000002982116766
raw_A_BB,520,0.10000028814196758
raw_A_BB,521,0.10000024032718498
raw_A_BB,522,0.10000021944262558
raw_A_BB,523,0.10000020242141543
raw_A_BB,524,0.10000019069538521
raw_A_BB,525,0.10000017123790082
raw_A_BB,526,0.10000016681304351
raw_A_BB,527,0.10000015955894725
raw_A_BB,528,0.10000013779360722
raw_A_BB,529,0.10000011643377366
raw_A_BB,530,0.1000001156255918
raw_A_BB,531,0.1000001079867296
raw_A_BB,532,0.10000009832757668
raw_A_BB,533,0.10000009787649906
raw_A_BB,534,0.10000007657049897
raw_A_BB,535,0.10000007103260737
raw_A_BB,536,0.10000006964120738
raw_A_BB,537,0.10000006470708617
raw_A_BB,538,0.10000006343257681
raw_A_BB,539,0.10000006274088338
raw_A_BB,540,0.10000006083698593
raw_A_BB,541,0.10000005056307162
raw_A_BB,542,0.10000004763270619
raw_A_BB,543,0.1000000468066229
raw_A_BB,544,0.10000004552495162
raw_A_BB,545,0.10000004252649199
raw_A_BB,546,0.10000003795670297
raw_A_BB,547,0.10000003650790244
raw_A_BB,548,0.10000003500587043
raw_A_BB,549,0.10000003212925465
raw_A_BB,550,0.10000002953067585
raw_A_BB,551,0.10000002864388322
raw_A_BB,552,0.1000000284176925
raw_A_BB,553,0.1000000270911057
raw_A_BB,554,0.1000000255325211
raw_A_BB,555,0.10000002347456442
raw_A_BB,556,0.10000002245167959
raw_A_BB,557,0.10000002136289707
raw_A_BB,558,0.10000001929027484
raw_A_BB,559,0.10000001809381914
raw_A_BB,560,0.10000001790275997
raw_A_BB,561,0.1000000166507676
raw_A_BB,562,0.10000001492329184
raw_A_BB,563,0.10000001441310079
raw_A_BB,564,0.10000001205007442
raw_A_BB,565,0.10000001144812816
raw_A_BB,566,0.10000001110971916
raw_A_BB,567,0.10000001093525164
raw_A_BB,568,0.10000001016171937
raw_A_BB,569,0.10000000977640566
raw_A_BB,570,0.10000000949102628
raw_A_BB,571,0.10000000911268236
raw_A_BB,572,0.10000000872918115
raw_A_BB,573,0.10000000821338001
raw_A_BB,574,0.10000000779646545
raw_A_BB,575,0.10000000732996467
raw_A_BB,576,0.1000000072346074
raw_A_BB,577,0.10000000688095785
raw_A_BB,578,0.1000000065900587
raw_A_BB,579,0.10000000656887932
raw_A_BB,580,0.10000000635401989
raw_A_BB,581,0.10000000603319449
raw_A_BB,582,0.10000000597365817
raw_A_BB,583,0.10000000574092957
raw_A_BB,584,0.10000000568368003
raw_A_BB,585,0.10000000536001982
raw_A_BB,586,0.10000000518152444
raw_A_BB,587,0.10000000513749638
raw_A_BB,588,0.10000000479922107
raw_A_BB,589,0.10000000468273447
raw_A_BB,590,0.1000000046129584
raw_A_BB,591,0.10000000428235148
raw_A_BB,592,0.10000000411659062
raw_A_BB,593,0.1000000040050407
raw_A_BB,594,0.10000000377966906
raw_A_BB,595,0.1000000035989218
raw_A_BB,596,0.10000000343729055
raw_A_BB,597,0.10000000332072657
raw_A_BB,598,0.10000000313498367
raw_A_BB,599,0.1000000030508584
raw_A_BB,600,0.10000000293731884
raw_A_BB,601,0.10000000286679611
raw_A_BB,602,0.10000000278838007
raw_A_BB,603,0.10000000272540613
raw_A_BB,604,0.10000000258945617
raw_A_BB,605,0.10000000238018976
raw_A_BB,606,0.10000000232482664
raw_A_BB,607,0.10000000227618305
raw_A_BB,608,0.10000000214713362
raw_A_BB,609,0.10000000203166978
raw_A_BB,610,0.10000000199424541
raw_A_BB,611,0.10000000195681216
raw_A_BB,612,0.10000000193265729
raw_A_BB,613,0.10000000185512667
raw_A_BB,614,0.10000000180515922
raw_A_BB,615,0.10000000176508149
raw_A_BB,616,0.10000000169610587
raw_A_BB,617,0.10000000163832122
raw_A_BB,618,0.10000000162414423
raw_A_BB,619,0.10000000158385407
raw_A_BB,620,0.10000000156350224
raw_A_BB,621,0.10000000151111722
raw_A_BB,622,0.10000000144871457
raw_A_BB,623,0.10000000138066739
raw_A_BB,624,0.10000000135110934
raw_A_BB,625,0.10000000133910146
raw_A_BB,626,0.10000000131455732
raw_A_BB,627,0.10000000125157188
raw_A_BB,628,0.100000001200071
raw_A_BB,629,0.10000000119046326
raw_A_BB,630,0.1000000011543314
raw_A_BB,631,0.10000000109094472
raw_A_BB,632,0.10000000105768554
raw_A_BB,633,0.10000000103062043
raw_A_BB,634,0.10000000099807001
raw_A_BB,635,0.10000000096920508
raw_A_BB,636,0.10000000095612208
raw_A_BB,637,0.10000000091334878
raw_A_BB,638,0.10000000087511407
raw_A_BB,639,0.1000000008585166
raw_A_BB,640,0.10000000080744209
raw_A_BB,641,0.10000000080110273
raw_A_BB,642,0.10000000077167355
raw_A_BB,643,0.10000000074877795
raw_A_BB,644,0.10000000072825209
raw_A_BB,645,0.10000000070337467
raw_A_BB,646,0.10000000068104192
raw_A_BB,647,0.10000000067279927
raw_A_BB,648,0.10000000066218558
raw_A_BB,649,0.10000000064664763
raw_A_BB,650,0.10000000060997595
raw_A_BB,651,0.10000000059824758
raw_A_BB,652,0.10000000058058753
raw_A_BB,653,0.10000000055863904
raw_A_BB,654,0.10000000054491431
raw_A_BB,655,0.10000000053513393
raw_A_BB,656,0.10000000052084333
raw_A_BB,657,0.10000000050793421
raw_A_BB,658,0.10000000049681991
raw_A_BB,659,0.10000000048134199
raw_A_BB,660,0.10000000046805216
raw_A_BB,661,0.1000000004611432
raw_A_BB,662,0.10000000045431506
raw_A_BB,663,0.1000000004447501
raw_A_BB,664,0.10000000043738913
raw_A_BB,665,0.1000000004224101
raw_A_BB,666,0.1000000004045537
raw_A_BB,667,0.10000000039744385
raw_A_BB,668,0.10000000038635426
raw_A_BB,669,0.100000000378557
raw_A_BB,670,0.10000000036587668
raw_A_BB,671,0.10000000035843379
raw_A_BB,672,0.10000000035332803
raw_A_BB,673,0.10000000034601497
raw_A_BB,674,0.10000000033232308
raw_A_BB,675,0.10000000032439525
raw_A_BB,676,0.10000000031262563
raw_A_BB,677,0.10000000030700845
raw_A_BB,678,0.1000000003042631
raw_A_BB,679,0.10000000029525355
raw_A_BB,680,0.10000000029111038
raw_A_BB,681,0.10000000028166246
raw_A_BB,682,0.10000000027919746
raw_A_BB,683,0.10000000027724269
raw_A_BB,684,0.10000000027255589
raw_A_BB,685,0.10000000026459552
raw_A_BB,686,0.10000000026126199
raw_A_BB,687,0.10000000025773703
raw_A_BB,688,0.1000000002547003
raw_A_BB,689,0.10000000024736538
raw_A_BB,690,0.1000000002448545
raw_A_BB,691,0.10000000023618927
raw_A_BB,692,0.10000000023264552
raw_A_BB,693,0.10000000022935703
raw_A_BB,694,0.10000000022714083
raw_A_BB,695,0.10000000022286808
raw_A_BB,696,0.10000000022047896
raw_A_BB,697,0.10000000021624264
raw_A_BB,698,0.10000000021231539
raw_A_BB,699,0.10000000021083036
raw_A_BB,700,0.10000000020927421
raw_A_BB,701,0.10000000020312588
raw_A_BB,702,0.10000000019961731
raw_A_BB,703,0.10000000019734573
raw_A_BB,704,0.1000000001938073
raw_A_BB,705,0.10000000018990765
raw_A_BB,706,0.10000000018773952
raw_A_BB,707,0.10000000018434983
raw_A_BB,708,0.10000000018116852
raw_A_BB,709,0.10000000017935314
raw_A_BB,710,0.10000000017492
raw_A_BB,711,0.10000000017352792
raw_A_BB,712,0.1000000001697395
raw_A_BB,713,0.1000000001679118
raw_A_BB,714,0.10000000016426097
raw_A_BB,715,0.1000000001625719
raw_A_BB,716,0.10000000016155726
raw_A_BB,717,0.10000000015877515
raw_A_BB,718,0.10000000015802234
raw_A_BB,719,0.10000000015501896
raw_A_BB,720,0.1000000001531421
raw_A_BB,721,0.10000000015070032
raw_A_BB,722,0.10000000014890732
raw_A_BB,723,0.10000000014693458
raw_A_BB,724,0.10000000014436797
raw_A_BB,725,0.10000000014104847
raw_A_BB,726,0.10000000014014743
raw_A_BB,727,0.10000000013650438
raw_A_BB,728,0.10000000013573336
raw_A_BB,729,0.10000000013335897
raw_A_BB,730,0.1000000001318801
raw_A_BB,731,0.10000000012986597
raw_A_BB,732,0.10000000012752581
raw_A_BB,733,0.10000000012601938
raw_A_BB,734,0.10000000012524339
raw_A_BB,735,0.1000000001236083
raw_A_BB,736,0.1000000001223259
raw_A_BB,737,0.100000000120078
raw_A_BB,738,0.10000000011884663
raw_A_BB,739,0.10000000011740935
raw_A_BB,740,0.10000000011594762
raw_A_BB,741,0.10000000011316179
raw_A_BB,742,0.10000000011288185
raw_A_BB,743,0.10000000011106043
raw_A_BB,744,0.10000000011017528
raw_A_BB,745,0.10000000010865158
raw_A_BB,746,0.10000000010777114
raw_A_BB,747,0.10000000010503692
raw_A_BB,748,0.10000000010403509
raw_A_BB,749,0.10000000010346978
raw_A_BB,750,0.10000000010140528
raw_A_BB,751,0.10000000010037668
raw_A_BB,752,0.10000000009941307
raw_A_BB,753,0.10000000009814296
raw_A_BB,754,0.10000000009793981
raw_A_BB,755,0.10000000009630454
raw_A_BB,756,0.10000000009439909
raw_A_BB,757,0.10000000009354448
raw_A_BB,758,0.10000000009244198
raw_A_BB,759,0.10000000009136302
raw_A_BB,760,0.1000000000901164
raw_A_BB,761,0.10000000008874152
raw_A_BB,762,0.10000000008809859
raw_A_BB,763,0.10000000008776903
raw_A_BB,764,0.10000000008640336
raw_A_BB,765,0.10000000008467291
raw_A_BB,766,0.10000000008390034
raw_A_BB,767,0.10000000008258934
raw_A_BB,768,0.10000000008209237
raw_A_BB,769,0.10000000008075072
raw_A_BB,770,0.1000000000798998
raw_A_BB,771,0.10000000007877087
raw_A_BB,772,0.10000000007781089
raw_A_BB,773,0.10000000007717502
raw_A_BB,774,0.10000000007654106
raw_A_BB,775,0.10000000007477426
raw_A_BB,776,0.10000000007408724
raw_A_BB,777,0.10000000007302648
raw_A_BB,778,0.10000000007264653
raw_A_BB,779,0.1000000000722613
raw_A_BB,780,0.10000000007193975
raw_A_BB,781,0.10000000007111971
raw_A_BB,782,0.1000000000702583
raw_A_BB,783,0.10000000006952287
raw_A_BB,784,0.10000000006863137
raw_A_BB,785,0.10000000006760303
raw_A_BB,786,0.10000000006633124
raw_A_BB,787,0.1000000000658509
raw_A_BB,788,0.10000000006519212
raw_A_BB,789,0.10000000006449299
raw_A_BB,790,0.1000000000638337
raw_A_BB,791,0.10000000006313124
raw_A_BB,792,0.10000000006265425
raw_A_BB,793,0.10000000006241534
raw_A_BB,794,0.10000000006152933
raw_A_BB,795,0.10000000006084458
raw_A_BB,796,0.10000000006074407
raw_A_BB,797,0.10000000005976574
raw_A_BB,798,0.10000000005898756
raw_A_BB,799,0.10000000005811822
raw_A_BB,800,0.1000000000574068
raw_A_BB,801,0.10000000005684084
raw_A_BB,802,0.10000000005625458
raw_A_BB,803,0.10000000005563488
raw_A_BB,804,0.10000000005506095
raw_A_BB,805,0.10000000005383655
raw_A_BB,806,0.10000000005353031
raw_A_BB,807,0.10000000005292656
raw_A_BB,808,0.10000000005270217
raw_A_BB,809,0.10000000005195815
raw_A_BB,810,0.10000000005133752
raw_A_BB,811,0.10000000005124154
raw_A_BB,812,0.10000000005054291
raw_A_BB,813,0.10000000004978661
raw_A_BB,814,0.10000000004945904
raw_A_BB,815,0.10000000004912867
raw_A_BB,816,0.1000000000484556
raw_A_BB,817,0.1000000000482713
raw_A_BB,818,0.10000000004776595
raw_A_BB,819,0.10000000004723067
raw_A_BB,820,0.10000000004693185
raw_A_BB,821,0.10000000004634031
raw_A_BB,822,0.10000000004577386
raw_A_BB,823,0.1000000000452581
raw_A_BB,824,0.1000000000449521
raw_A_BB,825,0.1000000000444401
raw_A_BB,826,0.10000000004412522
raw_A_BB,827,0.1000000000432437
raw_A_BB,828,0.10000000004300802
raw_A_BB,829,0.10000000004283925
raw_A_BB,830,0.10000000004223386
raw_A_BB,831,0.10000000004181671
raw_A_BB,832,0.10000000004154175
raw_A_BB,833,0.10000000004111026
raw_A_BB,834,0.10000000004078674
raw_A_BB,835,0.10000000004030167
raw_A_BB,836,0.10000000004007628
raw_A_BB,837,0.1000000000398008
raw_A_BB,838,0.1000000000394961
raw_A_BB,839,0.10000000003913011
raw_A_BB,840,0.10000000003873005
raw_A_BB,841,0.10000000003822097
raw_A_BB,842,0.10000000003787526
raw_A_BB,843,0.10000000003758694
raw_A_BB,844,0.1000000000372803
raw_A_BB,845,0.10000000003707132
raw_A_BB,846,0.10000000003689134
raw_A_BB,847,0.10000000003634585
raw_A_BB,848,0.10000000003626319
raw_A_BB,849,0.10000000003598489
raw_A_BB,850,0.10000000003564923
raw_A_BB,851,0.10000000003527391
raw_A_BB,852,0.10000000003488323
raw_A_BB,853,0.10000000003480568
raw_A_BB,854,0.10000000003426973
raw_A_BB,855,0.10000000003398334
raw_A_BB,856,0.10000000003368238
raw_A_BB,857,0.10000000003339599
raw_A_BB,858,0.10000000003297237
raw_A_BB,859,0.10000000003242951
raw_A_BB,860,0.10000000003221485
raw_A_BB,861,0.10000000003197479
raw_A_BB,862,0.10000000003168433
raw_A_BB,863,0.10000000003153538
raw_A_BB,864,0.10000000003105211
raw_A_BB,865,0.10000000003089114
raw_A_BB,866,0.10000000003060072
raw_A_BB,867,0.10000000003036189
raw_A_BB,868,0.10000000003028661
raw_A_BB,869,0.1000000000299396
raw_A_BB,870,0.10000000002968583
raw_A_BB,871,0.10000000002942568
raw_A_BB,872,0.10000000002899122
raw_A_BB,873,0.10000000002880974
raw_A_BB,874,0.10000000002872303
raw_A_BB,875,0.10000000002828911
raw_A_BB,876,0.10000000002820676
raw_A_BB,877,0.10000000002790281
raw_A_BB,878,0.10000000002758223
raw_A_BB,879,0.10000000002748065
raw_A_BB,880,0.10000000002720227
raw_A_BB,881,0.10000000002687404
raw_A_BB,882,0.10000000002663997
raw_A_BB,883,0.10000000002639654
raw_A_BB,884,0.10000000002607351
raw_A_BB,885,0.10000000002578852
raw_A_BB,886,0.10000000002565296
raw_A_BB,887,0.10000000002537655
raw_A_BB,888,0.10000000002523142
raw_A_BB,889,0.10000000002514722
raw_A_BB,890,0.10000000002480476
raw_A_BB,891,0.1000000000245679
raw_A_BB,892,0.10000000002443246
raw_A_BB,893,0.10000000002418685
raw_A_BB,894,0.10000000002405127
raw_A_BB,895,0.10000000002382294
raw_A_BB,896,0.10000000002367164
raw_A_BB,897,0.10000000002336659
raw_A_BB,898,0.10000000002328092
raw_A_BB,899,0.10000000002309134
raw_A_BB,900,0.10000000002278898
raw_A_BB,901,0.10000000002269069
raw_A_BB,902,0.10000000002244076
raw_A_BB,903,0.1000000000223648
raw_A_BB,904,0.10000000002227359
raw_A_BB,905,0.10000000002208884
raw_A_BB,906,0.10000000002189917
raw_A_BB,907,0.10000000002162973
raw_A_BB,908,0.10000000002143797
raw_A_BB,909,0.10000000002128619
raw_A_BB,910,0.10000000002114884
raw_A_BB,911,0.10000000002087119
raw_A_BB,912,0.1000000000207766
raw_A_BB,913,0.10000000002063411
raw_A_BB,914,0.1000000000203916
raw_A_BB,915,0.10000000002020794
raw_A_BB,916,0.10000000002012081
raw_A_BB,917,0.10000000001991377
raw_A_BB,918,0.10000000001981467
raw_A_BB,919,0.10000000001975914
raw_A_BB,920,0.10000000001953638
raw_A_BB,921,0.10000000001932743
raw_A_BB,922,0.10000000001914913
raw_A_BB,923,0.10000000001907854
raw_A_BB,924,0.10000000001895448
raw_A_BB,925,0.1000000000188126
raw_A_BB,926,0.10000000001874218
raw_A_BB,927,0.10000000001852069
raw_A_BB,928,0.10000000001839025
raw_A_BB,929,0.10000000001825413
raw_A_BB,930,0.10000000001809221
raw_A_BB,931,0.10000000001803293
raw_A_BB,932,0.10000000001788692
raw_A_BB,933,0.1000000000177838
raw_A_BB,934,0.10000000001756844
raw_A_BB,935,0.10000000001751642
raw_A_BB,936,0.10000000001735969
raw_A_BB,937,0.1000000000172778
raw_A_BB,938,0.1000000000170891
raw_A_BB,939,0.10000000001697129
raw_A_BB,940,0.10000000001685323
raw_A_BB,941,0.10000000001674342
raw_A_BB,942,0.10000000001664987
raw_A_BB,943,0.1000000000165548
raw_A_BB,944,0.10000000001635295
raw_A_BB,945,0.10000000001625495
raw_A_BB,946,0.10000000001617035
raw_A_BB,947,0.1000000000160763
raw_A_BB,948,0.10000000001593391
raw_A_BB,949,0.10000000001584818
raw_A_BB,950,0.10000000001581157
raw_A_BB,951,0.10000000001570575
raw_A_BB,952,0.10000000001566868
raw_A_BB,953,0.10000000001543151
raw_A_BB,954,0.10000000001534473
raw_A_BB,955,0.10000000001519035
raw_A_BB,956,0.1000000000150953
raw_A_BB,957,0.1000000000149673
raw_A_BB,958,0.10000000001494595
raw_A_BB,959,0.1000000000147586
raw_A_BB,960,0.10000000001469535
raw_A_BB,961,0.10000000001463637
raw_A_BB,962,0.10000000001457154
raw_A_BB,963,0.10000000001437923
raw_A_BB,964,0.10000000001435314
raw_A_BB,965,0.10000000001424342
raw_A_BB,966,0.10000000001421878
raw_A_BB,967,0.10000000001410263
raw_A_BB,968,0.10000000001401235
raw_A_BB,969,0.10000000001388434
raw_A_BB,970,0.1000000000138053
raw_A_BB,971,0.10000000001369125
raw_A_BB,972,0.10000000001362624
raw_A_BB,973,0.10000000001354972
raw_A_BB,974,0.10000000001341898
raw_A_BB,975,0.1000000000133677
raw_A_BB,976,0.1000000000132778
raw_A_BB,977,0.10000000001321334
raw_A_BB,978,0.10000000001306913
raw_A_BB,979,0.10000000001303047
raw_A_BB,980,0.10000000001295187
raw_A_BB,981,0.10000000001287322
raw_A_BB,982,0.10000000001283468
raw_A_BB,983,0.10000000001273646
raw_A_BB,984,0.10000000001267124
raw_A_BB,985,0.10000000001256515
raw_A_BB,986,0.10000000001250459
raw_A_BB,987,0.10000000001239402
raw_A_BB,988,0.10000000001232123
raw_A_BB,989,0.10000000001229559
raw_A_BB,990,0.1000000000122213
raw_A_BB,991,0.10000000001215792
raw_A_BB,992,0.10000000001203642
raw_A_BB,993,0.10000000001192104
raw_A_BB,994,0.10000000001180365
raw_A_BB,995,0.10000000001169246
raw_A_BB,996,0.10000000001163122
raw_A_BB,997,0.10000000001155812
raw_A_BB,998,0.100000000011549
raw_A_BB,999,0.10000000001150579
raw_A_BB,1000,0.10000000001139055
raw_A_BB,1001,0.10000000001135047
raw_A_BB,1002,0.10000000001127683
raw_A_BB,1003,0.10000000001120796
raw_A_BB,1004,0.10000000001113087
raw_A_BB,1005,0.10000000001106696
raw_A_BB,1006,0.10000000001098243
raw_A_BB,1007,0.10000000001092786
raw_A_BB,1008,0.10000000001089261
raw_A_BB,1009,0.10000000001082232
raw_A_BB,1010,0.10000000001072987
raw_A_BB,1011,0.10000000001069216
raw_A_BB,1012,0.1000000000106255
raw_A_BB,1013,0.10000000001056496
raw_A_BB,1014,0.10000000001052056
raw_A_BB,1015,0.10000000001046853
raw_A_BB,1016,0.10000000001037279
raw_A_BB,1017,0.10000000001030047
raw_A_BB,1018,0.10000000001022866
raw_A_BB,1019,0.10000000001015891
raw_A_BB,1020,0.1000000000101414
raw_A_BB,1021,0.10000000001004339
raw_A_BB,1022,0.10000000001001942
raw_A_BB,1023,0.10000000000998374
raw_A_BB,1024,0.10000000000990866
raw_A_BB,1025,0.10000000000983617
raw_A_BB,1026,0.10000000000977005
raw_A_BB,1027,0.10000000000971379
raw_A_BB,1028,0.10000000000963347
raw_A_BB,1029,0.10000000000958811
raw_A_BB,1030,0.10000000000957773
raw_A_BB,1031,0.1000000000094684
raw_A_BB,1032,0.10000000000938054
raw_A_BB,1033,0.10000000000936206
raw_A_BB,1034,0.10000000000930902
raw_A_BB,1035,0.10000000000927647
raw_A_BB,1036,0.10000000000921326
raw_A_BB,1037,0.10000000000917117
raw_A_BB,1038,0.10000000000913428
raw_A_BB,1039,0.10000000000910052
raw_A_BB,1040,0.10000000000899263
raw_A_BB,1041,0.1000000000089668
raw_A_BB,1042,0.10000000000892274
raw_A_BB,1043,0.10000000000883855
raw_A_BB,1044,0.1000000000088148
raw_A_BB,1045,0.10000000000877987
raw_A_BB,1046,0.10000000000870389
raw_A_BB,1047,0.10000000000866292
raw_A_BB,1048,0.10000000000859284
raw_A_BB,1049,0.10000000000854296
raw_A_BB,1050,0.10000000000851322
raw_A_BB,1051,0.1000000000084521
raw_A_BB,1052,0.10000000000842016
raw_A_BB,1053,0.10000000000838681
raw_A_BB,1054,0.10000000000827768
raw_A_BB,1055,0.10000000000824039
raw_A_BB,1056,0.10000000000820967
raw_A_BB,1057,0.10000000000817297
raw_A_BB,1058,0.10000000000812222
raw_A_BB,1059,0.10000000000806727
raw_A_BB,1060,0.10000000000801419
raw_A_BB,1061,0.10000000000796384
raw_A_BB,1062,0.10000000000792363
raw_A_BB,1063,0.10000000000789604
raw_A_BB,1064,0.10000000000784365
raw_A_BB,1065,0.10000000000780668
raw_A_BB,1066,0.10000000000776565
raw_A_BB,1067,0.10000000000771007
raw_A_BB,1068,0.10000000000764982
raw_A_BB,1069,0.1000000000076269
raw_A_BB,1070,0.10000000000760462
raw_A_BB,1071,0.10000000000755825
raw_A_BB,1072,0.10000000000751666
raw_A_BB,1073,0.1000000000074454
raw_A_BB,1074,0.1000000000074187
raw_A_BB,1075,0.10000000000737903
raw_A_BB,1076,0.10000000000735386
raw_A_BB,1077,0.10000000000729171
raw_A_BB,1078,0.10000000000725369
raw_A_BB,1079,0.10000000000720838
raw_A_BB,1080,0.10000000000719131
raw_A_BB,1081,0.10000000000714837
raw_A_BB,1082,0.10000000000713845
raw_A_BB,1083,0.10000000000707807
raw_A_BB,1084,0.1000000000069943
raw_A_BB,1085,0.1000000000069487
raw_A_BB,1086,0.10000000000693877
raw_A_BB,1087,0.10000000000691593
raw_A_BB,1088,0.10000000000688242
raw_A_BB,1089,0.10000000000683777
raw_A_BB,1090,0.10000000000680073
raw_A_BB,1091,0.10000000000678114
raw_A_BB,1092,0.10000000000672853
raw_A_BB,1093,0.10000000000667843
raw_A_BB,1094,0.10000000000664097
raw_A_BB,1095,0.10000000000660605
raw_A_BB,1096,0.10000000000657248
raw_A_BB,1097,0.10000000000651624
raw_A_BB,1098,0.10000000000645998
raw_A_BB,1099,0.10000000000643876
raw_A_BB,1100,0.10000000000639465
raw_A_BB,1101,0.10000000000638873
raw_A_BB,1102,0.10000000000637295
raw_A_BB,1103,0.10000000000634551
raw_A_BB,1104,0.10000000000631994
raw_A_BB,1105,0.10000000000624223
raw_A_BB,1106,0.1000000000062319
raw_A_BB,1107,0.10000000000617741
raw_A_BB,1108,0.10000000000613779
raw_A_BB,1109,0.10000000000611946
raw_A_BB,1110,0.10000000000611078
raw_A_BB,1111,0.10000000000607076
raw_A_BB,1112,0.10000000000604448
raw_A_BB,1113,0.10000000000599582
raw_A_BB,1114,0.10000000000597216
raw_A_BB,1115,0.10000000000592285
raw_A_BB,1116,0.10000000000586375
raw_A_BB,1117,0.10000000000583589
raw_A_BB,1118,0.10000000000582368
raw_A_BB,1119,0.10000000000579778
raw_A_BB,1120,0.10000000000577158
raw_A_BB,1121,0.10000000000571695
raw_A_BB,1122,0.1000000000056774
raw_A_BB,1123,0.10000000000565143
raw_A_BB,1124,0.10000000000563411
raw_A_BB,1125,0.1000000000055982
raw_A_BB,1126,0.10000000000557026
raw_A_BB,1127,0.10000000000555133
raw_A_BB,1128,0.10000000000553701
raw_A_BB,1129,0.10000000000548447
raw_A_BB,1130,0.10000000000546418
raw_A_BB,1131,0.10000000000542783
raw_A_BB,1132,0.10000000000540928
raw_A_BB,1133,0.10000000000536449
raw_A_BB,1134,0.100000000005341
raw_A_BB,1135,0.10000000000532423
raw_A_BB,1136,0.10000000000529108
raw_A_BB,1137,0.1000000000052783
raw_A_BB,1138,0.1000000000052498
raw_A_BB,1139,0.1000000000052108
raw_A_BB,1140,0.10000000000518319
raw_A_BB,1141,0.10000000000515846
raw_A_BB,1142,0.10000000000513372
raw_A_BB,1143,0.10000000000509031
raw_A_BB,1144,0.1000000000050711
raw_A_BB,1145,0.10000000000503273
raw_A_BB,1146,0.10000000000499898
raw_A_BB,1147,0.1000000000049874
raw_A_BB,1148,0.10000000000494841
raw_A_BB,1149,0.10000000000493474
raw_A_BB,1150,0.10000000000492217
raw_A_BB,1151,0.10000000000490981
raw_A_BB,1152,0.10000000000486597
raw_A_BB,1153,0.10000000000484312
raw_A_BB,1154,0.10000000000479622
raw_A_BB,1155,0.100000000004773
raw_A_BB,1156,0.10000000000475642
raw_A_BB,1157,0.10000000000472856
raw_A_BB,1158,0.10000000000469278
raw_A_BB,1159,0.1000000000046822
raw_A_BB,1160,0.10000000000465026
raw_A_BB,1161,0.10000000000464433
raw_A_BB,1162,0.10000000000461855
raw_A_BB,1163,0.1000000000045925
raw_A_BB,1164,0.10000000000456168
raw_A_BB,1165,0.10000000000455198
raw_A_BB,1166,0.10000000000451817
raw_A_BB,1167,0.10000000000449406
raw_A_BB,1168,0.1000000000044706
raw_A_BB,1169,0.10000000000446045
raw_A_BB,1170,0.10000000000444137
raw_A_BB,1171,0.10000000000441205
raw_A_BB,1172,0.10000000000439482
raw_A_BB,1173,0.1000000000043746
raw_A_BB,1174,0.1000000000043378
raw_A_BB,1175,0.10000000000432152
raw_A_BB,1176,0.10000000000429382
raw_A_BB,1177,0.10000000000426007
raw_A_BB,1178,0.10000000000424329
raw_A_BB,1179,0.10000000000423023
raw_A_BB,1180,0.10000000000420738
raw_A_BB,1181,0.10000000000418982
raw_A_BB,1182,0.10000000000417408
raw_A_BB,1183,0.10000000000416027
raw_A_BB,1184,0.10000000000413199
raw_A_BB,1185,0.10000000000409685
raw_A_BB,1186,0.10000000000407018
raw_A_BB,1187,0.10000000000405111
raw_A_BB,1188,0.10000000000403433
raw_A_BB,1189,0.10000000000402401
raw_A_BB,1190,0.10000000000398784
raw_A_BB,1191,0.1000000000039735
raw_A_BB,1192,0.10000000000395153
raw_A_BB,1193,0.10000000000392191
raw_A_BB,1194,0.10000000000390788
raw_A_BB,1195,0.10000000000389803
raw_A_BB,1196,0.10000000000387613
raw_A_BB,1197,0.10000000000385076
raw_A_BB,1198,0.10000000000383029
raw_A_BB,1199,0.10000000000382074
raw_A_BB,1200,0.10000000000378907
raw_A_BB,1201,0.10000000000376637
raw_A_BB,1202,0.10000000000374261
raw_A_BB,1203,0.10000000000373156
raw_A_BB,1204,0.10000000000372652
raw_A_BB,1205,0.10000000000370407
raw_A_BB,1206,0.10000000000368563
raw_A_BB,1207,0.10000000000365841
raw_A_BB,1208,0.10000000000363692
raw_A_BB,1209,0.1000000000036248
raw_A_BB,1210,0.10000000000360953
raw_A_BB,1211,0.10000000000360289
raw_A_BB,1212,0.10000000000358598
raw_A_BB,1213,0.10000000000355853
raw_A_BB,1214,0.10000000000355166
raw_A_BB,1215,0.10000000000353222
raw_A_BB,1216,0.10000000000350705
raw_A_BB,1217,0.10000000000350254
raw_A_BB,1218,0.1000000000034768
raw_A_BB,1219,0.100000000003457
raw_A_BB,1220,0.10000000000344217
raw_A_BB,1221,0.10000000000342688
raw_A_BB,1222,0.10000000000340721
raw_A_BB,1223,0.10000000000337744
raw_A_BB,1224,0.10000000000336666
raw_A_BB,1225,0.1000000000033607
raw_A_BB,1226,0.10000000000332505
raw_A_BB,1227,0.10000000000331394
raw_A_BB,1228,0.10000000000330542
raw_A_BB,1229,0.10000000000329293
raw_A_BB,1230,0.10000000000327208
raw_A_BB,1231,0.10000000000326383
raw_A_BB,1232,0.1000000000032426
raw_A_BB,1233,0.1000000000032284
raw_A_BB,1234,0.1000000000032169
raw_A_BB,1235,0.10000000000319813
raw_A_BB,1236,0.1000000000031749
raw_A_BB,1237,0.10000000000316174
raw_A_BB,1238,0.1000000000031452
raw_A_BB,1239,0.10000000000313347
raw_A_BB,1240,0.1000000000031178
raw_A_BB,1241,0.10000000000309532
raw_A_BB,1242,0.10000000000308551
raw_A_BB,1243,0.10000000000307005
raw_A_BB,1244,0.100000000003059
raw_A_BB,1245,0.10000000000303527
raw_A_BB,1246,0.10000000000302614
raw_A_BB,1247,0.1000000000030182
raw_A_BB,1248,0.10000000000299789
raw_A_BB,1249,0.10000000000298336
raw_A_BB,1250,0.10000000000296617
raw_A_BB,1251,0.10000000000295498
raw_A_BB,1252,0.1000000000029422
raw_A_BB,1253,0.10000000000291755
raw_A_BB,1254,0.10000000000289548
raw_A_BB,1255,0.10000000000289021
raw_A_BB,1256,0.10000000000287623
raw_A_BB,1257,0.10000000000285607
raw_A_BB,1258,0.10000000000284459
raw_A_BB,1259,0.10000000000282572
raw_A_BB,1260,0.10000000000281248
raw_A_BB,1261,0.10000000000280511
raw_A_BB,1262,0.10000000000279033
raw_A_BB,1263,0.1000000000027739
raw_A_BB,1264,0.10000000000276103
raw_A_BB,1265,0.10000000000274605
raw_A_BB,1266,0.1000000000027342
raw_A_BB,1267,0.10000000000273135
raw_A_BB,1268,0.10000000000270975
raw_A_BB,1269,0.10000000000269872
raw_A_BB,1270,0.10000000000268497
raw_A_BB,1271,0.10000000000268071
raw_A_BB,1272,0.10000000000266598
raw_A_BB,1273,0.10000000000265302
raw_A_BB,1274,0.10000000000264651
raw_A_BB,1275,0.10000000000263236
raw_A_BB,1276,0.10000000000261199
raw_A_BB,1277,0.10000000000260528
raw_A_BB,1278,0.10000000000259128
raw_A_BB,1279,0.1000000000025736
raw_A_BB,1280,0.10000000000255584
raw_A_BB,1281,0.10000000000254856
raw_A_BB,1282,0.1000000000025368
raw_A_BB,1283,0.1000000000025274
raw_A_BB,1284,0.10000000000251325
raw_A_BB,1285,0.1000000000024888
raw_A_BB,1286,0.10000000000247589
raw_A_BB,1287,0.10000000000246236
raw_A_BB,1288,0.10000000000245064
raw_A_BB,1289,0.10000000000244301
raw_A_BB,1290,0.10000000000243911
raw_A_BB,1291,0.10000000000242122
raw_A_BB,1292,0.10000000000241398
raw_A_BB,1293,0.10000000000240873
raw_A_BB,1294,0.10000000000239952
raw_A_BB,1295,0.10000000000238675
raw_A_BB,1296,0.1000000000023675
raw_A_BB,1297,0.10000000000236234
raw_A_BB,1298,0.10000000000234782
raw_A_BB,1299,0.10000000000233873
raw_A_BB,1300,0.10000000000233075
raw_A_BB,1301,0.10000000000230803
raw_A_BB,1302,0.10000000000229908
raw_A_BB,1303,0.10000000000228866
raw_A_BB,1304,0.10000000000228111
raw_A_BB,1305,0.10000000000227206
raw_A_BB,1306,0.10000000000225014
raw_A_BB,1307,0.10000000000224071
raw_A_BB,1308,0.10000000000223545
raw_A_BB,1309,0.10000000000222901
raw_A_BB,1310,0.10000000000221333
raw_A_BB,1311,0.10000000000220102
raw_A_BB,1312,0.10000000000218624
raw_A_BB,1313,0.10000000000218201
raw_A_BB,1314,0.10000000000216717
raw_A_BB,1315,0.1000000000021571
raw_A_BB,1316,0.10000000000215105
raw_A_BB,1317,0.10000000000213845
raw_A_BB,1318,0.1000000000021197
raw_A_BB,1319,0.10000000000210932
raw_A_BB,1320,0.10000000000210323
raw_A_BB,1321,0.10000000000209777
raw_A_BB,1322,0.10000000000208716
raw_A_BB,1323,0.10000000000207403
raw_A_BB,1324,0.10000000000206208
raw_A_BB,1325,0.10000000000205127
raw_A_BB,1326,0.10000000000203853
raw_A_BB,1327,0.10000000000203282
raw_A_BB,1328,0.10000000000202675
raw_A_BB,1329,0.10000000000201559
raw_A_BB,1330,0.10000000000201302
raw_A_BB,1331,0.10000000000200246
raw_A_BB,1332,0.10000000000198715
raw_A_BB,1333,0.10000000000197493
raw_A_BB,1334,0.10000000000196131
raw_A_BB,1335,0.10000000000194435
raw_A_BB,1336,0.10000000000194208
raw_A_BB,1337,0.10000000000193279
raw_A_BB,1338,0.10000000000192433
raw_A_BB,1339,0.10000000000191069
raw_A_BB,1340,0.10000000000190107
raw_A_BB,1341,0.10000000000189009
raw_A_BB,1342,0.1000000000018857
raw_A_BB,1343,0.1000000000018736
raw_A_BB,1344,0.10000000000186104
raw_A_BB,1345,0.10000000000185634
raw_A_BB,1346,0.10000000000185152
raw_A_BB,1347,0.10000000000184249
raw_A_BB,1348,0.10000000000183268
raw_A_BB,1349,0.10000000000182432
raw_A_BB,1350,0.10000000000180821
raw_A_BB,1351,0.10000000000179837
raw_A_BB,1352,0.10000000000179605
raw_A_BB,1353,0.10000000000178726
raw_A_BB,1354,0.10000000000178094
raw_A_BB,1355,0.1000000000017704
raw_A_BB,1356,0.10000000000175735
raw_A_BB,1357,0.10000000000175248
raw_A_BB,1358,0.10000000000173959
raw_A_BB,1359,0.10000000000173517
raw_A_BB,1360,0.10000000000172592
raw_A_BB,1361,0.10000000000172257
raw_A_BB,1362,0.10000000000170847
raw_A_BB,1363,0.10000000000169798
raw_A_BB,1364,0.10000000000168778
raw_A_BB,1365,0.10000000000168184
raw_A_BB,1366,0.10000000000167483
raw_A_BB,1367,0.10000000000166577
raw_A_BB,1368,0.10000000000165281
raw_A_BB,1369,0.10000000000164296
raw_A_BB,1370,0.10000000000163611
raw_A_BB,1371,0.10000000000162483
raw_A_BB,1372,0.10000000000162106
raw_A_BB,1373,0.10000000000161645
raw_A_BB,1374,0.10000000000160102
raw_A_BB,1375,0.10000000000159791
raw_A_BB,1376,0.10000000000159154
raw_A_BB,1377,0.10000000000158676
raw_A_BB,1378,0.1000000000015778
raw_A_BB,1379,0.10000000000156713
raw_A_BB,1380,0.100000000001558
raw_A_BB,1381,0.10000000000155124
raw_A_BB,1382,0.10000000000154244
raw_A_BB,1383,0.10000000000153854
raw_A_BB,1384,0.10000000000152864
raw_A_BB,1385,0.10000000000151746
raw_A_BB,1386,0.10000000000150978
raw_A_BB,1387,0.1000000000015078
raw_A_BB,1388,0.10000000000149285
raw_A_BB,1389,0.1000000000014871
raw_A_BB,1390,0.10000000000148115
raw_A_BB,1391,0.10000000000147273
raw_A_BB,1392,0.10000000000146603
raw_A_BB,1393,0.10000000000146207
raw_A_BB,1394,0.10000000000144985
raw_A_BB,1395,0.10000000000144069
raw_A_BB,1396,0.10000000000143208
raw_A_BB,1397,0.10000000000142657
raw_A_BB,1398,0.10000000000141698
raw_A_BB,1399,0.10000000000141158
raw_A_BB,1400,0.10000000000140791
raw_A_BB,1401,0.10000000000139989
raw_A_BB,1402,0.10000000000139539
raw_A_BB,1403,0.1000000000013853
raw_A_BB,1404,0.10000000000137321
raw_A_BB,1405,0.10000000000136981
raw_A_BB,1406,0.10000000000136497
raw_A_BB,1407,0.10000000000135845
raw_A_BB,1408,0.10000000000134711
raw_A_BB,1409,0.10000000000133326
raw_A_BB,1410,0.10000000000132898
raw_A_BB,1411,0.1000000000013232
raw_A_BB,1412,0.10000000000131246
raw_A_BB,1413,0.10000000000131028
raw_A_BB,1414,0.10000000000129701
raw_A_BB,1415,0.10000000000129157
raw_A_BB,1416,0.10000000000128914
raw_A_BB,1417,0.10000000000127761
raw_A_BB,1418,0.10000000000126999
raw_A_BB,1419,0.10000000000126408
raw_A_BB,1420,0.10000000000126011
raw_A_BB,1421,0.10000000000125192
raw_A_BB,1422,0.1000000000012403
raw_A_BB,1423,0.10000000000123559
raw_A_BB,1424,0.10000000000123042
raw_A_BB,1425,0.10000000000122626
raw_A_BB,1426,0.10000000000121556
raw_A_BB,1427,0.10000000000121247
raw_A_BB,1428,0.1000000000012056
raw_A_BB,1429,0.10000000000119844
raw_A_BB,1430,0.1000000000011913
raw_A_BB,1431,0.10000000000118743
raw_A_BB,1432,0.10000000000117824
raw_A_BB,1433,0.10000000000117283
raw_A_BB,1434,0.10000000000116757
raw_A_BB,1435,0.10000000000116444
raw_A_BB,1436,0.10000000000115548
raw_A_BB,1437,0.10000000000115017
raw_A_BB,1438,0.10000000000114499
raw_A_BB,1439,0.10000000000113304
raw_A_BB,1440,0.10000000000112247
raw_A_BB,1441,0.10000000000111929
raw_A_BB,1442,0.10000000000111237
raw_A_BB,1443,0.10000000000110867
raw_A_BB,1444,0.1000000000010968
raw_A_BB,1445,0.10000000000108858
raw_A_BB,1446,0.10000000000108328
raw_A_BB,1447,0.10000000000107605
raw_A_BB,1448,0.10000000000107262
raw_A_BB,1449,0.10000000000106782
raw_A_BB,1450,0.1000000000010631
raw_A_BB,1451,0.10000000000105445
raw_A_BB,1452,0.1000000000010473
raw_A_BB,1453,0.10000000000103887
raw_A_BB,1454,0.10000000000103602
raw_A_BB,1455,0.10000000000103199
raw_A_BB,1456,0.10000000000102734
raw_A_BB,1457,0.10000000000101643
raw_A_BB,1458,0.10000000000101364
raw_A_BB,1459,0.10000000000100585
raw_A_BB,1460,0.1000000000010005
raw_A_BB,1461,0.10000000000099353
raw_A_BB,1462,0.10000000000098756
raw_A_BB,1463,0.10000000000097846
raw_A_BB,1464,0.10000000000097409
raw_A_BB,1465,0.10000000000097195
raw_A_BB,1466,0.10000000000096751
raw_A_BB,1467,0.10000000000095892
raw_A_BB,1468,0.10000000000095739
raw_A_BB,1469,0.10000000000094626
raw_A_BB,1470,0.10000000000094161
raw_A_BB,1471,0.10000000000093162
raw_A_BB,1472,0.10000000000093014
raw_A_BB,1473,0.10000000000092496
raw_A_BB,1474,0.10000000000091636
raw_A_BB,1475,0.1000000000009075
raw_A_BB,1476,0.1000000000009038
raw_A_BB,1477,0.10000000000090001
raw_A_BB,1478,0.10000000000089554
raw_A_BB,1479,0.1000000000008909
raw_A_BB,1480,0.10000000000088329
raw_A_BB,1481,0.1000000000008763
raw_A_BB,1482,0.10000000000087315
raw_A_BB,1483,0.10000000000086794
raw_A_BB,1484,0.10000000000085899
raw_A_BB,1485,0.1000000000008561
raw_A_BB,1486,0.10000000000084718
raw_A_BB,1487,0.10000000000084495
raw_A_BB,1488,0.10000000000083893
raw_A_BB,1489,0.10000000000083331
raw_A_BB,1490,0.10000000000082901
raw_A_BB,1491,0.10000000000082397
raw_A_BB,1492,0.10000000000081824
raw_A_BB,1493,0.10000000000081408
raw_A_BB,1494,0.10000000000080808
raw_A_BB,1495,0.10000000000080127
raw_A_BB,1496,0.1000000000007971
raw_A_BB,1497,0.10000000000079368
raw_A_BB,1498,0.10000000000079008
raw_A_BB,1499,0.10000000000078382
raw_A_BB,1500,0.10000000000077561
raw_A_BB,1501,0.10000000000077247
raw_A_BB,1502,0.10000000000076499
raw_A_BB,1503,0.10000000000075845
raw_A_BB,1504,0.10000000000075356
raw_A_BB,1505,0.10000000000075074
raw_A_BB,1506,0.10000000000074603
raw_A_BB,1507,0.1000000000007386
raw_A_BB,1508,0.10000000000073599
raw_A_BB,1509,0.10000000000073202
raw_A_BB,1510,0.10000000000072883
raw_A_BB,1511,0.10000000000072608
raw_A_BB,1512,0.10000000000072262
raw_A_BB,1513,0.10000000000071196
raw_A_BB,1514,0.10000000000070224
raw_A_BB,1515,0.10000000000069846
raw_A_BB,1516,0.10000000000069686
raw_A_BB,1517,0.10000000000069102
raw_A_BB,1518,0.10000000000068797
raw_A_BB,1519,0.10000000000068106
raw_A_BB,1520,0.10000000000067343
raw_A_BB,1521,0.1000000000006683
raw_A_BB,1522,0.10000000000066636
raw_A_BB,1523,0.10000000000065473
raw_A_BB,1524,0.1000000000006523
raw_A_BB,1525,0.10000000000064452
raw_A_BB,1526,0.10000000000064074
raw_A_BB,1527,0.10000000000063791
raw_A_BB,1528,0.1000000000006344
raw_A_BB,1529,0.10000000000062938
raw_A_BB,1530,0.10000000000062707
raw_A_BB,1531,0.10000000000062076
raw_A_BB,1532,0.10000000000061676
raw_A_BB,1533,0.10000000000061367
raw_A_BB,1534,0.10000000000060358
raw_A_BB,1535,0.10000000000060016
raw_A_BB,1536,0.10000000000059377
raw_A_BB,1537,0.10000000000059048
raw_A_BB,1538,0.10000000000058444
raw_A_BB,1539,0.10000000000058015
raw_A_BB,1540,0.10000000000057359
raw_A_BB,1541,0.10000000000057017
raw_A_BB,1542,0.10000000000056783
raw_A_BB,1543,0.10000000000056372
raw_A_BB,1544,0.10000000000055898
raw_A_BB,1545,0.10000000000055564
raw_A_BB,1546,0.10000000000055079
raw_A_BB,1547,0.10000000000054518
raw_A_BB,1548,0.10000000000054267
raw_A_BB,1549,0.10000000000053878
raw_A_BB,1550,0.10000000000053483
raw_A_BB,1551,0.10000000000052815
raw_A_BB,1552,0.10000000000052643
raw_A_BB,1553,0.10000000000052091
raw_A_BB,1554,0.10000000000051691
raw_A_BB,1555,0.10000000000051397
raw_A_BB,1556,0.10000000000050549
raw_A_BB,1557,0.10000000000049963
raw_A_BB,1558,0.10000000000049615
raw_A_BB,1559,0.10000000000049246
raw_A_BB,1560,0.1000000000004875
raw_A_BB,1561,0.10000000000048326
raw_A_BB,1562,0.10000000000048015
raw_A_BB,1563,0.10000000000047696
raw_A_BB,1564,0.10000000000047399
raw_A_BB,1565,0.10000000000046744
raw_A_BB,1566,0.10000000000046062
raw_A_BB,1567,0.10000000000045935
raw_A_BB,1568,0.10000000000045242
raw_A_BB,1569,0.10000000000044745
raw_A_BB,1570,0.10000000000044387
raw_A_BB,1571,0.10000000000043956
raw_A_BB,1572,0.1000000000004345
raw_A_BB,1573,0.10000000000043165
raw_A_BB,1574,0.1000000000004253
raw_A_BB,1575,0.10000000000041875
raw_A_BB,1576,0.10000000000041409
raw_A_BB,1577,0.1000000000004107
raw_A_BB,1578,0.10000000000040647
raw_A_BB,1579,0.10000000000040495
raw_A_BB,1580,0.10000000000039999
raw_A_BB,1581,0.10000000000039787
raw_A_BB,1582,0.10000000000039354
raw_A_BB,1583,0.10000000000038867
raw_A_BB,1584,0.10000000000038349
raw_A_BB,1585,0.10000000000038087
raw_A_BB,1586,0.10000000000037636
raw_A_BB,1587,0.10000000000036918
raw_A_BB,1588,0.10000000000036595
raw_A_BB,1589,0.10000000000036319
raw_A_BB,1590,0.10000000000035847
raw_A_BB,1591,0.1000000000003525
raw_A_BB,1592,0.10000000000034785
raw_A_BB,1593,0.10000000000034633
raw_A_BB,1594,0.10000000000033782
raw_A_BB,1595,0.1000000000003354
raw_A_BB,1596,0.10000000000033046
raw_A_BB,1597,0.10000000000032612
raw_A_BB,1598,0.10000000000032432
raw_A_BB,1599,0.10000000000031566
raw_A_BB,1600,0.1000000000003107
raw_A_BB,1601,0.10000000000030698
raw_A_BB,1602,0.10000000000030478
raw_A_BB,1603,0.1000000000002921
raw_A_BB,1604,0.10000000000029098
raw_A_BB,1605,0.10000000000028741
raw_A_BB,1606,0.10000000000028307
raw_A_BB,1607,0.10000000000027934
raw_A_BB,1608,0.10000000000027652
raw_A_BB,1609,0.10000000000027202
raw_A_BB,1610,0.10000000000026844
raw_A_BB,1611,0.10000000000026453
raw_A_BB,1612,0.10000000000026002
raw_A_BB,1613,0.10000000000025877
raw_A_BB,1614,0.10000000000025203
raw_A_BB,1615,0.10000000000025036
raw_A_BB,1616,0.10000000000024833
raw_A_BB,1617,0.10000000000024399
raw_A_BB,1618,0.10000000000023539
raw_A_BB,1619,0.10000000000023085
raw_A_BB,1620,0.10000000000022907
raw_A_BB,1621,0.10000000000022506
raw_A_BB,1622,0.10000000000022113
raw_A_BB,1623,0.10000000000021732
raw_A_BB,1624,0.10000000000021418
raw_A_BB,1625,0.10000000000021189
raw_A_BB,1626,0.10000000000020424
raw_A_BB,1627,0.10000000000020096
raw_A_BB,1628,0.10000000000019475
raw_A_BB,1629,0.10000000000019299
raw_A_BB,1630,0.10000000000019114
raw_A_BB,1631,0.10000000000018694
raw_A_BB,1632,0.1000000000001816
raw_A_BB,1633,0.10000000000017803
raw_A_BB,1634,0.10000000000017371
raw_A_BB,1635,0.10000000000016737
raw_A_BB,1636,0.10000000000016376
raw_A_BB,1637,0.10000000000016165
raw_A_BB,1638,0.10000000000015692
raw_A_BB,1639,0.10000000000015029
raw_A_BB,1640,0.10000000000014783
raw_A_BB,1641,0.10000000000014457
raw_A_BB,1642,0.10000000000014254
raw_A_BB,1643,0.10000000000013959
raw_A_BB,1644,0.10000000000013248
raw_A_BB,1645,0.100000000000131
raw_A_BB,1646,0.10000000000012857
raw_A_BB,1647,0.10000000000012217
raw_A_BB,1648,0.10000000000012052
raw_A_BB,1649,0.10000000000011586
raw_A_BB,1650,0.10000000000011317
raw_A_BB,1651,0.10000000000010965
raw_A_BB,1652,0.10000000000010782
raw_A_BB,1653,0.10000000000010198
raw_A_BB,1654,0.10000000000009898
raw_A_BB,1655,0.10000000000009499
raw_A_BB,1656,0.10000000000009064
raw_A_BB,1657,0.10000000000008445
raw_A_BB,1658,0.10000000000008238
raw_A_BB,1659,0.10000000000007819
raw_A_BB,1660,0.10000000000007282
raw_A_BB,1661,0.10000000000007156
raw_A_BB,1662,0.10000000000006623
raw_A_BB,1663,0.10000000000006518
raw_A_BB,1664,0.1000000000000595
raw_A_BB,1665,0.1000000000000532
raw_A_BB,1666,0.10000000000004748
raw_A_BB,1667,0.10000000000004197
raw_A_BB,1668,0.10000000000003846
raw_A_BB,1669,0.10000000000003553
raw_A_BB,1670,0.10000000000003147
raw_A_BB,1671,0.1000000000000288
raw_A_BB,1672,0.10000000000002532
raw_A_BB,1673,0.1000000000000204
raw_A_BB,1674,0.1000000000000185
raw_A_BB,1675,0.1000000000000146
raw_A_BB,1676,0.1000000000000125
raw_A_BB,1677,0.10000000000000792
raw_A_BB,1678,0.10000000000000529
raw_A_BB,1679,0.10000000000000109
raw_A_BB,1680,0.09999999999999755
raw_A_BB,1681,0.09999999999999058
raw_A_BB,1682,0.09999999999998811
raw_A_BB,1683,0.09999999999998146
raw_A_BB,1684,0.09999999999997634
raw_A_BB,1685,0.09999999999997333
raw_A_BB,1686,0.0999999999999711
raw_A_BB,1687,0.09999999999996861
raw_A_BB,1688,0.09999999999996223
raw_A_BB,1689,0.09999999999995739
raw_A_BB,1690,0.09999999999995628
raw_A_BB,1691,0.09999999999995215
raw_A_BB,1692,0.09999999999994426
raw_A_BB,1693,0.09999999999994334
raw_A_BB,1694,0.09999999999993785
raw_A_BB,1695,0.09999999999993399
raw_A_BB,1696,0.0999999999999297
raw_A_BB,1697,0.09999999999992644
raw_A_BB,1698,0.09999999999992104
raw_A_BB,1699,0.0999999999999195
raw_A_BB,1700,0.09999999999991657
raw_A_BB,1701,0.09999999999991203
raw_A_BB,1702,0.09999999999990809
raw_A_BB,1703,0.09999999999990664
raw_A_BB,1704,0.09999999999990285
raw_A_BB,1705,0.09999999999989513
raw_A_BB,1706,0.09999999999989452
raw_A_BB,1707,0.09999999999988841
raw_A_BB,1708,0.09999999999988202
raw_A_BB,1709,0.0999999999998787
raw_A_BB,1710,0.09999999999987723
raw_A_BB,1711,0.09999999999987494
raw_A_BB,1712,0.09999999999987075
raw_A_BB,1713,0.09999999999986788
raw_A_BB,1714,0.0999999999998599
raw_A_BB,1715,0.09999999999985461
raw_A_BB,1716,0.09999999999985094
raw_A_BB,1717,0.09999999999984913
raw_A_BB,1718,0.09999999999984475
raw_A_BB,1719,0.09999999999984165
raw_A_BB,1720,0.09999999999983619
raw_A_BB,1721,0.09999999999983195
raw_A_BB,1722,0.09999999999982809
raw_A_BB,1723,0.09999999999982397
raw_A_BB,1724,0.099999999999817
raw_A_BB,1725,0.09999999999981513
raw_A_BB,1726,0.09999999999981124
raw_A_BB,1727,0.0999999999998076
raw_A_BB,1728,0.09999999999980483
raw_A_BB,1729,0.09999999999980094
raw_A_BB,1730,0.09999999999979599
raw_A_BB,1731,0.09999999999979162
raw_A_BB,1732,0.0999999999997867
raw_A_BB,1733,0.09999999999978447
raw_A_BB,1734,0.09999999999977573
raw_A_BB,1735,0.09999999999977228
raw_A_BB,1736,0.09999999999976798
raw_A_BB,1737,0.09999999999976211
raw_A_BB,1738,0.09999999999975762
raw_A_BB,1739,0.09999999999975431
raw_A_BB,1740,0.09999999999975223
raw_A_BB,1741,0.09999999999974922
raw_A_BB,1742,0.09999999999974413
raw_A_BB,1743,0.09999999999974102
raw_A_BB,1744,0.09999999999973358
raw_A_BB,1745,0.09999999999973117
raw_A_BB,1746,0.09999999999972835
raw_A_BB,1747,0.09999999999972423
raw_A_BB,1748,0.09999999999971929
raw_A_BB,1749,0.09999999999971344
raw_A_BB,1750,0.09999999999971014
raw_A_BB,1751,0.09999999999970412
raw_A_BB,1752,0.0999999999997023
raw_A_BB,1753,0.0999999999996987
raw_A_BB,1754,0.09999999999969374
raw_A_BB,1755,0.09999999999969163
raw_A_BB,1756,0.09999999999968712
raw_A_BB,1757,0.09999999999968
raw_A_BB,1758,0.09999999999967502
raw_A_BB,1759,0.09999999999967114
raw_A_BB,1760,0.09999999999966637
raw_A_BB,1761,0.09999999999966414
raw_A_BB,1762,0.09999999999965878
raw_A_BB,1763,0.09999999999965534
raw_A_BB,1764,0.0999999999996516
raw_A_BB,1765,0.09999999999964763
raw_A_BB,1766,0.09999999999964335
raw_A_BB,1767,0.09999999999963845
raw_A_BB,1768,0.09999999999963755
raw_A_BB,1769,0.09999999999963334
raw_A_BB,1770,0.099999999999626
raw_A_BB,1771,0.09999999999962356
raw_A_BB,1772,0.09999999999961835
raw_A_BB,1773,0.09999999999961168
raw_A_BB,1774,0.09999999999960678
raw_A_BB,1775,0.09999999999960152
raw_A_BB,1776,0.09999999999959976
raw_A_BB,1777,0.09999999999959767
raw_A_BB,1778,0.09999999999958979
raw_A_BB,1779,0.0999999999995879
raw_A_BB,1780,0.09999999999957829
raw_A_BB,1781,0.09999999999957614
raw_A_BB,1782,0.09999999999957264
raw_A_BB,1783,0.09999999999956631
raw_A_BB,1784,0.09999999999956169
raw_A_BB,1785,0.09999999999955782
raw_A_BB,1786,0.09999999999955274
raw_A_BB,1787,0.09999999999954978
raw_A_BB,1788,0.09999999999954651
raw_A_BB,1789,0.0999999999995392
raw_A_BB,1790,0.09999999999953636
raw_A_BB,1791,0.09999999999952966
raw_A_BB,1792,0.09999999999952844
raw_A_BB,1793,0.0999999999995227
raw_A_BB,1794,0.09999999999951927
raw_A_BB,1795,0.09999999999951216
raw_A_BB,1796,0.09999999999951083
raw_A_BB,1797,0.09999999999950497
raw_A_BB,1798,0.09999999999949766
raw_A_BB,1799,0.09999999999949467
raw_A_BB,1800,0.09999999999949022
raw_A_BB,1801,0.09999999999948513
raw_A_BB,1802,0.09999999999947888
raw_A_BB,1803,0.0999999999994729
raw_A_BB,1804,0.09999999999946879
raw_A_BB,1805,0.09999999999946672
raw_A_BB,1806,0.09999999999946196
raw_A_BB,1807,0.09999999999945616
raw_A_BB,1808,0.09999999999945083
raw_A_BB,1809,0.09999999999944362
raw_A_BB,1810,0.09999999999943972
raw_A_BB,1811,0.09999999999943612
raw_A_BB,1812,0.09999999999943213
raw_A_BB,1813,0.09999999999942442
raw_A_BB,1814,0.09999999999942173
raw_A_BB,1815,0.0999999999994176
raw_A_BB,1816,0.09999999999941374
raw_A_BB,1817,0.09999999999940791
raw_A_BB,1818,0.09999999999940602
raw_A_BB,1819,0.09999999999940139
raw_A_BB,1820,0.09999999999939477
raw_A_BB,1821,0.09999999999938808
raw_A_BB,1822,0.09999999999938466
raw_A_BB,1823,0.0999999999993781
raw_A_BB,1824,0.09999999999937083
raw_A_BB,1825,0.09999999999936515
raw_A_BB,1826,0.09999999999936325
raw_A_BB,1827,0.09999999999935913
raw_A_BB,1828,0.09999999999935483
raw_A_BB,1829,0.0999999999993526
raw_A_BB,1830,0.09999999999934535
raw_A_BB,1831,0.09999999999933691
raw_A_BB,1832,0.09999999999933445
raw_A_BB,1833,0.09999999999932854
raw_A_BB,1834,0.09999999999932341
raw_A_BB,1835,0.09999999999931779
raw_A_BB,1836,0.09999999999931135
raw_A_BB,1837,0.09999999999930505
raw_A_BB,1838,0.09999999999930272
raw_A_BB,1839,0.09999999999929327
raw_A_BB,1840,0.09999999999928745
raw_A_BB,1841,0.09999999999928207
raw_A_BB,1842,0.09999999999927739
raw_A_BB,1843,0.09999999999927194
raw_A_BB,1844,0.09999999999926436
raw_A_BB,1845,0.09999999999925811
raw_A_BB,1846,0.09999999999925506
raw_A_BB,1847,0.09999999999924922
raw_A_BB,1848,0.09999999999924357
raw_A_BB,1849,0.09999999999924045
raw_A_BB,1850,0.09999999999923294
raw_A_BB,1851,0.09999999999922547
raw_A_BB,1852,0.09999999999922324
raw_A_BB,1853,0.09999999999921201
raw_A_BB,1854,0.09999999999920964
raw_A_BB,1855,0.0999999999992054
raw_A_BB,1856,0.09999999999920284
raw_A_BB,1857,0.09999999999919629
raw_A_BB,1858,0.09999999999919228
raw_A_BB,1859,0.09999999999918721
raw_A_BB,1860,0.09999999999918023
raw_A_BB,1861,0.09999999999917034
raw_A_BB,1862,0.09999999999916419
raw_A_BB,1863,0.09999999999915837
raw_A_BB,1864,0.09999999999915721
raw_A_BB,1865,0.09999999999915166
raw_A_BB,1866,0.099999999999145
raw_A_BB,1867,0.09999999999914161
raw_A_BB,1868,0.09999999999913214
raw_A_BB,1869,0.09999999999912937
raw_A_BB,1870,0.09999999999912322
raw_A_BB,1871,0.09999999999911106
raw_A_BB,1872,0.09999999999910722
raw_A_BB,1873,0.09999999999910157
raw_A_BB,1874,0.0999999999990991
raw_A_BB,1875,0.0999999999990932
raw_A_BB,1876,0.09999999999908737
raw_A_BB,1877,0.09999999999908384
raw_A_BB,1878,0.09999999999907169
raw_A_BB,1879,0.09999999999906836
raw_A_BB,1880,0.09999999999906103
raw_A_BB,1881,0.09999999999905589
raw_A_BB,1882,0.09999999999904544
raw_A_BB,1883,0.09999999999904186
raw_A_BB,1884,0.09999999999903911
raw_A_BB,1885,0.0999999999990303
raw_A_BB,1886,0.09999999999902379
raw_A_BB,1887,0.0999999999990195
raw_A_BB,1888,0.09999999999901668
raw_A_BB,1889,0.09999999999900862
raw_A_BB,1890,0.09999999999899807
raw_A_BB,1891,0.09999999999899171
raw_A_BB,1892,0.09999999999898786
raw_A_BB,1893,0.09999999999897953
raw_A_BB,1894,0.09999999999897728
raw_A_BB,1895,0.09999999999897152
raw_A_BB,1896,0.09999999999895647
raw_A_BB,1897,0.0999999999989535
raw_A_BB,1898,0.09999999999894404
raw_A_BB,1899,0.0999999999989408
raw_A_BB,1900,0.09999999999893487
raw_A_BB,1901,0.09999999999892646
raw_A_BB,1902,0.09999999999892013
raw_A_BB,1903,0.09999999999891232
raw_A_BB,1904,0.09999999999890913
raw_A_BB,1905,0.09999999999890315
raw_A_BB,1906,0.09999999999889322
raw_A_BB,1907,0.09999999999888759
raw_A_BB,1908,0.09999999999887756
raw_A_BB,1909,0.09999999999886998
raw_A_BB,1910,0.0999999999988671
raw_A_BB,1911,0.0999999999988578
raw_A_BB,1912,0.09999999999885466
raw_A_BB,1913,0.09999999999884797
raw_A_BB,1914,0.09999999999884354
raw_A_BB,1915,0.09999999999883608
raw_A_BB,1916,0.09999999999882642
raw_A_BB,1917,0.09999999999882056
raw_A_BB,1918,0.09999999999881228
raw_A_BB,1919,0.09999999999880702
raw_A_BB,1920,0.09999999999880073
raw_A_BB,1921,0.09999999999878136
raw_A_BB,1922,0.09999999999877522
raw_A_BB,1923,0.09999999999876975
raw_A_BB,1924,0.09999999999876456
raw_A_BB,1925,0.09999999999875504
raw_A_BB,1926,0.09999999999874838
raw_A_BB,1927,0.09999999999874118
raw_A_BB,1928,0.09999999999873418
raw_A_BB,1929,0.09999999999872433
raw_A_BB,1930,0.0999999999987211
raw_A_BB,1931,0.09999999999871084
raw_A_BB,1932,0.09999999999870798
raw_A_BB,1933,0.09999999999870529
raw_A_BB,1934,0.09999999999869502
raw_A_BB,1935,0.09999999999869
raw_A_BB,1936,0.09999999999867845
raw_A_BB,1937,0.09999999999867502
raw_A_BB,1938,0.0999999999986711
raw_A_BB,1939,0.09999999999866052
raw_A_BB,1940,0.09999999999864899
raw_A_BB,1941,0.09999999999864123
raw_A_BB,1942,0.09999999999863189
raw_A_BB,1943,0.09999999999862667
raw_A_BB,1944,0.09999999999861699
raw_A_BB,1945,0.09999999999861106
raw_A_BB,1946,0.09999999999860036
raw_A_BB,1947,0.09999999999859754
raw_A_BB,1948,0.09999999999859054
raw_A_BB,1949,0.09999999999857659
raw_A_BB,1950,0.09999999999857044
raw_A_BB,1951,0.09999999999856166
raw_A_BB,1952,0.09999999999854868
raw_A_BB,1953,0.09999999999854348
raw_A_BB,1954,0.09999999999854081
raw_A_BB,1955,0.09999999999852967
raw_A_BB,1956,0.09999999999852487
raw_A_BB,1957,0.09999999999851181
raw_A_BB,1958,0.09999999999850281
raw_A_BB,1959,0.09999999999849334
raw_A_BB,1960,0.09999999999848354
raw_A_BB,1961,0.09999999999848007
raw_A_BB,1962,0.09999999999847277
raw_A_BB,1963,0.09999999999846479
raw_A_BB,1964,0.09999999999845954
raw_A_BB,1965,0.09999999999844945
raw_A_BB,1966,0.09999999999843293
raw_A_BB,1967,0.09999999999842477
raw_A_BB,1968,0.09999999999841842
raw_A_BB,1969,0.09999999999841036
raw_A_BB,1970,0.09999999999840292
raw_A_BB,1971,0.09999999999839448
raw_A_BB,1972,0.0999999999983852
raw_A_BB,1973,0.09999999999837703
raw_A_BB,1974,0.09999999999836984
raw_A_BB,1975,0.0999999999983612
raw_A_BB,1976,0.09999999999835116
raw_A_BB,1977,0.09999999999833964
raw_A_BB,1978,0.09999999999832708
raw_A_BB,1979,0.09999999999832003
raw_A_BB,1980,0.09999999999831326
raw_A_BB,1981,0.09999999999829953
raw_A_BB,1982,0.09999999999829481
raw_A_BB,1983,0.0999999999982852
raw_A_BB,1984,0.09999999999827959
raw_A_BB,1985,0.09999999999827008
raw_A_BB,1986,0.09999999999826098
raw_A_BB,1987,0.09999999999824569
raw_A_BB,1988,0.0999999999982429
raw_A_BB,1989,0.09999999999822963
raw_A_BB,1990,0.09999999999822315
raw_A_BB,1991,0.09999999999821466
raw_A_BB,1992,0.09999999999819882
raw_A_BB,1993,0.09999999999818816
raw_A_BB,1994,0.09999999999817802
raw_A_BB,1995,0.09999999999816828
raw_A_BB,1996,0.09999999999816345
raw_A_BB,1997,0.09999999999814975
raw_A_BB,1998,0.09999999999814137
raw_A_BB,1999,0.09999999999813616
raw_A_BB,2000,0.09999999999812899
raw_A_BB,2001,0.09999999999811314
raw_A_BB,2002,0.09999999999810168
raw_A_BB,2003,0.0999999999980948
raw_A_BB,2004,0.09999999999808076
raw_A_BB,2005,0.09999999999807448
raw_A_BB,2006,0.09999999999806787
raw_A_BB,2007,0.09999999999805767
raw_A_BB,2008,0.09999999999804562
raw_A_BB,2009,0.0999999999980322
raw_A_BB,2010,0.09999999999801411
raw_A_BB,2011,0.09999999999800893
raw_A_BB,2012,0.09999999999800259
raw_A_BB,2013,0.09999999999799201
raw_A_BB,2014,0.09999999999797751
raw_A_BB,2015,0.09999999999796294
raw_A_BB,2016,0.09999999999795034
raw_A_BB,2017,0.0999999999979494
raw_A_BB,2018,0.0999999999979345
raw_A_BB,2019,0.09999999999791834
raw_A_BB,2020,0.09999999999791023
raw_A_BB,2021,0.09999999999790508
raw_A_BB,2022,0.0999999999978925
raw_A_BB,2023,0.09999999999787446
raw_A_BB,2024,0.09999999999786581
raw_A_BB,2025,0.09999999999784952
raw_A_BB,2026,0.09999999999784563
raw_A_BB,2027,0.09999999999783443
raw_A_BB,2028,0.09999999999782108
raw_A_BB,2029,0.09999999999781202
raw_A_BB,2030,0.09999999999780074
raw_A_BB,2031,0.09999999999779172
raw_A_BB,2032,0.09999999999777955
raw_A_BB,2033,0.09999999999776611
raw_A_BB,2034,0.09999999999774671
raw_A_BB,2035,0.09999999999773385
raw_A_BB,2036,0.09999999999773122
raw_A_BB,2037,0.09999999999771614
raw_A_BB,2038,0.09999999999770855
raw_A_BB,2039,0.09999999999769377
raw_A_BB,2040,0.09999999999767552
raw_A_BB,2041,0.09999999999766984
raw_A_BB,2042,0.09999999999766498
raw_A_BB,2043,0.09999999999765895
raw_A_BB,2044,0.09999999999763795
raw_A_BB,2045,0.09999999999761948
raw_A_BB,2046,0.09999999999759916
raw_A_BB,2047,0.09999999999759324
raw_A_BB,2048,0.09999999999758757
raw_A_BB,2049,0.09999999999756694
raw_A_BB,2050,0.09999999999754873
raw_A_BB,2051,0.09999999999754236
raw_A_BB,2052,0.09999999999752335
raw_A_BB,2053,0.09999999999751785
raw_A_BB,2054,0.09999999999750643
raw_A_BB,2055,0.09999999999748926
raw_A_BB,2056,0.09999999999747616
raw_A_BB,2057,0.09999999999746369
raw_A_BB,2058,0.09999999999744753
raw_A_BB,2059,0.0999999999974288
raw_A_BB,2060,0.09999999999741349
raw_A_BB,2061,0.09999999999740151
raw_A_BB,2062,0.09999999999739079
raw_A_BB,2063,0.09999999999738232
raw_A_BB,2064,0.09999999999737076
raw_A_BB,2065,0.09999999999733396
raw_A_BB,2066,0.09999999999732662
raw_A_BB,2067,0.099999999997315
raw_A_BB,2068,0.09999999999730141
raw_A_BB,2069,0.09999999999729263
raw_A_BB,2070,0.09999999999728001
raw_A_BB,2071,0.0999999999972646
raw_A_BB,2072,0.09999999999724317
raw_A_BB,2073,0.09999999999723762
raw_A_BB,2074,0.09999999999723184
raw_A_BB,2075,0.09999999999721418
raw_A_BB,2076,0.09999999999719397
raw_A_BB,2077,0.09999999999717712
raw_A_BB,2078,0.09999999999717088
raw_A_BB,2079,0.09999999999715024
raw_A_BB,2080,0.09999999999713738
raw_A_BB,2081,0.09999999999711469
raw_A_BB,2082,0.09999999999709448
raw_A_BB,2083,0.09999999999708288
raw_A_BB,2084,0.09999999999706069
raw_A_BB,2085,0.09999999999704547
raw_A_BB,2086,0.09999999999703763
raw_A_BB,2087,0.09999999999702312
raw_A_BB,2088,0.09999999999701312
raw_A_BB,2089,0.09999999999699133
raw_A_BB,2090,0.09999999999697969
raw_A_BB,2091,0.09999999999697269
raw_A_BB,2092,0.09999999999694437
raw_A_BB,2093,0.09999999999693461
raw_A_BB,2094,0.09999999999692238
raw_A_BB,2095,0.09999999999689049
raw_A_BB,2096,0.09999999999688126
raw_A_BB,2097,0.09999999999686841
raw_A_BB,2098,0.0999999999968347
raw_A_BB,2099,0.09999999999682446
raw_A_BB,2100,0.09999999999682001
raw_A_BB,2101,0.0999999999968009
raw_A_BB,2102,0.09999999999678882
raw_A_BB,2103,0.09999999999677041
raw_A_BB,2104,0.0999999999967436
raw_A_BB,2105,0.09999999999673487
raw_A_BB,2106,0.0999999999967089
raw_A_BB,2107,0.09999999999668675
raw_A_BB,2108,0.0999999999966737
raw_A_BB,2109,0.09999999999665385
raw_A_BB,2110,0.0999999999966247
raw_A_BB,2111,0.09999999999661155
raw_A_BB,2112,0.09999999999658986
raw_A_BB,2113,0.09999999999656452
raw_A_BB,2114,0.0999999999965499
raw_A_BB,2115,0.09999999999653394
raw_A_BB,2116,0.09999999999651993
raw_A_BB,2117,0.09999999999650094
raw_A_BB,2118,0.09999999999647512
raw_A_BB,2119,0.09999999999643894
raw_A_BB,2120,0.09999999999641265
raw_A_BB,2121,0.09999999999639621
raw_A_BB,2122,0.09999999999639024
raw_A_BB,2123,0.09999999999635559
raw_A_BB,2124,0.09999999999632732
raw_A_BB,2125,0.09999999999630617
raw_A_BB,2126,0.0999999999962891
raw_A_BB,2127,0.0999999999962843
raw_A_BB,2128,0.09999999999624455
raw_A_BB,2129,0.09999999999622332
raw_A_BB,2130,0.099999999996188
raw_A_BB,2131,0.09999999999617873
raw_A_BB,2132,0.09999999999615929
raw_A_BB,2133,0.09999999999613775
raw_A_BB,2134,0.0999999999961124
raw_A_BB,2135,0.09999999999608605
raw_A_BB,2136,0.09999999999606735
raw_A_BB,2137,0.09999999999604643
raw_A_BB,2138,0.09999999999601755
raw_A_BB,2139,0.09999999999600225
raw_A_BB,2140,0.09999999999596632
raw_A_BB,2141,0.09999999999595174
raw_A_BB,2142,0.09999999999593137
raw_A_BB,2143,0.09999999999591859
raw_A_BB,2144,0.09999999999588834
raw_A_BB,2145,0.09999999999586863
raw_A_BB,2146,0.09999999999585032
raw_A_BB,2147,0.09999999999583803
raw_A_BB,2148,0.09999999999580392
raw_A_BB,2149,0.099999999995783
raw_A_BB,2150,0.099999999995743
raw_A_BB,2151,0.09999999999571572
raw_A_BB,2152,0.09999999999569174
raw_A_BB,2153,0.09999999999568278
raw_A_BB,2154,0.099999999995639
raw_A_BB,2155,0.09999999999562316
raw_A_BB,2156,0.09999999999559286
raw_A_BB,2157,0.09999999999557801
raw_A_BB,2158,0.09999999999553728
raw_A_BB,2159,0.0999999999954968
raw_A_BB,2160,0.09999999999547912
raw_A_BB,2161,0.09999999999546806
raw_A_BB,2162,0.09999999999544944
raw_A_BB,2163,0.09999999999542337
raw_A_BB,2164,0.0999999999953849
raw_A_BB,2165,0.09999999999535823
raw_A_BB,2166,0.0999999999953328
raw_A_BB,2167,0.09999999999530972
raw_A_BB,2168,0.09999999999527898
raw_A_BB,2169,0.0999999999952442
raw_A_BB,2170,0.0999999999952133
raw_A_BB,2171,0.09999999999520032
raw_A_BB,2172,0.09999999999517037
raw_A_BB,2173,0.09999999999514313
raw_A_BB,2174,0.09999999999511242
raw_A_BB,2175,0.09999999999506648
raw_A_BB,2176,0.09999999999505246
raw_A_BB,2177,0.09999999999504137
raw_A_BB,2178,0.09999999999501274
raw_A_BB,2179,0.09999999999497713
raw_A_BB,2180,0.0999999999949182
raw_A_BB,2181,0.09999999999488589
raw_A_BB,2182,0.09999999999485727
raw_A_BB,2183,0.09999999999482925
raw_A_BB,2184,0.09999999999479472
raw_A_BB,2185,0.0999999999947592
raw_A_BB,2186,0.09999999999473434
raw_A_BB,2187,0.09999999999467717
raw_A_BB,2188,0.09999999999464025
raw_A_BB,2189,0.09999999999462533
raw_A_BB,2190,0.09999999999461315
raw_A_BB,2191,0.0999999999945683
raw_A_BB,2192,0.09999999999455547
raw_A_BB,2193,0.09999999999452677
raw_A_BB,2194,0.09999999999448893
raw_A_BB,2195,0.09999999999445795
raw_A_BB,2196,0.0999999999944199
raw_A_BB,2197,0.09999999999439639
raw_A_BB,2198,0.09999999999433626
raw_A_BB,2199,0.09999999999430172
raw_A_BB,2200,0.09999999999424765
raw_A_BB,2201,0.09999999999421398
raw_A_BB,2202,0.0999999999941714
raw_A_BB,2203,0.09999999999415195
raw_A_BB,2204,0.09999999999412114
raw_A_BB,2205,0.09999999999405453
raw_A_BB,2206,0.09999999999402526
raw_A_BB,2207,0.09999999999397473
raw_A_BB,2208,0.09999999999394255
raw_A_BB,2209,0.09999999999390487
raw_A_BB,2210,0.09999999999389592
raw_A_BB,2211,0.09999999999385273
raw_A_BB,2212,0.09999999999383136
raw_A_BB,2213,0.09999999999378324
raw_A_BB,2214,0.09999999999377424
raw_A_BB,2215,0.09999999999373328
raw_A_BB,2216,0.09999999999368038
raw_A_BB,2217,0.09999999999362802
raw_A_BB,2218,0.09999999999357166
raw_A_BB,2219,0.09999999999351425
raw_A_BB,2220,0.09999999999349475
raw_A_BB,2221,0.09999999999345996
raw_A_BB,2222,0.09999999999344539
raw_A_BB,2223,0.09999999999336943
raw_A_BB,2224,0.09999999999332995
raw_A_BB,2225,0.09999999999329928
raw_A_BB,2226,0.09999999999323855
raw_A_BB,2227,0.09999999999321407
raw_A_BB,2228,0.09999999999311791
raw_A_BB,2229,0.09999999999308419
raw_A_BB,2230,0.09999999999306498
raw_A_BB,2231,0.0999999999930252
raw_A_BB,2232,0.09999999999291717
raw_A_BB,2233,0.0999999999928836
raw_A_BB,2234,0.09999999999286599
raw_A_BB,2235,0.0999999999928229
raw_A_BB,2236,0.09999999999273804
raw_A_BB,2237,0.09999999999271433
raw_A_BB,2238,0.09999999999269232
raw_A_BB,2239,0.09999999999261519
raw_A_BB,2240,0.09999999999254441
raw_A_BB,2241,0.09999999999249855
raw_A_BB,2242,0.09999999999247232
raw_A_BB,2243,0.09999999999242452
raw_A_BB,2244,0.0999999999923772
raw_A_BB,2245,0.09999999999231098
raw_A_BB,2246,0.09999999999223906
raw_A_BB,2247,0.09999999999221316
raw_A_BB,2248,0.09999999999215907
raw_A_BB,2249,0.09999999999211098
raw_A_BB,2250,0.09999999999206664
raw_A_BB,2251,0.0999999999920044
raw_A_BB,2252,0.09999999999196624
raw_A_BB,2253,0.09999999999189878
raw_A_BB,2254,0.0999999999918372
raw_A_BB,2255,0.09999999999175925
raw_A_BB,2256,0.09999999999173703
raw_A_BB,2257,0.0999999999916721
raw_A_BB,2258,0.09999999999160905
raw_A_BB,2259,0.09999999999159223
raw_A_BB,2260,0.09999999999156983
raw_A_BB,2261,0.09999999999146703
raw_A_BB,2262,0.0999999999913982
raw_A_BB,2263,0.09999999999134584
raw_A_BB,2264,0.09999999999125235
raw_A_BB,2265,0.09999999999119362
raw_A_BB,2266,0.09999999999117827
raw_A_BB,2267,0.09999999999105402
raw_A_BB,2268,0.099999999991008
raw_A_BB,2269,0.0999999999908995
raw_A_BB,2270,0.09999999999084284
raw_A_BB,2271,0.0999999999907885
raw_A_BB,2272,0.09999999999071893
raw_A_BB,2273,0.09999999999069221
raw_A_BB,2274,0.09999999999061013
raw_A_BB,2275,0.09999999999044433
raw_A_BB,2276,0.099999999990413
raw_A_BB,2277,0.09999999999034873
raw_A_BB,2278,0.09999999999031632
raw_A_BB,2279,0.09999999999026901
raw_A_BB,2280,0.09999999999016815
raw_A_BB,2281,0.09999999999012946
raw_A_BB,2282,0.09999999999008313
raw_A_BB,2283,0.09999999998995152
raw_A_BB,2284,0.09999999998986885
raw_A_BB,2285,0.0999999999897692
raw_A_BB,2286,0.0999999999897364
raw_A_BB,2287,0.09999999998960865
raw_A_BB,2288,0.09999999998955825
raw_A_BB,2289,0.0999999999895118
raw_A_BB,2290,0.0999999999893845
raw_A_BB,2291,0.09999999998928866
raw_A_BB,2292,0.09999999998916223
raw_A_BB,2293,0.0999999999891102
raw_A_BB,2294,0.09999999998908163
raw_A_BB,2295,0.09999999998900305
raw_A_BB,2296,0.0999999999889175
raw_A_BB,2297,0.09999999998877725
raw_A_BB,2298,0.09999999998870819
raw_A_BB,2299,0.09999999998860512
raw_A_BB,2300,0.0999999999885526
raw_A_BB,2301,0.09999999998844943
raw_A_BB,2302,0.09999999998837218
raw_A_BB,2303,0.09999999998829111
raw_A_BB,2304,0.09999999998816994
raw_A_BB,2305,0.09999999998813631
raw_A_BB,2306,0.09999999998804913
raw_A_BB,2307,0.09999999998791165
raw_A_BB,2308,0.0999999999878562
raw_A_BB,2309,0.09999999998772953
raw_A_BB,2310,0.09999999998764811
raw_A_BB,2311,0.09999999998756229
raw_A_BB,2312,0.09999999998752157
raw_A_BB,2313,0.09999999998740662
raw_A_BB,2314,0.09999999998728827
raw_A_BB,2315,0.09999999998716405
raw_A_BB,2316,0.09999999998706537
raw_A_BB,2317,0.09999999998695647
raw_A_BB,2318,0.09999999998686122
raw_A_BB,2319,0.09999999998669573
raw_A_BB,2320,0.09999999998656849
raw_A_BB,2321,0.09999999998647749
raw_A_BB,2322,0.09999999998632039
raw_A_BB,2323,0.0999999999862748
raw_A_BB,2324,0.09999999998613025
raw_A_BB,2325,0.09999999998600227
raw_A_BB,2326,0.09999999998594294
raw_A_BB,2327,0.09999999998589108
raw_A_BB,2328,0.09999999998572616
raw_A_BB,2329,0.09999999998562155
raw_A_BB,2330,0.09999999998546402
raw_A_BB,2331,0.09999999998534703
raw_A_BB,2332,0.09999999998517575
raw_A_BB,2333,0.09999999998502056
raw_A_BB,2334,0.09999999998485563
raw_A_BB,2335,0.09999999998477394
raw_A_BB,2336,0.0999999999846816
raw_A_BB,2337,0.09999999998463872
raw_A_BB,2338,0.09999999998441779
raw_A_BB,2339,0.09999999998425008
raw_A_BB,2340,0.09999999998418425
raw_A_BB,2341,0.0999999999840447
raw_A_BB,2342,0.09999999998390584
raw_A_BB,2343,0.09999999998379537
raw_A_BB,2344,0.09999999998369644
raw_A_BB,2345,0.09999999998350578
raw_A_BB,2346,0.09999999998336254
raw_A_BB,2347,0.09999999998320859
raw_A_BB,2348,0.09999999998312596
raw_A_BB,2349,0.09999999998295389
raw_A_BB,2350,0.09999999998283177
raw_A_BB,2351,0.09999999998279288
raw_A_BB,2352,0.09999999998262629
raw_A_BB,2353,0.09999999998242463
raw_A_BB,2354,0.09999999998222643
raw_A_BB,2355,0.09999999998216583
raw_A_BB,2356,0.0999999999819824
raw_A_BB,2357,0.0999999999819374
raw_A_BB,2358,0.09999999998171057
raw_A_BB,2359,0.09999999998158085
raw_A_BB,2360,0.09999999998147505
raw_A_BB,2361,0.09999999998129462
raw_A_BB,2362,0.0999999999812006
raw_A_BB,2363,0.09999999998096158
raw_A_BB,2364,0.09999999998064686
raw_A_BB,2365,0.09999999998049197
raw_A_BB,2366,0.09999999998029684
raw_A_BB,2367,0.0999999999800378
raw_A_BB,2368,0.09999999997990558
raw_A_BB,2369,0.09999999997969143
raw_A_BB,2370,0.09999999997956002
raw_A_BB,2371,0.09999999997933946
raw_A_BB,2372,0.09999999997921549
raw_A_BB,2373,0.0999999999789352
raw_A_BB,2374,0.09999999997876122
raw_A_BB,2375,0.09999999997862274
raw_A_BB,2376,0.09999999997852971
raw_A_BB,2377,0.09999999997826685
raw_A_BB,2378,0.09999999997799887
raw_A_BB,2379,0.09999999997773183
raw_A_BB,2380,0.09999999997760742
raw_A_BB,2381,0.09999999997740587
raw_A_BB,2382,0.09999999997702945
raw_A_BB,2383,0.09999999997696478
raw_A_BB,2384,0.09999999997668163
raw_A_BB,2385,0.09999999997646013
raw_A_BB,2386,0.09999999997616495
raw_A_BB,2387,0.09999999997593208
raw_A_BB,2388,0.09999999997580293
raw_A_BB,2389,0.09999999997564314
raw_A_BB,2390,0.09999999997500453
raw_A_BB,2391,0.09999999997483866
raw_A_BB,2392,0.09999999997458371
raw_A_BB,2393,0.09999999997440832
raw_A_BB,2394,0.09999999997432428
raw_A_BB,2395,0.09999999997406414
raw_A_BB,2396,0.0999999999735525
raw_A_BB,2397,0.09999999997321209
raw_A_BB,2398,0.09999999997290956
raw_A_BB,2399,0.09999999997268187
raw_A_BB,2400,0.09999999997245436
raw_A_BB,2401,0.09999999997221871
raw_A_BB,2402,0.0999999999717449
raw_A_BB,2403,0.09999999997156639
raw_A_BB,2404,0.09999999997097408
raw_A_BB,2405,0.09999999997072588
raw_A_BB,2406,0.09999999997050608
raw_A_BB,2407,0.09999999997028171
raw_A_BB,2408,0.09999999996992914
raw_A_BB,2409,0.09999999996959988
raw_A_BB,2410,0.09999999996929765
raw_A_BB,2411,0.09999999996862038
raw_A_BB,2412,0.09999999996850605
raw_A_BB,2413,0.099999999968183
raw_A_BB,2414,0.09999999996796051
raw_A_BB,2415,0.0999999999675819
raw_A_BB,2416,0.09999999996685426
raw_A_BB,2417,0.09999999996665185
raw_A_BB,2418,0.09999999996656958
raw_A_BB,2419,0.09999999996613444
raw_A_BB,2420,0.09999999996602929
raw_A_BB,2421,0.09999999996584491
raw_A_BB,2422,0.09999999996549348
raw_A_BB,2423,0.09999999996500052
raw_A_BB,2424,0.09999999996436727
raw_A_BB,2425,0.09999999996409131
raw_A_BB,2426,0.09999999996346458
raw_A_BB,2427,0.09999999996317789
raw_A_BB,2428,0.09999999996293926
raw_A_BB,2429,0.09999999996260968
raw_A_BB,2430,0.09999999996221934
raw_A_BB,2431,0.09999999996173958
raw_A_BB,2432,0.09999999996088507
raw_A_BB,2433,0.09999999996080232
raw_A_BB,2434,0.09999999996030684
raw_A_BB,2435,0.0999999999599629
raw_A_BB,2436,0.09999999995956545
raw_A_BB,2437,0.09999999995883758
raw_A_BB,2438,0.09999999995841793
raw_A_BB,2439,0.09999999995811036
raw_A_BB,2440,0.09999999995749678
raw_A_BB,2441,0.09999999995719946
raw_A_BB,2442,0.0999999999560834
raw_A_BB,2443,0.09999999995588384
raw_A_BB,2444,0.09999999995529252
raw_A_BB,2445,0.09999999995480911
raw_A_BB,2446,0.09999999995400932
raw_A_BB,2447,0.09999999995341402
raw_A_BB,2448,0.09999999995296488
raw_A_BB,2449,0.09999999995221633
raw_A_BB,2450,0.09999999995199371
raw_A_BB,2451,0.0999999999512655
raw_A_BB,2452,0.09999999995081132
raw_A_BB,2453,0.09999999995049626
raw_A_BB,2454,0.09999999994979657
raw_A_BB,2455,0.0999999999486985
raw_A_BB,2456,0.0999999999486281
raw_A_BB,2457,0.09999999994763935
raw_A_BB,2458,0.0999999999472364
raw_A_BB,2459,0.09999999994668231
raw_A_BB,2460,0.09999999994574844
raw_A_BB,2461,0.09999999994442203
raw_A_BB,2462,0.09999999994389085
raw_A_BB,2463,0.09999999994334753
raw_A_BB,2464,0.09999999994273419
raw_A_BB,2465,0.09999999994172228
raw_A_BB,2466,0.0999999999408934
raw_A_BB,2467,0.0999999999406569
raw_A_BB,2468,0.09999999993949935
raw_A_BB,2469,0.09999999993886104
raw_A_BB,2470,0.09999999993771683
raw_A_BB,2471,0.09999999993715389
raw_A_BB,2472,0.09999999993611472
raw_A_BB,2473,0.09999999993565284
raw_A_BB,2474,0.0999999999351832
raw_A_BB,2475,0.09999999993362818
raw_A_BB,2476,0.09999999993266664
raw_A_BB,2477,0.0999999999319151
raw_A_BB,2478,0.09999999993014239
raw_A_BB,2479,0.09999999992941433
raw_A_BB,2480,0.0999999999283671
raw_A_BB,2481,0.09999999992731257
raw_A_BB,2482,0.09999999992649268
raw_A_BB,2483,0.09999999992483545
raw_A_BB,2484,0.09999999992423948
raw_A_BB,2485,0.09999999992174559
raw_A_BB,2486,0.0999999999212112
raw_A_BB,2487,0.0999999999200315
raw_A_BB,2488,0.09999999991921514
raw_A_BB,2489,0.09999999991775205
raw_A_BB,2490,0.09999999991640762
raw_A_BB,2491,0.09999999991579053
raw_A_BB,2492,0.09999999991314053
raw_A_BB,2493,0.0999999999118115
raw_A_BB,2494,0.09999999991017945
raw_A_BB,2495,0.09999999990920784
raw_A_BB,2496,0.09999999990822109
raw_A_BB,2497,0.09999999990639644
raw_A_BB,2498,0.09999999990539933
raw_A_BB,2499,0.09999999990316419
raw_A_BB,2500,0.09999999990134018
raw_A_BB,2501,0.09999999990015576
raw_A_BB,2502,0.09999999989955335
raw_A_BB,2503,0.09999999989766649
raw_A_BB,2504,0.09999999989566775
raw_A_BB,2505,0.09999999989342401
raw_A_BB,2506,0.09999999989281787
raw_A_BB,2507,0.09999999989076581
raw_A_BB,2508,0.099999999887487
raw_A_BB,2509,0.09999999988586658
raw_A_BB,2510,0.09999999988255044
raw_A_BB,2511,0.09999999988217648
raw_A_BB,2512,0.09999999987996182
raw_A_BB,2513,0.0999999998782281
raw_A_BB,2514,0.09999999987577822
raw_A_BB,2515,0.09999999987349045
raw_A_BB,2516,0.09999999987068224
raw_A_BB,2517,0.0999999998690107
raw_A_BB,2518,0.09999999986707585
raw_A_BB,2519,0.09999999986553323
raw_A_BB,2520,0.0999999998627553
raw_A_BB,2521,0.09999999986043666
raw_A_BB,2522,0.09999999985938726
raw_A_BB,2523,0.09999999985367616
raw_A_BB,2524,0.09999999985020668
raw_A_BB,2525,0.09999999984668892
raw_A_BB,2526,0.09999999984384236
raw_A_BB,2527,0.09999999983928473
raw_A_BB,2528,0.09999999983431745
raw_A_BB,2529,0.09999999983250661
raw_A_BB,2530,0.09999999982573936
raw_A_BB,2531,0.09999999982422995
raw_A_BB,2532,0.09999999982163234
raw_A_BB,2533,0.09999999981653639
raw_A_BB,2534,0.09999999980954154
raw_A_BB,2535,0.09999999980604515
raw_A_BB,2536,0.09999999980250898
raw_A_BB,2537,0.09999999979991811
raw_A_BB,2538,0.09999999979745063
raw_A_BB,2539,0.09999999979253292
raw_A_BB,2540,0.09999999978464937
raw_A_BB,2541,0.09999999977948044
raw_A_BB,2542,0.0999999997744756
raw_A_BB,2543,0.0999999997667827
raw_A_BB,2544,0.09999999976324879
raw_A_BB,2545,0.09999999975285677
raw_A_BB,2546,0.09999999974969065
raw_A_BB,2547,0.09999999973658975
raw_A_BB,2548,0.09999999972978159
raw_A_BB,2549,0.09999999971994991
raw_A_BB,2550,0.09999999971446073
raw_A_BB,2551,0.09999999970339624
raw_A_BB,2552,0.09999999970027919
raw_A_BB,2553,0.09999999968178644
raw_A_BB,2554,0.09999999966811646
raw_A_BB,2555,0.09999999966124783
raw_A_BB,2556,0.09999999963879368
raw_A_BB,2557,0.09999999962881297
raw_A_BB,2558,0.09999999961396537
raw_A_BB,2559,0.09999999959453824
raw_A_BB,2560,0.0999999995862148
raw_A_BB,2561,0.0999999995738936
raw_A_BB,2562,0.09999999956188632
raw_A_BB,2563,0.09999999953286877
raw_A_BB,2564,0.09999999951275396
raw_A_BB,2565,0.09999999948423827
raw_A_BB,2566,0.09999999947158697
raw_A_BB,2567,0.09999999944591528
raw_A_BB,2568,0.09999999939369139
raw_A_BB,2569,0.09999999935326158
raw_A_BB,2570,0.09999999930197623
raw_A_BB,2571,0.0999999992528728
raw_A_BB,2572,0.09999999920415349
raw_A_BB,2573,0.09999999919001878
raw_A_BB,2574,0.0999999991560297
raw_A_BB,2575,0.09999999904443911
raw_A_BB,2576,0.09999999893822334
raw_A_BB,2577,0.09999999887574633
raw_A_BB,2578,0.09999999879905619
raw_A_BB,2579,0.09999999871752192
raw_A_BB,2580,0.09999999862974487
raw_A_BB,2581,0.09999999849224828
raw_A_BB,2582,0.099999998437001
raw_A_BB,2583,0.09999999820525271
raw_A_BB,2584,0.09999999816581842
raw_A_BB,2585,0.09999999796540451
raw_A_BB,2586,0.09999999772580091
raw_A_BB,2587,0.0999999976403447
raw_A_BB,2588,0.09999999713915494
raw_A_BB,2589,0.09999999702201216
raw_A_BB,2590,0.09999999677422265
raw_A_BB,2591,0.0999999964055153
raw_A_BB,2592,0.09999999597343558
raw_A_BB,2593,0.09999999560711638
raw_A_BB,2594,0.0999999951950508
raw_A_BB,2595,0.09999999473807225
raw_A_BB,2596,0.09999999386264358
raw_A_BB,2597,0.09999999307478401
raw_A_BB,2598,0.09999999237855253
raw_A_BB,2599,0.09999999143428576
raw_A_BB,2600,0.09999999086319472
raw_A_BB,2601,0.09999998606736138
box_eigenpro_preconditioned,1,1.0000000009265038
box_eigenpro_preconditioned,2,1.0000000006056682
box_eigenpro_preconditioned,3,1.0000000004957483
box_eigenpro_preconditioned,4,1.0000000004160752
box_eigenpro_preconditioned,5,1.000000000291027
box_eigenpro_preconditioned,6,1.000000000263832
box_eigenpro_preconditioned,7,1.0000000002384195
box_eigenpro_preconditioned,8,1.0000000001915788
box_eigenpro_preconditioned,9,1.0000000001897087
box_eigenpro_preconditioned,10,1.0000000001644642
box_eigenpro_preconditioned,11,1.0000000001232785
box_eigenpro_preconditioned,12,1.0000000001042986
box_eigenpro_preconditioned,13,1.0000000000926412
box_eigenpro_preconditioned,14,1.0000000000807057
box_eigenpro_preconditioned,15,1.0000000000637665
box_eigenpro_preconditioned,16,1.0000000000622686
box_eigenpro_preconditioned,17,1.000000000056529
box_eigenpro_preconditioned,18,1.0000000000536677
box_eigenpro_preconditioned,19,1.0000000000525702
box_eigenpro_preconditioned,20,1.0000000000466176
box_eigenpro_preconditioned,21,1.0000000000425806
box_eigenpro_preconditioned,22,1.0000000000381057
box_eigenpro_preconditioned,23,1.000000000033887
box_eigenpro_preconditioned,24,1.0000000000318932
box_eigenpro_preconditioned,25,1.0000000000305667
box_eigenpro_preconditioned,26,1.0000000000287856
box_eigenpro_preconditioned,27,1.000000000024979
box_eigenpro_preconditioned,28,1.0000000000200013
box_eigenpro_preconditioned,29,1.0000000000192475
box_eigenpro_preconditioned,30,1.0000000000190636
box_eigenpro_preconditioned,31,1.0000000000170315
box_eigenpro_preconditioned,32,1.0000000000163975
box_eigenpro_preconditioned,33,1.0000000000149205
box_eigenpro_preconditioned,34,1.000000000013869
box_eigenpro_preconditioned,35,1.0000000000131288
box_eigenpro_preconditioned,36,1.0000000000120621
box_eigenpro_preconditioned,37,1.0000000000119116
box_eigenpro_preconditioned,38,1.0000000000118436
box_eigenpro_preconditioned,39,1.0000000000118305
box_eigenpro_preconditioned,40,1.0000000000103066
box_eigenpro_preconditioned,41,1.0000000000090192
box_eigenpro_preconditioned,42,1.0000000000088936
box_eigenpro_preconditioned,43,1.0000000000080589
box_eigenpro_preconditioned,44,1.000000000007934
box_eigenpro_preconditioned,45,1.0000000000076945
box_eigenpro_preconditioned,46,1.0000000000076275
box_eigenpro_preconditioned,47,1.0000000000074145
box_eigenpro_preconditioned,48,1.000000000007162
box_eigenpro_preconditioned,49,1.0000000000071514
box_eigenpro_preconditioned,50,1.000000000006602
box_eigenpro_preconditioned,51,1.0000000000064944
box_eigenpro_preconditioned,52,1.0000000000064313
box_eigenpro_preconditioned,53,1.0000000000054057
box_eigenpro_preconditioned,54,1.0000000000052585
box_eigenpro_preconditioned,55,1.000000000005202
box_eigenpro_preconditioned,56,1.000000000004928
box_eigenpro_preconditioned,57,1.0000000000048954
box_eigenpro_preconditioned,58,1.0000000000047533
box_eigenpro_preconditioned,59,1.0000000000040015
box_eigenpro_preconditioned,60,1.0000000000037657
box_eigenpro_preconditioned,61,1.0000000000037441
box_eigenpro_preconditioned,62,1.000000000003708
box_eigenpro_preconditioned,63,1.0000000000033349
box_eigenpro_preconditioned,64,1.0000000000031941
box_eigenpro_preconditioned,65,1.000000000003147
box_eigenpro_preconditioned,66,1.0000000000031002
box_eigenpro_preconditioned,67,1.0000000000029117
box_eigenpro_preconditioned,68,1.0000000000028206
box_eigenpro_preconditioned,69,1.0000000000026565
box_eigenpro_preconditioned,70,1.000000000002602
box_eigenpro_preconditioned,71,1.0000000000025198
box_eigenpro_preconditioned,72,1.0000000000025075
box_eigenpro_preconditioned,73,1.0000000000022344
box_eigenpro_preconditioned,74,1.0000000000021072
box_eigenpro_preconditioned,75,1.0000000000020817
box_eigenpro_preconditioned,76,1.0000000000020592
box_eigenpro_preconditioned,77,1.0000000000020264
box_eigenpro_preconditioned,78,1.0000000000017675
box_eigenpro_preconditioned,79,1.000000000001709
box_eigenpro_preconditioned,80,1.0000000000016644
box_eigenpro_preconditioned,81,1.0000000000015712
box_eigenpro_preconditioned,82,1.0000000000014841
box_eigenpro_preconditioned,83,1.000000000001385
box_eigenpro_preconditioned,84,1.0000000000013336
box_eigenpro_preconditioned,85,1.0000000000013156
box_eigenpro_preconditioned,86,1.000000000001298
box_eigenpro_preconditioned,87,1.0000000000012699
box_eigenpro_preconditioned,88,1.0000000000012668
box_eigenpro_preconditioned,89,1.0000000000011686
box_eigenpro_preconditioned,90,1.0000000000011062
box_eigenpro_preconditioned,91,1.0000000000011044
box_eigenpro_preconditioned,92,1.0000000000010927
box_eigenpro_preconditioned,93,1.0000000000010707
box_eigenpro_preconditioned,94,1.0000000000010296
box_eigenpro_preconditioned,95,1.0000000000009528
box_eigenpro_preconditioned,96,1.000000000000934
box_eigenpro_preconditioned,97,1.0000000000008822
box_eigenpro_preconditioned,98,1.0000000000008553
box_eigenpro_preconditioned,99,1.0000000000007678
box_eigenpro_preconditioned,100,1.0000000000007365
box_eigenpro_preconditioned,101,1.000000000000594
box_eigenpro_preconditioned,102,1.000000000000589
box_eigenpro_preconditioned,103,1.0000000000005775
box_eigenpro_preconditioned,104,1.000000000000511
box_eigenpro_preconditioned,105,1.0000000000004663
box_eigenpro_preconditioned,106,1.000000000000455
box_eigenpro_preconditioned,107,1.0000000000004101
box_eigenpro_preconditioned,108,1.0000000000004028
box_eigenpro_preconditioned,109,1.0000000000003957
box_eigenpro_preconditioned,110,1.0000000000003892
box_eigenpro_preconditioned,111,1.0000000000003586
box_eigenpro_preconditioned,112,1.0000000000003475
box_eigenpro_preconditioned,113,1.0000000000003348
box_eigenpro_preconditioned,114,1.0000000000003315
box_eigenpro_preconditioned,115,1.0000000000002527
box_eigenpro_preconditioned,116,1.000000000000224
box_eigenpro_preconditioned,117,1.0000000000001965
box_eigenpro_preconditioned,118,1.0000000000001805
box_eigenpro_preconditioned,119,1.0000000000001357
box_eigenpro_preconditioned,120,1.0000000000001348
box_eigenpro_preconditioned,121,1.0000000000001303
box_eigenpro_preconditioned,122,1.0000000000000953
box_eigenpro_preconditioned,123,1.0000000000000875
box_eigenpro_preconditioned,124,1.0000000000000837
box_eigenpro_preconditioned,125,1.0000000000000768
box_eigenpro_preconditioned,126,1.00000000000005
box_eigenpro_preconditioned,127,0.9999999999999898
box_eigenpro_preconditioned,128,0.9999999999999829
box_eigenpro_preconditioned,129,0.9999999999999607
box_eigenpro_preconditioned,130,0.9999999999999016
box_eigenpro_preconditioned,131,0.9999999999998797
box_eigenpro_preconditioned,132,0.99999999999986
box_eigenpro_preconditioned,133,0.9999999999998548
box_eigenpro_preconditioned,134,0.9999999999998455
box_eigenpro_preconditioned,135,0.9999999999998033
box_eigenpro_preconditioned,136,0.9999999999997997
box_eigenpro_preconditioned,137,0.9999999999997928
box_eigenpro_preconditioned,138,0.9999999999997574
box_eigenpro_preconditioned,139,0.999999999999757
box_eigenpro_preconditioned,140,0.9999999999997371
box_eigenpro_preconditioned,141,0.9999999999996837
box_eigenpro_preconditioned,142,0.9999999999996745
box_eigenpro_preconditioned,143,0.9999999999996402
box_eigenpro_preconditioned,144,0.9999999999996327
box_eigenpro_preconditioned,145,0.9999999999996221
box_eigenpro_preconditioned,146,0.9999999999995808
box_eigenpro_preconditioned,147,0.9999999999995105
box_eigenpro_preconditioned,148,0.9999999999995074
box_eigenpro_preconditioned,149,0.9999999999994894
box_eigenpro_preconditioned,150,0.9999999999993906
box_eigenpro_preconditioned,151,0.9999999999993797
box_eigenpro_preconditioned,152,0.9999999999993537
box_eigenpro_preconditioned,153,0.9999999999993199
box_eigenpro_preconditioned,154,0.9999999999993189
box_eigenpro_preconditioned,155,0.9999999999992499
box_eigenpro_preconditioned,156,0.999999999999235
box_eigenpro_preconditioned,157,0.9999999999992292
box_eigenpro_preconditioned,158,0.9999999999991724
box_eigenpro_preconditioned,159,0.9999999999991495
box_eigenpro_preconditioned,160,0.9999999999990816
box_eigenpro_preconditioned,161,0.9999999999989114
box_eigenpro_preconditioned,162,0.9999999999988498
box_eigenpro_preconditioned,163,0.9999999999987143
box_eigenpro_preconditioned,164,0.9999999999986878
box_eigenpro_preconditioned,165,0.9999999999986153
box_eigenpro_preconditioned,166,0.999999999998531
box_eigenpro_preconditioned,167,0.9999999999984981
box_eigenpro_preconditioned,168,0.9999999999984533
box_eigenpro_preconditioned,169,0.9999999999983974
box_eigenpro_preconditioned,170,0.999999999998311
box_eigenpro_preconditioned,171,0.9999999999982716
box_eigenpro_preconditioned,172,0.9999999999982642
box_eigenpro_preconditioned,173,0.9999999999981953
box_eigenpro_preconditioned,174,0.9999999999980589
box_eigenpro_preconditioned,175,0.9999999999980134
box_eigenpro_preconditioned,176,0.9999999999979126
box_eigenpro_preconditioned,177,0.9999999999977572
box_eigenpro_preconditioned,178,0.9999999999977435
box_eigenpro_preconditioned,179,0.9999999999976883
box_eigenpro_preconditioned,180,0.9999999999973046
box_eigenpro_preconditioned,181,0.9999999999973018
box_eigenpro_preconditioned,182,0.9999999999972963
box_eigenpro_preconditioned,183,0.9999999999971384
box_eigenpro_preconditioned,184,0.9999999999968887
box_eigenpro_preconditioned,185,0.9999999999963786
box_eigenpro_preconditioned,186,0.9999999999963747
box_eigenpro_preconditioned,187,0.9999999999963314
box_eigenpro_preconditioned,188,0.9999999999961108
box_eigenpro_preconditioned,189,0.9999999999958837
box_eigenpro_preconditioned,190,0.9999999999956252
box_eigenpro_preconditioned,191,0.9999999999953598
box_eigenpro_preconditioned,192,0.9999999999952738
box_eigenpro_preconditioned,193,0.9999999999951539
box_eigenpro_preconditioned,194,0.9999999999950335
box_eigenpro_preconditioned,195,0.9999999999950108
box_eigenpro_preconditioned,196,0.9999999999949776
box_eigenpro_preconditioned,197,0.999999999994976
box_eigenpro_preconditioned,198,0.9999999999942096
box_eigenpro_preconditioned,199,0.999999999993974
box_eigenpro_preconditioned,200,0.9999999999938638
box_eigenpro_preconditioned,201,0.9999999999934128
box_eigenpro_preconditioned,202,0.999999999993066
box_eigenpro_preconditioned,203,0.9999999999928953
box_eigenpro_preconditioned,204,0.9999999999928766
box_eigenpro_preconditioned,205,0.9999999999921554
box_eigenpro_preconditioned,206,0.9999999999918571
box_eigenpro_preconditioned,207,0.9999999999911069
box_eigenpro_preconditioned,208,0.9999999999900141
box_eigenpro_preconditioned,209,0.9999999999894423
box_eigenpro_preconditioned,210,0.9999999999888822
box_eigenpro_preconditioned,211,0.9999999999878454
box_eigenpro_preconditioned,212,0.9999999999867715
box_eigenpro_preconditioned,213,0.9999999999867208
box_eigenpro_preconditioned,214,0.9999999999861456
box_eigenpro_preconditioned,215,0.9999999999852327
box_eigenpro_preconditioned,216,0.9999999999842486
box_eigenpro_preconditioned,217,0.9999999999826278
box_eigenpro_preconditioned,218,0.9999999999816113
box_eigenpro_preconditioned,219,0.9999999999813737
box_eigenpro_preconditioned,220,0.9999999999798542
box_eigenpro_preconditioned,221,0.9999999999781994
box_eigenpro_preconditioned,222,0.99999999997779
box_eigenpro_preconditioned,223,0.9999999999776021
box_eigenpro_preconditioned,224,0.9999999999773321
box_eigenpro_preconditioned,225,0.9999999999769695
box_eigenpro_preconditioned,226,0.9999999999735536
box_eigenpro_preconditioned,227,0.9999999999667438
box_eigenpro_preconditioned,228,0.9999999999618511
box_eigenpro_preconditioned,229,0.999999999959001
box_eigenpro_preconditioned,230,0.9999999999589144
box_eigenpro_preconditioned,231,0.9999999999579584
box_eigenpro_preconditioned,232,0.9999999999529382
box_eigenpro_preconditioned,233,0.999999999948714
box_eigenpro_preconditioned,234,0.9999999999482959
box_eigenpro_preconditioned,235,0.9999999999420556
box_eigenpro_preconditioned,236,0.9999999999411837
box_eigenpro_preconditioned,237,0.999999999937225
box_eigenpro_preconditioned,238,0.9999999999300542
box_eigenpro_preconditioned,239,0.999999999928033
box_eigenpro_preconditioned,240,0.9999999999165127
box_eigenpro_preconditioned,241,0.9999999998851042
box_eigenpro_preconditioned,242,0.9999999998795858
box_eigenpro_preconditioned,243,0.9999999998773352
box_eigenpro_preconditioned,244,0.9999999998505433
box_eigenpro_preconditioned,245,0.9999999998457281
box_eigenpro_preconditioned,246,0.9999999998444036
box_eigenpro_preconditioned,247,0.9999999998214226
box_eigenpro_preconditioned,248,0.9999999998044602
box_eigenpro_preconditioned,249,0.999999999729256
box_eigenpro_preconditioned,250,0.9999999997048183
box_eigenpro_preconditioned,251,0.9999999995560981
box_eigenpro_preconditioned,252,0.9999999993616427
box_eigenpro_preconditioned,253,0.999999999201219
box_eigenpro_preconditioned,254,0.9999999990539696
box_eigenpro_preconditioned,255,0.9999999979210024
box_eigenpro_preconditioned,256,0.9999999966177661
box_eigenpro_preconditioned,257,0.9999999910303538
box_eigenpro_preconditioned,258,0.9573423634346295
box_eigenpro_preconditioned,259,0.8915920307607005
box_eigenpro_preconditioned,260,0.8335546729434754
box_eigenpro_preconditioned,261,0.7852567756312163
box_eigenpro_preconditioned,262,0.7255436437599413
box_eigenpro_preconditioned,263,0.7085362929169406
box_eigenpro_preconditioned,264,0.6807924788455899
box_eigenpro_preconditioned,265,0.6520588672878019
box_eigenpro_preconditioned,266,0.6051666042211177
box_eigenpro_preconditioned,267,0.5142339302525927
box_eigenpro_preconditioned,268,0.47143443526701956
box_eigenpro_preconditioned,269,0.4523636965435367
box_eigenpro_preconditioned,270,0.4357525164470303
box_eigenpro_preconditioned,271,0.3878846056555774
box_eigenpro_preconditioned,272,0.36635128568467723
box_eigenpro_preconditioned,273,0.3646754603300741
box_eigenpro_preconditioned,274,0.35490215976764
box_eigenpro_preconditioned,275,0.350562247559948
box_eigenpro_preconditioned,276,0.3106389472035791
box_eigenpro_preconditioned,277,0.2877442452541284
box_eigenpro_preconditioned,278,0.2852656357257997
box_eigenpro_preconditioned,279,0.28259843455971095
box_eigenpro_preconditioned,280,0.26907025934223855
box_eigenpro_preconditioned,281,0.26642940210446653
box_eigenpro_preconditioned,282,0.2467741596600705
box_eigenpro_preconditioned,283,0.23207279337692768
box_eigenpro_preconditioned,284,0.22106324319143805
box_eigenpro_preconditioned,285,0.21451671572538963
box_eigenpro_preconditioned,286,0.19675261410037387
box_eigenpro_preconditioned,287,0.19497711284252575
box_eigenpro_preconditioned,288,0.1932393922838235
box_eigenpro_preconditioned,289,0.18494231976213374
box_eigenpro_preconditioned,290,0.16814024870483932
box_eigenpro_preconditioned,291,0.15526019600824717
box_eigenpro_preconditioned,292,0.14975926478485066
box_eigenpro_preconditioned,293,0.1340453531736251
box_eigenpro_preconditioned,294,0.13081785719292155
box_eigenpro_preconditioned,295,0.12247301330427922
box_eigenpro_preconditioned,296,0.11746515153563936
box_eigenpro_preconditioned,297,0.10700974218969461
box_eigenpro_preconditioned,298,0.10200165757935584
box_eigenpro_preconditioned,299,0.09743819592651144
box_eigenpro_preconditioned,300,0.09590712938270428
box_eigenpro_preconditioned,301,0.09329752425780455
box_eigenpro_preconditioned,302,0.09208636778100293
box_eigenpro_preconditioned,303,0.09074164593446687
box_eigenpro_preconditioned,304,0.08407121225720413
box_eigenpro_preconditioned,305,0.07115532260418092
box_eigenpro_preconditioned,306,0.06593723042366227
box_eigenpro_preconditioned,307,0.05980510053015989
box_eigenpro_preconditioned,308,0.05924023451855175
box_eigenpro_preconditioned,309,0.05230567049986301
box_eigenpro_preconditioned,310,0.050674369847580295
box_eigenpro_preconditioned,311,0.05002479518819192
box_eigenpro_preconditioned,312,0.04981101371606332
box_eigenpro_preconditioned,313,0.046015880362659946
box_eigenpro_preconditioned,314,0.04269414802849209
box_eigenpro_preconditioned,315,0.041349203722443204
box_eigenpro_preconditioned,316,0.04098183772228887
box_eigenpro_preconditioned,317,0.04009090340463776
box_eigenpro_preconditioned,318,0.039683955409473885
box_eigenpro_preconditioned,319,0.039036119409816813
box_eigenpro_preconditioned,320,0.038395291792056016
box_eigenpro_preconditioned,321,0.03655346424607527
box_eigenpro_preconditioned,322,0.035857733170606455
box_eigenpro_preconditioned,323,0.03555359692727624
box_eigenpro_preconditioned,324,0.03511709353635846
box_eigenpro_preconditioned,325,0.034760364351672006
box_eigenpro_preconditioned,326,0.03344555249505417
box_eigenpro_preconditioned,327,0.0331745498831769
box_eigenpro_preconditioned,328,0.03242108744644026
box_eigenpro_preconditioned,329,0.031735727120096084
box_eigenpro_preconditioned,330,0.03153227596071633
box_eigenpro_preconditioned,331,0.030691386593527423
box_eigenpro_preconditioned,332,0.03057521796299814
box_eigenpro_preconditioned,333,0.029408969361812438
box_eigenpro_preconditioned,334,0.02867208396357029
box_eigenpro_preconditioned,335,0.028333859382583308
box_eigenpro_preconditioned,336,0.02810734960287816
box_eigenpro_preconditioned,337,0.02751841411035801
box_eigenpro_preconditioned,338,0.027390826455240578
box_eigenpro_preconditioned,339,0.027102799661463665
box_eigenpro_preconditioned,340,0.026151626856619422
box_eigenpro_preconditioned,341,0.02600995806129398
box_eigenpro_preconditioned,342,0.025855386729799635
box_eigenpro_preconditioned,343,0.025622597062046344
box_eigenpro_preconditioned,344,0.025548912353754637
box_eigenpro_preconditioned,345,0.025303227621981405
box_eigenpro_preconditioned,346,0.02501838189229877
box_eigenpro_preconditioned,347,0.024937295672070973
box_eigenpro_preconditioned,348,0.02476415340925714
box_eigenpro_preconditioned,349,0.024531912752932022
box_eigenpro_preconditioned,350,0.02419788497600541
box_eigenpro_preconditioned,351,0.023997212200011806
box_eigenpro_preconditioned,352,0.02389055752627831
box_eigenpro_preconditioned,353,0.023594771194826503
box_eigenpro_preconditioned,354,0.02346174133649914
box_eigenpro_preconditioned,355,0.023284919851946816
box_eigenpro_preconditioned,356,0.02321740272766817
box_eigenpro_preconditioned,357,0.023123834764049098
box_eigenpro_preconditioned,358,0.02281705451522728
box_eigenpro_preconditioned,359,0.022764149370022066
box_eigenpro_preconditioned,360,0.022755207551426418
box_eigenpro_preconditioned,361,0.0225670415951076
box_eigenpro_preconditioned,362,0.022469143456276864
box_eigenpro_preconditioned,363,0.022374010067248165
box_eigenpro_preconditioned,364,0.02233399090213056
box_eigenpro_preconditioned,365,0.0221588220724132
box_eigenpro_preconditioned,366,0.022096959666723554
box_eigenpro_preconditioned,367,0.022031089809337604
box_eigenpro_preconditioned,368,0.021942200196780837
box_eigenpro_preconditioned,369,0.021901350582170916
box_eigenpro_preconditioned,370,0.021874190217081434
box_eigenpro_preconditioned,371,0.021867554784010965
box_eigenpro_preconditioned,372,0.021813451661788278
box_eigenpro_preconditioned,373,0.02170288747786795
box_eigenpro_preconditioned,374,0.021678000233657842
box_eigenpro_preconditioned,375,0.021648711705033307
box_eigenpro_preconditioned,376,0.021637824972353007
box_eigenpro_preconditioned,377,0.021578168376753366
box_eigenpro_preconditioned,378,0.02153140076564614
box_eigenpro_preconditioned,379,0.021509909819640714
box_eigenpro_preconditioned,380,0.02150139294865284
box_eigenpro_preconditioned,381,0.021496902974791888
box_eigenpro_preconditioned,382,0.02147805922885426
box_eigenpro_preconditioned,383,0.021383091497279696
box_eigenpro_preconditioned,384,0.021365760260747196
box_eigenpro_preconditioned,385,0.02134896808039945
box_eigenpro_preconditioned,386,0.021337901574840456
box_eigenpro_preconditioned,387,0.02132399857471281
box_eigenpro_preconditioned,388,0.02127619507453344
box_eigenpro_preconditioned,389,0.021254766781320746
box_eigenpro_preconditioned,390,0.02124591212200903
box_eigenpro_preconditioned,391,0.021241189488987018
box_eigenpro_preconditioned,392,0.021238872434176388
box_eigenpro_preconditioned,393,0.021227957978440008
box_eigenpro_preconditioned,394,0.021218219256106504
box_eigenpro_preconditioned,395,0.021197988709556744
box_eigenpro_preconditioned,396,0.021194697538334833
box_eigenpro_preconditioned,397,0.02118624926176058
box_eigenpro_preconditioned,398,0.021178640794467428
box_eigenpro_preconditioned,399,0.021172785810086962
box_eigenpro_preconditioned,400,0.021171585293061092
box_eigenpro_preconditioned,401,0.021169807032146864
box_eigenpro_preconditioned,402,0.021160858658086035
box_eigenpro_preconditioned,403,0.02115593853597622
box_eigenpro_preconditioned,404,0.02115090635642859
box_eigenpro_preconditioned,405,0.021144683340620612
box_eigenpro_preconditioned,406,0.021138508951954932
box_eigenpro_preconditioned,407,0.021131427160988023
box_eigenpro_preconditioned,408,0.021129314364135877
box_eigenpro_preconditioned,409,0.02112798969275704
box_eigenpro_preconditioned,410,0.021118886437461428
box_eigenpro_preconditioned,411,0.02111571942485668
box_eigenpro_preconditioned,412,0.021110347072996923
box_eigenpro_preconditioned,413,0.0211087953420628
box_eigenpro_preconditioned,414,0.021105144461056526
box_eigenpro_preconditioned,415,0.021102866338653513
box_eigenpro_preconditioned,416,0.02110168245626509
box_eigenpro_preconditioned,417,0.021100784051809936
box_eigenpro_preconditioned,418,0.021099640371445693
box_eigenpro_preconditioned,419,0.021099257487063885
box_eigenpro_preconditioned,420,0.02109787864951608
box_eigenpro_preconditioned,421,0.0210973253634322
box_eigenpro_preconditioned,422,0.02109561556341663
box_eigenpro_preconditioned,423,0.021092111561949588
box_eigenpro_preconditioned,424,0.021090759497194394
box_eigenpro_preconditioned,425,0.021088590538051153
box_eigenpro_preconditioned,426,0.02108780421690317
box_eigenpro_preconditioned,427,0.021087214260069338
box_eigenpro_preconditioned,428,0.02108630166195722
box_eigenpro_preconditioned,429,0.021083969685763714
box_eigenpro_preconditioned,430,0.021083428457486026
box_eigenpro_preconditioned,431,0.021082410619751236
box_eigenpro_preconditioned,432,0.021080306496742467
box_eigenpro_preconditioned,433,0.021078186622210227
box_eigenpro_preconditioned,434,0.021077938963729597
box_eigenpro_preconditioned,435,0.021077647033412347
box_eigenpro_preconditioned,436,0.021076715612283192
box_eigenpro_preconditioned,437,0.02107531117933928
box_eigenpro_preconditioned,438,0.021074049165303532
box_eigenpro_preconditioned,439,0.021073591861206473
box_eigenpro_preconditioned,440,0.021072829448525784
box_eigenpro_preconditioned,441,0.021072744773274657
box_eigenpro_preconditioned,442,0.021072014699730378
box_eigenpro_preconditioned,443,0.021071809231403473
box_eigenpro_preconditioned,444,0.021071172282163243
box_eigenpro_preconditioned,445,0.021071135813492937
box_eigenpro_preconditioned,446,0.02107029092706158
box_eigenpro_preconditioned,447,0.02107001963800864
box_eigenpro_preconditioned,448,0.02106919105143957
box_eigenpro_preconditioned,449,0.021068937571575932
box_eigenpro_preconditioned,450,0.021068555150631444
box_eigenpro_preconditioned,451,0.021068256526715935
box_eigenpro_preconditioned,452,0.0210676303771701
box_eigenpro_preconditioned,453,0.02106757411773516
box_eigenpro_preconditioned,454,0.021067431325052545
box_eigenpro_preconditioned,455,0.021066722730713302
box_eigenpro_preconditioned,456,0.02106651314606666
box_eigenpro_preconditioned,457,0.02106626540976247
box_eigenpro_preconditioned,458,0.02106601193502282
box_eigenpro_preconditioned,459,0.02106562470133549
box_eigenpro_preconditioned,460,0.021065519662313844
box_eigenpro_preconditioned,461,0.021065479013807568
box_eigenpro_preconditioned,462,0.02106535415834876
box_eigenpro_preconditioned,463,0.02106520481411911
box_eigenpro_preconditioned,464,0.021065102293429765
box_eigenpro_preconditioned,465,0.021065014415297553
box_eigenpro_preconditioned,466,0.021064863188185526
box_eigenpro_preconditioned,467,0.021064705063654415
box_eigenpro_preconditioned,468,0.02106465689728169
box_eigenpro_preconditioned,469,0.021064622683851425
box_eigenpro_preconditioned,470,0.021064591448397434
box_eigenpro_preconditioned,471,0.021064542999717693
box_eigenpro_preconditioned,472,0.02106451434751685
box_eigenpro_preconditioned,473,0.021064457834878515
box_eigenpro_preconditioned,474,0.02106444204147802
box_eigenpro_preconditioned,475,0.02106434410487741
box_eigenpro_preconditioned,476,0.021064316669151612
box_eigenpro_preconditioned,477,0.021064217356091944
box_eigenpro_preconditioned,478,0.021064184412552076
box_eigenpro_preconditioned,479,0.02106412206345273
box_eigenpro_preconditioned,480,0.02106407555099608
box_eigenpro_preconditioned,481,0.021064066177952517
box_eigenpro_preconditioned,482,0.02106403369263768
box_eigenpro_preconditioned,483,0.021063998365142094
box_eigenpro_preconditioned,484,0.02106397961828783
box_eigenpro_preconditioned,485,0.021063973376809163
box_eigenpro_preconditioned,486,0.021063953950169603
box_eigenpro_preconditioned,487,0.021063934386699696
box_eigenpro_preconditioned,488,0.021063863739056724
box_eigenpro_preconditioned,489,0.021063857669999242
box_eigenpro_preconditioned,490,0.021063852095211638
box_eigenpro_preconditioned,491,0.021063845990174357
box_eigenpro_preconditioned,492,0.021063801477290534
box_eigenpro_preconditioned,493,0.02106376068128736
box_eigenpro_preconditioned,494,0.021063745445963254
box_eigenpro_preconditioned,495,0.021063739475270706
box_eigenpro_preconditioned,496,0.02106373828925457
box_eigenpro_preconditioned,497,0.021063724244026787
box_eigenpro_preconditioned,498,0.021063714150778966
box_eigenpro_preconditioned,499,0.021063708170259154
box_eigenpro_preconditioned,500,0.021063701452356347
box_eigenpro_preconditioned,501,0.02106368507059864
box_eigenpro_preconditioned,502,0.021063678636746633
box_eigenpro_preconditioned,503,0.0210636735275071
box_eigenpro_preconditioned,504,0.021063660071421457
box_eigenpro_preconditioned,505,0.021063648792970065
box_eigenpro_preconditioned,506,0.021063640678152473
box_eigenpro_preconditioned,507,0.021063636506351655
box_eigenpro_preconditioned,508,0.021063621395715958
box_eigenpro_preconditioned,509,0.02106361967883015
box_eigenpro_preconditioned,510,0.021063614583223554
box_eigenpro_preconditioned,511,0.021063608970879482
box_eigenpro_preconditioned,512,0.02106360675794566
box_eigenpro_preconditioned,513,0.0210636014322602
box_eigenpro_preconditioned,514,0.021063586309890407
box_eigenpro_preconditioned,515,0.02106358427784182
box_eigenpro_preconditioned,516,0.02106357607628867
box_eigenpro_preconditioned,517,0.021063572889303092
box_eigenpro_preconditioned,518,0.021063571549486113
box_eigenpro_preconditioned,519,0.02106356695619307
box_eigenpro_preconditioned,520,0.02106356483039741
box_eigenpro_preconditioned,521,0.02106355476444204
box_eigenpro_preconditioned,522,0.021063550338303507
box_eigenpro_preconditioned,523,0.0210635467692347
box_eigenpro_preconditioned,524,0.02106354430741073
box_eigenpro_preconditioned,525,0.02106354020853177
box_eigenpro_preconditioned,526,0.02106353924235416
box_eigenpro_preconditioned,527,0.021063537758834974
box_eigenpro_preconditioned,528,0.021063533160669373
box_eigenpro_preconditioned,529,0.021063528662402468
box_eigenpro_preconditioned,530,0.021063528496954784
box_eigenpro_preconditioned,531,0.021063526885371015
box_eigenpro_preconditioned,532,0.021063524842492846
box_eigenpro_preconditioned,533,0.021063524756501757
box_eigenpro_preconditioned,534,0.021063520267459057
box_eigenpro_preconditioned,535,0.021063519058783026
box_eigenpro_preconditioned,536,0.021063518803949445
box_eigenpro_preconditioned,537,0.02106351776121135
box_eigenpro_preconditioned,538,0.02106351748623719
box_eigenpro_preconditioned,539,0.02106351735028635
box_eigenpro_preconditioned,540,0.021063516940207284
box_eigenpro_preconditioned,541,0.021063514784246132
box_eigenpro_preconditioned,542,0.021063514173021197
box_eigenpro_preconditioned,543,0.021063514000748178
box_eigenpro_preconditioned,544,0.02106351372622219
box_eigenpro_preconditioned,545,0.021063513073036066
box_eigenpro_preconditioned,546,0.021063512129819405
box_eigenpro_preconditioned,547,0.021063511809438547
box_eigenpro_preconditioned,548,0.021063511466247412
box_eigenpro_preconditioned,549,0.021063510872189245
box_eigenpro_preconditioned,550,0.0210635103563576
box_eigenpro_preconditioned,551,0.021063510174056863
box_eigenpro_preconditioned,552,0.021063510114447546
box_eigenpro_preconditioned,553,0.0210635098187772
box_eigenpro_preconditioned,554,0.021063509499982893
box_eigenpro_preconditioned,555,0.021063509032696576
box_eigenpro_preconditioned,556,0.021063508849599285
box_eigenpro_preconditioned,557,0.021063508637939182
box_eigenpro_preconditioned,558,0.02106350798312256
box_eigenpro_preconditioned,559,0.021063507950592208
box_eigenpro_preconditioned,560,0.021063507648861807
box_eigenpro_preconditioned,561,0.021063507259831943
box_eigenpro_preconditioned,562,0.021063507166719293
box_eigenpro_preconditioned,563,0.02106350665287394
box_eigenpro_preconditioned,564,0.02106350648609114
box_eigenpro_preconditioned,565,0.02106350642217612
box_eigenpro_preconditioned,566,0.021063506409150952
box_eigenpro_preconditioned,567,0.02106350622191783
box_eigenpro_preconditioned,568,0.021063506191763202
box_eigenpro_preconditioned,569,0.021063505993355835
box_eigenpro_preconditioned,570,0.02106350575982245
box_eigenpro_preconditioned,571,0.021063505653354304
box_eigenpro_preconditioned,572,0.021063505593346236
box_eigenpro_preconditioned,573,0.021063505547348
box_eigenpro_preconditioned,574,0.021063505520646644
box_eigenpro_preconditioned,575,0.021063505480111384
box_eigenpro_preconditioned,576,0.021063505432612515
box_eigenpro_preconditioned,577,0.02106350536521239
box_eigenpro_preconditioned,578,0.021063505345975744
box_eigenpro_preconditioned,579,0.02106350533445865
box_eigenpro_preconditioned,580,0.021063505283431958
box_eigenpro_preconditioned,581,0.021063505248318553
box_eigenpro_preconditioned,582,0.02106350519848195
box_eigenpro_preconditioned,583,0.021063505155812044
box_eigenpro_preconditioned,584,0.021063505145436184
box_eigenpro_preconditioned,585,0.021063505112231897
box_eigenpro_preconditioned,586,0.021063505086363336
box_eigenpro_preconditioned,587,0.021063505045760145
box_eigenpro_preconditioned,588,0.021063504967495407
box_eigenpro_preconditioned,589,0.021063504934588077
box_eigenpro_preconditioned,590,0.021063504918775795
box_eigenpro_preconditioned,591,0.02106350488179173
box_eigenpro_preconditioned,592,0.021063504863610156
box_eigenpro_preconditioned,593,0.021063504840023964
box_eigenpro_preconditioned,594,0.02106350483195081
box_eigenpro_preconditioned,595,0.02106350480589637
box_eigenpro_preconditioned,596,0.02106350478101062
box_eigenpro_preconditioned,597,0.021063504748831702
box_eigenpro_preconditioned,598,0.021063504738611204
box_eigenpro_preconditioned,599,0.02106350473177598
box_eigenpro_preconditioned,600,0.021063504696647455
box_eigenpro_preconditioned,601,0.021063504687373887
box_eigenpro_preconditioned,602,0.021063504678388734
box_eigenpro_preconditioned,603,0.021063504642403964
box_eigenpro_preconditioned,604,0.02106350463097044
box_eigenpro_preconditioned,605,0.021063504603779343
box_eigenpro_preconditioned,606,0.021063504598829153
box_eigenpro_preconditioned,607,0.021063504598012574
box_eigenpro_preconditioned,608,0.021063504596748765
box_eigenpro_preconditioned,609,0.021063504580029663
box_eigenpro_preconditioned,610,0.02106350456140228
box_eigenpro_preconditioned,611,0.021063504554975843
box_eigenpro_preconditioned,612,0.021063504542270933
box_eigenpro_preconditioned,613,0.02106350454110205
box_eigenpro_preconditioned,614,0.021063504532528123
box_eigenpro_preconditioned,615,0.02106350452686029
box_eigenpro_preconditioned,616,0.02106350451067872
box_eigenpro_preconditioned,617,0.021063504493915714
box_eigenpro_preconditioned,618,0.02106350449284733
box_eigenpro_preconditioned,619,0.02106350448888187
box_eigenpro_preconditioned,620,0.02106350448700337
box_eigenpro_preconditioned,621,0.021063504477197077
box_eigenpro_preconditioned,622,0.021063504468105697
box_eigenpro_preconditioned,623,0.021063504465668046
box_eigenpro_preconditioned,624,0.02106350445303357
box_eigenpro_preconditioned,625,0.021063504446189214
box_eigenpro_preconditioned,626,0.021063504443611294
box_eigenpro_preconditioned,627,0.02106350443835176
box_eigenpro_preconditioned,628,0.021063504430039685
box_eigenpro_preconditioned,629,0.021063504422080204
box_eigenpro_preconditioned,630,0.021063504417413406
box_eigenpro_preconditioned,631,0.021063504415071755
box_eigenpro_preconditioned,632,0.021063504399061274
box_eigenpro_preconditioned,633,0.021063504394970314
box_eigenpro_preconditioned,634,0.02106350439271512
box_eigenpro_preconditioned,635,0.021063504382178
box_eigenpro_preconditioned,636,0.021063504373734897
box_eigenpro_preconditioned,637,0.021063504367389418
box_eigenpro_preconditioned,638,0.021063504367357586
box_eigenpro_preconditioned,639,0.021063504366981383
box_eigenpro_preconditioned,640,0.021063504359528598
box_eigenpro_preconditioned,641,0.021063504354708724
box_eigenpro_preconditioned,642,0.021063504352458233
box_eigenpro_preconditioned,643,0.02106350435204541
box_eigenpro_preconditioned,644,0.021063504341096755
box_eigenpro_preconditioned,645,0.02106350433410756
box_eigenpro_preconditioned,646,0.021063504329811408
box_eigenpro_preconditioned,647,0.02106350432715523
box_eigenpro_preconditioned,648,0.02106350432495863
box_eigenpro_preconditioned,649,0.02106350431586302
box_eigenpro_preconditioned,650,0.02106350430883499
box_eigenpro_preconditioned,651,0.021063504305714374
box_eigenpro_preconditioned,652,0.021063504305627933
box_eigenpro_preconditioned,653,0.021063504303441807
box_eigenpro_preconditioned,654,0.02106350429722244
box_eigenpro_preconditioned,655,0.021063504292118656
box_eigenpro_preconditioned,656,0.021063504289929234
box_eigenpro_preconditioned,657,0.02106350428736271
box_eigenpro_preconditioned,658,0.021063504282333542
box_eigenpro_preconditioned,659,0.02106350428180944
box_eigenpro_preconditioned,660,0.02106350427739301
box_eigenpro_preconditioned,661,0.02106350427537178
box_eigenpro_preconditioned,662,0.021063504274335274
box_eigenpro_preconditioned,663,0.021063504271987603
box_eigenpro_preconditioned,664,0.02106350427180694
box_eigenpro_preconditioned,665,0.021063504270304317
box_eigenpro_preconditioned,666,0.02106350426470552
box_eigenpro_preconditioned,667,0.02106350426333025
box_eigenpro_preconditioned,668,0.02106350426049354
box_eigenpro_preconditioned,669,0.02106350425980913
box_eigenpro_preconditioned,670,0.021063504254307825
box_eigenpro_preconditioned,671,0.021063504253853216
box_eigenpro_preconditioned,672,0.021063504248892227
box_eigenpro_preconditioned,673,0.021063504245288654
box_eigenpro_preconditioned,674,0.021063504243532035
box_eigenpro_preconditioned,675,0.021063504242398036
box_eigenpro_preconditioned,676,0.021063504241740864
box_eigenpro_preconditioned,677,0.0210635042399836
box_eigenpro_preconditioned,678,0.021063504239126354
box_eigenpro_preconditioned,679,0.021063504234272456
box_eigenpro_preconditioned,680,0.021063504234241914
box_eigenpro_preconditioned,681,0.021063504231153343
box_eigenpro_preconditioned,682,0.021063504227598208
box_eigenpro_preconditioned,683,0.021063504227181888
box_eigenpro_preconditioned,684,0.02106350422481146
box_eigenpro_preconditioned,685,0.021063504223661513
box_eigenpro_preconditioned,686,0.021063504223147723
box_eigenpro_preconditioned,687,0.02106350422259706
box_eigenpro_preconditioned,688,0.02106350422159611
box_eigenpro_preconditioned,689,0.021063504219280195
box_eigenpro_preconditioned,690,0.021063504219035103
box_eigenpro_preconditioned,691,0.021063504218450928
box_eigenpro_preconditioned,692,0.02106350421724531
box_eigenpro_preconditioned,693,0.02106350421383634
box_eigenpro_preconditioned,694,0.021063504210940793
box_eigenpro_preconditioned,695,0.021063504209194946
box_eigenpro_preconditioned,696,0.02106350420900103
box_eigenpro_preconditioned,697,0.021063504207476845
box_eigenpro_preconditioned,698,0.021063504207146224
box_eigenpro_preconditioned,699,0.021063504206060946
box_eigenpro_preconditioned,700,0.021063504204138238
box_eigenpro_preconditioned,701,0.021063504203428597
box_eigenpro_preconditioned,702,0.02106350420272056
box_eigenpro_preconditioned,703,0.021063504201505462
box_eigenpro_preconditioned,704,0.0210635042007952
box_eigenpro_preconditioned,705,0.02106350420041638
box_eigenpro_preconditioned,706,0.02106350419841382
box_eigenpro_preconditioned,707,0.021063504197564163
box_eigenpro_preconditioned,708,0.021063504197228557
box_eigenpro_preconditioned,709,0.02106350419665129
box_eigenpro_preconditioned,710,0.021063504195868752
box_eigenpro_preconditioned,711,0.02106350419533073
box_eigenpro_preconditioned,712,0.02106350419513436
box_eigenpro_preconditioned,713,0.021063504193321855
box_eigenpro_preconditioned,714,0.021063504191704174
box_eigenpro_preconditioned,715,0.021063504191229408
box_eigenpro_preconditioned,716,0.021063504191035927
box_eigenpro_preconditioned,717,0.0210635041909772
box_eigenpro_preconditioned,718,0.021063504187985624
box_eigenpro_preconditioned,719,0.02106350418698958
box_eigenpro_preconditioned,720,0.02106350418693479
box_eigenpro_preconditioned,721,0.02106350418542339
box_eigenpro_preconditioned,722,0.02106350418529825
box_eigenpro_preconditioned,723,0.021063504184957404
box_eigenpro_preconditioned,724,0.021063504183812906
box_eigenpro_preconditioned,725,0.021063504183624415
box_eigenpro_preconditioned,726,0.021063504183586577
box_eigenpro_preconditioned,727,0.02106350418242228
box_eigenpro_preconditioned,728,0.02106350418172173
box_eigenpro_preconditioned,729,0.021063504181187465
box_eigenpro_preconditioned,730,0.021063504180867904
box_eigenpro_preconditioned,731,0.021063504180733095
box_eigenpro_preconditioned,732,0.021063504180293218
box_eigenpro_preconditioned,733,0.021063504179934738
box_eigenpro_preconditioned,734,0.021063504179123827
box_eigenpro_preconditioned,735,0.021063504178304392
box_eigenpro_preconditioned,736,0.021063504177782053
box_eigenpro_preconditioned,737,0.021063504177393718
box_eigenpro_preconditioned,738,0.02106350417708205
box_eigenpro_preconditioned,739,0.02106350417621473
box_eigenpro_preconditioned,740,0.021063504174594853
box_eigenpro_preconditioned,741,0.021063504173762133
box_eigenpro_preconditioned,742,0.02106350417361286
box_eigenpro_preconditioned,743,0.021063504173477566
box_eigenpro_preconditioned,744,0.021063504173464455
box_eigenpro_preconditioned,745,0.021063504172146072
box_eigenpro_preconditioned,746,0.021063504171718886
box_eigenpro_preconditioned,747,0.021063504171119466
box_eigenpro_preconditioned,748,0.021063504170546074
box_eigenpro_preconditioned,749,0.021063504170052476
box_eigenpro_preconditioned,750,0.021063504170033057
box_eigenpro_preconditioned,751,0.02106350416992552
box_eigenpro_preconditioned,752,0.021063504169845905
box_eigenpro_preconditioned,753,0.02106350416865211
box_eigenpro_preconditioned,754,0.021063504168541074
box_eigenpro_preconditioned,755,0.02106350416817433
box_eigenpro_preconditioned,756,0.0210635041674008
box_eigenpro_preconditioned,757,0.02106350416733768
box_eigenpro_preconditioned,758,0.021063504166812252
box_eigenpro_preconditioned,759,0.021063504166765626
box_eigenpro_preconditioned,760,0.02106350416620759
box_eigenpro_preconditioned,761,0.021063504165628556
box_eigenpro_preconditioned,762,0.021063504165526447
box_eigenpro_preconditioned,763,0.021063504165098855
box_eigenpro_preconditioned,764,0.021063504165003227
box_eigenpro_preconditioned,765,0.02106350416498717
box_eigenpro_preconditioned,766,0.02106350416441171
box_eigenpro_preconditioned,767,0.02106350416429442
box_eigenpro_preconditioned,768,0.02106350416386291
box_eigenpro_preconditioned,769,0.021063504163821935
box_eigenpro_preconditioned,770,0.021063504163305317
box_eigenpro_preconditioned,771,0.021063504162979235
box_eigenpro_preconditioned,772,0.021063504162965607
box_eigenpro_preconditioned,773,0.021063504162942257
box_eigenpro_preconditioned,774,0.02106350416242923
box_eigenpro_preconditioned,775,0.02106350416227515
box_eigenpro_preconditioned,776,0.021063504161716835
box_eigenpro_preconditioned,777,0.0210635041613162
box_eigenpro_preconditioned,778,0.021063504161101396
box_eigenpro_preconditioned,779,0.02106350416101943
box_eigenpro_preconditioned,780,0.021063504160983123
box_eigenpro_preconditioned,781,0.021063504160864284
box_eigenpro_preconditioned,782,0.021063504160236977
box_eigenpro_preconditioned,783,0.02106350416018465
box_eigenpro_preconditioned,784,0.02106350416006331
box_eigenpro_preconditioned,785,0.021063504159829015
box_eigenpro_preconditioned,786,0.021063504158872384
box_eigenpro_preconditioned,787,0.021063504158707086
box_eigenpro_preconditioned,788,0.021063504158701604
box_eigenpro_preconditioned,789,0.021063504158615187
box_eigenpro_preconditioned,790,0.02106350415859752
box_eigenpro_preconditioned,791,0.021063504158543474
box_eigenpro_preconditioned,792,0.02106350415836783
box_eigenpro_preconditioned,793,0.021063504157958587
box_eigenpro_preconditioned,794,0.02106350415759915
box_eigenpro_preconditioned,795,0.021063504157478978
box_eigenpro_preconditioned,796,0.02106350415731839
box_eigenpro_preconditioned,797,0.021063504157305155
box_eigenpro_preconditioned,798,0.021063504156757378
box_eigenpro_preconditioned,799,0.02106350415654479
box_eigenpro_preconditioned,800,0.02106350415645173
box_eigenpro_preconditioned,801,0.021063504156438914
box_eigenpro_preconditioned,802,0.021063504156212578
box_eigenpro_preconditioned,803,0.0210635041561787
box_eigenpro_preconditioned,804,0.021063504156095814
box_eigenpro_preconditioned,805,0.021063504155470564
box_eigenpro_preconditioned,806,0.02106350415544524
box_eigenpro_preconditioned,807,0.021063504155347846
box_eigenpro_preconditioned,808,0.021063504155086007
box_eigenpro_preconditioned,809,0.021063504154913894
box_eigenpro_preconditioned,810,0.02106350415470686
box_eigenpro_preconditioned,811,0.021063504154686753
box_eigenpro_preconditioned,812,0.021063504154387087
box_eigenpro_preconditioned,813,0.021063504154288735
box_eigenpro_preconditioned,814,0.021063504154102717
box_eigenpro_preconditioned,815,0.021063504154072002
box_eigenpro_preconditioned,816,0.021063504154037002
box_eigenpro_preconditioned,817,0.021063504153882386
box_eigenpro_preconditioned,818,0.02106350415367571
box_eigenpro_preconditioned,819,0.02106350415351124
box_eigenpro_preconditioned,820,0.021063504153485627
box_eigenpro_preconditioned,821,0.021063504152927147
box_eigenpro_preconditioned,822,0.02106350415291648
box_eigenpro_preconditioned,823,0.021063504152894902
box_eigenpro_preconditioned,824,0.021063504152826932
box_eigenpro_preconditioned,825,0.0210635041527404
box_eigenpro_preconditioned,826,0.02106350415262707
box_eigenpro_preconditioned,827,0.021063504152582086
box_eigenpro_preconditioned,828,0.02106350415237686
box_eigenpro_preconditioned,829,0.021063504152337702
box_eigenpro_preconditioned,830,0.021063504152304006
box_eigenpro_preconditioned,831,0.02106350415204193
box_eigenpro_preconditioned,832,0.02106350415202128
box_eigenpro_preconditioned,833,0.02106350415181272
box_eigenpro_preconditioned,834,0.021063504151800316
box_eigenpro_preconditioned,835,0.021063504151782625
box_eigenpro_preconditioned,836,0.021063504151534566
box_eigenpro_preconditioned,837,0.021063504151480172
box_eigenpro_preconditioned,838,0.021063504151148472
box_eigenpro_preconditioned,839,0.021063504151146925
box_eigenpro_preconditioned,840,0.021063504151122157
box_eigenpro_preconditioned,841,0.021063504151001354
box_eigenpro_preconditioned,842,0.02106350415089204
box_eigenpro_preconditioned,843,0.021063504150726126
box_eigenpro_preconditioned,844,0.021063504150711256
box_eigenpro_preconditioned,845,0.021063504150624187
box_eigenpro_preconditioned,846,0.021063504150599016
box_eigenpro_preconditioned,847,0.021063504150451075
box_eigenpro_preconditioned,848,0.021063504150446367
box_eigenpro_preconditioned,849,0.02106350415027206
box_eigenpro_preconditioned,850,0.02106350415013909
box_eigenpro_preconditioned,851,0.021063504149899208
box_eigenpro_preconditioned,852,0.021063504149890812
box_eigenpro_preconditioned,853,0.021063504149842566
box_eigenpro_preconditioned,854,0.021063504149831862
box_eigenpro_preconditioned,855,0.021063504149811903
box_eigenpro_preconditioned,856,0.021063504149697165
box_eigenpro_preconditioned,857,0.021063504149641882
box_eigenpro_preconditioned,858,0.021063504149492523
box_eigenpro_preconditioned,859,0.02106350414947832
box_eigenpro_preconditioned,860,0.0210635041493848
box_eigenpro_preconditioned,861,0.021063504149334975
box_eigenpro_preconditioned,862,0.02106350414929786
box_eigenpro_preconditioned,863,0.021063504149052233
box_eigenpro_preconditioned,864,0.02106350414898654
box_eigenpro_preconditioned,865,0.02106350414888531
box_eigenpro_preconditioned,866,0.021063504148855255
box_eigenpro_preconditioned,867,0.021063504148853808
box_eigenpro_preconditioned,868,0.021063504148676672
box_eigenpro_preconditioned,869,0.021063504148675517
box_eigenpro_preconditioned,870,0.021063504148592153
box_eigenpro_preconditioned,871,0.021063504148590862
box_eigenpro_preconditioned,872,0.021063504148570163
box_eigenpro_preconditioned,873,0.021063504148492094
box_eigenpro_preconditioned,874,0.02106350414844758
box_eigenpro_preconditioned,875,0.021063504148391404
box_eigenpro_preconditioned,876,0.021063504148369102
box_eigenpro_preconditioned,877,0.02106350414836539
box_eigenpro_preconditioned,878,0.02106350414830759
box_eigenpro_preconditioned,879,0.021063504148300417
box_eigenpro_preconditioned,880,0.021063504148252265
box_eigenpro_preconditioned,881,0.02106350414807822
box_eigenpro_preconditioned,882,0.02106350414789093
box_eigenpro_preconditioned,883,0.021063504147784854
box_eigenpro_preconditioned,884,0.02106350414768643
box_eigenpro_preconditioned,885,0.021063504147681697
box_eigenpro_preconditioned,886,0.021063504147589354
box_eigenpro_preconditioned,887,0.021063504147468833
box_eigenpro_preconditioned,888,0.021063504147400446
box_eigenpro_preconditioned,889,0.021063504147324913
box_eigenpro_preconditioned,890,0.0210635041472803
box_eigenpro_preconditioned,891,0.02106350414714129
box_eigenpro_preconditioned,892,0.021063504147110352
box_eigenpro_preconditioned,893,0.021063504147108683
box_eigenpro_preconditioned,894,0.021063504147088293
box_eigenpro_preconditioned,895,0.021063504147065377
box_eigenpro_preconditioned,896,0.021063504147052554
box_eigenpro_preconditioned,897,0.02106350414703153
box_eigenpro_preconditioned,898,0.021063504147010366
box_eigenpro_preconditioned,899,0.02106350414695579
box_eigenpro_preconditioned,900,0.02106350414691151
box_eigenpro_preconditioned,901,0.021063504146810963
box_eigenpro_preconditioned,902,0.021063504146750303
box_eigenpro_preconditioned,903,0.02106350414665233
box_eigenpro_preconditioned,904,0.02106350414655153
box_eigenpro_preconditioned,905,0.021063504146539194
box_eigenpro_preconditioned,906,0.021063504146524005
box_eigenpro_preconditioned,907,0.021063504146515068
box_eigenpro_preconditioned,908,0.021063504146328564
box_eigenpro_preconditioned,909,0.021063504146309565
box_eigenpro_preconditioned,910,0.02106350414625067
box_eigenpro_preconditioned,911,0.021063504146225303
box_eigenpro_preconditioned,912,0.021063504146206495
box_eigenpro_preconditioned,913,0.021063504146203997
box_eigenpro_preconditioned,914,0.021063504146106745
box_eigenpro_preconditioned,915,0.021063504146097718
box_eigenpro_preconditioned,916,0.021063504146091826
box_eigenpro_preconditioned,917,0.0210635041460654
box_eigenpro_preconditioned,918,0.021063504146024457
box_eigenpro_preconditioned,919,0.021063504145948927
box_eigenpro_preconditioned,920,0.021063504145933137
box_eigenpro_preconditioned,921,0.021063504145885904
box_eigenpro_preconditioned,922,0.02106350414574444
box_eigenpro_preconditioned,923,0.021063504145673397
box_eigenpro_preconditioned,924,0.021063504145643827
box_eigenpro_preconditioned,925,0.0210635041456268
box_eigenpro_preconditioned,926,0.021063504145623736
box_eigenpro_preconditioned,927,0.021063504145578806
box_eigenpro_preconditioned,928,0.02106350414554958
box_eigenpro_preconditioned,929,0.021063504145495515
box_eigenpro_preconditioned,930,0.021063504145451144
box_eigenpro_preconditioned,931,0.021063504145446638
box_eigenpro_preconditioned,932,0.021063504145441277
box_eigenpro_preconditioned,933,0.02106350414540164
box_eigenpro_preconditioned,934,0.021063504145351433
box_eigenpro_preconditioned,935,0.021063504145325786
box_eigenpro_preconditioned,936,0.02106350414532031
box_eigenpro_preconditioned,937,0.021063504145226564
box_eigenpro_preconditioned,938,0.0210635041452184
box_eigenpro_preconditioned,939,0.021063504145171816
box_eigenpro_preconditioned,940,0.02106350414514863
box_eigenpro_preconditioned,941,0.021063504145141923
box_eigenpro_preconditioned,942,0.021063504145109376
box_eigenpro_preconditioned,943,0.021063504145004283
box_eigenpro_preconditioned,944,0.02106350414496559
box_eigenpro_preconditioned,945,0.021063504144926755
box_eigenpro_preconditioned,946,0.02106350414492264
box_eigenpro_preconditioned,947,0.0210635041449054
box_eigenpro_preconditioned,948,0.021063504144898146
box_eigenpro_preconditioned,949,0.02106350414489301
box_eigenpro_preconditioned,950,0.021063504144847235
box_eigenpro_preconditioned,951,0.021063504144832164
box_eigenpro_preconditioned,952,0.021063504144828403
box_eigenpro_preconditioned,953,0.0210635041448093
box_eigenpro_preconditioned,954,0.021063504144802677
box_eigenpro_preconditioned,955,0.02106350414479668
box_eigenpro_preconditioned,956,0.02106350414475403
box_eigenpro_preconditioned,957,0.021063504144714522
box_eigenpro_preconditioned,958,0.021063504144667376
box_eigenpro_preconditioned,959,0.021063504144593084
box_eigenpro_preconditioned,960,0.021063504144580983
box_eigenpro_preconditioned,961,0.021063504144577548
box_eigenpro_preconditioned,962,0.021063504144573513
box_eigenpro_preconditioned,963,0.02106350414452279
box_eigenpro_preconditioned,964,0.021063504144513516
box_eigenpro_preconditioned,965,0.02106350414447646
box_eigenpro_preconditioned,966,0.021063504144448533
box_eigenpro_preconditioned,967,0.02106350414438977
box_eigenpro_preconditioned,968,0.021063504144347572
box_eigenpro_preconditioned,969,0.021063504144315032
box_eigenpro_preconditioned,970,0.021063504144309724
box_eigenpro_preconditioned,971,0.021063504144308024
box_eigenpro_preconditioned,972,0.021063504144303274
box_eigenpro_preconditioned,973,0.021063504144279585
box_eigenpro_preconditioned,974,0.021063504144272018
box_eigenpro_preconditioned,975,0.021063504144169805
box_eigenpro_preconditioned,976,0.02106350414414662
box_eigenpro_preconditioned,977,0.02106350414412593
box_eigenpro_preconditioned,978,0.021063504144055577
box_eigenpro_preconditioned,979,0.021063504144035558
box_eigenpro_preconditioned,980,0.021063504144006737
box_eigenpro_preconditioned,981,0.02106350414399146
box_eigenpro_preconditioned,982,0.021063504143981986
box_eigenpro_preconditioned,983,0.021063504143942837
box_eigenpro_preconditioned,984,0.021063504143937768
box_eigenpro_preconditioned,985,0.021063504143935093
box_eigenpro_preconditioned,986,0.021063504143917604
box_eigenpro_preconditioned,987,0.021063504143908396
box_eigenpro_preconditioned,988,0.021063504143898484
box_eigenpro_preconditioned,989,0.021063504143838577
box_eigenpro_preconditioned,990,0.021063504143838438
box_eigenpro_preconditioned,991,0.02106350414379576
box_eigenpro_preconditioned,992,0.021063504143786282
box_eigenpro_preconditioned,993,0.021063504143779183
box_eigenpro_preconditioned,994,0.02106350414377536
box_eigenpro_preconditioned,995,0.021063504143774368
box_eigenpro_preconditioned,996,0.02106350414375144
box_eigenpro_preconditioned,997,0.021063504143750637
box_eigenpro_preconditioned,998,0.021063504143627135
box_eigenpro_preconditioned,999,0.021063504143622503
box_eigenpro_preconditioned,1000,0.021063504143616674
box_eigenpro_preconditioned,1001,0.02106350414360714
box_eigenpro_preconditioned,1002,0.021063504143570666
box_eigenpro_preconditioned,1003,0.02106350414355493
box_eigenpro_preconditioned,1004,0.02106350414350593
box_eigenpro_preconditioned,1005,0.021063504143489828
box_eigenpro_preconditioned,1006,0.02106350414347874
box_eigenpro_preconditioned,1007,0.0210635041434611
box_eigenpro_preconditioned,1008,0.021063504143444253
box_eigenpro_preconditioned,1009,0.02106350414340876
box_eigenpro_preconditioned,1010,0.0210635041434046
box_eigenpro_preconditioned,1011,0.02106350414339337
box_eigenpro_preconditioned,1012,0.021063504143359807
box_eigenpro_preconditioned,1013,0.021063504143356053
box_eigenpro_preconditioned,1014,0.021063504143348084
box_eigenpro_preconditioned,1015,0.02106350414325524
box_eigenpro_preconditioned,1016,0.02106350414322748
box_eigenpro_preconditioned,1017,0.021063504143216567
box_eigenpro_preconditioned,1018,0.02106350414321389
box_eigenpro_preconditioned,1019,0.021063504143201933
box_eigenpro_preconditioned,1020,0.021063504143201864
box_eigenpro_preconditioned,1021,0.02106350414319098
box_eigenpro_preconditioned,1022,0.02106350414317506
box_eigenpro_preconditioned,1023,0.021063504143171555
box_eigenpro_preconditioned,1024,0.021063504143160588
box_eigenpro_preconditioned,1025,0.02106350414315607
box_eigenpro_preconditioned,1026,0.021063504143132565
box_eigenpro_preconditioned,1027,0.021063504143125734
box_eigenpro_preconditioned,1028,0.02106350414312053
box_eigenpro_preconditioned,1029,0.021063504143068356
box_eigenpro_preconditioned,1030,0.02106350414306629
box_eigenpro_preconditioned,1031,0.021063504143055422
box_eigenpro_preconditioned,1032,0.021063504143045003
box_eigenpro_preconditioned,1033,0.02106350414301581
box_eigenpro_preconditioned,1034,0.021063504143015253
box_eigenpro_preconditioned,1035,0.021063504143001115
box_eigenpro_preconditioned,1036,0.021063504142993048
box_eigenpro_preconditioned,1037,0.02106350414296499
box_eigenpro_preconditioned,1038,0.021063504142948417
box_eigenpro_preconditioned,1039,0.021063504142934453
box_eigenpro_preconditioned,1040,0.021063504142931018
box_eigenpro_preconditioned,1041,0.021063504142910847
box_eigenpro_preconditioned,1042,0.021063504142877134
box_eigenpro_preconditioned,1043,0.0210635041428758
box_eigenpro_preconditioned,1044,0.021063504142868686
box_eigenpro_preconditioned,1045,0.021063504142863017
box_eigenpro_preconditioned,1046,0.021063504142860137
box_eigenpro_preconditioned,1047,0.021063504142852834
box_eigenpro_preconditioned,1048,0.021063504142844938
box_eigenpro_preconditioned,1049,0.021063504142825446
box_eigenpro_preconditioned,1050,0.02106350414281143
box_eigenpro_preconditioned,1051,0.021063504142798204
box_eigenpro_preconditioned,1052,0.02106350414279503
box_eigenpro_preconditioned,1053,0.021063504142775052
box_eigenpro_preconditioned,1054,0.021063504142770965
box_eigenpro_preconditioned,1055,0.021063504142756963
box_eigenpro_preconditioned,1056,0.02106350414273636
box_eigenpro_preconditioned,1057,0.02106350414271624
box_eigenpro_preconditioned,1058,0.02106350414270544
box_eigenpro_preconditioned,1059,0.02106350414268583
box_eigenpro_preconditioned,1060,0.021063504142685652
box_eigenpro_preconditioned,1061,0.021063504142655735
box_eigenpro_preconditioned,1062,0.021063504142651516
box_eigenpro_preconditioned,1063,0.02106350414264406
box_eigenpro_preconditioned,1064,0.02106350414263587
box_eigenpro_preconditioned,1065,0.021063504142635685
box_eigenpro_preconditioned,1066,0.021063504142632816
box_eigenpro_preconditioned,1067,0.021063504142613248
box_eigenpro_preconditioned,1068,0.02106350414255092
box_eigenpro_preconditioned,1069,0.021063504142545552
box_eigenpro_preconditioned,1070,0.021063504142537774
box_eigenpro_preconditioned,1071,0.02106350414253365
box_eigenpro_preconditioned,1072,0.021063504142526474
box_eigenpro_preconditioned,1073,0.02106350414252202
box_eigenpro_preconditioned,1074,0.021063504142511295
box_eigenpro_preconditioned,1075,0.02106350414250138
box_eigenpro_preconditioned,1076,0.021063504142495606
box_eigenpro_preconditioned,1077,0.021063504142475754
box_eigenpro_preconditioned,1078,0.021063504142441573
box_eigenpro_preconditioned,1079,0.021063504142439567
box_eigenpro_preconditioned,1080,0.02106350414242879
box_eigenpro_preconditioned,1081,0.02106350414240588
box_eigenpro_preconditioned,1082,0.021063504142395155
box_eigenpro_preconditioned,1083,0.021063504142386964
box_eigenpro_preconditioned,1084,0.02106350414237643
box_eigenpro_preconditioned,1085,0.021063504142375785
box_eigenpro_preconditioned,1086,0.02106350414236087
box_eigenpro_preconditioned,1087,0.0210635041423433
box_eigenpro_preconditioned,1088,0.02106350414234303
box_eigenpro_preconditioned,1089,0.021063504142329405
box_eigenpro_preconditioned,1090,0.021063504142314695
box_eigenpro_preconditioned,1091,0.021063504142305945
box_eigenpro_preconditioned,1092,0.021063504142305182
box_eigenpro_preconditioned,1093,0.021063504142273575
box_eigenpro_preconditioned,1094,0.02106350414225902
box_eigenpro_preconditioned,1095,0.021063504142256377
box_eigenpro_preconditioned,1096,0.021063504142251433
box_eigenpro_preconditioned,1097,0.0210635041422433
box_eigenpro_preconditioned,1098,0.021063504142241216
box_eigenpro_preconditioned,1099,0.02106350414222687
box_eigenpro_preconditioned,1100,0.021063504142216694
box_eigenpro_preconditioned,1101,0.02106350414221528
box_eigenpro_preconditioned,1102,0.021063504142203905
box_eigenpro_preconditioned,1103,0.021063504142193445
box_eigenpro_preconditioned,1104,0.021063504142190465
box_eigenpro_preconditioned,1105,0.021063504142189042
box_eigenpro_preconditioned,1106,0.021063504142185076
box_eigenpro_preconditioned,1107,0.021063504142184407
box_eigenpro_preconditioned,1108,0.021063504142177076
box_eigenpro_preconditioned,1109,0.021063504142150392
box_eigenpro_preconditioned,1110,0.021063504142126283
box_eigenpro_preconditioned,1111,0.02106350414212098
box_eigenpro_preconditioned,1112,0.021063504142117703
box_eigenpro_preconditioned,1113,0.02106350414211544
box_eigenpro_preconditioned,1114,0.021063504142103822
box_eigenpro_preconditioned,1115,0.02106350414209795
box_eigenpro_preconditioned,1116,0.02106350414209431
box_eigenpro_preconditioned,1117,0.02106350414208601
box_eigenpro_preconditioned,1118,0.021063504142084584
box_eigenpro_preconditioned,1119,0.02106350414207811
box_eigenpro_preconditioned,1120,0.02106350414206696
box_eigenpro_preconditioned,1121,0.021063504142041854
box_eigenpro_preconditioned,1122,0.021063504142025766
box_eigenpro_preconditioned,1123,0.021063504142018998
box_eigenpro_preconditioned,1124,0.02106350414201763
box_eigenpro_preconditioned,1125,0.021063504142015778
box_eigenpro_preconditioned,1126,0.02106350414201256
box_eigenpro_preconditioned,1127,0.021063504142009366
box_eigenpro_preconditioned,1128,0.02106350414200744
box_eigenpro_preconditioned,1129,0.02106350414199822
box_eigenpro_preconditioned,1130,0.021063504141990718
box_eigenpro_preconditioned,1131,0.0210635041419783
box_eigenpro_preconditioned,1132,0.021063504141973406
box_eigenpro_preconditioned,1133,0.02106350414195491
box_eigenpro_preconditioned,1134,0.02106350414194503
box_eigenpro_preconditioned,1135,0.021063504141943475
box_eigenpro_preconditioned,1136,0.02106350414193305
box_eigenpro_preconditioned,1137,0.02106350414193156
box_eigenpro_preconditioned,1138,0.021063504141926995
box_eigenpro_preconditioned,1139,0.021063504141923893
box_eigenpro_preconditioned,1140,0.02106350414191855
box_eigenpro_preconditioned,1141,0.021063504141917176
box_eigenpro_preconditioned,1142,0.021063504141910296
box_eigenpro_preconditioned,1143,0.02106350414190605
box_eigenpro_preconditioned,1144,0.021063504141894042
box_eigenpro_preconditioned,1145,0.021063504141881757
box_eigenpro_preconditioned,1146,0.02106350414186993
box_eigenpro_preconditioned,1147,0.021063504141868895
box_eigenpro_preconditioned,1148,0.021063504141867483
box_eigenpro_preconditioned,1149,0.021063504141851774
box_eigenpro_preconditioned,1150,0.02106350414185069
box_eigenpro_preconditioned,1151,0.021063504141845622
box_eigenpro_preconditioned,1152,0.02106350414183619
box_eigenpro_preconditioned,1153,0.02106350414183361
box_eigenpro_preconditioned,1154,0.02106350414183279
box_eigenpro_preconditioned,1155,0.02106350414182294
box_eigenpro_preconditioned,1156,0.02106350414181894
box_eigenpro_preconditioned,1157,0.02106350414180878
box_eigenpro_preconditioned,1158,0.02106350414180339
box_eigenpro_preconditioned,1159,0.021063504141798778
box_eigenpro_preconditioned,1160,0.021063504141785323
box_eigenpro_preconditioned,1161,0.021063504141779876
box_eigenpro_preconditioned,1162,0.021063504141774086
box_eigenpro_preconditioned,1163,0.021063504141773822
box_eigenpro_preconditioned,1164,0.02106350414176922
box_eigenpro_preconditioned,1165,0.021063504141768868
box_eigenpro_preconditioned,1166,0.02106350414176098
box_eigenpro_preconditioned,1167,0.021063504141756194
box_eigenpro_preconditioned,1168,0.021063504141740543
box_eigenpro_preconditioned,1169,0.021063504141740297
box_eigenpro_preconditioned,1170,0.021063504141740044
box_eigenpro_preconditioned,1171,0.021063504141739495
box_eigenpro_preconditioned,1172,0.021063504141738795
box_eigenpro_preconditioned,1173,0.021063504141735245
box_eigenpro_preconditioned,1174,0.02106350414172982
box_eigenpro_preconditioned,1175,0.021063504141729555
box_eigenpro_preconditioned,1176,0.02106350414172409
box_eigenpro_preconditioned,1177,0.021063504141714824
box_eigenpro_preconditioned,1178,0.02106350414171143
box_eigenpro_preconditioned,1179,0.021063504141709873
box_eigenpro_preconditioned,1180,0.02106350414170933
box_eigenpro_preconditioned,1181,0.021063504141677413
box_eigenpro_preconditioned,1182,0.021063504141675227
box_eigenpro_preconditioned,1183,0.021063504141674964
box_eigenpro_preconditioned,1184,0.021063504141671394
box_eigenpro_preconditioned,1185,0.021063504141668205
box_eigenpro_preconditioned,1186,0.02106350414165282
box_eigenpro_preconditioned,1187,0.021063504141647645
box_eigenpro_preconditioned,1188,0.021063504141639558
box_eigenpro_preconditioned,1189,0.021063504141636744
box_eigenpro_preconditioned,1190,0.021063504141630565
box_eigenpro_preconditioned,1191,0.021063504141613894
box_eigenpro_preconditioned,1192,0.021063504141613697
box_eigenpro_preconditioned,1193,0.021063504141613107
box_eigenpro_preconditioned,1194,0.021063504141609304
box_eigenpro_preconditioned,1195,0.02106350414160475
box_eigenpro_preconditioned,1196,0.021063504141602536
box_eigenpro_preconditioned,1197,0.021063504141602428
box_eigenpro_preconditioned,1198,0.02106350414160056
box_eigenpro_preconditioned,1199,0.021063504141596145
box_eigenpro_preconditioned,1200,0.021063504141585435
box_eigenpro_preconditioned,1201,0.02106350414157234
box_eigenpro_preconditioned,1202,0.021063504141570027
box_eigenpro_preconditioned,1203,0.021063504141568976
box_eigenpro_preconditioned,1204,0.02106350414156556
box_eigenpro_preconditioned,1205,0.021063504141562533
box_eigenpro_preconditioned,1206,0.02106350414155767
box_eigenpro_preconditioned,1207,0.02106350414155139
box_eigenpro_preconditioned,1208,0.021063504141549564
box_eigenpro_preconditioned,1209,0.021063504141547344
box_eigenpro_preconditioned,1210,0.021063504141545595
box_eigenpro_preconditioned,1211,0.02106350414154029
box_eigenpro_preconditioned,1212,0.02106350414154019
box_eigenpro_preconditioned,1213,0.021063504141539808
box_eigenpro_preconditioned,1214,0.02106350414153447
box_eigenpro_preconditioned,1215,0.021063504141525923
box_eigenpro_preconditioned,1216,0.02106350414151927
box_eigenpro_preconditioned,1217,0.021063504141510616
box_eigenpro_preconditioned,1218,0.021063504141505384
box_eigenpro_preconditioned,1219,0.021063504141499496
box_eigenpro_preconditioned,1220,0.021063504141498313
box_eigenpro_preconditioned,1221,0.021063504141494844
box_eigenpro_preconditioned,1222,0.021063504141492956
box_eigenpro_preconditioned,1223,0.02106350414147901
box_eigenpro_preconditioned,1224,0.02106350414147443
box_eigenpro_preconditioned,1225,0.021063504141467817
box_eigenpro_preconditioned,1226,0.02106350414146757
box_eigenpro_preconditioned,1227,0.02106350414146751
box_eigenpro_preconditioned,1228,0.021063504141467283
box_eigenpro_preconditioned,1229,0.02106350414145797
box_eigenpro_preconditioned,1230,0.021063504141449804
box_eigenpro_preconditioned,1231,0.021063504141449193
box_eigenpro_preconditioned,1232,0.021063504141444988
box_eigenpro_preconditioned,1233,0.021063504141440436
box_eigenpro_preconditioned,1234,0.02106350414143013
box_eigenpro_preconditioned,1235,0.021063504141426645
box_eigenpro_preconditioned,1236,0.021063504141426406
box_eigenpro_preconditioned,1237,0.021063504141419664
box_eigenpro_preconditioned,1238,0.021063504141419137
box_eigenpro_preconditioned,1239,0.021063504141409558
box_eigenpro_preconditioned,1240,0.021063504141409402
box_eigenpro_preconditioned,1241,0.021063504141407834
box_eigenpro_preconditioned,1242,0.021063504141401925
box_eigenpro_preconditioned,1243,0.02106350414140131
box_eigenpro_preconditioned,1244,0.02106350414139881
box_eigenpro_preconditioned,1245,0.021063504141397016
box_eigenpro_preconditioned,1246,0.0210635041413907
box_eigenpro_preconditioned,1247,0.02106350414138908
box_eigenpro_preconditioned,1248,0.02106350414138721
box_eigenpro_preconditioned,1249,0.021063504141384574
box_eigenpro_preconditioned,1250,0.021063504141383808
box_eigenpro_preconditioned,1251,0.021063504141383277
box_eigenpro_preconditioned,1252,0.02106350414138263
box_eigenpro_preconditioned,1253,0.021063504141381736
box_eigenpro_preconditioned,1254,0.02106350414136903
box_eigenpro_preconditioned,1255,0.021063504141368528
box_eigenpro_preconditioned,1256,0.02106350414136589
box_eigenpro_preconditioned,1257,0.02106350414136356
box_eigenpro_preconditioned,1258,0.02106350414135944
box_eigenpro_preconditioned,1259,0.021063504141357544
box_eigenpro_preconditioned,1260,0.021063504141348232
box_eigenpro_preconditioned,1261,0.021063504141346216
box_eigenpro_preconditioned,1262,0.02106350414134188
box_eigenpro_preconditioned,1263,0.021063504141337185
box_eigenpro_preconditioned,1264,0.02106350414133207
box_eigenpro_preconditioned,1265,0.021063504141321302
box_eigenpro_preconditioned,1266,0.02106350414132001
box_eigenpro_preconditioned,1267,0.021063504141318815
box_eigenpro_preconditioned,1268,0.02106350414130802
box_eigenpro_preconditioned,1269,0.021063504141306557
box_eigenpro_preconditioned,1270,0.021063504141302734
box_eigenpro_preconditioned,1271,0.021063504141297245
box_eigenpro_preconditioned,1272,0.02106350414129213
box_eigenpro_preconditioned,1273,0.021063504141290646
box_eigenpro_preconditioned,1274,0.021063504141285258
box_eigenpro_preconditioned,1275,0.021063504141282573
box_eigenpro_preconditioned,1276,0.021063504141276827
box_eigenpro_preconditioned,1277,0.021063504141274166
box_eigenpro_preconditioned,1278,0.021063504141271994
box_eigenpro_preconditioned,1279,0.021063504141267928
box_eigenpro_preconditioned,1280,0.021063504141266776
box_eigenpro_preconditioned,1281,0.021063504141266565
box_eigenpro_preconditioned,1282,0.021063504141266058
box_eigenpro_preconditioned,1283,0.02106350414126565
box_eigenpro_preconditioned,1284,0.021063504141264615
box_eigenpro_preconditioned,1285,0.021063504141264292
box_eigenpro_preconditioned,1286,0.021063504141261142
box_eigenpro_preconditioned,1287,0.02106350414125875
box_eigenpro_preconditioned,1288,0.021063504141255414
box_eigenpro_preconditioned,1289,0.021063504141252753
box_eigenpro_preconditioned,1290,0.021063504141251344
box_eigenpro_preconditioned,1291,0.02106350414124173
box_eigenpro_preconditioned,1292,0.021063504141241453
box_eigenpro_preconditioned,1293,0.021063504141230323
box_eigenpro_preconditioned,1294,0.021063504141229133
box_eigenpro_preconditioned,1295,0.02106350414122837
box_eigenpro_preconditioned,1296,0.021063504141227762
box_eigenpro_preconditioned,1297,0.021063504141225493
box_eigenpro_preconditioned,1298,0.021063504141225004
box_eigenpro_preconditioned,1299,0.0210635041412244
box_eigenpro_preconditioned,1300,0.021063504141222055
box_eigenpro_preconditioned,1301,0.021063504141221108
box_eigenpro_preconditioned,1302,0.02106350414122015
box_eigenpro_preconditioned,1303,0.021063504141217326
box_eigenpro_preconditioned,1304,0.021063504141214984
box_eigenpro_preconditioned,1305,0.02106350414121402
box_eigenpro_preconditioned,1306,0.021063504141213628
box_eigenpro_preconditioned,1307,0.02106350414120231
box_eigenpro_preconditioned,1308,0.021063504141198952
box_eigenpro_preconditioned,1309,0.021063504141190216
box_eigenpro_preconditioned,1310,0.02106350414118745
box_eigenpro_preconditioned,1311,0.021063504141180467
box_eigenpro_preconditioned,1312,0.021063504141180352
box_eigenpro_preconditioned,1313,0.02106350414118027
box_eigenpro_preconditioned,1314,0.021063504141175814
box_eigenpro_preconditioned,1315,0.02106350414117299
box_eigenpro_preconditioned,1316,0.02106350414117068
box_eigenpro_preconditioned,1317,0.021063504141161805
box_eigenpro_preconditioned,1318,0.02106350414116034
box_eigenpro_preconditioned,1319,0.021063504141158783
box_eigenpro_preconditioned,1320,0.02106350414115515
box_eigenpro_preconditioned,1321,0.02106350414115454
box_eigenpro_preconditioned,1322,0.021063504141153495
box_eigenpro_preconditioned,1323,0.02106350414115343
box_eigenpro_preconditioned,1324,0.02106350414115198
box_eigenpro_preconditioned,1325,0.021063504141149766
box_eigenpro_preconditioned,1326,0.02106350414114588
box_eigenpro_preconditioned,1327,0.021063504141139163
box_eigenpro_preconditioned,1328,0.02106350414113746
box_eigenpro_preconditioned,1329,0.021063504141133865
box_eigenpro_preconditioned,1330,0.02106350414112991
box_eigenpro_preconditioned,1331,0.02106350414112909
box_eigenpro_preconditioned,1332,0.021063504141125695
box_eigenpro_preconditioned,1333,0.021063504141124727
box_eigenpro_preconditioned,1334,0.021063504141124647
box_eigenpro_preconditioned,1335,0.0210635041411204
box_eigenpro_preconditioned,1336,0.021063504141117288
box_eigenpro_preconditioned,1337,0.02106350414111638
box_eigenpro_preconditioned,1338,0.02106350414111552
box_eigenpro_preconditioned,1339,0.021063504141114027
box_eigenpro_preconditioned,1340,0.0210635041411082
box_eigenpro_preconditioned,1341,0.021063504141106037
box_eigenpro_preconditioned,1342,0.021063504141104344
box_eigenpro_preconditioned,1343,0.021063504141102935
box_eigenpro_preconditioned,1344,0.021063504141102193
box_eigenpro_preconditioned,1345,0.021063504141101943
box_eigenpro_preconditioned,1346,0.021063504141099452
box_eigenpro_preconditioned,1347,0.021063504141098373
box_eigenpro_preconditioned,1348,0.02106350414109826
box_eigenpro_preconditioned,1349,0.021063504141094206
box_eigenpro_preconditioned,1350,0.02106350414109411
box_eigenpro_preconditioned,1351,0.021063504141092516
box_eigenpro_preconditioned,1352,0.02106350414109063
box_eigenpro_preconditioned,1353,0.021063504141087774
box_eigenpro_preconditioned,1354,0.02106350414107651
box_eigenpro_preconditioned,1355,0.021063504141075808
box_eigenpro_preconditioned,1356,0.02106350414107248
box_eigenpro_preconditioned,1357,0.021063504141069847
box_eigenpro_preconditioned,1358,0.02106350414106928
box_eigenpro_preconditioned,1359,0.021063504141067595
box_eigenpro_preconditioned,1360,0.02106350414106604
box_eigenpro_preconditioned,1361,0.021063504141065285
box_eigenpro_preconditioned,1362,0.021063504141064636
box_eigenpro_preconditioned,1363,0.02106350414105854
box_eigenpro_preconditioned,1364,0.021063504141057628
box_eigenpro_preconditioned,1365,0.02106350414105729
box_eigenpro_preconditioned,1366,0.021063504141057173
box_eigenpro_preconditioned,1367,0.021063504141054314
box_eigenpro_preconditioned,1368,0.021063504141053225
box_eigenpro_preconditioned,1369,0.02106350414105298
box_eigenpro_preconditioned,1370,0.021063504141048756
box_eigenpro_preconditioned,1371,0.021063504141047552
box_eigenpro_preconditioned,1372,0.021063504141044763
box_eigenpro_preconditioned,1373,0.02106350414104213
box_eigenpro_preconditioned,1374,0.02106350414104157
box_eigenpro_preconditioned,1375,0.02106350414104148
box_eigenpro_preconditioned,1376,0.021063504141038067
box_eigenpro_preconditioned,1377,0.02106350414103771
box_eigenpro_preconditioned,1378,0.02106350414103549
box_eigenpro_preconditioned,1379,0.02106350414103369
box_eigenpro_preconditioned,1380,0.021063504141030667
box_eigenpro_preconditioned,1381,0.02106350414103048
box_eigenpro_preconditioned,1382,0.02106350414102987
box_eigenpro_preconditioned,1383,0.021063504141022458
box_eigenpro_preconditioned,1384,0.02106350414101854
box_eigenpro_preconditioned,1385,0.021063504141015207
box_eigenpro_preconditioned,1386,0.021063504141012504
box_eigenpro_preconditioned,1387,0.021063504141012487
box_eigenpro_preconditioned,1388,0.02106350414101235
box_eigenpro_preconditioned,1389,0.02106350414101118
box_eigenpro_preconditioned,1390,0.021063504141009323
box_eigenpro_preconditioned,1391,0.02106350414100778
box_eigenpro_preconditioned,1392,0.02106350414100705
box_eigenpro_preconditioned,1393,0.021063504141005492
box_eigenpro_preconditioned,1394,0.021063504141003837
box_eigenpro_preconditioned,1395,0.021063504141003563
box_eigenpro_preconditioned,1396,0.021063504141003168
box_eigenpro_preconditioned,1397,0.021063504141000517
box_eigenpro_preconditioned,1398,0.021063504140995577
box_eigenpro_preconditioned,1399,0.02106350414099546
box_eigenpro_preconditioned,1400,0.021063504140994116
box_eigenpro_preconditioned,1401,0.0210635041409923
box_eigenpro_preconditioned,1402,0.021063504140990615
box_eigenpro_preconditioned,1403,0.021063504140989908
box_eigenpro_preconditioned,1404,0.02106350414098377
box_eigenpro_preconditioned,1405,0.0210635041409823
box_eigenpro_preconditioned,1406,0.02106350414098113
box_eigenpro_preconditioned,1407,0.021063504140980627
box_eigenpro_preconditioned,1408,0.021063504140977286
box_eigenpro_preconditioned,1409,0.02106350414097727
box_eigenpro_preconditioned,1410,0.02106350414097696
box_eigenpro_preconditioned,1411,0.021063504140976356
box_eigenpro_preconditioned,1412,0.021063504140972196
box_eigenpro_preconditioned,1413,0.021063504140971457
box_eigenpro_preconditioned,1414,0.021063504140968636
box_eigenpro_preconditioned,1415,0.021063504140965996
box_eigenpro_preconditioned,1416,0.02106350414096397
box_eigenpro_preconditioned,1417,0.0210635041409626
box_eigenpro_preconditioned,1418,0.02106350414096134
box_eigenpro_preconditioned,1419,0.021063504140961038
box_eigenpro_preconditioned,1420,0.021063504140960497
box_eigenpro_preconditioned,1421,0.021063504140959984
box_eigenpro_preconditioned,1422,0.02106350414095971
box_eigenpro_preconditioned,1423,0.02106350414095925
box_eigenpro_preconditioned,1424,0.021063504140954637
box_eigenpro_preconditioned,1425,0.021063504140953898
box_eigenpro_preconditioned,1426,0.02106350414095342
box_eigenpro_preconditioned,1427,0.021063504140948933
box_eigenpro_preconditioned,1428,0.021063504140947525
box_eigenpro_preconditioned,1429,0.02106350414094703
box_eigenpro_preconditioned,1430,0.02106350414094463
box_eigenpro_preconditioned,1431,0.02106350414094206
box_eigenpro_preconditioned,1432,0.021063504140941266
box_eigenpro_preconditioned,1433,0.021063504140940374
box_eigenpro_preconditioned,1434,0.021063504140940263
box_eigenpro_preconditioned,1435,0.021063504140938737
box_eigenpro_preconditioned,1436,0.021063504140937547
box_eigenpro_preconditioned,1437,0.02106350414093664
box_eigenpro_preconditioned,1438,0.02106350414093367
box_eigenpro_preconditioned,1439,0.021063504140933144
box_eigenpro_preconditioned,1440,0.021063504140928783
box_eigenpro_preconditioned,1441,0.02106350414092748
box_eigenpro_preconditioned,1442,0.021063504140926774
box_eigenpro_preconditioned,1443,0.02106350414092546
box_eigenpro_preconditioned,1444,0.021063504140922607
box_eigenpro_preconditioned,1445,0.021063504140919207
box_eigenpro_preconditioned,1446,0.021063504140918832
box_eigenpro_preconditioned,1447,0.021063504140918596
box_eigenpro_preconditioned,1448,0.021063504140917292
box_eigenpro_preconditioned,1449,0.021063504140916928
box_eigenpro_preconditioned,1450,0.02106350414091248
box_eigenpro_preconditioned,1451,0.021063504140911828
box_eigenpro_preconditioned,1452,0.021063504140910908
box_eigenpro_preconditioned,1453,0.021063504140910235
box_eigenpro_preconditioned,1454,0.02106350414090845
box_eigenpro_preconditioned,1455,0.02106350414090837
box_eigenpro_preconditioned,1456,0.021063504140907834
box_eigenpro_preconditioned,1457,0.021063504140907324
box_eigenpro_preconditioned,1458,0.021063504140907168
box_eigenpro_preconditioned,1459,0.021063504140906318
box_eigenpro_preconditioned,1460,0.021063504140903227
box_eigenpro_preconditioned,1461,0.021063504140903206
box_eigenpro_preconditioned,1462,0.021063504140901634
box_eigenpro_preconditioned,1463,0.02106350414090053
box_eigenpro_preconditioned,1464,0.02106350414089965
box_eigenpro_preconditioned,1465,0.0210635041408986
box_eigenpro_preconditioned,1466,0.02106350414089849
box_eigenpro_preconditioned,1467,0.021063504140896003
box_eigenpro_preconditioned,1468,0.021063504140895684
box_eigenpro_preconditioned,1469,0.021063504140895375
box_eigenpro_preconditioned,1470,0.02106350414089534
box_eigenpro_preconditioned,1471,0.021063504140894737
box_eigenpro_preconditioned,1472,0.02106350414089441
box_eigenpro_preconditioned,1473,0.02106350414089235
box_eigenpro_preconditioned,1474,0.021063504140889457
box_eigenpro_preconditioned,1475,0.021063504140888343
box_eigenpro_preconditioned,1476,0.021063504140886154
box_eigenpro_preconditioned,1477,0.021063504140885987
box_eigenpro_preconditioned,1478,0.021063504140883343
box_eigenpro_preconditioned,1479,0.02106350414088295
box_eigenpro_preconditioned,1480,0.021063504140881137
box_eigenpro_preconditioned,1481,0.021063504140879173
box_eigenpro_preconditioned,1482,0.02106350414087594
box_eigenpro_preconditioned,1483,0.021063504140875895
box_eigenpro_preconditioned,1484,0.02106350414087551
box_eigenpro_preconditioned,1485,0.021063504140874812
box_eigenpro_preconditioned,1486,0.021063504140872238
box_eigenpro_preconditioned,1487,0.02106350414087153
box_eigenpro_preconditioned,1488,0.02106350414087132
box_eigenpro_preconditioned,1489,0.021063504140868602
box_eigenpro_preconditioned,1490,0.0210635041408678
box_eigenpro_preconditioned,1491,0.021063504140867502
box_eigenpro_preconditioned,1492,0.021063504140866874
box_eigenpro_preconditioned,1493,0.021063504140864955
box_eigenpro_preconditioned,1494,0.02106350414086295
box_eigenpro_preconditioned,1495,0.021063504140862898
box_eigenpro_preconditioned,1496,0.02106350414086262
box_eigenpro_preconditioned,1497,0.021063504140860438
box_eigenpro_preconditioned,1498,0.02106350414085909
box_eigenpro_preconditioned,1499,0.021063504140858898
box_eigenpro_preconditioned,1500,0.02106350414085837
box_eigenpro_preconditioned,1501,0.02106350414085715
box_eigenpro_preconditioned,1502,0.02106350414085491
box_eigenpro_preconditioned,1503,0.021063504140850887
box_eigenpro_preconditioned,1504,0.02106350414084774
box_eigenpro_preconditioned,1505,0.0210635041408476
box_eigenpro_preconditioned,1506,0.021063504140844572
box_eigenpro_preconditioned,1507,0.021063504140842085
box_eigenpro_preconditioned,1508,0.021063504140840832
box_eigenpro_preconditioned,1509,0.021063504140840728
box_eigenpro_preconditioned,1510,0.02106350414083982
box_eigenpro_preconditioned,1511,0.021063504140839597
box_eigenpro_preconditioned,1512,0.021063504140839
box_eigenpro_preconditioned,1513,0.021063504140838418
box_eigenpro_preconditioned,1514,0.021063504140836724
box_eigenpro_preconditioned,1515,0.02106350414083554
box_eigenpro_preconditioned,1516,0.021063504140834476
box_eigenpro_preconditioned,1517,0.021063504140833317
box_eigenpro_preconditioned,1518,0.021063504140832915
box_eigenpro_preconditioned,1519,0.02106350414083217
box_eigenpro_preconditioned,1520,0.02106350414083145
box_eigenpro_preconditioned,1521,0.021063504140829893
box_eigenpro_preconditioned,1522,0.021063504140829213
box_eigenpro_preconditioned,1523,0.021063504140825993
box_eigenpro_preconditioned,1524,0.02106350414082541
box_eigenpro_preconditioned,1525,0.021063504140823915
box_eigenpro_preconditioned,1526,0.021063504140822812
box_eigenpro_preconditioned,1527,0.021063504140822087
box_eigenpro_preconditioned,1528,0.021063504140821858
box_eigenpro_preconditioned,1529,0.021063504140820748
box_eigenpro_preconditioned,1530,0.021063504140817032
box_eigenpro_preconditioned,1531,0.02106350414081679
box_eigenpro_preconditioned,1532,0.02106350414081609
box_eigenpro_preconditioned,1533,0.021063504140815772
box_eigenpro_preconditioned,1534,0.021063504140814912
box_eigenpro_preconditioned,1535,0.021063504140814038
box_eigenpro_preconditioned,1536,0.02106350414081403
box_eigenpro_preconditioned,1537,0.021063504140814
box_eigenpro_preconditioned,1538,0.02106350414081371
box_eigenpro_preconditioned,1539,0.021063504140811286
box_eigenpro_preconditioned,1540,0.021063504140810527
box_eigenpro_preconditioned,1541,0.021063504140808167
box_eigenpro_preconditioned,1542,0.021063504140806853
box_eigenpro_preconditioned,1543,0.021063504140802818
box_eigenpro_preconditioned,1544,0.021063504140802308
box_eigenpro_preconditioned,1545,0.021063504140801353
box_eigenpro_preconditioned,1546,0.021063504140800583
box_eigenpro_preconditioned,1547,0.02106350414080006
box_eigenpro_preconditioned,1548,0.021063504140799893
box_eigenpro_preconditioned,1549,0.021063504140798894
box_eigenpro_preconditioned,1550,0.021063504140797742
box_eigenpro_preconditioned,1551,0.021063504140797516
box_eigenpro_preconditioned,1552,0.02106350414079648
box_eigenpro_preconditioned,1553,0.02106350414079647
box_eigenpro_preconditioned,1554,0.02106350414079606
box_eigenpro_preconditioned,1555,0.021063504140795976
box_eigenpro_preconditioned,1556,0.02106350414079531
box_eigenpro_preconditioned,1557,0.02106350414079212
box_eigenpro_preconditioned,1558,0.021063504140792094
box_eigenpro_preconditioned,1559,0.02106350414079154
box_eigenpro_preconditioned,1560,0.021063504140791233
box_eigenpro_preconditioned,1561,0.021063504140790737
box_eigenpro_preconditioned,1562,0.021063504140788534
box_eigenpro_preconditioned,1563,0.021063504140785314
box_eigenpro_preconditioned,1564,0.021063504140784
box_eigenpro_preconditioned,1565,0.021063504140783895
box_eigenpro_preconditioned,1566,0.021063504140782625
box_eigenpro_preconditioned,1567,0.02106350414078144
box_eigenpro_preconditioned,1568,0.0210635041407802
box_eigenpro_preconditioned,1569,0.021063504140777695
box_eigenpro_preconditioned,1570,0.02106350414077701
box_eigenpro_preconditioned,1571,0.021063504140774746
box_eigenpro_preconditioned,1572,0.021063504140774472
box_eigenpro_preconditioned,1573,0.021063504140772002
box_eigenpro_preconditioned,1574,0.021063504140770174
box_eigenpro_preconditioned,1575,0.021063504140770028
box_eigenpro_preconditioned,1576,0.021063504140768102
box_eigenpro_preconditioned,1577,0.021063504140767166
box_eigenpro_preconditioned,1578,0.021063504140765577
box_eigenpro_preconditioned,1579,0.02106350414076545
box_eigenpro_preconditioned,1580,0.0210635041407654
box_eigenpro_preconditioned,1581,0.021063504140765337
box_eigenpro_preconditioned,1582,0.021063504140764536
box_eigenpro_preconditioned,1583,0.02106350414076426
box_eigenpro_preconditioned,1584,0.02106350414076223
box_eigenpro_preconditioned,1585,0.02106350414076092
box_eigenpro_preconditioned,1586,0.021063504140760515
box_eigenpro_preconditioned,1587,0.021063504140760254
box_eigenpro_preconditioned,1588,0.021063504140760185
box_eigenpro_preconditioned,1589,0.021063504140759064
box_eigenpro_preconditioned,1590,0.021063504140758627
box_eigenpro_preconditioned,1591,0.021063504140758266
box_eigenpro_preconditioned,1592,0.021063504140757326
box_eigenpro_preconditioned,1593,0.021063504140757323
box_eigenpro_preconditioned,1594,0.02106350414075537
box_eigenpro_preconditioned,1595,0.02106350414075271
box_eigenpro_preconditioned,1596,0.021063504140750217
box_eigenpro_preconditioned,1597,0.02106350414075018
box_eigenpro_preconditioned,1598,0.021063504140750103
box_eigenpro_preconditioned,1599,0.021063504140749825
box_eigenpro_preconditioned,1600,0.021063504140748254
box_eigenpro_preconditioned,1601,0.021063504140747397
box_eigenpro_preconditioned,1602,0.02106350414074705
box_eigenpro_preconditioned,1603,0.021063504140746293
box_eigenpro_preconditioned,1604,0.02106350414074592
box_eigenpro_preconditioned,1605,0.021063504140745815
box_eigenpro_preconditioned,1606,0.021063504140745686
box_eigenpro_preconditioned,1607,0.021063504140745322
box_eigenpro_preconditioned,1608,0.02106350414074465
box_eigenpro_preconditioned,1609,0.021063504140743143
box_eigenpro_preconditioned,1610,0.02106350414074251
box_eigenpro_preconditioned,1611,0.021063504140740798
box_eigenpro_preconditioned,1612,0.021063504140738324
box_eigenpro_preconditioned,1613,0.02106350414073701
box_eigenpro_preconditioned,1614,0.02106350414073623
box_eigenpro_preconditioned,1615,0.02106350414073588
box_eigenpro_preconditioned,1616,0.021063504140735573
box_eigenpro_preconditioned,1617,0.021063504140734855
box_eigenpro_preconditioned,1618,0.021063504140734393
box_eigenpro_preconditioned,1619,0.02106350414073412
box_eigenpro_preconditioned,1620,0.021063504140733238
box_eigenpro_preconditioned,1621,0.0210635041407326
box_eigenpro_preconditioned,1622,0.021063504140731076
box_eigenpro_preconditioned,1623,0.02106350414073099
box_eigenpro_preconditioned,1624,0.021063504140730948
box_eigenpro_preconditioned,1625,0.02106350414072989
box_eigenpro_preconditioned,1626,0.021063504140729397
box_eigenpro_preconditioned,1627,0.02106350414072877
box_eigenpro_preconditioned,1628,0.021063504140726375
box_eigenpro_preconditioned,1629,0.02106350414072567
box_eigenpro_preconditioned,1630,0.021063504140724214
box_eigenpro_preconditioned,1631,0.021063504140722958
box_eigenpro_preconditioned,1632,0.02106350414072262
box_eigenpro_preconditioned,1633,0.021063504140722524
box_eigenpro_preconditioned,1634,0.021063504140721626
box_eigenpro_preconditioned,1635,0.021063504140720373
box_eigenpro_preconditioned,1636,0.02106350414071978
box_eigenpro_preconditioned,1637,0.02106350414071747
box_eigenpro_preconditioned,1638,0.0210635041407141
box_eigenpro_preconditioned,1639,0.02106350414071362
box_eigenpro_preconditioned,1640,0.021063504140711575
box_eigenpro_preconditioned,1641,0.02106350414070962
box_eigenpro_preconditioned,1642,0.02106350414070949
box_eigenpro_preconditioned,1643,0.02106350414070938
box_eigenpro_preconditioned,1644,0.021063504140709018
box_eigenpro_preconditioned,1645,0.021063504140708567
box_eigenpro_preconditioned,1646,0.02106350414070843
box_eigenpro_preconditioned,1647,0.021063504140707734
box_eigenpro_preconditioned,1648,0.021063504140706422
box_eigenpro_preconditioned,1649,0.0210635041407055
box_eigenpro_preconditioned,1650,0.02106350414070519
box_eigenpro_preconditioned,1651,0.02106350414070473
box_eigenpro_preconditioned,1652,0.02106350414070473
box_eigenpro_preconditioned,1653,0.021063504140704424
box_eigenpro_preconditioned,1654,0.021063504140703505
box_eigenpro_preconditioned,1655,0.021063504140702762
box_eigenpro_preconditioned,1656,0.021063504140701635
box_eigenpro_preconditioned,1657,0.021063504140700243
box_eigenpro_preconditioned,1658,0.021063504140699914
box_eigenpro_preconditioned,1659,0.02106350414069949
box_eigenpro_preconditioned,1660,0.021063504140699362
box_eigenpro_preconditioned,1661,0.02106350414069906
box_eigenpro_preconditioned,1662,0.021063504140697586
box_eigenpro_preconditioned,1663,0.021063504140697277
box_eigenpro_preconditioned,1664,0.0210635041406972
box_eigenpro_preconditioned,1665,0.021063504140695757
box_eigenpro_preconditioned,1666,0.021063504140695057
box_eigenpro_preconditioned,1667,0.021063504140693634
box_eigenpro_preconditioned,1668,0.0210635041406932
box_eigenpro_preconditioned,1669,0.02106350414069229
box_eigenpro_preconditioned,1670,0.021063504140691455
box_eigenpro_preconditioned,1671,0.021063504140690772
box_eigenpro_preconditioned,1672,0.021063504140690123
box_eigenpro_preconditioned,1673,0.021063504140689533
box_eigenpro_preconditioned,1674,0.021063504140688735
box_eigenpro_preconditioned,1675,0.021063504140688565
box_eigenpro_preconditioned,1676,0.021063504140688454
box_eigenpro_preconditioned,1677,0.02106350414068835
box_eigenpro_preconditioned,1678,0.021063504140688114
box_eigenpro_preconditioned,1679,0.021063504140686296
box_eigenpro_preconditioned,1680,0.02106350414068427
box_eigenpro_preconditioned,1681,0.021063504140684093
box_eigenpro_preconditioned,1682,0.021063504140682265
box_eigenpro_preconditioned,1683,0.021063504140681075
box_eigenpro_preconditioned,1684,0.02106350414067996
box_eigenpro_preconditioned,1685,0.021063504140678573
box_eigenpro_preconditioned,1686,0.02106350414067791
box_eigenpro_preconditioned,1687,0.021063504140674386
box_eigenpro_preconditioned,1688,0.02106350414067423
box_eigenpro_preconditioned,1689,0.021063504140673758
box_eigenpro_preconditioned,1690,0.021063504140673723
box_eigenpro_preconditioned,1691,0.021063504140673404
box_eigenpro_preconditioned,1692,0.021063504140672665
box_eigenpro_preconditioned,1693,0.021063504140672457
box_eigenpro_preconditioned,1694,0.02106350414067192
box_eigenpro_preconditioned,1695,0.021063504140671405
box_eigenpro_preconditioned,1696,0.021063504140669098
box_eigenpro_preconditioned,1697,0.02106350414066712
box_eigenpro_preconditioned,1698,0.02106350414066576
box_eigenpro_preconditioned,1699,0.021063504140665632
box_eigenpro_preconditioned,1700,0.021063504140665434
box_eigenpro_preconditioned,1701,0.02106350414066224
box_eigenpro_preconditioned,1702,0.021063504140660785
box_eigenpro_preconditioned,1703,0.021063504140660612
box_eigenpro_preconditioned,1704,0.021063504140660414
box_eigenpro_preconditioned,1705,0.021063504140659533
box_eigenpro_preconditioned,1706,0.021063504140659266
box_eigenpro_preconditioned,1707,0.021063504140657486
box_eigenpro_preconditioned,1708,0.02106350414065691
box_eigenpro_preconditioned,1709,0.02106350414065657
box_eigenpro_preconditioned,1710,0.02106350414065529
box_eigenpro_preconditioned,1711,0.021063504140653427
box_eigenpro_preconditioned,1712,0.02106350414065316
box_eigenpro_preconditioned,1713,0.021063504140652705
box_eigenpro_preconditioned,1714,0.0210635041406524
box_eigenpro_preconditioned,1715,0.021063504140651702
box_eigenpro_preconditioned,1716,0.021063504140651265
box_eigenpro_preconditioned,1717,0.02106350414065123
box_eigenpro_preconditioned,1718,0.021063504140651026
box_eigenpro_preconditioned,1719,0.021063504140650415
box_eigenpro_preconditioned,1720,0.02106350414065027
box_eigenpro_preconditioned,1721,0.02106350414064981
box_eigenpro_preconditioned,1722,0.021063504140648226
box_eigenpro_preconditioned,1723,0.021063504140648014
box_eigenpro_preconditioned,1724,0.02106350414064682
box_eigenpro_preconditioned,1725,0.021063504140643743
box_eigenpro_preconditioned,1726,0.021063504140643077
box_eigenpro_preconditioned,1727,0.02106350414064302
box_eigenpro_preconditioned,1728,0.021063504140641655
box_eigenpro_preconditioned,1729,0.02106350414064073
box_eigenpro_preconditioned,1730,0.021063504140640045
box_eigenpro_preconditioned,1731,0.02106350414063975
box_eigenpro_preconditioned,1732,0.021063504140636645
box_eigenpro_preconditioned,1733,0.02106350414063492
box_eigenpro_preconditioned,1734,0.02106350414063402
box_eigenpro_preconditioned,1735,0.021063504140633914
box_eigenpro_preconditioned,1736,0.02106350414063339
box_eigenpro_preconditioned,1737,0.02106350414063064
box_eigenpro_preconditioned,1738,0.021063504140629224
box_eigenpro_preconditioned,1739,0.021063504140628905
box_eigenpro_preconditioned,1740,0.02106350414062632
box_eigenpro_preconditioned,1741,0.021063504140626105
box_eigenpro_preconditioned,1742,0.021063504140625612
box_eigenpro_preconditioned,1743,0.02106350414062517
box_eigenpro_preconditioned,1744,0.021063504140625123
box_eigenpro_preconditioned,1745,0.021063504140623784
box_eigenpro_preconditioned,1746,0.02106350414062245
box_eigenpro_preconditioned,1747,0.02106350414062216
box_eigenpro_preconditioned,1748,0.021063504140621917
box_eigenpro_preconditioned,1749,0.021063504140620668
box_eigenpro_preconditioned,1750,0.021063504140620342
box_eigenpro_preconditioned,1751,0.02106350414061939
box_eigenpro_preconditioned,1752,0.02106350414061795
box_eigenpro_preconditioned,1753,0.0210635041406168
box_eigenpro_preconditioned,1754,0.021063504140616453
box_eigenpro_preconditioned,1755,0.02106350414061628
box_eigenpro_preconditioned,1756,0.0210635041406155
box_eigenpro_preconditioned,1757,0.021063504140612185
box_eigenpro_preconditioned,1758,0.021063504140611863
box_eigenpro_preconditioned,1759,0.021063504140611193
box_eigenpro_preconditioned,1760,0.021063504140610513
box_eigenpro_preconditioned,1761,0.021063504140607404
box_eigenpro_preconditioned,1762,0.02106350414060721
box_eigenpro_preconditioned,1763,0.02106350414060694
box_eigenpro_preconditioned,1764,0.02106350414060578
box_eigenpro_preconditioned,1765,0.02106350414060567
box_eigenpro_preconditioned,1766,0.021063504140605583
box_eigenpro_preconditioned,1767,0.021063504140605392
box_eigenpro_preconditioned,1768,0.021063504140601756
box_eigenpro_preconditioned,1769,0.02106350414060148
box_eigenpro_preconditioned,1770,0.021063504140601385
box_eigenpro_preconditioned,1771,0.021063504140600396
box_eigenpro_preconditioned,1772,0.021063504140598956
box_eigenpro_preconditioned,1773,0.021063504140598037
box_eigenpro_preconditioned,1774,0.02106350414059567
box_eigenpro_preconditioned,1775,0.021063504140595487
box_eigenpro_preconditioned,1776,0.021063504140595112
box_eigenpro_preconditioned,1777,0.02106350414059493
box_eigenpro_preconditioned,1778,0.021063504140594717
box_eigenpro_preconditioned,1779,0.021063504140593388
box_eigenpro_preconditioned,1780,0.021063504140592857
box_eigenpro_preconditioned,1781,0.021063504140592385
box_eigenpro_preconditioned,1782,0.021063504140592285
box_eigenpro_preconditioned,1783,0.021063504140591563
box_eigenpro_preconditioned,1784,0.021063504140589523
box_eigenpro_preconditioned,1785,0.02106350414058855
box_eigenpro_preconditioned,1786,0.02106350414058459
box_eigenpro_preconditioned,1787,0.02106350414058398
box_eigenpro_preconditioned,1788,0.021063504140583094
box_eigenpro_preconditioned,1789,0.021063504140582976
box_eigenpro_preconditioned,1790,0.0210635041405823
box_eigenpro_preconditioned,1791,0.02106350414058184
box_eigenpro_preconditioned,1792,0.021063504140581227
box_eigenpro_preconditioned,1793,0.02106350414057829
box_eigenpro_preconditioned,1794,0.021063504140575836
box_eigenpro_preconditioned,1795,0.021063504140574348
box_eigenpro_preconditioned,1796,0.021063504140573435
box_eigenpro_preconditioned,1797,0.02106350414057154
box_eigenpro_preconditioned,1798,0.021063504140571118
box_eigenpro_preconditioned,1799,0.021063504140569067
box_eigenpro_preconditioned,1800,0.02106350414056794
box_eigenpro_preconditioned,1801,0.021063504140567107
box_eigenpro_preconditioned,1802,0.021063504140566888
box_eigenpro_preconditioned,1803,0.02106350414056681
box_eigenpro_preconditioned,1804,0.021063504140566534
box_eigenpro_preconditioned,1805,0.021063504140561767
box_eigenpro_preconditioned,1806,0.021063504140561563
box_eigenpro_preconditioned,1807,0.021063504140561344
box_eigenpro_preconditioned,1808,0.021063504140560897
box_eigenpro_preconditioned,1809,0.021063504140559894
box_eigenpro_preconditioned,1810,0.021063504140559804
box_eigenpro_preconditioned,1811,0.02106350414055948
box_eigenpro_preconditioned,1812,0.021063504140555484
box_eigenpro_preconditioned,1813,0.021063504140554128
box_eigenpro_preconditioned,1814,0.021063504140553947
box_eigenpro_preconditioned,1815,0.02106350414055117
box_eigenpro_preconditioned,1816,0.021063504140548545
box_eigenpro_preconditioned,1817,0.021063504140547445
box_eigenpro_preconditioned,1818,0.021063504140546918
box_eigenpro_preconditioned,1819,0.02106350414054628
box_eigenpro_preconditioned,1820,0.02106350414054622
box_eigenpro_preconditioned,1821,0.021063504140544538
box_eigenpro_preconditioned,1822,0.0210635041405441
box_eigenpro_preconditioned,1823,0.021063504140544097
box_eigenpro_preconditioned,1824,0.02106350414054366
box_eigenpro_preconditioned,1825,0.021063504140543567
box_eigenpro_preconditioned,1826,0.021063504140542685
box_eigenpro_preconditioned,1827,0.0210635041405414
box_eigenpro_preconditioned,1828,0.02106350414053826
box_eigenpro_preconditioned,1829,0.021063504140538248
box_eigenpro_preconditioned,1830,0.021063504140537828
box_eigenpro_preconditioned,1831,0.021063504140535955
box_eigenpro_preconditioned,1832,0.021063504140534373
box_eigenpro_preconditioned,1833,0.02106350414053244
box_eigenpro_preconditioned,1834,0.02106350414053169
box_eigenpro_preconditioned,1835,0.021063504140529887
box_eigenpro_preconditioned,1836,0.02106350414052973
box_eigenpro_preconditioned,1837,0.021063504140528853
box_eigenpro_preconditioned,1838,0.021063504140528298
box_eigenpro_preconditioned,1839,0.021063504140528138
box_eigenpro_preconditioned,1840,0.021063504140525123
box_eigenpro_preconditioned,1841,0.021063504140523444
box_eigenpro_preconditioned,1842,0.021063504140522344
box_eigenpro_preconditioned,1843,0.021063504140522146
box_eigenpro_preconditioned,1844,0.02106350414052127
box_eigenpro_preconditioned,1845,0.021063504140521053
box_eigenpro_preconditioned,1846,0.02106350414052034
box_eigenpro_preconditioned,1847,0.021063504140519808
box_eigenpro_preconditioned,1848,0.021063504140519072
box_eigenpro_preconditioned,1849,0.02106350414051869
box_eigenpro_preconditioned,1850,0.021063504140516356
box_eigenpro_preconditioned,1851,0.021063504140515454
box_eigenpro_preconditioned,1852,0.021063504140511547
box_eigenpro_preconditioned,1853,0.02106350414050848
box_eigenpro_preconditioned,1854,0.021063504140507477
box_eigenpro_preconditioned,1855,0.021063504140504972
box_eigenpro_preconditioned,1856,0.021063504140504084
box_eigenpro_preconditioned,1857,0.021063504140502436
box_eigenpro_preconditioned,1858,0.0210635041404973
box_eigenpro_preconditioned,1859,0.0210635041404942
box_eigenpro_preconditioned,1860,0.02106350414049407
box_eigenpro_preconditioned,1861,0.021063504140493083
box_eigenpro_preconditioned,1862,0.02106350414049281
box_eigenpro_preconditioned,1863,0.02106350414049062
box_eigenpro_preconditioned,1864,0.021063504140490505
box_eigenpro_preconditioned,1865,0.021063504140486668
box_eigenpro_preconditioned,1866,0.021063504140485162
box_eigenpro_preconditioned,1867,0.021063504140484805
box_eigenpro_preconditioned,1868,0.021063504140484718
box_eigenpro_preconditioned,1869,0.021063504140484593
box_eigenpro_preconditioned,1870,0.02106350414048347
box_eigenpro_preconditioned,1871,0.021063504140482598
box_eigenpro_preconditioned,1872,0.021063504140478452
box_eigenpro_preconditioned,1873,0.021063504140477314
box_eigenpro_preconditioned,1874,0.02106350414047653
box_eigenpro_preconditioned,1875,0.02106350414047607
box_eigenpro_preconditioned,1876,0.021063504140475326
box_eigenpro_preconditioned,1877,0.021063504140474528
box_eigenpro_preconditioned,1878,0.021063504140468824
box_eigenpro_preconditioned,1879,0.021063504140468217
box_eigenpro_preconditioned,1880,0.021063504140467197
box_eigenpro_preconditioned,1881,0.021063504140466566
box_eigenpro_preconditioned,1882,0.02106350414046568
box_eigenpro_preconditioned,1883,0.02106350414046539
box_eigenpro_preconditioned,1884,0.021063504140461358
box_eigenpro_preconditioned,1885,0.021063504140461237
box_eigenpro_preconditioned,1886,0.02106350414045992
box_eigenpro_preconditioned,1887,0.02106350414045973
box_eigenpro_preconditioned,1888,0.02106350414045586
box_eigenpro_preconditioned,1889,0.021063504140455856
box_eigenpro_preconditioned,1890,0.021063504140455568
box_eigenpro_preconditioned,1891,0.02106350414045465
box_eigenpro_preconditioned,1892,0.021063504140454513
box_eigenpro_preconditioned,1893,0.021063504140452986
box_eigenpro_preconditioned,1894,0.021063504140451376
box_eigenpro_preconditioned,1895,0.02106350414045036
box_eigenpro_preconditioned,1896,0.02106350414045
box_eigenpro_preconditioned,1897,0.02106350414044982
box_eigenpro_preconditioned,1898,0.021063504140443882
box_eigenpro_preconditioned,1899,0.02106350414044196
box_eigenpro_preconditioned,1900,0.0210635041404419
box_eigenpro_preconditioned,1901,0.021063504140440753
box_eigenpro_preconditioned,1902,0.0210635041404403
box_eigenpro_preconditioned,1903,0.021063504140438227
box_eigenpro_preconditioned,1904,0.02106350414043672
box_eigenpro_preconditioned,1905,0.021063504140435927
box_eigenpro_preconditioned,1906,0.021063504140432357
box_eigenpro_preconditioned,1907,0.02106350414043222
box_eigenpro_preconditioned,1908,0.021063504140429127
box_eigenpro_preconditioned,1909,0.021063504140427906
box_eigenpro_preconditioned,1910,0.021063504140425432
box_eigenpro_preconditioned,1911,0.02106350414042356
box_eigenpro_preconditioned,1912,0.021063504140422063
box_eigenpro_preconditioned,1913,0.021063504140417924
box_eigenpro_preconditioned,1914,0.02106350414041618
box_eigenpro_preconditioned,1915,0.021063504140416054
box_eigenpro_preconditioned,1916,0.021063504140413174
box_eigenpro_preconditioned,1917,0.021063504140411696
box_eigenpro_preconditioned,1918,0.021063504140410416
box_eigenpro_preconditioned,1919,0.02106350414040967
box_eigenpro_preconditioned,1920,0.02106350414040828
box_eigenpro_preconditioned,1921,0.021063504140406433
box_eigenpro_preconditioned,1922,0.021063504140405316
box_eigenpro_preconditioned,1923,0.021063504140404938
box_eigenpro_preconditioned,1924,0.021063504140399328
box_eigenpro_preconditioned,1925,0.021063504140399272
box_eigenpro_preconditioned,1926,0.021063504140399085
box_eigenpro_preconditioned,1927,0.02106350414039883
box_eigenpro_preconditioned,1928,0.02106350414039852
box_eigenpro_preconditioned,1929,0.02106350414039806
box_eigenpro_preconditioned,1930,0.021063504140396143
box_eigenpro_preconditioned,1931,0.021063504140396046
box_eigenpro_preconditioned,1932,0.02106350414039537
box_eigenpro_preconditioned,1933,0.02106350414039092
box_eigenpro_preconditioned,1934,0.02106350414038484
box_eigenpro_preconditioned,1935,0.021063504140384565
box_eigenpro_preconditioned,1936,0.021063504140383292
box_eigenpro_preconditioned,1937,0.02106350414038009
box_eigenpro_preconditioned,1938,0.021063504140378036
box_eigenpro_preconditioned,1939,0.021063504140376044
box_eigenpro_preconditioned,1940,0.021063504140373234
box_eigenpro_preconditioned,1941,0.021063504140372006
box_eigenpro_preconditioned,1942,0.021063504140371593
box_eigenpro_preconditioned,1943,0.02106350414037118
box_eigenpro_preconditioned,1944,0.021063504140365053
box_eigenpro_preconditioned,1945,0.02106350414036444
box_eigenpro_preconditioned,1946,0.02106350414035611
box_eigenpro_preconditioned,1947,0.021063504140349975
box_eigenpro_preconditioned,1948,0.021063504140349184
box_eigenpro_preconditioned,1949,0.021063504140349045
box_eigenpro_preconditioned,1950,0.021063504140348403
box_eigenpro_preconditioned,1951,0.021063504140347352
box_eigenpro_preconditioned,1952,0.021063504140346537
box_eigenpro_preconditioned,1953,0.02106350414034212
box_eigenpro_preconditioned,1954,0.021063504140339112
box_eigenpro_preconditioned,1955,0.021063504140338855
box_eigenpro_preconditioned,1956,0.02106350414033605
box_eigenpro_preconditioned,1957,0.02106350414033561
box_eigenpro_preconditioned,1958,0.021063504140333922
box_eigenpro_preconditioned,1959,0.021063504140332777
box_eigenpro_preconditioned,1960,0.021063504140331226
box_eigenpro_preconditioned,1961,0.02106350414033093
box_eigenpro_preconditioned,1962,0.021063504140325352
box_eigenpro_preconditioned,1963,0.02106350414032144
box_eigenpro_preconditioned,1964,0.021063504140316974
box_eigenpro_preconditioned,1965,0.021063504140315957
box_eigenpro_preconditioned,1966,0.021063504140315593
box_eigenpro_preconditioned,1967,0.021063504140311943
box_eigenpro_preconditioned,1968,0.02106350414031028
box_eigenpro_preconditioned,1969,0.02106350414030728
box_eigenpro_preconditioned,1970,0.02106350414030647
box_eigenpro_preconditioned,1971,0.021063504140303918
box_eigenpro_preconditioned,1972,0.02106350414030305
box_eigenpro_preconditioned,1973,0.021063504140299387
box_eigenpro_preconditioned,1974,0.021063504140299158
box_eigenpro_preconditioned,1975,0.02106350414029903
box_eigenpro_preconditioned,1976,0.021063504140297947
box_eigenpro_preconditioned,1977,0.021063504140292174
box_eigenpro_preconditioned,1978,0.02106350414029122
box_eigenpro_preconditioned,1979,0.02106350414028765
box_eigenpro_preconditioned,1980,0.021063504140287202
box_eigenpro_preconditioned,1981,0.02106350414028335
box_eigenpro_preconditioned,1982,0.02106350414028189
box_eigenpro_preconditioned,1983,0.021063504140281217
box_eigenpro_preconditioned,1984,0.021063504140279667
box_eigenpro_preconditioned,1985,0.0210635041402764
box_eigenpro_preconditioned,1986,0.02106350414026971
box_eigenpro_preconditioned,1987,0.02106350414026774
box_eigenpro_preconditioned,1988,0.021063504140265667
box_eigenpro_preconditioned,1989,0.02106350414026008
box_eigenpro_preconditioned,1990,0.021063504140258222
box_eigenpro_preconditioned,1991,0.021063504140254572
box_eigenpro_preconditioned,1992,0.021063504140253084
box_eigenpro_preconditioned,1993,0.02106350414025268
box_eigenpro_preconditioned,1994,0.021063504140251783
box_eigenpro_preconditioned,1995,0.021063504140246683
box_eigenpro_preconditioned,1996,0.021063504140240028
box_eigenpro_preconditioned,1997,0.02106350414023857
box_eigenpro_preconditioned,1998,0.02106350414023856
box_eigenpro_preconditioned,1999,0.021063504140236215
box_eigenpro_preconditioned,2000,0.021063504140232805
box_eigenpro_preconditioned,2001,0.021063504140225234
box_eigenpro_preconditioned,2002,0.021063504140224818
box_eigenpro_preconditioned,2003,0.0210635041402209
box_eigenpro_preconditioned,2004,0.021063504140211173
box_eigenpro_preconditioned,2005,0.02106350414021004
box_eigenpro_preconditioned,2006,0.021063504140207474
box_eigenpro_preconditioned,2007,0.02106350414020521
box_eigenpro_preconditioned,2008,0.02106350414020047
box_eigenpro_preconditioned,2009,0.021063504140199973
box_eigenpro_preconditioned,2010,0.02106350414019897
box_eigenpro_preconditioned,2011,0.021063504140198128
box_eigenpro_preconditioned,2012,0.021063504140197933
box_eigenpro_preconditioned,2013,0.0210635041401895
box_eigenpro_preconditioned,2014,0.021063504140187265
box_eigenpro_preconditioned,2015,0.021063504140181783
box_eigenpro_preconditioned,2016,0.021063504140178182
box_eigenpro_preconditioned,2017,0.021063504140177988
box_eigenpro_preconditioned,2018,0.021063504140176666
box_eigenpro_preconditioned,2019,0.02106350414017318
box_eigenpro_preconditioned,2020,0.02106350414017264
box_eigenpro_preconditioned,2021,0.02106350414017174
box_eigenpro_preconditioned,2022,0.021063504140171063
box_eigenpro_preconditioned,2023,0.02106350414017015
box_eigenpro_preconditioned,2024,0.021063504140168995
box_eigenpro_preconditioned,2025,0.021063504140168783
box_eigenpro_preconditioned,2026,0.02106350414016708
box_eigenpro_preconditioned,2027,0.02106350414016295
box_eigenpro_preconditioned,2028,0.021063504140160897
box_eigenpro_preconditioned,2029,0.021063504140159003
box_eigenpro_preconditioned,2030,0.021063504140157376
box_eigenpro_preconditioned,2031,0.021063504140156095
box_eigenpro_preconditioned,2032,0.021063504140144747
box_eigenpro_preconditioned,2033,0.021063504140140875
box_eigenpro_preconditioned,2034,0.02106350414013804
box_eigenpro_preconditioned,2035,0.021063504140137707
box_eigenpro_preconditioned,2036,0.02106350414013266
box_eigenpro_preconditioned,2037,0.02106350414013212
box_eigenpro_preconditioned,2038,0.02106350414013208
box_eigenpro_preconditioned,2039,0.021063504140131854
box_eigenpro_preconditioned,2040,0.02106350414012638
box_eigenpro_preconditioned,2041,0.021063504140115458
box_eigenpro_preconditioned,2042,0.02106350414011162
box_eigenpro_preconditioned,2043,0.021063504140107745
box_eigenpro_preconditioned,2044,0.021063504140103672
box_eigenpro_preconditioned,2045,0.021063504140101216
box_eigenpro_preconditioned,2046,0.02106350414009844
box_eigenpro_preconditioned,2047,0.021063504140090686
box_eigenpro_preconditioned,2048,0.02106350414008737
box_eigenpro_preconditioned,2049,0.021063504140085655
box_eigenpro_preconditioned,2050,0.021063504140085045
box_eigenpro_preconditioned,2051,0.021063504140081284
box_eigenpro_preconditioned,2052,0.021063504140077616
box_eigenpro_preconditioned,2053,0.02106350414007643
box_eigenpro_preconditioned,2054,0.02106350414007289
box_eigenpro_preconditioned,2055,0.021063504140065623
box_eigenpro_preconditioned,2056,0.02106350414006424
box_eigenpro_preconditioned,2057,0.02106350414005787
box_eigenpro_preconditioned,2058,0.021063504140053643
box_eigenpro_preconditioned,2059,0.021063504140053084
box_eigenpro_preconditioned,2060,0.02106350414005186
box_eigenpro_preconditioned,2061,0.02106350414004662
box_eigenpro_preconditioned,2062,0.021063504140044587
box_eigenpro_preconditioned,2063,0.021063504140041468
box_eigenpro_preconditioned,2064,0.02106350414003756
box_eigenpro_preconditioned,2065,0.021063504140029467
box_eigenpro_preconditioned,2066,0.021063504140027847
box_eigenpro_preconditioned,2067,0.02106350414002727
box_eigenpro_preconditioned,2068,0.021063504140011343
box_eigenpro_preconditioned,2069,0.021063504140011017
box_eigenpro_preconditioned,2070,0.021063504140004553
box_eigenpro_preconditioned,2071,0.0210635041400034
box_eigenpro_preconditioned,2072,0.021063504139992865
box_eigenpro_preconditioned,2073,0.02106350413998853
box_eigenpro_preconditioned,2074,0.021063504139986713
box_eigenpro_preconditioned,2075,0.0210635041399799
box_eigenpro_preconditioned,2076,0.021063504139979122
box_eigenpro_preconditioned,2077,0.021063504139975788
box_eigenpro_preconditioned,2078,0.021063504139971788
box_eigenpro_preconditioned,2079,0.021063504139959003
box_eigenpro_preconditioned,2080,0.021063504139957792
box_eigenpro_preconditioned,2081,0.02106350413995552
box_eigenpro_preconditioned,2082,0.021063504139934353
box_eigenpro_preconditioned,2083,0.021063504139933804
box_eigenpro_preconditioned,2084,0.021063504139931362
box_eigenpro_preconditioned,2085,0.02106350413992597
box_eigenpro_preconditioned,2086,0.021063504139924236
box_eigenpro_preconditioned,2087,0.021063504139920527
box_eigenpro_preconditioned,2088,0.021063504139918095
box_eigenpro_preconditioned,2089,0.0210635041399167
box_eigenpro_preconditioned,2090,0.021063504139916124
box_eigenpro_preconditioned,2091,0.021063504139907124
box_eigenpro_preconditioned,2092,0.02106350413990595
box_eigenpro_preconditioned,2093,0.021063504139901892
box_eigenpro_preconditioned,2094,0.021063504139900553
box_eigenpro_preconditioned,2095,0.02106350413989353
box_eigenpro_preconditioned,2096,0.021063504139892962
box_eigenpro_preconditioned,2097,0.02106350413989073
box_eigenpro_preconditioned,2098,0.02106350413989043
box_eigenpro_preconditioned,2099,0.021063504139889496
box_eigenpro_preconditioned,2100,0.02106350413988949
box_eigenpro_preconditioned,2101,0.021063504139888205
box_eigenpro_preconditioned,2102,0.021063504139885506
box_eigenpro_preconditioned,2103,0.021063504139864093
box_eigenpro_preconditioned,2104,0.021063504139863624
box_eigenpro_preconditioned,2105,0.021063504139860627
box_eigenpro_preconditioned,2106,0.021063504139848303
box_eigenpro_preconditioned,2107,0.021063504139846503
box_eigenpro_preconditioned,2108,0.02106350413984588
box_eigenpro_preconditioned,2109,0.021063504139845254
box_eigenpro_preconditioned,2110,0.021063504139841246
box_eigenpro_preconditioned,2111,0.021063504139840414
box_eigenpro_preconditioned,2112,0.021063504139822605
box_eigenpro_preconditioned,2113,0.021063504139818674
box_eigenpro_preconditioned,2114,0.021063504139811756
box_eigenpro_preconditioned,2115,0.02106350413980987
box_eigenpro_preconditioned,2116,0.02106350413980731
box_eigenpro_preconditioned,2117,0.021063504139801816
box_eigenpro_preconditioned,2118,0.021063504139796758
box_eigenpro_preconditioned,2119,0.02106350413979176
box_eigenpro_preconditioned,2120,0.02106350413977906
box_eigenpro_preconditioned,2121,0.021063504139773207
box_eigenpro_preconditioned,2122,0.0210635041397667
box_eigenpro_preconditioned,2123,0.021063504139760485
box_eigenpro_preconditioned,2124,0.021063504139758056
box_eigenpro_preconditioned,2125,0.021063504139751284
box_eigenpro_preconditioned,2126,0.02106350413974639
box_eigenpro_preconditioned,2127,0.021063504139737572
box_eigenpro_preconditioned,2128,0.02106350413972996
box_eigenpro_preconditioned,2129,0.021063504139722373
box_eigenpro_preconditioned,2130,0.02106350413971882
box_eigenpro_preconditioned,2131,0.02106350413971505
box_eigenpro_preconditioned,2132,0.021063504139714674
box_eigenpro_preconditioned,2133,0.021063504139705366
box_eigenpro_preconditioned,2134,0.02106350413970479
box_eigenpro_preconditioned,2135,0.021063504139702482
box_eigenpro_preconditioned,2136,0.021063504139700984
box_eigenpro_preconditioned,2137,0.021063504139696227
box_eigenpro_preconditioned,2138,0.02106350413969343
box_eigenpro_preconditioned,2139,0.021063504139682467
box_eigenpro_preconditioned,2140,0.021063504139673027
box_eigenpro_preconditioned,2141,0.02106350413965862
box_eigenpro_preconditioned,2142,0.02106350413965633
box_eigenpro_preconditioned,2143,0.021063504139648963
box_eigenpro_preconditioned,2144,0.021063504139645743
box_eigenpro_preconditioned,2145,0.021063504139624788
box_eigenpro_preconditioned,2146,0.021063504139620794
box_eigenpro_preconditioned,2147,0.0210635041395927
box_eigenpro_preconditioned,2148,0.02106350413958587
box_eigenpro_preconditioned,2149,0.021063504139585135
box_eigenpro_preconditioned,2150,0.021063504139578828
box_eigenpro_preconditioned,2151,0.021063504139568843
box_eigenpro_preconditioned,2152,0.021063504139567223
box_eigenpro_preconditioned,2153,0.021063504139556623
box_eigenpro_preconditioned,2154,0.021063504139554892
box_eigenpro_preconditioned,2155,0.021063504139552252
box_eigenpro_preconditioned,2156,0.021063504139540237
box_eigenpro_preconditioned,2157,0.02106350413953173
box_eigenpro_preconditioned,2158,0.021063504139524993
box_eigenpro_preconditioned,2159,0.021063504139524285
box_eigenpro_preconditioned,2160,0.021063504139522217
box_eigenpro_preconditioned,2161,0.021063504139519514
box_eigenpro_preconditioned,2162,0.021063504139517412
box_eigenpro_preconditioned,2163,0.021063504139509002
box_eigenpro_preconditioned,2164,0.021063504139501282
box_eigenpro_preconditioned,2165,0.02106350413949722
box_eigenpro_preconditioned,2166,0.021063504139484924
box_eigenpro_preconditioned,2167,0.02106350413947714
box_eigenpro_preconditioned,2168,0.021063504139472933
box_eigenpro_preconditioned,2169,0.021063504139466296
box_eigenpro_preconditioned,2170,0.021063504139461658
box_eigenpro_preconditioned,2171,0.021063504139454577
box_eigenpro_preconditioned,2172,0.02106350413944204
box_eigenpro_preconditioned,2173,0.02106350413941859
box_eigenpro_preconditioned,2174,0.021063504139414255
box_eigenpro_preconditioned,2175,0.021063504139411347
box_eigenpro_preconditioned,2176,0.021063504139402743
box_eigenpro_preconditioned,2177,0.02106350413939834
box_eigenpro_preconditioned,2178,0.02106350413938673
box_eigenpro_preconditioned,2179,0.0210635041393775
box_eigenpro_preconditioned,2180,0.021063504139374443
box_eigenpro_preconditioned,2181,0.02106350413936613
box_eigenpro_preconditioned,2182,0.021063504139364142
box_eigenpro_preconditioned,2183,0.02106350413935748
box_eigenpro_preconditioned,2184,0.02106350413933931
box_eigenpro_preconditioned,2185,0.02106350413933285
box_eigenpro_preconditioned,2186,0.021063504139331966
box_eigenpro_preconditioned,2187,0.021063504139317648
box_eigenpro_preconditioned,2188,0.02106350413929876
box_eigenpro_preconditioned,2189,0.021063504139293046
box_eigenpro_preconditioned,2190,0.021063504139284546
box_eigenpro_preconditioned,2191,0.02106350413927567
box_eigenpro_preconditioned,2192,0.021063504139270904
box_eigenpro_preconditioned,2193,0.02106350413924569
box_eigenpro_preconditioned,2194,0.021063504139237157
box_eigenpro_preconditioned,2195,0.02106350413923556
box_eigenpro_preconditioned,2196,0.021063504139225985
box_eigenpro_preconditioned,2197,0.021063504139213533
box_eigenpro_preconditioned,2198,0.021063504139202435
box_eigenpro_preconditioned,2199,0.021063504139193785
box_eigenpro_preconditioned,2200,0.021063504139173
box_eigenpro_preconditioned,2201,0.02106350413913795
box_eigenpro_preconditioned,2202,0.021063504139132813
box_eigenpro_preconditioned,2203,0.021063504139131443
box_eigenpro_preconditioned,2204,0.021063504139127796
box_eigenpro_preconditioned,2205,0.021063504139123095
box_eigenpro_preconditioned,2206,0.02106350413908957
box_eigenpro_preconditioned,2207,0.02106350413907689
box_eigenpro_preconditioned,2208,0.021063504139074086
box_eigenpro_preconditioned,2209,0.02106350413906319
box_eigenpro_preconditioned,2210,0.021063504139060413
box_eigenpro_preconditioned,2211,0.021063504139056693
box_eigenpro_preconditioned,2212,0.02106350413905145
box_eigenpro_preconditioned,2213,0.021063504139028202
box_eigenpro_preconditioned,2214,0.021063504139020243
box_eigenpro_preconditioned,2215,0.021063504138998768
box_eigenpro_preconditioned,2216,0.02106350413899619
box_eigenpro_preconditioned,2217,0.021063504138988484
box_eigenpro_preconditioned,2218,0.021063504138980206
box_eigenpro_preconditioned,2219,0.02106350413897185
box_eigenpro_preconditioned,2220,0.02106350413896128
box_eigenpro_preconditioned,2221,0.0210635041389535
box_eigenpro_preconditioned,2222,0.021063504138949668
box_eigenpro_preconditioned,2223,0.02106350413892661
box_eigenpro_preconditioned,2224,0.021063504138919685
box_eigenpro_preconditioned,2225,0.021063504138918623
box_eigenpro_preconditioned,2226,0.02106350413891636
box_eigenpro_preconditioned,2227,0.02106350413888912
box_eigenpro_preconditioned,2228,0.02106350413887792
box_eigenpro_preconditioned,2229,0.021063504138872678
box_eigenpro_preconditioned,2230,0.021063504138858095
box_eigenpro_preconditioned,2231,0.021063504138825597
box_eigenpro_preconditioned,2232,0.021063504138820282
box_eigenpro_preconditioned,2233,0.02106350413881876
box_eigenpro_preconditioned,2234,0.021063504138812434
box_eigenpro_preconditioned,2235,0.021063504138809145
box_eigenpro_preconditioned,2236,0.021063504138799906
box_eigenpro_preconditioned,2237,0.02106350413878502
box_eigenpro_preconditioned,2238,0.02106350413875191
box_eigenpro_preconditioned,2239,0.02106350413874385
box_eigenpro_preconditioned,2240,0.021063504138711744
box_eigenpro_preconditioned,2241,0.021063504138706696
box_eigenpro_preconditioned,2242,0.02106350413869773
box_eigenpro_preconditioned,2243,0.021063504138696728
box_eigenpro_preconditioned,2244,0.021063504138684457
box_eigenpro_preconditioned,2245,0.021063504138676904
box_eigenpro_preconditioned,2246,0.021063504138670697
box_eigenpro_preconditioned,2247,0.021063504138640297
box_eigenpro_preconditioned,2248,0.021063504138604437
box_eigenpro_preconditioned,2249,0.021063504138600236
box_eigenpro_preconditioned,2250,0.021063504138585768
box_eigenpro_preconditioned,2251,0.021063504138582587
box_eigenpro_preconditioned,2252,0.021063504138581306
box_eigenpro_preconditioned,2253,0.02106350413856846
box_eigenpro_preconditioned,2254,0.021063504138566943
box_eigenpro_preconditioned,2255,0.021063504138565364
box_eigenpro_preconditioned,2256,0.02106350413855006
box_eigenpro_preconditioned,2257,0.0210635041385331
box_eigenpro_preconditioned,2258,0.021063504138525466
box_eigenpro_preconditioned,2259,0.021063504138503164
box_eigenpro_preconditioned,2260,0.021063504138495694
box_eigenpro_preconditioned,2261,0.021063504138471432
box_eigenpro_preconditioned,2262,0.021063504138465167
box_eigenpro_preconditioned,2263,0.02106350413846507
box_eigenpro_preconditioned,2264,0.021063504138460514
box_eigenpro_preconditioned,2265,0.021063504138395958
box_eigenpro_preconditioned,2266,0.021063504138394328
box_eigenpro_preconditioned,2267,0.021063504138337
box_eigenpro_preconditioned,2268,0.021063504138318572
box_eigenpro_preconditioned,2269,0.021063504138281487
box_eigenpro_preconditioned,2270,0.021063504138265476
box_eigenpro_preconditioned,2271,0.021063504138242595
box_eigenpro_preconditioned,2272,0.021063504138241065
box_eigenpro_preconditioned,2273,0.021063504138220855
box_eigenpro_preconditioned,2274,0.0210635041381889
box_eigenpro_preconditioned,2275,0.0210635041381731
box_eigenpro_preconditioned,2276,0.021063504138162548
box_eigenpro_preconditioned,2277,0.021063504138134518
box_eigenpro_preconditioned,2278,0.02106350413812608
box_eigenpro_preconditioned,2279,0.021063504138095518
box_eigenpro_preconditioned,2280,0.021063504138076432
box_eigenpro_preconditioned,2281,0.02106350413807121
box_eigenpro_preconditioned,2282,0.021063504138046724
box_eigenpro_preconditioned,2283,0.02106350413804577
box_eigenpro_preconditioned,2284,0.0210635041380386
box_eigenpro_preconditioned,2285,0.02106350413802814
box_eigenpro_preconditioned,2286,0.02106350413799413
box_eigenpro_preconditioned,2287,0.021063504137990775
box_eigenpro_preconditioned,2288,0.02106350413797517
box_eigenpro_preconditioned,2289,0.021063504137956157
box_eigenpro_preconditioned,2290,0.021063504137935316
box_eigenpro_preconditioned,2291,0.021063504137864866
box_eigenpro_preconditioned,2292,0.02106350413783607
box_eigenpro_preconditioned,2293,0.021063504137802485
box_eigenpro_preconditioned,2294,0.021063504137757594
box_eigenpro_preconditioned,2295,0.021063504137754745
box_eigenpro_preconditioned,2296,0.021063504137737284
box_eigenpro_preconditioned,2297,0.02106350413769294
box_eigenpro_preconditioned,2298,0.02106350413766829
box_eigenpro_preconditioned,2299,0.021063504137607447
box_eigenpro_preconditioned,2300,0.02106350413757174
box_eigenpro_preconditioned,2301,0.02106350413756827
box_eigenpro_preconditioned,2302,0.021063504137538828
box_eigenpro_preconditioned,2303,0.021063504137495498
box_eigenpro_preconditioned,2304,0.021063504137481523
box_eigenpro_preconditioned,2305,0.02106350413746476
box_eigenpro_preconditioned,2306,0.021063504137457417
box_eigenpro_preconditioned,2307,0.02106350413742316
box_eigenpro_preconditioned,2308,0.02106350413742047
box_eigenpro_preconditioned,2309,0.021063504137400844
box_eigenpro_preconditioned,2310,0.021063504137309952
box_eigenpro_preconditioned,2311,0.021063504137290714
box_eigenpro_preconditioned,2312,0.021063504137276395
box_eigenpro_preconditioned,2313,0.021063504137263253
box_eigenpro_preconditioned,2314,0.021063504137246874
box_eigenpro_preconditioned,2315,0.02106350413718466
box_eigenpro_preconditioned,2316,0.02106350413716116
box_eigenpro_preconditioned,2317,0.02106350413714001
box_eigenpro_preconditioned,2318,0.021063504137126578
box_eigenpro_preconditioned,2319,0.0210635041371166
box_eigenpro_preconditioned,2320,0.021063504137109813
box_eigenpro_preconditioned,2321,0.02106350413709954
box_eigenpro_preconditioned,2322,0.021063504136995502
box_eigenpro_preconditioned,2323,0.021063504136991585
box_eigenpro_preconditioned,2324,0.02106350413697474
box_eigenpro_preconditioned,2325,0.02106350413691915
box_eigenpro_preconditioned,2326,0.02106350413691495
box_eigenpro_preconditioned,2327,0.021063504136888643
box_eigenpro_preconditioned,2328,0.0210635041368677
box_eigenpro_preconditioned,2329,0.021063504136838364
box_eigenpro_preconditioned,2330,0.021063504136817537
box_eigenpro_preconditioned,2331,0.021063504136743526
box_eigenpro_preconditioned,2332,0.021063504136731175
box_eigenpro_preconditioned,2333,0.02106350413664085
box_eigenpro_preconditioned,2334,0.021063504136593476
box_eigenpro_preconditioned,2335,0.02106350413653577
box_eigenpro_preconditioned,2336,0.021063504136493813
box_eigenpro_preconditioned,2337,0.0210635041364771
box_eigenpro_preconditioned,2338,0.021063504136443385
box_eigenpro_preconditioned,2339,0.021063504136443225
box_eigenpro_preconditioned,2340,0.021063504136430832
box_eigenpro_preconditioned,2341,0.02106350413640125
box_eigenpro_preconditioned,2342,0.021063504136351458
box_eigenpro_preconditioned,2343,0.0210635041363004
box_eigenpro_preconditioned,2344,0.021063504136289428
box_eigenpro_preconditioned,2345,0.021063504136269486
box_eigenpro_preconditioned,2346,0.02106350413617784
box_eigenpro_preconditioned,2347,0.021063504136139402
box_eigenpro_preconditioned,2348,0.021063504136121465
box_eigenpro_preconditioned,2349,0.021063504135941345
box_eigenpro_preconditioned,2350,0.021063504135919637
box_eigenpro_preconditioned,2351,0.021063504135882382
box_eigenpro_preconditioned,2352,0.02106350413585785
box_eigenpro_preconditioned,2353,0.02106350413582938
box_eigenpro_preconditioned,2354,0.021063504135813885
box_eigenpro_preconditioned,2355,0.021063504135768733
box_eigenpro_preconditioned,2356,0.02106350413567188
box_eigenpro_preconditioned,2357,0.021063504135510447
box_eigenpro_preconditioned,2358,0.02106350413548587
box_eigenpro_preconditioned,2359,0.021063504135434237
box_eigenpro_preconditioned,2360,0.021063504135389356
box_eigenpro_preconditioned,2361,0.02106350413538058
box_eigenpro_preconditioned,2362,0.02106350413535736
box_eigenpro_preconditioned,2363,0.021063504135331413
box_eigenpro_preconditioned,2364,0.021063504135265882
box_eigenpro_preconditioned,2365,0.02106350413522043
box_eigenpro_preconditioned,2366,0.0210635041351882
box_eigenpro_preconditioned,2367,0.021063504135156792
box_eigenpro_preconditioned,2368,0.021063504135149586
box_eigenpro_preconditioned,2369,0.02106350413505044
box_eigenpro_preconditioned,2370,0.021063504135045735
box_eigenpro_preconditioned,2371,0.021063504135029974
box_eigenpro_preconditioned,2372,0.021063504134902166
box_eigenpro_preconditioned,2373,0.021063504134826563
box_eigenpro_preconditioned,2374,0.02106350413479455
box_eigenpro_preconditioned,2375,0.021063504134744483
box_eigenpro_preconditioned,2376,0.021063504134730533
box_eigenpro_preconditioned,2377,0.02106350413470199
box_eigenpro_preconditioned,2378,0.021063504134624676
box_eigenpro_preconditioned,2379,0.021063504134543276
box_eigenpro_preconditioned,2380,0.021063504134487734
box_eigenpro_preconditioned,2381,0.02106350413436278
box_eigenpro_preconditioned,2382,0.021063504134039027
box_eigenpro_preconditioned,2383,0.021063504134026096
box_eigenpro_preconditioned,2384,0.02106350413393762
box_eigenpro_preconditioned,2385,0.02106350413389725
box_eigenpro_preconditioned,2386,0.021063504133896543
box_eigenpro_preconditioned,2387,0.021063504133870377
box_eigenpro_preconditioned,2388,0.021063504133838985
box_eigenpro_preconditioned,2389,0.021063504133682475
box_eigenpro_preconditioned,2390,0.021063504133612358
box_eigenpro_preconditioned,2391,0.02106350413359354
box_eigenpro_preconditioned,2392,0.02106350413355472
box_eigenpro_preconditioned,2393,0.021063504133422624
box_eigenpro_preconditioned,2394,0.02106350413342014
box_eigenpro_preconditioned,2395,0.02106350413329817
box_eigenpro_preconditioned,2396,0.02106350413322724
box_eigenpro_preconditioned,2397,0.021063504133076966
box_eigenpro_preconditioned,2398,0.02106350413305122
box_eigenpro_preconditioned,2399,0.021063504132968223
box_eigenpro_preconditioned,2400,0.021063504132688357
box_eigenpro_preconditioned,2401,0.0210635041326589
box_eigenpro_preconditioned,2402,0.021063504132622653
box_eigenpro_preconditioned,2403,0.02106350413238406
box_eigenpro_preconditioned,2404,0.021063504132302457
box_eigenpro_preconditioned,2405,0.021063504132212398
box_eigenpro_preconditioned,2406,0.021063504132206957
box_eigenpro_preconditioned,2407,0.021063504132069425
box_eigenpro_preconditioned,2408,0.021063504132063912
box_eigenpro_preconditioned,2409,0.021063504131886786
box_eigenpro_preconditioned,2410,0.021063504131669894
box_eigenpro_preconditioned,2411,0.02106350413143932
box_eigenpro_preconditioned,2412,0.021063504131427456
box_eigenpro_preconditioned,2413,0.021063504131373735
box_eigenpro_preconditioned,2414,0.02106350413133604
box_eigenpro_preconditioned,2415,0.021063504131304124
box_eigenpro_preconditioned,2416,0.02106350413124576
box_eigenpro_preconditioned,2417,0.021063504131201914
box_eigenpro_preconditioned,2418,0.021063504130835218
box_eigenpro_preconditioned,2419,0.021063504130707678
box_eigenpro_preconditioned,2420,0.021063504130344562
box_eigenpro_preconditioned,2421,0.021063504130269993
box_eigenpro_preconditioned,2422,0.021063504130238466
box_eigenpro_preconditioned,2423,0.021063504130234955
box_eigenpro_preconditioned,2424,0.02106350413015351
box_eigenpro_preconditioned,2425,0.02106350413011096
box_eigenpro_preconditioned,2426,0.021063504129994935
box_eigenpro_preconditioned,2427,0.021063504129961864
box_eigenpro_preconditioned,2428,0.021063504129769452
box_eigenpro_preconditioned,2429,0.021063504129619378
box_eigenpro_preconditioned,2430,0.02106350412950862
box_eigenpro_preconditioned,2431,0.02106350412938312
box_eigenpro_preconditioned,2432,0.021063504129246374
box_eigenpro_preconditioned,2433,0.021063504129085912
box_eigenpro_preconditioned,2434,0.021063504129000155
box_eigenpro_preconditioned,2435,0.021063504128875518
box_eigenpro_preconditioned,2436,0.021063504128508603
box_eigenpro_preconditioned,2437,0.021063504128298393
box_eigenpro_preconditioned,2438,0.021063504128225722
box_eigenpro_preconditioned,2439,0.021063504127559567
box_eigenpro_preconditioned,2440,0.021063504127518992
box_eigenpro_preconditioned,2441,0.021063504127467797
box_eigenpro_preconditioned,2442,0.021063504127395723
box_eigenpro_preconditioned,2443,0.021063504127353635
box_eigenpro_preconditioned,2444,0.021063504127332745
box_eigenpro_preconditioned,2445,0.02106350412699467
box_eigenpro_preconditioned,2446,0.021063504126707218
box_eigenpro_preconditioned,2447,0.02106350412662808
box_eigenpro_preconditioned,2448,0.02106350412656113
box_eigenpro_preconditioned,2449,0.021063504126211476
box_eigenpro_preconditioned,2450,0.02106350412614501
box_eigenpro_preconditioned,2451,0.021063504125931116
box_eigenpro_preconditioned,2452,0.02106350412576284
box_eigenpro_preconditioned,2453,0.021063504125501186
box_eigenpro_preconditioned,2454,0.02106350412513681
box_eigenpro_preconditioned,2455,0.021063504125079503
box_eigenpro_preconditioned,2456,0.021063504124877123
box_eigenpro_preconditioned,2457,0.02106350412443445
box_eigenpro_preconditioned,2458,0.021063504124372575
box_eigenpro_preconditioned,2459,0.02106350412402716
box_eigenpro_preconditioned,2460,0.021063504123834065
box_eigenpro_preconditioned,2461,0.021063504123795738
box_eigenpro_preconditioned,2462,0.02106350412348195
box_eigenpro_preconditioned,2463,0.021063504123422006
box_eigenpro_preconditioned,2464,0.021063504123267626
box_eigenpro_preconditioned,2465,0.021063504122950032
box_eigenpro_preconditioned,2466,0.021063504122536363
box_eigenpro_preconditioned,2467,0.021063504122101877
box_eigenpro_preconditioned,2468,0.021063504121959693
box_eigenpro_preconditioned,2469,0.021063504121953437
box_eigenpro_preconditioned,2470,0.021063504121594974
box_eigenpro_preconditioned,2471,0.021063504121333756
box_eigenpro_preconditioned,2472,0.02106350412109517
box_eigenpro_preconditioned,2473,0.02106350412085798
box_eigenpro_preconditioned,2474,0.0210635041206009
box_eigenpro_preconditioned,2475,0.021063504120401647
box_eigenpro_preconditioned,2476,0.02106350412026922
box_eigenpro_preconditioned,2477,0.02106350411918147
box_eigenpro_preconditioned,2478,0.02106350411872185
box_eigenpro_preconditioned,2479,0.02106350411834702
box_eigenpro_preconditioned,2480,0.02106350411821017
box_eigenpro_preconditioned,2481,0.021063504118198892
box_eigenpro_preconditioned,2482,0.02106350411751329
box_eigenpro_preconditioned,2483,0.02106350411683143
box_eigenpro_preconditioned,2484,0.021063504116760712
box_eigenpro_preconditioned,2485,0.02106350411647791
box_eigenpro_preconditioned,2486,0.02106350411554149
box_eigenpro_preconditioned,2487,0.021063504115140224
box_eigenpro_preconditioned,2488,0.021063504115029982
box_eigenpro_preconditioned,2489,0.021063504114911976
box_eigenpro_preconditioned,2490,0.021063504114724893
box_eigenpro_preconditioned,2491,0.021063504114503404
box_eigenpro_preconditioned,2492,0.02106350411281942
box_eigenpro_preconditioned,2493,0.021063504112511483
box_eigenpro_preconditioned,2494,0.021063504112497754
box_eigenpro_preconditioned,2495,0.02106350411162418
box_eigenpro_preconditioned,2496,0.021063504111357902
box_eigenpro_preconditioned,2497,0.021063504111083875
box_eigenpro_preconditioned,2498,0.0210635041099286
box_eigenpro_preconditioned,2499,0.021063504109520573
box_eigenpro_preconditioned,2500,0.021063504109340558
box_eigenpro_preconditioned,2501,0.02106350410932912
box_eigenpro_preconditioned,2502,0.021063504107356173
box_eigenpro_preconditioned,2503,0.02106350410712653
box_eigenpro_preconditioned,2504,0.021063504106785806
box_eigenpro_preconditioned,2505,0.021063504106423093
box_eigenpro_preconditioned,2506,0.021063504105658735
box_eigenpro_preconditioned,2507,0.02106350410449335
box_eigenpro_preconditioned,2508,0.02106350410359483
box_eigenpro_preconditioned,2509,0.021063504103288277
box_eigenpro_preconditioned,2510,0.02106350410204478
box_eigenpro_preconditioned,2511,0.021063504101350255
box_eigenpro_preconditioned,2512,0.021063504100742553
box_eigenpro_preconditioned,2513,0.021063504100676252
box_eigenpro_preconditioned,2514,0.021063504097568186
box_eigenpro_preconditioned,2515,0.021063504097358614
box_eigenpro_preconditioned,2516,0.02106350409599571
box_eigenpro_preconditioned,2517,0.021063504095838417
box_eigenpro_preconditioned,2518,0.021063504095458298
box_eigenpro_preconditioned,2519,0.021063504095123583
box_eigenpro_preconditioned,2520,0.02106350409380412
box_eigenpro_preconditioned,2521,0.02106350409280663
box_eigenpro_preconditioned,2522,0.021063504091901834
box_eigenpro_preconditioned,2523,0.021063504091766758
box_eigenpro_preconditioned,2524,0.021063504087134793
box_eigenpro_preconditioned,2525,0.021063504087089895
box_eigenpro_preconditioned,2526,0.021063504085027076
box_eigenpro_preconditioned,2527,0.021063504084353576
box_eigenpro_preconditioned,2528,0.021063504083865873
box_eigenpro_preconditioned,2529,0.021063504082471287
box_eigenpro_preconditioned,2530,0.021063504081739137
box_eigenpro_preconditioned,2531,0.021063504079344347
box_eigenpro_preconditioned,2532,0.021063504078504592
box_eigenpro_preconditioned,2533,0.021063504076968644
box_eigenpro_preconditioned,2534,0.021063504074640013
box_eigenpro_preconditioned,2535,0.02106350407325941
box_eigenpro_preconditioned,2536,0.021063504070647762
box_eigenpro_preconditioned,2537,0.021063504069431412
box_eigenpro_preconditioned,2538,0.02106350406780327
box_eigenpro_preconditioned,2539,0.021063504066571006
box_eigenpro_preconditioned,2540,0.021063504065755464
box_eigenpro_preconditioned,2541,0.021063504063991316
box_eigenpro_preconditioned,2542,0.021063504062109144
box_eigenpro_preconditioned,2543,0.021063504060661684
box_eigenpro_preconditioned,2544,0.02106350405563544
box_eigenpro_preconditioned,2545,0.02106350405435795
box_eigenpro_preconditioned,2546,0.02106350405360321
box_eigenpro_preconditioned,2547,0.021063504050098634
box_eigenpro_preconditioned,2548,0.021063504048438795
box_eigenpro_preconditioned,2549,0.021063504045089256
box_eigenpro_preconditioned,2550,0.021063504038365623
box_eigenpro_preconditioned,2551,0.02106350403762693
box_eigenpro_preconditioned,2552,0.02106350403413763
box_eigenpro_preconditioned,2553,0.021063504031449024
box_eigenpro_preconditioned,2554,0.021063504028677443
box_eigenpro_preconditioned,2555,0.021063504027985683
box_eigenpro_preconditioned,2556,0.021063504025367486
box_eigenpro_preconditioned,2557,0.021063504024213257
box_eigenpro_preconditioned,2558,0.021063504013374583
box_eigenpro_preconditioned,2559,0.02106350400945744
box_eigenpro_preconditioned,2560,0.021063504006659337
box_eigenpro_preconditioned,2561,0.021063504001336292
box_eigenpro_preconditioned,2562,0.021063503996367177
box_eigenpro_preconditioned,2563,0.021063503989168647
box_eigenpro_preconditioned,2564,0.021063503981412997
box_eigenpro_preconditioned,2565,0.021063503978179143
box_eigenpro_preconditioned,2566,0.021063503973705124
box_eigenpro_preconditioned,2567,0.02106350396997079
box_eigenpro_preconditioned,2568,0.021063503966773128
box_eigenpro_preconditioned,2569,0.021063503957839506
box_eigenpro_preconditioned,2570,0.021063503949024023
box_eigenpro_preconditioned,2571,0.021063503944452753
box_eigenpro_preconditioned,2572,0.021063503943434574
box_eigenpro_preconditioned,2573,0.021063503933386813
box_eigenpro_preconditioned,2574,0.021063503924698645
box_eigenpro_preconditioned,2575,0.0210635039100935
box_eigenpro_preconditioned,2576,0.02106350389770457
box_eigenpro_preconditioned,2577,0.021063503894437296
box_eigenpro_preconditioned,2578,0.021063503889918928
box_eigenpro_preconditioned,2579,0.021063503889774897
box_eigenpro_preconditioned,2580,0.021063503855133458
box_eigenpro_preconditioned,2581,0.021063503844939
box_eigenpro_preconditioned,2582,0.02106350384404082
box_eigenpro_preconditioned,2583,0.021063503817214228
box_eigenpro_preconditioned,2584,0.021063503804601716
box_eigenpro_preconditioned,2585,0.02106350378794453
box_eigenpro_preconditioned,2586,0.02106350377950467
box_eigenpro_preconditioned,2587,0.021063503755584693
box_eigenpro_preconditioned,2588,0.02106350373094457
box_eigenpro_preconditioned,2589,0.021063503706107885
box_eigenpro_preconditioned,2590,0.021063503695619157
box_eigenpro_preconditioned,2591,0.021063503640165578
box_eigenpro_preconditioned,2592,0.021063503600038412
box_eigenpro_preconditioned,2593,0.02106350354627651
box_eigenpro_preconditioned,2594,0.021063503534164783
box_eigenpro_preconditioned,2595,0.021063503527317756
box_eigenpro_preconditioned,2596,0.021063503468213632
box_eigenpro_preconditioned,2597,0.02106350338609056
box_eigenpro_preconditioned,2598,0.0210635033074817
box_eigenpro_preconditioned,2599,0.02106350318360208
box_eigenpro_preconditioned,2600,0.02106350304078338
box_eigenpro_preconditioned,2601,0.021063503025266647
