spectrum,rank,eigenvalue
raw_A_BB,1,21570014.946327716
raw_A_BB,2,9152537.243277907
raw_A_BB,3,8697372.46945392
raw_A_BB,4,8471763.471655538
raw_A_BB,5,7206343.800814976
raw_A_BB,6,5897478.811252487
raw_A_BB,7,4566694.872474236
raw_A_BB,8,3961116.0131400074
raw_A_BB,9,3377485.089809439
raw_A_BB,10,2817290.5100334287
raw_A_BB,11,2701650.9475750485
raw_A_BB,12,2306752.1858991734
raw_A_BB,13,1655028.427938503
raw_A_BB,14,1521911.7392894244
raw_A_BB,15,1472199.5059969327
raw_A_BB,16,1156536.8752115616
raw_A_BB,17,904681.8260835668
raw_A_BB,18,884740.4870614321
raw_A_BB,19,848082.6774693454
raw_A_BB,20,685954.0253420777
raw_A_BB,21,624024.9566118658
raw_A_BB,22,578868.8544123448
raw_A_BB,23,541110.3975287819
raw_A_BB,24,446386.0674247686
raw_A_BB,25,403370.12100839627
raw_A_BB,26,326455.4006727197
raw_A_BB,27,325918.3123856619
raw_A_BB,28,316098.14778202266
raw_A_BB,29,309938.80499366333
raw_A_BB,30,298557.81144307007
raw_A_BB,31,273471.25177052314
raw_A_BB,32,244478.43404285863
raw_A_BB,33,229984.4747895528
raw_A_BB,34,224894.26612078707
raw_A_BB,35,221129.30291269376
raw_A_BB,36,192158.60244625874
raw_A_BB,37,186108.19204145245
raw_A_BB,38,174479.42710665544
raw_A_BB,39,157859.78492800109
raw_A_BB,40,143449.58770114538
raw_A_BB,41,143223.91095529383
raw_A_BB,42,135482.322898164
raw_A_BB,43,132809.13771265256
raw_A_BB,44,130738.25936998527
raw_A_BB,45,127464.29863385033
raw_A_BB,46,110198.393894195
raw_A_BB,47,106971.43658170351
raw_A_BB,48,99189.50543305416
raw_A_BB,49,96232.10053609294
raw_A_BB,50,89560.44747977542
raw_A_BB,51,86567.83831818971
raw_A_BB,52,83676.47455460855
raw_A_BB,53,79940.67263951388
raw_A_BB,54,71812.20562736536
raw_A_BB,55,67194.75813908721
raw_A_BB,56,66248.15077780174
raw_A_BB,57,65872.10034009644
raw_A_BB,58,59641.651776761864
raw_A_BB,59,58655.459373151716
raw_A_BB,60,57180.57086931213
raw_A_BB,61,54482.23623332839
raw_A_BB,62,48153.13878969569
raw_A_BB,63,47530.529586326236
raw_A_BB,64,46711.91392412818
raw_A_BB,65,45814.21037173179
raw_A_BB,66,44794.12220518078
raw_A_BB,67,44710.94476306061
raw_A_BB,68,41132.55512880064
raw_A_BB,69,39882.89533202798
raw_A_BB,70,36204.38489985377
raw_A_BB,71,34781.64798308192
raw_A_BB,72,33073.50688312593
raw_A_BB,73,31525.386938718515
raw_A_BB,74,29102.26290616042
raw_A_BB,75,28247.91726662645
raw_A_BB,76,27634.20057589893
raw_A_BB,77,26915.79191257145
raw_A_BB,78,26874.851539842035
raw_A_BB,79,26330.503403687257
raw_A_BB,80,24137.940380586344
raw_A_BB,81,23790.53495463654
raw_A_BB,82,23281.50956413126
raw_A_BB,83,22637.017488633017
raw_A_BB,84,22542.773877728425
raw_A_BB,85,21938.47847821762
raw_A_BB,86,21549.574836176285
raw_A_BB,87,19767.815623803785
raw_A_BB,88,18757.002708094522
raw_A_BB,89,17411.71245889249
raw_A_BB,90,16962.40246091096
raw_A_BB,91,16920.723629340657
raw_A_BB,92,16796.923794651084
raw_A_BB,93,16742.825193092835
raw_A_BB,94,16189.72160343505
raw_A_BB,95,15539.076934566072
raw_A_BB,96,15275.140547133477
raw_A_BB,97,14048.388482621038
raw_A_BB,98,13033.955187800739
raw_A_BB,99,12566.089991853918
raw_A_BB,100,11784.350814583131
raw_A_BB,101,11170.831205798744
raw_A_BB,102,11129.444540478738
raw_A_BB,103,10815.284620414188
raw_A_BB,104,10513.177657852824
raw_A_BB,105,10288.46595288282
raw_A_BB,106,9934.570783196174
raw_A_BB,107,9665.094433443923
raw_A_BB,108,9469.190561807496
raw_A_BB,109,8739.459789560957
raw_A_BB,110,8619.280716997704
raw_A_BB,111,8583.657891986717
raw_A_BB,112,8225.517324436465
raw_A_BB,113,7987.462548589988
raw_A_BB,114,7827.473192900393
raw_A_BB,115,7584.869898355553
raw_A_BB,116,7418.526833402778
raw_A_BB,117,7002.986933260912
raw_A_BB,118,6919.879554059718
raw_A_BB,119,6393.240426912665
raw_A_BB,120,6254.154916984221
raw_A_BB,121,6004.434253497338
raw_A_BB,122,5907.487033941642
raw_A_BB,123,5810.060018155953
raw_A_BB,124,5538.440922293599
raw_A_BB,125,5516.917202154781
raw_A_BB,126,5099.630514950609
raw_A_BB,127,5012.748015186376
raw_A_BB,128,4623.43651833943
raw_A_BB,129,4478.707256224907
raw_A_BB,130,4397.468443669619
raw_A_BB,131,4359.42247787205
raw_A_BB,132,4184.051874574901
raw_A_BB,133,3871.122973529231
raw_A_BB,134,3830.5690309385554
raw_A_BB,135,3800.354089810894
raw_A_BB,136,3631.97985264702
raw_A_BB,137,3162.3581124512384
raw_A_BB,138,3121.241651091504
raw_A_BB,139,2854.566140745937
raw_A_BB,140,2723.4046580110257
raw_A_BB,141,2590.3956047333977
raw_A_BB,142,2339.8372976410565
raw_A_BB,143,2330.5735865518136
raw_A_BB,144,2140.2860406153577
raw_A_BB,145,2115.1102955944284
raw_A_BB,146,2087.914862585729
raw_A_BB,147,1979.900394138474
raw_A_BB,148,1921.9773924357128
raw_A_BB,149,1838.1915766234802
raw_A_BB,150,1712.093207798735
raw_A_BB,151,1666.307600612146
raw_A_BB,152,1639.8878860894627
raw_A_BB,153,1595.043868825097
raw_A_BB,154,1457.9454354600364
raw_A_BB,155,1427.9695726588227
raw_A_BB,156,1374.3251492907127
raw_A_BB,157,1225.6969489249761
raw_A_BB,158,1205.8232838582467
raw_A_BB,159,1197.8416275671539
raw_A_BB,160,1181.0951035844637
raw_A_BB,161,1118.051697727295
raw_A_BB,162,1076.4784507155061
raw_A_BB,163,1007.9864055064098
raw_A_BB,164,867.7215653326617
raw_A_BB,165,849.6585867812337
raw_A_BB,166,802.2699336595468
raw_A_BB,167,792.4473215775685
raw_A_BB,168,788.8565542037466
raw_A_BB,169,732.0893333586356
raw_A_BB,170,706.3893983505666
raw_A_BB,171,671.1058114899216
raw_A_BB,172,585.0934127796402
raw_A_BB,173,534.8277773536328
raw_A_BB,174,527.3327123658029
raw_A_BB,175,508.3381532341296
raw_A_BB,176,467.414279196779
raw_A_BB,177,442.8887690397766
raw_A_BB,178,390.4671488826164
raw_A_BB,179,384.39426813791357
raw_A_BB,180,337.93521423120967
raw_A_BB,181,324.736854696049
raw_A_BB,182,301.4846581145141
raw_A_BB,183,295.69222619755084
raw_A_BB,184,281.89958007692746
raw_A_BB,185,271.71348623276134
raw_A_BB,186,270.90200224899223
raw_A_BB,187,248.4942751971144
raw_A_BB,188,238.75822208051395
raw_A_BB,189,234.29513542388682
raw_A_BB,190,230.54948333133564
raw_A_BB,191,224.16086304368264
raw_A_BB,192,209.06957523991846
raw_A_BB,193,206.47390614423253
raw_A_BB,194,194.7383933623814
raw_A_BB,195,191.73803233660547
raw_A_BB,196,172.9606207262239
raw_A_BB,197,152.30915082465592
raw_A_BB,198,146.88294822500905
raw_A_BB,199,144.95043403220004
raw_A_BB,200,141.20527810909684
raw_A_BB,201,133.8168796952765
raw_A_BB,202,121.62036796645144
raw_A_BB,203,116.34953018776456
raw_A_BB,204,109.42889921168668
raw_A_BB,205,104.39670093112555
raw_A_BB,206,97.88728796796762
raw_A_BB,207,97.05014339410523
raw_A_BB,208,92.25870425921364
raw_A_BB,209,81.19926354053065
raw_A_BB,210,78.78566785703535
raw_A_BB,211,72.99955726575422
raw_A_BB,212,67.08554956013053
raw_A_BB,213,64.70162887665428
raw_A_BB,214,61.40808341782385
raw_A_BB,215,59.354140309854984
raw_A_BB,216,55.840117286046045
raw_A_BB,217,53.13511146258745
raw_A_BB,218,48.26107689179751
raw_A_BB,219,46.05174767506115
raw_A_BB,220,40.85464347836485
raw_A_BB,221,39.15705648541492
raw_A_BB,222,37.98597161703362
raw_A_BB,223,37.36668405157272
raw_A_BB,224,35.29666248876658
raw_A_BB,225,31.8936244322206
raw_A_BB,226,30.210771622187345
raw_A_BB,227,27.932982977069887
raw_A_BB,228,27.44157248689457
raw_A_BB,229,25.032383186452147
raw_A_BB,230,23.90070528975812
raw_A_BB,231,23.775414762048563
raw_A_BB,232,22.990298631079757
raw_A_BB,233,22.16035150577922
raw_A_BB,234,19.56726379781077
raw_A_BB,235,18.25900065430333
raw_A_BB,236,17.68952080061906
raw_A_BB,237,16.8315206057766
raw_A_BB,238,15.060583315587623
raw_A_BB,239,14.229075758732106
raw_A_BB,240,13.610213594742735
raw_A_BB,241,12.437938866425327
raw_A_BB,242,12.325689135103165
raw_A_BB,243,12.178763514804213
raw_A_BB,244,11.936166528055367
raw_A_BB,245,9.52501733566482
raw_A_BB,246,8.920883414246433
raw_A_BB,247,7.999936365223933
raw_A_BB,248,7.633622173768878
raw_A_BB,249,7.039655368893365
raw_A_BB,250,6.607542427545125
raw_A_BB,251,6.497748792020275
raw_A_BB,252,6.172045478221639
raw_A_BB,253,5.7546301478850115
raw_A_BB,254,5.273901632229426
raw_A_BB,255,5.23262741739894
raw_A_BB,256,5.131741003177629
raw_A_BB,257,4.747548144516362
raw_A_BB,258,4.545028961156799
raw_A_BB,259,4.232876091244492
raw_A_BB,260,3.957340940860563
raw_A_BB,261,3.7280443480665877
raw_A_BB,262,3.4445533796491747
raw_A_BB,263,3.363810162744545
raw_A_BB,264,3.232095069719056
raw_A_BB,265,3.0956808654527124
raw_A_BB,266,2.87305758898409
raw_A_BB,267,2.4413503413638304
raw_A_BB,268,2.238157678405373
raw_A_BB,269,2.147618428077542
raw_A_BB,270,2.0687560507919547
raw_A_BB,271,1.84150083990701
raw_A_BB,272,1.739270366604011
raw_A_BB,273,1.731314304977873
raw_A_BB,274,1.6849150900798284
raw_A_BB,275,1.6643111479174084
raw_A_BB,276,1.474773357339176
raw_A_BB,277,1.3660796575320098
raw_A_BB,278,1.3543123396052466
raw_A_BB,279,1.341649673629101
raw_A_BB,280,1.2774240104519363
raw_A_BB,281,1.2648864136299194
raw_A_BB,282,1.1715722037362297
raw_A_BB,283,1.101776759452516
raw_A_BB,284,1.0495083899442836
raw_A_BB,285,1.0184284357253028
raw_A_BB,286,0.9340925080164554
raw_A_BB,287,0.9256632303095753
raw_A_BB,288,0.9174133182426383
raw_A_BB,289,0.8780225670358546
raw_A_BB,290,0.7982539258145182
raw_A_BB,291,0.7371052554090162
raw_A_BB,292,0.7109893196718652
raw_A_BB,293,0.6363867677327183
raw_A_BB,294,0.6210640751917701
raw_A_BB,295,0.5814465270367588
raw_A_BB,296,0.5576714622011004
raw_A_BB,297,0.5080339031091485
raw_A_BB,298,0.4842577801617874
raw_A_BB,299,0.46259252625184993
raw_A_BB,300,0.45532371415975526
raw_A_BB,301,0.4429344882004681
raw_A_BB,302,0.4371844644607825
raw_A_BB,303,0.43080033277393553
raw_A_BB,304,0.3991321277738072
raw_A_BB,305,0.3378133197937025
raw_A_BB,306,0.31304017594764094
raw_A_BB,307,0.283927594069262
raw_A_BB,308,0.28124586542072205
raw_A_BB,309,0.24832368895094004
raw_A_BB,310,0.24057901052441902
raw_A_BB,311,0.23749512345509902
raw_A_BB,312,0.2364801857144976
raw_A_BB,313,0.2184626073032736
raw_A_BB,314,0.20269252322950554
raw_A_BB,315,0.196307335415046
raw_A_BB,316,0.19456324756475618
raw_A_BB,317,0.19033349404460764
raw_A_BB,318,0.18840148878221652
raw_A_BB,319,0.18532585628228176
raw_A_BB,320,0.18228349628332757
raw_A_BB,321,0.17353933133932153
raw_A_BB,322,0.1702363146564426
raw_A_BB,323,0.16879241314667429
raw_A_BB,324,0.16672009225101073
raw_A_BB,325,0.16502650329372268
raw_A_BB,326,0.15878437073317545
raw_A_BB,327,0.15749777264772097
raw_A_BB,328,0.15392067354283018
raw_A_BB,329,0.1506668923842338
raw_A_BB,330,0.14970099824332814
raw_A_BB,331,0.1457088354560022
raw_A_BB,332,0.14515731932337111
raw_A_BB,333,0.13962049789410452
raw_A_BB,334,0.13612209904606587
raw_A_BB,335,0.13451636153563645
raw_A_BB,336,0.1334409954089099
raw_A_BB,337,0.13064499580935185
raw_A_BB,338,0.13003926733949978
raw_A_BB,339,0.12867184623877487
raw_A_BB,340,0.12415610758512581
raw_A_BB,341,0.12348352814509048
raw_A_BB,342,0.12274969329297729
raw_A_BB,343,0.12164451314924556
raw_A_BB,344,0.12129469141602817
raw_A_BB,345,0.12012829137500158
raw_A_BB,346,0.1187759725618956
raw_A_BB,347,0.11839101179924687
raw_A_BB,348,0.1175690106081748
raw_A_BB,349,0.11646643691205517
raw_A_BB,350,0.11488062393863142
raw_A_BB,351,0.11392792028365134
raw_A_BB,352,0.11342157203597097
raw_A_BB,353,0.11201731217342895
raw_A_BB,354,0.11138574654587653
raw_A_BB,355,0.11054627795900969
raw_A_BB,356,0.11022573719009912
raw_A_BB,357,0.10978151886825638
raw_A_BB,358,0.1083250649207058
raw_A_BB,359,0.10807389510133121
raw_A_BB,360,0.10803144335019076
raw_A_BB,361,0.10713811645532935
raw_A_BB,362,0.1066733403372857
raw_A_BB,363,0.10622168999669325
raw_A_BB,364,0.10603169711022789
raw_A_BB,365,0.10520007451190336
raw_A_BB,366,0.10490637987531222
raw_A_BB,367,0.10459365954353111
raw_A_BB,368,0.10417165177852143
raw_A_BB,369,0.10397771632470705
raw_A_BB,370,0.10384877118230458
raw_A_BB,371,0.10381726912035978
raw_A_BB,372,0.10356041197600367
raw_A_BB,373,0.10303550315738783
raw_A_BB,374,0.10291734981169244
raw_A_BB,375,0.10277830100626818
raw_A_BB,376,0.10272661577302448
raw_A_BB,377,0.1024433933298752
raw_A_BB,378,0.10222136177047364
raw_A_BB,379,0.1021193324493749
raw_A_BB,380,0.1020788981742322
raw_A_BB,381,0.10205758180704119
raw_A_BB,382,0.1019681202776757
raw_A_BB,383,0.10151725636693537
raw_A_BB,384,0.10143497547737533
raw_A_BB,385,0.10135525376649825
raw_A_BB,386,0.10130271502171558
raw_A_BB,387,0.10123670990156436
raw_A_BB,388,0.10100976043274962
raw_A_BB,389,0.10090802862023433
raw_A_BB,390,0.10086599071543452
raw_A_BB,391,0.10084356974312111
raw_A_BB,392,0.1008325694099665
raw_A_BB,393,0.10078075251279693
raw_A_BB,394,0.10073451743534073
raw_A_BB,395,0.10063847191249692
raw_A_BB,396,0.10062284700840525
raw_A_BB,397,0.10058273835294508
raw_A_BB,398,0.10054661679232473
raw_A_BB,399,0.10051882001095962
raw_A_BB,400,0.10051312048577328
raw_A_BB,401,0.10050467807600823
raw_A_BB,402,0.1004621953164664
raw_A_BB,403,0.1004388368530772
raw_A_BB,404,0.10041494622765215
raw_A_BB,405,0.10038540214097393
raw_A_BB,406,0.10035608894203422
raw_A_BB,407,0.10032246775416731
raw_A_BB,408,0.10031243720567493
raw_A_BB,409,0.1003061482477676
raw_A_BB,410,0.10026293015216727
raw_A_BB,411,0.10024789454037615
raw_A_BB,412,0.10022238908682554
raw_A_BB,413,0.10021502216663195
raw_A_BB,414,0.10019768940480991
raw_A_BB,415,0.10018687390232435
raw_A_BB,416,0.10018125340018098
raw_A_BB,417,0.10017698823768259
raw_A_BB,418,0.10017155853320335
raw_A_BB,419,0.10016974068307742
raw_A_BB,420,0.10016319457804092
raw_A_BB,421,0.10016056784594024
raw_A_BB,422,0.10015245056143313
raw_A_BB,423,0.10013581513080176
raw_A_BB,424,0.10012939605252646
raw_A_BB,425,0.10011909888788738
raw_A_BB,426,0.10011536576243378
raw_A_BB,427,0.10011256486271296
raw_A_BB,428,0.10010823231110315
raw_A_BB,429,0.1000971612136995
raw_A_BB,430,0.10009459173745255
raw_A_BB,431,0.10008975945790338
raw_A_BB,432,0.10007977001338308
raw_A_BB,433,0.10006970578346372
raw_A_BB,434,0.10006853004732405
raw_A_BB,435,0.10006714403487067
raw_A_BB,436,0.100062722060603
raw_A_BB,437,0.10005605445047512
raw_A_BB,438,0.10005006301927505
raw_A_BB,439,0.1000478919825463
raw_A_BB,440,0.10004427239781806
raw_A_BB,441,0.1000438703710967
raw_A_BB,442,0.10004040431644935
raw_A_BB,443,0.10003942883899035
raw_A_BB,444,0.10003640488964619
raw_A_BB,445,0.10003623175093593
raw_A_BB,446,0.10003222058584994
raw_A_BB,447,0.1000309326462831
raw_A_BB,448,0.1000269988398163
raw_A_BB,449,0.10002579546055976
raw_A_BB,450,0.10002397989355839
raw_A_BB,451,0.10002256213312587
raw_A_BB,452,0.10001958961237672
raw_A_BB,453,0.10001932242037327
raw_A_BB,454,0.10001864452569112
raw_A_BB,455,0.10001528040497513
raw_A_BB,456,0.1000142853967461
raw_A_BB,457,0.10001310930691593
raw_A_BB,458,0.10001190587383116
raw_A_BB,459,0.10001006750148671
raw_A_BB,460,0.10000956878149102
raw_A_BB,461,0.10000937578507448
raw_A_BB,462,0.10000878298575037
raw_A_BB,463,0.10000807403839862
raw_A_BB,464,0.1000075872806804
raw_A_BB,465,0.10000717005771115
raw_A_BB,466,0.10000645212681877
raw_A_BB,467,0.10000570143247023
raw_A_BB,468,0.1000054727143429
raw_A_BB,469,0.10000531035682098
raw_A_BB,470,0.10000516211646597
raw_A_BB,471,0.10000493199088988
raw_A_BB,472,0.10000479597176855
raw_A_BB,473,0.10000452777501712
raw_A_BB,474,0.10000445269210784
raw_A_BB,475,0.10000398774263158
raw_A_BB,476,0.10000385753949854
raw_A_BB,477,0.10000338602191015
raw_A_BB,478,0.10000322958997887
raw_A_BB,479,0.10000293361260201
raw_A_BB,480,0.10000271279467945
raw_A_BB,481,0.10000266830711244
raw_A_BB,482,0.10000251404079913
raw_A_BB,483,0.10000234638011997
raw_A_BB,484,0.10000225733443006
raw_A_BB,485,0.1000022276955815
raw_A_BB,486,0.10000213547396648
raw_A_BB,487,0.10000204262466604
raw_A_BB,488,0.10000170723538589
raw_A_BB,489,0.10000167838195888
raw_A_BB,490,0.10000165192206847
raw_A_BB,491,0.10000162291646464
raw_A_BB,492,0.1000014116481717
raw_A_BB,493,0.1000012179017604
raw_A_BB,494,0.10000114561719192
raw_A_BB,495,0.10000111729251236
raw_A_BB,496,0.10000111166756875
raw_A_BB,497,0.10000104497326452
raw_A_BB,498,0.1000009970360087
raw_A_BB,499,0.1000009686575248
raw_A_BB,500,0.10000093674312002
raw_A_BB,501,0.1000008589858338
raw_A_BB,502,0.10000082844460517
raw_A_BB,503,0.10000080416677752
raw_A_BB,504,0.1000007403179755
raw_A_BB,505,0.10000068664786677
raw_A_BB,506,0.10000064825828615
raw_A_BB,507,0.10000062842637375
raw_A_BB,508,0.10000055667581778
raw_A_BB,509,0.10000054852411079
raw_A_BB,510,0.10000052436538177
raw_A_BB,511,0.1000004977579032
raw_A_BB,512,0.10000048717683187
raw_A_BB,513,0.10000046189302507
raw_A_BB,514,0.10000039011442925
raw_A_BB,515,0.10000038048405724
raw_A_BB,516,0.10000034158273612
raw_A_BB,517,0.10000032638149668
raw_A_BB,518,0.10000032006693033
raw_A_BB,519,0.10000029819689757
raw_A_BB,520,0.1000002881349567
raw_A_BB,521,0.10000024032875324
raw_A_BB,522,0.10000021939007853
raw_A_BB,523,0.10000020238560521
raw_A_BB,524,0.1000001906926966
raw_A_BB,525,0.1000001712334919
raw_A_BB,526,0.10000016673611024
raw_A_BB,527,0.10000015954362172
raw_A_BB,528,0.10000013778459954
raw_A_BB,529,0.10000011643370922
raw_A_BB,530,0.1000001156230583
raw_A_BB,531,0.10000010797457447
raw_A_BB,532,0.10000009830816506
raw_A_BB,533,0.10000009786980497
raw_A_BB,534,0.10000007657516224
raw_A_BB,535,0.10000007092169569
raw_A_BB,536,0.10000006967857344
raw_A_BB,537,0.10000006472195762
raw_A_BB,538,0.10000006343622637
raw_A_BB,539,0.100000062742576
raw_A_BB,540,0.10000006082296678
raw_A_BB,541,0.1000000505722655
raw_A_BB,542,0.10000004762973982
raw_A_BB,543,0.1000000467915608
raw_A_BB,544,0.10000004552151662
raw_A_BB,545,0.10000004248410771
raw_A_BB,546,0.1000000379400154
raw_A_BB,547,0.10000003650789219
raw_A_BB,548,0.10000003495078803
raw_A_BB,549,0.10000003212526215
raw_A_BB,550,0.10000002952403893
raw_A_BB,551,0.10000002863509742
raw_A_BB,552,0.10000002841602729
raw_A_BB,553,0.10000002711001231
raw_A_BB,554,0.10000002549877096
raw_A_BB,555,0.10000002339045429
raw_A_BB,556,0.10000002244438203
raw_A_BB,557,0.10000002140184726
raw_A_BB,558,0.10000001898275507
raw_A_BB,559,0.10000001809203891
raw_A_BB,560,0.10000001784383201
raw_A_BB,561,0.10000001666372078
raw_A_BB,562,0.10000001486907872
raw_A_BB,563,0.10000001440597052
raw_A_BB,564,0.10000001201891123
raw_A_BB,565,0.1000000116772601
raw_A_BB,566,0.10000001113684596
raw_A_BB,567,0.10000001104992062
raw_A_BB,568,0.10000001029687534
raw_A_BB,569,0.1000000098180788
raw_A_BB,570,0.10000000973732474
raw_A_BB,571,0.1000000093247209
raw_A_BB,572,0.10000000881505719
raw_A_BB,573,0.10000000854503081
raw_A_BB,574,0.10000000776186098
raw_A_BB,575,0.10000000728232154
raw_A_BB,576,0.1000000070204137
raw_A_BB,577,0.10000000678980964
raw_A_BB,578,0.10000000653719997
raw_A_BB,579,0.10000000646297895
raw_A_BB,580,0.10000000630543213
raw_A_BB,581,0.1000000059942619
raw_A_BB,582,0.10000000584031363
raw_A_BB,583,0.100000005723577
raw_A_BB,584,0.1000000055172102
raw_A_BB,585,0.10000000538407065
raw_A_BB,586,0.10000000524561024
raw_A_BB,587,0.10000000508344535
raw_A_BB,588,0.10000000476394834
raw_A_BB,589,0.10000000470631597
raw_A_BB,590,0.10000000453471891
raw_A_BB,591,0.10000000431721032
raw_A_BB,592,0.1000000040497657
raw_A_BB,593,0.10000000395178531
raw_A_BB,594,0.10000000380166015
raw_A_BB,595,0.1000000035821205
raw_A_BB,596,0.1000000034455032
raw_A_BB,597,0.1000000033903034
raw_A_BB,598,0.10000000314899343
raw_A_BB,599,0.10000000302194374
raw_A_BB,600,0.1000000029551224
raw_A_BB,601,0.10000000287472036
raw_A_BB,602,0.10000000282120873
raw_A_BB,603,0.10000000280482899
raw_A_BB,604,0.10000000259260362
raw_A_BB,605,0.10000000237818701
raw_A_BB,606,0.10000000234753312
raw_A_BB,607,0.10000000225134455
raw_A_BB,608,0.10000000223241655
raw_A_BB,609,0.1000000020975179
raw_A_BB,610,0.10000000205803121
raw_A_BB,611,0.10000000197609875
raw_A_BB,612,0.10000000192515432
raw_A_BB,613,0.10000000188571175
raw_A_BB,614,0.10000000185874015
raw_A_BB,615,0.10000000177189107
raw_A_BB,616,0.10000000171040259
raw_A_BB,617,0.1000000016695478
raw_A_BB,618,0.10000000164628282
raw_A_BB,619,0.10000000159722489
raw_A_BB,620,0.10000000157168663
raw_A_BB,621,0.10000000151067978
raw_A_BB,622,0.10000000145714828
raw_A_BB,623,0.100000001400308
raw_A_BB,624,0.1000000013517184
raw_A_BB,625,0.1000000013239622
raw_A_BB,626,0.10000000130060538
raw_A_BB,627,0.10000000127027046
raw_A_BB,628,0.10000000121603284
raw_A_BB,629,0.10000000119305857
raw_A_BB,630,0.1000000011821361
raw_A_BB,631,0.10000000113287189
raw_A_BB,632,0.10000000105170588
raw_A_BB,633,0.10000000102088748
raw_A_BB,634,0.10000000101002027
raw_A_BB,635,0.10000000097659474
raw_A_BB,636,0.10000000093855142
raw_A_BB,637,0.10000000090154876
raw_A_BB,638,0.1000000008906003
raw_A_BB,639,0.10000000085747145
raw_A_BB,640,0.10000000084364784
raw_A_BB,641,0.10000000080441278
raw_A_BB,642,0.10000000077499323
raw_A_BB,643,0.10000000074848761
raw_A_BB,644,0.10000000072531887
raw_A_BB,645,0.10000000071368367
raw_A_BB,646,0.10000000069600654
raw_A_BB,647,0.1000000006755957
raw_A_BB,648,0.10000000066302944
raw_A_BB,649,0.10000000063678532
raw_A_BB,650,0.10000000062802464
raw_A_BB,651,0.10000000059399416
raw_A_BB,652,0.10000000057704365
raw_A_BB,653,0.10000000055199137
raw_A_BB,654,0.10000000053906165
raw_A_BB,655,0.10000000053618788
raw_A_BB,656,0.10000000051314115
raw_A_BB,657,0.1000000005082312
raw_A_BB,658,0.10000000048414812
raw_A_BB,659,0.10000000047295328
raw_A_BB,660,0.10000000045797025
raw_A_BB,661,0.10000000045668099
raw_A_BB,662,0.10000000044632311
raw_A_BB,663,0.10000000043192153
raw_A_BB,664,0.10000000042096323
raw_A_BB,665,0.1000000004087152
raw_A_BB,666,0.10000000040073626
raw_A_BB,667,0.10000000039421801
raw_A_BB,668,0.10000000037686327
raw_A_BB,669,0.10000000037185784
raw_A_BB,670,0.10000000035974517
raw_A_BB,671,0.10000000035520239
raw_A_BB,672,0.10000000034586282
raw_A_BB,673,0.10000000034038976
raw_A_BB,674,0.10000000033523586
raw_A_BB,675,0.10000000032890678
raw_A_BB,676,0.10000000031991021
raw_A_BB,677,0.1000000003097227
raw_A_BB,678,0.10000000030331022
raw_A_BB,679,0.10000000029601153
raw_A_BB,680,0.10000000029097074
raw_A_BB,681,0.100000000287715
raw_A_BB,682,0.10000000028262601
raw_A_BB,683,0.10000000027860943
raw_A_BB,684,0.10000000027334859
raw_A_BB,685,0.10000000027096573
raw_A_BB,686,0.10000000026697711
raw_A_BB,687,0.10000000025871746
raw_A_BB,688,0.1000000002527273
raw_A_BB,689,0.10000000024603596
raw_A_BB,690,0.10000000024335162
raw_A_BB,691,0.10000000023907364
raw_A_BB,692,0.10000000023683703
raw_A_BB,693,0.1000000002352822
raw_A_BB,694,0.10000000022888536
raw_A_BB,695,0.10000000022591307
raw_A_BB,696,0.10000000022419292
raw_A_BB,697,0.10000000021688008
raw_A_BB,698,0.10000000021349242
raw_A_BB,699,0.10000000021054378
raw_A_BB,700,0.10000000020657443
raw_A_BB,701,0.10000000020494006
raw_A_BB,702,0.10000000019971267
raw_A_BB,703,0.10000000019873372
raw_A_BB,704,0.10000000019526226
raw_A_BB,705,0.10000000019108321
raw_A_BB,706,0.10000000018876494
raw_A_BB,707,0.10000000018539981
raw_A_BB,708,0.10000000018357079
raw_A_BB,709,0.10000000018152365
raw_A_BB,710,0.1000000001796109
raw_A_BB,711,0.10000000017569279
raw_A_BB,712,0.10000000017229169
raw_A_BB,713,0.10000000017146991
raw_A_BB,714,0.10000000016825467
raw_A_BB,715,0.10000000016529743
raw_A_BB,716,0.10000000016113159
raw_A_BB,717,0.10000000015949574
raw_A_BB,718,0.10000000015773461
raw_A_BB,719,0.10000000015592153
raw_A_BB,720,0.10000000015261293
raw_A_BB,721,0.10000000014821198
raw_A_BB,722,0.10000000014751363
raw_A_BB,723,0.10000000014531352
raw_A_BB,724,0.10000000014376806
raw_A_BB,725,0.10000000014237806
raw_A_BB,726,0.10000000014077692
raw_A_BB,727,0.10000000013920661
raw_A_BB,728,0.1000000001368206
raw_A_BB,729,0.10000000013509779
raw_A_BB,730,0.1000000001322577
raw_A_BB,731,0.10000000013131795
raw_A_BB,732,0.10000000012820953
raw_A_BB,733,0.10000000012686326
raw_A_BB,734,0.1000000001259735
raw_A_BB,735,0.10000000012418178
raw_A_BB,736,0.10000000012170937
raw_A_BB,737,0.10000000012096434
raw_A_BB,738,0.10000000011889826
raw_A_BB,739,0.10000000011659935
raw_A_BB,740,0.10000000011603362
raw_A_BB,741,0.10000000011504974
raw_A_BB,742,0.10000000011354779
raw_A_BB,743,0.10000000011235448
raw_A_BB,744,0.1000000001104635
raw_A_BB,745,0.10000000010974877
raw_A_BB,746,0.10000000010915969
raw_A_BB,747,0.1000000001075011
raw_A_BB,748,0.10000000010616684
raw_A_BB,749,0.1000000001041343
raw_A_BB,750,0.10000000010351806
raw_A_BB,751,0.10000000010093674
raw_A_BB,752,0.10000000009972562
raw_A_BB,753,0.10000000009894348
raw_A_BB,754,0.10000000009834649
raw_A_BB,755,0.10000000009677587
raw_A_BB,756,0.10000000009488899
raw_A_BB,757,0.10000000009447668
raw_A_BB,758,0.1000000000925281
raw_A_BB,759,0.10000000009148906
raw_A_BB,760,0.10000000008979706
raw_A_BB,761,0.10000000008882629
raw_A_BB,762,0.10000000008748056
raw_A_BB,763,0.10000000008625497
raw_A_BB,764,0.10000000008541986
raw_A_BB,765,0.10000000008461384
raw_A_BB,766,0.10000000008385787
raw_A_BB,767,0.10000000008245712
raw_A_BB,768,0.10000000008206356
raw_A_BB,769,0.1000000000804044
raw_A_BB,770,0.1000000000795049
raw_A_BB,771,0.1000000000786264
raw_A_BB,772,0.10000000007807672
raw_A_BB,773,0.1000000000767178
raw_A_BB,774,0.10000000007618068
raw_A_BB,775,0.10000000007499023
raw_A_BB,776,0.10000000007391772
raw_A_BB,777,0.10000000007372281
raw_A_BB,778,0.10000000007224556
raw_A_BB,779,0.10000000007160754
raw_A_BB,780,0.10000000007092846
raw_A_BB,781,0.10000000006986645
raw_A_BB,782,0.10000000006921203
raw_A_BB,783,0.1000000000685114
raw_A_BB,784,0.10000000006737329
raw_A_BB,785,0.10000000006668051
raw_A_BB,786,0.1000000000664133
raw_A_BB,787,0.10000000006564465
raw_A_BB,788,0.10000000006491348
raw_A_BB,789,0.1000000000644641
raw_A_BB,790,0.10000000006400811
raw_A_BB,791,0.10000000006306675
raw_A_BB,792,0.10000000006252155
raw_A_BB,793,0.10000000006170714
raw_A_BB,794,0.10000000006142809
raw_A_BB,795,0.10000000006071143
raw_A_BB,796,0.10000000006031837
raw_A_BB,797,0.10000000005953487
raw_A_BB,798,0.10000000005901599
raw_A_BB,799,0.10000000005822171
raw_A_BB,800,0.10000000005771106
raw_A_BB,801,0.10000000005662654
raw_A_BB,802,0.10000000005609809
raw_A_BB,803,0.10000000005573079
raw_A_BB,804,0.10000000005527815
raw_A_BB,805,0.10000000005446957
raw_A_BB,806,0.10000000005419901
raw_A_BB,807,0.1000000000535196
raw_A_BB,808,0.10000000005304237
raw_A_BB,809,0.10000000005222283
raw_A_BB,810,0.10000000005170599
raw_A_BB,811,0.10000000005156297
raw_A_BB,812,0.10000000005107278
raw_A_BB,813,0.10000000005017054
raw_A_BB,814,0.10000000004949818
raw_A_BB,815,0.10000000004925476
raw_A_BB,816,0.10000000004884815
raw_A_BB,817,0.10000000004818659
raw_A_BB,818,0.10000000004748197
raw_A_BB,819,0.10000000004687723
raw_A_BB,820,0.10000000004679609
raw_A_BB,821,0.10000000004644206
raw_A_BB,822,0.10000000004610432
raw_A_BB,823,0.10000000004555445
raw_A_BB,824,0.10000000004491995
raw_A_BB,825,0.10000000004446329
raw_A_BB,826,0.10000000004405306
raw_A_BB,827,0.10000000004350745
raw_A_BB,828,0.10000000004345036
raw_A_BB,829,0.10000000004299876
raw_A_BB,830,0.10000000004258411
raw_A_BB,831,0.10000000004224159
raw_A_BB,832,0.10000000004162975
raw_A_BB,833,0.10000000004141292
raw_A_BB,834,0.10000000004124035
raw_A_BB,835,0.10000000004070601
raw_A_BB,836,0.10000000004017263
raw_A_BB,837,0.10000000004004438
raw_A_BB,838,0.10000000003929717
raw_A_BB,839,0.1000000000390783
raw_A_BB,840,0.10000000003891323
raw_A_BB,841,0.10000000003833481
raw_A_BB,842,0.10000000003790918
raw_A_BB,843,0.10000000003750038
raw_A_BB,844,0.10000000003701484
raw_A_BB,845,0.10000000003689276
raw_A_BB,846,0.1000000000364849
raw_A_BB,847,0.10000000003625795
raw_A_BB,848,0.10000000003594893
raw_A_BB,849,0.10000000003577847
raw_A_BB,850,0.10000000003545989
raw_A_BB,851,0.10000000003491169
raw_A_BB,852,0.10000000003437505
raw_A_BB,853,0.10000000003416873
raw_A_BB,854,0.10000000003392549
raw_A_BB,855,0.10000000003371354
raw_A_BB,856,0.1000000000335241
raw_A_BB,857,0.10000000003315097
raw_A_BB,858,0.10000000003308332
raw_A_BB,859,0.10000000003282553
raw_A_BB,860,0.10000000003248177
raw_A_BB,861,0.10000000003221386
raw_A_BB,862,0.10000000003189359
raw_A_BB,863,0.10000000003156465
raw_A_BB,864,0.10000000003144353
raw_A_BB,865,0.10000000003108656
raw_A_BB,866,0.10000000003090971
raw_A_BB,867,0.10000000003052943
raw_A_BB,868,0.10000000003036098
raw_A_BB,869,0.10000000003018282
raw_A_BB,870,0.10000000002982608
raw_A_BB,871,0.10000000002947651
raw_A_BB,872,0.100000000029207
raw_A_BB,873,0.10000000002893206
raw_A_BB,874,0.10000000002870461
raw_A_BB,875,0.10000000002850626
raw_A_BB,876,0.10000000002820043
raw_A_BB,877,0.10000000002791347
raw_A_BB,878,0.10000000002777583
raw_A_BB,879,0.10000000002744276
raw_A_BB,880,0.10000000002715943
raw_A_BB,881,0.1000000000269735
raw_A_BB,882,0.10000000002668781
raw_A_BB,883,0.10000000002654069
raw_A_BB,884,0.10000000002637933
raw_A_BB,885,0.10000000002592735
raw_A_BB,886,0.10000000002564048
raw_A_BB,887,0.10000000002558786
raw_A_BB,888,0.1000000000254563
raw_A_BB,889,0.10000000002532755
raw_A_BB,890,0.10000000002506808
raw_A_BB,891,0.1000000000249265
raw_A_BB,892,0.10000000002460438
raw_A_BB,893,0.10000000002453092
raw_A_BB,894,0.10000000002434112
raw_A_BB,895,0.10000000002416011
raw_A_BB,896,0.10000000002390128
raw_A_BB,897,0.1000000000238093
raw_A_BB,898,0.10000000002351743
raw_A_BB,899,0.10000000002330134
raw_A_BB,900,0.10000000002321788
raw_A_BB,901,0.10000000002290224
raw_A_BB,902,0.10000000002272924
raw_A_BB,903,0.10000000002261135
raw_A_BB,904,0.10000000002229056
raw_A_BB,905,0.10000000002214218
raw_A_BB,906,0.10000000002198482
raw_A_BB,907,0.10000000002188252
raw_A_BB,908,0.10000000002167456
raw_A_BB,909,0.10000000002162295
raw_A_BB,910,0.10000000002140104
raw_A_BB,911,0.10000000002125946
raw_A_BB,912,0.10000000002117629
raw_A_BB,913,0.10000000002099903
raw_A_BB,914,0.1000000000207829
raw_A_BB,915,0.10000000002071838
raw_A_BB,916,0.10000000002057843
raw_A_BB,917,0.10000000002037882
raw_A_BB,918,0.10000000002013228
raw_A_BB,919,0.10000000002002991
raw_A_BB,920,0.1000000000199469
raw_A_BB,921,0.10000000001980829
raw_A_BB,922,0.10000000001964136
raw_A_BB,923,0.10000000001953989
raw_A_BB,924,0.10000000001936202
raw_A_BB,925,0.10000000001919608
raw_A_BB,926,0.10000000001910102
raw_A_BB,927,0.10000000001887908
raw_A_BB,928,0.10000000001877583
raw_A_BB,929,0.10000000001859626
raw_A_BB,930,0.10000000001844019
raw_A_BB,931,0.10000000001834218
raw_A_BB,932,0.10000000001823
raw_A_BB,933,0.10000000001812755
raw_A_BB,934,0.1000000000179852
raw_A_BB,935,0.10000000001785858
raw_A_BB,936,0.100000000017694
raw_A_BB,937,0.10000000001762613
raw_A_BB,938,0.10000000001746032
raw_A_BB,939,0.10000000001739333
raw_A_BB,940,0.10000000001720645
raw_A_BB,941,0.10000000001712063
raw_A_BB,942,0.1000000000169963
raw_A_BB,943,0.10000000001680924
raw_A_BB,944,0.10000000001674117
raw_A_BB,945,0.10000000001664698
raw_A_BB,946,0.10000000001654355
raw_A_BB,947,0.10000000001642757
raw_A_BB,948,0.10000000001629243
raw_A_BB,949,0.1000000000161918
raw_A_BB,950,0.1000000000161058
raw_A_BB,951,0.10000000001595095
raw_A_BB,952,0.10000000001582487
raw_A_BB,953,0.10000000001576863
raw_A_BB,954,0.10000000001566475
raw_A_BB,955,0.10000000001555552
raw_A_BB,956,0.1000000000154743
raw_A_BB,957,0.1000000000153911
raw_A_BB,958,0.10000000001532212
raw_A_BB,959,0.10000000001514034
raw_A_BB,960,0.10000000001505716
raw_A_BB,961,0.10000000001503095
raw_A_BB,962,0.10000000001487838
raw_A_BB,963,0.10000000001473253
raw_A_BB,964,0.10000000001462235
raw_A_BB,965,0.10000000001445962
raw_A_BB,966,0.10000000001440756
raw_A_BB,967,0.1000000000142901
raw_A_BB,968,0.10000000001422651
raw_A_BB,969,0.10000000001415722
raw_A_BB,970,0.10000000001410138
raw_A_BB,971,0.10000000001404197
raw_A_BB,972,0.10000000001393358
raw_A_BB,973,0.1000000000137318
raw_A_BB,974,0.10000000001361013
raw_A_BB,975,0.10000000001357762
raw_A_BB,976,0.10000000001347255
raw_A_BB,977,0.100000000013388
raw_A_BB,978,0.10000000001330651
raw_A_BB,979,0.10000000001320847
raw_A_BB,980,0.10000000001310798
raw_A_BB,981,0.10000000001302158
raw_A_BB,982,0.10000000001292164
raw_A_BB,983,0.10000000001288256
raw_A_BB,984,0.10000000001276207
raw_A_BB,985,0.10000000001271393
raw_A_BB,986,0.1000000000126
raw_A_BB,987,0.10000000001255364
raw_A_BB,988,0.10000000001243818
raw_A_BB,989,0.100000000012374
raw_A_BB,990,0.10000000001231872
raw_A_BB,991,0.10000000001225748
raw_A_BB,992,0.10000000001219074
raw_A_BB,993,0.10000000001210746
raw_A_BB,994,0.10000000001200111
raw_A_BB,995,0.10000000001194574
raw_A_BB,996,0.10000000001180047
raw_A_BB,997,0.10000000001173005
raw_A_BB,998,0.10000000001167013
raw_A_BB,999,0.10000000001162072
raw_A_BB,1000,0.10000000001150314
raw_A_BB,1001,0.10000000001145284
raw_A_BB,1002,0.10000000001143515
raw_A_BB,1003,0.1000000000113148
raw_A_BB,1004,0.10000000001126629
raw_A_BB,1005,0.1000000000111774
raw_A_BB,1006,0.10000000001111528
raw_A_BB,1007,0.10000000001098175
raw_A_BB,1008,0.1000000000109485
raw_A_BB,1009,0.1000000000108766
raw_A_BB,1010,0.10000000001081337
raw_A_BB,1011,0.10000000001078281
raw_A_BB,1012,0.10000000001075218
raw_A_BB,1013,0.10000000001067112
raw_A_BB,1014,0.10000000001056561
raw_A_BB,1015,0.10000000001054063
raw_A_BB,1016,0.10000000001048807
raw_A_BB,1017,0.10000000001041713
raw_A_BB,1018,0.10000000001033904
raw_A_BB,1019,0.10000000001027828
raw_A_BB,1020,0.10000000001023307
raw_A_BB,1021,0.10000000001019255
raw_A_BB,1022,0.10000000001009589
raw_A_BB,1023,0.10000000001004354
raw_A_BB,1024,0.10000000000997075
raw_A_BB,1025,0.10000000000989727
raw_A_BB,1026,0.10000000000984142
raw_A_BB,1027,0.10000000000981708
raw_A_BB,1028,0.10000000000974
raw_A_BB,1029,0.10000000000966315
raw_A_BB,1030,0.10000000000960338
raw_A_BB,1031,0.10000000000951996
raw_A_BB,1032,0.10000000000947387
raw_A_BB,1033,0.10000000000941514
raw_A_BB,1034,0.10000000000936349
raw_A_BB,1035,0.1000000000092961
raw_A_BB,1036,0.10000000000927003
raw_A_BB,1037,0.10000000000920314
raw_A_BB,1038,0.10000000000914268
raw_A_BB,1039,0.10000000000911755
raw_A_BB,1040,0.10000000000906957
raw_A_BB,1041,0.10000000000899177
raw_A_BB,1042,0.10000000000893514
raw_A_BB,1043,0.10000000000888352
raw_A_BB,1044,0.10000000000885605
raw_A_BB,1045,0.10000000000881704
raw_A_BB,1046,0.10000000000872875
raw_A_BB,1047,0.10000000000870493
raw_A_BB,1048,0.10000000000862219
raw_A_BB,1049,0.10000000000860959
raw_A_BB,1050,0.10000000000853616
raw_A_BB,1051,0.10000000000844503
raw_A_BB,1052,0.10000000000841823
raw_A_BB,1053,0.10000000000839446
raw_A_BB,1054,0.10000000000833859
raw_A_BB,1055,0.10000000000826759
raw_A_BB,1056,0.1000000000082419
raw_A_BB,1057,0.10000000000818088
raw_A_BB,1058,0.10000000000815175
raw_A_BB,1059,0.100000000008058
raw_A_BB,1060,0.10000000000798341
raw_A_BB,1061,0.10000000000796064
raw_A_BB,1062,0.10000000000791234
raw_A_BB,1063,0.10000000000788584
raw_A_BB,1064,0.1000000000078289
raw_A_BB,1065,0.10000000000780107
raw_A_BB,1066,0.10000000000777842
raw_A_BB,1067,0.10000000000772108
raw_A_BB,1068,0.10000000000768398
raw_A_BB,1069,0.10000000000761672
raw_A_BB,1070,0.10000000000757273
raw_A_BB,1071,0.10000000000754816
raw_A_BB,1072,0.10000000000750137
raw_A_BB,1073,0.10000000000745643
raw_A_BB,1074,0.10000000000740936
raw_A_BB,1075,0.10000000000738234
raw_A_BB,1076,0.10000000000735579
raw_A_BB,1077,0.10000000000727668
raw_A_BB,1078,0.10000000000725057
raw_A_BB,1079,0.10000000000719732
raw_A_BB,1080,0.10000000000717323
raw_A_BB,1081,0.10000000000716318
raw_A_BB,1082,0.10000000000711612
raw_A_BB,1083,0.1000000000070289
raw_A_BB,1084,0.1000000000070138
raw_A_BB,1085,0.1000000000069677
raw_A_BB,1086,0.10000000000690909
raw_A_BB,1087,0.10000000000687283
raw_A_BB,1088,0.10000000000682212
raw_A_BB,1089,0.10000000000679264
raw_A_BB,1090,0.10000000000676312
raw_A_BB,1091,0.10000000000671487
raw_A_BB,1092,0.10000000000668456
raw_A_BB,1093,0.10000000000665643
raw_A_BB,1094,0.10000000000660382
raw_A_BB,1095,0.1000000000065906
raw_A_BB,1096,0.10000000000654556
raw_A_BB,1097,0.1000000000065144
raw_A_BB,1098,0.10000000000647713
raw_A_BB,1099,0.10000000000645323
raw_A_BB,1100,0.1000000000064145
raw_A_BB,1101,0.10000000000635997
raw_A_BB,1102,0.1000000000063469
raw_A_BB,1103,0.10000000000630421
raw_A_BB,1104,0.1000000000062673
raw_A_BB,1105,0.10000000000623774
raw_A_BB,1106,0.10000000000618572
raw_A_BB,1107,0.1000000000061333
raw_A_BB,1108,0.10000000000612831
raw_A_BB,1109,0.10000000000608299
raw_A_BB,1110,0.10000000000604883
raw_A_BB,1111,0.10000000000601156
raw_A_BB,1112,0.10000000000599435
raw_A_BB,1113,0.1000000000059598
raw_A_BB,1114,0.10000000000588874
raw_A_BB,1115,0.10000000000586932
raw_A_BB,1116,0.100000000005847
raw_A_BB,1117,0.10000000000581569
raw_A_BB,1118,0.10000000000579605
raw_A_BB,1119,0.1000000000057799
raw_A_BB,1120,0.10000000000571967
raw_A_BB,1121,0.10000000000570053
raw_A_BB,1122,0.10000000000567416
raw_A_BB,1123,0.100000000005633
raw_A_BB,1124,0.10000000000560634
raw_A_BB,1125,0.10000000000559359
raw_A_BB,1126,0.10000000000554984
raw_A_BB,1127,0.10000000000553484
raw_A_BB,1128,0.10000000000549035
raw_A_BB,1129,0.10000000000545717
raw_A_BB,1130,0.10000000000541506
raw_A_BB,1131,0.10000000000539516
raw_A_BB,1132,0.10000000000535601
raw_A_BB,1133,0.10000000000533797
raw_A_BB,1134,0.10000000000527855
raw_A_BB,1135,0.10000000000526617
raw_A_BB,1136,0.10000000000524562
raw_A_BB,1137,0.100000000005234
raw_A_BB,1138,0.10000000000520962
raw_A_BB,1139,0.10000000000517587
raw_A_BB,1140,0.1000000000051507
raw_A_BB,1141,0.10000000000511411
raw_A_BB,1142,0.10000000000510298
raw_A_BB,1143,0.1000000000050631
raw_A_BB,1144,0.10000000000505048
raw_A_BB,1145,0.10000000000502832
raw_A_BB,1146,0.10000000000498847
raw_A_BB,1147,0.10000000000495705
raw_A_BB,1148,0.10000000000492554
raw_A_BB,1149,0.10000000000490607
raw_A_BB,1150,0.10000000000488493
raw_A_BB,1151,0.10000000000485937
raw_A_BB,1152,0.10000000000484689
raw_A_BB,1153,0.10000000000481463
raw_A_BB,1154,0.10000000000481148
raw_A_BB,1155,0.10000000000476095
raw_A_BB,1156,0.10000000000473042
raw_A_BB,1157,0.10000000000471676
raw_A_BB,1158,0.10000000000468594
raw_A_BB,1159,0.10000000000464591
raw_A_BB,1160,0.10000000000464115
raw_A_BB,1161,0.1000000000045956
raw_A_BB,1162,0.100000000004585
raw_A_BB,1163,0.10000000000455275
raw_A_BB,1164,0.10000000000453099
raw_A_BB,1165,0.10000000000450157
raw_A_BB,1166,0.10000000000448643
raw_A_BB,1167,0.10000000000446033
raw_A_BB,1168,0.10000000000444474
raw_A_BB,1169,0.10000000000440717
raw_A_BB,1170,0.10000000000439604
raw_A_BB,1171,0.10000000000436154
raw_A_BB,1172,0.10000000000434918
raw_A_BB,1173,0.10000000000433128
raw_A_BB,1174,0.10000000000430853
raw_A_BB,1175,0.10000000000428097
raw_A_BB,1176,0.10000000000426638
raw_A_BB,1177,0.10000000000425581
raw_A_BB,1178,0.10000000000423005
raw_A_BB,1179,0.10000000000421135
raw_A_BB,1180,0.10000000000420853
raw_A_BB,1181,0.10000000000418072
raw_A_BB,1182,0.10000000000415445
raw_A_BB,1183,0.10000000000414068
raw_A_BB,1184,0.10000000000412096
raw_A_BB,1185,0.10000000000410002
raw_A_BB,1186,0.10000000000407566
raw_A_BB,1187,0.1000000000040464
raw_A_BB,1188,0.10000000000402667
raw_A_BB,1189,0.10000000000401288
raw_A_BB,1190,0.10000000000397809
raw_A_BB,1191,0.10000000000396479
raw_A_BB,1192,0.10000000000394328
raw_A_BB,1193,0.10000000000393029
raw_A_BB,1194,0.10000000000391422
raw_A_BB,1195,0.10000000000388011
raw_A_BB,1196,0.10000000000384845
raw_A_BB,1197,0.10000000000383737
raw_A_BB,1198,0.10000000000381747
raw_A_BB,1199,0.10000000000380685
raw_A_BB,1200,0.1000000000037952
raw_A_BB,1201,0.10000000000377546
raw_A_BB,1202,0.10000000000373842
raw_A_BB,1203,0.10000000000373133
raw_A_BB,1204,0.10000000000371016
raw_A_BB,1205,0.10000000000369236
raw_A_BB,1206,0.10000000000368847
raw_A_BB,1207,0.10000000000366273
raw_A_BB,1208,0.10000000000364352
raw_A_BB,1209,0.10000000000362728
raw_A_BB,1210,0.10000000000361202
raw_A_BB,1211,0.10000000000358106
raw_A_BB,1212,0.10000000000357169
raw_A_BB,1213,0.10000000000355172
raw_A_BB,1214,0.1000000000035274
raw_A_BB,1215,0.10000000000351314
raw_A_BB,1216,0.10000000000350051
raw_A_BB,1217,0.10000000000346075
raw_A_BB,1218,0.10000000000344943
raw_A_BB,1219,0.10000000000342305
raw_A_BB,1220,0.10000000000341146
raw_A_BB,1221,0.10000000000340566
raw_A_BB,1222,0.10000000000338084
raw_A_BB,1223,0.10000000000336415
raw_A_BB,1224,0.1000000000033484
raw_A_BB,1225,0.10000000000333177
raw_A_BB,1226,0.10000000000331745
raw_A_BB,1227,0.10000000000328758
raw_A_BB,1228,0.10000000000327855
raw_A_BB,1229,0.10000000000325146
raw_A_BB,1230,0.10000000000324036
raw_A_BB,1231,0.10000000000323593
raw_A_BB,1232,0.10000000000321864
raw_A_BB,1233,0.10000000000319825
raw_A_BB,1234,0.10000000000317628
raw_A_BB,1235,0.10000000000317157
raw_A_BB,1236,0.10000000000315527
raw_A_BB,1237,0.10000000000313018
raw_A_BB,1238,0.1000000000031178
raw_A_BB,1239,0.10000000000310028
raw_A_BB,1240,0.10000000000308756
raw_A_BB,1241,0.1000000000030653
raw_A_BB,1242,0.10000000000305459
raw_A_BB,1243,0.10000000000304968
raw_A_BB,1244,0.10000000000303313
raw_A_BB,1245,0.10000000000302268
raw_A_BB,1246,0.10000000000300649
raw_A_BB,1247,0.1000000000029932
raw_A_BB,1248,0.10000000000297384
raw_A_BB,1249,0.10000000000295475
raw_A_BB,1250,0.10000000000293542
raw_A_BB,1251,0.10000000000292393
raw_A_BB,1252,0.10000000000291705
raw_A_BB,1253,0.10000000000289185
raw_A_BB,1254,0.10000000000288307
raw_A_BB,1255,0.10000000000287394
raw_A_BB,1256,0.1000000000028591
raw_A_BB,1257,0.10000000000283961
raw_A_BB,1258,0.10000000000283098
raw_A_BB,1259,0.10000000000281058
raw_A_BB,1260,0.10000000000279756
raw_A_BB,1261,0.10000000000278529
raw_A_BB,1262,0.10000000000277355
raw_A_BB,1263,0.10000000000276281
raw_A_BB,1264,0.10000000000275164
raw_A_BB,1265,0.10000000000273646
raw_A_BB,1266,0.10000000000272717
raw_A_BB,1267,0.10000000000270276
raw_A_BB,1268,0.10000000000269149
raw_A_BB,1269,0.10000000000267513
raw_A_BB,1270,0.10000000000266539
raw_A_BB,1271,0.10000000000265392
raw_A_BB,1272,0.10000000000263534
raw_A_BB,1273,0.10000000000262466
raw_A_BB,1274,0.1000000000026186
raw_A_BB,1275,0.10000000000259424
raw_A_BB,1276,0.10000000000258126
raw_A_BB,1277,0.10000000000256773
raw_A_BB,1278,0.10000000000255961
raw_A_BB,1279,0.1000000000025519
raw_A_BB,1280,0.10000000000254047
raw_A_BB,1281,0.10000000000251917
raw_A_BB,1282,0.10000000000251377
raw_A_BB,1283,0.10000000000249298
raw_A_BB,1284,0.10000000000248023
raw_A_BB,1285,0.10000000000246978
raw_A_BB,1286,0.10000000000245485
raw_A_BB,1287,0.10000000000244498
raw_A_BB,1288,0.10000000000243488
raw_A_BB,1289,0.10000000000242906
raw_A_BB,1290,0.10000000000241628
raw_A_BB,1291,0.10000000000239968
raw_A_BB,1292,0.10000000000239381
raw_A_BB,1293,0.10000000000238472
raw_A_BB,1294,0.10000000000236381
raw_A_BB,1295,0.10000000000235104
raw_A_BB,1296,0.10000000000233501
raw_A_BB,1297,0.10000000000232291
raw_A_BB,1298,0.10000000000231413
raw_A_BB,1299,0.1000000000023049
raw_A_BB,1300,0.10000000000230332
raw_A_BB,1301,0.10000000000229226
raw_A_BB,1302,0.10000000000227123
raw_A_BB,1303,0.10000000000226299
raw_A_BB,1304,0.10000000000224209
raw_A_BB,1305,0.10000000000223395
raw_A_BB,1306,0.10000000000222231
raw_A_BB,1307,0.10000000000221362
raw_A_BB,1308,0.10000000000219926
raw_A_BB,1309,0.10000000000218809
raw_A_BB,1310,0.10000000000218023
raw_A_BB,1311,0.10000000000216717
raw_A_BB,1312,0.10000000000216047
raw_A_BB,1313,0.10000000000214905
raw_A_BB,1314,0.10000000000214114
raw_A_BB,1315,0.10000000000212526
raw_A_BB,1316,0.10000000000211742
raw_A_BB,1317,0.100000000002105
raw_A_BB,1318,0.10000000000209484
raw_A_BB,1319,0.10000000000208839
raw_A_BB,1320,0.10000000000207677
raw_A_BB,1321,0.10000000000207067
raw_A_BB,1322,0.10000000000205124
raw_A_BB,1323,0.100000000002046
raw_A_BB,1324,0.10000000000203428
raw_A_BB,1325,0.10000000000202577
raw_A_BB,1326,0.10000000000201666
raw_A_BB,1327,0.1000000000020108
raw_A_BB,1328,0.10000000000200247
raw_A_BB,1329,0.10000000000199029
raw_A_BB,1330,0.10000000000198533
raw_A_BB,1331,0.10000000000196914
raw_A_BB,1332,0.10000000000196155
raw_A_BB,1333,0.10000000000195162
raw_A_BB,1334,0.10000000000193987
raw_A_BB,1335,0.10000000000192621
raw_A_BB,1336,0.10000000000192157
raw_A_BB,1337,0.10000000000191166
raw_A_BB,1338,0.10000000000190146
raw_A_BB,1339,0.10000000000189095
raw_A_BB,1340,0.10000000000187724
raw_A_BB,1341,0.10000000000187192
raw_A_BB,1342,0.10000000000186254
raw_A_BB,1343,0.10000000000185882
raw_A_BB,1344,0.10000000000185034
raw_A_BB,1345,0.10000000000184284
raw_A_BB,1346,0.10000000000183457
raw_A_BB,1347,0.10000000000182813
raw_A_BB,1348,0.10000000000181727
raw_A_BB,1349,0.10000000000181013
raw_A_BB,1350,0.10000000000179944
raw_A_BB,1351,0.10000000000178663
raw_A_BB,1352,0.10000000000177456
raw_A_BB,1353,0.10000000000176748
raw_A_BB,1354,0.10000000000176172
raw_A_BB,1355,0.1000000000017445
raw_A_BB,1356,0.10000000000173703
raw_A_BB,1357,0.10000000000172937
raw_A_BB,1358,0.10000000000171565
raw_A_BB,1359,0.10000000000171308
raw_A_BB,1360,0.1000000000017083
raw_A_BB,1361,0.10000000000170206
raw_A_BB,1362,0.10000000000169477
raw_A_BB,1363,0.10000000000168284
raw_A_BB,1364,0.10000000000167378
raw_A_BB,1365,0.10000000000166222
raw_A_BB,1366,0.10000000000165761
raw_A_BB,1367,0.10000000000164821
raw_A_BB,1368,0.10000000000164226
raw_A_BB,1369,0.10000000000163162
raw_A_BB,1370,0.10000000000161807
raw_A_BB,1371,0.10000000000161434
raw_A_BB,1372,0.10000000000160819
raw_A_BB,1373,0.10000000000158746
raw_A_BB,1374,0.10000000000158528
raw_A_BB,1375,0.1000000000015761
raw_A_BB,1376,0.10000000000156822
raw_A_BB,1377,0.10000000000156278
raw_A_BB,1378,0.10000000000155364
raw_A_BB,1379,0.10000000000154807
raw_A_BB,1380,0.10000000000153973
raw_A_BB,1381,0.10000000000153124
raw_A_BB,1382,0.10000000000152777
raw_A_BB,1383,0.10000000000151885
raw_A_BB,1384,0.10000000000151454
raw_A_BB,1385,0.1000000000015112
raw_A_BB,1386,0.10000000000150128
raw_A_BB,1387,0.10000000000148765
raw_A_BB,1388,0.10000000000148147
raw_A_BB,1389,0.1000000000014773
raw_A_BB,1390,0.10000000000146748
raw_A_BB,1391,0.1000000000014545
raw_A_BB,1392,0.10000000000145111
raw_A_BB,1393,0.10000000000144499
raw_A_BB,1394,0.1000000000014415
raw_A_BB,1395,0.1000000000014333
raw_A_BB,1396,0.10000000000142312
raw_A_BB,1397,0.1000000000014116
raw_A_BB,1398,0.10000000000140571
raw_A_BB,1399,0.10000000000139982
raw_A_BB,1400,0.10000000000139479
raw_A_BB,1401,0.10000000000138284
raw_A_BB,1402,0.10000000000138048
raw_A_BB,1403,0.10000000000136992
raw_A_BB,1404,0.10000000000136483
raw_A_BB,1405,0.10000000000135927
raw_A_BB,1406,0.10000000000134775
raw_A_BB,1407,0.10000000000134225
raw_A_BB,1408,0.10000000000133341
raw_A_BB,1409,0.10000000000132306
raw_A_BB,1410,0.10000000000131996
raw_A_BB,1411,0.10000000000130752
raw_A_BB,1412,0.10000000000130599
raw_A_BB,1413,0.10000000000129404
raw_A_BB,1414,0.10000000000129007
raw_A_BB,1415,0.10000000000128347
raw_A_BB,1416,0.10000000000127587
raw_A_BB,1417,0.10000000000126749
raw_A_BB,1418,0.10000000000126393
raw_A_BB,1419,0.10000000000125316
raw_A_BB,1420,0.10000000000125067
raw_A_BB,1421,0.10000000000123746
raw_A_BB,1422,0.10000000000123287
raw_A_BB,1423,0.10000000000122754
raw_A_BB,1424,0.10000000000122036
raw_A_BB,1425,0.10000000000121398
raw_A_BB,1426,0.10000000000120687
raw_A_BB,1427,0.10000000000120171
raw_A_BB,1428,0.10000000000119223
raw_A_BB,1429,0.10000000000118583
raw_A_BB,1430,0.10000000000117368
raw_A_BB,1431,0.10000000000116678
raw_A_BB,1432,0.10000000000116498
raw_A_BB,1433,0.10000000000115752
raw_A_BB,1434,0.10000000000115343
raw_A_BB,1435,0.10000000000114599
raw_A_BB,1436,0.100000000001139
raw_A_BB,1437,0.10000000000113557
raw_A_BB,1438,0.10000000000112938
raw_A_BB,1439,0.100000000001127
raw_A_BB,1440,0.10000000000111617
raw_A_BB,1441,0.10000000000110953
raw_A_BB,1442,0.10000000000110343
raw_A_BB,1443,0.10000000000109917
raw_A_BB,1444,0.10000000000109065
raw_A_BB,1445,0.1000000000010789
raw_A_BB,1446,0.10000000000107359
raw_A_BB,1447,0.10000000000107062
raw_A_BB,1448,0.10000000000106311
raw_A_BB,1449,0.10000000000105833
raw_A_BB,1450,0.1000000000010504
raw_A_BB,1451,0.10000000000104362
raw_A_BB,1452,0.10000000000103773
raw_A_BB,1453,0.10000000000102785
raw_A_BB,1454,0.10000000000102505
raw_A_BB,1455,0.1000000000010208
raw_A_BB,1456,0.10000000000101758
raw_A_BB,1457,0.1000000000010122
raw_A_BB,1458,0.10000000000100258
raw_A_BB,1459,0.10000000000099625
raw_A_BB,1460,0.10000000000099053
raw_A_BB,1461,0.10000000000098658
raw_A_BB,1462,0.1000000000009749
raw_A_BB,1463,0.10000000000097095
raw_A_BB,1464,0.1000000000009682
raw_A_BB,1465,0.10000000000096071
raw_A_BB,1466,0.10000000000095666
raw_A_BB,1467,0.1000000000009515
raw_A_BB,1468,0.10000000000094378
raw_A_BB,1469,0.10000000000094081
raw_A_BB,1470,0.1000000000009354
raw_A_BB,1471,0.10000000000093039
raw_A_BB,1472,0.10000000000092094
raw_A_BB,1473,0.10000000000091468
raw_A_BB,1474,0.10000000000090752
raw_A_BB,1475,0.10000000000090238
raw_A_BB,1476,0.10000000000089825
raw_A_BB,1477,0.10000000000089099
raw_A_BB,1478,0.10000000000088728
raw_A_BB,1479,0.1000000000008838
raw_A_BB,1480,0.10000000000087703
raw_A_BB,1481,0.10000000000087315
raw_A_BB,1482,0.10000000000086591
raw_A_BB,1483,0.10000000000086239
raw_A_BB,1484,0.10000000000085528
raw_A_BB,1485,0.10000000000084762
raw_A_BB,1486,0.10000000000084164
raw_A_BB,1487,0.10000000000083853
raw_A_BB,1488,0.10000000000082808
raw_A_BB,1489,0.1000000000008245
raw_A_BB,1490,0.10000000000082215
raw_A_BB,1491,0.10000000000081738
raw_A_BB,1492,0.10000000000081014
raw_A_BB,1493,0.10000000000080524
raw_A_BB,1494,0.10000000000079878
raw_A_BB,1495,0.1000000000007947
raw_A_BB,1496,0.10000000000079211
raw_A_BB,1497,0.10000000000078671
raw_A_BB,1498,0.10000000000077931
raw_A_BB,1499,0.10000000000077482
raw_A_BB,1500,0.10000000000077114
raw_A_BB,1501,0.10000000000076471
raw_A_BB,1502,0.10000000000076205
raw_A_BB,1503,0.10000000000075561
raw_A_BB,1504,0.10000000000074978
raw_A_BB,1505,0.1000000000007423
raw_A_BB,1506,0.100000000000737
raw_A_BB,1507,0.10000000000073392
raw_A_BB,1508,0.10000000000072817
raw_A_BB,1509,0.10000000000072212
raw_A_BB,1510,0.10000000000071751
raw_A_BB,1511,0.10000000000071113
raw_A_BB,1512,0.10000000000070716
raw_A_BB,1513,0.10000000000070342
raw_A_BB,1514,0.10000000000069541
raw_A_BB,1515,0.10000000000068986
raw_A_BB,1516,0.1000000000006798
raw_A_BB,1517,0.10000000000067855
raw_A_BB,1518,0.10000000000067272
raw_A_BB,1519,0.1000000000006688
raw_A_BB,1520,0.10000000000066603
raw_A_BB,1521,0.10000000000066081
raw_A_BB,1522,0.1000000000006581
raw_A_BB,1523,0.10000000000064817
raw_A_BB,1524,0.10000000000064325
raw_A_BB,1525,0.10000000000064083
raw_A_BB,1526,0.10000000000063879
raw_A_BB,1527,0.10000000000063208
raw_A_BB,1528,0.10000000000062742
raw_A_BB,1529,0.10000000000062316
raw_A_BB,1530,0.10000000000061496
raw_A_BB,1531,0.10000000000061135
raw_A_BB,1532,0.10000000000060581
raw_A_BB,1533,0.1000000000006016
raw_A_BB,1534,0.10000000000059542
raw_A_BB,1535,0.10000000000059049
raw_A_BB,1536,0.1000000000005835
raw_A_BB,1537,0.10000000000058011
raw_A_BB,1538,0.10000000000057634
raw_A_BB,1539,0.10000000000057313
raw_A_BB,1540,0.10000000000056881
raw_A_BB,1541,0.10000000000056627
raw_A_BB,1542,0.10000000000056296
raw_A_BB,1543,0.1000000000005546
raw_A_BB,1544,0.10000000000054753
raw_A_BB,1545,0.10000000000054275
raw_A_BB,1546,0.1000000000005345
raw_A_BB,1547,0.10000000000053101
raw_A_BB,1548,0.10000000000052477
raw_A_BB,1549,0.10000000000052107
raw_A_BB,1550,0.10000000000051916
raw_A_BB,1551,0.10000000000051393
raw_A_BB,1552,0.1000000000005116
raw_A_BB,1553,0.10000000000050635
raw_A_BB,1554,0.10000000000050409
raw_A_BB,1555,0.10000000000049974
raw_A_BB,1556,0.10000000000049622
raw_A_BB,1557,0.10000000000048774
raw_A_BB,1558,0.10000000000048212
raw_A_BB,1559,0.10000000000047957
raw_A_BB,1560,0.10000000000047278
raw_A_BB,1561,0.10000000000046791
raw_A_BB,1562,0.1000000000004648
raw_A_BB,1563,0.10000000000046272
raw_A_BB,1564,0.10000000000046128
raw_A_BB,1565,0.10000000000045407
raw_A_BB,1566,0.10000000000045015
raw_A_BB,1567,0.10000000000044099
raw_A_BB,1568,0.10000000000043782
raw_A_BB,1569,0.10000000000043023
raw_A_BB,1570,0.10000000000042614
raw_A_BB,1571,0.10000000000042326
raw_A_BB,1572,0.10000000000042031
raw_A_BB,1573,0.10000000000041535
raw_A_BB,1574,0.10000000000041472
raw_A_BB,1575,0.1000000000004073
raw_A_BB,1576,0.10000000000040483
raw_A_BB,1577,0.10000000000039909
raw_A_BB,1578,0.1000000000003921
raw_A_BB,1579,0.10000000000039029
raw_A_BB,1580,0.10000000000038611
raw_A_BB,1581,0.1000000000003848
raw_A_BB,1582,0.10000000000038026
raw_A_BB,1583,0.10000000000037199
raw_A_BB,1584,0.10000000000036775
raw_A_BB,1585,0.10000000000036556
raw_A_BB,1586,0.10000000000036291
raw_A_BB,1587,0.1000000000003553
raw_A_BB,1588,0.10000000000035293
raw_A_BB,1589,0.10000000000034913
raw_A_BB,1590,0.1000000000003477
raw_A_BB,1591,0.10000000000034383
raw_A_BB,1592,0.1000000000003398
raw_A_BB,1593,0.10000000000033409
raw_A_BB,1594,0.10000000000033316
raw_A_BB,1595,0.10000000000032903
raw_A_BB,1596,0.10000000000032293
raw_A_BB,1597,0.1000000000003185
raw_A_BB,1598,0.10000000000031607
raw_A_BB,1599,0.10000000000030977
raw_A_BB,1600,0.10000000000030543
raw_A_BB,1601,0.10000000000029964
raw_A_BB,1602,0.1000000000002962
raw_A_BB,1603,0.10000000000029215
raw_A_BB,1604,0.10000000000029023
raw_A_BB,1605,0.10000000000028293
raw_A_BB,1606,0.10000000000027484
raw_A_BB,1607,0.1000000000002721
raw_A_BB,1608,0.10000000000026744
raw_A_BB,1609,0.10000000000026459
raw_A_BB,1610,0.10000000000026023
raw_A_BB,1611,0.1000000000002565
raw_A_BB,1612,0.10000000000024907
raw_A_BB,1613,0.10000000000024505
raw_A_BB,1614,0.10000000000024246
raw_A_BB,1615,0.10000000000023922
raw_A_BB,1616,0.10000000000023074
raw_A_BB,1617,0.10000000000022727
raw_A_BB,1618,0.10000000000022435
raw_A_BB,1619,0.10000000000021864
raw_A_BB,1620,0.10000000000021661
raw_A_BB,1621,0.10000000000021268
raw_A_BB,1622,0.10000000000020913
raw_A_BB,1623,0.10000000000020536
raw_A_BB,1624,0.10000000000020212
raw_A_BB,1625,0.1000000000001996
raw_A_BB,1626,0.10000000000019622
raw_A_BB,1627,0.10000000000019472
raw_A_BB,1628,0.10000000000019095
raw_A_BB,1629,0.10000000000018752
raw_A_BB,1630,0.10000000000018025
raw_A_BB,1631,0.10000000000017292
raw_A_BB,1632,0.1000000000001683
raw_A_BB,1633,0.10000000000016673
raw_A_BB,1634,0.10000000000016185
raw_A_BB,1635,0.10000000000015723
raw_A_BB,1636,0.10000000000015402
raw_A_BB,1637,0.10000000000015012
raw_A_BB,1638,0.10000000000014594
raw_A_BB,1639,0.10000000000014392
raw_A_BB,1640,0.10000000000013974
raw_A_BB,1641,0.10000000000013669
raw_A_BB,1642,0.10000000000013318
raw_A_BB,1643,0.10000000000012717
raw_A_BB,1644,0.10000000000012346
raw_A_BB,1645,0.10000000000012178
raw_A_BB,1646,0.10000000000011583
raw_A_BB,1647,0.10000000000011375
raw_A_BB,1648,0.10000000000010752
raw_A_BB,1649,0.10000000000010428
raw_A_BB,1650,0.10000000000009908
raw_A_BB,1651,0.10000000000009802
raw_A_BB,1652,0.10000000000008995
raw_A_BB,1653,0.1000000000000857
raw_A_BB,1654,0.10000000000008483
raw_A_BB,1655,0.10000000000007782
raw_A_BB,1656,0.10000000000007593
raw_A_BB,1657,0.10000000000007211
raw_A_BB,1658,0.10000000000006878
raw_A_BB,1659,0.10000000000006477
raw_A_BB,1660,0.10000000000005806
raw_A_BB,1661,0.10000000000005715
raw_A_BB,1662,0.10000000000004952
raw_A_BB,1663,0.10000000000004794
raw_A_BB,1664,0.1000000000000434
raw_A_BB,1665,0.10000000000003967
raw_A_BB,1666,0.1000000000000379
raw_A_BB,1667,0.10000000000003206
raw_A_BB,1668,0.10000000000002901
raw_A_BB,1669,0.10000000000002571
raw_A_BB,1670,0.10000000000002263
raw_A_BB,1671,0.10000000000001967
raw_A_BB,1672,0.10000000000001578
raw_A_BB,1673,0.10000000000001016
raw_A_BB,1674,0.10000000000000703
raw_A_BB,1675,0.10000000000000336
raw_A_BB,1676,0.10000000000000064
raw_A_BB,1677,0.09999999999999439
raw_A_BB,1678,0.09999999999999255
raw_A_BB,1679,0.09999999999998632
raw_A_BB,1680,0.09999999999998015
raw_A_BB,1681,0.09999999999997727
raw_A_BB,1682,0.0999999999999734
raw_A_BB,1683,0.09999999999996864
raw_A_BB,1684,0.0999999999999634
raw_A_BB,1685,0.09999999999995962
raw_A_BB,1686,0.09999999999995507
raw_A_BB,1687,0.099999999999951
raw_A_BB,1688,0.09999999999994669
raw_A_BB,1689,0.09999999999994524
raw_A_BB,1690,0.09999999999994272
raw_A_BB,1691,0.09999999999993879
raw_A_BB,1692,0.09999999999993135
raw_A_BB,1693,0.0999999999999294
raw_A_BB,1694,0.0999999999999264
raw_A_BB,1695,0.09999999999992361
raw_A_BB,1696,0.09999999999991623
raw_A_BB,1697,0.0999999999999115
raw_A_BB,1698,0.0999999999999105
raw_A_BB,1699,0.0999999999999071
raw_A_BB,1700,0.09999999999990503
raw_A_BB,1701,0.09999999999989916
raw_A_BB,1702,0.09999999999989553
raw_A_BB,1703,0.09999999999989108
raw_A_BB,1704,0.09999999999988722
raw_A_BB,1705,0.09999999999988296
raw_A_BB,1706,0.09999999999987942
raw_A_BB,1707,0.09999999999987523
raw_A_BB,1708,0.09999999999986907
raw_A_BB,1709,0.09999999999986672
raw_A_BB,1710,0.09999999999986087
raw_A_BB,1711,0.09999999999985769
raw_A_BB,1712,0.09999999999985426
raw_A_BB,1713,0.09999999999984997
raw_A_BB,1714,0.09999999999984414
raw_A_BB,1715,0.09999999999984047
raw_A_BB,1716,0.09999999999983493
raw_A_BB,1717,0.0999999999998321
raw_A_BB,1718,0.09999999999982764
raw_A_BB,1719,0.0999999999998252
raw_A_BB,1720,0.09999999999981965
raw_A_BB,1721,0.09999999999981712
raw_A_BB,1722,0.09999999999981181
raw_A_BB,1723,0.09999999999980964
raw_A_BB,1724,0.09999999999980418
raw_A_BB,1725,0.0999999999997979
raw_A_BB,1726,0.09999999999979632
raw_A_BB,1727,0.09999999999979355
raw_A_BB,1728,0.09999999999978641
raw_A_BB,1729,0.09999999999978364
raw_A_BB,1730,0.09999999999977946
raw_A_BB,1731,0.09999999999977702
raw_A_BB,1732,0.09999999999977383
raw_A_BB,1733,0.09999999999976511
raw_A_BB,1734,0.09999999999976324
raw_A_BB,1735,0.09999999999976149
raw_A_BB,1736,0.09999999999975877
raw_A_BB,1737,0.09999999999975115
raw_A_BB,1738,0.09999999999974828
raw_A_BB,1739,0.09999999999974077
raw_A_BB,1740,0.09999999999973753
raw_A_BB,1741,0.0999999999997343
raw_A_BB,1742,0.09999999999973
raw_A_BB,1743,0.09999999999972743
raw_A_BB,1744,0.09999999999972542
raw_A_BB,1745,0.09999999999972074
raw_A_BB,1746,0.09999999999971745
raw_A_BB,1747,0.09999999999971342
raw_A_BB,1748,0.0999999999997087
raw_A_BB,1749,0.09999999999970056
raw_A_BB,1750,0.09999999999969716
raw_A_BB,1751,0.09999999999969199
raw_A_BB,1752,0.09999999999968909
raw_A_BB,1753,0.09999999999968387
raw_A_BB,1754,0.09999999999968082
raw_A_BB,1755,0.09999999999967665
raw_A_BB,1756,0.09999999999967273
raw_A_BB,1757,0.09999999999966445
raw_A_BB,1758,0.09999999999966115
raw_A_BB,1759,0.09999999999965803
raw_A_BB,1760,0.09999999999965586
raw_A_BB,1761,0.09999999999964959
raw_A_BB,1762,0.09999999999964683
raw_A_BB,1763,0.0999999999996398
raw_A_BB,1764,0.09999999999963771
raw_A_BB,1765,0.0999999999996332
raw_A_BB,1766,0.09999999999962907
raw_A_BB,1767,0.0999999999996232
raw_A_BB,1768,0.09999999999961896
raw_A_BB,1769,0.09999999999961542
raw_A_BB,1770,0.09999999999961268
raw_A_BB,1771,0.09999999999960552
raw_A_BB,1772,0.09999999999960181
raw_A_BB,1773,0.09999999999959723
raw_A_BB,1774,0.09999999999959404
raw_A_BB,1775,0.09999999999958865
raw_A_BB,1776,0.09999999999958546
raw_A_BB,1777,0.09999999999957908
raw_A_BB,1778,0.09999999999957498
raw_A_BB,1779,0.09999999999956917
raw_A_BB,1780,0.09999999999956553
raw_A_BB,1781,0.09999999999956365
raw_A_BB,1782,0.09999999999955816
raw_A_BB,1783,0.09999999999955173
raw_A_BB,1784,0.0999999999995495
raw_A_BB,1785,0.09999999999954436
raw_A_BB,1786,0.09999999999954186
raw_A_BB,1787,0.09999999999953542
raw_A_BB,1788,0.0999999999995315
raw_A_BB,1789,0.09999999999952348
raw_A_BB,1790,0.09999999999952136
raw_A_BB,1791,0.09999999999951857
raw_A_BB,1792,0.09999999999950834
raw_A_BB,1793,0.09999999999950304
raw_A_BB,1794,0.09999999999949721
raw_A_BB,1795,0.09999999999949503
raw_A_BB,1796,0.09999999999949089
raw_A_BB,1797,0.09999999999948721
raw_A_BB,1798,0.09999999999948252
raw_A_BB,1799,0.09999999999947894
raw_A_BB,1800,0.09999999999947178
raw_A_BB,1801,0.09999999999946672
raw_A_BB,1802,0.09999999999946053
raw_A_BB,1803,0.09999999999945823
raw_A_BB,1804,0.09999999999945093
raw_A_BB,1805,0.09999999999944574
raw_A_BB,1806,0.09999999999944074
raw_A_BB,1807,0.09999999999943851
raw_A_BB,1808,0.09999999999943532
raw_A_BB,1809,0.09999999999942807
raw_A_BB,1810,0.09999999999942244
raw_A_BB,1811,0.09999999999941994
raw_A_BB,1812,0.0999999999994134
raw_A_BB,1813,0.09999999999940713
raw_A_BB,1814,0.09999999999940196
raw_A_BB,1815,0.09999999999939584
raw_A_BB,1816,0.09999999999939181
raw_A_BB,1817,0.0999999999993866
raw_A_BB,1818,0.09999999999938099
raw_A_BB,1819,0.09999999999937605
raw_A_BB,1820,0.09999999999937342
raw_A_BB,1821,0.09999999999936987
raw_A_BB,1822,0.09999999999936071
raw_A_BB,1823,0.09999999999935331
raw_A_BB,1824,0.0999999999993492
raw_A_BB,1825,0.09999999999934553
raw_A_BB,1826,0.0999999999993439
raw_A_BB,1827,0.09999999999933441
raw_A_BB,1828,0.09999999999932885
raw_A_BB,1829,0.09999999999932624
raw_A_BB,1830,0.09999999999932206
raw_A_BB,1831,0.09999999999931859
raw_A_BB,1832,0.0999999999993106
raw_A_BB,1833,0.09999999999930835
raw_A_BB,1834,0.09999999999930467
raw_A_BB,1835,0.09999999999929496
raw_A_BB,1836,0.09999999999929142
raw_A_BB,1837,0.09999999999928423
raw_A_BB,1838,0.09999999999927507
raw_A_BB,1839,0.09999999999927277
raw_A_BB,1840,0.09999999999926568
raw_A_BB,1841,0.09999999999925924
raw_A_BB,1842,0.09999999999925469
raw_A_BB,1843,0.09999999999925123
raw_A_BB,1844,0.09999999999924886
raw_A_BB,1845,0.09999999999924498
raw_A_BB,1846,0.09999999999923372
raw_A_BB,1847,0.09999999999923022
raw_A_BB,1848,0.09999999999922218
raw_A_BB,1849,0.09999999999921641
raw_A_BB,1850,0.09999999999921066
raw_A_BB,1851,0.09999999999920575
raw_A_BB,1852,0.09999999999919855
raw_A_BB,1853,0.09999999999919532
raw_A_BB,1854,0.09999999999918918
raw_A_BB,1855,0.0999999999991852
raw_A_BB,1856,0.09999999999917727
raw_A_BB,1857,0.0999999999991712
raw_A_BB,1858,0.0999999999991651
raw_A_BB,1859,0.09999999999916342
raw_A_BB,1860,0.09999999999915841
raw_A_BB,1861,0.09999999999915096
raw_A_BB,1862,0.099999999999143
raw_A_BB,1863,0.09999999999914196
raw_A_BB,1864,0.09999999999913346
raw_A_BB,1865,0.09999999999913266
raw_A_BB,1866,0.09999999999912812
raw_A_BB,1867,0.09999999999911738
raw_A_BB,1868,0.09999999999910986
raw_A_BB,1869,0.09999999999910475
raw_A_BB,1870,0.09999999999909942
raw_A_BB,1871,0.09999999999909538
raw_A_BB,1872,0.09999999999908947
raw_A_BB,1873,0.09999999999907672
raw_A_BB,1874,0.09999999999907375
raw_A_BB,1875,0.09999999999906678
raw_A_BB,1876,0.09999999999906234
raw_A_BB,1877,0.09999999999905408
raw_A_BB,1878,0.09999999999905046
raw_A_BB,1879,0.09999999999904069
raw_A_BB,1880,0.09999999999903528
raw_A_BB,1881,0.09999999999902924
raw_A_BB,1882,0.09999999999902279
raw_A_BB,1883,0.09999999999901811
raw_A_BB,1884,0.09999999999900862
raw_A_BB,1885,0.0999999999990034
raw_A_BB,1886,0.099999999998996
raw_A_BB,1887,0.09999999999898983
raw_A_BB,1888,0.09999999999898773
raw_A_BB,1889,0.0999999999989809
raw_A_BB,1890,0.09999999999897417
raw_A_BB,1891,0.09999999999896599
raw_A_BB,1892,0.09999999999895852
raw_A_BB,1893,0.09999999999895527
raw_A_BB,1894,0.0999999999989501
raw_A_BB,1895,0.0999999999989438
raw_A_BB,1896,0.09999999999893301
raw_A_BB,1897,0.09999999999892697
raw_A_BB,1898,0.09999999999891646
raw_A_BB,1899,0.09999999999891264
raw_A_BB,1900,0.09999999999890725
raw_A_BB,1901,0.09999999999890435
raw_A_BB,1902,0.0999999999989001
raw_A_BB,1903,0.09999999999888916
raw_A_BB,1904,0.09999999999888103
raw_A_BB,1905,0.09999999999887746
raw_A_BB,1906,0.09999999999887126
raw_A_BB,1907,0.09999999999886001
raw_A_BB,1908,0.09999999999885255
raw_A_BB,1909,0.09999999999884707
raw_A_BB,1910,0.0999999999988351
raw_A_BB,1911,0.09999999999882882
raw_A_BB,1912,0.09999999999882009
raw_A_BB,1913,0.09999999999881133
raw_A_BB,1914,0.09999999999880639
raw_A_BB,1915,0.09999999999880209
raw_A_BB,1916,0.09999999999879056
raw_A_BB,1917,0.09999999999878412
raw_A_BB,1918,0.09999999999878198
raw_A_BB,1919,0.0999999999987739
raw_A_BB,1920,0.09999999999876816
raw_A_BB,1921,0.0999999999987599
raw_A_BB,1922,0.0999999999987591
raw_A_BB,1923,0.09999999999875145
raw_A_BB,1924,0.0999999999987375
raw_A_BB,1925,0.09999999999873341
raw_A_BB,1926,0.09999999999872496
raw_A_BB,1927,0.09999999999871502
raw_A_BB,1928,0.09999999999870424
raw_A_BB,1929,0.09999999999870102
raw_A_BB,1930,0.09999999999869369
raw_A_BB,1931,0.0999999999986869
raw_A_BB,1932,0.0999999999986757
raw_A_BB,1933,0.09999999999866327
raw_A_BB,1934,0.0999999999986571
raw_A_BB,1935,0.09999999999864977
raw_A_BB,1936,0.09999999999864555
raw_A_BB,1937,0.0999999999986402
raw_A_BB,1938,0.09999999999863127
raw_A_BB,1939,0.09999999999862241
raw_A_BB,1940,0.09999999999861353
raw_A_BB,1941,0.09999999999860322
raw_A_BB,1942,0.09999999999858968
raw_A_BB,1943,0.09999999999858322
raw_A_BB,1944,0.09999999999857949
raw_A_BB,1945,0.09999999999856553
raw_A_BB,1946,0.0999999999985581
raw_A_BB,1947,0.09999999999854914
raw_A_BB,1948,0.09999999999854675
raw_A_BB,1949,0.09999999999853536
raw_A_BB,1950,0.09999999999853093
raw_A_BB,1951,0.09999999999852502
raw_A_BB,1952,0.0999999999985192
raw_A_BB,1953,0.0999999999985102
raw_A_BB,1954,0.0999999999985026
raw_A_BB,1955,0.09999999999849259
raw_A_BB,1956,0.0999999999984882
raw_A_BB,1957,0.09999999999847238
raw_A_BB,1958,0.09999999999846082
raw_A_BB,1959,0.0999999999984551
raw_A_BB,1960,0.09999999999844662
raw_A_BB,1961,0.09999999999844146
raw_A_BB,1962,0.09999999999842761
raw_A_BB,1963,0.0999999999984159
raw_A_BB,1964,0.09999999999840326
raw_A_BB,1965,0.0999999999983982
raw_A_BB,1966,0.09999999999839222
raw_A_BB,1967,0.09999999999838297
raw_A_BB,1968,0.09999999999837644
raw_A_BB,1969,0.09999999999836509
raw_A_BB,1970,0.09999999999835325
raw_A_BB,1971,0.09999999999834683
raw_A_BB,1972,0.09999999999834011
raw_A_BB,1973,0.09999999999832798
raw_A_BB,1974,0.09999999999831803
raw_A_BB,1975,0.09999999999830907
raw_A_BB,1976,0.09999999999830436
raw_A_BB,1977,0.09999999999829218
raw_A_BB,1978,0.09999999999828263
raw_A_BB,1979,0.09999999999827144
raw_A_BB,1980,0.09999999999826555
raw_A_BB,1981,0.09999999999825393
raw_A_BB,1982,0.09999999999824356
raw_A_BB,1983,0.0999999999982362
raw_A_BB,1984,0.09999999999822266
raw_A_BB,1985,0.09999999999821566
raw_A_BB,1986,0.0999999999982084
raw_A_BB,1987,0.09999999999819785
raw_A_BB,1988,0.09999999999819285
raw_A_BB,1989,0.09999999999817986
raw_A_BB,1990,0.09999999999817774
raw_A_BB,1991,0.09999999999815773
raw_A_BB,1992,0.0999999999981493
raw_A_BB,1993,0.09999999999814291
raw_A_BB,1994,0.09999999999813326
raw_A_BB,1995,0.0999999999981202
raw_A_BB,1996,0.09999999999810989
raw_A_BB,1997,0.09999999999810262
raw_A_BB,1998,0.09999999999809472
raw_A_BB,1999,0.09999999999808278
raw_A_BB,2000,0.09999999999806997
raw_A_BB,2001,0.09999999999805852
raw_A_BB,2002,0.09999999999805588
raw_A_BB,2003,0.09999999999804918
raw_A_BB,2004,0.099999999998043
raw_A_BB,2005,0.0999999999980323
raw_A_BB,2006,0.09999999999801742
raw_A_BB,2007,0.09999999999801408
raw_A_BB,2008,0.09999999999798974
raw_A_BB,2009,0.09999999999798476
raw_A_BB,2010,0.09999999999797261
raw_A_BB,2011,0.09999999999795835
raw_A_BB,2012,0.09999999999795472
raw_A_BB,2013,0.09999999999794919
raw_A_BB,2014,0.09999999999793484
raw_A_BB,2015,0.09999999999791861
raw_A_BB,2016,0.0999999999979146
raw_A_BB,2017,0.09999999999790442
raw_A_BB,2018,0.09999999999788328
raw_A_BB,2019,0.09999999999787232
raw_A_BB,2020,0.0999999999978661
raw_A_BB,2021,0.09999999999785861
raw_A_BB,2022,0.09999999999785279
raw_A_BB,2023,0.09999999999783152
raw_A_BB,2024,0.0999999999978169
raw_A_BB,2025,0.09999999999779867
raw_A_BB,2026,0.099999999997791
raw_A_BB,2027,0.0999999999977847
raw_A_BB,2028,0.09999999999777844
raw_A_BB,2029,0.09999999999776493
raw_A_BB,2030,0.09999999999775343
raw_A_BB,2031,0.09999999999774913
raw_A_BB,2032,0.09999999999773232
raw_A_BB,2033,0.09999999999772069
raw_A_BB,2034,0.09999999999771132
raw_A_BB,2035,0.09999999999769463
raw_A_BB,2036,0.09999999999767867
raw_A_BB,2037,0.09999999999766535
raw_A_BB,2038,0.09999999999765809
raw_A_BB,2039,0.09999999999764579
raw_A_BB,2040,0.09999999999763189
raw_A_BB,2041,0.09999999999762227
raw_A_BB,2042,0.09999999999761501
raw_A_BB,2043,0.0999999999976045
raw_A_BB,2044,0.09999999999759351
raw_A_BB,2045,0.09999999999757056
raw_A_BB,2046,0.09999999999755965
raw_A_BB,2047,0.09999999999754815
raw_A_BB,2048,0.09999999999753076
raw_A_BB,2049,0.0999999999975169
raw_A_BB,2050,0.09999999999750692
raw_A_BB,2051,0.09999999999749684
raw_A_BB,2052,0.09999999999747539
raw_A_BB,2053,0.09999999999746902
raw_A_BB,2054,0.09999999999745121
raw_A_BB,2055,0.09999999999743535
raw_A_BB,2056,0.09999999999742437
raw_A_BB,2057,0.09999999999741263
raw_A_BB,2058,0.09999999999739843
raw_A_BB,2059,0.0999999999973792
raw_A_BB,2060,0.09999999999736914
raw_A_BB,2061,0.0999999999973563
raw_A_BB,2062,0.09999999999734514
raw_A_BB,2063,0.09999999999733508
raw_A_BB,2064,0.0999999999973164
raw_A_BB,2065,0.09999999999729785
raw_A_BB,2066,0.09999999999728751
raw_A_BB,2067,0.09999999999726113
raw_A_BB,2068,0.09999999999725048
raw_A_BB,2069,0.09999999999722378
raw_A_BB,2070,0.09999999999720913
raw_A_BB,2071,0.09999999999718873
raw_A_BB,2072,0.09999999999717873
raw_A_BB,2073,0.09999999999717049
raw_A_BB,2074,0.09999999999715009
raw_A_BB,2075,0.09999999999713222
raw_A_BB,2076,0.09999999999712231
raw_A_BB,2077,0.09999999999709072
raw_A_BB,2078,0.09999999999708571
raw_A_BB,2079,0.09999999999707836
raw_A_BB,2080,0.09999999999706241
raw_A_BB,2081,0.09999999999704105
raw_A_BB,2082,0.09999999999702948
raw_A_BB,2083,0.09999999999701292
raw_A_BB,2084,0.09999999999700215
raw_A_BB,2085,0.09999999999698875
raw_A_BB,2086,0.09999999999697103
raw_A_BB,2087,0.09999999999695902
raw_A_BB,2088,0.09999999999693905
raw_A_BB,2089,0.09999999999692345
raw_A_BB,2090,0.09999999999690948
raw_A_BB,2091,0.09999999999687822
raw_A_BB,2092,0.09999999999686106
raw_A_BB,2093,0.0999999999968485
raw_A_BB,2094,0.09999999999681772
raw_A_BB,2095,0.09999999999680012
raw_A_BB,2096,0.09999999999678859
raw_A_BB,2097,0.09999999999676276
raw_A_BB,2098,0.09999999999675091
raw_A_BB,2099,0.09999999999674429
raw_A_BB,2100,0.09999999999672275
raw_A_BB,2101,0.09999999999669348
raw_A_BB,2102,0.09999999999667797
raw_A_BB,2103,0.0999999999966676
raw_A_BB,2104,0.09999999999665064
raw_A_BB,2105,0.09999999999663205
raw_A_BB,2106,0.09999999999660834
raw_A_BB,2107,0.09999999999659476
raw_A_BB,2108,0.09999999999657662
raw_A_BB,2109,0.09999999999655443
raw_A_BB,2110,0.09999999999653114
raw_A_BB,2111,0.09999999999650537
raw_A_BB,2112,0.09999999999649044
raw_A_BB,2113,0.09999999999647935
raw_A_BB,2114,0.09999999999646071
raw_A_BB,2115,0.09999999999645062
raw_A_BB,2116,0.09999999999642736
raw_A_BB,2117,0.09999999999640515
raw_A_BB,2118,0.09999999999638505
raw_A_BB,2119,0.0999999999963692
raw_A_BB,2120,0.09999999999634755
raw_A_BB,2121,0.09999999999631592
raw_A_BB,2122,0.09999999999630861
raw_A_BB,2123,0.0999999999962832
raw_A_BB,2124,0.09999999999625489
raw_A_BB,2125,0.09999999999623664
raw_A_BB,2126,0.09999999999620685
raw_A_BB,2127,0.0999999999961854
raw_A_BB,2128,0.09999999999616264
raw_A_BB,2129,0.09999999999614893
raw_A_BB,2130,0.09999999999611855
raw_A_BB,2131,0.09999999999610361
raw_A_BB,2132,0.09999999999607195
raw_A_BB,2133,0.09999999999605529
raw_A_BB,2134,0.09999999999603684
raw_A_BB,2135,0.0999999999959972
raw_A_BB,2136,0.09999999999597736
raw_A_BB,2137,0.09999999999594192
raw_A_BB,2138,0.09999999999593841
raw_A_BB,2139,0.09999999999592028
raw_A_BB,2140,0.09999999999590188
raw_A_BB,2141,0.0999999999958815
raw_A_BB,2142,0.09999999999586333
raw_A_BB,2143,0.09999999999584028
raw_A_BB,2144,0.09999999999582573
raw_A_BB,2145,0.0999999999957921
raw_A_BB,2146,0.09999999999575736
raw_A_BB,2147,0.0999999999957361
raw_A_BB,2148,0.0999999999957033
raw_A_BB,2149,0.09999999999569315
raw_A_BB,2150,0.09999999999565763
raw_A_BB,2151,0.09999999999563751
raw_A_BB,2152,0.09999999999559078
raw_A_BB,2153,0.0999999999955771
raw_A_BB,2154,0.09999999999553845
raw_A_BB,2155,0.09999999999553479
raw_A_BB,2156,0.09999999999550915
raw_A_BB,2157,0.09999999999547624
raw_A_BB,2158,0.0999999999954359
raw_A_BB,2159,0.09999999999542313
raw_A_BB,2160,0.09999999999539144
raw_A_BB,2161,0.09999999999537502
raw_A_BB,2162,0.09999999999533869
raw_A_BB,2163,0.09999999999532179
raw_A_BB,2164,0.09999999999528485
raw_A_BB,2165,0.09999999999526359
raw_A_BB,2166,0.09999999999523641
raw_A_BB,2167,0.09999999999520351
raw_A_BB,2168,0.09999999999516329
raw_A_BB,2169,0.09999999999514339
raw_A_BB,2170,0.09999999999512069
raw_A_BB,2171,0.09999999999508227
raw_A_BB,2172,0.09999999999505967
raw_A_BB,2173,0.09999999999503184
raw_A_BB,2174,0.09999999999500189
raw_A_BB,2175,0.09999999999496903
raw_A_BB,2176,0.09999999999494692
raw_A_BB,2177,0.09999999999492526
raw_A_BB,2178,0.09999999999486334
raw_A_BB,2179,0.09999999999484169
raw_A_BB,2180,0.09999999999480023
raw_A_BB,2181,0.09999999999477985
raw_A_BB,2182,0.09999999999474773
raw_A_BB,2183,0.09999999999473203
raw_A_BB,2184,0.0999999999946976
raw_A_BB,2185,0.0999999999946648
raw_A_BB,2186,0.09999999999461404
raw_A_BB,2187,0.09999999999458854
raw_A_BB,2188,0.09999999999454807
raw_A_BB,2189,0.0999999999945288
raw_A_BB,2190,0.09999999999447592
raw_A_BB,2191,0.0999999999944389
raw_A_BB,2192,0.099999999994412
raw_A_BB,2193,0.0999999999943805
raw_A_BB,2194,0.09999999999435712
raw_A_BB,2195,0.09999999999430138
raw_A_BB,2196,0.09999999999427713
raw_A_BB,2197,0.09999999999422962
raw_A_BB,2198,0.09999999999420632
raw_A_BB,2199,0.09999999999417322
raw_A_BB,2200,0.09999999999412712
raw_A_BB,2201,0.09999999999408113
raw_A_BB,2202,0.09999999999406035
raw_A_BB,2203,0.09999999999401465
raw_A_BB,2204,0.09999999999396225
raw_A_BB,2205,0.09999999999391714
raw_A_BB,2206,0.09999999999388703
raw_A_BB,2207,0.09999999999386322
raw_A_BB,2208,0.09999999999384256
raw_A_BB,2209,0.09999999999381264
raw_A_BB,2210,0.09999999999375088
raw_A_BB,2211,0.09999999999372315
raw_A_BB,2212,0.09999999999368987
raw_A_BB,2213,0.0999999999936506
raw_A_BB,2214,0.099999999993619
raw_A_BB,2215,0.09999999999355565
raw_A_BB,2216,0.0999999999935008
raw_A_BB,2217,0.09999999999346662
raw_A_BB,2218,0.09999999999343287
raw_A_BB,2219,0.09999999999338084
raw_A_BB,2220,0.09999999999334816
raw_A_BB,2221,0.09999999999328632
raw_A_BB,2222,0.09999999999321164
raw_A_BB,2223,0.09999999999317528
raw_A_BB,2224,0.09999999999314728
raw_A_BB,2225,0.09999999999309934
raw_A_BB,2226,0.099999999993057
raw_A_BB,2227,0.09999999999302486
raw_A_BB,2228,0.09999999999300611
raw_A_BB,2229,0.09999999999291684
raw_A_BB,2230,0.09999999999288496
raw_A_BB,2231,0.09999999999284874
raw_A_BB,2232,0.09999999999282791
raw_A_BB,2233,0.09999999999280382
raw_A_BB,2234,0.09999999999272978
raw_A_BB,2235,0.09999999999269324
raw_A_BB,2236,0.09999999999260847
raw_A_BB,2237,0.09999999999257803
raw_A_BB,2238,0.099999999992529
raw_A_BB,2239,0.09999999999248048
raw_A_BB,2240,0.09999999999243328
raw_A_BB,2241,0.09999999999234621
raw_A_BB,2242,0.09999999999232484
raw_A_BB,2243,0.09999999999226655
raw_A_BB,2244,0.0999999999922267
raw_A_BB,2245,0.09999999999218692
raw_A_BB,2246,0.09999999999213989
raw_A_BB,2247,0.0999999999920776
raw_A_BB,2248,0.09999999999202985
raw_A_BB,2249,0.09999999999198558
raw_A_BB,2250,0.09999999999192767
raw_A_BB,2251,0.09999999999186537
raw_A_BB,2252,0.09999999999180668
raw_A_BB,2253,0.0999999999917723
raw_A_BB,2254,0.09999999999171343
raw_A_BB,2255,0.09999999999161166
raw_A_BB,2256,0.0999999999914977
raw_A_BB,2257,0.09999999999144969
raw_A_BB,2258,0.0999999999913695
raw_A_BB,2259,0.0999999999913179
raw_A_BB,2260,0.09999999999125267
raw_A_BB,2261,0.09999999999121757
raw_A_BB,2262,0.09999999999115974
raw_A_BB,2263,0.0999999999911269
raw_A_BB,2264,0.099999999991064
raw_A_BB,2265,0.09999999999102249
raw_A_BB,2266,0.09999999999096217
raw_A_BB,2267,0.09999999999086584
raw_A_BB,2268,0.09999999999080339
raw_A_BB,2269,0.09999999999071933
raw_A_BB,2270,0.09999999999068065
raw_A_BB,2271,0.09999999999062913
raw_A_BB,2272,0.09999999999056564
raw_A_BB,2273,0.09999999999047463
raw_A_BB,2274,0.09999999999044262
raw_A_BB,2275,0.09999999999038468
raw_A_BB,2276,0.09999999999032261
raw_A_BB,2277,0.09999999999021972
raw_A_BB,2278,0.09999999999017709
raw_A_BB,2279,0.09999999999010234
raw_A_BB,2280,0.09999999999003546
raw_A_BB,2281,0.09999999998994108
raw_A_BB,2282,0.09999999998987814
raw_A_BB,2283,0.09999999998982345
raw_A_BB,2284,0.09999999998970278
raw_A_BB,2285,0.09999999998963265
raw_A_BB,2286,0.09999999998956516
raw_A_BB,2287,0.09999999998951745
raw_A_BB,2288,0.09999999998938784
raw_A_BB,2289,0.09999999998933246
raw_A_BB,2290,0.09999999998929401
raw_A_BB,2291,0.09999999998921127
raw_A_BB,2292,0.0999999999890629
raw_A_BB,2293,0.09999999998899026
raw_A_BB,2294,0.09999999998892385
raw_A_BB,2295,0.09999999998886573
raw_A_BB,2296,0.0999999999887748
raw_A_BB,2297,0.0999999999886779
raw_A_BB,2298,0.09999999998861131
raw_A_BB,2299,0.09999999998849206
raw_A_BB,2300,0.09999999998840446
raw_A_BB,2301,0.09999999998827944
raw_A_BB,2302,0.09999999998819543
raw_A_BB,2303,0.09999999998810774
raw_A_BB,2304,0.09999999998800246
raw_A_BB,2305,0.09999999998795295
raw_A_BB,2306,0.0999999999878012
raw_A_BB,2307,0.09999999998774284
raw_A_BB,2308,0.09999999998768096
raw_A_BB,2309,0.09999999998753767
raw_A_BB,2310,0.09999999998741914
raw_A_BB,2311,0.09999999998736132
raw_A_BB,2312,0.09999999998725717
raw_A_BB,2313,0.09999999998718309
raw_A_BB,2314,0.09999999998704585
raw_A_BB,2315,0.0999999999869948
raw_A_BB,2316,0.09999999998683866
raw_A_BB,2317,0.09999999998668084
raw_A_BB,2318,0.09999999998665042
raw_A_BB,2319,0.09999999998656593
raw_A_BB,2320,0.09999999998645251
raw_A_BB,2321,0.09999999998635901
raw_A_BB,2322,0.09999999998626269
raw_A_BB,2323,0.09999999998620343
raw_A_BB,2324,0.09999999998599228
raw_A_BB,2325,0.09999999998585384
raw_A_BB,2326,0.09999999998576274
raw_A_BB,2327,0.09999999998558477
raw_A_BB,2328,0.0999999999854769
raw_A_BB,2329,0.09999999998539462
raw_A_BB,2330,0.09999999998529105
raw_A_BB,2331,0.09999999998517024
raw_A_BB,2332,0.09999999998499971
raw_A_BB,2333,0.09999999998489693
raw_A_BB,2334,0.09999999998484402
raw_A_BB,2335,0.09999999998473924
raw_A_BB,2336,0.09999999998466595
raw_A_BB,2337,0.099999999984618
raw_A_BB,2338,0.0999999999843273
raw_A_BB,2339,0.09999999998419569
raw_A_BB,2340,0.09999999998405958
raw_A_BB,2341,0.09999999998396378
raw_A_BB,2342,0.09999999998380962
raw_A_BB,2343,0.09999999998366445
raw_A_BB,2344,0.09999999998350398
raw_A_BB,2345,0.09999999998339593
raw_A_BB,2346,0.0999999999832681
raw_A_BB,2347,0.09999999998313762
raw_A_BB,2348,0.09999999998302818
raw_A_BB,2349,0.09999999998284662
raw_A_BB,2350,0.09999999998275447
raw_A_BB,2351,0.09999999998264904
raw_A_BB,2352,0.09999999998244065
raw_A_BB,2353,0.0999999999822703
raw_A_BB,2354,0.09999999998218637
raw_A_BB,2355,0.09999999998195824
raw_A_BB,2356,0.09999999998183305
raw_A_BB,2357,0.09999999998168793
raw_A_BB,2358,0.09999999998132678
raw_A_BB,2359,0.09999999998131003
raw_A_BB,2360,0.09999999998114781
raw_A_BB,2361,0.09999999998101979
raw_A_BB,2362,0.09999999998091223
raw_A_BB,2363,0.09999999998057008
raw_A_BB,2364,0.09999999998047757
raw_A_BB,2365,0.09999999998039319
raw_A_BB,2366,0.09999999997998082
raw_A_BB,2367,0.09999999997984292
raw_A_BB,2368,0.09999999997976139
raw_A_BB,2369,0.09999999997945115
raw_A_BB,2370,0.09999999997922848
raw_A_BB,2371,0.0999999999788936
raw_A_BB,2372,0.09999999997874919
raw_A_BB,2373,0.09999999997866978
raw_A_BB,2374,0.09999999997833675
raw_A_BB,2375,0.0999999999782681
raw_A_BB,2376,0.09999999997809421
raw_A_BB,2377,0.09999999997780025
raw_A_BB,2378,0.09999999997770422
raw_A_BB,2379,0.09999999997748399
raw_A_BB,2380,0.09999999997721153
raw_A_BB,2381,0.09999999997683792
raw_A_BB,2382,0.09999999997665962
raw_A_BB,2383,0.09999999997654403
raw_A_BB,2384,0.09999999997622862
raw_A_BB,2385,0.0999999999759278
raw_A_BB,2386,0.09999999997586971
raw_A_BB,2387,0.09999999997545611
raw_A_BB,2388,0.09999999997513778
raw_A_BB,2389,0.09999999997481697
raw_A_BB,2390,0.09999999997465059
raw_A_BB,2391,0.0999999999744664
raw_A_BB,2392,0.09999999997412597
raw_A_BB,2393,0.09999999997395104
raw_A_BB,2394,0.09999999997372784
raw_A_BB,2395,0.09999999997352574
raw_A_BB,2396,0.09999999997303866
raw_A_BB,2397,0.0999999999725279
raw_A_BB,2398,0.09999999997241238
raw_A_BB,2399,0.09999999997217976
raw_A_BB,2400,0.09999999997170146
raw_A_BB,2401,0.09999999997151393
raw_A_BB,2402,0.09999999997105698
raw_A_BB,2403,0.09999999997095817
raw_A_BB,2404,0.09999999997044963
raw_A_BB,2405,0.09999999997004691
raw_A_BB,2406,0.09999999996988695
raw_A_BB,2407,0.0999999999696856
raw_A_BB,2408,0.09999999996941858
raw_A_BB,2409,0.099999999969036
raw_A_BB,2410,0.09999999996840474
raw_A_BB,2411,0.09999999996819449
raw_A_BB,2412,0.09999999996785239
raw_A_BB,2413,0.09999999996738629
raw_A_BB,2414,0.09999999996716924
raw_A_BB,2415,0.0999999999667646
raw_A_BB,2416,0.09999999996649653
raw_A_BB,2417,0.09999999996626925
raw_A_BB,2418,0.09999999996591248
raw_A_BB,2419,0.09999999996556112
raw_A_BB,2420,0.09999999996499861
raw_A_BB,2421,0.09999999996436504
raw_A_BB,2422,0.09999999996412931
raw_A_BB,2423,0.09999999996369473
raw_A_BB,2424,0.09999999996335318
raw_A_BB,2425,0.09999999996296959
raw_A_BB,2426,0.0999999999624981
raw_A_BB,2427,0.09999999996215714
raw_A_BB,2428,0.09999999996177074
raw_A_BB,2429,0.09999999996095853
raw_A_BB,2430,0.0999999999603814
raw_A_BB,2431,0.09999999996004795
raw_A_BB,2432,0.09999999995977829
raw_A_BB,2433,0.09999999995925492
raw_A_BB,2434,0.09999999995869015
raw_A_BB,2435,0.09999999995810904
raw_A_BB,2436,0.09999999995772889
raw_A_BB,2437,0.09999999995741311
raw_A_BB,2438,0.0999999999566904
raw_A_BB,2439,0.09999999995617771
raw_A_BB,2440,0.09999999995570116
raw_A_BB,2441,0.09999999995544061
raw_A_BB,2442,0.09999999995463406
raw_A_BB,2443,0.09999999995439918
raw_A_BB,2444,0.09999999995382645
raw_A_BB,2445,0.09999999995300989
raw_A_BB,2446,0.09999999995281064
raw_A_BB,2447,0.09999999995212028
raw_A_BB,2448,0.09999999995137536
raw_A_BB,2449,0.09999999995104648
raw_A_BB,2450,0.09999999995053659
raw_A_BB,2451,0.09999999994985113
raw_A_BB,2452,0.09999999994924413
raw_A_BB,2453,0.09999999994844223
raw_A_BB,2454,0.09999999994795017
raw_A_BB,2455,0.09999999994695916
raw_A_BB,2456,0.09999999994642648
raw_A_BB,2457,0.09999999994547397
raw_A_BB,2458,0.09999999994500518
raw_A_BB,2459,0.09999999994437819
raw_A_BB,2460,0.09999999994393564
raw_A_BB,2461,0.09999999994326618
raw_A_BB,2462,0.09999999994286099
raw_A_BB,2463,0.09999999994231283
raw_A_BB,2464,0.0999999999412089
raw_A_BB,2465,0.0999999999399479
raw_A_BB,2466,0.09999999993903835
raw_A_BB,2467,0.09999999993781113
raw_A_BB,2468,0.09999999993743516
raw_A_BB,2469,0.09999999993683557
raw_A_BB,2470,0.09999999993642517
raw_A_BB,2471,0.09999999993482327
raw_A_BB,2472,0.09999999993440588
raw_A_BB,2473,0.0999999999335362
raw_A_BB,2474,0.09999999993261502
raw_A_BB,2475,0.09999999993091757
raw_A_BB,2476,0.09999999993012489
raw_A_BB,2477,0.09999999992942436
raw_A_BB,2478,0.0999999999282503
raw_A_BB,2479,0.09999999992726384
raw_A_BB,2480,0.09999999992640694
raw_A_BB,2481,0.099999999925153
raw_A_BB,2482,0.09999999992351541
raw_A_BB,2483,0.09999999992258177
raw_A_BB,2484,0.09999999992151551
raw_A_BB,2485,0.09999999992032882
raw_A_BB,2486,0.09999999991918554
raw_A_BB,2487,0.09999999991724158
raw_A_BB,2488,0.0999999999162758
raw_A_BB,2489,0.09999999991520017
raw_A_BB,2490,0.09999999991314648
raw_A_BB,2491,0.09999999991257905
raw_A_BB,2492,0.09999999991143727
raw_A_BB,2493,0.09999999991019153
raw_A_BB,2494,0.09999999990863336
raw_A_BB,2495,0.0999999999071842
raw_A_BB,2496,0.09999999990658061
raw_A_BB,2497,0.09999999990477851
raw_A_BB,2498,0.09999999990338451
raw_A_BB,2499,0.09999999990238821
raw_A_BB,2500,0.09999999990071835
raw_A_BB,2501,0.09999999989936785
raw_A_BB,2502,0.09999999989762962
raw_A_BB,2503,0.0999999998959899
raw_A_BB,2504,0.09999999989322582
raw_A_BB,2505,0.09999999989176607
raw_A_BB,2506,0.09999999989047324
raw_A_BB,2507,0.09999999988710945
raw_A_BB,2508,0.09999999988526882
raw_A_BB,2509,0.09999999988347026
raw_A_BB,2510,0.09999999988048587
raw_A_BB,2511,0.09999999987880462
raw_A_BB,2512,0.099999999876675
raw_A_BB,2513,0.09999999987325041
raw_A_BB,2514,0.09999999987144179
raw_A_BB,2515,0.09999999986934369
raw_A_BB,2516,0.09999999986563718
raw_A_BB,2517,0.0999999998632291
raw_A_BB,2518,0.0999999998616058
raw_A_BB,2519,0.09999999985775877
raw_A_BB,2520,0.0999999998562795
raw_A_BB,2521,0.09999999985468737
raw_A_BB,2522,0.0999999998534511
raw_A_BB,2523,0.09999999984961891
raw_A_BB,2524,0.09999999984545954
raw_A_BB,2525,0.09999999984233593
raw_A_BB,2526,0.09999999983938813
raw_A_BB,2527,0.09999999983613296
raw_A_BB,2528,0.09999999983234746
raw_A_BB,2529,0.09999999982746245
raw_A_BB,2530,0.09999999982332099
raw_A_BB,2531,0.09999999982136505
raw_A_BB,2532,0.099999999816868
raw_A_BB,2533,0.09999999981335307
raw_A_BB,2534,0.09999999980830786
raw_A_BB,2535,0.0999999998041505
raw_A_BB,2536,0.09999999980257274
raw_A_BB,2537,0.09999999979984839
raw_A_BB,2538,0.09999999979383462
raw_A_BB,2539,0.09999999978803534
raw_A_BB,2540,0.09999999978601523
raw_A_BB,2541,0.09999999977870005
raw_A_BB,2542,0.09999999977410388
raw_A_BB,2543,0.09999999977011668
raw_A_BB,2544,0.09999999976233001
raw_A_BB,2545,0.09999999975440378
raw_A_BB,2546,0.09999999974712323
raw_A_BB,2547,0.09999999973721634
raw_A_BB,2548,0.09999999972895575
raw_A_BB,2549,0.09999999971524622
raw_A_BB,2550,0.09999999970243344
raw_A_BB,2551,0.09999999969595522
raw_A_BB,2552,0.09999999968588622
raw_A_BB,2553,0.09999999967541026
raw_A_BB,2554,0.09999999966098809
raw_A_BB,2555,0.09999999964065712
raw_A_BB,2556,0.0999999996289188
raw_A_BB,2557,0.09999999961245803
raw_A_BB,2558,0.09999999960882132
raw_A_BB,2559,0.09999999957829367
raw_A_BB,2560,0.09999999955990589
raw_A_BB,2561,0.09999999954920626
raw_A_BB,2562,0.09999999953221281
raw_A_BB,2563,0.09999999952723956
raw_A_BB,2564,0.09999999949920368
raw_A_BB,2565,0.09999999948972238
raw_A_BB,2566,0.09999999943951765
raw_A_BB,2567,0.09999999942228097
raw_A_BB,2568,0.09999999941157571
raw_A_BB,2569,0.09999999938661015
raw_A_BB,2570,0.09999999933812675
raw_A_BB,2571,0.09999999932422451
raw_A_BB,2572,0.09999999926318805
raw_A_BB,2573,0.09999999919138383
raw_A_BB,2574,0.09999999912685152
raw_A_BB,2575,0.09999999905036039
raw_A_BB,2576,0.09999999893101974
raw_A_BB,2577,0.09999999884711791
raw_A_BB,2578,0.0999999987587239
raw_A_BB,2579,0.09999999866948722
raw_A_BB,2580,0.09999999860182106
raw_A_BB,2581,0.09999999850581735
raw_A_BB,2582,0.09999999832615301
raw_A_BB,2583,0.09999999817553817
raw_A_BB,2584,0.09999999806754363
raw_A_BB,2585,0.09999999791970143
raw_A_BB,2586,0.09999999775476687
raw_A_BB,2587,0.09999999763545826
raw_A_BB,2588,0.09999999712041246
raw_A_BB,2589,0.09999999702361215
raw_A_BB,2590,0.09999999667246566
raw_A_BB,2591,0.09999999633642427
raw_A_BB,2592,0.09999999577683509
raw_A_BB,2593,0.09999999552936155
raw_A_BB,2594,0.09999999505755441
raw_A_BB,2595,0.09999999479034487
raw_A_BB,2596,0.0999999937991965
raw_A_BB,2597,0.09999999288043637
raw_A_BB,2598,0.09999999251769028
raw_A_BB,2599,0.09999999179893868
raw_A_BB,2600,0.09999999059015292
raw_A_BB,2601,0.0999999862130917
ideal_box_eigenpro_corrected,1,1.0
ideal_box_eigenpro_corrected,2,1.0
ideal_box_eigenpro_corrected,3,1.0
ideal_box_eigenpro_corrected,4,1.0
ideal_box_eigenpro_corrected,5,1.0
ideal_box_eigenpro_corrected,6,1.0
ideal_box_eigenpro_corrected,7,1.0
ideal_box_eigenpro_corrected,8,1.0
ideal_box_eigenpro_corrected,9,1.0
ideal_box_eigenpro_corrected,10,1.0
ideal_box_eigenpro_corrected,11,1.0
ideal_box_eigenpro_corrected,12,1.0
ideal_box_eigenpro_corrected,13,1.0
ideal_box_eigenpro_corrected,14,1.0
ideal_box_eigenpro_corrected,15,1.0
ideal_box_eigenpro_corrected,16,1.0
ideal_box_eigenpro_corrected,17,1.0
ideal_box_eigenpro_corrected,18,1.0
ideal_box_eigenpro_corrected,19,1.0
ideal_box_eigenpro_corrected,20,1.0
ideal_box_eigenpro_corrected,21,1.0
ideal_box_eigenpro_corrected,22,1.0
ideal_box_eigenpro_corrected,23,1.0
ideal_box_eigenpro_corrected,24,1.0
ideal_box_eigenpro_corrected,25,1.0
ideal_box_eigenpro_corrected,26,1.0
ideal_box_eigenpro_corrected,27,1.0
ideal_box_eigenpro_corrected,28,1.0
ideal_box_eigenpro_corrected,29,1.0
ideal_box_eigenpro_corrected,30,1.0
ideal_box_eigenpro_corrected,31,1.0
ideal_box_eigenpro_corrected,32,1.0
ideal_box_eigenpro_corrected,33,1.0
ideal_box_eigenpro_corrected,34,1.0
ideal_box_eigenpro_corrected,35,1.0
ideal_box_eigenpro_corrected,36,1.0
ideal_box_eigenpro_corrected,37,1.0
ideal_box_eigenpro_corrected,38,1.0
ideal_box_eigenpro_corrected,39,1.0
ideal_box_eigenpro_corrected,40,1.0
ideal_box_eigenpro_corrected,41,1.0
ideal_box_eigenpro_corrected,42,1.0
ideal_box_eigenpro_corrected,43,1.0
ideal_box_eigenpro_corrected,44,1.0
ideal_box_eigenpro_corrected,45,1.0
ideal_box_eigenpro_corrected,46,1.0
ideal_box_eigenpro_corrected,47,1.0
ideal_box_eigenpro_corrected,48,1.0
ideal_box_eigenpro_corrected,49,1.0
ideal_box_eigenpro_corrected,50,1.0
ideal_box_eigenpro_corrected,51,1.0
ideal_box_eigenpro_corrected,52,1.0
ideal_box_eigenpro_corrected,53,1.0
ideal_box_eigenpro_corrected,54,1.0
ideal_box_eigenpro_corrected,55,1.0
ideal_box_eigenpro_corrected,56,1.0
ideal_box_eigenpro_corrected,57,1.0
ideal_box_eigenpro_corrected,58,1.0
ideal_box_eigenpro_corrected,59,1.0
ideal_box_eigenpro_corrected,60,1.0
ideal_box_eigenpro_corrected,61,1.0
ideal_box_eigenpro_corrected,62,1.0
ideal_box_eigenpro_corrected,63,1.0
ideal_box_eigenpro_corrected,64,1.0
ideal_box_eigenpro_corrected,65,1.0
ideal_box_eigenpro_corrected,66,1.0
ideal_box_eigenpro_corrected,67,1.0
ideal_box_eigenpro_corrected,68,1.0
ideal_box_eigenpro_corrected,69,1.0
ideal_box_eigenpro_corrected,70,1.0
ideal_box_eigenpro_corrected,71,1.0
ideal_box_eigenpro_corrected,72,1.0
ideal_box_eigenpro_corrected,73,1.0
ideal_box_eigenpro_corrected,74,1.0
ideal_box_eigenpro_corrected,75,1.0
ideal_box_eigenpro_corrected,76,1.0
ideal_box_eigenpro_corrected,77,1.0
ideal_box_eigenpro_corrected,78,1.0
ideal_box_eigenpro_corrected,79,1.0
ideal_box_eigenpro_corrected,80,1.0
ideal_box_eigenpro_corrected,81,1.0
ideal_box_eigenpro_corrected,82,1.0
ideal_box_eigenpro_corrected,83,1.0
ideal_box_eigenpro_corrected,84,1.0
ideal_box_eigenpro_corrected,85,1.0
ideal_box_eigenpro_corrected,86,1.0
ideal_box_eigenpro_corrected,87,1.0
ideal_box_eigenpro_corrected,88,1.0
ideal_box_eigenpro_corrected,89,1.0
ideal_box_eigenpro_corrected,90,1.0
ideal_box_eigenpro_corrected,91,1.0
ideal_box_eigenpro_corrected,92,1.0
ideal_box_eigenpro_corrected,93,1.0
ideal_box_eigenpro_corrected,94,1.0
ideal_box_eigenpro_corrected,95,1.0
ideal_box_eigenpro_corrected,96,1.0
ideal_box_eigenpro_corrected,97,1.0
ideal_box_eigenpro_corrected,98,1.0
ideal_box_eigenpro_corrected,99,1.0
ideal_box_eigenpro_corrected,100,1.0
ideal_box_eigenpro_corrected,101,1.0
ideal_box_eigenpro_corrected,102,1.0
ideal_box_eigenpro_corrected,103,1.0
ideal_box_eigenpro_corrected,104,1.0
ideal_box_eigenpro_corrected,105,1.0
ideal_box_eigenpro_corrected,106,1.0
ideal_box_eigenpro_corrected,107,1.0
ideal_box_eigenpro_corrected,108,1.0
ideal_box_eigenpro_corrected,109,1.0
ideal_box_eigenpro_corrected,110,1.0
ideal_box_eigenpro_corrected,111,1.0
ideal_box_eigenpro_corrected,112,1.0
ideal_box_eigenpro_corrected,113,1.0
ideal_box_eigenpro_corrected,114,1.0
ideal_box_eigenpro_corrected,115,1.0
ideal_box_eigenpro_corrected,116,1.0
ideal_box_eigenpro_corrected,117,1.0
ideal_box_eigenpro_corrected,118,1.0
ideal_box_eigenpro_corrected,119,1.0
ideal_box_eigenpro_corrected,120,1.0
ideal_box_eigenpro_corrected,121,1.0
ideal_box_eigenpro_corrected,122,1.0
ideal_box_eigenpro_corrected,123,1.0
ideal_box_eigenpro_corrected,124,1.0
ideal_box_eigenpro_corrected,125,1.0
ideal_box_eigenpro_corrected,126,1.0
ideal_box_eigenpro_corrected,127,1.0
ideal_box_eigenpro_corrected,128,1.0
ideal_box_eigenpro_corrected,129,1.0
ideal_box_eigenpro_corrected,130,1.0
ideal_box_eigenpro_corrected,131,1.0
ideal_box_eigenpro_corrected,132,1.0
ideal_box_eigenpro_corrected,133,1.0
ideal_box_eigenpro_corrected,134,1.0
ideal_box_eigenpro_corrected,135,1.0
ideal_box_eigenpro_corrected,136,1.0
ideal_box_eigenpro_corrected,137,1.0
ideal_box_eigenpro_corrected,138,1.0
ideal_box_eigenpro_corrected,139,1.0
ideal_box_eigenpro_corrected,140,1.0
ideal_box_eigenpro_corrected,141,1.0
ideal_box_eigenpro_corrected,142,1.0
ideal_box_eigenpro_corrected,143,1.0
ideal_box_eigenpro_corrected,144,1.0
ideal_box_eigenpro_corrected,145,1.0
ideal_box_eigenpro_corrected,146,1.0
ideal_box_eigenpro_corrected,147,1.0
ideal_box_eigenpro_corrected,148,1.0
ideal_box_eigenpro_corrected,149,1.0
ideal_box_eigenpro_corrected,150,1.0
ideal_box_eigenpro_corrected,151,1.0
ideal_box_eigenpro_corrected,152,1.0
ideal_box_eigenpro_corrected,153,1.0
ideal_box_eigenpro_corrected,154,1.0
ideal_box_eigenpro_corrected,155,1.0
ideal_box_eigenpro_corrected,156,1.0
ideal_box_eigenpro_corrected,157,1.0
ideal_box_eigenpro_corrected,158,1.0
ideal_box_eigenpro_corrected,159,1.0
ideal_box_eigenpro_corrected,160,1.0
ideal_box_eigenpro_corrected,161,1.0
ideal_box_eigenpro_corrected,162,1.0
ideal_box_eigenpro_corrected,163,1.0
ideal_box_eigenpro_corrected,164,1.0
ideal_box_eigenpro_corrected,165,1.0
ideal_box_eigenpro_corrected,166,1.0
ideal_box_eigenpro_corrected,167,1.0
ideal_box_eigenpro_corrected,168,1.0
ideal_box_eigenpro_corrected,169,1.0
ideal_box_eigenpro_corrected,170,1.0
ideal_box_eigenpro_corrected,171,1.0
ideal_box_eigenpro_corrected,172,1.0
ideal_box_eigenpro_corrected,173,1.0
ideal_box_eigenpro_corrected,174,1.0
ideal_box_eigenpro_corrected,175,1.0
ideal_box_eigenpro_corrected,176,1.0
ideal_box_eigenpro_corrected,177,1.0
ideal_box_eigenpro_corrected,178,1.0
ideal_box_eigenpro_corrected,179,1.0
ideal_box_eigenpro_corrected,180,1.0
ideal_box_eigenpro_corrected,181,1.0
ideal_box_eigenpro_corrected,182,1.0
ideal_box_eigenpro_corrected,183,1.0
ideal_box_eigenpro_corrected,184,1.0
ideal_box_eigenpro_corrected,185,1.0
ideal_box_eigenpro_corrected,186,1.0
ideal_box_eigenpro_corrected,187,1.0
ideal_box_eigenpro_corrected,188,1.0
ideal_box_eigenpro_corrected,189,1.0
ideal_box_eigenpro_corrected,190,1.0
ideal_box_eigenpro_corrected,191,1.0
ideal_box_eigenpro_corrected,192,1.0
ideal_box_eigenpro_corrected,193,1.0
ideal_box_eigenpro_corrected,194,1.0
ideal_box_eigenpro_corrected,195,1.0
ideal_box_eigenpro_corrected,196,1.0
ideal_box_eigenpro_corrected,197,1.0
ideal_box_eigenpro_corrected,198,1.0
ideal_box_eigenpro_corrected,199,1.0
ideal_box_eigenpro_corrected,200,1.0
ideal_box_eigenpro_corrected,201,1.0
ideal_box_eigenpro_corrected,202,1.0
ideal_box_eigenpro_corrected,203,1.0
ideal_box_eigenpro_corrected,204,1.0
ideal_box_eigenpro_corrected,205,1.0
ideal_box_eigenpro_corrected,206,1.0
ideal_box_eigenpro_corrected,207,1.0
ideal_box_eigenpro_corrected,208,1.0
ideal_box_eigenpro_corrected,209,1.0
ideal_box_eigenpro_corrected,210,1.0
ideal_box_eigenpro_corrected,211,1.0
ideal_box_eigenpro_corrected,212,1.0
ideal_box_eigenpro_corrected,213,1.0
ideal_box_eigenpro_corrected,214,1.0
ideal_box_eigenpro_corrected,215,1.0
ideal_box_eigenpro_corrected,216,1.0
ideal_box_eigenpro_corrected,217,1.0
ideal_box_eigenpro_corrected,218,1.0
ideal_box_eigenpro_corrected,219,1.0
ideal_box_eigenpro_corrected,220,1.0
ideal_box_eigenpro_corrected,221,1.0
ideal_box_eigenpro_corrected,222,1.0
ideal_box_eigenpro_corrected,223,1.0
ideal_box_eigenpro_corrected,224,1.0
ideal_box_eigenpro_corrected,225,1.0
ideal_box_eigenpro_corrected,226,1.0
ideal_box_eigenpro_corrected,227,1.0
ideal_box_eigenpro_corrected,228,1.0
ideal_box_eigenpro_corrected,229,1.0
ideal_box_eigenpro_corrected,230,1.0
ideal_box_eigenpro_corrected,231,1.0
ideal_box_eigenpro_corrected,232,1.0
ideal_box_eigenpro_corrected,233,1.0
ideal_box_eigenpro_corrected,234,1.0
ideal_box_eigenpro_corrected,235,1.0
ideal_box_eigenpro_corrected,236,1.0
ideal_box_eigenpro_corrected,237,1.0
ideal_box_eigenpro_corrected,238,1.0
ideal_box_eigenpro_corrected,239,1.0
ideal_box_eigenpro_corrected,240,1.0
ideal_box_eigenpro_corrected,241,1.0
ideal_box_eigenpro_corrected,242,1.0
ideal_box_eigenpro_corrected,243,1.0
ideal_box_eigenpro_corrected,244,1.0
ideal_box_eigenpro_corrected,245,1.0
ideal_box_eigenpro_corrected,246,1.0
ideal_box_eigenpro_corrected,247,1.0
ideal_box_eigenpro_corrected,248,1.0
ideal_box_eigenpro_corrected,249,1.0
ideal_box_eigenpro_corrected,250,1.0
ideal_box_eigenpro_corrected,251,1.0
ideal_box_eigenpro_corrected,252,1.0
ideal_box_eigenpro_corrected,253,1.0
ideal_box_eigenpro_corrected,254,1.0
ideal_box_eigenpro_corrected,255,1.0
ideal_box_eigenpro_corrected,256,1.0
ideal_box_eigenpro_corrected,257,1.0
ideal_box_eigenpro_corrected,258,0.957342363427429
ideal_box_eigenpro_corrected,259,0.8915920307482632
ideal_box_eigenpro_corrected,260,0.8335546729381724
ideal_box_eigenpro_corrected,261,0.7852567756206226
ideal_box_eigenpro_corrected,262,0.7255436437496255
ideal_box_eigenpro_corrected,263,0.7085362929136173
ideal_box_eigenpro_corrected,264,0.6807924788403201
ideal_box_eigenpro_corrected,265,0.6520588672762313
ideal_box_eigenpro_corrected,266,0.6051666042191916
ideal_box_eigenpro_corrected,267,0.5142339302411716
ideal_box_eigenpro_corrected,268,0.4714344352654009
ideal_box_eigenpro_corrected,269,0.4523636965236763
ideal_box_eigenpro_corrected,270,0.4357525164187042
ideal_box_eigenpro_corrected,271,0.3878846056640898
ideal_box_eigenpro_corrected,272,0.3663512856868969
ideal_box_eigenpro_corrected,273,0.36467546031684195
ideal_box_eigenpro_corrected,274,0.3549021597655589
ideal_box_eigenpro_corrected,275,0.3505622475550385
ideal_box_eigenpro_corrected,276,0.31063894718847823
ideal_box_eigenpro_corrected,277,0.28774424522895997
ideal_box_eigenpro_corrected,278,0.28526563573021163
ideal_box_eigenpro_corrected,279,0.28259843455800837
ideal_box_eigenpro_corrected,280,0.26907025933532036
ideal_box_eigenpro_corrected,281,0.2664294021095756
ideal_box_eigenpro_corrected,282,0.24677415964479474
ideal_box_eigenpro_corrected,283,0.23207279334810313
ideal_box_eigenpro_corrected,284,0.22106324317248147
ideal_box_eigenpro_corrected,285,0.2145167157286514
ideal_box_eigenpro_corrected,286,0.19675261410363484
ideal_box_eigenpro_corrected,287,0.1949771128448185
ideal_box_eigenpro_corrected,288,0.19323939227499845
ideal_box_eigenpro_corrected,289,0.18494231976352074
ideal_box_eigenpro_corrected,290,0.16814024871691685
ideal_box_eigenpro_corrected,291,0.1552601959940958
ideal_box_eigenpro_corrected,292,0.14975926478872906
ideal_box_eigenpro_corrected,293,0.13404535317198932
ideal_box_eigenpro_corrected,294,0.1308178571941662
ideal_box_eigenpro_corrected,295,0.12247301329810768
ideal_box_eigenpro_corrected,296,0.11746515153200433
ideal_box_eigenpro_corrected,297,0.10700974221734881
ideal_box_eigenpro_corrected,298,0.10200165757584315
ideal_box_eigenpro_corrected,299,0.0974381959214391
ideal_box_eigenpro_corrected,300,0.09590712938544399
ideal_box_eigenpro_corrected,301,0.0932975242625139
ideal_box_eigenpro_corrected,302,0.09208636777401633
ideal_box_eigenpro_corrected,303,0.09074164593181218
ideal_box_eigenpro_corrected,304,0.08407121226033765
ideal_box_eigenpro_corrected,305,0.07115532260244534
ideal_box_eigenpro_corrected,306,0.06593723042265867
ideal_box_eigenpro_corrected,307,0.05980510053325347
ideal_box_eigenpro_corrected,308,0.059240234508327015
ideal_box_eigenpro_corrected,309,0.052305670504419303
ideal_box_eigenpro_corrected,310,0.050674369843368296
ideal_box_eigenpro_corrected,311,0.05002479516282882
ideal_box_eigenpro_corrected,312,0.04981101370981213
ideal_box_eigenpro_corrected,313,0.046015880335117415
ideal_box_eigenpro_corrected,314,0.04269414802325382
ideal_box_eigenpro_corrected,315,0.04134920372356626
ideal_box_eigenpro_corrected,316,0.04098183770700372
ideal_box_eigenpro_corrected,317,0.04009090339914755
ideal_box_eigenpro_corrected,318,0.03968395539070604
ideal_box_eigenpro_corrected,319,0.03903611941173082
ideal_box_eigenpro_corrected,320,0.038395291787377335
ideal_box_eigenpro_corrected,321,0.03655346424233054
ideal_box_eigenpro_corrected,322,0.03585773318656567
ideal_box_eigenpro_corrected,323,0.035553596932268575
ideal_box_eigenpro_corrected,324,0.03511709353460273
ideal_box_eigenpro_corrected,325,0.03476036435445862
ideal_box_eigenpro_corrected,326,0.033445552504102305
ideal_box_eigenpro_corrected,327,0.03317454986309896
ideal_box_eigenpro_corrected,328,0.032421087445024796
ideal_box_eigenpro_corrected,329,0.031735727115955854
ideal_box_eigenpro_corrected,330,0.0315322759635918
ideal_box_eigenpro_corrected,331,0.03069138658958154
ideal_box_eigenpro_corrected,332,0.03057521796614839
ideal_box_eigenpro_corrected,333,0.02940896935513391
ideal_box_eigenpro_corrected,334,0.028672083968920507
ideal_box_eigenpro_corrected,335,0.028333859381923086
ideal_box_eigenpro_corrected,336,0.028107349593292794
ideal_box_eigenpro_corrected,337,0.02751841410186706
ideal_box_eigenpro_corrected,338,0.027390826460538618
ideal_box_eigenpro_corrected,339,0.027102799660367178
ideal_box_eigenpro_corrected,340,0.026151626862074454
ideal_box_eigenpro_corrected,341,0.026009958063873385
ideal_box_eigenpro_corrected,342,0.025855386729412923
ideal_box_eigenpro_corrected,343,0.025622597064076245
ideal_box_eigenpro_corrected,344,0.025548912348815074
ideal_box_eigenpro_corrected,345,0.025303227627876786
ideal_box_eigenpro_corrected,346,0.025018381898683294
ideal_box_eigenpro_corrected,347,0.024937295672502864
ideal_box_eigenpro_corrected,348,0.02476415341758513
ideal_box_eigenpro_corrected,349,0.024531912761449153
ideal_box_eigenpro_corrected,350,0.024197884980128925
ideal_box_eigenpro_corrected,351,0.023997212206313984
ideal_box_eigenpro_corrected,352,0.023890557522197674
ideal_box_eigenpro_corrected,353,0.023594771187905518
ideal_box_eigenpro_corrected,354,0.023461741335795032
ideal_box_eigenpro_corrected,355,0.0232849198352408
ideal_box_eigenpro_corrected,356,0.023217402717108822
ideal_box_eigenpro_corrected,357,0.02312383477249391
ideal_box_eigenpro_corrected,358,0.022817054534944797
ideal_box_eigenpro_corrected,359,0.022764149369640743
ideal_box_eigenpro_corrected,360,0.02275520754328149
ideal_box_eigenpro_corrected,361,0.022567041595792734
ideal_box_eigenpro_corrected,362,0.022469143458923816
ideal_box_eigenpro_corrected,363,0.022374010070731823
ideal_box_eigenpro_corrected,364,0.022333990911224233
ideal_box_eigenpro_corrected,365,0.022158822050791487
ideal_box_eigenpro_corrected,366,0.022096959668852216
ideal_box_eigenpro_corrected,367,0.02203108980881882
ideal_box_eigenpro_corrected,368,0.021942200185762102
ideal_box_eigenpro_corrected,369,0.021901350583417703
ideal_box_eigenpro_corrected,370,0.021874190218008578
ideal_box_eigenpro_corrected,371,0.021867554779886444
ideal_box_eigenpro_corrected,372,0.021813451664649416
ideal_box_eigenpro_corrected,373,0.021702887473905582
ideal_box_eigenpro_corrected,374,0.021678000239042705
ideal_box_eigenpro_corrected,375,0.021648711688154628
ideal_box_eigenpro_corrected,376,0.021637824966910232
ideal_box_eigenpro_corrected,377,0.02157816839587021
ideal_box_eigenpro_corrected,378,0.02153140076916209
ideal_box_eigenpro_corrected,379,0.02150990981888777
ideal_box_eigenpro_corrected,380,0.021501392943668842
ideal_box_eigenpro_corrected,381,0.021496902969782926
ideal_box_eigenpro_corrected,382,0.02147805923684073
ideal_box_eigenpro_corrected,383,0.0213830914983332
ideal_box_eigenpro_corrected,384,0.02136576025975375
ideal_box_eigenpro_corrected,385,0.02134896807388215
ideal_box_eigenpro_corrected,386,0.0213379015731994
ideal_box_eigenpro_corrected,387,0.021323998581983302
ideal_box_eigenpro_corrected,388,0.021276195071222307
ideal_box_eigenpro_corrected,389,0.02125476678668078
ideal_box_eigenpro_corrected,390,0.021245912130862625
ideal_box_eigenpro_corrected,391,0.021241189488431015
ideal_box_eigenpro_corrected,392,0.02123887243280151
ideal_box_eigenpro_corrected,393,0.021227957978520635
ideal_box_eigenpro_corrected,394,0.02121821925106621
ideal_box_eigenpro_corrected,395,0.021197988698385087
ideal_box_eigenpro_corrected,396,0.021194697546064765
ideal_box_eigenpro_corrected,397,0.021186249257761147
ideal_box_eigenpro_corrected,398,0.021178640791344207
ideal_box_eigenpro_corrected,399,0.021172785815150398
ideal_box_eigenpro_corrected,400,0.021171585295426777
ideal_box_eigenpro_corrected,401,0.021169807028096344
ideal_box_eigenpro_corrected,402,0.021160858670281182
ideal_box_eigenpro_corrected,403,0.021155938559378005
ideal_box_eigenpro_corrected,404,0.02115090635650237
ideal_box_eigenpro_corrected,405,0.021144683336581583
ideal_box_eigenpro_corrected,406,0.02113850894970916
ideal_box_eigenpro_corrected,407,0.021131427149410673
ideal_box_eigenpro_corrected,408,0.02112931436441365
ideal_box_eigenpro_corrected,409,0.021127989689504433
ideal_box_eigenpro_corrected,410,0.021118886444148145
ideal_box_eigenpro_corrected,411,0.02111571941743595
ideal_box_eigenpro_corrected,412,0.02111034707517122
ideal_box_eigenpro_corrected,413,0.021108795343631206
ideal_box_eigenpro_corrected,414,0.02110514445662713
ideal_box_eigenpro_corrected,415,0.02110286633281325
ideal_box_eigenpro_corrected,416,0.02110168245811156
ideal_box_eigenpro_corrected,417,0.0211007840654321
ideal_box_eigenpro_corrected,418,0.021099640379404292
ideal_box_eigenpro_corrected,419,0.021099257476467747
ideal_box_eigenpro_corrected,420,0.02109787863736233
ideal_box_eigenpro_corrected,421,0.02109732535553754
ideal_box_eigenpro_corrected,422,0.021095615570979276
ideal_box_eigenpro_corrected,423,0.02109211156635942
ideal_box_eigenpro_corrected,424,0.02109075948354111
ideal_box_eigenpro_corrected,425,0.02108859053984099
ideal_box_eigenpro_corrected,426,0.021087804212806493
ideal_box_eigenpro_corrected,427,0.021087214245177822
ideal_box_eigenpro_corrected,428,0.021086301657990095
ideal_box_eigenpro_corrected,429,0.02108396969693006
ideal_box_eigenpro_corrected,430,0.021083428475194392
ideal_box_eigenpro_corrected,431,0.021082410627791464
ideal_box_eigenpro_corrected,432,0.0210803065007313
ideal_box_eigenpro_corrected,433,0.02107818662124551
ideal_box_eigenpro_corrected,434,0.02107793897001505
ideal_box_eigenpro_corrected,435,0.02107764702722454
ideal_box_eigenpro_corrected,436,0.02107671560449157
ideal_box_eigenpro_corrected,437,0.021075311172156202
ideal_box_eigenpro_corrected,438,0.02107404916679729
ideal_box_eigenpro_corrected,439,0.021073591870386033
ideal_box_eigenpro_corrected,440,0.021072829459006927
ideal_box_eigenpro_corrected,441,0.021072744778091828
ideal_box_eigenpro_corrected,442,0.021072014705527664
ideal_box_eigenpro_corrected,443,0.021071809235792698
ideal_box_eigenpro_corrected,444,0.021071172286097378
ideal_box_eigenpro_corrected,445,0.021071135817017972
ideal_box_eigenpro_corrected,446,0.021070290925093996
ideal_box_eigenpro_corrected,447,0.021070019639890008
ideal_box_eigenpro_corrected,448,0.02106919104240199
ideal_box_eigenpro_corrected,449,0.021068937568562457
ideal_box_eigenpro_corrected,450,0.02106855514653195
ideal_box_eigenpro_corrected,451,0.021068256516504538
ideal_box_eigenpro_corrected,452,0.02106763039947346
ideal_box_eigenpro_corrected,453,0.02106757411947475
ideal_box_eigenpro_corrected,454,0.021067431331100304
ideal_box_eigenpro_corrected,455,0.021066722729393996
ideal_box_eigenpro_corrected,456,0.021066513145794476
ideal_box_eigenpro_corrected,457,0.021066265420064397
ideal_box_eigenpro_corrected,458,0.021066011934886757
ideal_box_eigenpro_corrected,459,0.021065624709251864
ideal_box_eigenpro_corrected,460,0.02106551966134492
ideal_box_eigenpro_corrected,461,0.02106547900953673
ideal_box_eigenpro_corrected,462,0.021065354145226554
ideal_box_eigenpro_corrected,463,0.021065204816071763
ideal_box_eigenpro_corrected,464,0.02106510228783963
ideal_box_eigenpro_corrected,465,0.021065014406062225
ideal_box_eigenpro_corrected,466,0.021064863184658982
ideal_box_eigenpro_corrected,467,0.021064705062123795
ideal_box_eigenpro_corrected,468,0.021064656886071575
ideal_box_eigenpro_corrected,469,0.02106462268788822
ideal_box_eigenpro_corrected,470,0.021064591463274905
ideal_box_eigenpro_corrected,471,0.021064542990764656
ideal_box_eigenpro_corrected,472,0.021064514340371404
ideal_box_eigenpro_corrected,473,0.02106445784873756
ideal_box_eigenpro_corrected,474,0.021064442033645856
ideal_box_eigenpro_corrected,475,0.021064344098993673
ideal_box_eigenpro_corrected,476,0.021064316673651353
ideal_box_eigenpro_corrected,477,0.0210642173555246
ideal_box_eigenpro_corrected,478,0.021064184405478276
ideal_box_eigenpro_corrected,479,0.021064122062271245
ideal_box_eigenpro_corrected,480,0.021064075550278984
ideal_box_eigenpro_corrected,481,0.021064066179638463
ideal_box_eigenpro_corrected,482,0.021064033685747174
ideal_box_eigenpro_corrected,483,0.021063998370533077
ideal_box_eigenpro_corrected,484,0.021063979614390497
ideal_box_eigenpro_corrected,485,0.0210639733714104
ideal_box_eigenpro_corrected,486,0.021063953946306703
ideal_box_eigenpro_corrected,487,0.02106393438899046
ideal_box_eigenpro_corrected,488,0.021063863744255548
ideal_box_eigenpro_corrected,489,0.021063857666712756
ideal_box_eigenpro_corrected,490,0.021063852093332645
ideal_box_eigenpro_corrected,491,0.02106384598373608
ideal_box_eigenpro_corrected,492,0.02106380148323045
ideal_box_eigenpro_corrected,493,0.021063760673447084
ideal_box_eigenpro_corrected,494,0.021063745447784006
ideal_box_eigenpro_corrected,495,0.021063739481613955
ideal_box_eigenpro_corrected,496,0.021063738296803726
ideal_box_eigenpro_corrected,497,0.021063724248646193
ideal_box_eigenpro_corrected,498,0.02106371415138033
ideal_box_eigenpro_corrected,499,0.021063708173877194
ideal_box_eigenpro_corrected,500,0.021063701451585225
ideal_box_eigenpro_corrected,501,0.02106368507317602
ideal_box_eigenpro_corrected,502,0.021063678640123065
ideal_box_eigenpro_corrected,503,0.02106367352636183
ideal_box_eigenpro_corrected,504,0.021063660077566774
ideal_box_eigenpro_corrected,505,0.0210636487727612
ideal_box_eigenpro_corrected,506,0.021063640686570295
ideal_box_eigenpro_corrected,507,0.021063636509274605
ideal_box_eigenpro_corrected,508,0.021063621396093277
ideal_box_eigenpro_corrected,509,0.02106361967905814
ideal_box_eigenpro_corrected,510,0.021063614590383254
ideal_box_eigenpro_corrected,511,0.021063608985915902
ideal_box_eigenpro_corrected,512,0.021063606757171505
ideal_box_eigenpro_corrected,513,0.02106360143151581
ideal_box_eigenpro_corrected,514,0.021063586312428308
ideal_box_eigenpro_corrected,515,0.0210635842839345
ideal_box_eigenpro_corrected,516,0.021063576089953115
ideal_box_eigenpro_corrected,517,0.02106357288803942
ideal_box_eigenpro_corrected,518,0.02106357155797047
ideal_box_eigenpro_corrected,519,0.021063566951375217
ideal_box_eigenpro_corrected,520,0.021063564831977886
ideal_box_eigenpro_corrected,521,0.02106355476231624
ideal_box_eigenpro_corrected,522,0.021063550351897626
ideal_box_eigenpro_corrected,523,0.021063546770159685
ideal_box_eigenpro_corrected,524,0.021063544307223393
ideal_box_eigenpro_corrected,525,0.02106354020843301
ideal_box_eigenpro_corrected,526,0.021063539261126835
ideal_box_eigenpro_corrected,527,0.02106353774613672
ideal_box_eigenpro_corrected,528,0.02106353316292418
ideal_box_eigenpro_corrected,529,0.021063528665678514
ideal_box_eigenpro_corrected,530,0.021063528494927024
ideal_box_eigenpro_corrected,531,0.021063526883888316
ideal_box_eigenpro_corrected,532,0.02106352484780377
ideal_box_eigenpro_corrected,533,0.021063524755469774
ideal_box_eigenpro_corrected,534,0.02106352027007182
ideal_box_eigenpro_corrected,535,0.02106351907925366
ideal_box_eigenpro_corrected,536,0.021063518817408554
ideal_box_eigenpro_corrected,537,0.021063517773371572
ideal_box_eigenpro_corrected,538,0.021063517502551518
ideal_box_eigenpro_corrected,539,0.021063517356444444
ideal_box_eigenpro_corrected,540,0.021063516952107477
ideal_box_eigenpro_corrected,541,0.02106351479295059
ideal_box_eigenpro_corrected,542,0.02106351417315157
ideal_box_eigenpro_corrected,543,0.021063513996601696
ideal_box_eigenpro_corrected,544,0.021063513729085888
ideal_box_eigenpro_corrected,545,0.02106351308930114
ideal_box_eigenpro_corrected,546,0.021063512132156063
ideal_box_eigenpro_corrected,547,0.021063511830500734
ideal_box_eigenpro_corrected,548,0.021063511502520036
ideal_box_eigenpro_corrected,549,0.021063510907365274
ideal_box_eigenpro_corrected,550,0.021063510359456514
ideal_box_eigenpro_corrected,551,0.02106351017221428
ideal_box_eigenpro_corrected,552,0.021063510126070436
ideal_box_eigenpro_corrected,553,0.021063509850977914
ideal_box_eigenpro_corrected,554,0.02106350951159403
ideal_box_eigenpro_corrected,555,0.02106350906750866
ideal_box_eigenpro_corrected,556,0.02106350886823269
ideal_box_eigenpro_corrected,557,0.021063508648638336
ideal_box_eigenpro_corrected,558,0.02106350813909275
ideal_box_eigenpro_corrected,559,0.021063507951476716
ideal_box_eigenpro_corrected,560,0.021063507899195647
ideal_box_eigenpro_corrected,561,0.021063507650622867
ideal_box_eigenpro_corrected,562,0.02106350727260836
ideal_box_eigenpro_corrected,563,0.021063507175061547
ideal_box_eigenpro_corrected,564,0.021063506672263217
ideal_box_eigenpro_corrected,565,0.021063506600299514
ideal_box_eigenpro_corrected,566,0.02106350648646936
ideal_box_eigenpro_corrected,567,0.02106350646815984
ideal_box_eigenpro_corrected,568,0.021063506309542113
ideal_box_eigenpro_corrected,569,0.021063506208690786
ideal_box_eigenpro_corrected,570,0.021063506191681153
ideal_box_eigenpro_corrected,571,0.021063506104772325
ideal_box_eigenpro_corrected,572,0.021063505997419286
ideal_box_eigenpro_corrected,573,0.02106350594054227
ideal_box_eigenpro_corrected,574,0.02106350577557926
ideal_box_eigenpro_corrected,575,0.02106350567457145
ideal_box_eigenpro_corrected,576,0.021063505619404482
ideal_box_eigenpro_corrected,577,0.021063505570831184
ideal_box_eigenpro_corrected,578,0.021063505517622736
ideal_box_eigenpro_corrected,579,0.02106350550198919
ideal_box_eigenpro_corrected,580,0.021063505468804308
ideal_box_eigenpro_corrected,581,0.021063505403260952
ideal_box_eigenpro_corrected,582,0.021063505370834054
ideal_box_eigenpro_corrected,583,0.02106350534624523
ideal_box_eigenpro_corrected,584,0.021063505302777147
ideal_box_eigenpro_corrected,585,0.021063505274733295
ideal_box_eigenpro_corrected,586,0.02106350524556868
ideal_box_eigenpro_corrected,587,0.021063505211411072
ideal_box_eigenpro_corrected,588,0.021063505144113807
ideal_box_eigenpro_corrected,589,0.02106350513197441
ideal_box_eigenpro_corrected,590,0.021063505095830055
ideal_box_eigenpro_corrected,591,0.021063505050015124
ideal_box_eigenpro_corrected,592,0.021063504993681915
ideal_box_eigenpro_corrected,593,0.021063504973043812
ideal_box_eigenpro_corrected,594,0.021063504941422194
ideal_box_eigenpro_corrected,595,0.021063504895179448
ideal_box_eigenpro_corrected,596,0.021063504866403057
ideal_box_eigenpro_corrected,597,0.02106350485477605
ideal_box_eigenpro_corrected,598,0.021063504803947714
ideal_box_eigenpro_corrected,599,0.021063504777186597
ideal_box_eigenpro_corrected,600,0.021063504763111682
ideal_box_eigenpro_corrected,601,0.02106350474617619
ideal_box_eigenpro_corrected,602,0.02106350473490477
ideal_box_eigenpro_corrected,603,0.02106350473145462
ideal_box_eigenpro_corrected,604,0.021063504686752523
ideal_box_eigenpro_corrected,605,0.02106350464158887
ideal_box_eigenpro_corrected,606,0.021063504635132086
ideal_box_eigenpro_corrected,607,0.021063504614871404
ideal_box_eigenpro_corrected,608,0.021063504610884503
ideal_box_eigenpro_corrected,609,0.02106350458247012
ideal_box_eigenpro_corrected,610,0.02106350457415284
ideal_box_eigenpro_corrected,611,0.021063504556894992
ideal_box_eigenpro_corrected,612,0.021063504546164312
ideal_box_eigenpro_corrected,613,0.021063504537856322
ideal_box_eigenpro_corrected,614,0.02106350453217516
ideal_box_eigenpro_corrected,615,0.021063504513881698
ideal_box_eigenpro_corrected,616,0.021063504500930072
ideal_box_eigenpro_corrected,617,0.02106350449232462
ideal_box_eigenpro_corrected,618,0.021063504487424202
ideal_box_eigenpro_corrected,619,0.02106350447709088
ideal_box_eigenpro_corrected,620,0.02106350447171163
ideal_box_eigenpro_corrected,621,0.02106350445886145
ideal_box_eigenpro_corrected,622,0.02106350444758584
ideal_box_eigenpro_corrected,623,0.021063504435613285
ideal_box_eigenpro_corrected,624,0.02106350442537861
ideal_box_eigenpro_corrected,625,0.021063504419532184
ideal_box_eigenpro_corrected,626,0.021063504414612418
ideal_box_eigenpro_corrected,627,0.021063504408222824
ideal_box_eigenpro_corrected,628,0.021063504396798476
ideal_box_eigenpro_corrected,629,0.02106350439195929
ideal_box_eigenpro_corrected,630,0.02106350438965864
ideal_box_eigenpro_corrected,631,0.021063504379281867
ideal_box_eigenpro_corrected,632,0.021063504362185462
ideal_box_eigenpro_corrected,633,0.021063504355694027
ideal_box_eigenpro_corrected,634,0.02106350435340501
ideal_box_eigenpro_corrected,635,0.021063504346364424
ideal_box_eigenpro_corrected,636,0.021063504338351167
ideal_box_eigenpro_corrected,637,0.02106350433055711
ideal_box_eigenpro_corrected,638,0.02106350432825098
ideal_box_eigenpro_corrected,639,0.021063504321272884
ideal_box_eigenpro_corrected,640,0.021063504318361147
ideal_box_eigenpro_corrected,641,0.02106350431009687
ideal_box_eigenpro_corrected,642,0.021063504303900082
ideal_box_eigenpro_corrected,643,0.02106350429831707
ideal_box_eigenpro_corrected,644,0.02106350429343692
ideal_box_eigenpro_corrected,645,0.02106350429098614
ideal_box_eigenpro_corrected,646,0.021063504287262717
ideal_box_eigenpro_corrected,647,0.02106350428296348
ideal_box_eigenpro_corrected,648,0.021063504280316586
ideal_box_eigenpro_corrected,649,0.021063504274788654
ideal_box_eigenpro_corrected,650,0.021063504272943345
ideal_box_eigenpro_corrected,651,0.021063504265775336
ideal_box_eigenpro_corrected,652,0.021063504262204963
ideal_box_eigenpro_corrected,653,0.021063504256928076
ideal_box_eigenpro_corrected,654,0.021063504254204623
ideal_box_eigenpro_corrected,655,0.021063504253599305
ideal_box_eigenpro_corrected,656,0.02106350424874486
ideal_box_eigenpro_corrected,657,0.02106350424771065
ideal_box_eigenpro_corrected,658,0.02106350424263791
ideal_box_eigenpro_corrected,659,0.021063504240279883
ideal_box_eigenpro_corrected,660,0.021063504237123932
ideal_box_eigenpro_corrected,661,0.02106350423685237
ideal_box_eigenpro_corrected,662,0.021063504234670637
ideal_box_eigenpro_corrected,663,0.02106350423163716
ideal_box_eigenpro_corrected,664,0.02106350422932896
ideal_box_eigenpro_corrected,665,0.021063504226749095
ideal_box_eigenpro_corrected,666,0.021063504225068447
ideal_box_eigenpro_corrected,667,0.02106350422369548
ideal_box_eigenpro_corrected,668,0.021063504220039962
ideal_box_eigenpro_corrected,669,0.021063504218985642
ideal_box_eigenpro_corrected,670,0.02106350421643429
ideal_box_eigenpro_corrected,671,0.02106350421547742
ideal_box_eigenpro_corrected,672,0.02106350421351018
ideal_box_eigenpro_corrected,673,0.02106350421235736
ideal_box_eigenpro_corrected,674,0.021063504211271768
ideal_box_eigenpro_corrected,675,0.021063504209938643
ideal_box_eigenpro_corrected,676,0.021063504208043652
ideal_box_eigenpro_corrected,677,0.021063504205897803
ideal_box_eigenpro_corrected,678,0.02106350420454711
ideal_box_eigenpro_corrected,679,0.02106350420300975
ideal_box_eigenpro_corrected,680,0.021063504201947983
ideal_box_eigenpro_corrected,681,0.021063504201262212
ideal_box_eigenpro_corrected,682,0.02106350420019029
ideal_box_eigenpro_corrected,683,0.02106350419934426
ideal_box_eigenpro_corrected,684,0.02106350419823614
ideal_box_eigenpro_corrected,685,0.02106350419773423
ideal_box_eigenpro_corrected,686,0.021063504196894085
ideal_box_eigenpro_corrected,687,0.021063504195154313
ideal_box_eigenpro_corrected,688,0.021063504193892576
ideal_box_eigenpro_corrected,689,0.021063504192483144
ideal_box_eigenpro_corrected,690,0.02106350419191773
ideal_box_eigenpro_corrected,691,0.021063504191016637
ideal_box_eigenpro_corrected,692,0.021063504190545528
ideal_box_eigenpro_corrected,693,0.021063504190218026
ideal_box_eigenpro_corrected,694,0.021063504188870628
ideal_box_eigenpro_corrected,695,0.02106350418824456
ideal_box_eigenpro_corrected,696,0.021063504187882234
ideal_box_eigenpro_corrected,697,0.021063504186341894
ideal_box_eigenpro_corrected,698,0.021063504185628336
ideal_box_eigenpro_corrected,699,0.02106350418500725
ideal_box_eigenpro_corrected,700,0.021063504184171165
ideal_box_eigenpro_corrected,701,0.02106350418382691
ideal_box_eigenpro_corrected,702,0.021063504182725838
ideal_box_eigenpro_corrected,703,0.021063504182519635
ideal_box_eigenpro_corrected,704,0.021063504181788425
ideal_box_eigenpro_corrected,705,0.02106350418090817
ideal_box_eigenpro_corrected,706,0.02106350418041986
ideal_box_eigenpro_corrected,707,0.02106350417971105
ideal_box_eigenpro_corrected,708,0.02106350417932579
ideal_box_eigenpro_corrected,709,0.02106350417889459
ideal_box_eigenpro_corrected,710,0.0210635041784917
ideal_box_eigenpro_corrected,711,0.021063504177666406
ideal_box_eigenpro_corrected,712,0.021063504176950017
ideal_box_eigenpro_corrected,713,0.021063504176776923
ideal_box_eigenpro_corrected,714,0.02106350417609968
ideal_box_eigenpro_corrected,715,0.021063504175476783
ideal_box_eigenpro_corrected,716,0.021063504174599307
ideal_box_eigenpro_corrected,717,0.021063504174254743
ideal_box_eigenpro_corrected,718,0.021063504173883786
ideal_box_eigenpro_corrected,719,0.02106350417350189
ideal_box_eigenpro_corrected,720,0.021063504172804982
ideal_box_eigenpro_corrected,721,0.021063504171877988
ideal_box_eigenpro_corrected,722,0.02106350417173089
ideal_box_eigenpro_corrected,723,0.02106350417126747
ideal_box_eigenpro_corrected,724,0.02106350417094194
ideal_box_eigenpro_corrected,725,0.021063504170649158
ideal_box_eigenpro_corrected,726,0.021063504170311904
ideal_box_eigenpro_corrected,727,0.02106350416998114
ideal_box_eigenpro_corrected,728,0.021063504169478563
ideal_box_eigenpro_corrected,729,0.021063504169115677
ideal_box_eigenpro_corrected,730,0.021063504168517457
ideal_box_eigenpro_corrected,731,0.02106350416831951
ideal_box_eigenpro_corrected,732,0.02106350416766477
ideal_box_eigenpro_corrected,733,0.0210635041673812
ideal_box_eigenpro_corrected,734,0.021063504167193783
ideal_box_eigenpro_corrected,735,0.021063504166816384
ideal_box_eigenpro_corrected,736,0.02106350416629561
ideal_box_eigenpro_corrected,737,0.02106350416613868
ideal_box_eigenpro_corrected,738,0.02106350416570349
ideal_box_eigenpro_corrected,739,0.02106350416521926
ideal_box_eigenpro_corrected,740,0.021063504165100097
ideal_box_eigenpro_corrected,741,0.021063504164892857
ideal_box_eigenpro_corrected,742,0.021063504164576495
ideal_box_eigenpro_corrected,743,0.02106350416432514
ideal_box_eigenpro_corrected,744,0.021063504163926834
ideal_box_eigenpro_corrected,745,0.021063504163776288
ideal_box_eigenpro_corrected,746,0.021063504163652207
ideal_box_eigenpro_corrected,747,0.021063504163302847
ideal_box_eigenpro_corrected,748,0.021063504163021808
ideal_box_eigenpro_corrected,749,0.021063504162593685
ideal_box_eigenpro_corrected,750,0.021063504162463883
ideal_box_eigenpro_corrected,751,0.021063504161920165
ideal_box_eigenpro_corrected,752,0.02106350416166506
ideal_box_eigenpro_corrected,753,0.021063504161500317
ideal_box_eigenpro_corrected,754,0.021063504161374567
ideal_box_eigenpro_corrected,755,0.02106350416104374
ideal_box_eigenpro_corrected,756,0.0210635041606463
ideal_box_eigenpro_corrected,757,0.02106350416055945
ideal_box_eigenpro_corrected,758,0.021063504160149012
ideal_box_eigenpro_corrected,759,0.021063504159930153
ideal_box_eigenpro_corrected,760,0.021063504159573757
ideal_box_eigenpro_corrected,761,0.02106350415936928
ideal_box_eigenpro_corrected,762,0.02106350415908582
ideal_box_eigenpro_corrected,763,0.02106350415882767
ideal_box_eigenpro_corrected,764,0.021063504158651766
ideal_box_eigenpro_corrected,765,0.021063504158481988
ideal_box_eigenpro_corrected,766,0.021063504158322758
ideal_box_eigenpro_corrected,767,0.02106350415802771
ideal_box_eigenpro_corrected,768,0.02106350415794481
ideal_box_eigenpro_corrected,769,0.021063504157595333
ideal_box_eigenpro_corrected,770,0.021063504157405866
ideal_box_eigenpro_corrected,771,0.021063504157220827
ideal_box_eigenpro_corrected,772,0.021063504157105045
ideal_box_eigenpro_corrected,773,0.021063504156818808
ideal_box_eigenpro_corrected,774,0.02106350415670567
ideal_box_eigenpro_corrected,775,0.02106350415645492
ideal_box_eigenpro_corrected,776,0.021063504156229013
ideal_box_eigenpro_corrected,777,0.02106350415618796
ideal_box_eigenpro_corrected,778,0.021063504155876798
ideal_box_eigenpro_corrected,779,0.02106350415574241
ideal_box_eigenpro_corrected,780,0.02106350415559937
ideal_box_eigenpro_corrected,781,0.021063504155375674
ideal_box_eigenpro_corrected,782,0.02106350415523783
ideal_box_eigenpro_corrected,783,0.02106350415509025
ideal_box_eigenpro_corrected,784,0.02106350415485053
ideal_box_eigenpro_corrected,785,0.021063504154704604
ideal_box_eigenpro_corrected,786,0.02106350415464832
ideal_box_eigenpro_corrected,787,0.021063504154486413
ideal_box_eigenpro_corrected,788,0.021063504154332405
ideal_box_eigenpro_corrected,789,0.02106350415423775
ideal_box_eigenpro_corrected,790,0.0210635041541417
ideal_box_eigenpro_corrected,791,0.021063504153943417
ideal_box_eigenpro_corrected,792,0.02106350415382858
ideal_box_eigenpro_corrected,793,0.02106350415365704
ideal_box_eigenpro_corrected,794,0.02106350415359826
ideal_box_eigenpro_corrected,795,0.021063504153447304
ideal_box_eigenpro_corrected,796,0.021063504153364512
ideal_box_eigenpro_corrected,797,0.02106350415319948
ideal_box_eigenpro_corrected,798,0.021063504153090187
ideal_box_eigenpro_corrected,799,0.021063504152922883
ideal_box_eigenpro_corrected,800,0.021063504152815323
ideal_box_eigenpro_corrected,801,0.021063504152586884
ideal_box_eigenpro_corrected,802,0.021063504152475574
ideal_box_eigenpro_corrected,803,0.021063504152398205
ideal_box_eigenpro_corrected,804,0.021063504152302865
ideal_box_eigenpro_corrected,805,0.02106350415213255
ideal_box_eigenpro_corrected,806,0.02106350415207556
ideal_box_eigenpro_corrected,807,0.021063504151932453
ideal_box_eigenpro_corrected,808,0.021063504151831933
ideal_box_eigenpro_corrected,809,0.021063504151659307
ideal_box_eigenpro_corrected,810,0.021063504151550443
ideal_box_eigenpro_corrected,811,0.021063504151520317
ideal_box_eigenpro_corrected,812,0.021063504151417067
ideal_box_eigenpro_corrected,813,0.021063504151227024
ideal_box_eigenpro_corrected,814,0.0210635041510854
ideal_box_eigenpro_corrected,815,0.02106350415103413
ideal_box_eigenpro_corrected,816,0.021063504150948483
ideal_box_eigenpro_corrected,817,0.021063504150809133
ideal_box_eigenpro_corrected,818,0.021063504150660717
ideal_box_eigenpro_corrected,819,0.021063504150533336
ideal_box_eigenpro_corrected,820,0.021063504150516246
ideal_box_eigenpro_corrected,821,0.021063504150441677
ideal_box_eigenpro_corrected,822,0.021063504150370536
ideal_box_eigenpro_corrected,823,0.021063504150254715
ideal_box_eigenpro_corrected,824,0.021063504150121065
ideal_box_eigenpro_corrected,825,0.021063504150024878
ideal_box_eigenpro_corrected,826,0.021063504149938468
ideal_box_eigenpro_corrected,827,0.021063504149823546
ideal_box_eigenpro_corrected,828,0.021063504149811518
ideal_box_eigenpro_corrected,829,0.021063504149716396
ideal_box_eigenpro_corrected,830,0.021063504149629056
ideal_box_eigenpro_corrected,831,0.02106350414955691
ideal_box_eigenpro_corrected,832,0.021063504149428033
ideal_box_eigenpro_corrected,833,0.021063504149382364
ideal_box_eigenpro_corrected,834,0.021063504149346015
ideal_box_eigenpro_corrected,835,0.021063504149233463
ideal_box_eigenpro_corrected,836,0.021063504149121115
ideal_box_eigenpro_corrected,837,0.0210635041490941
ideal_box_eigenpro_corrected,838,0.02106350414893671
ideal_box_eigenpro_corrected,839,0.021063504148890612
ideal_box_eigenpro_corrected,840,0.021063504148855838
ideal_box_eigenpro_corrected,841,0.021063504148734005
ideal_box_eigenpro_corrected,842,0.021063504148644354
ideal_box_eigenpro_corrected,843,0.021063504148558246
ideal_box_eigenpro_corrected,844,0.021063504148455973
ideal_box_eigenpro_corrected,845,0.021063504148430258
ideal_box_eigenpro_corrected,846,0.02106350414834435
ideal_box_eigenpro_corrected,847,0.021063504148296545
ideal_box_eigenpro_corrected,848,0.021063504148231455
ideal_box_eigenpro_corrected,849,0.02106350414819555
ideal_box_eigenpro_corrected,850,0.021063504148128447
ideal_box_eigenpro_corrected,851,0.021063504148012977
ideal_box_eigenpro_corrected,852,0.02106350414789994
ideal_box_eigenpro_corrected,853,0.02106350414785648
ideal_box_eigenpro_corrected,854,0.021063504147805247
ideal_box_eigenpro_corrected,855,0.021063504147760603
ideal_box_eigenpro_corrected,856,0.0210635041477207
ideal_box_eigenpro_corrected,857,0.021063504147642107
ideal_box_eigenpro_corrected,858,0.021063504147627858
ideal_box_eigenpro_corrected,859,0.021063504147573558
ideal_box_eigenpro_corrected,860,0.02106350414750115
ideal_box_eigenpro_corrected,861,0.02106350414744472
ideal_box_eigenpro_corrected,862,0.02106350414737726
ideal_box_eigenpro_corrected,863,0.02106350414730797
ideal_box_eigenpro_corrected,864,0.02106350414728246
ideal_box_eigenpro_corrected,865,0.021063504147207267
ideal_box_eigenpro_corrected,866,0.02106350414717002
ideal_box_eigenpro_corrected,867,0.021063504147089917
ideal_box_eigenpro_corrected,868,0.02106350414705444
ideal_box_eigenpro_corrected,869,0.02106350414701691
ideal_box_eigenpro_corrected,870,0.021063504146941768
ideal_box_eigenpro_corrected,871,0.021063504146868136
ideal_box_eigenpro_corrected,872,0.02106350414681137
ideal_box_eigenpro_corrected,873,0.021063504146753457
ideal_box_eigenpro_corrected,874,0.021063504146705547
ideal_box_eigenpro_corrected,875,0.021063504146663768
ideal_box_eigenpro_corrected,876,0.02106350414659935
ideal_box_eigenpro_corrected,877,0.021063504146538906
ideal_box_eigenpro_corrected,878,0.021063504146509912
ideal_box_eigenpro_corrected,879,0.021063504146439756
ideal_box_eigenpro_corrected,880,0.02106350414638008
ideal_box_eigenpro_corrected,881,0.021063504146340915
ideal_box_eigenpro_corrected,882,0.021063504146280738
ideal_box_eigenpro_corrected,883,0.02106350414624975
ideal_box_eigenpro_corrected,884,0.021063504146215762
ideal_box_eigenpro_corrected,885,0.02106350414612056
ideal_box_eigenpro_corrected,886,0.021063504146060133
ideal_box_eigenpro_corrected,887,0.021063504146049048
ideal_box_eigenpro_corrected,888,0.021063504146021338
ideal_box_eigenpro_corrected,889,0.02106350414599422
ideal_box_eigenpro_corrected,890,0.021063504145939566
ideal_box_eigenpro_corrected,891,0.021063504145909743
ideal_box_eigenpro_corrected,892,0.021063504145841894
ideal_box_eigenpro_corrected,893,0.021063504145826424
ideal_box_eigenpro_corrected,894,0.021063504145786442
ideal_box_eigenpro_corrected,895,0.021063504145748316
ideal_box_eigenpro_corrected,896,0.021063504145693798
ideal_box_eigenpro_corrected,897,0.02106350414567442
ideal_box_eigenpro_corrected,898,0.021063504145612946
ideal_box_eigenpro_corrected,899,0.02106350414556743
ideal_box_eigenpro_corrected,900,0.02106350414554985
ideal_box_eigenpro_corrected,901,0.021063504145483365
ideal_box_eigenpro_corrected,902,0.021063504145446926
ideal_box_eigenpro_corrected,903,0.02106350414542209
ideal_box_eigenpro_corrected,904,0.021063504145354524
ideal_box_eigenpro_corrected,905,0.02106350414532327
ideal_box_eigenpro_corrected,906,0.021063504145290124
ideal_box_eigenpro_corrected,907,0.021063504145268575
ideal_box_eigenpro_corrected,908,0.02106350414522477
ideal_box_eigenpro_corrected,909,0.0210635041452139
ideal_box_eigenpro_corrected,910,0.02106350414516716
ideal_box_eigenpro_corrected,911,0.021063504145137336
ideal_box_eigenpro_corrected,912,0.02106350414511982
ideal_box_eigenpro_corrected,913,0.02106350414508248
ideal_box_eigenpro_corrected,914,0.021063504145036955
ideal_box_eigenpro_corrected,915,0.021063504145023365
ideal_box_eigenpro_corrected,916,0.02106350414499389
ideal_box_eigenpro_corrected,917,0.021063504144951842
ideal_box_eigenpro_corrected,918,0.021063504144899912
ideal_box_eigenpro_corrected,919,0.021063504144878353
ideal_box_eigenpro_corrected,920,0.021063504144860867
ideal_box_eigenpro_corrected,921,0.02106350414483167
ideal_box_eigenpro_corrected,922,0.02106350414479651
ideal_box_eigenpro_corrected,923,0.021063504144775137
ideal_box_eigenpro_corrected,924,0.02106350414473767
ideal_box_eigenpro_corrected,925,0.02106350414470272
ideal_box_eigenpro_corrected,926,0.021063504144682693
ideal_box_eigenpro_corrected,927,0.021063504144635946
ideal_box_eigenpro_corrected,928,0.0210635041446142
ideal_box_eigenpro_corrected,929,0.021063504144576372
ideal_box_eigenpro_corrected,930,0.0210635041445435
ideal_box_eigenpro_corrected,931,0.021063504144522856
ideal_box_eigenpro_corrected,932,0.02106350414449923
ideal_box_eigenpro_corrected,933,0.021063504144477645
ideal_box_eigenpro_corrected,934,0.021063504144447666
ideal_box_eigenpro_corrected,935,0.021063504144420993
ideal_box_eigenpro_corrected,936,0.02106350414438633
ideal_box_eigenpro_corrected,937,0.021063504144372032
ideal_box_eigenpro_corrected,938,0.021063504144337105
ideal_box_eigenpro_corrected,939,0.021063504144322995
ideal_box_eigenpro_corrected,940,0.02106350414428363
ideal_box_eigenpro_corrected,941,0.021063504144265555
ideal_box_eigenpro_corrected,942,0.021063504144239367
ideal_box_eigenpro_corrected,943,0.021063504144199965
ideal_box_eigenpro_corrected,944,0.02106350414418563
ideal_box_eigenpro_corrected,945,0.021063504144165787
ideal_box_eigenpro_corrected,946,0.021063504144144003
ideal_box_eigenpro_corrected,947,0.021063504144119574
ideal_box_eigenpro_corrected,948,0.021063504144091107
ideal_box_eigenpro_corrected,949,0.021063504144069913
ideal_box_eigenpro_corrected,950,0.0210635041440518
ideal_box_eigenpro_corrected,951,0.02106350414401918
ideal_box_eigenpro_corrected,952,0.021063504143992624
ideal_box_eigenpro_corrected,953,0.021063504143980775
ideal_box_eigenpro_corrected,954,0.021063504143958897
ideal_box_eigenpro_corrected,955,0.021063504143935888
ideal_box_eigenpro_corrected,956,0.02106350414391878
ideal_box_eigenpro_corrected,957,0.021063504143901256
ideal_box_eigenpro_corrected,958,0.021063504143886726
ideal_box_eigenpro_corrected,959,0.021063504143848437
ideal_box_eigenpro_corrected,960,0.021063504143830916
ideal_box_eigenpro_corrected,961,0.021063504143825396
ideal_box_eigenpro_corrected,962,0.02106350414379326
ideal_box_eigenpro_corrected,963,0.021063504143762537
ideal_box_eigenpro_corrected,964,0.02106350414373933
ideal_box_eigenpro_corrected,965,0.02106350414370505
ideal_box_eigenpro_corrected,966,0.021063504143694088
ideal_box_eigenpro_corrected,967,0.021063504143669348
ideal_box_eigenpro_corrected,968,0.021063504143655952
ideal_box_eigenpro_corrected,969,0.021063504143641356
ideal_box_eigenpro_corrected,970,0.021063504143629595
ideal_box_eigenpro_corrected,971,0.02106350414361708
ideal_box_eigenpro_corrected,972,0.02106350414359425
ideal_box_eigenpro_corrected,973,0.021063504143551747
ideal_box_eigenpro_corrected,974,0.021063504143526122
ideal_box_eigenpro_corrected,975,0.021063504143519273
ideal_box_eigenpro_corrected,976,0.02106350414349714
ideal_box_eigenpro_corrected,977,0.021063504143479333
ideal_box_eigenpro_corrected,978,0.02106350414346217
ideal_box_eigenpro_corrected,979,0.021063504143441516
ideal_box_eigenpro_corrected,980,0.02106350414342035
ideal_box_eigenpro_corrected,981,0.02106350414340215
ideal_box_eigenpro_corrected,982,0.021063504143381102
ideal_box_eigenpro_corrected,983,0.02106350414337287
ideal_box_eigenpro_corrected,984,0.02106350414334749
ideal_box_eigenpro_corrected,985,0.02106350414333735
ideal_box_eigenpro_corrected,986,0.02106350414331335
ideal_box_eigenpro_corrected,987,0.021063504143303588
ideal_box_eigenpro_corrected,988,0.021063504143279267
ideal_box_eigenpro_corrected,989,0.021063504143265747
ideal_box_eigenpro_corrected,990,0.021063504143254103
ideal_box_eigenpro_corrected,991,0.021063504143241204
ideal_box_eigenpro_corrected,992,0.02106350414322715
ideal_box_eigenpro_corrected,993,0.021063504143209604
ideal_box_eigenpro_corrected,994,0.021063504143187205
ideal_box_eigenpro_corrected,995,0.02106350414317554
ideal_box_eigenpro_corrected,996,0.021063504143144944
ideal_box_eigenpro_corrected,997,0.021063504143130112
ideal_box_eigenpro_corrected,998,0.021063504143117487
ideal_box_eigenpro_corrected,999,0.021063504143107082
ideal_box_eigenpro_corrected,1000,0.021063504143082314
ideal_box_eigenpro_corrected,1001,0.02106350414307172
ideal_box_eigenpro_corrected,1002,0.021063504143067995
ideal_box_eigenpro_corrected,1003,0.021063504143042644
ideal_box_eigenpro_corrected,1004,0.021063504143032426
ideal_box_eigenpro_corrected,1005,0.021063504143013702
ideal_box_eigenpro_corrected,1006,0.02106350414300062
ideal_box_eigenpro_corrected,1007,0.021063504142972492
ideal_box_eigenpro_corrected,1008,0.021063504142965487
ideal_box_eigenpro_corrected,1009,0.021063504142950343
ideal_box_eigenpro_corrected,1010,0.021063504142937024
ideal_box_eigenpro_corrected,1011,0.021063504142930588
ideal_box_eigenpro_corrected,1012,0.021063504142924138
ideal_box_eigenpro_corrected,1013,0.02106350414290706
ideal_box_eigenpro_corrected,1014,0.02106350414288484
ideal_box_eigenpro_corrected,1015,0.021063504142879576
ideal_box_eigenpro_corrected,1016,0.021063504142868505
ideal_box_eigenpro_corrected,1017,0.021063504142853563
ideal_box_eigenpro_corrected,1018,0.021063504142837114
ideal_box_eigenpro_corrected,1019,0.02106350414282432
ideal_box_eigenpro_corrected,1020,0.021063504142814795
ideal_box_eigenpro_corrected,1021,0.021063504142806257
ideal_box_eigenpro_corrected,1022,0.021063504142785898
ideal_box_eigenpro_corrected,1023,0.021063504142774872
ideal_box_eigenpro_corrected,1024,0.02106350414275954
ideal_box_eigenpro_corrected,1025,0.021063504142744063
ideal_box_eigenpro_corrected,1026,0.0210635041427323
ideal_box_eigenpro_corrected,1027,0.02106350414272717
ideal_box_eigenpro_corrected,1028,0.021063504142710937
ideal_box_eigenpro_corrected,1029,0.02106350414269475
ideal_box_eigenpro_corrected,1030,0.021063504142682158
ideal_box_eigenpro_corrected,1031,0.02106350414266459
ideal_box_eigenpro_corrected,1032,0.02106350414265488
ideal_box_eigenpro_corrected,1033,0.02106350414264251
ideal_box_eigenpro_corrected,1034,0.02106350414263163
ideal_box_eigenpro_corrected,1035,0.021063504142617435
ideal_box_eigenpro_corrected,1036,0.021063504142611943
ideal_box_eigenpro_corrected,1037,0.021063504142597854
ideal_box_eigenpro_corrected,1038,0.021063504142585118
ideal_box_eigenpro_corrected,1039,0.021063504142579827
ideal_box_eigenpro_corrected,1040,0.02106350414256972
ideal_box_eigenpro_corrected,1041,0.021063504142553334
ideal_box_eigenpro_corrected,1042,0.021063504142541403
ideal_box_eigenpro_corrected,1043,0.021063504142530533
ideal_box_eigenpro_corrected,1044,0.021063504142524746
ideal_box_eigenpro_corrected,1045,0.021063504142516527
ideal_box_eigenpro_corrected,1046,0.02106350414249793
ideal_box_eigenpro_corrected,1047,0.021063504142492914
ideal_box_eigenpro_corrected,1048,0.021063504142475487
ideal_box_eigenpro_corrected,1049,0.021063504142472832
ideal_box_eigenpro_corrected,1050,0.021063504142457366
ideal_box_eigenpro_corrected,1051,0.02106350414243817
ideal_box_eigenpro_corrected,1052,0.021063504142432524
ideal_box_eigenpro_corrected,1053,0.021063504142427518
ideal_box_eigenpro_corrected,1054,0.02106350414241575
ideal_box_eigenpro_corrected,1055,0.021063504142400793
ideal_box_eigenpro_corrected,1056,0.021063504142395384
ideal_box_eigenpro_corrected,1057,0.02106350414238253
ideal_box_eigenpro_corrected,1058,0.021063504142376396
ideal_box_eigenpro_corrected,1059,0.021063504142356648
ideal_box_eigenpro_corrected,1060,0.021063504142340938
ideal_box_eigenpro_corrected,1061,0.02106350414233614
ideal_box_eigenpro_corrected,1062,0.021063504142325967
ideal_box_eigenpro_corrected,1063,0.021063504142320385
ideal_box_eigenpro_corrected,1064,0.02106350414230839
ideal_box_eigenpro_corrected,1065,0.021063504142302528
ideal_box_eigenpro_corrected,1066,0.021063504142297757
ideal_box_eigenpro_corrected,1067,0.02106350414228568
ideal_box_eigenpro_corrected,1068,0.021063504142277867
ideal_box_eigenpro_corrected,1069,0.021063504142263698
ideal_box_eigenpro_corrected,1070,0.02106350414225443
ideal_box_eigenpro_corrected,1071,0.021063504142249258
ideal_box_eigenpro_corrected,1072,0.0210635041422394
ideal_box_eigenpro_corrected,1073,0.021063504142229936
ideal_box_eigenpro_corrected,1074,0.02106350414222002
ideal_box_eigenpro_corrected,1075,0.02106350414221433
ideal_box_eigenpro_corrected,1076,0.021063504142208738
ideal_box_eigenpro_corrected,1077,0.021063504142192074
ideal_box_eigenpro_corrected,1078,0.021063504142186575
ideal_box_eigenpro_corrected,1079,0.02106350414217536
ideal_box_eigenpro_corrected,1080,0.021063504142170283
ideal_box_eigenpro_corrected,1081,0.021063504142168166
ideal_box_eigenpro_corrected,1082,0.021063504142158254
ideal_box_eigenpro_corrected,1083,0.021063504142139883
ideal_box_eigenpro_corrected,1084,0.021063504142136702
ideal_box_eigenpro_corrected,1085,0.02106350414212699
ideal_box_eigenpro_corrected,1086,0.021063504142114647
ideal_box_eigenpro_corrected,1087,0.02106350414210701
ideal_box_eigenpro_corrected,1088,0.021063504142096328
ideal_box_eigenpro_corrected,1089,0.021063504142090118
ideal_box_eigenpro_corrected,1090,0.0210635041420839
ideal_box_eigenpro_corrected,1091,0.02106350414207374
ideal_box_eigenpro_corrected,1092,0.021063504142067355
ideal_box_eigenpro_corrected,1093,0.02106350414206143
ideal_box_eigenpro_corrected,1094,0.021063504142050347
ideal_box_eigenpro_corrected,1095,0.02106350414204756
ideal_box_eigenpro_corrected,1096,0.021063504142038076
ideal_box_eigenpro_corrected,1097,0.021063504142031512
ideal_box_eigenpro_corrected,1098,0.02106350414202366
ideal_box_eigenpro_corrected,1099,0.021063504142018626
ideal_box_eigenpro_corrected,1100,0.02106350414201047
ideal_box_eigenpro_corrected,1101,0.021063504141998982
ideal_box_eigenpro_corrected,1102,0.02106350414199623
ideal_box_eigenpro_corrected,1103,0.021063504141987238
ideal_box_eigenpro_corrected,1104,0.021063504141979463
ideal_box_eigenpro_corrected,1105,0.021063504141973236
ideal_box_eigenpro_corrected,1106,0.021063504141962282
ideal_box_eigenpro_corrected,1107,0.021063504141951236
ideal_box_eigenpro_corrected,1108,0.021063504141950188
ideal_box_eigenpro_corrected,1109,0.02106350414194064
ideal_box_eigenpro_corrected,1110,0.021063504141933448
ideal_box_eigenpro_corrected,1111,0.021063504141925597
ideal_box_eigenpro_corrected,1112,0.02106350414192197
ideal_box_eigenpro_corrected,1113,0.021063504141914692
ideal_box_eigenpro_corrected,1114,0.021063504141899725
ideal_box_eigenpro_corrected,1115,0.021063504141895634
ideal_box_eigenpro_corrected,1116,0.021063504141890933
ideal_box_eigenpro_corrected,1117,0.021063504141884338
ideal_box_eigenpro_corrected,1118,0.021063504141880202
ideal_box_eigenpro_corrected,1119,0.0210635041418768
ideal_box_eigenpro_corrected,1120,0.02106350414186411
ideal_box_eigenpro_corrected,1121,0.021063504141860083
ideal_box_eigenpro_corrected,1122,0.02106350414185453
ideal_box_eigenpro_corrected,1123,0.021063504141845858
ideal_box_eigenpro_corrected,1124,0.02106350414184024
ideal_box_eigenpro_corrected,1125,0.021063504141837556
ideal_box_eigenpro_corrected,1126,0.02106350414182834
ideal_box_eigenpro_corrected,1127,0.021063504141825184
ideal_box_eigenpro_corrected,1128,0.02106350414181581
ideal_box_eigenpro_corrected,1129,0.021063504141808822
ideal_box_eigenpro_corrected,1130,0.021063504141799954
ideal_box_eigenpro_corrected,1131,0.02106350414179576
ideal_box_eigenpro_corrected,1132,0.021063504141787516
ideal_box_eigenpro_corrected,1133,0.021063504141783713
ideal_box_eigenpro_corrected,1134,0.021063504141771196
ideal_box_eigenpro_corrected,1135,0.02106350414176859
ideal_box_eigenpro_corrected,1136,0.02106350414176426
ideal_box_eigenpro_corrected,1137,0.021063504141761814
ideal_box_eigenpro_corrected,1138,0.02106350414175668
ideal_box_eigenpro_corrected,1139,0.02106350414174957
ideal_box_eigenpro_corrected,1140,0.02106350414174427
ideal_box_eigenpro_corrected,1141,0.02106350414173656
ideal_box_eigenpro_corrected,1142,0.02106350414173422
ideal_box_eigenpro_corrected,1143,0.021063504141725815
ideal_box_eigenpro_corrected,1144,0.021063504141723158
ideal_box_eigenpro_corrected,1145,0.02106350414171849
ideal_box_eigenpro_corrected,1146,0.0210635041417101
ideal_box_eigenpro_corrected,1147,0.02106350414170348
ideal_box_eigenpro_corrected,1148,0.021063504141696842
ideal_box_eigenpro_corrected,1149,0.02106350414169274
ideal_box_eigenpro_corrected,1150,0.02106350414168829
ideal_box_eigenpro_corrected,1151,0.021063504141682905
ideal_box_eigenpro_corrected,1152,0.021063504141680275
ideal_box_eigenpro_corrected,1153,0.02106350414167348
ideal_box_eigenpro_corrected,1154,0.021063504141672816
ideal_box_eigenpro_corrected,1155,0.021063504141662172
ideal_box_eigenpro_corrected,1156,0.021063504141655743
ideal_box_eigenpro_corrected,1157,0.021063504141652867
ideal_box_eigenpro_corrected,1158,0.021063504141646372
ideal_box_eigenpro_corrected,1159,0.02106350414163794
ideal_box_eigenpro_corrected,1160,0.02106350414163694
ideal_box_eigenpro_corrected,1161,0.021063504141627342
ideal_box_eigenpro_corrected,1162,0.021063504141625115
ideal_box_eigenpro_corrected,1163,0.021063504141618318
ideal_box_eigenpro_corrected,1164,0.021063504141613735
ideal_box_eigenpro_corrected,1165,0.02106350414160754
ideal_box_eigenpro_corrected,1166,0.02106350414160435
ideal_box_eigenpro_corrected,1167,0.02106350414159885
ideal_box_eigenpro_corrected,1168,0.02106350414159557
ideal_box_eigenpro_corrected,1169,0.021063504141587655
ideal_box_eigenpro_corrected,1170,0.021063504141585313
ideal_box_eigenpro_corrected,1171,0.021063504141578045
ideal_box_eigenpro_corrected,1172,0.02106350414157544
ideal_box_eigenpro_corrected,1173,0.021063504141571668
ideal_box_eigenpro_corrected,1174,0.021063504141566877
ideal_box_eigenpro_corrected,1175,0.021063504141561072
ideal_box_eigenpro_corrected,1176,0.021063504141558
ideal_box_eigenpro_corrected,1177,0.021063504141555774
ideal_box_eigenpro_corrected,1178,0.021063504141550348
ideal_box_eigenpro_corrected,1179,0.021063504141546407
ideal_box_eigenpro_corrected,1180,0.021063504141545814
ideal_box_eigenpro_corrected,1181,0.021063504141539957
ideal_box_eigenpro_corrected,1182,0.021063504141534423
ideal_box_eigenpro_corrected,1183,0.021063504141531523
ideal_box_eigenpro_corrected,1184,0.02106350414152737
ideal_box_eigenpro_corrected,1185,0.021063504141522957
ideal_box_eigenpro_corrected,1186,0.02106350414151783
ideal_box_eigenpro_corrected,1187,0.021063504141511664
ideal_box_eigenpro_corrected,1188,0.021063504141507507
ideal_box_eigenpro_corrected,1189,0.021063504141504603
ideal_box_eigenpro_corrected,1190,0.021063504141497276
ideal_box_eigenpro_corrected,1191,0.021063504141494476
ideal_box_eigenpro_corrected,1192,0.021063504141489945
ideal_box_eigenpro_corrected,1193,0.021063504141487208
ideal_box_eigenpro_corrected,1194,0.02106350414148382
ideal_box_eigenpro_corrected,1195,0.021063504141476636
ideal_box_eigenpro_corrected,1196,0.02106350414146997
ideal_box_eigenpro_corrected,1197,0.021063504141467633
ideal_box_eigenpro_corrected,1198,0.021063504141463442
ideal_box_eigenpro_corrected,1199,0.021063504141461208
ideal_box_eigenpro_corrected,1200,0.021063504141458755
ideal_box_eigenpro_corrected,1201,0.021063504141454595
ideal_box_eigenpro_corrected,1202,0.021063504141446792
ideal_box_eigenpro_corrected,1203,0.0210635041414453
ideal_box_eigenpro_corrected,1204,0.021063504141440842
ideal_box_eigenpro_corrected,1205,0.02106350414143709
ideal_box_eigenpro_corrected,1206,0.021063504141436273
ideal_box_eigenpro_corrected,1207,0.02106350414143085
ideal_box_eigenpro_corrected,1208,0.021063504141426805
ideal_box_eigenpro_corrected,1209,0.021063504141423384
ideal_box_eigenpro_corrected,1210,0.021063504141420167
ideal_box_eigenpro_corrected,1211,0.02106350414141365
ideal_box_eigenpro_corrected,1212,0.021063504141411674
ideal_box_eigenpro_corrected,1213,0.021063504141407466
ideal_box_eigenpro_corrected,1214,0.021063504141402345
ideal_box_eigenpro_corrected,1215,0.02106350414139934
ideal_box_eigenpro_corrected,1216,0.02106350414139668
ideal_box_eigenpro_corrected,1217,0.021063504141388308
ideal_box_eigenpro_corrected,1218,0.02106350414138592
ideal_box_eigenpro_corrected,1219,0.021063504141380363
ideal_box_eigenpro_corrected,1220,0.021063504141377924
ideal_box_eigenpro_corrected,1221,0.021063504141376702
ideal_box_eigenpro_corrected,1222,0.021063504141371474
ideal_box_eigenpro_corrected,1223,0.02106350414136796
ideal_box_eigenpro_corrected,1224,0.02106350414136464
ideal_box_eigenpro_corrected,1225,0.02106350414136114
ideal_box_eigenpro_corrected,1226,0.02106350414135812
ideal_box_eigenpro_corrected,1227,0.02106350414135183
ideal_box_eigenpro_corrected,1228,0.02106350414134993
ideal_box_eigenpro_corrected,1229,0.02106350414134422
ideal_box_eigenpro_corrected,1230,0.021063504141341883
ideal_box_eigenpro_corrected,1231,0.02106350414134095
ideal_box_eigenpro_corrected,1232,0.02106350414133731
ideal_box_eigenpro_corrected,1233,0.021063504141333015
ideal_box_eigenpro_corrected,1234,0.021063504141328387
ideal_box_eigenpro_corrected,1235,0.021063504141327394
ideal_box_eigenpro_corrected,1236,0.021063504141323963
ideal_box_eigenpro_corrected,1237,0.021063504141318676
ideal_box_eigenpro_corrected,1238,0.02106350414131607
ideal_box_eigenpro_corrected,1239,0.02106350414131238
ideal_box_eigenpro_corrected,1240,0.0210635041413097
ideal_box_eigenpro_corrected,1241,0.02106350414130501
ideal_box_eigenpro_corrected,1242,0.021063504141302754
ideal_box_eigenpro_corrected,1243,0.02106350414130172
ideal_box_eigenpro_corrected,1244,0.021063504141298234
ideal_box_eigenpro_corrected,1245,0.021063504141296034
ideal_box_eigenpro_corrected,1246,0.021063504141292624
ideal_box_eigenpro_corrected,1247,0.021063504141289824
ideal_box_eigenpro_corrected,1248,0.021063504141285744
ideal_box_eigenpro_corrected,1249,0.021063504141281726
ideal_box_eigenpro_corrected,1250,0.021063504141277653
ideal_box_eigenpro_corrected,1251,0.02106350414127523
ideal_box_eigenpro_corrected,1252,0.02106350414127378
ideal_box_eigenpro_corrected,1253,0.021063504141268473
ideal_box_eigenpro_corrected,1254,0.021063504141266627
ideal_box_eigenpro_corrected,1255,0.021063504141264705
ideal_box_eigenpro_corrected,1256,0.021063504141261576
ideal_box_eigenpro_corrected,1257,0.02106350414125747
ideal_box_eigenpro_corrected,1258,0.021063504141255653
ideal_box_eigenpro_corrected,1259,0.021063504141251358
ideal_box_eigenpro_corrected,1260,0.021063504141248614
ideal_box_eigenpro_corrected,1261,0.02106350414124603
ideal_box_eigenpro_corrected,1262,0.02106350414124356
ideal_box_eigenpro_corrected,1263,0.021063504141241297
ideal_box_eigenpro_corrected,1264,0.02106350414123894
ideal_box_eigenpro_corrected,1265,0.021063504141235746
ideal_box_eigenpro_corrected,1266,0.02106350414123379
ideal_box_eigenpro_corrected,1267,0.021063504141228647
ideal_box_eigenpro_corrected,1268,0.021063504141226274
ideal_box_eigenpro_corrected,1269,0.021063504141222825
ideal_box_eigenpro_corrected,1270,0.021063504141220775
ideal_box_eigenpro_corrected,1271,0.02106350414121836
ideal_box_eigenpro_corrected,1272,0.021063504141214447
ideal_box_eigenpro_corrected,1273,0.021063504141212195
ideal_box_eigenpro_corrected,1274,0.02106350414121092
ideal_box_eigenpro_corrected,1275,0.021063504141205787
ideal_box_eigenpro_corrected,1276,0.021063504141203053
ideal_box_eigenpro_corrected,1277,0.021063504141200205
ideal_box_eigenpro_corrected,1278,0.021063504141198494
ideal_box_eigenpro_corrected,1279,0.02106350414119687
ideal_box_eigenpro_corrected,1280,0.021063504141194463
ideal_box_eigenpro_corrected,1281,0.021063504141189977
ideal_box_eigenpro_corrected,1282,0.02106350414118884
ideal_box_eigenpro_corrected,1283,0.02106350414118446
ideal_box_eigenpro_corrected,1284,0.021063504141181775
ideal_box_eigenpro_corrected,1285,0.021063504141179572
ideal_box_eigenpro_corrected,1286,0.02106350414117643
ideal_box_eigenpro_corrected,1287,0.02106350414117435
ideal_box_eigenpro_corrected,1288,0.02106350414117222
ideal_box_eigenpro_corrected,1289,0.021063504141170995
ideal_box_eigenpro_corrected,1290,0.021063504141168303
ideal_box_eigenpro_corrected,1291,0.02106350414116481
ideal_box_eigenpro_corrected,1292,0.02106350414116357
ideal_box_eigenpro_corrected,1293,0.021063504141161656
ideal_box_eigenpro_corrected,1294,0.021063504141157253
ideal_box_eigenpro_corrected,1295,0.02106350414115456
ideal_box_eigenpro_corrected,1296,0.021063504141151185
ideal_box_eigenpro_corrected,1297,0.021063504141148638
ideal_box_eigenpro_corrected,1298,0.021063504141146785
ideal_box_eigenpro_corrected,1299,0.021063504141144843
ideal_box_eigenpro_corrected,1300,0.02106350414114451
ideal_box_eigenpro_corrected,1301,0.021063504141142178
ideal_box_eigenpro_corrected,1302,0.02106350414113775
ideal_box_eigenpro_corrected,1303,0.021063504141136016
ideal_box_eigenpro_corrected,1304,0.021063504141131614
ideal_box_eigenpro_corrected,1305,0.0210635041411299
ideal_box_eigenpro_corrected,1306,0.021063504141127447
ideal_box_eigenpro_corrected,1307,0.02106350414112562
ideal_box_eigenpro_corrected,1308,0.021063504141122593
ideal_box_eigenpro_corrected,1309,0.021063504141120237
ideal_box_eigenpro_corrected,1310,0.021063504141118586
ideal_box_eigenpro_corrected,1311,0.021063504141115835
ideal_box_eigenpro_corrected,1312,0.021063504141114422
ideal_box_eigenpro_corrected,1313,0.021063504141112015
ideal_box_eigenpro_corrected,1314,0.02106350414111035
ideal_box_eigenpro_corrected,1315,0.021063504141107005
ideal_box_eigenpro_corrected,1316,0.021063504141105353
ideal_box_eigenpro_corrected,1317,0.021063504141102737
ideal_box_eigenpro_corrected,1318,0.021063504141100597
ideal_box_eigenpro_corrected,1319,0.02106350414109924
ideal_box_eigenpro_corrected,1320,0.02106350414109679
ideal_box_eigenpro_corrected,1321,0.021063504141095507
ideal_box_eigenpro_corrected,1322,0.021063504141091413
ideal_box_eigenpro_corrected,1323,0.02106350414109031
ideal_box_eigenpro_corrected,1324,0.021063504141087843
ideal_box_eigenpro_corrected,1325,0.02106350414108605
ideal_box_eigenpro_corrected,1326,0.021063504141084127
ideal_box_eigenpro_corrected,1327,0.021063504141082896
ideal_box_eigenpro_corrected,1328,0.02106350414108114
ideal_box_eigenpro_corrected,1329,0.021063504141078576
ideal_box_eigenpro_corrected,1330,0.021063504141077532
ideal_box_eigenpro_corrected,1331,0.02106350414107412
ideal_box_eigenpro_corrected,1332,0.021063504141072522
ideal_box_eigenpro_corrected,1333,0.02106350414107043
ideal_box_eigenpro_corrected,1334,0.021063504141067956
ideal_box_eigenpro_corrected,1335,0.02106350414106508
ideal_box_eigenpro_corrected,1336,0.021063504141064098
ideal_box_eigenpro_corrected,1337,0.021063504141062013
ideal_box_eigenpro_corrected,1338,0.021063504141059865
ideal_box_eigenpro_corrected,1339,0.021063504141057652
ideal_box_eigenpro_corrected,1340,0.021063504141054762
ideal_box_eigenpro_corrected,1341,0.021063504141053645
ideal_box_eigenpro_corrected,1342,0.021063504141051667
ideal_box_eigenpro_corrected,1343,0.021063504141050883
ideal_box_eigenpro_corrected,1344,0.021063504141049096
ideal_box_eigenpro_corrected,1345,0.021063504141047518
ideal_box_eigenpro_corrected,1346,0.021063504141045776
ideal_box_eigenpro_corrected,1347,0.02106350414104442
ideal_box_eigenpro_corrected,1348,0.021063504141042133
ideal_box_eigenpro_corrected,1349,0.021063504141040627
ideal_box_eigenpro_corrected,1350,0.021063504141038376
ideal_box_eigenpro_corrected,1351,0.021063504141035676
ideal_box_eigenpro_corrected,1352,0.021063504141033133
ideal_box_eigenpro_corrected,1353,0.021063504141031645
ideal_box_eigenpro_corrected,1354,0.02106350414103043
ideal_box_eigenpro_corrected,1355,0.0210635041410268
ideal_box_eigenpro_corrected,1356,0.02106350414102523
ideal_box_eigenpro_corrected,1357,0.021063504141023617
ideal_box_eigenpro_corrected,1358,0.021063504141020727
ideal_box_eigenpro_corrected,1359,0.021063504141020185
ideal_box_eigenpro_corrected,1360,0.02106350414101918
ideal_box_eigenpro_corrected,1361,0.021063504141017864
ideal_box_eigenpro_corrected,1362,0.02106350414101633
ideal_box_eigenpro_corrected,1363,0.021063504141013815
ideal_box_eigenpro_corrected,1364,0.021063504141011907
ideal_box_eigenpro_corrected,1365,0.02106350414100947
ideal_box_eigenpro_corrected,1366,0.0210635041410085
ideal_box_eigenpro_corrected,1367,0.021063504141006523
ideal_box_eigenpro_corrected,1368,0.021063504141005267
ideal_box_eigenpro_corrected,1369,0.021063504141003025
ideal_box_eigenpro_corrected,1370,0.021063504141000174
ideal_box_eigenpro_corrected,1371,0.021063504140999386
ideal_box_eigenpro_corrected,1372,0.021063504140998092
ideal_box_eigenpro_corrected,1373,0.021063504140993724
ideal_box_eigenpro_corrected,1374,0.021063504140993266
ideal_box_eigenpro_corrected,1375,0.021063504140991333
ideal_box_eigenpro_corrected,1376,0.02106350414098967
ideal_box_eigenpro_corrected,1377,0.021063504140988527
ideal_box_eigenpro_corrected,1378,0.0210635041409866
ideal_box_eigenpro_corrected,1379,0.02106350414098543
ideal_box_eigenpro_corrected,1380,0.021063504140983673
ideal_box_eigenpro_corrected,1381,0.021063504140981883
ideal_box_eigenpro_corrected,1382,0.02106350414098115
ideal_box_eigenpro_corrected,1383,0.021063504140979274
ideal_box_eigenpro_corrected,1384,0.021063504140978368
ideal_box_eigenpro_corrected,1385,0.02106350414097766
ideal_box_eigenpro_corrected,1386,0.021063504140975572
ideal_box_eigenpro_corrected,1387,0.021063504140972703
ideal_box_eigenpro_corrected,1388,0.0210635041409714
ideal_box_eigenpro_corrected,1389,0.02106350414097052
ideal_box_eigenpro_corrected,1390,0.021063504140968452
ideal_box_eigenpro_corrected,1391,0.02106350414096572
ideal_box_eigenpro_corrected,1392,0.021063504140965004
ideal_box_eigenpro_corrected,1393,0.021063504140963717
ideal_box_eigenpro_corrected,1394,0.02106350414096298
ideal_box_eigenpro_corrected,1395,0.021063504140961253
ideal_box_eigenpro_corrected,1396,0.02106350414095911
ideal_box_eigenpro_corrected,1397,0.021063504140956684
ideal_box_eigenpro_corrected,1398,0.021063504140955442
ideal_box_eigenpro_corrected,1399,0.0210635041409542
ideal_box_eigenpro_corrected,1400,0.021063504140953142
ideal_box_eigenpro_corrected,1401,0.021063504140950626
ideal_box_eigenpro_corrected,1402,0.02106350414095013
ideal_box_eigenpro_corrected,1403,0.021063504140947903
ideal_box_eigenpro_corrected,1404,0.02106350414094683
ideal_box_eigenpro_corrected,1405,0.021063504140945658
ideal_box_eigenpro_corrected,1406,0.021063504140943233
ideal_box_eigenpro_corrected,1407,0.021063504140942074
ideal_box_eigenpro_corrected,1408,0.021063504140940215
ideal_box_eigenpro_corrected,1409,0.021063504140938032
ideal_box_eigenpro_corrected,1410,0.02106350414093738
ideal_box_eigenpro_corrected,1411,0.02106350414093476
ideal_box_eigenpro_corrected,1412,0.021063504140934438
ideal_box_eigenpro_corrected,1413,0.02106350414093192
ideal_box_eigenpro_corrected,1414,0.021063504140931083
ideal_box_eigenpro_corrected,1415,0.021063504140929692
ideal_box_eigenpro_corrected,1416,0.021063504140928096
ideal_box_eigenpro_corrected,1417,0.02106350414092633
ideal_box_eigenpro_corrected,1418,0.021063504140925577
ideal_box_eigenpro_corrected,1419,0.021063504140923308
ideal_box_eigenpro_corrected,1420,0.021063504140922784
ideal_box_eigenpro_corrected,1421,0.02106350414092
ideal_box_eigenpro_corrected,1422,0.021063504140919037
ideal_box_eigenpro_corrected,1423,0.021063504140917913
ideal_box_eigenpro_corrected,1424,0.0210635041409164
ideal_box_eigenpro_corrected,1425,0.021063504140915058
ideal_box_eigenpro_corrected,1426,0.02106350414091356
ideal_box_eigenpro_corrected,1427,0.021063504140912473
ideal_box_eigenpro_corrected,1428,0.021063504140910478
ideal_box_eigenpro_corrected,1429,0.02106350414090913
ideal_box_eigenpro_corrected,1430,0.021063504140906568
ideal_box_eigenpro_corrected,1431,0.021063504140905114
ideal_box_eigenpro_corrected,1432,0.021063504140904736
ideal_box_eigenpro_corrected,1433,0.021063504140903164
ideal_box_eigenpro_corrected,1434,0.021063504140902304
ideal_box_eigenpro_corrected,1435,0.021063504140900736
ideal_box_eigenpro_corrected,1436,0.021063504140899265
ideal_box_eigenpro_corrected,1437,0.02106350414089854
ideal_box_eigenpro_corrected,1438,0.02106350414089724
ideal_box_eigenpro_corrected,1439,0.02106350414089674
ideal_box_eigenpro_corrected,1440,0.021063504140894456
ideal_box_eigenpro_corrected,1441,0.021063504140893058
ideal_box_eigenpro_corrected,1442,0.02106350414089177
ideal_box_eigenpro_corrected,1443,0.021063504140890872
ideal_box_eigenpro_corrected,1444,0.02106350414088908
ideal_box_eigenpro_corrected,1445,0.021063504140886605
ideal_box_eigenpro_corrected,1446,0.021063504140885488
ideal_box_eigenpro_corrected,1447,0.02106350414088486
ideal_box_eigenpro_corrected,1448,0.02106350414088328
ideal_box_eigenpro_corrected,1449,0.02106350414088227
ideal_box_eigenpro_corrected,1450,0.021063504140880603
ideal_box_eigenpro_corrected,1451,0.021063504140879173
ideal_box_eigenpro_corrected,1452,0.021063504140877935
ideal_box_eigenpro_corrected,1453,0.021063504140875853
ideal_box_eigenpro_corrected,1454,0.02106350414087526
ideal_box_eigenpro_corrected,1455,0.021063504140874368
ideal_box_eigenpro_corrected,1456,0.021063504140873688
ideal_box_eigenpro_corrected,1457,0.021063504140872553
ideal_box_eigenpro_corrected,1458,0.021063504140870527
ideal_box_eigenpro_corrected,1459,0.021063504140869195
ideal_box_eigenpro_corrected,1460,0.02106350414086799
ideal_box_eigenpro_corrected,1461,0.02106350414086716
ideal_box_eigenpro_corrected,1462,0.0210635041408647
ideal_box_eigenpro_corrected,1463,0.021063504140863866
ideal_box_eigenpro_corrected,1464,0.021063504140863287
ideal_box_eigenpro_corrected,1465,0.021063504140861708
ideal_box_eigenpro_corrected,1466,0.021063504140860854
ideal_box_eigenpro_corrected,1467,0.02106350414085977
ideal_box_eigenpro_corrected,1468,0.021063504140858145
ideal_box_eigenpro_corrected,1469,0.021063504140857517
ideal_box_eigenpro_corrected,1470,0.02106350414085638
ideal_box_eigenpro_corrected,1471,0.02106350414085532
ideal_box_eigenpro_corrected,1472,0.021063504140853333
ideal_box_eigenpro_corrected,1473,0.021063504140852014
ideal_box_eigenpro_corrected,1474,0.021063504140850505
ideal_box_eigenpro_corrected,1475,0.021063504140849423
ideal_box_eigenpro_corrected,1476,0.021063504140848552
ideal_box_eigenpro_corrected,1477,0.021063504140847025
ideal_box_eigenpro_corrected,1478,0.021063504140846245
ideal_box_eigenpro_corrected,1479,0.02106350414084551
ideal_box_eigenpro_corrected,1480,0.021063504140844083
ideal_box_eigenpro_corrected,1481,0.021063504140843268
ideal_box_eigenpro_corrected,1482,0.02106350414084174
ideal_box_eigenpro_corrected,1483,0.021063504140841
ideal_box_eigenpro_corrected,1484,0.021063504140839504
ideal_box_eigenpro_corrected,1485,0.02106350414083789
ideal_box_eigenpro_corrected,1486,0.021063504140836627
ideal_box_eigenpro_corrected,1487,0.021063504140835975
ideal_box_eigenpro_corrected,1488,0.021063504140833772
ideal_box_eigenpro_corrected,1489,0.02106350414083302
ideal_box_eigenpro_corrected,1490,0.021063504140832526
ideal_box_eigenpro_corrected,1491,0.02106350414083152
ideal_box_eigenpro_corrected,1492,0.021063504140829994
ideal_box_eigenpro_corrected,1493,0.02106350414082896
ideal_box_eigenpro_corrected,1494,0.021063504140827603
ideal_box_eigenpro_corrected,1495,0.021063504140826743
ideal_box_eigenpro_corrected,1496,0.021063504140826195
ideal_box_eigenpro_corrected,1497,0.02106350414082506
ideal_box_eigenpro_corrected,1498,0.021063504140823502
ideal_box_eigenpro_corrected,1499,0.021063504140822555
ideal_box_eigenpro_corrected,1500,0.021063504140821778
ideal_box_eigenpro_corrected,1501,0.021063504140820425
ideal_box_eigenpro_corrected,1502,0.021063504140819863
ideal_box_eigenpro_corrected,1503,0.02106350414081851
ideal_box_eigenpro_corrected,1504,0.02106350414081728
ideal_box_eigenpro_corrected,1505,0.021063504140815707
ideal_box_eigenpro_corrected,1506,0.02106350414081459
ideal_box_eigenpro_corrected,1507,0.02106350414081394
ideal_box_eigenpro_corrected,1508,0.02106350414081273
ideal_box_eigenpro_corrected,1509,0.021063504140811453
ideal_box_eigenpro_corrected,1510,0.021063504140810485
ideal_box_eigenpro_corrected,1511,0.02106350414080914
ideal_box_eigenpro_corrected,1512,0.021063504140808303
ideal_box_eigenpro_corrected,1513,0.021063504140807515
ideal_box_eigenpro_corrected,1514,0.02106350414080583
ideal_box_eigenpro_corrected,1515,0.02106350414080466
ideal_box_eigenpro_corrected,1516,0.02106350414080254
ideal_box_eigenpro_corrected,1517,0.021063504140802276
ideal_box_eigenpro_corrected,1518,0.021063504140801048
ideal_box_eigenpro_corrected,1519,0.021063504140800222
ideal_box_eigenpro_corrected,1520,0.02106350414079964
ideal_box_eigenpro_corrected,1521,0.02106350414079854
ideal_box_eigenpro_corrected,1522,0.02106350414079797
ideal_box_eigenpro_corrected,1523,0.02106350414079588
ideal_box_eigenpro_corrected,1524,0.02106350414079484
ideal_box_eigenpro_corrected,1525,0.02106350414079433
ideal_box_eigenpro_corrected,1526,0.0210635041407939
ideal_box_eigenpro_corrected,1527,0.02106350414079249
ideal_box_eigenpro_corrected,1528,0.021063504140791507
ideal_box_eigenpro_corrected,1529,0.02106350414079061
ideal_box_eigenpro_corrected,1530,0.02106350414078888
ideal_box_eigenpro_corrected,1531,0.02106350414078812
ideal_box_eigenpro_corrected,1532,0.021063504140786955
ideal_box_eigenpro_corrected,1533,0.021063504140786067
ideal_box_eigenpro_corrected,1534,0.021063504140784766
ideal_box_eigenpro_corrected,1535,0.02106350414078373
ideal_box_eigenpro_corrected,1536,0.021063504140782254
ideal_box_eigenpro_corrected,1537,0.021063504140781543
ideal_box_eigenpro_corrected,1538,0.02106350414078075
ideal_box_eigenpro_corrected,1539,0.021063504140780072
ideal_box_eigenpro_corrected,1540,0.021063504140779163
ideal_box_eigenpro_corrected,1541,0.02106350414077863
ideal_box_eigenpro_corrected,1542,0.021063504140777928
ideal_box_eigenpro_corrected,1543,0.02106350414077617
ideal_box_eigenpro_corrected,1544,0.02106350414077468
ideal_box_eigenpro_corrected,1545,0.021063504140773674
ideal_box_eigenpro_corrected,1546,0.021063504140771933
ideal_box_eigenpro_corrected,1547,0.0210635041407712
ideal_box_eigenpro_corrected,1548,0.021063504140769886
ideal_box_eigenpro_corrected,1549,0.02106350414076911
ideal_box_eigenpro_corrected,1550,0.021063504140768703
ideal_box_eigenpro_corrected,1551,0.021063504140767603
ideal_box_eigenpro_corrected,1552,0.02106350414076711
ideal_box_eigenpro_corrected,1553,0.021063504140766007
ideal_box_eigenpro_corrected,1554,0.021063504140765528
ideal_box_eigenpro_corrected,1555,0.021063504140764615
ideal_box_eigenpro_corrected,1556,0.021063504140763873
ideal_box_eigenpro_corrected,1557,0.021063504140762086
ideal_box_eigenpro_corrected,1558,0.021063504140760903
ideal_box_eigenpro_corrected,1559,0.021063504140760365
ideal_box_eigenpro_corrected,1560,0.021063504140758936
ideal_box_eigenpro_corrected,1561,0.02106350414075791
ideal_box_eigenpro_corrected,1562,0.021063504140757253
ideal_box_eigenpro_corrected,1563,0.021063504140756816
ideal_box_eigenpro_corrected,1564,0.02106350414075651
ideal_box_eigenpro_corrected,1565,0.021063504140754995
ideal_box_eigenpro_corrected,1566,0.021063504140754166
ideal_box_eigenpro_corrected,1567,0.021063504140752237
ideal_box_eigenpro_corrected,1568,0.02106350414075157
ideal_box_eigenpro_corrected,1569,0.02106350414074997
ideal_box_eigenpro_corrected,1570,0.02106350414074911
ideal_box_eigenpro_corrected,1571,0.021063504140748503
ideal_box_eigenpro_corrected,1572,0.021063504140747882
ideal_box_eigenpro_corrected,1573,0.021063504140746838
ideal_box_eigenpro_corrected,1574,0.021063504140746703
ideal_box_eigenpro_corrected,1575,0.02106350414074514
ideal_box_eigenpro_corrected,1576,0.021063504140744625
ideal_box_eigenpro_corrected,1577,0.021063504140743414
ideal_box_eigenpro_corrected,1578,0.02106350414074194
ideal_box_eigenpro_corrected,1579,0.02106350414074156
ideal_box_eigenpro_corrected,1580,0.02106350414074068
ideal_box_eigenpro_corrected,1581,0.021063504140740402
ideal_box_eigenpro_corrected,1582,0.021063504140739445
ideal_box_eigenpro_corrected,1583,0.021063504140737703
ideal_box_eigenpro_corrected,1584,0.02106350414073681
ideal_box_eigenpro_corrected,1585,0.02106350414073635
ideal_box_eigenpro_corrected,1586,0.02106350414073579
ideal_box_eigenpro_corrected,1587,0.02106350414073419
ideal_box_eigenpro_corrected,1588,0.02106350414073369
ideal_box_eigenpro_corrected,1589,0.02106350414073289
ideal_box_eigenpro_corrected,1590,0.02106350414073259
ideal_box_eigenpro_corrected,1591,0.021063504140731774
ideal_box_eigenpro_corrected,1592,0.021063504140730924
ideal_box_eigenpro_corrected,1593,0.02106350414072972
ideal_box_eigenpro_corrected,1594,0.021063504140729526
ideal_box_eigenpro_corrected,1595,0.021063504140728658
ideal_box_eigenpro_corrected,1596,0.02106350414072737
ideal_box_eigenpro_corrected,1597,0.021063504140726438
ideal_box_eigenpro_corrected,1598,0.021063504140725928
ideal_box_eigenpro_corrected,1599,0.0210635041407246
ideal_box_eigenpro_corrected,1600,0.021063504140723683
ideal_box_eigenpro_corrected,1601,0.021063504140722465
ideal_box_eigenpro_corrected,1602,0.02106350414072174
ideal_box_eigenpro_corrected,1603,0.021063504140720887
ideal_box_eigenpro_corrected,1604,0.021063504140720484
ideal_box_eigenpro_corrected,1605,0.021063504140718947
ideal_box_eigenpro_corrected,1606,0.02106350414071724
ideal_box_eigenpro_corrected,1607,0.021063504140716664
ideal_box_eigenpro_corrected,1608,0.021063504140715682
ideal_box_eigenpro_corrected,1609,0.021063504140715082
ideal_box_eigenpro_corrected,1610,0.021063504140714163
ideal_box_eigenpro_corrected,1611,0.02106350414071338
ideal_box_eigenpro_corrected,1612,0.021063504140711814
ideal_box_eigenpro_corrected,1613,0.021063504140710964
ideal_box_eigenpro_corrected,1614,0.021063504140710423
ideal_box_eigenpro_corrected,1615,0.02106350414070974
ideal_box_eigenpro_corrected,1616,0.021063504140707952
ideal_box_eigenpro_corrected,1617,0.02106350414070722
ideal_box_eigenpro_corrected,1618,0.021063504140706606
ideal_box_eigenpro_corrected,1619,0.021063504140705402
ideal_box_eigenpro_corrected,1620,0.021063504140704976
ideal_box_eigenpro_corrected,1621,0.02106350414070415
ideal_box_eigenpro_corrected,1622,0.0210635041407034
ideal_box_eigenpro_corrected,1623,0.021063504140702606
ideal_box_eigenpro_corrected,1624,0.021063504140701926
ideal_box_eigenpro_corrected,1625,0.021063504140701392
ideal_box_eigenpro_corrected,1626,0.02106350414070068
ideal_box_eigenpro_corrected,1627,0.021063504140700365
ideal_box_eigenpro_corrected,1628,0.02106350414069957
ideal_box_eigenpro_corrected,1629,0.02106350414069885
ideal_box_eigenpro_corrected,1630,0.02106350414069732
ideal_box_eigenpro_corrected,1631,0.021063504140695775
ideal_box_eigenpro_corrected,1632,0.0210635041406948
ideal_box_eigenpro_corrected,1633,0.02106350414069447
ideal_box_eigenpro_corrected,1634,0.02106350414069344
ideal_box_eigenpro_corrected,1635,0.02106350414069247
ideal_box_eigenpro_corrected,1636,0.021063504140691792
ideal_box_eigenpro_corrected,1637,0.021063504140690973
ideal_box_eigenpro_corrected,1638,0.021063504140690092
ideal_box_eigenpro_corrected,1639,0.021063504140689665
ideal_box_eigenpro_corrected,1640,0.021063504140688784
ideal_box_eigenpro_corrected,1641,0.021063504140688142
ideal_box_eigenpro_corrected,1642,0.021063504140687403
ideal_box_eigenpro_corrected,1643,0.021063504140686137
ideal_box_eigenpro_corrected,1644,0.021063504140685356
ideal_box_eigenpro_corrected,1645,0.021063504140685002
ideal_box_eigenpro_corrected,1646,0.02106350414068375
ideal_box_eigenpro_corrected,1647,0.02106350414068331
ideal_box_eigenpro_corrected,1648,0.021063504140681998
ideal_box_eigenpro_corrected,1649,0.021063504140681318
ideal_box_eigenpro_corrected,1650,0.02106350414068022
ideal_box_eigenpro_corrected,1651,0.02106350414068
ideal_box_eigenpro_corrected,1652,0.021063504140678296
ideal_box_eigenpro_corrected,1653,0.0210635041406774
ideal_box_eigenpro_corrected,1654,0.021063504140677217
ideal_box_eigenpro_corrected,1655,0.021063504140675742
ideal_box_eigenpro_corrected,1656,0.021063504140675343
ideal_box_eigenpro_corrected,1657,0.02106350414067454
ideal_box_eigenpro_corrected,1658,0.021063504140673837
ideal_box_eigenpro_corrected,1659,0.021063504140672994
ideal_box_eigenpro_corrected,1660,0.02106350414067158
ideal_box_eigenpro_corrected,1661,0.021063504140671388
ideal_box_eigenpro_corrected,1662,0.02106350414066978
ideal_box_eigenpro_corrected,1663,0.02106350414066945
ideal_box_eigenpro_corrected,1664,0.02106350414066849
ideal_box_eigenpro_corrected,1665,0.021063504140667707
ideal_box_eigenpro_corrected,1666,0.021063504140667336
ideal_box_eigenpro_corrected,1667,0.021063504140666104
ideal_box_eigenpro_corrected,1668,0.021063504140665462
ideal_box_eigenpro_corrected,1669,0.021063504140664765
ideal_box_eigenpro_corrected,1670,0.021063504140664116
ideal_box_eigenpro_corrected,1671,0.021063504140663495
ideal_box_eigenpro_corrected,1672,0.021063504140662676
ideal_box_eigenpro_corrected,1673,0.021063504140661493
ideal_box_eigenpro_corrected,1674,0.02106350414066083
ideal_box_eigenpro_corrected,1675,0.02106350414066006
ideal_box_eigenpro_corrected,1676,0.021063504140659488
ideal_box_eigenpro_corrected,1677,0.02106350414065817
ideal_box_eigenpro_corrected,1678,0.02106350414065778
ideal_box_eigenpro_corrected,1679,0.02106350414065647
ideal_box_eigenpro_corrected,1680,0.02106350414065517
ideal_box_eigenpro_corrected,1681,0.021063504140654565
ideal_box_eigenpro_corrected,1682,0.02106350414065375
ideal_box_eigenpro_corrected,1683,0.021063504140652747
ideal_box_eigenpro_corrected,1684,0.02106350414065164
ideal_box_eigenpro_corrected,1685,0.021063504140650845
ideal_box_eigenpro_corrected,1686,0.021063504140649888
ideal_box_eigenpro_corrected,1687,0.02106350414064903
ideal_box_eigenpro_corrected,1688,0.021063504140648122
ideal_box_eigenpro_corrected,1689,0.021063504140647817
ideal_box_eigenpro_corrected,1690,0.021063504140647286
ideal_box_eigenpro_corrected,1691,0.021063504140646457
ideal_box_eigenpro_corrected,1692,0.021063504140644892
ideal_box_eigenpro_corrected,1693,0.02106350414064448
ideal_box_eigenpro_corrected,1694,0.021063504140643848
ideal_box_eigenpro_corrected,1695,0.02106350414064326
ideal_box_eigenpro_corrected,1696,0.021063504140641703
ideal_box_eigenpro_corrected,1697,0.02106350414064071
ideal_box_eigenpro_corrected,1698,0.021063504140640496
ideal_box_eigenpro_corrected,1699,0.02106350414063978
ideal_box_eigenpro_corrected,1700,0.021063504140639344
ideal_box_eigenpro_corrected,1701,0.02106350414063811
ideal_box_eigenpro_corrected,1702,0.021063504140637346
ideal_box_eigenpro_corrected,1703,0.02106350414063641
ideal_box_eigenpro_corrected,1704,0.021063504140635594
ideal_box_eigenpro_corrected,1705,0.0210635041406347
ideal_box_eigenpro_corrected,1706,0.021063504140633953
ideal_box_eigenpro_corrected,1707,0.021063504140633068
ideal_box_eigenpro_corrected,1708,0.02106350414063177
ideal_box_eigenpro_corrected,1709,0.021063504140631278
ideal_box_eigenpro_corrected,1710,0.021063504140630043
ideal_box_eigenpro_corrected,1711,0.021063504140629376
ideal_box_eigenpro_corrected,1712,0.02106350414062865
ideal_box_eigenpro_corrected,1713,0.02106350414062775
ideal_box_eigenpro_corrected,1714,0.02106350414062652
ideal_box_eigenpro_corrected,1715,0.021063504140625747
ideal_box_eigenpro_corrected,1716,0.02106350414062458
ideal_box_eigenpro_corrected,1717,0.021063504140623985
ideal_box_eigenpro_corrected,1718,0.021063504140623045
ideal_box_eigenpro_corrected,1719,0.02106350414062253
ideal_box_eigenpro_corrected,1720,0.021063504140621362
ideal_box_eigenpro_corrected,1721,0.02106350414062083
ideal_box_eigenpro_corrected,1722,0.02106350414061971
ideal_box_eigenpro_corrected,1723,0.021063504140619256
ideal_box_eigenpro_corrected,1724,0.021063504140618104
ideal_box_eigenpro_corrected,1725,0.021063504140616782
ideal_box_eigenpro_corrected,1726,0.02106350414061645
ideal_box_eigenpro_corrected,1727,0.021063504140615863
ideal_box_eigenpro_corrected,1728,0.02106350414061436
ideal_box_eigenpro_corrected,1729,0.021063504140613778
ideal_box_eigenpro_corrected,1730,0.021063504140612897
ideal_box_eigenpro_corrected,1731,0.021063504140612383
ideal_box_eigenpro_corrected,1732,0.02106350414061171
ideal_box_eigenpro_corrected,1733,0.021063504140609875
ideal_box_eigenpro_corrected,1734,0.02106350414060948
ideal_box_eigenpro_corrected,1735,0.02106350414060911
ideal_box_eigenpro_corrected,1736,0.02106350414060854
ideal_box_eigenpro_corrected,1737,0.021063504140606933
ideal_box_eigenpro_corrected,1738,0.02106350414060633
ideal_box_eigenpro_corrected,1739,0.021063504140604747
ideal_box_eigenpro_corrected,1740,0.021063504140604067
ideal_box_eigenpro_corrected,1741,0.021063504140603383
ideal_box_eigenpro_corrected,1742,0.021063504140602478
ideal_box_eigenpro_corrected,1743,0.021063504140601937
ideal_box_eigenpro_corrected,1744,0.021063504140601513
ideal_box_eigenpro_corrected,1745,0.021063504140600528
ideal_box_eigenpro_corrected,1746,0.021063504140599838
ideal_box_eigenpro_corrected,1747,0.021063504140598984
ideal_box_eigenpro_corrected,1748,0.021063504140597992
ideal_box_eigenpro_corrected,1749,0.021063504140596278
ideal_box_eigenpro_corrected,1750,0.021063504140595563
ideal_box_eigenpro_corrected,1751,0.021063504140594474
ideal_box_eigenpro_corrected,1752,0.02106350414059386
ideal_box_eigenpro_corrected,1753,0.021063504140592763
ideal_box_eigenpro_corrected,1754,0.021063504140592118
ideal_box_eigenpro_corrected,1755,0.021063504140591244
ideal_box_eigenpro_corrected,1756,0.021063504140590415
ideal_box_eigenpro_corrected,1757,0.021063504140588673
ideal_box_eigenpro_corrected,1758,0.021063504140587976
ideal_box_eigenpro_corrected,1759,0.02106350414058732
ideal_box_eigenpro_corrected,1760,0.021063504140586862
ideal_box_eigenpro_corrected,1761,0.021063504140585543
ideal_box_eigenpro_corrected,1762,0.02106350414058496
ideal_box_eigenpro_corrected,1763,0.02106350414058348
ideal_box_eigenpro_corrected,1764,0.02106350414058304
ideal_box_eigenpro_corrected,1765,0.02106350414058209
ideal_box_eigenpro_corrected,1766,0.02106350414058122
ideal_box_eigenpro_corrected,1767,0.021063504140579982
ideal_box_eigenpro_corrected,1768,0.02106350414057909
ideal_box_eigenpro_corrected,1769,0.021063504140578344
ideal_box_eigenpro_corrected,1770,0.021063504140577765
ideal_box_eigenpro_corrected,1771,0.02106350414057626
ideal_box_eigenpro_corrected,1772,0.02106350414057548
ideal_box_eigenpro_corrected,1773,0.021063504140574514
ideal_box_eigenpro_corrected,1774,0.02106350414057384
ideal_box_eigenpro_corrected,1775,0.021063504140572707
ideal_box_eigenpro_corrected,1776,0.021063504140572033
ideal_box_eigenpro_corrected,1777,0.02106350414057069
ideal_box_eigenpro_corrected,1778,0.021063504140569827
ideal_box_eigenpro_corrected,1779,0.021063504140568602
ideal_box_eigenpro_corrected,1780,0.021063504140567835
ideal_box_eigenpro_corrected,1781,0.02106350414056744
ideal_box_eigenpro_corrected,1782,0.021063504140566285
ideal_box_eigenpro_corrected,1783,0.021063504140564928
ideal_box_eigenpro_corrected,1784,0.02106350414056446
ideal_box_eigenpro_corrected,1785,0.021063504140563377
ideal_box_eigenpro_corrected,1786,0.02106350414056285
ideal_box_eigenpro_corrected,1787,0.021063504140561493
ideal_box_eigenpro_corrected,1788,0.021063504140560668
ideal_box_eigenpro_corrected,1789,0.021063504140558978
ideal_box_eigenpro_corrected,1790,0.021063504140558534
ideal_box_eigenpro_corrected,1791,0.021063504140557944
ideal_box_eigenpro_corrected,1792,0.02106350414055579
ideal_box_eigenpro_corrected,1793,0.021063504140554672
ideal_box_eigenpro_corrected,1794,0.021063504140553448
ideal_box_eigenpro_corrected,1795,0.021063504140552986
ideal_box_eigenpro_corrected,1796,0.021063504140552112
ideal_box_eigenpro_corrected,1797,0.021063504140551338
ideal_box_eigenpro_corrected,1798,0.02106350414055035
ideal_box_eigenpro_corrected,1799,0.021063504140549597
ideal_box_eigenpro_corrected,1800,0.021063504140548087
ideal_box_eigenpro_corrected,1801,0.021063504140547022
ideal_box_eigenpro_corrected,1802,0.02106350414054572
ideal_box_eigenpro_corrected,1803,0.021063504140545235
ideal_box_eigenpro_corrected,1804,0.0210635041405437
ideal_box_eigenpro_corrected,1805,0.021063504140542606
ideal_box_eigenpro_corrected,1806,0.02106350414054155
ideal_box_eigenpro_corrected,1807,0.021063504140541082
ideal_box_eigenpro_corrected,1808,0.02106350414054041
ideal_box_eigenpro_corrected,1809,0.021063504140538883
ideal_box_eigenpro_corrected,1810,0.021063504140537696
ideal_box_eigenpro_corrected,1811,0.02106350414053717
ideal_box_eigenpro_corrected,1812,0.02106350414053579
ideal_box_eigenpro_corrected,1813,0.021063504140534473
ideal_box_eigenpro_corrected,1814,0.02106350414053338
ideal_box_eigenpro_corrected,1815,0.021063504140532093
ideal_box_eigenpro_corrected,1816,0.021063504140531243
ideal_box_eigenpro_corrected,1817,0.021063504140530147
ideal_box_eigenpro_corrected,1818,0.021063504140528964
ideal_box_eigenpro_corrected,1819,0.021063504140527923
ideal_box_eigenpro_corrected,1820,0.02106350414052737
ideal_box_eigenpro_corrected,1821,0.021063504140526622
ideal_box_eigenpro_corrected,1822,0.021063504140524693
ideal_box_eigenpro_corrected,1823,0.021063504140523135
ideal_box_eigenpro_corrected,1824,0.02106350414052227
ideal_box_eigenpro_corrected,1825,0.021063504140521497
ideal_box_eigenpro_corrected,1826,0.021063504140521154
ideal_box_eigenpro_corrected,1827,0.021063504140519156
ideal_box_eigenpro_corrected,1828,0.021063504140517983
ideal_box_eigenpro_corrected,1829,0.02106350414051743
ideal_box_eigenpro_corrected,1830,0.021063504140516554
ideal_box_eigenpro_corrected,1831,0.02106350414051582
ideal_box_eigenpro_corrected,1832,0.02106350414051414
ideal_box_eigenpro_corrected,1833,0.021063504140513663
ideal_box_eigenpro_corrected,1834,0.02106350414051289
ideal_box_eigenpro_corrected,1835,0.021063504140510843
ideal_box_eigenpro_corrected,1836,0.0210635041405101
ideal_box_eigenpro_corrected,1837,0.021063504140508584
ideal_box_eigenpro_corrected,1838,0.021063504140506655
ideal_box_eigenpro_corrected,1839,0.02106350414050617
ideal_box_eigenpro_corrected,1840,0.021063504140504678
ideal_box_eigenpro_corrected,1841,0.02106350414050332
ideal_box_eigenpro_corrected,1842,0.02106350414050236
ideal_box_eigenpro_corrected,1843,0.021063504140501635
ideal_box_eigenpro_corrected,1844,0.021063504140501132
ideal_box_eigenpro_corrected,1845,0.021063504140500316
ideal_box_eigenpro_corrected,1846,0.021063504140497943
ideal_box_eigenpro_corrected,1847,0.021063504140497208
ideal_box_eigenpro_corrected,1848,0.021063504140495515
ideal_box_eigenpro_corrected,1849,0.0210635041404943
ideal_box_eigenpro_corrected,1850,0.02106350414049309
ideal_box_eigenpro_corrected,1851,0.021063504140492056
ideal_box_eigenpro_corrected,1852,0.021063504140490536
ideal_box_eigenpro_corrected,1853,0.021063504140489856
ideal_box_eigenpro_corrected,1854,0.021063504140488565
ideal_box_eigenpro_corrected,1855,0.021063504140487726
ideal_box_eigenpro_corrected,1856,0.021063504140486057
ideal_box_eigenpro_corrected,1857,0.021063504140484777
ideal_box_eigenpro_corrected,1858,0.021063504140483493
ideal_box_eigenpro_corrected,1859,0.02106350414048314
ideal_box_eigenpro_corrected,1860,0.021063504140482085
ideal_box_eigenpro_corrected,1861,0.021063504140480513
ideal_box_eigenpro_corrected,1862,0.021063504140478837
ideal_box_eigenpro_corrected,1863,0.021063504140478615
ideal_box_eigenpro_corrected,1864,0.02106350414047683
ideal_box_eigenpro_corrected,1865,0.02106350414047666
ideal_box_eigenpro_corrected,1866,0.0210635041404757
ideal_box_eigenpro_corrected,1867,0.02106350414047344
ideal_box_eigenpro_corrected,1868,0.021063504140471857
ideal_box_eigenpro_corrected,1869,0.021063504140470778
ideal_box_eigenpro_corrected,1870,0.021063504140469657
ideal_box_eigenpro_corrected,1871,0.021063504140468807
ideal_box_eigenpro_corrected,1872,0.02106350414046756
ideal_box_eigenpro_corrected,1873,0.021063504140464876
ideal_box_eigenpro_corrected,1874,0.021063504140464248
ideal_box_eigenpro_corrected,1875,0.02106350414046278
ideal_box_eigenpro_corrected,1876,0.021063504140461847
ideal_box_eigenpro_corrected,1877,0.021063504140460106
ideal_box_eigenpro_corrected,1878,0.021063504140459342
ideal_box_eigenpro_corrected,1879,0.021063504140457285
ideal_box_eigenpro_corrected,1880,0.021063504140456147
ideal_box_eigenpro_corrected,1881,0.021063504140454874
ideal_box_eigenpro_corrected,1882,0.021063504140453514
ideal_box_eigenpro_corrected,1883,0.021063504140452532
ideal_box_eigenpro_corrected,1884,0.02106350414045053
ideal_box_eigenpro_corrected,1885,0.02106350414044943
ideal_box_eigenpro_corrected,1886,0.021063504140447872
ideal_box_eigenpro_corrected,1887,0.02106350414044657
ideal_box_eigenpro_corrected,1888,0.02106350414044613
ideal_box_eigenpro_corrected,1889,0.021063504140444694
ideal_box_eigenpro_corrected,1890,0.021063504140443275
ideal_box_eigenpro_corrected,1891,0.02106350414044155
ideal_box_eigenpro_corrected,1892,0.02106350414043998
ideal_box_eigenpro_corrected,1893,0.021063504140439292
ideal_box_eigenpro_corrected,1894,0.021063504140438203
ideal_box_eigenpro_corrected,1895,0.021063504140436878
ideal_box_eigenpro_corrected,1896,0.021063504140434605
ideal_box_eigenpro_corrected,1897,0.021063504140433335
ideal_box_eigenpro_corrected,1898,0.02106350414043112
ideal_box_eigenpro_corrected,1899,0.021063504140430313
ideal_box_eigenpro_corrected,1900,0.02106350414042918
ideal_box_eigenpro_corrected,1901,0.02106350414042857
ideal_box_eigenpro_corrected,1902,0.021063504140427673
ideal_box_eigenpro_corrected,1903,0.02106350414042537
ideal_box_eigenpro_corrected,1904,0.021063504140423656
ideal_box_eigenpro_corrected,1905,0.021063504140422903
ideal_box_eigenpro_corrected,1906,0.021063504140421598
ideal_box_eigenpro_corrected,1907,0.02106350414041923
ideal_box_eigenpro_corrected,1908,0.021063504140417657
ideal_box_eigenpro_corrected,1909,0.0210635041404165
ideal_box_eigenpro_corrected,1910,0.021063504140413983
ideal_box_eigenpro_corrected,1911,0.021063504140412657
ideal_box_eigenpro_corrected,1912,0.02106350414041082
ideal_box_eigenpro_corrected,1913,0.021063504140408976
ideal_box_eigenpro_corrected,1914,0.021063504140407936
ideal_box_eigenpro_corrected,1915,0.02106350414040703
ideal_box_eigenpro_corrected,1916,0.021063504140404598
ideal_box_eigenpro_corrected,1917,0.02106350414040324
ideal_box_eigenpro_corrected,1918,0.021063504140402794
ideal_box_eigenpro_corrected,1919,0.02106350414040109
ideal_box_eigenpro_corrected,1920,0.021063504140399883
ideal_box_eigenpro_corrected,1921,0.02106350414039814
ideal_box_eigenpro_corrected,1922,0.02106350414039797
ideal_box_eigenpro_corrected,1923,0.02106350414039636
ideal_box_eigenpro_corrected,1924,0.021063504140393423
ideal_box_eigenpro_corrected,1925,0.021063504140392562
ideal_box_eigenpro_corrected,1926,0.021063504140390783
ideal_box_eigenpro_corrected,1927,0.021063504140388687
ideal_box_eigenpro_corrected,1928,0.021063504140386418
ideal_box_eigenpro_corrected,1929,0.021063504140385738
ideal_box_eigenpro_corrected,1930,0.021063504140384194
ideal_box_eigenpro_corrected,1931,0.021063504140382765
ideal_box_eigenpro_corrected,1932,0.02106350414038041
ideal_box_eigenpro_corrected,1933,0.02106350414037779
ideal_box_eigenpro_corrected,1934,0.02106350414037649
ideal_box_eigenpro_corrected,1935,0.021063504140374945
ideal_box_eigenpro_corrected,1936,0.021063504140374056
ideal_box_eigenpro_corrected,1937,0.02106350414037293
ideal_box_eigenpro_corrected,1938,0.02106350414037105
ideal_box_eigenpro_corrected,1939,0.021063504140369182
ideal_box_eigenpro_corrected,1940,0.021063504140367312
ideal_box_eigenpro_corrected,1941,0.02106350414036514
ideal_box_eigenpro_corrected,1942,0.021063504140362288
ideal_box_eigenpro_corrected,1943,0.021063504140360928
ideal_box_eigenpro_corrected,1944,0.02106350414036014
ideal_box_eigenpro_corrected,1945,0.021063504140357202
ideal_box_eigenpro_corrected,1946,0.021063504140355637
ideal_box_eigenpro_corrected,1947,0.02106350414035375
ideal_box_eigenpro_corrected,1948,0.021063504140353247
ideal_box_eigenpro_corrected,1949,0.021063504140350846
ideal_box_eigenpro_corrected,1950,0.021063504140349913
ideal_box_eigenpro_corrected,1951,0.021063504140348667
ideal_box_eigenpro_corrected,1952,0.021063504140347442
ideal_box_eigenpro_corrected,1953,0.021063504140345544
ideal_box_eigenpro_corrected,1954,0.02106350414034395
ideal_box_eigenpro_corrected,1955,0.021063504140341836
ideal_box_eigenpro_corrected,1956,0.021063504140340913
ideal_box_eigenpro_corrected,1957,0.02106350414033758
ideal_box_eigenpro_corrected,1958,0.021063504140335147
ideal_box_eigenpro_corrected,1959,0.021063504140333943
ideal_box_eigenpro_corrected,1960,0.021063504140332156
ideal_box_eigenpro_corrected,1961,0.021063504140331066
ideal_box_eigenpro_corrected,1962,0.02106350414032815
ideal_box_eigenpro_corrected,1963,0.021063504140325682
ideal_box_eigenpro_corrected,1964,0.02106350414032302
ideal_box_eigenpro_corrected,1965,0.021063504140321956
ideal_box_eigenpro_corrected,1966,0.021063504140320696
ideal_box_eigenpro_corrected,1967,0.021063504140318746
ideal_box_eigenpro_corrected,1968,0.021063504140317373
ideal_box_eigenpro_corrected,1969,0.021063504140314982
ideal_box_eigenpro_corrected,1970,0.021063504140312488
ideal_box_eigenpro_corrected,1971,0.021063504140311134
ideal_box_eigenpro_corrected,1972,0.02106350414030972
ideal_box_eigenpro_corrected,1973,0.021063504140307165
ideal_box_eigenpro_corrected,1974,0.02106350414030507
ideal_box_eigenpro_corrected,1975,0.02106350414030318
ideal_box_eigenpro_corrected,1976,0.02106350414030219
ideal_box_eigenpro_corrected,1977,0.021063504140299623
ideal_box_eigenpro_corrected,1978,0.02106350414029761
ideal_box_eigenpro_corrected,1979,0.021063504140295255
ideal_box_eigenpro_corrected,1980,0.021063504140294013
ideal_box_eigenpro_corrected,1981,0.021063504140291567
ideal_box_eigenpro_corrected,1982,0.021063504140289385
ideal_box_eigenpro_corrected,1983,0.02106350414028783
ideal_box_eigenpro_corrected,1984,0.021063504140284982
ideal_box_eigenpro_corrected,1985,0.021063504140283504
ideal_box_eigenpro_corrected,1986,0.021063504140281977
ideal_box_eigenpro_corrected,1987,0.021063504140279753
ideal_box_eigenpro_corrected,1988,0.021063504140278702
ideal_box_eigenpro_corrected,1989,0.021063504140275965
ideal_box_eigenpro_corrected,1990,0.021063504140275517
ideal_box_eigenpro_corrected,1991,0.021063504140271305
ideal_box_eigenpro_corrected,1992,0.02106350414026953
ideal_box_eigenpro_corrected,1993,0.021063504140268183
ideal_box_eigenpro_corrected,1994,0.02106350414026615
ideal_box_eigenpro_corrected,1995,0.0210635041402634
ideal_box_eigenpro_corrected,1996,0.021063504140261226
ideal_box_eigenpro_corrected,1997,0.021063504140259696
ideal_box_eigenpro_corrected,1998,0.02106350414025803
ideal_box_eigenpro_corrected,1999,0.021063504140255516
ideal_box_eigenpro_corrected,2000,0.021063504140252817
ideal_box_eigenpro_corrected,2001,0.021063504140250405
ideal_box_eigenpro_corrected,2002,0.02106350414024985
ideal_box_eigenpro_corrected,2003,0.021063504140248438
ideal_box_eigenpro_corrected,2004,0.021063504140247137
ideal_box_eigenpro_corrected,2005,0.021063504140244885
ideal_box_eigenpro_corrected,2006,0.02106350414024175
ideal_box_eigenpro_corrected,2007,0.021063504140241045
ideal_box_eigenpro_corrected,2008,0.02106350414023592
ideal_box_eigenpro_corrected,2009,0.02106350414023487
ideal_box_eigenpro_corrected,2010,0.021063504140232312
ideal_box_eigenpro_corrected,2011,0.021063504140229308
ideal_box_eigenpro_corrected,2012,0.021063504140228544
ideal_box_eigenpro_corrected,2013,0.02106350414022738
ideal_box_eigenpro_corrected,2014,0.021063504140224357
ideal_box_eigenpro_corrected,2015,0.02106350414022094
ideal_box_eigenpro_corrected,2016,0.021063504140220093
ideal_box_eigenpro_corrected,2017,0.02106350414021795
ideal_box_eigenpro_corrected,2018,0.021063504140213494
ideal_box_eigenpro_corrected,2019,0.021063504140211187
ideal_box_eigenpro_corrected,2020,0.021063504140209875
ideal_box_eigenpro_corrected,2021,0.021063504140208297
ideal_box_eigenpro_corrected,2022,0.021063504140207072
ideal_box_eigenpro_corrected,2023,0.021063504140202593
ideal_box_eigenpro_corrected,2024,0.021063504140199515
ideal_box_eigenpro_corrected,2025,0.021063504140195675
ideal_box_eigenpro_corrected,2026,0.021063504140194058
ideal_box_eigenpro_corrected,2027,0.02106350414019273
ideal_box_eigenpro_corrected,2028,0.02106350414019141
ideal_box_eigenpro_corrected,2029,0.021063504140188566
ideal_box_eigenpro_corrected,2030,0.021063504140186144
ideal_box_eigenpro_corrected,2031,0.02106350414018524
ideal_box_eigenpro_corrected,2032,0.021063504140181696
ideal_box_eigenpro_corrected,2033,0.021063504140179247
ideal_box_eigenpro_corrected,2034,0.021063504140177276
ideal_box_eigenpro_corrected,2035,0.02106350414017376
ideal_box_eigenpro_corrected,2036,0.021063504140170396
ideal_box_eigenpro_corrected,2037,0.02106350414016759
ideal_box_eigenpro_corrected,2038,0.021063504140166063
ideal_box_eigenpro_corrected,2039,0.02106350414016347
ideal_box_eigenpro_corrected,2040,0.021063504140160543
ideal_box_eigenpro_corrected,2041,0.021063504140158517
ideal_box_eigenpro_corrected,2042,0.021063504140156987
ideal_box_eigenpro_corrected,2043,0.021063504140154777
ideal_box_eigenpro_corrected,2044,0.02106350414015246
ideal_box_eigenpro_corrected,2045,0.021063504140147626
ideal_box_eigenpro_corrected,2046,0.021063504140145326
ideal_box_eigenpro_corrected,2047,0.021063504140142904
ideal_box_eigenpro_corrected,2048,0.02106350414013924
ideal_box_eigenpro_corrected,2049,0.021063504140136323
ideal_box_eigenpro_corrected,2050,0.02106350414013422
ideal_box_eigenpro_corrected,2051,0.021063504140132097
ideal_box_eigenpro_corrected,2052,0.02106350414012758
ideal_box_eigenpro_corrected,2053,0.021063504140126237
ideal_box_eigenpro_corrected,2054,0.021063504140122487
ideal_box_eigenpro_corrected,2055,0.021063504140119146
ideal_box_eigenpro_corrected,2056,0.02106350414011683
ideal_box_eigenpro_corrected,2057,0.02106350414011436
ideal_box_eigenpro_corrected,2058,0.02106350414011137
ideal_box_eigenpro_corrected,2059,0.02106350414010732
ideal_box_eigenpro_corrected,2060,0.0210635041401052
ideal_box_eigenpro_corrected,2061,0.021063504140102496
ideal_box_eigenpro_corrected,2062,0.021063504140100144
ideal_box_eigenpro_corrected,2063,0.021063504140098024
ideal_box_eigenpro_corrected,2064,0.02106350414009409
ideal_box_eigenpro_corrected,2065,0.021063504140090183
ideal_box_eigenpro_corrected,2066,0.021063504140088004
ideal_box_eigenpro_corrected,2067,0.02106350414008245
ideal_box_eigenpro_corrected,2068,0.021063504140080205
ideal_box_eigenpro_corrected,2069,0.02106350414007458
ideal_box_eigenpro_corrected,2070,0.021063504140071496
ideal_box_eigenpro_corrected,2071,0.021063504140067198
ideal_box_eigenpro_corrected,2072,0.02106350414006509
ideal_box_eigenpro_corrected,2073,0.021063504140063357
ideal_box_eigenpro_corrected,2074,0.02106350414005906
ideal_box_eigenpro_corrected,2075,0.021063504140055294
ideal_box_eigenpro_corrected,2076,0.02106350414005321
ideal_box_eigenpro_corrected,2077,0.021063504140046554
ideal_box_eigenpro_corrected,2078,0.0210635041400455
ideal_box_eigenpro_corrected,2079,0.02106350414004395
ideal_box_eigenpro_corrected,2080,0.02106350414004059
ideal_box_eigenpro_corrected,2081,0.021063504140036094
ideal_box_eigenpro_corrected,2082,0.021063504140033655
ideal_box_eigenpro_corrected,2083,0.02106350414003017
ideal_box_eigenpro_corrected,2084,0.0210635041400279
ideal_box_eigenpro_corrected,2085,0.021063504140025075
ideal_box_eigenpro_corrected,2086,0.021063504140021342
ideal_box_eigenpro_corrected,2087,0.021063504140018813
ideal_box_eigenpro_corrected,2088,0.021063504140014608
ideal_box_eigenpro_corrected,2089,0.021063504140011322
ideal_box_eigenpro_corrected,2090,0.021063504140008377
ideal_box_eigenpro_corrected,2091,0.021063504140001795
ideal_box_eigenpro_corrected,2092,0.02106350413999818
ideal_box_eigenpro_corrected,2093,0.021063504139995533
ideal_box_eigenpro_corrected,2094,0.021063504139989052
ideal_box_eigenpro_corrected,2095,0.021063504139985343
ideal_box_eigenpro_corrected,2096,0.021063504139982914
ideal_box_eigenpro_corrected,2097,0.021063504139977474
ideal_box_eigenpro_corrected,2098,0.02106350413997498
ideal_box_eigenpro_corrected,2099,0.021063504139973585
ideal_box_eigenpro_corrected,2100,0.021063504139969047
ideal_box_eigenpro_corrected,2101,0.021063504139962882
ideal_box_eigenpro_corrected,2102,0.021063504139959614
ideal_box_eigenpro_corrected,2103,0.02106350413995743
ideal_box_eigenpro_corrected,2104,0.021063504139953858
ideal_box_eigenpro_corrected,2105,0.02106350413994994
ideal_box_eigenpro_corrected,2106,0.021063504139944948
ideal_box_eigenpro_corrected,2107,0.021063504139942086
ideal_box_eigenpro_corrected,2108,0.021063504139938266
ideal_box_eigenpro_corrected,2109,0.021063504139933593
ideal_box_eigenpro_corrected,2110,0.021063504139928687
ideal_box_eigenpro_corrected,2111,0.02106350413992326
ideal_box_eigenpro_corrected,2112,0.021063504139920114
ideal_box_eigenpro_corrected,2113,0.02106350413991778
ideal_box_eigenpro_corrected,2114,0.02106350413991385
ideal_box_eigenpro_corrected,2115,0.02106350413991173
ideal_box_eigenpro_corrected,2116,0.02106350413990683
ideal_box_eigenpro_corrected,2117,0.02106350413990215
ideal_box_eigenpro_corrected,2118,0.021063504139897916
ideal_box_eigenpro_corrected,2119,0.02106350413989458
ideal_box_eigenpro_corrected,2120,0.021063504139890016
ideal_box_eigenpro_corrected,2121,0.021063504139883355
ideal_box_eigenpro_corrected,2122,0.021063504139881815
ideal_box_eigenpro_corrected,2123,0.02106350413987646
ideal_box_eigenpro_corrected,2124,0.0210635041398705
ideal_box_eigenpro_corrected,2125,0.021063504139866657
ideal_box_eigenpro_corrected,2126,0.02106350413986038
ideal_box_eigenpro_corrected,2127,0.021063504139855863
ideal_box_eigenpro_corrected,2128,0.02106350413985107
ideal_box_eigenpro_corrected,2129,0.021063504139848182
ideal_box_eigenpro_corrected,2130,0.02106350413984178
ideal_box_eigenpro_corrected,2131,0.021063504139838634
ideal_box_eigenpro_corrected,2132,0.021063504139831966
ideal_box_eigenpro_corrected,2133,0.021063504139828455
ideal_box_eigenpro_corrected,2134,0.021063504139824572
ideal_box_eigenpro_corrected,2135,0.021063504139816218
ideal_box_eigenpro_corrected,2136,0.02106350413981204
ideal_box_eigenpro_corrected,2137,0.021063504139804578
ideal_box_eigenpro_corrected,2138,0.021063504139803835
ideal_box_eigenpro_corrected,2139,0.02106350413980002
ideal_box_eigenpro_corrected,2140,0.021063504139796144
ideal_box_eigenpro_corrected,2141,0.02106350413979185
ideal_box_eigenpro_corrected,2142,0.02106350413978802
ideal_box_eigenpro_corrected,2143,0.021063504139783168
ideal_box_eigenpro_corrected,2144,0.021063504139780104
ideal_box_eigenpro_corrected,2145,0.021063504139773016
ideal_box_eigenpro_corrected,2146,0.021063504139765703
ideal_box_eigenpro_corrected,2147,0.021063504139761224
ideal_box_eigenpro_corrected,2148,0.021063504139754316
ideal_box_eigenpro_corrected,2149,0.021063504139752175
ideal_box_eigenpro_corrected,2150,0.021063504139744695
ideal_box_eigenpro_corrected,2151,0.021063504139740456
ideal_box_eigenpro_corrected,2152,0.021063504139730616
ideal_box_eigenpro_corrected,2153,0.021063504139727733
ideal_box_eigenpro_corrected,2154,0.02106350413971959
ideal_box_eigenpro_corrected,2155,0.02106350413971882
ideal_box_eigenpro_corrected,2156,0.02106350413971342
ideal_box_eigenpro_corrected,2157,0.021063504139706486
ideal_box_eigenpro_corrected,2158,0.021063504139697993
ideal_box_eigenpro_corrected,2159,0.0210635041396953
ideal_box_eigenpro_corrected,2160,0.021063504139688626
ideal_box_eigenpro_corrected,2161,0.02106350413968517
ideal_box_eigenpro_corrected,2162,0.021063504139677516
ideal_box_eigenpro_corrected,2163,0.021063504139673957
ideal_box_eigenpro_corrected,2164,0.021063504139666175
ideal_box_eigenpro_corrected,2165,0.021063504139661696
ideal_box_eigenpro_corrected,2166,0.02106350413965597
ideal_box_eigenpro_corrected,2167,0.021063504139649043
ideal_box_eigenpro_corrected,2168,0.02106350413964057
ideal_box_eigenpro_corrected,2169,0.02106350413963638
ideal_box_eigenpro_corrected,2170,0.021063504139631595
ideal_box_eigenpro_corrected,2171,0.021063504139623504
ideal_box_eigenpro_corrected,2172,0.021063504139618744
ideal_box_eigenpro_corrected,2173,0.02106350413961288
ideal_box_eigenpro_corrected,2174,0.021063504139606573
ideal_box_eigenpro_corrected,2175,0.02106350413959965
ideal_box_eigenpro_corrected,2176,0.021063504139594996
ideal_box_eigenpro_corrected,2177,0.021063504139590433
ideal_box_eigenpro_corrected,2178,0.021063504139577388
ideal_box_eigenpro_corrected,2179,0.02106350413957283
ideal_box_eigenpro_corrected,2180,0.021063504139564097
ideal_box_eigenpro_corrected,2181,0.021063504139559805
ideal_box_eigenpro_corrected,2182,0.02106350413955304
ideal_box_eigenpro_corrected,2183,0.02106350413954973
ideal_box_eigenpro_corrected,2184,0.02106350413954248
ideal_box_eigenpro_corrected,2185,0.02106350413953557
ideal_box_eigenpro_corrected,2186,0.021063504139524878
ideal_box_eigenpro_corrected,2187,0.021063504139519507
ideal_box_eigenpro_corrected,2188,0.021063504139510983
ideal_box_eigenpro_corrected,2189,0.021063504139506924
ideal_box_eigenpro_corrected,2190,0.021063504139495787
ideal_box_eigenpro_corrected,2191,0.021063504139487987
ideal_box_eigenpro_corrected,2192,0.021063504139482322
ideal_box_eigenpro_corrected,2193,0.021063504139475688
ideal_box_eigenpro_corrected,2194,0.02106350413947076
ideal_box_eigenpro_corrected,2195,0.02106350413945902
ideal_box_eigenpro_corrected,2196,0.021063504139453914
ideal_box_eigenpro_corrected,2197,0.021063504139443908
ideal_box_eigenpro_corrected,2198,0.021063504139439
ideal_box_eigenpro_corrected,2199,0.021063504139432025
ideal_box_eigenpro_corrected,2200,0.021063504139422318
ideal_box_eigenpro_corrected,2201,0.021063504139412628
ideal_box_eigenpro_corrected,2202,0.021063504139408253
ideal_box_eigenpro_corrected,2203,0.02106350413939863
ideal_box_eigenpro_corrected,2204,0.02106350413938759
ideal_box_eigenpro_corrected,2205,0.021063504139378086
ideal_box_eigenpro_corrected,2206,0.021063504139371747
ideal_box_eigenpro_corrected,2207,0.02106350413936673
ideal_box_eigenpro_corrected,2208,0.021063504139362376
ideal_box_eigenpro_corrected,2209,0.021063504139356076
ideal_box_eigenpro_corrected,2210,0.021063504139343065
ideal_box_eigenpro_corrected,2211,0.021063504139337226
ideal_box_eigenpro_corrected,2212,0.021063504139330218
ideal_box_eigenpro_corrected,2213,0.021063504139321943
ideal_box_eigenpro_corrected,2214,0.02106350413931529
ideal_box_eigenpro_corrected,2215,0.021063504139301945
ideal_box_eigenpro_corrected,2216,0.021063504139290392
ideal_box_eigenpro_corrected,2217,0.021063504139283193
ideal_box_eigenpro_corrected,2218,0.021063504139276084
ideal_box_eigenpro_corrected,2219,0.021063504139265124
ideal_box_eigenpro_corrected,2220,0.02106350413925824
ideal_box_eigenpro_corrected,2221,0.021063504139245213
ideal_box_eigenpro_corrected,2222,0.021063504139229486
ideal_box_eigenpro_corrected,2223,0.021063504139221825
ideal_box_eigenpro_corrected,2224,0.021063504139215927
ideal_box_eigenpro_corrected,2225,0.02106350413920583
ideal_box_eigenpro_corrected,2226,0.02106350413919691
ideal_box_eigenpro_corrected,2227,0.021063504139190142
ideal_box_eigenpro_corrected,2228,0.021063504139186194
ideal_box_eigenpro_corrected,2229,0.02106350413916739
ideal_box_eigenpro_corrected,2230,0.021063504139160673
ideal_box_eigenpro_corrected,2231,0.021063504139153044
ideal_box_eigenpro_corrected,2232,0.021063504139148658
ideal_box_eigenpro_corrected,2233,0.021063504139143582
ideal_box_eigenpro_corrected,2234,0.021063504139127987
ideal_box_eigenpro_corrected,2235,0.021063504139120292
ideal_box_eigenpro_corrected,2236,0.021063504139102435
ideal_box_eigenpro_corrected,2237,0.021063504139096023
ideal_box_eigenpro_corrected,2238,0.021063504139085695
ideal_box_eigenpro_corrected,2239,0.021063504139075477
ideal_box_eigenpro_corrected,2240,0.021063504139065534
ideal_box_eigenpro_corrected,2241,0.021063504139047194
ideal_box_eigenpro_corrected,2242,0.021063504139042694
ideal_box_eigenpro_corrected,2243,0.021063504139030416
ideal_box_eigenpro_corrected,2244,0.02106350413902202
ideal_box_eigenpro_corrected,2245,0.02106350413901364
ideal_box_eigenpro_corrected,2246,0.021063504139003736
ideal_box_eigenpro_corrected,2247,0.021063504138990618
ideal_box_eigenpro_corrected,2248,0.02106350413898056
ideal_box_eigenpro_corrected,2249,0.021063504138971234
ideal_box_eigenpro_corrected,2250,0.021063504138959036
ideal_box_eigenpro_corrected,2251,0.021063504138945914
ideal_box_eigenpro_corrected,2252,0.021063504138933552
ideal_box_eigenpro_corrected,2253,0.021063504138926308
ideal_box_eigenpro_corrected,2254,0.02106350413891391
ideal_box_eigenpro_corrected,2255,0.02106350413889247
ideal_box_eigenpro_corrected,2256,0.021063504138868466
ideal_box_eigenpro_corrected,2257,0.021063504138858356
ideal_box_eigenpro_corrected,2258,0.021063504138841466
ideal_box_eigenpro_corrected,2259,0.021063504138830597
ideal_box_eigenpro_corrected,2260,0.021063504138816858
ideal_box_eigenpro_corrected,2261,0.021063504138809464
ideal_box_eigenpro_corrected,2262,0.021063504138797283
ideal_box_eigenpro_corrected,2263,0.021063504138790365
ideal_box_eigenpro_corrected,2264,0.021063504138777115
ideal_box_eigenpro_corrected,2265,0.021063504138768372
ideal_box_eigenpro_corrected,2266,0.021063504138755667
ideal_box_eigenpro_corrected,2267,0.021063504138735378
ideal_box_eigenpro_corrected,2268,0.02106350413872222
ideal_box_eigenpro_corrected,2269,0.021063504138704517
ideal_box_eigenpro_corrected,2270,0.02106350413869637
ideal_box_eigenpro_corrected,2271,0.021063504138685515
ideal_box_eigenpro_corrected,2272,0.021063504138672143
ideal_box_eigenpro_corrected,2273,0.02106350413865297
ideal_box_eigenpro_corrected,2274,0.021063504138646234
ideal_box_eigenpro_corrected,2275,0.021063504138634028
ideal_box_eigenpro_corrected,2276,0.021063504138620952
ideal_box_eigenpro_corrected,2277,0.02106350413859928
ideal_box_eigenpro_corrected,2278,0.0210635041385903
ideal_box_eigenpro_corrected,2279,0.021063504138574555
ideal_box_eigenpro_corrected,2280,0.02106350413856047
ideal_box_eigenpro_corrected,2281,0.02106350413854059
ideal_box_eigenpro_corrected,2282,0.021063504138527332
ideal_box_eigenpro_corrected,2283,0.021063504138515814
ideal_box_eigenpro_corrected,2284,0.021063504138490396
ideal_box_eigenpro_corrected,2285,0.021063504138475624
ideal_box_eigenpro_corrected,2286,0.021063504138461406
ideal_box_eigenpro_corrected,2287,0.02106350413845136
ideal_box_eigenpro_corrected,2288,0.021063504138424057
ideal_box_eigenpro_corrected,2289,0.021063504138412393
ideal_box_eigenpro_corrected,2290,0.021063504138404295
ideal_box_eigenpro_corrected,2291,0.021063504138386868
ideal_box_eigenpro_corrected,2292,0.021063504138355612
ideal_box_eigenpro_corrected,2293,0.02106350413834031
ideal_box_eigenpro_corrected,2294,0.021063504138326326
ideal_box_eigenpro_corrected,2295,0.021063504138314083
ideal_box_eigenpro_corrected,2296,0.02106350413829493
ideal_box_eigenpro_corrected,2297,0.021063504138274517
ideal_box_eigenpro_corrected,2298,0.021063504138260494
ideal_box_eigenpro_corrected,2299,0.021063504138235375
ideal_box_eigenpro_corrected,2300,0.021063504138216924
ideal_box_eigenpro_corrected,2301,0.021063504138190588
ideal_box_eigenpro_corrected,2302,0.021063504138172897
ideal_box_eigenpro_corrected,2303,0.021063504138154426
ideal_box_eigenpro_corrected,2304,0.02106350413813225
ideal_box_eigenpro_corrected,2305,0.02106350413812182
ideal_box_eigenpro_corrected,2306,0.021063504138089856
ideal_box_eigenpro_corrected,2307,0.021063504138077564
ideal_box_eigenpro_corrected,2308,0.02106350413806453
ideal_box_eigenpro_corrected,2309,0.021063504138034348
ideal_box_eigenpro_corrected,2310,0.021063504138009382
ideal_box_eigenpro_corrected,2311,0.0210635041379972
ideal_box_eigenpro_corrected,2312,0.021063504137975263
ideal_box_eigenpro_corrected,2313,0.02106350413795966
ideal_box_eigenpro_corrected,2314,0.021063504137930754
ideal_box_eigenpro_corrected,2315,0.02106350413792
ideal_box_eigenpro_corrected,2316,0.02106350413788711
ideal_box_eigenpro_corrected,2317,0.021063504137853867
ideal_box_eigenpro_corrected,2318,0.021063504137847463
ideal_box_eigenpro_corrected,2319,0.021063504137829665
ideal_box_eigenpro_corrected,2320,0.021063504137805774
ideal_box_eigenpro_corrected,2321,0.02106350413778608
ideal_box_eigenpro_corrected,2322,0.021063504137765792
ideal_box_eigenpro_corrected,2323,0.02106350413775331
ideal_box_eigenpro_corrected,2324,0.021063504137708834
ideal_box_eigenpro_corrected,2325,0.021063504137679673
ideal_box_eigenpro_corrected,2326,0.021063504137660484
ideal_box_eigenpro_corrected,2327,0.021063504137623
ideal_box_eigenpro_corrected,2328,0.021063504137600275
ideal_box_eigenpro_corrected,2329,0.021063504137582945
ideal_box_eigenpro_corrected,2330,0.02106350413756113
ideal_box_eigenpro_corrected,2331,0.021063504137535684
ideal_box_eigenpro_corrected,2332,0.021063504137499765
ideal_box_eigenpro_corrected,2333,0.021063504137478116
ideal_box_eigenpro_corrected,2334,0.02106350413746697
ideal_box_eigenpro_corrected,2335,0.0210635041374449
ideal_box_eigenpro_corrected,2336,0.021063504137429464
ideal_box_eigenpro_corrected,2337,0.021063504137419364
ideal_box_eigenpro_corrected,2338,0.021063504137358132
ideal_box_eigenpro_corrected,2339,0.021063504137330408
ideal_box_eigenpro_corrected,2340,0.02106350413730174
ideal_box_eigenpro_corrected,2341,0.02106350413728156
ideal_box_eigenpro_corrected,2342,0.02106350413724909
ideal_box_eigenpro_corrected,2343,0.02106350413721851
ideal_box_eigenpro_corrected,2344,0.021063504137184712
ideal_box_eigenpro_corrected,2345,0.021063504137161952
ideal_box_eigenpro_corrected,2346,0.021063504137135026
ideal_box_eigenpro_corrected,2347,0.02106350413710754
ideal_box_eigenpro_corrected,2348,0.02106350413708449
ideal_box_eigenpro_corrected,2349,0.021063504137046246
ideal_box_eigenpro_corrected,2350,0.021063504137026838
ideal_box_eigenpro_corrected,2351,0.02106350413700463
ideal_box_eigenpro_corrected,2352,0.021063504136960735
ideal_box_eigenpro_corrected,2353,0.021063504136924854
ideal_box_eigenpro_corrected,2354,0.021063504136907173
ideal_box_eigenpro_corrected,2355,0.021063504136859125
ideal_box_eigenpro_corrected,2356,0.021063504136832754
ideal_box_eigenpro_corrected,2357,0.021063504136802188
ideal_box_eigenpro_corrected,2358,0.021063504136726117
ideal_box_eigenpro_corrected,2359,0.02106350413672259
ideal_box_eigenpro_corrected,2360,0.021063504136688418
ideal_box_eigenpro_corrected,2361,0.021063504136661453
ideal_box_eigenpro_corrected,2362,0.021063504136638798
ideal_box_eigenpro_corrected,2363,0.021063504136566727
ideal_box_eigenpro_corrected,2364,0.021063504136547243
ideal_box_eigenpro_corrected,2365,0.02106350413652947
ideal_box_eigenpro_corrected,2366,0.02106350413644261
ideal_box_eigenpro_corrected,2367,0.021063504136413565
ideal_box_eigenpro_corrected,2368,0.02106350413639639
ideal_box_eigenpro_corrected,2369,0.021063504136331044
ideal_box_eigenpro_corrected,2370,0.02106350413628414
ideal_box_eigenpro_corrected,2371,0.021063504136213603
ideal_box_eigenpro_corrected,2372,0.021063504136183183
ideal_box_eigenpro_corrected,2373,0.021063504136166457
ideal_box_eigenpro_corrected,2374,0.02106350413609631
ideal_box_eigenpro_corrected,2375,0.02106350413608185
ideal_box_eigenpro_corrected,2376,0.021063504136045224
ideal_box_eigenpro_corrected,2377,0.021063504135983305
ideal_box_eigenpro_corrected,2378,0.021063504135963078
ideal_box_eigenpro_corrected,2379,0.021063504135916688
ideal_box_eigenpro_corrected,2380,0.0210635041358593
ideal_box_eigenpro_corrected,2381,0.021063504135780606
ideal_box_eigenpro_corrected,2382,0.02106350413574305
ideal_box_eigenpro_corrected,2383,0.0210635041357187
ideal_box_eigenpro_corrected,2384,0.021063504135652264
ideal_box_eigenpro_corrected,2385,0.0210635041355889
ideal_box_eigenpro_corrected,2386,0.021063504135576665
ideal_box_eigenpro_corrected,2387,0.021063504135489547
ideal_box_eigenpro_corrected,2388,0.021063504135422496
ideal_box_eigenpro_corrected,2389,0.021063504135354922
ideal_box_eigenpro_corrected,2390,0.021063504135319877
ideal_box_eigenpro_corrected,2391,0.02106350413528108
ideal_box_eigenpro_corrected,2392,0.02106350413520937
ideal_box_eigenpro_corrected,2393,0.021063504135172526
ideal_box_eigenpro_corrected,2394,0.02106350413512551
ideal_box_eigenpro_corrected,2395,0.02106350413508294
ideal_box_eigenpro_corrected,2396,0.021063504134980347
ideal_box_eigenpro_corrected,2397,0.021063504134872763
ideal_box_eigenpro_corrected,2398,0.02106350413484843
ideal_box_eigenpro_corrected,2399,0.021063504134799432
ideal_box_eigenpro_corrected,2400,0.021063504134698686
ideal_box_eigenpro_corrected,2401,0.021063504134659187
ideal_box_eigenpro_corrected,2402,0.021063504134562934
ideal_box_eigenpro_corrected,2403,0.021063504134542124
ideal_box_eigenpro_corrected,2404,0.02106350413443501
ideal_box_eigenpro_corrected,2405,0.02106350413435018
ideal_box_eigenpro_corrected,2406,0.02106350413431649
ideal_box_eigenpro_corrected,2407,0.021063504134274075
ideal_box_eigenpro_corrected,2408,0.02106350413421783
ideal_box_eigenpro_corrected,2409,0.021063504134137247
ideal_box_eigenpro_corrected,2410,0.02106350413400428
ideal_box_eigenpro_corrected,2411,0.021063504133959996
ideal_box_eigenpro_corrected,2412,0.021063504133887936
ideal_box_eigenpro_corrected,2413,0.02106350413378976
ideal_box_eigenpro_corrected,2414,0.02106350413374404
ideal_box_eigenpro_corrected,2415,0.02106350413365881
ideal_box_eigenpro_corrected,2416,0.021063504133602345
ideal_box_eigenpro_corrected,2417,0.021063504133554473
ideal_box_eigenpro_corrected,2418,0.021063504133479325
ideal_box_eigenpro_corrected,2419,0.021063504133405315
ideal_box_eigenpro_corrected,2420,0.021063504133286833
ideal_box_eigenpro_corrected,2421,0.021063504133153377
ideal_box_eigenpro_corrected,2422,0.021063504133103726
ideal_box_eigenpro_corrected,2423,0.02106350413301219
ideal_box_eigenpro_corrected,2424,0.021063504132940246
ideal_box_eigenpro_corrected,2425,0.021063504132859446
ideal_box_eigenpro_corrected,2426,0.021063504132760136
ideal_box_eigenpro_corrected,2427,0.02106350413268832
ideal_box_eigenpro_corrected,2428,0.02106350413260693
ideal_box_eigenpro_corrected,2429,0.021063504132435847
ideal_box_eigenpro_corrected,2430,0.021063504132314285
ideal_box_eigenpro_corrected,2431,0.02106350413224405
ideal_box_eigenpro_corrected,2432,0.021063504132187248
ideal_box_eigenpro_corrected,2433,0.02106350413207701
ideal_box_eigenpro_corrected,2434,0.02106350413195805
ideal_box_eigenpro_corrected,2435,0.021063504131835647
ideal_box_eigenpro_corrected,2436,0.021063504131755572
ideal_box_eigenpro_corrected,2437,0.02106350413168906
ideal_box_eigenpro_corrected,2438,0.02106350413153683
ideal_box_eigenpro_corrected,2439,0.02106350413142884
ideal_box_eigenpro_corrected,2440,0.021063504131328462
ideal_box_eigenpro_corrected,2441,0.021063504131273583
ideal_box_eigenpro_corrected,2442,0.021063504131103694
ideal_box_eigenpro_corrected,2443,0.02106350413105422
ideal_box_eigenpro_corrected,2444,0.021063504130933584
ideal_box_eigenpro_corrected,2445,0.021063504130761586
ideal_box_eigenpro_corrected,2446,0.02106350413071962
ideal_box_eigenpro_corrected,2447,0.021063504130574204
ideal_box_eigenpro_corrected,2448,0.0210635041304173
ideal_box_eigenpro_corrected,2449,0.021063504130348024
ideal_box_eigenpro_corrected,2450,0.02106350413024062
ideal_box_eigenpro_corrected,2451,0.021063504130096243
ideal_box_eigenpro_corrected,2452,0.021063504129968387
ideal_box_eigenpro_corrected,2453,0.021063504129799477
ideal_box_eigenpro_corrected,2454,0.02106350412969583
ideal_box_eigenpro_corrected,2455,0.02106350412948709
ideal_box_eigenpro_corrected,2456,0.02106350412937489
ideal_box_eigenpro_corrected,2457,0.02106350412917426
ideal_box_eigenpro_corrected,2458,0.021063504129075514
ideal_box_eigenpro_corrected,2459,0.02106350412894345
ideal_box_eigenpro_corrected,2460,0.021063504128850233
ideal_box_eigenpro_corrected,2461,0.02106350412870922
ideal_box_eigenpro_corrected,2462,0.021063504128623872
ideal_box_eigenpro_corrected,2463,0.021063504128508412
ideal_box_eigenpro_corrected,2464,0.021063504128275883
ideal_box_eigenpro_corrected,2465,0.021063504128010276
ideal_box_eigenpro_corrected,2466,0.02106350412781869
ideal_box_eigenpro_corrected,2467,0.021063504127560195
ideal_box_eigenpro_corrected,2468,0.021063504127481005
ideal_box_eigenpro_corrected,2469,0.02106350412735471
ideal_box_eigenpro_corrected,2470,0.021063504127268262
ideal_box_eigenpro_corrected,2471,0.021063504126930848
ideal_box_eigenpro_corrected,2472,0.02106350412684293
ideal_box_eigenpro_corrected,2473,0.021063504126659745
ideal_box_eigenpro_corrected,2474,0.021063504126465713
ideal_box_eigenpro_corrected,2475,0.02106350412610817
ideal_box_eigenpro_corrected,2476,0.021063504125941202
ideal_box_eigenpro_corrected,2477,0.021063504125793647
ideal_box_eigenpro_corrected,2478,0.02106350412554635
ideal_box_eigenpro_corrected,2479,0.021063504125338566
ideal_box_eigenpro_corrected,2480,0.021063504125158075
ideal_box_eigenpro_corrected,2481,0.02106350412489395
ideal_box_eigenpro_corrected,2482,0.021063504124549017
ideal_box_eigenpro_corrected,2483,0.02106350412435236
ideal_box_eigenpro_corrected,2484,0.021063504124127767
ideal_box_eigenpro_corrected,2485,0.021063504123877808
ideal_box_eigenpro_corrected,2486,0.021063504123636993
ideal_box_eigenpro_corrected,2487,0.021063504123227526
ideal_box_eigenpro_corrected,2488,0.021063504123024098
ideal_box_eigenpro_corrected,2489,0.021063504122797536
ideal_box_eigenpro_corrected,2490,0.021063504122364955
ideal_box_eigenpro_corrected,2491,0.021063504122245433
ideal_box_eigenpro_corrected,2492,0.021063504122004934
ideal_box_eigenpro_corrected,2493,0.02106350412174254
ideal_box_eigenpro_corrected,2494,0.021063504121414334
ideal_box_eigenpro_corrected,2495,0.02106350412110909
ideal_box_eigenpro_corrected,2496,0.021063504120981954
ideal_box_eigenpro_corrected,2497,0.02106350412060237
ideal_box_eigenpro_corrected,2498,0.021063504120308742
ideal_box_eigenpro_corrected,2499,0.021063504120098886
ideal_box_eigenpro_corrected,2500,0.021063504119747157
ideal_box_eigenpro_corrected,2501,0.021063504119462693
ideal_box_eigenpro_corrected,2502,0.02106350411909656
ideal_box_eigenpro_corrected,2503,0.02106350411875118
ideal_box_eigenpro_corrected,2504,0.021063504118168968
ideal_box_eigenpro_corrected,2505,0.02106350411786149
ideal_box_eigenpro_corrected,2506,0.021063504117589178
ideal_box_eigenpro_corrected,2507,0.021063504116880644
ideal_box_eigenpro_corrected,2508,0.021063504116492944
ideal_box_eigenpro_corrected,2509,0.021063504116114105
ideal_box_eigenpro_corrected,2510,0.021063504115485486
ideal_box_eigenpro_corrected,2511,0.021063504115131356
ideal_box_eigenpro_corrected,2512,0.021063504114682784
ideal_box_eigenpro_corrected,2513,0.021063504113961445
ideal_box_eigenpro_corrected,2514,0.021063504113580486
ideal_box_eigenpro_corrected,2515,0.02106350411313855
ideal_box_eigenpro_corrected,2516,0.02106350411235783
ideal_box_eigenpro_corrected,2517,0.02106350411185061
ideal_box_eigenpro_corrected,2518,0.021063504111508684
ideal_box_eigenpro_corrected,2519,0.021063504110698364
ideal_box_eigenpro_corrected,2520,0.021063504110386776
ideal_box_eigenpro_corrected,2521,0.02106350411005142
ideal_box_eigenpro_corrected,2522,0.021063504109791017
ideal_box_eigenpro_corrected,2523,0.021063504108983822
ideal_box_eigenpro_corrected,2524,0.021063504108107714
ideal_box_eigenpro_corrected,2525,0.02106350410744977
ideal_box_eigenpro_corrected,2526,0.021063504106828862
ideal_box_eigenpro_corrected,2527,0.02106350410614321
ideal_box_eigenpro_corrected,2528,0.02106350410534585
ideal_box_eigenpro_corrected,2529,0.021063504104316896
ideal_box_eigenpro_corrected,2530,0.02106350410344456
ideal_box_eigenpro_corrected,2531,0.021063504103032572
ideal_box_eigenpro_corrected,2532,0.021063504102085333
ideal_box_eigenpro_corrected,2533,0.021063504101344967
ideal_box_eigenpro_corrected,2534,0.02106350410028227
ideal_box_eigenpro_corrected,2535,0.021063504099406584
ideal_box_eigenpro_corrected,2536,0.02106350409907425
ideal_box_eigenpro_corrected,2537,0.021063504098500406
ideal_box_eigenpro_corrected,2538,0.021063504097233697
ideal_box_eigenpro_corrected,2539,0.021063504096012164
ideal_box_eigenpro_corrected,2540,0.02106350409558666
ideal_box_eigenpro_corrected,2541,0.021063504094045827
ideal_box_eigenpro_corrected,2542,0.021063504093077712
ideal_box_eigenpro_corrected,2543,0.02106350409223787
ideal_box_eigenpro_corrected,2544,0.021063504090597724
ideal_box_eigenpro_corrected,2545,0.02106350408892818
ideal_box_eigenpro_corrected,2546,0.02106350408739464
ideal_box_eigenpro_corrected,2547,0.021063504085307903
ideal_box_eigenpro_corrected,2548,0.021063504083567934
ideal_box_eigenpro_corrected,2549,0.021063504080680227
ideal_box_eigenpro_corrected,2550,0.021063504077981406
ideal_box_eigenpro_corrected,2551,0.021063504076616866
ideal_box_eigenpro_corrected,2552,0.02106350407449598
ideal_box_eigenpro_corrected,2553,0.021063504072289376
ideal_box_eigenpro_corrected,2554,0.021063504069251563
ideal_box_eigenpro_corrected,2555,0.02106350406496915
ideal_box_eigenpro_corrected,2556,0.021063504062496647
ideal_box_eigenpro_corrected,2557,0.02106350405902943
ideal_box_eigenpro_corrected,2558,0.02106350405826341
ideal_box_eigenpro_corrected,2559,0.02106350405183322
ideal_box_eigenpro_corrected,2560,0.02106350404796011
ideal_box_eigenpro_corrected,2561,0.02106350404570639
ideal_box_eigenpro_corrected,2562,0.021063504042126976
ideal_box_eigenpro_corrected,2563,0.021063504041079435
ideal_box_eigenpro_corrected,2564,0.021063504035174097
ideal_box_eigenpro_corrected,2565,0.021063504033177003
ideal_box_eigenpro_corrected,2566,0.02106350402260213
ideal_box_eigenpro_corrected,2567,0.021063504018971477
ideal_box_eigenpro_corrected,2568,0.021063504016716576
ideal_box_eigenpro_corrected,2569,0.021063504011457953
ideal_box_eigenpro_corrected,2570,0.021063504001245653
ideal_box_eigenpro_corrected,2571,0.021063503998317353
ideal_box_eigenpro_corrected,2572,0.021063503985460936
ideal_box_eigenpro_corrected,2573,0.02106350397033645
ideal_box_eigenpro_corrected,2574,0.021063503956743685
ideal_box_eigenpro_corrected,2575,0.021063503940631972
ideal_box_eigenpro_corrected,2576,0.02106350391549465
ideal_box_eigenpro_corrected,2577,0.021063503897821984
ideal_box_eigenpro_corrected,2578,0.021063503879203107
ideal_box_eigenpro_corrected,2579,0.021063503860406736
ideal_box_eigenpro_corrected,2580,0.02106350384615387
ideal_box_eigenpro_corrected,2581,0.021063503825932126
ideal_box_eigenpro_corrected,2582,0.021063503788088522
ideal_box_eigenpro_corrected,2583,0.021063503756363757
ideal_box_eigenpro_corrected,2584,0.021063503733616325
ideal_box_eigenpro_corrected,2585,0.021063503702475575
ideal_box_eigenpro_corrected,2586,0.021063503667734577
ideal_box_eigenpro_corrected,2587,0.021063503642604002
ideal_box_eigenpro_corrected,2588,0.02106350353411731
ideal_box_eigenpro_corrected,2589,0.021063503513727773
ideal_box_eigenpro_corrected,2590,0.021063503439764018
ideal_box_eigenpro_corrected,2591,0.021063503368981926
ideal_box_eigenpro_corrected,2592,0.021063503251112836
ideal_box_eigenpro_corrected,2593,0.021063503198986235
ideal_box_eigenpro_corrected,2594,0.02106350309960712
ideal_box_eigenpro_corrected,2595,0.021063503043323425
ideal_box_eigenpro_corrected,2596,0.02106350283455285
ideal_box_eigenpro_corrected,2597,0.021063502641029772
ideal_box_eigenpro_corrected,2598,0.021063502564622732
ideal_box_eigenpro_corrected,2599,0.02106350241322846
ideal_box_eigenpro_corrected,2600,0.021063502158615823
ideal_box_eigenpro_corrected,2601,0.021063501236653348
