spectrum,rank,eigenvalue
raw_A_BB,1,21570014.94632773
raw_A_BB,2,9152537.2432779
raw_A_BB,3,8697372.469453916
raw_A_BB,4,8471763.471655546
raw_A_BB,5,7206343.800814972
raw_A_BB,6,5897478.811252487
raw_A_BB,7,4566694.872474238
raw_A_BB,8,3961116.0131400083
raw_A_BB,9,3377485.0898094396
raw_A_BB,10,2817290.510033427
raw_A_BB,11,2701650.9475750495
raw_A_BB,12,2306752.1858991734
raw_A_BB,13,1655028.4279385032
raw_A_BB,14,1521911.7392894246
raw_A_BB,15,1472199.5059969323
raw_A_BB,16,1156536.8752115597
raw_A_BB,17,904681.8260835666
raw_A_BB,18,884740.4870614319
raw_A_BB,19,848082.6774693454
raw_A_BB,20,685954.025342077
raw_A_BB,21,624024.9566118657
raw_A_BB,22,578868.854412345
raw_A_BB,23,541110.3975287812
raw_A_BB,24,446386.06742476847
raw_A_BB,25,403370.121008396
raw_A_BB,26,326455.40067271935
raw_A_BB,27,325918.3123856619
raw_A_BB,28,316098.1477820228
raw_A_BB,29,309938.80499366316
raw_A_BB,30,298557.81144307007
raw_A_BB,31,273471.25177052314
raw_A_BB,32,244478.4340428586
raw_A_BB,33,229984.4747895529
raw_A_BB,34,224894.26612078698
raw_A_BB,35,221129.3029126937
raw_A_BB,36,192158.60244625868
raw_A_BB,37,186108.1920414525
raw_A_BB,38,174479.42710665544
raw_A_BB,39,157859.78492800106
raw_A_BB,40,143449.58770114533
raw_A_BB,41,143223.91095529374
raw_A_BB,42,135482.32289816413
raw_A_BB,43,132809.13771265227
raw_A_BB,44,130738.25936998516
raw_A_BB,45,127464.2986338503
raw_A_BB,46,110198.39389419503
raw_A_BB,47,106971.43658170351
raw_A_BB,48,99189.5054330541
raw_A_BB,49,96232.10053609297
raw_A_BB,50,89560.44747977547
raw_A_BB,51,86567.83831818971
raw_A_BB,52,83676.47455460849
raw_A_BB,53,79940.67263951394
raw_A_BB,54,71812.20562736536
raw_A_BB,55,67194.75813908712
raw_A_BB,56,66248.15077780175
raw_A_BB,57,65872.10034009663
raw_A_BB,58,59641.65177676188
raw_A_BB,59,58655.459373151716
raw_A_BB,60,57180.570869312134
raw_A_BB,61,54482.23623332838
raw_A_BB,62,48153.13878969573
raw_A_BB,63,47530.52958632615
raw_A_BB,64,46711.91392412818
raw_A_BB,65,45814.210371731846
raw_A_BB,66,44794.122205180756
raw_A_BB,67,44710.94476306057
raw_A_BB,68,41132.55512880067
raw_A_BB,69,39882.895332027954
raw_A_BB,70,36204.38489985382
raw_A_BB,71,34781.64798308198
raw_A_BB,72,33073.50688312593
raw_A_BB,73,31525.386938718573
raw_A_BB,74,29102.262906160435
raw_A_BB,75,28247.91726662645
raw_A_BB,76,27634.20057589892
raw_A_BB,77,26915.79191257144
raw_A_BB,78,26874.85153984203
raw_A_BB,79,26330.503403687308
raw_A_BB,80,24137.9403805863
raw_A_BB,81,23790.534954636532
raw_A_BB,82,23281.50956413126
raw_A_BB,83,22637.017488633035
raw_A_BB,84,22542.773877728414
raw_A_BB,85,21938.47847821762
raw_A_BB,86,21549.574836176293
raw_A_BB,87,19767.815623803814
raw_A_BB,88,18757.002708094522
raw_A_BB,89,17411.712458892474
raw_A_BB,90,16962.40246091098
raw_A_BB,91,16920.72362934069
raw_A_BB,92,16796.92379465112
raw_A_BB,93,16742.825193092853
raw_A_BB,94,16189.72160343501
raw_A_BB,95,15539.076934566088
raw_A_BB,96,15275.140547133466
raw_A_BB,97,14048.388482621012
raw_A_BB,98,13033.95518780074
raw_A_BB,99,12566.089991853914
raw_A_BB,100,11784.350814583133
raw_A_BB,101,11170.831205798737
raw_A_BB,102,11129.444540478748
raw_A_BB,103,10815.284620414188
raw_A_BB,104,10513.177657852799
raw_A_BB,105,10288.465952882836
raw_A_BB,106,9934.570783196166
raw_A_BB,107,9665.09443344393
raw_A_BB,108,9469.190561807496
raw_A_BB,109,8739.459789560946
raw_A_BB,110,8619.280716997693
raw_A_BB,111,8583.657891986699
raw_A_BB,112,8225.517324436469
raw_A_BB,113,7987.462548589986
raw_A_BB,114,7827.473192900402
raw_A_BB,115,7584.869898355546
raw_A_BB,116,7418.526833402781
raw_A_BB,117,7002.986933260928
raw_A_BB,118,6919.879554059773
raw_A_BB,119,6393.24042691265
raw_A_BB,120,6254.154916984233
raw_A_BB,121,6004.434253497331
raw_A_BB,122,5907.487033941657
raw_A_BB,123,5810.060018155951
raw_A_BB,124,5538.44092229358
raw_A_BB,125,5516.917202154791
raw_A_BB,126,5099.630514950604
raw_A_BB,127,5012.748015186371
raw_A_BB,128,4623.436518339432
raw_A_BB,129,4478.7072562248795
raw_A_BB,130,4397.468443669618
raw_A_BB,131,4359.422477872041
raw_A_BB,132,4184.051874574921
raw_A_BB,133,3871.1229735292363
raw_A_BB,134,3830.5690309385445
raw_A_BB,135,3800.3540898108945
raw_A_BB,136,3631.9798526470154
raw_A_BB,137,3162.358112451239
raw_A_BB,138,3121.241651091509
raw_A_BB,139,2854.5661407459347
raw_A_BB,140,2723.4046580110366
raw_A_BB,141,2590.3956047333722
raw_A_BB,142,2339.8372976410587
raw_A_BB,143,2330.573586551823
raw_A_BB,144,2140.286040615333
raw_A_BB,145,2115.110295594419
raw_A_BB,146,2087.9148625857465
raw_A_BB,147,1979.9003941384708
raw_A_BB,148,1921.9773924357391
raw_A_BB,149,1838.1915766234779
raw_A_BB,150,1712.0932077987281
raw_A_BB,151,1666.3076006121694
raw_A_BB,152,1639.8878860894636
raw_A_BB,153,1595.0438688250856
raw_A_BB,154,1457.9454354600718
raw_A_BB,155,1427.9695726588143
raw_A_BB,156,1374.32514929073
raw_A_BB,157,1225.6969489250132
raw_A_BB,158,1205.8232838582571
raw_A_BB,159,1197.84162756717
raw_A_BB,160,1181.0951035844575
raw_A_BB,161,1118.0516977272873
raw_A_BB,162,1076.4784507155243
raw_A_BB,163,1007.9864055064214
raw_A_BB,164,867.721565332661
raw_A_BB,165,849.6585867812526
raw_A_BB,166,802.2699336595565
raw_A_BB,167,792.4473215775766
raw_A_BB,168,788.8565542037287
raw_A_BB,169,732.0893333586354
raw_A_BB,170,706.3893983505645
raw_A_BB,171,671.105811489915
raw_A_BB,172,585.0934127796645
raw_A_BB,173,534.8277773536573
raw_A_BB,174,527.332712365809
raw_A_BB,175,508.3381532341244
raw_A_BB,176,467.41427919674305
raw_A_BB,177,442.8887690397784
raw_A_BB,178,390.4671488825932
raw_A_BB,179,384.39426813792426
raw_A_BB,180,337.93521423123343
raw_A_BB,181,324.7368546960578
raw_A_BB,182,301.4846581145292
raw_A_BB,183,295.6922261975788
raw_A_BB,184,281.89958007692996
raw_A_BB,185,271.7134862327676
raw_A_BB,186,270.9020022489999
raw_A_BB,187,248.4942751971057
raw_A_BB,188,238.75822208051287
raw_A_BB,189,234.29513542391064
raw_A_BB,190,230.5494833313733
raw_A_BB,191,224.16086304365822
raw_A_BB,192,209.06957523992338
raw_A_BB,193,206.4739061442273
raw_A_BB,194,194.73839336237984
raw_A_BB,195,191.7380323366136
raw_A_BB,196,172.96062072622772
raw_A_BB,197,152.3091508246816
raw_A_BB,198,146.88294822500754
raw_A_BB,199,144.95043403219694
raw_A_BB,200,141.20527810909928
raw_A_BB,201,133.81687969527195
raw_A_BB,202,121.62036796646215
raw_A_BB,203,116.3495301877809
raw_A_BB,204,109.42889921171167
raw_A_BB,205,104.39670093111768
raw_A_BB,206,97.88728796797879
raw_A_BB,207,97.05014339411096
raw_A_BB,208,92.25870425922686
raw_A_BB,209,81.19926354052429
raw_A_BB,210,78.78566785704953
raw_A_BB,211,72.99955726578685
raw_A_BB,212,67.08554956013454
raw_A_BB,213,64.70162887667196
raw_A_BB,214,61.40808341783441
raw_A_BB,215,59.35414030986162
raw_A_BB,216,55.84011728604573
raw_A_BB,217,53.13511146257843
raw_A_BB,218,48.26107689183417
raw_A_BB,219,46.051747675074324
raw_A_BB,220,40.8546434783477
raw_A_BB,221,39.157056485425414
raw_A_BB,222,37.98597161703875
raw_A_BB,223,37.366684051572825
raw_A_BB,224,35.29666248875828
raw_A_BB,225,31.89362443221907
raw_A_BB,226,30.210771622206728
raw_A_BB,227,27.932982977144853
raw_A_BB,228,27.4415724868866
raw_A_BB,229,25.032383186455792
raw_A_BB,230,23.900705289774482
raw_A_BB,231,23.775414762009493
raw_A_BB,232,22.990298631135783
raw_A_BB,233,22.160351505772844
raw_A_BB,234,19.567263797836464
raw_A_BB,235,18.259000654306977
raw_A_BB,236,17.689520800654584
raw_A_BB,237,16.83152060576288
raw_A_BB,238,15.060583315630131
raw_A_BB,239,14.229075758741198
raw_A_BB,240,13.610213594737644
raw_A_BB,241,12.437938866440538
raw_A_BB,242,12.325689135108453
raw_A_BB,243,12.178763514807018
raw_A_BB,244,11.936166528066465
raw_A_BB,245,9.525017335680747
raw_A_BB,246,8.920883414240642
raw_A_BB,247,7.999936365231471
raw_A_BB,248,7.63362217378917
raw_A_BB,249,7.03965536890299
raw_A_BB,250,6.60754242758023
raw_A_BB,251,6.497748792070875
raw_A_BB,252,6.172045478213337
raw_A_BB,253,5.7546301478938435
raw_A_BB,254,5.2739016322296015
raw_A_BB,255,5.232627417385021
raw_A_BB,256,5.131741003217958
raw_A_BB,257,4.747548144526721
raw_A_BB,258,4.545028961160168
raw_A_BB,259,4.23287609121919
raw_A_BB,260,3.9573409408604854
raw_A_BB,261,3.728044348072956
raw_A_BB,262,3.4445533796445953
raw_A_BB,263,3.3638101627468218
raw_A_BB,264,3.232095069744251
raw_A_BB,265,3.0956808655014054
raw_A_BB,266,2.8730575889875984
raw_A_BB,267,2.4413503413928863
raw_A_BB,268,2.2381576783961874
raw_A_BB,269,2.1476184280955093
raw_A_BB,270,2.0687560508118175
raw_A_BB,271,1.8415008398808104
raw_A_BB,272,1.7392703666246188
raw_A_BB,273,1.7313143049634703
raw_A_BB,274,1.684915090077826
raw_A_BB,275,1.664311147951347
raw_A_BB,276,1.4747733573404438
raw_A_BB,277,1.3660796575731278
raw_A_BB,278,1.3543123395877559
raw_A_BB,279,1.3416496736295733
raw_A_BB,280,1.2774240104972543
raw_A_BB,281,1.2648864136144216
raw_A_BB,282,1.1715722037510536
raw_A_BB,283,1.1017767594969783
raw_A_BB,284,1.0495083899575781
raw_A_BB,285,1.0184284357446554
raw_A_BB,286,0.9340925080351039
raw_A_BB,287,0.9256632303204035
raw_A_BB,288,0.9174133182417643
raw_A_BB,289,0.8780225670629245
raw_A_BB,290,0.7982539258519247
raw_A_BB,291,0.7371052554012314
raw_A_BB,292,0.7109893196675674
raw_A_BB,293,0.636386767735407
raw_A_BB,294,0.621064075189479
raw_A_BB,295,0.5814465270813793
raw_A_BB,296,0.5576714621856006
raw_A_BB,297,0.5080339030590311
raw_A_BB,298,0.4842577801594499
raw_A_BB,299,0.4625925262350237
raw_A_BB,300,0.45532371415843037
raw_A_BB,301,0.44293448818605746
raw_A_BB,302,0.43718446445493836
raw_A_BB,303,0.4308003328120333
raw_A_BB,304,0.39913212780426405
raw_A_BB,305,0.33781331979771595
raw_A_BB,306,0.3130401759488765
raw_A_BB,307,0.28392759406820595
raw_A_BB,308,0.2812458654339883
raw_A_BB,309,0.24832368895864582
raw_A_BB,310,0.2405790105384189
raw_A_BB,311,0.23749512349196628
raw_A_BB,312,0.236480185728274
raw_A_BB,313,0.21846260734126116
raw_A_BB,314,0.20269252322640458
raw_A_BB,315,0.19630733543512316
raw_A_BB,316,0.19456324756465174
raw_A_BB,317,0.1903334940359812
raw_A_BB,318,0.18840148888054728
raw_A_BB,319,0.1853258562803603
raw_A_BB,320,0.18228349636609642
raw_A_BB,321,0.17353933134153662
raw_A_BB,322,0.17023631469142023
raw_A_BB,323,0.16879241311265133
raw_A_BB,324,0.166720092263736
raw_A_BB,325,0.16502650329254356
raw_A_BB,326,0.15878437074100524
raw_A_BB,327,0.1574977726489563
raw_A_BB,328,0.15392067353538016
raw_A_BB,329,0.15066689242591483
raw_A_BB,330,0.14970099822631883
raw_A_BB,331,0.14570883548593144
raw_A_BB,332,0.14515731932585973
raw_A_BB,333,0.13962049789790043
raw_A_BB,334,0.1361220990683199
raw_A_BB,335,0.13451636154930166
raw_A_BB,336,0.13344099544087643
raw_A_BB,337,0.13064499581910388
raw_A_BB,338,0.13003926732372406
raw_A_BB,339,0.1286718462415449
raw_A_BB,340,0.12415610757550488
raw_A_BB,341,0.12348352815367511
raw_A_BB,342,0.1227496933696489
raw_A_BB,343,0.12164451316211702
raw_A_BB,344,0.12129469143321593
raw_A_BB,345,0.12012829137197656
raw_A_BB,346,0.11877597257298544
raw_A_BB,347,0.11839101180209642
raw_A_BB,348,0.11756901060458842
raw_A_BB,349,0.11646643692869554
raw_A_BB,350,0.1148806239251849
raw_A_BB,351,0.11392792027096865
raw_A_BB,352,0.11342157205462257
raw_A_BB,353,0.1120173121732439
raw_A_BB,354,0.1113857465482618
raw_A_BB,355,0.11054627798991037
raw_A_BB,356,0.11022573720277447
raw_A_BB,357,0.10978151884810379
raw_A_BB,358,0.1083250648608635
raw_A_BB,359,0.1080738951020291
raw_A_BB,360,0.1080314434095253
raw_A_BB,361,0.10713811646610892
raw_A_BB,362,0.10667334036366748
raw_A_BB,363,0.10622168999260125
raw_A_BB,364,0.10603169710747351
raw_A_BB,365,0.10520007456629885
raw_A_BB,366,0.10490637986460735
raw_A_BB,367,0.104593659542446
raw_A_BB,368,0.1041716517865292
raw_A_BB,369,0.10397771631103153
raw_A_BB,370,0.10384877119927284
raw_A_BB,371,0.10381726913197195
raw_A_BB,372,0.10356041195641258
raw_A_BB,373,0.10303550314722731
raw_A_BB,374,0.10291734984553981
raw_A_BB,375,0.10277830102648858
raw_A_BB,376,0.10272661578374805
raw_A_BB,377,0.10244339338999561
raw_A_BB,378,0.10222136177741273
raw_A_BB,379,0.10211933247968842
raw_A_BB,380,0.10207889818544526
raw_A_BB,381,0.10205758181976128
raw_A_BB,382,0.10196812030626719
raw_A_BB,383,0.10151725635687099
raw_A_BB,384,0.10143497547303469
raw_A_BB,385,0.10135525375948257
raw_A_BB,386,0.10130271502347375
raw_A_BB,387,0.10123670994159636
raw_A_BB,388,0.10100976042331516
raw_A_BB,389,0.10090802861910345
raw_A_BB,390,0.1008659907186357
raw_A_BB,391,0.10084356973020235
raw_A_BB,392,0.10083256941392078
raw_A_BB,393,0.10078075254342875
raw_A_BB,394,0.1007345174341788
raw_A_BB,395,0.10063847190657588
raw_A_BB,396,0.1006228469901783
raw_A_BB,397,0.10058273838140568
raw_A_BB,398,0.10054661682186448
raw_A_BB,399,0.10051881999160156
raw_A_BB,400,0.10051312046347746
raw_A_BB,401,0.10050467807944283
raw_A_BB,402,0.10046219531967843
raw_A_BB,403,0.10043883685988463
raw_A_BB,404,0.10041494622604602
raw_A_BB,405,0.10038540217460674
raw_A_BB,406,0.10035608894253596
raw_A_BB,407,0.10032246778292307
raw_A_BB,408,0.10031243721234223
raw_A_BB,409,0.10030614829850618
raw_A_BB,410,0.10026293013313739
raw_A_BB,411,0.1002478945953901
raw_A_BB,412,0.10022238910932217
raw_A_BB,413,0.10021502218981948
raw_A_BB,414,0.10019768940930658
raw_A_BB,415,0.10018687391165394
raw_A_BB,416,0.10018125341378355
raw_A_BB,417,0.10017698825433559
raw_A_BB,418,0.1001715585220822
raw_A_BB,419,0.10016974073252098
raw_A_BB,420,0.10016319457556712
raw_A_BB,421,0.1001605678439099
raw_A_BB,422,0.10015245055970017
raw_A_BB,423,0.10013581515404416
raw_A_BB,424,0.10012939604978001
raw_A_BB,425,0.1001190988910297
raw_A_BB,426,0.100115365779593
raw_A_BB,427,0.10011256483059472
raw_A_BB,428,0.10010823231295873
raw_A_BB,429,0.10009716120027896
raw_A_BB,430,0.10009459175696209
raw_A_BB,431,0.10008975948186985
raw_A_BB,432,0.10007977001740682
raw_A_BB,433,0.10006970581716343
raw_A_BB,434,0.10006853009113206
raw_A_BB,435,0.10006714405052222
raw_A_BB,436,0.10006272211435144
raw_A_BB,437,0.10005605452150615
raw_A_BB,438,0.10005006302248609
raw_A_BB,439,0.10004789197628237
raw_A_BB,440,0.10004427239050732
raw_A_BB,441,0.100043870401572
raw_A_BB,442,0.10004040430324723
raw_A_BB,443,0.10003942882560801
raw_A_BB,444,0.10003640488489372
raw_A_BB,445,0.100036231743651
raw_A_BB,446,0.10003222059551277
raw_A_BB,447,0.10003093264685335
raw_A_BB,448,0.10002699883838471
raw_A_BB,449,0.10002579547296765
raw_A_BB,450,0.10002397990335041
raw_A_BB,451,0.10002256217228199
raw_A_BB,452,0.10001958963513537
raw_A_BB,453,0.10001932242564797
raw_A_BB,454,0.1000186445275647
raw_A_BB,455,0.10001528040567614
raw_A_BB,456,0.10001428540568362
raw_A_BB,457,0.10001310930552663
raw_A_BB,458,0.10001190587563645
raw_A_BB,459,0.10001006749643411
raw_A_BB,460,0.1000095688134026
raw_A_BB,461,0.10000937578293724
raw_A_BB,462,0.10000878299598776
raw_A_BB,463,0.10000807403103623
raw_A_BB,464,0.10000758728063433
raw_A_BB,465,0.10000717010863454
raw_A_BB,466,0.10000645213799735
raw_A_BB,467,0.10000570145440162
raw_A_BB,468,0.1000054727249334
raw_A_BB,469,0.10000531037215268
raw_A_BB,470,0.10000516208830162
raw_A_BB,471,0.10000493201689607
raw_A_BB,472,0.10000479599520079
raw_A_BB,473,0.10000452772778058
raw_A_BB,474,0.10000445273407821
raw_A_BB,475,0.10000398774040441
raw_A_BB,476,0.10000385759349195
raw_A_BB,477,0.10000338601819428
raw_A_BB,478,0.10000322965372464
raw_A_BB,479,0.10000293360140958
raw_A_BB,480,0.10000271284951565
raw_A_BB,481,0.10000266831286185
raw_A_BB,482,0.10000251406305985
raw_A_BB,483,0.10000234636608962
raw_A_BB,484,0.1000022573450592
raw_A_BB,485,0.10000222770500893
raw_A_BB,486,0.10000213548996306
raw_A_BB,487,0.1000020426568995
raw_A_BB,488,0.10000170724365676
raw_A_BB,489,0.10000167841297293
raw_A_BB,490,0.10000165193379792
raw_A_BB,491,0.10000162294994597
raw_A_BB,492,0.10000141164924865
raw_A_BB,493,0.10000121792258441
raw_A_BB,494,0.10000114562410274
raw_A_BB,495,0.10000111728616762
raw_A_BB,496,0.10000111170937062
raw_A_BB,497,0.10000104500369489
raw_A_BB,498,0.10000099703396861
raw_A_BB,499,0.10000096866454401
raw_A_BB,500,0.10000093674536263
raw_A_BB,501,0.10000085897223607
raw_A_BB,502,0.10000082845883232
raw_A_BB,503,0.10000080418955161
raw_A_BB,504,0.10000074031796785
raw_A_BB,505,0.1000006866793233
raw_A_BB,506,0.10000064827580538
raw_A_BB,507,0.10000062843335056
raw_A_BB,508,0.10000055666316449
raw_A_BB,509,0.1000005485272896
raw_A_BB,510,0.10000052433424271
raw_A_BB,511,0.10000049775708379
raw_A_BB,512,0.10000048719221237
raw_A_BB,513,0.1000004619103239
raw_A_BB,514,0.10000039011789737
raw_A_BB,515,0.10000038049815158
raw_A_BB,516,0.10000034157297938
raw_A_BB,517,0.10000032637933352
raw_A_BB,518,0.10000032006633494
raw_A_BB,519,0.1000002982192165
raw_A_BB,520,0.10000028815255786
raw_A_BB,521,0.10000024032684757
raw_A_BB,522,0.10000021938121302
raw_A_BB,523,0.10000020238972838
raw_A_BB,524,0.10000019069570532
raw_A_BB,525,0.10000017124045167
raw_A_BB,526,0.10000016677112951
raw_A_BB,527,0.10000015954561037
raw_A_BB,528,0.10000013777376648
raw_A_BB,529,0.10000011643675068
raw_A_BB,530,0.10000011561753067
raw_A_BB,531,0.10000010799449734
raw_A_BB,532,0.10000009832175158
raw_A_BB,533,0.1000000978731932
raw_A_BB,534,0.10000007657833207
raw_A_BB,535,0.10000007094818733
raw_A_BB,536,0.10000006968330447
raw_A_BB,537,0.10000006473554728
raw_A_BB,538,0.1000000634578147
raw_A_BB,539,0.1000000627753068
raw_A_BB,540,0.10000006083939823
raw_A_BB,541,0.1000000505730945
raw_A_BB,542,0.1000000476349924
raw_A_BB,543,0.1000000468108344
raw_A_BB,544,0.10000004554957981
raw_A_BB,545,0.10000004251557713
raw_A_BB,546,0.10000003796281208
raw_A_BB,547,0.10000003652854998
raw_A_BB,548,0.10000003496399486
raw_A_BB,549,0.1000000321725658
raw_A_BB,550,0.10000002954415185
raw_A_BB,551,0.10000002864349274
raw_A_BB,552,0.10000002842220788
raw_A_BB,553,0.10000002712905381
raw_A_BB,554,0.10000002550994379
raw_A_BB,555,0.10000002345822506
raw_A_BB,556,0.1000000224702507
raw_A_BB,557,0.10000002137920291
raw_A_BB,558,0.10000001905653964
raw_A_BB,559,0.10000001809601788
raw_A_BB,560,0.1000000179523392
raw_A_BB,561,0.10000001667005182
raw_A_BB,562,0.10000001489823364
raw_A_BB,563,0.10000001443685538
raw_A_BB,564,0.10000001206937156
raw_A_BB,565,0.10000001143006411
raw_A_BB,566,0.10000001110850888
raw_A_BB,567,0.10000001094954852
raw_A_BB,568,0.10000001021138799
raw_A_BB,569,0.10000000978299761
raw_A_BB,570,0.1000000092833233
raw_A_BB,571,0.1000000090254165
raw_A_BB,572,0.10000000880195267
raw_A_BB,573,0.10000000840272624
raw_A_BB,574,0.10000000782192763
raw_A_BB,575,0.10000000733986315
raw_A_BB,576,0.10000000705435569
raw_A_BB,577,0.10000000682206349
raw_A_BB,578,0.1000000066625646
raw_A_BB,579,0.1000000064856889
raw_A_BB,580,0.10000000625462546
raw_A_BB,581,0.10000000603790396
raw_A_BB,582,0.10000000590536427
raw_A_BB,583,0.1000000057355589
raw_A_BB,584,0.10000000565066511
raw_A_BB,585,0.10000000535294477
raw_A_BB,586,0.10000000517579653
raw_A_BB,587,0.10000000502983457
raw_A_BB,588,0.10000000477732145
raw_A_BB,589,0.10000000466499602
raw_A_BB,590,0.10000000457872031
raw_A_BB,591,0.1000000042593627
raw_A_BB,592,0.10000000407813968
raw_A_BB,593,0.1000000039353722
raw_A_BB,594,0.10000000378153123
raw_A_BB,595,0.10000000366388569
raw_A_BB,596,0.1000000035509671
raw_A_BB,597,0.10000000344059252
raw_A_BB,598,0.10000000324291661
raw_A_BB,599,0.10000000305603823
raw_A_BB,600,0.10000000294762224
raw_A_BB,601,0.10000000290749926
raw_A_BB,602,0.10000000280163251
raw_A_BB,603,0.10000000260494132
raw_A_BB,604,0.10000000246098305
raw_A_BB,605,0.10000000241268175
raw_A_BB,606,0.10000000236087361
raw_A_BB,607,0.10000000231205829
raw_A_BB,608,0.10000000219951778
raw_A_BB,609,0.10000000206298956
raw_A_BB,610,0.10000000197662673
raw_A_BB,611,0.10000000194772277
raw_A_BB,612,0.10000000191622253
raw_A_BB,613,0.10000000189003545
raw_A_BB,614,0.10000000178988604
raw_A_BB,615,0.10000000176484129
raw_A_BB,616,0.10000000169775154
raw_A_BB,617,0.1000000016748452
raw_A_BB,618,0.10000000165148264
raw_A_BB,619,0.10000000158664145
raw_A_BB,620,0.10000000151762697
raw_A_BB,621,0.10000000150073289
raw_A_BB,622,0.10000000146174227
raw_A_BB,623,0.10000000139464205
raw_A_BB,624,0.10000000135383615
raw_A_BB,625,0.10000000133190597
raw_A_BB,626,0.10000000131972854
raw_A_BB,627,0.10000000127463182
raw_A_BB,628,0.10000000124189824
raw_A_BB,629,0.10000000119434017
raw_A_BB,630,0.10000000113350622
raw_A_BB,631,0.1000000011017104
raw_A_BB,632,0.1000000010716167
raw_A_BB,633,0.10000000102668632
raw_A_BB,634,0.10000000099506874
raw_A_BB,635,0.10000000098200999
raw_A_BB,636,0.10000000094574918
raw_A_BB,637,0.10000000091804963
raw_A_BB,638,0.10000000088271124
raw_A_BB,639,0.10000000085867772
raw_A_BB,640,0.10000000083359367
raw_A_BB,641,0.10000000078877426
raw_A_BB,642,0.10000000077188868
raw_A_BB,643,0.10000000075078579
raw_A_BB,644,0.1000000007334802
raw_A_BB,645,0.10000000071284669
raw_A_BB,646,0.10000000069899552
raw_A_BB,647,0.10000000067318227
raw_A_BB,648,0.10000000066781269
raw_A_BB,649,0.10000000062912111
raw_A_BB,650,0.10000000061461349
raw_A_BB,651,0.100000000600885
raw_A_BB,652,0.10000000056798117
raw_A_BB,653,0.10000000055792997
raw_A_BB,654,0.1000000005434643
raw_A_BB,655,0.10000000053647985
raw_A_BB,656,0.10000000052173233
raw_A_BB,657,0.10000000050693497
raw_A_BB,658,0.10000000050071234
raw_A_BB,659,0.10000000048866042
raw_A_BB,660,0.10000000047065438
raw_A_BB,661,0.10000000045554133
raw_A_BB,662,0.10000000044907961
raw_A_BB,663,0.10000000044078325
raw_A_BB,664,0.10000000043016624
raw_A_BB,665,0.100000000411748
raw_A_BB,666,0.10000000040611173
raw_A_BB,667,0.1000000003955199
raw_A_BB,668,0.10000000038957606
raw_A_BB,669,0.10000000038149691
raw_A_BB,670,0.10000000036708004
raw_A_BB,671,0.10000000036001543
raw_A_BB,672,0.10000000035137976
raw_A_BB,673,0.10000000034759357
raw_A_BB,674,0.10000000033991478
raw_A_BB,675,0.10000000032565907
raw_A_BB,676,0.10000000031995182
raw_A_BB,677,0.10000000030923052
raw_A_BB,678,0.1000000003015262
raw_A_BB,679,0.10000000029879527
raw_A_BB,680,0.10000000029227311
raw_A_BB,681,0.10000000028637078
raw_A_BB,682,0.10000000028267014
raw_A_BB,683,0.1000000002771129
raw_A_BB,684,0.10000000027130676
raw_A_BB,685,0.10000000026854593
raw_A_BB,686,0.1000000002646291
raw_A_BB,687,0.10000000025681398
raw_A_BB,688,0.10000000025410181
raw_A_BB,689,0.10000000025026999
raw_A_BB,690,0.10000000024541134
raw_A_BB,691,0.10000000023883754
raw_A_BB,692,0.10000000023740431
raw_A_BB,693,0.10000000023357641
raw_A_BB,694,0.10000000022866933
raw_A_BB,695,0.10000000022385652
raw_A_BB,696,0.10000000022084354
raw_A_BB,697,0.1000000002180042
raw_A_BB,698,0.10000000021297936
raw_A_BB,699,0.10000000020860275
raw_A_BB,700,0.10000000020487877
raw_A_BB,701,0.10000000020238158
raw_A_BB,702,0.10000000019843108
raw_A_BB,703,0.10000000019417901
raw_A_BB,704,0.1000000001935146
raw_A_BB,705,0.10000000018947222
raw_A_BB,706,0.10000000018640604
raw_A_BB,707,0.10000000018239373
raw_A_BB,708,0.10000000018137649
raw_A_BB,709,0.10000000017723973
raw_A_BB,710,0.10000000017405372
raw_A_BB,711,0.10000000017075696
raw_A_BB,712,0.10000000016793703
raw_A_BB,713,0.1000000001662602
raw_A_BB,714,0.10000000016445557
raw_A_BB,715,0.10000000016147191
raw_A_BB,716,0.10000000015890871
raw_A_BB,717,0.10000000015828099
raw_A_BB,718,0.10000000015549723
raw_A_BB,719,0.10000000015333041
raw_A_BB,720,0.10000000015078887
raw_A_BB,721,0.10000000014846376
raw_A_BB,722,0.10000000014580246
raw_A_BB,723,0.10000000014492061
raw_A_BB,724,0.10000000014171913
raw_A_BB,725,0.10000000014016276
raw_A_BB,726,0.10000000013856296
raw_A_BB,727,0.10000000013681189
raw_A_BB,728,0.10000000013500338
raw_A_BB,729,0.10000000013373446
raw_A_BB,730,0.10000000013148047
raw_A_BB,731,0.10000000012991632
raw_A_BB,732,0.10000000012749775
raw_A_BB,733,0.10000000012553344
raw_A_BB,734,0.10000000012445041
raw_A_BB,735,0.10000000012358148
raw_A_BB,736,0.10000000012236693
raw_A_BB,737,0.10000000012070444
raw_A_BB,738,0.10000000011993619
raw_A_BB,739,0.10000000011716788
raw_A_BB,740,0.10000000011460256
raw_A_BB,741,0.10000000011339763
raw_A_BB,742,0.10000000011222772
raw_A_BB,743,0.10000000011040047
raw_A_BB,744,0.1000000001090847
raw_A_BB,745,0.10000000010755758
raw_A_BB,746,0.10000000010628216
raw_A_BB,747,0.10000000010465279
raw_A_BB,748,0.10000000010304073
raw_A_BB,749,0.10000000010267437
raw_A_BB,750,0.10000000010099352
raw_A_BB,751,0.10000000010048297
raw_A_BB,752,0.10000000009910107
raw_A_BB,753,0.1000000000976291
raw_A_BB,754,0.100000000096674
raw_A_BB,755,0.10000000009504256
raw_A_BB,756,0.10000000009389515
raw_A_BB,757,0.10000000009332129
raw_A_BB,758,0.10000000009121604
raw_A_BB,759,0.10000000009024033
raw_A_BB,760,0.10000000008942081
raw_A_BB,761,0.10000000008760108
raw_A_BB,762,0.10000000008672702
raw_A_BB,763,0.10000000008571262
raw_A_BB,764,0.10000000008441773
raw_A_BB,765,0.10000000008310873
raw_A_BB,766,0.1000000000825155
raw_A_BB,767,0.10000000008138732
raw_A_BB,768,0.10000000007959513
raw_A_BB,769,0.10000000007864748
raw_A_BB,770,0.10000000007789
raw_A_BB,771,0.10000000007682977
raw_A_BB,772,0.10000000007647218
raw_A_BB,773,0.10000000007570235
raw_A_BB,774,0.10000000007482064
raw_A_BB,775,0.10000000007302454
raw_A_BB,776,0.100000000072372
raw_A_BB,777,0.10000000007179799
raw_A_BB,778,0.10000000007142787
raw_A_BB,779,0.10000000007049298
raw_A_BB,780,0.10000000006957649
raw_A_BB,781,0.10000000006883214
raw_A_BB,782,0.10000000006778494
raw_A_BB,783,0.1000000000669898
raw_A_BB,784,0.10000000006627988
raw_A_BB,785,0.10000000006569904
raw_A_BB,786,0.10000000006500473
raw_A_BB,787,0.10000000006425312
raw_A_BB,788,0.10000000006368566
raw_A_BB,789,0.10000000006306702
raw_A_BB,790,0.10000000006272415
raw_A_BB,791,0.10000000006159881
raw_A_BB,792,0.10000000006139444
raw_A_BB,793,0.10000000006054467
raw_A_BB,794,0.1000000000600997
raw_A_BB,795,0.10000000005903747
raw_A_BB,796,0.10000000005880298
raw_A_BB,797,0.10000000005773367
raw_A_BB,798,0.10000000005709885
raw_A_BB,799,0.1000000000563895
raw_A_BB,800,0.10000000005589535
raw_A_BB,801,0.10000000005550301
raw_A_BB,802,0.10000000005482894
raw_A_BB,803,0.10000000005439066
raw_A_BB,804,0.1000000000538031
raw_A_BB,805,0.10000000005335556
raw_A_BB,806,0.10000000005261374
raw_A_BB,807,0.10000000005213956
raw_A_BB,808,0.10000000005116744
raw_A_BB,809,0.10000000005098425
raw_A_BB,810,0.10000000005057312
raw_A_BB,811,0.1000000000501702
raw_A_BB,812,0.10000000004980211
raw_A_BB,813,0.10000000004919507
raw_A_BB,814,0.1000000000490916
raw_A_BB,815,0.10000000004840372
raw_A_BB,816,0.10000000004801395
raw_A_BB,817,0.10000000004764525
raw_A_BB,818,0.10000000004707736
raw_A_BB,819,0.10000000004640712
raw_A_BB,820,0.10000000004616172
raw_A_BB,821,0.10000000004549095
raw_A_BB,822,0.10000000004519657
raw_A_BB,823,0.10000000004477232
raw_A_BB,824,0.10000000004417547
raw_A_BB,825,0.10000000004394569
raw_A_BB,826,0.10000000004359909
raw_A_BB,827,0.10000000004299603
raw_A_BB,828,0.10000000004269326
raw_A_BB,829,0.10000000004209793
raw_A_BB,830,0.10000000004179173
raw_A_BB,831,0.10000000004133071
raw_A_BB,832,0.10000000004091623
raw_A_BB,833,0.10000000004066567
raw_A_BB,834,0.10000000004046426
raw_A_BB,835,0.10000000004020623
raw_A_BB,836,0.10000000003983263
raw_A_BB,837,0.10000000003928665
raw_A_BB,838,0.10000000003885744
raw_A_BB,839,0.10000000003848324
raw_A_BB,840,0.10000000003808891
raw_A_BB,841,0.10000000003778496
raw_A_BB,842,0.10000000003760724
raw_A_BB,843,0.10000000003725766
raw_A_BB,844,0.10000000003680179
raw_A_BB,845,0.10000000003625258
raw_A_BB,846,0.10000000003613765
raw_A_BB,847,0.10000000003564498
raw_A_BB,848,0.1000000000353591
raw_A_BB,849,0.10000000003497223
raw_A_BB,850,0.10000000003480826
raw_A_BB,851,0.10000000003453492
raw_A_BB,852,0.10000000003412074
raw_A_BB,853,0.10000000003395353
raw_A_BB,854,0.1000000000337976
raw_A_BB,855,0.10000000003319054
raw_A_BB,856,0.10000000003299431
raw_A_BB,857,0.10000000003281156
raw_A_BB,858,0.10000000003256633
raw_A_BB,859,0.10000000003218552
raw_A_BB,860,0.10000000003178634
raw_A_BB,861,0.1000000000313058
raw_A_BB,862,0.10000000003105923
raw_A_BB,863,0.10000000003093491
raw_A_BB,864,0.10000000003062869
raw_A_BB,865,0.10000000003034235
raw_A_BB,866,0.10000000003012285
raw_A_BB,867,0.10000000002981148
raw_A_BB,868,0.10000000002948761
raw_A_BB,869,0.10000000002935129
raw_A_BB,870,0.10000000002922306
raw_A_BB,871,0.10000000002880001
raw_A_BB,872,0.10000000002847267
raw_A_BB,873,0.10000000002837289
raw_A_BB,874,0.10000000002807252
raw_A_BB,875,0.10000000002790183
raw_A_BB,876,0.1000000000275842
raw_A_BB,877,0.1000000000273709
raw_A_BB,878,0.10000000002718616
raw_A_BB,879,0.1000000000269985
raw_A_BB,880,0.1000000000267759
raw_A_BB,881,0.10000000002646194
raw_A_BB,882,0.10000000002610922
raw_A_BB,883,0.10000000002604399
raw_A_BB,884,0.10000000002561099
raw_A_BB,885,0.10000000002546572
raw_A_BB,886,0.10000000002528435
raw_A_BB,887,0.10000000002496401
raw_A_BB,888,0.10000000002466937
raw_A_BB,889,0.10000000002462316
raw_A_BB,890,0.10000000002446462
raw_A_BB,891,0.1000000000241216
raw_A_BB,892,0.10000000002397041
raw_A_BB,893,0.10000000002374086
raw_A_BB,894,0.10000000002361938
raw_A_BB,895,0.10000000002352842
raw_A_BB,896,0.10000000002316405
raw_A_BB,897,0.10000000002302023
raw_A_BB,898,0.10000000002291919
raw_A_BB,899,0.10000000002276346
raw_A_BB,900,0.10000000002260288
raw_A_BB,901,0.10000000002237278
raw_A_BB,902,0.10000000002228854
raw_A_BB,903,0.10000000002219105
raw_A_BB,904,0.10000000002201745
raw_A_BB,905,0.10000000002181393
raw_A_BB,906,0.10000000002150926
raw_A_BB,907,0.10000000002131625
raw_A_BB,908,0.10000000002123396
raw_A_BB,909,0.10000000002115413
raw_A_BB,910,0.10000000002084838
raw_A_BB,911,0.10000000002077826
raw_A_BB,912,0.10000000002062673
raw_A_BB,913,0.10000000002038205
raw_A_BB,914,0.10000000002031631
raw_A_BB,915,0.10000000002019495
raw_A_BB,916,0.10000000001996916
raw_A_BB,917,0.10000000001992543
raw_A_BB,918,0.100000000019744
raw_A_BB,919,0.10000000001959375
raw_A_BB,920,0.1000000000195281
raw_A_BB,921,0.10000000001937454
raw_A_BB,922,0.10000000001909988
raw_A_BB,923,0.10000000001903986
raw_A_BB,924,0.10000000001881552
raw_A_BB,925,0.1000000000187866
raw_A_BB,926,0.10000000001858968
raw_A_BB,927,0.10000000001847949
raw_A_BB,928,0.10000000001838466
raw_A_BB,929,0.100000000018234
raw_A_BB,930,0.1000000000181726
raw_A_BB,931,0.10000000001794766
raw_A_BB,932,0.10000000001771712
raw_A_BB,933,0.1000000000175209
raw_A_BB,934,0.10000000001748563
raw_A_BB,935,0.10000000001737792
raw_A_BB,936,0.10000000001714912
raw_A_BB,937,0.1000000000170731
raw_A_BB,938,0.10000000001699717
raw_A_BB,939,0.10000000001693599
raw_A_BB,940,0.10000000001674582
raw_A_BB,941,0.10000000001669904
raw_A_BB,942,0.10000000001658914
raw_A_BB,943,0.1000000000164508
raw_A_BB,944,0.10000000001630809
raw_A_BB,945,0.10000000001623319
raw_A_BB,946,0.1000000000160468
raw_A_BB,947,0.10000000001596288
raw_A_BB,948,0.10000000001589052
raw_A_BB,949,0.10000000001584328
raw_A_BB,950,0.10000000001570471
raw_A_BB,951,0.1000000000155522
raw_A_BB,952,0.10000000001538471
raw_A_BB,953,0.10000000001529813
raw_A_BB,954,0.10000000001527017
raw_A_BB,955,0.10000000001515717
raw_A_BB,956,0.10000000001509014
raw_A_BB,957,0.10000000001497603
raw_A_BB,958,0.10000000001490478
raw_A_BB,959,0.10000000001479595
raw_A_BB,960,0.10000000001472839
raw_A_BB,961,0.10000000001464515
raw_A_BB,962,0.10000000001456495
raw_A_BB,963,0.10000000001443364
raw_A_BB,964,0.10000000001437369
raw_A_BB,965,0.1000000000141762
raw_A_BB,966,0.1000000000140633
raw_A_BB,967,0.10000000001401887
raw_A_BB,968,0.10000000001389654
raw_A_BB,969,0.1000000000138184
raw_A_BB,970,0.10000000001372268
raw_A_BB,971,0.10000000001365822
raw_A_BB,972,0.10000000001349378
raw_A_BB,973,0.10000000001340155
raw_A_BB,974,0.10000000001329662
raw_A_BB,975,0.100000000013238
raw_A_BB,976,0.10000000001318717
raw_A_BB,977,0.10000000001303773
raw_A_BB,978,0.10000000001300928
raw_A_BB,979,0.10000000001292268
raw_A_BB,980,0.10000000001285556
raw_A_BB,981,0.10000000001279152
raw_A_BB,982,0.10000000001274569
raw_A_BB,983,0.10000000001266912
raw_A_BB,984,0.10000000001261344
raw_A_BB,985,0.100000000012503
raw_A_BB,986,0.10000000001237308
raw_A_BB,987,0.10000000001226697
raw_A_BB,988,0.10000000001213279
raw_A_BB,989,0.10000000001207539
raw_A_BB,990,0.10000000001201476
raw_A_BB,991,0.10000000001196936
raw_A_BB,992,0.1000000000118996
raw_A_BB,993,0.10000000001177184
raw_A_BB,994,0.10000000001175816
raw_A_BB,995,0.10000000001167007
raw_A_BB,996,0.10000000001164493
raw_A_BB,997,0.10000000001156778
raw_A_BB,998,0.1000000000114712
raw_A_BB,999,0.10000000001143872
raw_A_BB,1000,0.1000000000113665
raw_A_BB,1001,0.10000000001128087
raw_A_BB,1002,0.100000000011224
raw_A_BB,1003,0.10000000001117194
raw_A_BB,1004,0.10000000001109632
raw_A_BB,1005,0.10000000001102338
raw_A_BB,1006,0.10000000001094995
raw_A_BB,1007,0.10000000001087651
raw_A_BB,1008,0.10000000001081319
raw_A_BB,1009,0.10000000001077185
raw_A_BB,1010,0.10000000001069746
raw_A_BB,1011,0.10000000001062911
raw_A_BB,1012,0.10000000001056081
raw_A_BB,1013,0.10000000001049558
raw_A_BB,1014,0.1000000000103894
raw_A_BB,1015,0.10000000001032651
raw_A_BB,1016,0.10000000001029286
raw_A_BB,1017,0.10000000001015974
raw_A_BB,1018,0.1000000000101324
raw_A_BB,1019,0.10000000001006563
raw_A_BB,1020,0.10000000001000715
raw_A_BB,1021,0.10000000000995125
raw_A_BB,1022,0.10000000000989408
raw_A_BB,1023,0.10000000000984581
raw_A_BB,1024,0.10000000000981271
raw_A_BB,1025,0.10000000000974459
raw_A_BB,1026,0.10000000000967837
raw_A_BB,1027,0.10000000000964197
raw_A_BB,1028,0.10000000000956993
raw_A_BB,1029,0.10000000000949777
raw_A_BB,1030,0.10000000000944097
raw_A_BB,1031,0.10000000000932895
raw_A_BB,1032,0.10000000000931109
raw_A_BB,1033,0.10000000000927993
raw_A_BB,1034,0.10000000000923913
raw_A_BB,1035,0.10000000000915577
raw_A_BB,1036,0.10000000000911537
raw_A_BB,1037,0.1000000000090947
raw_A_BB,1038,0.10000000000899865
raw_A_BB,1039,0.10000000000895956
raw_A_BB,1040,0.10000000000889586
raw_A_BB,1041,0.10000000000885581
raw_A_BB,1042,0.10000000000879211
raw_A_BB,1043,0.10000000000875686
raw_A_BB,1044,0.10000000000871585
raw_A_BB,1045,0.10000000000865715
raw_A_BB,1046,0.10000000000859822
raw_A_BB,1047,0.10000000000853143
raw_A_BB,1048,0.10000000000850233
raw_A_BB,1049,0.10000000000847398
raw_A_BB,1050,0.10000000000842885
raw_A_BB,1051,0.10000000000834973
raw_A_BB,1052,0.10000000000829554
raw_A_BB,1053,0.10000000000827737
raw_A_BB,1054,0.10000000000823049
raw_A_BB,1055,0.10000000000818535
raw_A_BB,1056,0.10000000000812563
raw_A_BB,1057,0.1000000000080843
raw_A_BB,1058,0.1000000000080265
raw_A_BB,1059,0.10000000000798018
raw_A_BB,1060,0.10000000000794552
raw_A_BB,1061,0.10000000000790124
raw_A_BB,1062,0.1000000000078665
raw_A_BB,1063,0.10000000000782736
raw_A_BB,1064,0.10000000000779649
raw_A_BB,1065,0.10000000000773482
raw_A_BB,1066,0.10000000000765176
raw_A_BB,1067,0.10000000000761872
raw_A_BB,1068,0.10000000000755599
raw_A_BB,1069,0.1000000000075473
raw_A_BB,1070,0.10000000000749418
raw_A_BB,1071,0.10000000000744333
raw_A_BB,1072,0.100000000007423
raw_A_BB,1073,0.10000000000739982
raw_A_BB,1074,0.10000000000735357
raw_A_BB,1075,0.1000000000073069
raw_A_BB,1076,0.10000000000723266
raw_A_BB,1077,0.1000000000072109
raw_A_BB,1078,0.1000000000071852
raw_A_BB,1079,0.1000000000071343
raw_A_BB,1080,0.1000000000070987
raw_A_BB,1081,0.10000000000704266
raw_A_BB,1082,0.10000000000700843
raw_A_BB,1083,0.10000000000697402
raw_A_BB,1084,0.10000000000693915
raw_A_BB,1085,0.10000000000689845
raw_A_BB,1086,0.10000000000687045
raw_A_BB,1087,0.100000000006828
raw_A_BB,1088,0.10000000000677559
raw_A_BB,1089,0.10000000000675738
raw_A_BB,1090,0.10000000000669923
raw_A_BB,1091,0.10000000000666148
raw_A_BB,1092,0.10000000000662743
raw_A_BB,1093,0.10000000000658661
raw_A_BB,1094,0.10000000000657278
raw_A_BB,1095,0.10000000000653944
raw_A_BB,1096,0.10000000000650841
raw_A_BB,1097,0.10000000000647642
raw_A_BB,1098,0.10000000000644126
raw_A_BB,1099,0.10000000000638988
raw_A_BB,1100,0.10000000000637231
raw_A_BB,1101,0.10000000000632737
raw_A_BB,1102,0.10000000000629525
raw_A_BB,1103,0.1000000000062467
raw_A_BB,1104,0.10000000000621495
raw_A_BB,1105,0.10000000000618145
raw_A_BB,1106,0.10000000000614963
raw_A_BB,1107,0.10000000000610157
raw_A_BB,1108,0.10000000000609284
raw_A_BB,1109,0.10000000000606728
raw_A_BB,1110,0.10000000000602294
raw_A_BB,1111,0.10000000000598532
raw_A_BB,1112,0.10000000000597523
raw_A_BB,1113,0.10000000000594653
raw_A_BB,1114,0.10000000000592162
raw_A_BB,1115,0.10000000000590004
raw_A_BB,1116,0.10000000000587979
raw_A_BB,1117,0.10000000000580285
raw_A_BB,1118,0.10000000000579129
raw_A_BB,1119,0.10000000000575171
raw_A_BB,1120,0.1000000000057092
raw_A_BB,1121,0.10000000000569591
raw_A_BB,1122,0.10000000000564863
raw_A_BB,1123,0.10000000000561197
raw_A_BB,1124,0.10000000000558941
raw_A_BB,1125,0.10000000000556321
raw_A_BB,1126,0.10000000000552196
raw_A_BB,1127,0.10000000000550863
raw_A_BB,1128,0.10000000000546912
raw_A_BB,1129,0.10000000000544121
raw_A_BB,1130,0.10000000000539826
raw_A_BB,1131,0.10000000000536628
raw_A_BB,1132,0.10000000000534635
raw_A_BB,1133,0.10000000000531185
raw_A_BB,1134,0.10000000000527696
raw_A_BB,1135,0.10000000000525079
raw_A_BB,1136,0.10000000000523206
raw_A_BB,1137,0.10000000000520143
raw_A_BB,1138,0.10000000000518651
raw_A_BB,1139,0.10000000000514522
raw_A_BB,1140,0.10000000000511662
raw_A_BB,1141,0.10000000000510285
raw_A_BB,1142,0.10000000000507593
raw_A_BB,1143,0.10000000000505765
raw_A_BB,1144,0.10000000000501905
raw_A_BB,1145,0.10000000000498702
raw_A_BB,1146,0.10000000000494769
raw_A_BB,1147,0.10000000000492186
raw_A_BB,1148,0.1000000000049073
raw_A_BB,1149,0.1000000000048763
raw_A_BB,1150,0.1000000000048365
raw_A_BB,1151,0.10000000000482294
raw_A_BB,1152,0.10000000000479697
raw_A_BB,1153,0.10000000000477487
raw_A_BB,1154,0.10000000000474271
raw_A_BB,1155,0.10000000000472768
raw_A_BB,1156,0.10000000000470108
raw_A_BB,1157,0.10000000000466935
raw_A_BB,1158,0.1000000000046421
raw_A_BB,1159,0.10000000000463322
raw_A_BB,1160,0.10000000000461015
raw_A_BB,1161,0.10000000000459155
raw_A_BB,1162,0.10000000000455618
raw_A_BB,1163,0.1000000000045353
raw_A_BB,1164,0.10000000000452033
raw_A_BB,1165,0.1000000000044944
raw_A_BB,1166,0.1000000000044824
raw_A_BB,1167,0.10000000000443687
raw_A_BB,1168,0.10000000000441733
raw_A_BB,1169,0.100000000004389
raw_A_BB,1170,0.10000000000437044
raw_A_BB,1171,0.10000000000435004
raw_A_BB,1172,0.1000000000043256
raw_A_BB,1173,0.10000000000431278
raw_A_BB,1174,0.1000000000042964
raw_A_BB,1175,0.10000000000428147
raw_A_BB,1176,0.10000000000426656
raw_A_BB,1177,0.10000000000423974
raw_A_BB,1178,0.10000000000423036
raw_A_BB,1179,0.10000000000418556
raw_A_BB,1180,0.10000000000417042
raw_A_BB,1181,0.10000000000415826
raw_A_BB,1182,0.10000000000413868
raw_A_BB,1183,0.10000000000412226
raw_A_BB,1184,0.10000000000409452
raw_A_BB,1185,0.10000000000406455
raw_A_BB,1186,0.10000000000405623
raw_A_BB,1187,0.10000000000403424
raw_A_BB,1188,0.10000000000401889
raw_A_BB,1189,0.10000000000400043
raw_A_BB,1190,0.10000000000397796
raw_A_BB,1191,0.10000000000394807
raw_A_BB,1192,0.10000000000392517
raw_A_BB,1193,0.10000000000390569
raw_A_BB,1194,0.10000000000387935
raw_A_BB,1195,0.10000000000386795
raw_A_BB,1196,0.10000000000385756
raw_A_BB,1197,0.10000000000382055
raw_A_BB,1198,0.10000000000380076
raw_A_BB,1199,0.10000000000377629
raw_A_BB,1200,0.10000000000376663
raw_A_BB,1201,0.10000000000375432
raw_A_BB,1202,0.10000000000374276
raw_A_BB,1203,0.10000000000370116
raw_A_BB,1204,0.1000000000036795
raw_A_BB,1205,0.10000000000367036
raw_A_BB,1206,0.10000000000365238
raw_A_BB,1207,0.10000000000363393
raw_A_BB,1208,0.10000000000361241
raw_A_BB,1209,0.10000000000360545
raw_A_BB,1210,0.10000000000357821
raw_A_BB,1211,0.10000000000356102
raw_A_BB,1212,0.1000000000035469
raw_A_BB,1213,0.10000000000351499
raw_A_BB,1214,0.10000000000350573
raw_A_BB,1215,0.10000000000349778
raw_A_BB,1216,0.10000000000347684
raw_A_BB,1217,0.10000000000346307
raw_A_BB,1218,0.10000000000342488
raw_A_BB,1219,0.10000000000341427
raw_A_BB,1220,0.10000000000339256
raw_A_BB,1221,0.100000000003381
raw_A_BB,1222,0.10000000000337018
raw_A_BB,1223,0.10000000000334866
raw_A_BB,1224,0.1000000000033412
raw_A_BB,1225,0.10000000000332357
raw_A_BB,1226,0.10000000000330822
raw_A_BB,1227,0.10000000000328635
raw_A_BB,1228,0.1000000000032678
raw_A_BB,1229,0.10000000000325164
raw_A_BB,1230,0.10000000000324212
raw_A_BB,1231,0.10000000000322577
raw_A_BB,1232,0.10000000000319498
raw_A_BB,1233,0.10000000000319362
raw_A_BB,1234,0.10000000000316117
raw_A_BB,1235,0.10000000000314735
raw_A_BB,1236,0.1000000000031441
raw_A_BB,1237,0.10000000000313172
raw_A_BB,1238,0.10000000000311922
raw_A_BB,1239,0.10000000000310508
raw_A_BB,1240,0.10000000000308608
raw_A_BB,1241,0.10000000000306912
raw_A_BB,1242,0.10000000000306437
raw_A_BB,1243,0.10000000000304804
raw_A_BB,1244,0.10000000000302652
raw_A_BB,1245,0.10000000000301901
raw_A_BB,1246,0.10000000000299916
raw_A_BB,1247,0.10000000000298737
raw_A_BB,1248,0.10000000000297475
raw_A_BB,1249,0.10000000000295878
raw_A_BB,1250,0.10000000000294927
raw_A_BB,1251,0.10000000000294218
raw_A_BB,1252,0.10000000000292719
raw_A_BB,1253,0.10000000000290399
raw_A_BB,1254,0.10000000000288647
raw_A_BB,1255,0.10000000000287508
raw_A_BB,1256,0.10000000000286026
raw_A_BB,1257,0.10000000000284907
raw_A_BB,1258,0.10000000000283756
raw_A_BB,1259,0.10000000000282909
raw_A_BB,1260,0.1000000000028119
raw_A_BB,1261,0.10000000000279884
raw_A_BB,1262,0.1000000000027821
raw_A_BB,1263,0.10000000000277057
raw_A_BB,1264,0.10000000000275601
raw_A_BB,1265,0.10000000000273764
raw_A_BB,1266,0.10000000000272947
raw_A_BB,1267,0.10000000000272267
raw_A_BB,1268,0.10000000000269481
raw_A_BB,1269,0.10000000000267907
raw_A_BB,1270,0.10000000000267209
raw_A_BB,1271,0.10000000000265785
raw_A_BB,1272,0.1000000000026489
raw_A_BB,1273,0.10000000000263762
raw_A_BB,1274,0.10000000000262031
raw_A_BB,1275,0.10000000000261365
raw_A_BB,1276,0.10000000000259336
raw_A_BB,1277,0.10000000000258848
raw_A_BB,1278,0.10000000000257475
raw_A_BB,1279,0.10000000000255363
raw_A_BB,1280,0.10000000000253662
raw_A_BB,1281,0.10000000000252686
raw_A_BB,1282,0.10000000000250922
raw_A_BB,1283,0.1000000000024958
raw_A_BB,1284,0.10000000000249425
raw_A_BB,1285,0.10000000000247666
raw_A_BB,1286,0.10000000000247425
raw_A_BB,1287,0.1000000000024495
raw_A_BB,1288,0.10000000000244016
raw_A_BB,1289,0.10000000000241951
raw_A_BB,1290,0.10000000000241191
raw_A_BB,1291,0.10000000000240654
raw_A_BB,1292,0.10000000000239383
raw_A_BB,1293,0.10000000000237583
raw_A_BB,1294,0.10000000000236799
raw_A_BB,1295,0.10000000000236296
raw_A_BB,1296,0.10000000000235208
raw_A_BB,1297,0.10000000000233794
raw_A_BB,1298,0.10000000000232516
raw_A_BB,1299,0.10000000000231524
raw_A_BB,1300,0.10000000000230759
raw_A_BB,1301,0.10000000000229946
raw_A_BB,1302,0.10000000000227893
raw_A_BB,1303,0.10000000000226505
raw_A_BB,1304,0.10000000000225144
raw_A_BB,1305,0.10000000000224817
raw_A_BB,1306,0.10000000000223497
raw_A_BB,1307,0.10000000000222711
raw_A_BB,1308,0.10000000000221711
raw_A_BB,1309,0.10000000000221425
raw_A_BB,1310,0.10000000000219797
raw_A_BB,1311,0.1000000000021884
raw_A_BB,1312,0.10000000000217768
raw_A_BB,1313,0.10000000000216919
raw_A_BB,1314,0.10000000000214856
raw_A_BB,1315,0.10000000000214071
raw_A_BB,1316,0.10000000000213119
raw_A_BB,1317,0.10000000000212227
raw_A_BB,1318,0.10000000000210987
raw_A_BB,1319,0.10000000000209
raw_A_BB,1320,0.10000000000208456
raw_A_BB,1321,0.10000000000207723
raw_A_BB,1322,0.10000000000206603
raw_A_BB,1323,0.10000000000205779
raw_A_BB,1324,0.10000000000205117
raw_A_BB,1325,0.10000000000202984
raw_A_BB,1326,0.10000000000202622
raw_A_BB,1327,0.10000000000201976
raw_A_BB,1328,0.1000000000020005
raw_A_BB,1329,0.10000000000198957
raw_A_BB,1330,0.10000000000198424
raw_A_BB,1331,0.10000000000197301
raw_A_BB,1332,0.10000000000197001
raw_A_BB,1333,0.10000000000195808
raw_A_BB,1334,0.1000000000019445
raw_A_BB,1335,0.10000000000194058
raw_A_BB,1336,0.10000000000192798
raw_A_BB,1337,0.10000000000191825
raw_A_BB,1338,0.10000000000190795
raw_A_BB,1339,0.10000000000189886
raw_A_BB,1340,0.10000000000189502
raw_A_BB,1341,0.1000000000018839
raw_A_BB,1342,0.10000000000187205
raw_A_BB,1343,0.10000000000186536
raw_A_BB,1344,0.10000000000186005
raw_A_BB,1345,0.10000000000183935
raw_A_BB,1346,0.10000000000183364
raw_A_BB,1347,0.10000000000181682
raw_A_BB,1348,0.10000000000181095
raw_A_BB,1349,0.10000000000180644
raw_A_BB,1350,0.10000000000179482
raw_A_BB,1351,0.10000000000178606
raw_A_BB,1352,0.10000000000178413
raw_A_BB,1353,0.10000000000177893
raw_A_BB,1354,0.10000000000175897
raw_A_BB,1355,0.10000000000175575
raw_A_BB,1356,0.10000000000174006
raw_A_BB,1357,0.1000000000017344
raw_A_BB,1358,0.10000000000172632
raw_A_BB,1359,0.10000000000172408
raw_A_BB,1360,0.10000000000171548
raw_A_BB,1361,0.1000000000016988
raw_A_BB,1362,0.10000000000168933
raw_A_BB,1363,0.10000000000168463
raw_A_BB,1364,0.10000000000167368
raw_A_BB,1365,0.10000000000167106
raw_A_BB,1366,0.10000000000165961
raw_A_BB,1367,0.10000000000165184
raw_A_BB,1368,0.10000000000164828
raw_A_BB,1369,0.10000000000163368
raw_A_BB,1370,0.10000000000162455
raw_A_BB,1371,0.10000000000161942
raw_A_BB,1372,0.10000000000160299
raw_A_BB,1373,0.10000000000159932
raw_A_BB,1374,0.10000000000159122
raw_A_BB,1375,0.10000000000158722
raw_A_BB,1376,0.10000000000157352
raw_A_BB,1377,0.10000000000156913
raw_A_BB,1378,0.10000000000156382
raw_A_BB,1379,0.10000000000155382
raw_A_BB,1380,0.1000000000015465
raw_A_BB,1381,0.1000000000015362
raw_A_BB,1382,0.10000000000152406
raw_A_BB,1383,0.1000000000015184
raw_A_BB,1384,0.10000000000150842
raw_A_BB,1385,0.10000000000150464
raw_A_BB,1386,0.10000000000148683
raw_A_BB,1387,0.10000000000148213
raw_A_BB,1388,0.10000000000147223
raw_A_BB,1389,0.10000000000145877
raw_A_BB,1390,0.10000000000145315
raw_A_BB,1391,0.10000000000144646
raw_A_BB,1392,0.1000000000014421
raw_A_BB,1393,0.10000000000143987
raw_A_BB,1394,0.10000000000142983
raw_A_BB,1395,0.10000000000142543
raw_A_BB,1396,0.10000000000141951
raw_A_BB,1397,0.1000000000014093
raw_A_BB,1398,0.100000000001405
raw_A_BB,1399,0.10000000000140055
raw_A_BB,1400,0.10000000000138652
raw_A_BB,1401,0.10000000000138287
raw_A_BB,1402,0.10000000000137264
raw_A_BB,1403,0.10000000000136688
raw_A_BB,1404,0.10000000000136315
raw_A_BB,1405,0.10000000000135328
raw_A_BB,1406,0.10000000000134711
raw_A_BB,1407,0.10000000000133942
raw_A_BB,1408,0.10000000000133073
raw_A_BB,1409,0.1000000000013271
raw_A_BB,1410,0.10000000000131797
raw_A_BB,1411,0.10000000000131411
raw_A_BB,1412,0.1000000000013042
raw_A_BB,1413,0.1000000000012967
raw_A_BB,1414,0.10000000000128888
raw_A_BB,1415,0.10000000000128191
raw_A_BB,1416,0.10000000000127382
raw_A_BB,1417,0.10000000000126706
raw_A_BB,1418,0.10000000000126373
raw_A_BB,1419,0.10000000000125507
raw_A_BB,1420,0.10000000000125339
raw_A_BB,1421,0.10000000000124401
raw_A_BB,1422,0.10000000000123498
raw_A_BB,1423,0.1000000000012208
raw_A_BB,1424,0.1000000000012142
raw_A_BB,1425,0.10000000000121104
raw_A_BB,1426,0.10000000000120704
raw_A_BB,1427,0.1000000000011985
raw_A_BB,1428,0.1000000000011879
raw_A_BB,1429,0.10000000000118503
raw_A_BB,1430,0.1000000000011776
raw_A_BB,1431,0.10000000000116992
raw_A_BB,1432,0.10000000000116485
raw_A_BB,1433,0.10000000000115569
raw_A_BB,1434,0.10000000000115054
raw_A_BB,1435,0.10000000000114567
raw_A_BB,1436,0.10000000000113296
raw_A_BB,1437,0.10000000000112803
raw_A_BB,1438,0.10000000000112487
raw_A_BB,1439,0.10000000000111967
raw_A_BB,1440,0.10000000000111345
raw_A_BB,1441,0.10000000000110609
raw_A_BB,1442,0.1000000000010978
raw_A_BB,1443,0.10000000000109338
raw_A_BB,1444,0.10000000000108838
raw_A_BB,1445,0.100000000001082
raw_A_BB,1446,0.10000000000107546
raw_A_BB,1447,0.10000000000106841
raw_A_BB,1448,0.10000000000106327
raw_A_BB,1449,0.10000000000105722
raw_A_BB,1450,0.10000000000104893
raw_A_BB,1451,0.10000000000104349
raw_A_BB,1452,0.10000000000103788
raw_A_BB,1453,0.1000000000010317
raw_A_BB,1454,0.10000000000102628
raw_A_BB,1455,0.10000000000101984
raw_A_BB,1456,0.10000000000101689
raw_A_BB,1457,0.10000000000101152
raw_A_BB,1458,0.10000000000100026
raw_A_BB,1459,0.10000000000099597
raw_A_BB,1460,0.10000000000098852
raw_A_BB,1461,0.10000000000098433
raw_A_BB,1462,0.10000000000097883
raw_A_BB,1463,0.10000000000097413
raw_A_BB,1464,0.10000000000097212
raw_A_BB,1465,0.10000000000095755
raw_A_BB,1466,0.10000000000095176
raw_A_BB,1467,0.10000000000094517
raw_A_BB,1468,0.10000000000093737
raw_A_BB,1469,0.10000000000093197
raw_A_BB,1470,0.10000000000093005
raw_A_BB,1471,0.10000000000092686
raw_A_BB,1472,0.10000000000091971
raw_A_BB,1473,0.10000000000091404
raw_A_BB,1474,0.10000000000091
raw_A_BB,1475,0.1000000000009043
raw_A_BB,1476,0.10000000000089837
raw_A_BB,1477,0.10000000000089049
raw_A_BB,1478,0.1000000000008846
raw_A_BB,1479,0.10000000000088091
raw_A_BB,1480,0.10000000000087066
raw_A_BB,1481,0.100000000000866
raw_A_BB,1482,0.10000000000086105
raw_A_BB,1483,0.10000000000085577
raw_A_BB,1484,0.10000000000085328
raw_A_BB,1485,0.100000000000844
raw_A_BB,1486,0.10000000000083778
raw_A_BB,1487,0.10000000000083355
raw_A_BB,1488,0.10000000000082974
raw_A_BB,1489,0.10000000000082414
raw_A_BB,1490,0.10000000000081964
raw_A_BB,1491,0.10000000000081222
raw_A_BB,1492,0.10000000000080808
raw_A_BB,1493,0.10000000000080038
raw_A_BB,1494,0.10000000000079841
raw_A_BB,1495,0.10000000000078617
raw_A_BB,1496,0.1000000000007812
raw_A_BB,1497,0.10000000000077722
raw_A_BB,1498,0.10000000000077042
raw_A_BB,1499,0.1000000000007673
raw_A_BB,1500,0.1000000000007623
raw_A_BB,1501,0.10000000000075941
raw_A_BB,1502,0.10000000000075406
raw_A_BB,1503,0.10000000000074578
raw_A_BB,1504,0.10000000000074133
raw_A_BB,1505,0.10000000000073746
raw_A_BB,1506,0.1000000000007298
raw_A_BB,1507,0.10000000000072665
raw_A_BB,1508,0.1000000000007215
raw_A_BB,1509,0.10000000000071363
raw_A_BB,1510,0.1000000000007098
raw_A_BB,1511,0.1000000000007046
raw_A_BB,1512,0.10000000000070179
raw_A_BB,1513,0.10000000000069693
raw_A_BB,1514,0.1000000000006935
raw_A_BB,1515,0.10000000000068525
raw_A_BB,1516,0.1000000000006795
raw_A_BB,1517,0.10000000000067824
raw_A_BB,1518,0.10000000000067234
raw_A_BB,1519,0.10000000000066725
raw_A_BB,1520,0.10000000000066311
raw_A_BB,1521,0.10000000000065298
raw_A_BB,1522,0.10000000000064724
raw_A_BB,1523,0.10000000000064194
raw_A_BB,1524,0.10000000000063941
raw_A_BB,1525,0.10000000000063555
raw_A_BB,1526,0.10000000000062981
raw_A_BB,1527,0.10000000000062652
raw_A_BB,1528,0.10000000000061691
raw_A_BB,1529,0.10000000000061476
raw_A_BB,1530,0.1000000000006122
raw_A_BB,1531,0.10000000000060782
raw_A_BB,1532,0.10000000000060369
raw_A_BB,1533,0.10000000000059647
raw_A_BB,1534,0.1000000000005932
raw_A_BB,1535,0.10000000000058404
raw_A_BB,1536,0.10000000000058097
raw_A_BB,1537,0.10000000000057503
raw_A_BB,1538,0.10000000000057149
raw_A_BB,1539,0.10000000000056815
raw_A_BB,1540,0.10000000000056221
raw_A_BB,1541,0.10000000000055721
raw_A_BB,1542,0.10000000000055358
raw_A_BB,1543,0.10000000000054676
raw_A_BB,1544,0.10000000000054204
raw_A_BB,1545,0.10000000000053788
raw_A_BB,1546,0.10000000000053338
raw_A_BB,1547,0.10000000000052855
raw_A_BB,1548,0.10000000000052636
raw_A_BB,1549,0.10000000000052314
raw_A_BB,1550,0.10000000000051758
raw_A_BB,1551,0.10000000000051418
raw_A_BB,1552,0.10000000000050815
raw_A_BB,1553,0.10000000000050227
raw_A_BB,1554,0.10000000000049815
raw_A_BB,1555,0.1000000000004958
raw_A_BB,1556,0.10000000000048644
raw_A_BB,1557,0.10000000000048483
raw_A_BB,1558,0.10000000000047918
raw_A_BB,1559,0.10000000000047729
raw_A_BB,1560,0.1000000000004747
raw_A_BB,1561,0.10000000000047121
raw_A_BB,1562,0.10000000000046451
raw_A_BB,1563,0.10000000000045701
raw_A_BB,1564,0.10000000000045203
raw_A_BB,1565,0.10000000000044816
raw_A_BB,1566,0.10000000000044254
raw_A_BB,1567,0.10000000000044024
raw_A_BB,1568,0.1000000000004363
raw_A_BB,1569,0.10000000000043113
raw_A_BB,1570,0.10000000000042718
raw_A_BB,1571,0.10000000000042122
raw_A_BB,1572,0.10000000000041803
raw_A_BB,1573,0.10000000000041188
raw_A_BB,1574,0.10000000000040997
raw_A_BB,1575,0.10000000000040582
raw_A_BB,1576,0.10000000000040331
raw_A_BB,1577,0.10000000000039776
raw_A_BB,1578,0.10000000000039005
raw_A_BB,1579,0.10000000000038763
raw_A_BB,1580,0.10000000000038542
raw_A_BB,1581,0.10000000000038328
raw_A_BB,1582,0.10000000000037654
raw_A_BB,1583,0.10000000000037074
raw_A_BB,1584,0.10000000000036902
raw_A_BB,1585,0.10000000000036254
raw_A_BB,1586,0.10000000000035915
raw_A_BB,1587,0.10000000000035685
raw_A_BB,1588,0.10000000000034913
raw_A_BB,1589,0.10000000000034599
raw_A_BB,1590,0.10000000000033643
raw_A_BB,1591,0.10000000000033388
raw_A_BB,1592,0.10000000000033084
raw_A_BB,1593,0.10000000000032608
raw_A_BB,1594,0.10000000000032191
raw_A_BB,1595,0.10000000000031928
raw_A_BB,1596,0.10000000000031606
raw_A_BB,1597,0.10000000000031126
raw_A_BB,1598,0.10000000000030519
raw_A_BB,1599,0.10000000000030355
raw_A_BB,1600,0.10000000000030018
raw_A_BB,1601,0.10000000000029621
raw_A_BB,1602,0.10000000000029345
raw_A_BB,1603,0.10000000000028739
raw_A_BB,1604,0.10000000000028411
raw_A_BB,1605,0.10000000000027887
raw_A_BB,1606,0.10000000000027605
raw_A_BB,1607,0.10000000000026968
raw_A_BB,1608,0.1000000000002675
raw_A_BB,1609,0.10000000000026307
raw_A_BB,1610,0.10000000000025681
raw_A_BB,1611,0.10000000000025516
raw_A_BB,1612,0.10000000000025291
raw_A_BB,1613,0.1000000000002478
raw_A_BB,1614,0.10000000000023973
raw_A_BB,1615,0.10000000000023858
raw_A_BB,1616,0.10000000000023299
raw_A_BB,1617,0.1000000000002315
raw_A_BB,1618,0.10000000000022702
raw_A_BB,1619,0.10000000000022345
raw_A_BB,1620,0.10000000000021965
raw_A_BB,1621,0.10000000000021558
raw_A_BB,1622,0.10000000000021443
raw_A_BB,1623,0.10000000000020617
raw_A_BB,1624,0.1000000000002037
raw_A_BB,1625,0.10000000000019905
raw_A_BB,1626,0.1000000000001955
raw_A_BB,1627,0.10000000000019028
raw_A_BB,1628,0.1000000000001864
raw_A_BB,1629,0.10000000000017993
raw_A_BB,1630,0.10000000000017886
raw_A_BB,1631,0.10000000000017643
raw_A_BB,1632,0.10000000000017364
raw_A_BB,1633,0.10000000000017072
raw_A_BB,1634,0.1000000000001671
raw_A_BB,1635,0.10000000000016372
raw_A_BB,1636,0.10000000000015535
raw_A_BB,1637,0.10000000000015277
raw_A_BB,1638,0.10000000000014553
raw_A_BB,1639,0.10000000000014268
raw_A_BB,1640,0.1000000000001377
raw_A_BB,1641,0.10000000000013567
raw_A_BB,1642,0.100000000000131
raw_A_BB,1643,0.10000000000012792
raw_A_BB,1644,0.10000000000012625
raw_A_BB,1645,0.10000000000012316
raw_A_BB,1646,0.10000000000011908
raw_A_BB,1647,0.10000000000011652
raw_A_BB,1648,0.10000000000011165
raw_A_BB,1649,0.10000000000010442
raw_A_BB,1650,0.10000000000010109
raw_A_BB,1651,0.10000000000009894
raw_A_BB,1652,0.10000000000009478
raw_A_BB,1653,0.10000000000009193
raw_A_BB,1654,0.10000000000008616
raw_A_BB,1655,0.10000000000008026
raw_A_BB,1656,0.10000000000007747
raw_A_BB,1657,0.10000000000007286
raw_A_BB,1658,0.10000000000006955
raw_A_BB,1659,0.1000000000000671
raw_A_BB,1660,0.1000000000000656
raw_A_BB,1661,0.10000000000005968
raw_A_BB,1662,0.10000000000005246
raw_A_BB,1663,0.10000000000004819
raw_A_BB,1664,0.10000000000004425
raw_A_BB,1665,0.1000000000000391
raw_A_BB,1666,0.10000000000003764
raw_A_BB,1667,0.1000000000000317
raw_A_BB,1668,0.10000000000002834
raw_A_BB,1669,0.1000000000000259
raw_A_BB,1670,0.10000000000002249
raw_A_BB,1671,0.10000000000001862
raw_A_BB,1672,0.10000000000001548
raw_A_BB,1673,0.10000000000001065
raw_A_BB,1674,0.10000000000000595
raw_A_BB,1675,0.10000000000000356
raw_A_BB,1676,0.10000000000000013
raw_A_BB,1677,0.09999999999999568
raw_A_BB,1678,0.09999999999999279
raw_A_BB,1679,0.09999999999998609
raw_A_BB,1680,0.0999999999999834
raw_A_BB,1681,0.09999999999997956
raw_A_BB,1682,0.09999999999997519
raw_A_BB,1683,0.09999999999997101
raw_A_BB,1684,0.09999999999996603
raw_A_BB,1685,0.09999999999996337
raw_A_BB,1686,0.09999999999995926
raw_A_BB,1687,0.09999999999995379
raw_A_BB,1688,0.09999999999995003
raw_A_BB,1689,0.09999999999994527
raw_A_BB,1690,0.09999999999994091
raw_A_BB,1691,0.09999999999993825
raw_A_BB,1692,0.09999999999993338
raw_A_BB,1693,0.0999999999999302
raw_A_BB,1694,0.09999999999992681
raw_A_BB,1695,0.09999999999992257
raw_A_BB,1696,0.09999999999991965
raw_A_BB,1697,0.09999999999991771
raw_A_BB,1698,0.099999999999914
raw_A_BB,1699,0.09999999999990883
raw_A_BB,1700,0.09999999999990775
raw_A_BB,1701,0.09999999999990566
raw_A_BB,1702,0.09999999999989637
raw_A_BB,1703,0.09999999999989236
raw_A_BB,1704,0.09999999999988993
raw_A_BB,1705,0.09999999999988501
raw_A_BB,1706,0.09999999999988235
raw_A_BB,1707,0.09999999999987619
raw_A_BB,1708,0.09999999999987448
raw_A_BB,1709,0.09999999999986983
raw_A_BB,1710,0.09999999999986721
raw_A_BB,1711,0.09999999999986359
raw_A_BB,1712,0.09999999999986088
raw_A_BB,1713,0.09999999999985788
raw_A_BB,1714,0.09999999999984979
raw_A_BB,1715,0.09999999999984477
raw_A_BB,1716,0.09999999999984287
raw_A_BB,1717,0.09999999999983845
raw_A_BB,1718,0.09999999999983217
raw_A_BB,1719,0.0999999999998271
raw_A_BB,1720,0.09999999999982412
raw_A_BB,1721,0.09999999999982241
raw_A_BB,1722,0.09999999999981761
raw_A_BB,1723,0.09999999999981497
raw_A_BB,1724,0.09999999999980919
raw_A_BB,1725,0.09999999999980291
raw_A_BB,1726,0.09999999999979894
raw_A_BB,1727,0.0999999999997962
raw_A_BB,1728,0.09999999999979439
raw_A_BB,1729,0.09999999999978815
raw_A_BB,1730,0.0999999999997856
raw_A_BB,1731,0.09999999999978271
raw_A_BB,1732,0.09999999999977909
raw_A_BB,1733,0.09999999999977398
raw_A_BB,1734,0.09999999999977187
raw_A_BB,1735,0.09999999999976666
raw_A_BB,1736,0.0999999999997597
raw_A_BB,1737,0.09999999999975714
raw_A_BB,1738,0.09999999999975578
raw_A_BB,1739,0.09999999999974885
raw_A_BB,1740,0.09999999999974028
raw_A_BB,1741,0.09999999999973919
raw_A_BB,1742,0.09999999999973605
raw_A_BB,1743,0.09999999999973111
raw_A_BB,1744,0.09999999999972783
raw_A_BB,1745,0.09999999999972457
raw_A_BB,1746,0.09999999999971818
raw_A_BB,1747,0.09999999999971608
raw_A_BB,1748,0.09999999999971088
raw_A_BB,1749,0.09999999999970606
raw_A_BB,1750,0.09999999999970201
raw_A_BB,1751,0.09999999999969808
raw_A_BB,1752,0.09999999999969261
raw_A_BB,1753,0.09999999999969002
raw_A_BB,1754,0.09999999999968494
raw_A_BB,1755,0.09999999999968211
raw_A_BB,1756,0.0999999999996792
raw_A_BB,1757,0.09999999999967575
raw_A_BB,1758,0.0999999999996734
raw_A_BB,1759,0.09999999999966733
raw_A_BB,1760,0.09999999999966384
raw_A_BB,1761,0.09999999999966137
raw_A_BB,1762,0.09999999999965546
raw_A_BB,1763,0.09999999999965206
raw_A_BB,1764,0.09999999999964511
raw_A_BB,1765,0.09999999999964225
raw_A_BB,1766,0.09999999999963913
raw_A_BB,1767,0.09999999999963187
raw_A_BB,1768,0.09999999999962902
raw_A_BB,1769,0.0999999999996259
raw_A_BB,1770,0.0999999999996217
raw_A_BB,1771,0.09999999999961617
raw_A_BB,1772,0.09999999999961341
raw_A_BB,1773,0.09999999999960679
raw_A_BB,1774,0.09999999999960373
raw_A_BB,1775,0.09999999999959806
raw_A_BB,1776,0.0999999999995933
raw_A_BB,1777,0.09999999999959107
raw_A_BB,1778,0.09999999999958534
raw_A_BB,1779,0.09999999999958288
raw_A_BB,1780,0.09999999999957754
raw_A_BB,1781,0.09999999999957031
raw_A_BB,1782,0.0999999999995662
raw_A_BB,1783,0.09999999999956181
raw_A_BB,1784,0.09999999999955811
raw_A_BB,1785,0.09999999999955259
raw_A_BB,1786,0.09999999999955086
raw_A_BB,1787,0.09999999999954681
raw_A_BB,1788,0.09999999999953874
raw_A_BB,1789,0.09999999999953503
raw_A_BB,1790,0.09999999999953088
raw_A_BB,1791,0.09999999999952626
raw_A_BB,1792,0.0999999999995217
raw_A_BB,1793,0.09999999999951495
raw_A_BB,1794,0.09999999999951059
raw_A_BB,1795,0.09999999999950519
raw_A_BB,1796,0.09999999999949943
raw_A_BB,1797,0.09999999999949287
raw_A_BB,1798,0.09999999999949222
raw_A_BB,1799,0.09999999999948408
raw_A_BB,1800,0.09999999999948213
raw_A_BB,1801,0.09999999999947708
raw_A_BB,1802,0.09999999999947182
raw_A_BB,1803,0.09999999999946692
raw_A_BB,1804,0.09999999999946066
raw_A_BB,1805,0.09999999999945818
raw_A_BB,1806,0.09999999999945293
raw_A_BB,1807,0.09999999999944494
raw_A_BB,1808,0.09999999999944252
raw_A_BB,1809,0.09999999999943757
raw_A_BB,1810,0.0999999999994317
raw_A_BB,1811,0.09999999999942767
raw_A_BB,1812,0.09999999999942426
raw_A_BB,1813,0.0999999999994195
raw_A_BB,1814,0.09999999999941672
raw_A_BB,1815,0.09999999999940884
raw_A_BB,1816,0.09999999999940687
raw_A_BB,1817,0.09999999999940483
raw_A_BB,1818,0.09999999999939517
raw_A_BB,1819,0.0999999999993917
raw_A_BB,1820,0.099999999999384
raw_A_BB,1821,0.09999999999938164
raw_A_BB,1822,0.09999999999937935
raw_A_BB,1823,0.09999999999937326
raw_A_BB,1824,0.09999999999936712
raw_A_BB,1825,0.09999999999936146
raw_A_BB,1826,0.09999999999935759
raw_A_BB,1827,0.09999999999935401
raw_A_BB,1828,0.09999999999934527
raw_A_BB,1829,0.09999999999933705
raw_A_BB,1830,0.09999999999933448
raw_A_BB,1831,0.0999999999993315
raw_A_BB,1832,0.09999999999932649
raw_A_BB,1833,0.09999999999931601
raw_A_BB,1834,0.09999999999930931
raw_A_BB,1835,0.09999999999930569
raw_A_BB,1836,0.09999999999930102
raw_A_BB,1837,0.09999999999929543
raw_A_BB,1838,0.09999999999928931
raw_A_BB,1839,0.09999999999928337
raw_A_BB,1840,0.09999999999928165
raw_A_BB,1841,0.09999999999927599
raw_A_BB,1842,0.099999999999265
raw_A_BB,1843,0.09999999999925974
raw_A_BB,1844,0.09999999999925746
raw_A_BB,1845,0.09999999999925244
raw_A_BB,1846,0.09999999999924852
raw_A_BB,1847,0.09999999999924201
raw_A_BB,1848,0.09999999999924036
raw_A_BB,1849,0.09999999999923041
raw_A_BB,1850,0.09999999999922697
raw_A_BB,1851,0.09999999999921899
raw_A_BB,1852,0.09999999999921647
raw_A_BB,1853,0.09999999999921295
raw_A_BB,1854,0.09999999999920843
raw_A_BB,1855,0.0999999999992005
raw_A_BB,1856,0.09999999999919576
raw_A_BB,1857,0.09999999999919033
raw_A_BB,1858,0.09999999999918119
raw_A_BB,1859,0.09999999999917729
raw_A_BB,1860,0.09999999999917002
raw_A_BB,1861,0.09999999999916243
raw_A_BB,1862,0.09999999999915861
raw_A_BB,1863,0.09999999999915406
raw_A_BB,1864,0.09999999999914733
raw_A_BB,1865,0.09999999999914444
raw_A_BB,1866,0.09999999999914175
raw_A_BB,1867,0.09999999999913696
raw_A_BB,1868,0.09999999999913219
raw_A_BB,1869,0.09999999999912522
raw_A_BB,1870,0.09999999999912013
raw_A_BB,1871,0.09999999999911029
raw_A_BB,1872,0.09999999999910324
raw_A_BB,1873,0.09999999999909849
raw_A_BB,1874,0.09999999999909483
raw_A_BB,1875,0.09999999999908862
raw_A_BB,1876,0.09999999999908495
raw_A_BB,1877,0.09999999999906989
raw_A_BB,1878,0.09999999999906749
raw_A_BB,1879,0.09999999999905833
raw_A_BB,1880,0.09999999999905285
raw_A_BB,1881,0.09999999999905035
raw_A_BB,1882,0.09999999999903521
raw_A_BB,1883,0.0999999999990323
raw_A_BB,1884,0.09999999999902527
raw_A_BB,1885,0.09999999999901484
raw_A_BB,1886,0.09999999999901385
raw_A_BB,1887,0.09999999999900223
raw_A_BB,1888,0.09999999999899652
raw_A_BB,1889,0.09999999999899328
raw_A_BB,1890,0.09999999999898443
raw_A_BB,1891,0.09999999999898009
raw_A_BB,1892,0.09999999999897184
raw_A_BB,1893,0.09999999999896829
raw_A_BB,1894,0.09999999999895944
raw_A_BB,1895,0.0999999999989566
raw_A_BB,1896,0.09999999999894911
raw_A_BB,1897,0.09999999999894219
raw_A_BB,1898,0.0999999999989344
raw_A_BB,1899,0.09999999999893011
raw_A_BB,1900,0.0999999999989214
raw_A_BB,1901,0.09999999999891955
raw_A_BB,1902,0.09999999999891276
raw_A_BB,1903,0.09999999999891163
raw_A_BB,1904,0.09999999999889876
raw_A_BB,1905,0.09999999999889295
raw_A_BB,1906,0.09999999999888495
raw_A_BB,1907,0.09999999999887704
raw_A_BB,1908,0.09999999999887348
raw_A_BB,1909,0.09999999999886605
raw_A_BB,1910,0.09999999999885978
raw_A_BB,1911,0.09999999999884965
raw_A_BB,1912,0.09999999999884752
raw_A_BB,1913,0.09999999999883859
raw_A_BB,1914,0.0999999999988331
raw_A_BB,1915,0.09999999999882786
raw_A_BB,1916,0.0999999999988185
raw_A_BB,1917,0.09999999999881107
raw_A_BB,1918,0.09999999999880009
raw_A_BB,1919,0.09999999999879526
raw_A_BB,1920,0.0999999999987897
raw_A_BB,1921,0.09999999999877869
raw_A_BB,1922,0.09999999999877301
raw_A_BB,1923,0.09999999999876907
raw_A_BB,1924,0.09999999999876169
raw_A_BB,1925,0.09999999999875023
raw_A_BB,1926,0.09999999999874452
raw_A_BB,1927,0.09999999999873856
raw_A_BB,1928,0.09999999999873448
raw_A_BB,1929,0.09999999999872612
raw_A_BB,1930,0.09999999999871839
raw_A_BB,1931,0.09999999999870562
raw_A_BB,1932,0.09999999999869574
raw_A_BB,1933,0.09999999999868858
raw_A_BB,1934,0.09999999999868639
raw_A_BB,1935,0.09999999999868019
raw_A_BB,1936,0.09999999999866992
raw_A_BB,1937,0.09999999999866269
raw_A_BB,1938,0.09999999999865872
raw_A_BB,1939,0.09999999999864759
raw_A_BB,1940,0.09999999999864131
raw_A_BB,1941,0.0999999999986366
raw_A_BB,1942,0.09999999999862941
raw_A_BB,1943,0.09999999999861714
raw_A_BB,1944,0.09999999999861227
raw_A_BB,1945,0.09999999999860554
raw_A_BB,1946,0.09999999999859481
raw_A_BB,1947,0.09999999999858898
raw_A_BB,1948,0.09999999999858387
raw_A_BB,1949,0.09999999999857664
raw_A_BB,1950,0.09999999999857033
raw_A_BB,1951,0.09999999999856006
raw_A_BB,1952,0.09999999999855082
raw_A_BB,1953,0.0999999999985462
raw_A_BB,1954,0.0999999999985318
raw_A_BB,1955,0.09999999999852072
raw_A_BB,1956,0.09999999999851544
raw_A_BB,1957,0.09999999999850845
raw_A_BB,1958,0.09999999999850039
raw_A_BB,1959,0.09999999999849007
raw_A_BB,1960,0.09999999999847738
raw_A_BB,1961,0.09999999999846858
raw_A_BB,1962,0.09999999999845988
raw_A_BB,1963,0.0999999999984494
raw_A_BB,1964,0.0999999999984403
raw_A_BB,1965,0.09999999999843084
raw_A_BB,1966,0.0999999999984288
raw_A_BB,1967,0.09999999999841902
raw_A_BB,1968,0.09999999999841522
raw_A_BB,1969,0.09999999999840212
raw_A_BB,1970,0.09999999999839385
raw_A_BB,1971,0.09999999999838097
raw_A_BB,1972,0.09999999999837487
raw_A_BB,1973,0.09999999999836903
raw_A_BB,1974,0.09999999999835252
raw_A_BB,1975,0.09999999999834532
raw_A_BB,1976,0.09999999999833856
raw_A_BB,1977,0.09999999999832707
raw_A_BB,1978,0.09999999999831644
raw_A_BB,1979,0.09999999999831562
raw_A_BB,1980,0.09999999999830568
raw_A_BB,1981,0.09999999999829547
raw_A_BB,1982,0.09999999999827212
raw_A_BB,1983,0.09999999999826768
raw_A_BB,1984,0.09999999999826438
raw_A_BB,1985,0.09999999999825337
raw_A_BB,1986,0.09999999999824907
raw_A_BB,1987,0.0999999999982297
raw_A_BB,1988,0.09999999999822354
raw_A_BB,1989,0.09999999999821443
raw_A_BB,1990,0.09999999999820437
raw_A_BB,1991,0.09999999999819503
raw_A_BB,1992,0.09999999999818796
raw_A_BB,1993,0.09999999999817961
raw_A_BB,1994,0.09999999999816404
raw_A_BB,1995,0.09999999999815715
raw_A_BB,1996,0.09999999999814836
raw_A_BB,1997,0.09999999999813919
raw_A_BB,1998,0.09999999999812523
raw_A_BB,1999,0.0999999999981159
raw_A_BB,2000,0.09999999999811154
raw_A_BB,2001,0.09999999999809663
raw_A_BB,2002,0.0999999999980845
raw_A_BB,2003,0.09999999999807134
raw_A_BB,2004,0.0999999999980624
raw_A_BB,2005,0.09999999999805474
raw_A_BB,2006,0.0999999999980451
raw_A_BB,2007,0.0999999999980357
raw_A_BB,2008,0.09999999999802987
raw_A_BB,2009,0.09999999999801458
raw_A_BB,2010,0.09999999999800702
raw_A_BB,2011,0.0999999999979956
raw_A_BB,2012,0.09999999999798385
raw_A_BB,2013,0.099999999997976
raw_A_BB,2014,0.09999999999796338
raw_A_BB,2015,0.09999999999795237
raw_A_BB,2016,0.09999999999794083
raw_A_BB,2017,0.09999999999793063
raw_A_BB,2018,0.09999999999791379
raw_A_BB,2019,0.09999999999790804
raw_A_BB,2020,0.09999999999789459
raw_A_BB,2021,0.09999999999788896
raw_A_BB,2022,0.0999999999978851
raw_A_BB,2023,0.09999999999786836
raw_A_BB,2024,0.09999999999786253
raw_A_BB,2025,0.09999999999785314
raw_A_BB,2026,0.09999999999783542
raw_A_BB,2027,0.0999999999978257
raw_A_BB,2028,0.09999999999782433
raw_A_BB,2029,0.09999999999780124
raw_A_BB,2030,0.09999999999779018
raw_A_BB,2031,0.09999999999777144
raw_A_BB,2032,0.09999999999776678
raw_A_BB,2033,0.09999999999775708
raw_A_BB,2034,0.09999999999774659
raw_A_BB,2035,0.09999999999772706
raw_A_BB,2036,0.09999999999771775
raw_A_BB,2037,0.09999999999769718
raw_A_BB,2038,0.09999999999768974
raw_A_BB,2039,0.0999999999976793
raw_A_BB,2040,0.09999999999766446
raw_A_BB,2041,0.09999999999764946
raw_A_BB,2042,0.0999999999976374
raw_A_BB,2043,0.09999999999762091
raw_A_BB,2044,0.09999999999761928
raw_A_BB,2045,0.09999999999759415
raw_A_BB,2046,0.09999999999758899
raw_A_BB,2047,0.09999999999757751
raw_A_BB,2048,0.09999999999756123
raw_A_BB,2049,0.09999999999754941
raw_A_BB,2050,0.09999999999752965
raw_A_BB,2051,0.09999999999751949
raw_A_BB,2052,0.09999999999750077
raw_A_BB,2053,0.09999999999749314
raw_A_BB,2054,0.09999999999747482
raw_A_BB,2055,0.09999999999745712
raw_A_BB,2056,0.09999999999744841
raw_A_BB,2057,0.09999999999743402
raw_A_BB,2058,0.0999999999974183
raw_A_BB,2059,0.09999999999741231
raw_A_BB,2060,0.09999999999738993
raw_A_BB,2061,0.09999999999737537
raw_A_BB,2062,0.09999999999736169
raw_A_BB,2063,0.09999999999735171
raw_A_BB,2064,0.0999999999973412
raw_A_BB,2065,0.09999999999732781
raw_A_BB,2066,0.09999999999731872
raw_A_BB,2067,0.09999999999729817
raw_A_BB,2068,0.09999999999728144
raw_A_BB,2069,0.09999999999726712
raw_A_BB,2070,0.09999999999725298
raw_A_BB,2071,0.09999999999724543
raw_A_BB,2072,0.09999999999723104
raw_A_BB,2073,0.09999999999721264
raw_A_BB,2074,0.09999999999720079
raw_A_BB,2075,0.09999999999718517
raw_A_BB,2076,0.09999999999717561
raw_A_BB,2077,0.09999999999714843
raw_A_BB,2078,0.09999999999713585
raw_A_BB,2079,0.09999999999711724
raw_A_BB,2080,0.09999999999710805
raw_A_BB,2081,0.09999999999709883
raw_A_BB,2082,0.09999999999707875
raw_A_BB,2083,0.09999999999706048
raw_A_BB,2084,0.09999999999703942
raw_A_BB,2085,0.09999999999702894
raw_A_BB,2086,0.09999999999702257
raw_A_BB,2087,0.09999999999701335
raw_A_BB,2088,0.09999999999698755
raw_A_BB,2089,0.09999999999697187
raw_A_BB,2090,0.09999999999694796
raw_A_BB,2091,0.09999999999693653
raw_A_BB,2092,0.09999999999692145
raw_A_BB,2093,0.0999999999968976
raw_A_BB,2094,0.0999999999968827
raw_A_BB,2095,0.09999999999687119
raw_A_BB,2096,0.09999999999685005
raw_A_BB,2097,0.09999999999682918
raw_A_BB,2098,0.09999999999681998
raw_A_BB,2099,0.09999999999680279
raw_A_BB,2100,0.09999999999679539
raw_A_BB,2101,0.09999999999676581
raw_A_BB,2102,0.09999999999673495
raw_A_BB,2103,0.09999999999671214
raw_A_BB,2104,0.09999999999670159
raw_A_BB,2105,0.09999999999667684
raw_A_BB,2106,0.09999999999666288
raw_A_BB,2107,0.0999999999966501
raw_A_BB,2108,0.099999999996624
raw_A_BB,2109,0.0999999999966075
raw_A_BB,2110,0.09999999999660221
raw_A_BB,2111,0.09999999999658751
raw_A_BB,2112,0.09999999999655178
raw_A_BB,2113,0.09999999999652827
raw_A_BB,2114,0.09999999999652279
raw_A_BB,2115,0.099999999996473
raw_A_BB,2116,0.09999999999646356
raw_A_BB,2117,0.09999999999644933
raw_A_BB,2118,0.0999999999964319
raw_A_BB,2119,0.09999999999640091
raw_A_BB,2120,0.09999999999638541
raw_A_BB,2121,0.09999999999637732
raw_A_BB,2122,0.09999999999636565
raw_A_BB,2123,0.09999999999634118
raw_A_BB,2124,0.09999999999630114
raw_A_BB,2125,0.09999999999629076
raw_A_BB,2126,0.09999999999626759
raw_A_BB,2127,0.09999999999625589
raw_A_BB,2128,0.09999999999623123
raw_A_BB,2129,0.09999999999621534
raw_A_BB,2130,0.09999999999617701
raw_A_BB,2131,0.09999999999616122
raw_A_BB,2132,0.0999999999961376
raw_A_BB,2133,0.09999999999611447
raw_A_BB,2134,0.09999999999610076
raw_A_BB,2135,0.09999999999607996
raw_A_BB,2136,0.09999999999607023
raw_A_BB,2137,0.09999999999603294
raw_A_BB,2138,0.09999999999599941
raw_A_BB,2139,0.0999999999959972
raw_A_BB,2140,0.09999999999596616
raw_A_BB,2141,0.09999999999595344
raw_A_BB,2142,0.09999999999592606
raw_A_BB,2143,0.09999999999590518
raw_A_BB,2144,0.09999999999588728
raw_A_BB,2145,0.09999999999583857
raw_A_BB,2146,0.09999999999580314
raw_A_BB,2147,0.09999999999579882
raw_A_BB,2148,0.09999999999575448
raw_A_BB,2149,0.09999999999574648
raw_A_BB,2150,0.09999999999571794
raw_A_BB,2151,0.09999999999569216
raw_A_BB,2152,0.09999999999567523
raw_A_BB,2153,0.09999999999565061
raw_A_BB,2154,0.09999999999564141
raw_A_BB,2155,0.09999999999559575
raw_A_BB,2156,0.0999999999955739
raw_A_BB,2157,0.09999999999555352
raw_A_BB,2158,0.09999999999552102
raw_A_BB,2159,0.09999999999549578
raw_A_BB,2160,0.09999999999548138
raw_A_BB,2161,0.0999999999954571
raw_A_BB,2162,0.09999999999542765
raw_A_BB,2163,0.09999999999540059
raw_A_BB,2164,0.09999999999537294
raw_A_BB,2165,0.09999999999534397
raw_A_BB,2166,0.09999999999530354
raw_A_BB,2167,0.09999999999524692
raw_A_BB,2168,0.09999999999521789
raw_A_BB,2169,0.09999999999520871
raw_A_BB,2170,0.09999999999515512
raw_A_BB,2171,0.09999999999514743
raw_A_BB,2172,0.09999999999512844
raw_A_BB,2173,0.09999999999509906
raw_A_BB,2174,0.0999999999950666
raw_A_BB,2175,0.0999999999950644
raw_A_BB,2176,0.09999999999503495
raw_A_BB,2177,0.09999999999499395
raw_A_BB,2178,0.09999999999493772
raw_A_BB,2179,0.09999999999492547
raw_A_BB,2180,0.09999999999487193
raw_A_BB,2181,0.09999999999485866
raw_A_BB,2182,0.09999999999483723
raw_A_BB,2183,0.09999999999480494
raw_A_BB,2184,0.09999999999477237
raw_A_BB,2185,0.09999999999474408
raw_A_BB,2186,0.09999999999470396
raw_A_BB,2187,0.0999999999946746
raw_A_BB,2188,0.09999999999465631
raw_A_BB,2189,0.09999999999461562
raw_A_BB,2190,0.09999999999458131
raw_A_BB,2191,0.09999999999456524
raw_A_BB,2192,0.09999999999452068
raw_A_BB,2193,0.09999999999449082
raw_A_BB,2194,0.09999999999445185
raw_A_BB,2195,0.09999999999441632
raw_A_BB,2196,0.09999999999438797
raw_A_BB,2197,0.09999999999435887
raw_A_BB,2198,0.09999999999432545
raw_A_BB,2199,0.09999999999426701
raw_A_BB,2200,0.09999999999424418
raw_A_BB,2201,0.09999999999417089
raw_A_BB,2202,0.09999999999414579
raw_A_BB,2203,0.09999999999413076
raw_A_BB,2204,0.09999999999408093
raw_A_BB,2205,0.09999999999405508
raw_A_BB,2206,0.09999999999402066
raw_A_BB,2207,0.0999999999939801
raw_A_BB,2208,0.09999999999395928
raw_A_BB,2209,0.09999999999391004
raw_A_BB,2210,0.0999999999938578
raw_A_BB,2211,0.09999999999383855
raw_A_BB,2212,0.09999999999378278
raw_A_BB,2213,0.09999999999374608
raw_A_BB,2214,0.09999999999371532
raw_A_BB,2215,0.09999999999369201
raw_A_BB,2216,0.0999999999936549
raw_A_BB,2217,0.09999999999358196
raw_A_BB,2218,0.09999999999353763
raw_A_BB,2219,0.09999999999352109
raw_A_BB,2220,0.0999999999934894
raw_A_BB,2221,0.09999999999344249
raw_A_BB,2222,0.09999999999338752
raw_A_BB,2223,0.09999999999335529
raw_A_BB,2224,0.09999999999332863
raw_A_BB,2225,0.09999999999330315
raw_A_BB,2226,0.09999999999321552
raw_A_BB,2227,0.09999999999318057
raw_A_BB,2228,0.09999999999316157
raw_A_BB,2229,0.0999999999931136
raw_A_BB,2230,0.09999999999306315
raw_A_BB,2231,0.09999999999300206
raw_A_BB,2232,0.0999999999929662
raw_A_BB,2233,0.09999999999291694
raw_A_BB,2234,0.09999999999288034
raw_A_BB,2235,0.0999999999928102
raw_A_BB,2236,0.09999999999278784
raw_A_BB,2237,0.09999999999275401
raw_A_BB,2238,0.09999999999269772
raw_A_BB,2239,0.09999999999265097
raw_A_BB,2240,0.09999999999259904
raw_A_BB,2241,0.09999999999251431
raw_A_BB,2242,0.09999999999242615
raw_A_BB,2243,0.09999999999240297
raw_A_BB,2244,0.09999999999237295
raw_A_BB,2245,0.09999999999229119
raw_A_BB,2246,0.09999999999226214
raw_A_BB,2247,0.09999999999221514
raw_A_BB,2248,0.09999999999215645
raw_A_BB,2249,0.0999999999921029
raw_A_BB,2250,0.09999999999205221
raw_A_BB,2251,0.09999999999201045
raw_A_BB,2252,0.09999999999190379
raw_A_BB,2253,0.09999999999187029
raw_A_BB,2254,0.0999999999918535
raw_A_BB,2255,0.09999999999177106
raw_A_BB,2256,0.09999999999168248
raw_A_BB,2257,0.09999999999164522
raw_A_BB,2258,0.09999999999162122
raw_A_BB,2259,0.09999999999155688
raw_A_BB,2260,0.09999999999149371
raw_A_BB,2261,0.09999999999144472
raw_A_BB,2262,0.09999999999139375
raw_A_BB,2263,0.0999999999912828
raw_A_BB,2264,0.09999999999122729
raw_A_BB,2265,0.09999999999115243
raw_A_BB,2266,0.09999999999106524
raw_A_BB,2267,0.09999999999096076
raw_A_BB,2268,0.09999999999091154
raw_A_BB,2269,0.09999999999087038
raw_A_BB,2270,0.09999999999080234
raw_A_BB,2271,0.09999999999074642
raw_A_BB,2272,0.0999999999906604
raw_A_BB,2273,0.099999999990591
raw_A_BB,2274,0.09999999999053978
raw_A_BB,2275,0.09999999999047085
raw_A_BB,2276,0.09999999999040497
raw_A_BB,2277,0.099999999990318
raw_A_BB,2278,0.09999999999028206
raw_A_BB,2279,0.09999999999023561
raw_A_BB,2280,0.09999999999017543
raw_A_BB,2281,0.09999999999009515
raw_A_BB,2282,0.09999999999005572
raw_A_BB,2283,0.09999999998997079
raw_A_BB,2284,0.09999999998981708
raw_A_BB,2285,0.0999999999897692
raw_A_BB,2286,0.09999999998973064
raw_A_BB,2287,0.09999999998959967
raw_A_BB,2288,0.09999999998953703
raw_A_BB,2289,0.09999999998941272
raw_A_BB,2290,0.09999999998936847
raw_A_BB,2291,0.09999999998931573
raw_A_BB,2292,0.09999999998922705
raw_A_BB,2293,0.09999999998913708
raw_A_BB,2294,0.09999999998912039
raw_A_BB,2295,0.09999999998902896
raw_A_BB,2296,0.09999999998898951
raw_A_BB,2297,0.09999999998885298
raw_A_BB,2298,0.09999999998876642
raw_A_BB,2299,0.099999999988676
raw_A_BB,2300,0.09999999998860166
raw_A_BB,2301,0.09999999998854874
raw_A_BB,2302,0.09999999998840689
raw_A_BB,2303,0.09999999998834187
raw_A_BB,2304,0.09999999998820103
raw_A_BB,2305,0.09999999998814106
raw_A_BB,2306,0.09999999998806666
raw_A_BB,2307,0.09999999998793942
raw_A_BB,2308,0.0999999999878488
raw_A_BB,2309,0.09999999998774312
raw_A_BB,2310,0.0999999999876549
raw_A_BB,2311,0.09999999998748753
raw_A_BB,2312,0.09999999998738494
raw_A_BB,2313,0.0999999999872949
raw_A_BB,2314,0.09999999998720818
raw_A_BB,2315,0.09999999998709762
raw_A_BB,2316,0.09999999998693812
raw_A_BB,2317,0.09999999998689689
raw_A_BB,2318,0.09999999998676326
raw_A_BB,2319,0.09999999998667669
raw_A_BB,2320,0.09999999998659052
raw_A_BB,2321,0.0999999999865456
raw_A_BB,2322,0.0999999999863434
raw_A_BB,2323,0.09999999998620882
raw_A_BB,2324,0.09999999998617602
raw_A_BB,2325,0.09999999998592655
raw_A_BB,2326,0.09999999998580805
raw_A_BB,2327,0.09999999998573056
raw_A_BB,2328,0.09999999998559402
raw_A_BB,2329,0.09999999998547432
raw_A_BB,2330,0.09999999998536514
raw_A_BB,2331,0.09999999998532326
raw_A_BB,2332,0.09999999998511233
raw_A_BB,2333,0.09999999998501224
raw_A_BB,2334,0.09999999998489796
raw_A_BB,2335,0.0999999999846676
raw_A_BB,2336,0.0999999999846021
raw_A_BB,2337,0.09999999998446668
raw_A_BB,2338,0.09999999998436376
raw_A_BB,2339,0.09999999998428045
raw_A_BB,2340,0.09999999998412246
raw_A_BB,2341,0.09999999998381191
raw_A_BB,2342,0.09999999998375353
raw_A_BB,2343,0.09999999998366209
raw_A_BB,2344,0.09999999998353282
raw_A_BB,2345,0.09999999998339852
raw_A_BB,2346,0.09999999998332909
raw_A_BB,2347,0.09999999998310272
raw_A_BB,2348,0.09999999998294844
raw_A_BB,2349,0.09999999998267173
raw_A_BB,2350,0.09999999998260645
raw_A_BB,2351,0.09999999998255048
raw_A_BB,2352,0.09999999998239587
raw_A_BB,2353,0.09999999998212528
raw_A_BB,2354,0.09999999998207253
raw_A_BB,2355,0.09999999998194585
raw_A_BB,2356,0.09999999998178938
raw_A_BB,2357,0.0999999999815463
raw_A_BB,2358,0.09999999998146032
raw_A_BB,2359,0.09999999998133256
raw_A_BB,2360,0.09999999998115568
raw_A_BB,2361,0.09999999998092073
raw_A_BB,2362,0.0999999999808944
raw_A_BB,2363,0.09999999998078236
raw_A_BB,2364,0.0999999999805279
raw_A_BB,2365,0.0999999999804098
raw_A_BB,2366,0.09999999998018748
raw_A_BB,2367,0.0999999999799814
raw_A_BB,2368,0.09999999997989253
raw_A_BB,2369,0.09999999997965864
raw_A_BB,2370,0.09999999997933778
raw_A_BB,2371,0.09999999997918886
raw_A_BB,2372,0.0999999999791197
raw_A_BB,2373,0.09999999997889439
raw_A_BB,2374,0.09999999997839976
raw_A_BB,2375,0.09999999997827856
raw_A_BB,2376,0.09999999997809225
raw_A_BB,2377,0.0999999999778906
raw_A_BB,2378,0.09999999997776335
raw_A_BB,2379,0.0999999999774663
raw_A_BB,2380,0.09999999997733103
raw_A_BB,2381,0.0999999999771287
raw_A_BB,2382,0.09999999997668653
raw_A_BB,2383,0.0999999999765972
raw_A_BB,2384,0.09999999997632016
raw_A_BB,2385,0.09999999997619356
raw_A_BB,2386,0.0999999999758603
raw_A_BB,2387,0.09999999997545649
raw_A_BB,2388,0.09999999997530738
raw_A_BB,2389,0.09999999997500404
raw_A_BB,2390,0.09999999997456344
raw_A_BB,2391,0.09999999997452057
raw_A_BB,2392,0.09999999997417922
raw_A_BB,2393,0.099999999974157
raw_A_BB,2394,0.09999999997386091
raw_A_BB,2395,0.09999999997353907
raw_A_BB,2396,0.09999999997313651
raw_A_BB,2397,0.09999999997306497
raw_A_BB,2398,0.09999999997251799
raw_A_BB,2399,0.09999999997211119
raw_A_BB,2400,0.09999999997179776
raw_A_BB,2401,0.09999999997164336
raw_A_BB,2402,0.09999999997156168
raw_A_BB,2403,0.09999999997102106
raw_A_BB,2404,0.09999999997094224
raw_A_BB,2405,0.09999999997065451
raw_A_BB,2406,0.09999999997047056
raw_A_BB,2407,0.09999999997008487
raw_A_BB,2408,0.09999999996958574
raw_A_BB,2409,0.09999999996942298
raw_A_BB,2410,0.09999999996875379
raw_A_BB,2411,0.09999999996855047
raw_A_BB,2412,0.09999999996820494
raw_A_BB,2413,0.09999999996787623
raw_A_BB,2414,0.09999999996747674
raw_A_BB,2415,0.09999999996721581
raw_A_BB,2416,0.09999999996677778
raw_A_BB,2417,0.09999999996649789
raw_A_BB,2418,0.09999999996590385
raw_A_BB,2419,0.09999999996577148
raw_A_BB,2420,0.09999999996552777
raw_A_BB,2421,0.09999999996477989
raw_A_BB,2422,0.0999999999646694
raw_A_BB,2423,0.0999999999640714
raw_A_BB,2424,0.09999999996386819
raw_A_BB,2425,0.09999999996337397
raw_A_BB,2426,0.09999999996300325
raw_A_BB,2427,0.0999999999626206
raw_A_BB,2428,0.09999999996202096
raw_A_BB,2429,0.09999999996170107
raw_A_BB,2430,0.09999999996120516
raw_A_BB,2431,0.09999999996063952
raw_A_BB,2432,0.09999999996042437
raw_A_BB,2433,0.09999999996014489
raw_A_BB,2434,0.09999999995942996
raw_A_BB,2435,0.09999999995920221
raw_A_BB,2436,0.09999999995853784
raw_A_BB,2437,0.09999999995815123
raw_A_BB,2438,0.09999999995767615
raw_A_BB,2439,0.09999999995713636
raw_A_BB,2440,0.09999999995675485
raw_A_BB,2441,0.09999999995604794
raw_A_BB,2442,0.09999999995568744
raw_A_BB,2443,0.09999999995487541
raw_A_BB,2444,0.0999999999542066
raw_A_BB,2445,0.09999999995359365
raw_A_BB,2446,0.09999999995328693
raw_A_BB,2447,0.09999999995266884
raw_A_BB,2448,0.09999999995186577
raw_A_BB,2449,0.09999999995097604
raw_A_BB,2450,0.09999999995043214
raw_A_BB,2451,0.09999999994995565
raw_A_BB,2452,0.0999999999493669
raw_A_BB,2453,0.09999999994893984
raw_A_BB,2454,0.09999999994867781
raw_A_BB,2455,0.09999999994788042
raw_A_BB,2456,0.0999999999469574
raw_A_BB,2457,0.09999999994641598
raw_A_BB,2458,0.09999999994571293
raw_A_BB,2459,0.09999999994484896
raw_A_BB,2460,0.09999999994443501
raw_A_BB,2461,0.09999999994349386
raw_A_BB,2462,0.09999999994253568
raw_A_BB,2463,0.09999999994189883
raw_A_BB,2464,0.09999999994104251
raw_A_BB,2465,0.09999999994038425
raw_A_BB,2466,0.09999999993942414
raw_A_BB,2467,0.09999999993881326
raw_A_BB,2468,0.0999999999383535
raw_A_BB,2469,0.09999999993802687
raw_A_BB,2470,0.09999999993725747
raw_A_BB,2471,0.09999999993627944
raw_A_BB,2472,0.09999999993482202
raw_A_BB,2473,0.09999999993424027
raw_A_BB,2474,0.09999999993238774
raw_A_BB,2475,0.09999999993167766
raw_A_BB,2476,0.09999999993064468
raw_A_BB,2477,0.09999999993040466
raw_A_BB,2478,0.09999999992950201
raw_A_BB,2479,0.09999999992903108
raw_A_BB,2480,0.09999999992702874
raw_A_BB,2481,0.09999999992644391
raw_A_BB,2482,0.09999999992544728
raw_A_BB,2483,0.09999999992481834
raw_A_BB,2484,0.09999999992326256
raw_A_BB,2485,0.09999999992173397
raw_A_BB,2486,0.09999999992034034
raw_A_BB,2487,0.09999999991900081
raw_A_BB,2488,0.09999999991812995
raw_A_BB,2489,0.0999999999171908
raw_A_BB,2490,0.09999999991549999
raw_A_BB,2491,0.09999999991425723
raw_A_BB,2492,0.09999999991347636
raw_A_BB,2493,0.09999999991115895
raw_A_BB,2494,0.09999999991016498
raw_A_BB,2495,0.09999999990894161
raw_A_BB,2496,0.09999999990743812
raw_A_BB,2497,0.09999999990586335
raw_A_BB,2498,0.0999999999054307
raw_A_BB,2499,0.09999999990292373
raw_A_BB,2500,0.09999999990203318
raw_A_BB,2501,0.09999999989951008
raw_A_BB,2502,0.09999999989816481
raw_A_BB,2503,0.09999999989682587
raw_A_BB,2504,0.09999999989464795
raw_A_BB,2505,0.09999999989283223
raw_A_BB,2506,0.09999999988981718
raw_A_BB,2507,0.09999999988691267
raw_A_BB,2508,0.09999999988552774
raw_A_BB,2509,0.09999999988446238
raw_A_BB,2510,0.09999999988294078
raw_A_BB,2511,0.0999999998802306
raw_A_BB,2512,0.0999999998779884
raw_A_BB,2513,0.09999999987531816
raw_A_BB,2514,0.09999999987365084
raw_A_BB,2515,0.09999999987213935
raw_A_BB,2516,0.0999999998696197
raw_A_BB,2517,0.09999999986654379
raw_A_BB,2518,0.09999999986494212
raw_A_BB,2519,0.09999999986110202
raw_A_BB,2520,0.09999999985768547
raw_A_BB,2521,0.09999999985498652
raw_A_BB,2522,0.09999999985218677
raw_A_BB,2523,0.09999999984993523
raw_A_BB,2524,0.09999999984687022
raw_A_BB,2525,0.09999999984278725
raw_A_BB,2526,0.0999999998405714
raw_A_BB,2527,0.09999999983724149
raw_A_BB,2528,0.09999999983610892
raw_A_BB,2529,0.09999999983435878
raw_A_BB,2530,0.09999999982858657
raw_A_BB,2531,0.09999999982443436
raw_A_BB,2532,0.09999999982130982
raw_A_BB,2533,0.09999999981572666
raw_A_BB,2534,0.09999999981125499
raw_A_BB,2535,0.09999999980853282
raw_A_BB,2536,0.09999999980219469
raw_A_BB,2537,0.09999999979941439
raw_A_BB,2538,0.09999999979672287
raw_A_BB,2539,0.09999999978909285
raw_A_BB,2540,0.09999999978430593
raw_A_BB,2541,0.09999999977735502
raw_A_BB,2542,0.09999999977108774
raw_A_BB,2543,0.09999999976554083
raw_A_BB,2544,0.09999999976317035
raw_A_BB,2545,0.09999999975722157
raw_A_BB,2546,0.0999999997462824
raw_A_BB,2547,0.09999999974158882
raw_A_BB,2548,0.09999999973717762
raw_A_BB,2549,0.09999999972882977
raw_A_BB,2550,0.09999999972070647
raw_A_BB,2551,0.09999999971642741
raw_A_BB,2552,0.09999999970620964
raw_A_BB,2553,0.09999999970144711
raw_A_BB,2554,0.09999999968833775
raw_A_BB,2555,0.09999999967207687
raw_A_BB,2556,0.09999999966684497
raw_A_BB,2557,0.0999999996538729
raw_A_BB,2558,0.09999999963383352
raw_A_BB,2559,0.09999999960965264
raw_A_BB,2560,0.09999999959095703
raw_A_BB,2561,0.09999999958080676
raw_A_BB,2562,0.09999999957319562
raw_A_BB,2563,0.09999999955614514
raw_A_BB,2564,0.09999999953134506
raw_A_BB,2565,0.099999999505136
raw_A_BB,2566,0.09999999947371667
raw_A_BB,2567,0.09999999944691071
raw_A_BB,2568,0.09999999940606767
raw_A_BB,2569,0.09999999936992927
raw_A_BB,2570,0.09999999934623591
raw_A_BB,2571,0.09999999933100266
raw_A_BB,2572,0.09999999926271208
raw_A_BB,2573,0.09999999925285945
raw_A_BB,2574,0.09999999914223207
raw_A_BB,2575,0.09999999907615106
raw_A_BB,2576,0.09999999903971422
raw_A_BB,2577,0.09999999889474691
raw_A_BB,2578,0.09999999884044115
raw_A_BB,2579,0.0999999987696091
raw_A_BB,2580,0.09999999866470805
raw_A_BB,2581,0.09999999852795119
raw_A_BB,2582,0.09999999850490629
raw_A_BB,2583,0.09999999829834993
raw_A_BB,2584,0.09999999813857438
raw_A_BB,2585,0.09999999803531749
raw_A_BB,2586,0.09999999793389369
raw_A_BB,2587,0.09999999748857251
raw_A_BB,2588,0.0999999972669085
raw_A_BB,2589,0.0999999970093236
raw_A_BB,2590,0.09999999677662015
raw_A_BB,2591,0.09999999658088159
raw_A_BB,2592,0.09999999564722244
raw_A_BB,2593,0.0999999955179674
raw_A_BB,2594,0.09999999513754951
raw_A_BB,2595,0.09999999467972277
raw_A_BB,2596,0.09999999384781429
raw_A_BB,2597,0.09999999270565368
raw_A_BB,2598,0.09999999233438965
raw_A_BB,2599,0.09999999125307164
raw_A_BB,2600,0.09999999072540443
raw_A_BB,2601,0.09999998605633693
ideal_box_eigenpro_corrected,1,1.0
ideal_box_eigenpro_corrected,2,1.0
ideal_box_eigenpro_corrected,3,1.0
ideal_box_eigenpro_corrected,4,1.0
ideal_box_eigenpro_corrected,5,1.0
ideal_box_eigenpro_corrected,6,1.0
ideal_box_eigenpro_corrected,7,1.0
ideal_box_eigenpro_corrected,8,1.0
ideal_box_eigenpro_corrected,9,1.0
ideal_box_eigenpro_corrected,10,1.0
ideal_box_eigenpro_corrected,11,1.0
ideal_box_eigenpro_corrected,12,1.0
ideal_box_eigenpro_corrected,13,1.0
ideal_box_eigenpro_corrected,14,1.0
ideal_box_eigenpro_corrected,15,1.0
ideal_box_eigenpro_corrected,16,1.0
ideal_box_eigenpro_corrected,17,1.0
ideal_box_eigenpro_corrected,18,1.0
ideal_box_eigenpro_corrected,19,1.0
ideal_box_eigenpro_corrected,20,1.0
ideal_box_eigenpro_corrected,21,1.0
ideal_box_eigenpro_corrected,22,1.0
ideal_box_eigenpro_corrected,23,1.0
ideal_box_eigenpro_corrected,24,1.0
ideal_box_eigenpro_corrected,25,1.0
ideal_box_eigenpro_corrected,26,1.0
ideal_box_eigenpro_corrected,27,1.0
ideal_box_eigenpro_corrected,28,1.0
ideal_box_eigenpro_corrected,29,1.0
ideal_box_eigenpro_corrected,30,1.0
ideal_box_eigenpro_corrected,31,1.0
ideal_box_eigenpro_corrected,32,1.0
ideal_box_eigenpro_corrected,33,1.0
ideal_box_eigenpro_corrected,34,1.0
ideal_box_eigenpro_corrected,35,1.0
ideal_box_eigenpro_corrected,36,1.0
ideal_box_eigenpro_corrected,37,1.0
ideal_box_eigenpro_corrected,38,1.0
ideal_box_eigenpro_corrected,39,1.0
ideal_box_eigenpro_corrected,40,1.0
ideal_box_eigenpro_corrected,41,1.0
ideal_box_eigenpro_corrected,42,1.0
ideal_box_eigenpro_corrected,43,1.0
ideal_box_eigenpro_corrected,44,1.0
ideal_box_eigenpro_corrected,45,1.0
ideal_box_eigenpro_corrected,46,1.0
ideal_box_eigenpro_corrected,47,1.0
ideal_box_eigenpro_corrected,48,1.0
ideal_box_eigenpro_corrected,49,1.0
ideal_box_eigenpro_corrected,50,1.0
ideal_box_eigenpro_corrected,51,1.0
ideal_box_eigenpro_corrected,52,1.0
ideal_box_eigenpro_corrected,53,1.0
ideal_box_eigenpro_corrected,54,1.0
ideal_box_eigenpro_corrected,55,1.0
ideal_box_eigenpro_corrected,56,1.0
ideal_box_eigenpro_corrected,57,1.0
ideal_box_eigenpro_corrected,58,1.0
ideal_box_eigenpro_corrected,59,1.0
ideal_box_eigenpro_corrected,60,1.0
ideal_box_eigenpro_corrected,61,1.0
ideal_box_eigenpro_corrected,62,1.0
ideal_box_eigenpro_corrected,63,1.0
ideal_box_eigenpro_corrected,64,1.0
ideal_box_eigenpro_corrected,65,1.0
ideal_box_eigenpro_corrected,66,1.0
ideal_box_eigenpro_corrected,67,1.0
ideal_box_eigenpro_corrected,68,1.0
ideal_box_eigenpro_corrected,69,1.0
ideal_box_eigenpro_corrected,70,1.0
ideal_box_eigenpro_corrected,71,1.0
ideal_box_eigenpro_corrected,72,1.0
ideal_box_eigenpro_corrected,73,1.0
ideal_box_eigenpro_corrected,74,1.0
ideal_box_eigenpro_corrected,75,1.0
ideal_box_eigenpro_corrected,76,1.0
ideal_box_eigenpro_corrected,77,1.0
ideal_box_eigenpro_corrected,78,1.0
ideal_box_eigenpro_corrected,79,1.0
ideal_box_eigenpro_corrected,80,1.0
ideal_box_eigenpro_corrected,81,1.0
ideal_box_eigenpro_corrected,82,1.0
ideal_box_eigenpro_corrected,83,1.0
ideal_box_eigenpro_corrected,84,1.0
ideal_box_eigenpro_corrected,85,1.0
ideal_box_eigenpro_corrected,86,1.0
ideal_box_eigenpro_corrected,87,1.0
ideal_box_eigenpro_corrected,88,1.0
ideal_box_eigenpro_corrected,89,1.0
ideal_box_eigenpro_corrected,90,1.0
ideal_box_eigenpro_corrected,91,1.0
ideal_box_eigenpro_corrected,92,1.0
ideal_box_eigenpro_corrected,93,1.0
ideal_box_eigenpro_corrected,94,1.0
ideal_box_eigenpro_corrected,95,1.0
ideal_box_eigenpro_corrected,96,1.0
ideal_box_eigenpro_corrected,97,1.0
ideal_box_eigenpro_corrected,98,1.0
ideal_box_eigenpro_corrected,99,1.0
ideal_box_eigenpro_corrected,100,1.0
ideal_box_eigenpro_corrected,101,1.0
ideal_box_eigenpro_corrected,102,1.0
ideal_box_eigenpro_corrected,103,1.0
ideal_box_eigenpro_corrected,104,1.0
ideal_box_eigenpro_corrected,105,1.0
ideal_box_eigenpro_corrected,106,1.0
ideal_box_eigenpro_corrected,107,1.0
ideal_box_eigenpro_corrected,108,1.0
ideal_box_eigenpro_corrected,109,1.0
ideal_box_eigenpro_corrected,110,1.0
ideal_box_eigenpro_corrected,111,1.0
ideal_box_eigenpro_corrected,112,1.0
ideal_box_eigenpro_corrected,113,1.0
ideal_box_eigenpro_corrected,114,1.0
ideal_box_eigenpro_corrected,115,1.0
ideal_box_eigenpro_corrected,116,1.0
ideal_box_eigenpro_corrected,117,1.0
ideal_box_eigenpro_corrected,118,1.0
ideal_box_eigenpro_corrected,119,1.0
ideal_box_eigenpro_corrected,120,1.0
ideal_box_eigenpro_corrected,121,1.0
ideal_box_eigenpro_corrected,122,1.0
ideal_box_eigenpro_corrected,123,1.0
ideal_box_eigenpro_corrected,124,1.0
ideal_box_eigenpro_corrected,125,1.0
ideal_box_eigenpro_corrected,126,1.0
ideal_box_eigenpro_corrected,127,1.0
ideal_box_eigenpro_corrected,128,1.0
ideal_box_eigenpro_corrected,129,1.0
ideal_box_eigenpro_corrected,130,1.0
ideal_box_eigenpro_corrected,131,1.0
ideal_box_eigenpro_corrected,132,1.0
ideal_box_eigenpro_corrected,133,1.0
ideal_box_eigenpro_corrected,134,1.0
ideal_box_eigenpro_corrected,135,1.0
ideal_box_eigenpro_corrected,136,1.0
ideal_box_eigenpro_corrected,137,1.0
ideal_box_eigenpro_corrected,138,1.0
ideal_box_eigenpro_corrected,139,1.0
ideal_box_eigenpro_corrected,140,1.0
ideal_box_eigenpro_corrected,141,1.0
ideal_box_eigenpro_corrected,142,1.0
ideal_box_eigenpro_corrected,143,1.0
ideal_box_eigenpro_corrected,144,1.0
ideal_box_eigenpro_corrected,145,1.0
ideal_box_eigenpro_corrected,146,1.0
ideal_box_eigenpro_corrected,147,1.0
ideal_box_eigenpro_corrected,148,1.0
ideal_box_eigenpro_corrected,149,1.0
ideal_box_eigenpro_corrected,150,1.0
ideal_box_eigenpro_corrected,151,1.0
ideal_box_eigenpro_corrected,152,1.0
ideal_box_eigenpro_corrected,153,1.0
ideal_box_eigenpro_corrected,154,1.0
ideal_box_eigenpro_corrected,155,1.0
ideal_box_eigenpro_corrected,156,1.0
ideal_box_eigenpro_corrected,157,1.0
ideal_box_eigenpro_corrected,158,1.0
ideal_box_eigenpro_corrected,159,1.0
ideal_box_eigenpro_corrected,160,1.0
ideal_box_eigenpro_corrected,161,1.0
ideal_box_eigenpro_corrected,162,1.0
ideal_box_eigenpro_corrected,163,1.0
ideal_box_eigenpro_corrected,164,1.0
ideal_box_eigenpro_corrected,165,1.0
ideal_box_eigenpro_corrected,166,1.0
ideal_box_eigenpro_corrected,167,1.0
ideal_box_eigenpro_corrected,168,1.0
ideal_box_eigenpro_corrected,169,1.0
ideal_box_eigenpro_corrected,170,1.0
ideal_box_eigenpro_corrected,171,1.0
ideal_box_eigenpro_corrected,172,1.0
ideal_box_eigenpro_corrected,173,1.0
ideal_box_eigenpro_corrected,174,1.0
ideal_box_eigenpro_corrected,175,1.0
ideal_box_eigenpro_corrected,176,1.0
ideal_box_eigenpro_corrected,177,1.0
ideal_box_eigenpro_corrected,178,1.0
ideal_box_eigenpro_corrected,179,1.0
ideal_box_eigenpro_corrected,180,1.0
ideal_box_eigenpro_corrected,181,1.0
ideal_box_eigenpro_corrected,182,1.0
ideal_box_eigenpro_corrected,183,1.0
ideal_box_eigenpro_corrected,184,1.0
ideal_box_eigenpro_corrected,185,1.0
ideal_box_eigenpro_corrected,186,1.0
ideal_box_eigenpro_corrected,187,1.0
ideal_box_eigenpro_corrected,188,1.0
ideal_box_eigenpro_corrected,189,1.0
ideal_box_eigenpro_corrected,190,1.0
ideal_box_eigenpro_corrected,191,1.0
ideal_box_eigenpro_corrected,192,1.0
ideal_box_eigenpro_corrected,193,1.0
ideal_box_eigenpro_corrected,194,1.0
ideal_box_eigenpro_corrected,195,1.0
ideal_box_eigenpro_corrected,196,1.0
ideal_box_eigenpro_corrected,197,1.0
ideal_box_eigenpro_corrected,198,1.0
ideal_box_eigenpro_corrected,199,1.0
ideal_box_eigenpro_corrected,200,1.0
ideal_box_eigenpro_corrected,201,1.0
ideal_box_eigenpro_corrected,202,1.0
ideal_box_eigenpro_corrected,203,1.0
ideal_box_eigenpro_corrected,204,1.0
ideal_box_eigenpro_corrected,205,1.0
ideal_box_eigenpro_corrected,206,1.0
ideal_box_eigenpro_corrected,207,1.0
ideal_box_eigenpro_corrected,208,1.0
ideal_box_eigenpro_corrected,209,1.0
ideal_box_eigenpro_corrected,210,1.0
ideal_box_eigenpro_corrected,211,1.0
ideal_box_eigenpro_corrected,212,1.0
ideal_box_eigenpro_corrected,213,1.0
ideal_box_eigenpro_corrected,214,1.0
ideal_box_eigenpro_corrected,215,1.0
ideal_box_eigenpro_corrected,216,1.0
ideal_box_eigenpro_corrected,217,1.0
ideal_box_eigenpro_corrected,218,1.0
ideal_box_eigenpro_corrected,219,1.0
ideal_box_eigenpro_corrected,220,1.0
ideal_box_eigenpro_corrected,221,1.0
ideal_box_eigenpro_corrected,222,1.0
ideal_box_eigenpro_corrected,223,1.0
ideal_box_eigenpro_corrected,224,1.0
ideal_box_eigenpro_corrected,225,1.0
ideal_box_eigenpro_corrected,226,1.0
ideal_box_eigenpro_corrected,227,1.0
ideal_box_eigenpro_corrected,228,1.0
ideal_box_eigenpro_corrected,229,1.0
ideal_box_eigenpro_corrected,230,1.0
ideal_box_eigenpro_corrected,231,1.0
ideal_box_eigenpro_corrected,232,1.0
ideal_box_eigenpro_corrected,233,1.0
ideal_box_eigenpro_corrected,234,1.0
ideal_box_eigenpro_corrected,235,1.0
ideal_box_eigenpro_corrected,236,1.0
ideal_box_eigenpro_corrected,237,1.0
ideal_box_eigenpro_corrected,238,1.0
ideal_box_eigenpro_corrected,239,1.0
ideal_box_eigenpro_corrected,240,1.0
ideal_box_eigenpro_corrected,241,1.0
ideal_box_eigenpro_corrected,242,1.0
ideal_box_eigenpro_corrected,243,1.0
ideal_box_eigenpro_corrected,244,1.0
ideal_box_eigenpro_corrected,245,1.0
ideal_box_eigenpro_corrected,246,1.0
ideal_box_eigenpro_corrected,247,1.0
ideal_box_eigenpro_corrected,248,1.0
ideal_box_eigenpro_corrected,249,1.0
ideal_box_eigenpro_corrected,250,1.0
ideal_box_eigenpro_corrected,251,1.0
ideal_box_eigenpro_corrected,252,1.0
ideal_box_eigenpro_corrected,253,1.0
ideal_box_eigenpro_corrected,254,1.0
ideal_box_eigenpro_corrected,255,1.0
ideal_box_eigenpro_corrected,256,1.0
ideal_box_eigenpro_corrected,257,1.0
ideal_box_eigenpro_corrected,258,0.9573423634260496
ideal_box_eigenpro_corrected,259,0.8915920307409881
ideal_box_eigenpro_corrected,260,0.8335546729363371
ideal_box_eigenpro_corrected,261,0.7852567756202504
ideal_box_eigenpro_corrected,262,0.7255436437470777
ideal_box_eigenpro_corrected,263,0.7085362929125507
ideal_box_eigenpro_corrected,264,0.6807924788441414
ideal_box_eigenpro_corrected,265,0.6520588672850649
ideal_box_eigenpro_corrected,266,0.6051666042186099
ideal_box_eigenpro_corrected,267,0.5142339302461697
ideal_box_eigenpro_corrected,268,0.4714344352624374
ideal_box_eigenpro_corrected,269,0.45236369652647374
ideal_box_eigenpro_corrected,270,0.4357525164219372
ideal_box_eigenpro_corrected,271,0.3878846056577248
ideal_box_eigenpro_corrected,272,0.36635128569043823
ideal_box_eigenpro_corrected,273,0.36467546031301246
ideal_box_eigenpro_corrected,274,0.3549021597643627
ideal_box_eigenpro_corrected,275,0.3505622475614222
ideal_box_eigenpro_corrected,276,0.31063894718806745
ideal_box_eigenpro_corrected,277,0.28774424523699293
ideal_box_eigenpro_corrected,278,0.285265635725905
ideal_box_eigenpro_corrected,279,0.2825984345574912
ideal_box_eigenpro_corrected,280,0.26907025934427875
ideal_box_eigenpro_corrected,281,0.26642940210572985
ideal_box_eigenpro_corrected,282,0.2467741596473787
ideal_box_eigenpro_corrected,283,0.23207279335696201
ideal_box_eigenpro_corrected,284,0.22106324317479936
ideal_box_eigenpro_corrected,285,0.21451671573225964
ideal_box_eigenpro_corrected,286,0.19675261410713354
ideal_box_eigenpro_corrected,287,0.19497711284667385
ideal_box_eigenpro_corrected,288,0.19323939227439269
ideal_box_eigenpro_corrected,289,0.18494231976881906
ideal_box_eigenpro_corrected,290,0.16814024872442906
ideal_box_eigenpro_corrected,291,0.15526019599211727
ideal_box_eigenpro_corrected,292,0.14975926478749702
ideal_box_eigenpro_corrected,293,0.13404535317226315
ideal_box_eigenpro_corrected,294,0.13081785719339817
ideal_box_eigenpro_corrected,295,0.12247301330723907
ideal_box_eigenpro_corrected,296,0.1174651515284832
ideal_box_eigenpro_corrected,297,0.10700974220655882
ideal_box_eigenpro_corrected,298,0.1020016575751282
ideal_box_eigenpro_corrected,299,0.0974381959176823
ideal_box_eigenpro_corrected,300,0.09590712938495564
ideal_box_eigenpro_corrected,301,0.09329752425927493
ideal_box_eigenpro_corrected,302,0.0920863677725844
ideal_box_eigenpro_corrected,303,0.09074164593963889
ideal_box_eigenpro_corrected,304,0.08407121226656948
ideal_box_eigenpro_corrected,305,0.07115532260313544
ideal_box_eigenpro_corrected,306,0.06593723042277504
ideal_box_eigenpro_corrected,307,0.05980510053290053
ideal_box_eigenpro_corrected,308,0.05924023451099208
ideal_box_eigenpro_corrected,309,0.05230567050592827
ideal_box_eigenpro_corrected,310,0.05067436984620658
ideal_box_eigenpro_corrected,311,0.05002479517048519
ideal_box_eigenpro_corrected,312,0.049811013712605226
ideal_box_eigenpro_corrected,313,0.04601588034301851
ideal_box_eigenpro_corrected,314,0.042694148022507476
ideal_box_eigenpro_corrected,315,0.04134920372770498
ideal_box_eigenpro_corrected,316,0.040981837706892295
ideal_box_eigenpro_corrected,317,0.040090903397243034
ideal_box_eigenpro_corrected,318,0.039683955411331344
ideal_box_eigenpro_corrected,319,0.03903611941124091
ideal_box_eigenpro_corrected,320,0.038395291804727574
ideal_box_eigenpro_corrected,321,0.036553464242717354
ideal_box_eigenpro_corrected,322,0.035857733193854935
ideal_box_eigenpro_corrected,323,0.03555359692502457
ideal_box_eigenpro_corrected,324,0.03511709353720649
ideal_box_eigenpro_corrected,325,0.034760364354134404
ideal_box_eigenpro_corrected,326,0.03344555250567855
ideal_box_eigenpro_corrected,327,0.03317454986328677
ideal_box_eigenpro_corrected,328,0.032421087443384816
ideal_box_eigenpro_corrected,329,0.03173572712466609
ideal_box_eigenpro_corrected,330,0.03153227595994024
ideal_box_eigenpro_corrected,331,0.03069138659581872
ideal_box_eigenpro_corrected,332,0.030575217966605863
ideal_box_eigenpro_corrected,333,0.029408969355869286
ideal_box_eigenpro_corrected,334,0.02867208397354542
ideal_box_eigenpro_corrected,335,0.02833385938473963
ideal_box_eigenpro_corrected,336,0.028107349599964727
ideal_box_eigenpro_corrected,337,0.027518414103861133
ideal_box_eigenpro_corrected,338,0.027390826457155928
ideal_box_eigenpro_corrected,339,0.0271027996608915
ideal_box_eigenpro_corrected,340,0.02615162685999088
ideal_box_eigenpro_corrected,341,0.026009958065624856
ideal_box_eigenpro_corrected,342,0.025855386745506234
ideal_box_eigenpro_corrected,343,0.025622597066731517
ideal_box_eigenpro_corrected,344,0.02554891235237967
ideal_box_eigenpro_corrected,345,0.025303227627184396
ideal_box_eigenpro_corrected,346,0.02501838190096461
ideal_box_eigenpro_corrected,347,0.024937295673048664
ideal_box_eigenpro_corrected,348,0.024764153416775674
ideal_box_eigenpro_corrected,349,0.024531912764900667
ideal_box_eigenpro_corrected,350,0.024197884977243816
ideal_box_eigenpro_corrected,351,0.0239972122035902
ideal_box_eigenpro_corrected,352,0.023890557526074222
ideal_box_eigenpro_corrected,353,0.023594771187815052
ideal_box_eigenpro_corrected,354,0.023461741336246258
ideal_box_eigenpro_corrected,355,0.023284919841698757
ideal_box_eigenpro_corrected,356,0.023217402719728032
ideal_box_eigenpro_corrected,357,0.023123834768198608
ideal_box_eigenpro_corrected,358,0.02281705452229012
ideal_box_eigenpro_corrected,359,0.022764149369738067
ideal_box_eigenpro_corrected,360,0.022755207555729767
ideal_box_eigenpro_corrected,361,0.022567041598014047
ideal_box_eigenpro_corrected,362,0.022469143464431712
ideal_box_eigenpro_corrected,363,0.02237401006982108
ideal_box_eigenpro_corrected,364,0.02233399091059533
ideal_box_eigenpro_corrected,365,0.02215882206220073
ideal_box_eigenpro_corrected,366,0.02209695966654918
ideal_box_eigenpro_corrected,367,0.02203108980854218
ideal_box_eigenpro_corrected,368,0.02194220018740094
ideal_box_eigenpro_corrected,369,0.02190135058048937
ideal_box_eigenpro_corrected,370,0.02187419022153496
ideal_box_eigenpro_corrected,371,0.021867554782284655
ideal_box_eigenpro_corrected,372,0.021813451660475245
ideal_box_eigenpro_corrected,373,0.02170288747171806
ideal_box_eigenpro_corrected,374,0.021678000246124842
ideal_box_eigenpro_corrected,375,0.021648711692366512
ideal_box_eigenpro_corrected,376,0.021637824969121776
ideal_box_eigenpro_corrected,377,0.021578168408486587
ideal_box_eigenpro_corrected,378,0.02153140077057672
ideal_box_eigenpro_corrected,379,0.021509909825225923
ideal_box_eigenpro_corrected,380,0.021501392945983785
ideal_box_eigenpro_corrected,381,0.021496902972415313
ideal_box_eigenpro_corrected,382,0.02147805924281623
ideal_box_eigenpro_corrected,383,0.02138309149616663
ideal_box_eigenpro_corrected,384,0.021365760258792835
ideal_box_eigenpro_corrected,385,0.021348968072357817
ideal_box_eigenpro_corrected,386,0.021337901573523173
ideal_box_eigenpro_corrected,387,0.021323998590368914
ideal_box_eigenpro_corrected,388,0.021276195069188653
ideal_box_eigenpro_corrected,389,0.021254766786396196
ideal_box_eigenpro_corrected,390,0.021245912131490546
ideal_box_eigenpro_corrected,391,0.02124118948566352
ideal_box_eigenpro_corrected,392,0.02123887243358807
ideal_box_eigenpro_corrected,393,0.021227957984926445
ideal_box_eigenpro_corrected,394,0.021218219250775164
ideal_box_eigenpro_corrected,395,0.02119798869709165
ideal_box_eigenpro_corrected,396,0.02119469754217928
ideal_box_eigenpro_corrected,397,0.021186249263709715
ideal_box_eigenpro_corrected,398,0.021178640797520104
ideal_box_eigenpro_corrected,399,0.02117278581102671
ideal_box_eigenpro_corrected,400,0.021171585290684296
ideal_box_eigenpro_corrected,401,0.021169807028773597
ideal_box_eigenpro_corrected,402,0.021160858670911574
ideal_box_eigenpro_corrected,403,0.021155938560765725
ideal_box_eigenpro_corrected,404,0.02115090635611791
ideal_box_eigenpro_corrected,405,0.021144683343619693
ideal_box_eigenpro_corrected,406,0.021138508949768715
ideal_box_eigenpro_corrected,407,0.021131427155421535
ideal_box_eigenpro_corrected,408,0.02112931436577191
ideal_box_eigenpro_corrected,409,0.021127989700145653
ideal_box_eigenpro_corrected,410,0.0211188864400937
ideal_box_eigenpro_corrected,411,0.021115719428977737
ideal_box_eigenpro_corrected,412,0.021110347079863735
ideal_box_eigenpro_corrected,413,0.02110879534846925
ideal_box_eigenpro_corrected,414,0.021105144457528233
ideal_box_eigenpro_corrected,415,0.02110286633473234
ideal_box_eigenpro_corrected,416,0.02110168246093069
ideal_box_eigenpro_corrected,417,0.021100784068893763
ideal_box_eigenpro_corrected,418,0.021099640377015748
ideal_box_eigenpro_corrected,419,0.02109925748683625
ideal_box_eigenpro_corrected,420,0.021097878636795225
ideal_box_eigenpro_corrected,421,0.021097325355063843
ideal_box_eigenpro_corrected,422,0.02109561557056822
ideal_box_eigenpro_corrected,423,0.02109211157120906
ideal_box_eigenpro_corrected,424,0.02109075948291659
ideal_box_eigenpro_corrected,425,0.021088590540456854
ideal_box_eigenpro_corrected,426,0.02108780421637481
ideal_box_eigenpro_corrected,427,0.02108721423836658
ideal_box_eigenpro_corrected,428,0.021086301658334933
ideal_box_eigenpro_corrected,429,0.021083969694057215
ideal_box_eigenpro_corrected,430,0.021083428479257777
ideal_box_eigenpro_corrected,431,0.021082410632793636
ideal_box_eigenpro_corrected,432,0.021080306501532843
ideal_box_eigenpro_corrected,433,0.021078186628297853
ideal_box_eigenpro_corrected,434,0.021077938979196555
ideal_box_eigenpro_corrected,435,0.02107764703047531
ideal_box_eigenpro_corrected,436,0.02107671561576688
ideal_box_eigenpro_corrected,437,0.021075311187071837
ideal_box_eigenpro_corrected,438,0.021074049167427663
ideal_box_eigenpro_corrected,439,0.021073591869020646
ideal_box_eigenpro_corrected,440,0.021072829457421047
ideal_box_eigenpro_corrected,441,0.02107274478446501
ideal_box_eigenpro_corrected,442,0.021072014702700856
ideal_box_eigenpro_corrected,443,0.021071809232927927
ideal_box_eigenpro_corrected,444,0.02107117228505036
ideal_box_eigenpro_corrected,445,0.021071135815437535
ideal_box_eigenpro_corrected,446,0.02107029092708335
ideal_box_eigenpro_corrected,447,0.021070019639964143
ideal_box_eigenpro_corrected,448,0.02106919104205447
ideal_box_eigenpro_corrected,449,0.02106893757113002
ideal_box_eigenpro_corrected,450,0.021068555148548516
ideal_box_eigenpro_corrected,451,0.021068256524706216
ideal_box_eigenpro_corrected,452,0.021067630404221258
ideal_box_eigenpro_corrected,453,0.021067574120539813
ideal_box_eigenpro_corrected,454,0.021067431331448977
ideal_box_eigenpro_corrected,455,0.021066722729495686
ideal_box_eigenpro_corrected,456,0.02106651314763106
ideal_box_eigenpro_corrected,457,0.021066265419725796
ideal_box_eigenpro_corrected,458,0.02106601193522105
ideal_box_eigenpro_corrected,459,0.02106562470814164
ideal_box_eigenpro_corrected,460,0.02106551966802065
ideal_box_eigenpro_corrected,461,0.02106547900904059
ideal_box_eigenpro_corrected,462,0.02106535414733694
ideal_box_eigenpro_corrected,463,0.02106520481447502
ideal_box_eigenpro_corrected,464,0.02106510228778396
ideal_box_eigenpro_corrected,465,0.02106501441674251
ideal_box_eigenpro_corrected,466,0.021064863186967615
ideal_box_eigenpro_corrected,467,0.02106470506669735
ideal_box_eigenpro_corrected,468,0.021064656888256338
ideal_box_eigenpro_corrected,469,0.02106462269107165
ideal_box_eigenpro_corrected,470,0.02106459145729654
ideal_box_eigenpro_corrected,471,0.021064542996196506
ideal_box_eigenpro_corrected,472,0.02106451434526109
ideal_box_eigenpro_corrected,473,0.021064457838741925
ideal_box_eigenpro_corrected,474,0.02106444204244032
ideal_box_eigenpro_corrected,475,0.021064344098478585
ideal_box_eigenpro_corrected,476,0.021064316684978292
ideal_box_eigenpro_corrected,477,0.021064217354695942
ideal_box_eigenpro_corrected,478,0.021064184418859405
ideal_box_eigenpro_corrected,479,0.02106412205986776
ideal_box_eigenpro_corrected,480,0.021064075561783444
ideal_box_eigenpro_corrected,481,0.021064066180803528
ideal_box_eigenpro_corrected,482,0.021064033690390095
ideal_box_eigenpro_corrected,483,0.02106399836753183
ideal_box_eigenpro_corrected,484,0.0210639796165834
ideal_box_eigenpro_corrected,485,0.021063973373350184
ideal_box_eigenpro_corrected,486,0.02106395394963018
ideal_box_eigenpro_corrected,487,0.021063934395733994
ideal_box_eigenpro_corrected,488,0.02106386374595172
ideal_box_eigenpro_corrected,489,0.021063857673199435
ideal_box_eigenpro_corrected,490,0.021063852095757313
ideal_box_eigenpro_corrected,491,0.021063845990742458
ideal_box_eigenpro_corrected,492,0.02106380148341133
ideal_box_eigenpro_corrected,493,0.021063760677787386
ideal_box_eigenpro_corrected,494,0.021063745449193705
ideal_box_eigenpro_corrected,495,0.021063739480231568
ideal_box_eigenpro_corrected,496,0.0210637383055627
ideal_box_eigenpro_corrected,497,0.02106372425500993
ideal_box_eigenpro_corrected,498,0.02106371415090465
ideal_box_eigenpro_corrected,499,0.021063708175309726
ideal_box_eigenpro_corrected,500,0.021063701452011634
ideal_box_eigenpro_corrected,501,0.0210636850702659
ideal_box_eigenpro_corrected,502,0.021063678643073836
ideal_box_eigenpro_corrected,503,0.021063673531112888
ideal_box_eigenpro_corrected,504,0.0210636600775192
ideal_box_eigenpro_corrected,505,0.021063648779341082
ideal_box_eigenpro_corrected,506,0.021063640690214495
ideal_box_eigenpro_corrected,507,0.021063636510698203
ideal_box_eigenpro_corrected,508,0.02106362139338209
ideal_box_eigenpro_corrected,509,0.021063619679681744
ideal_box_eigenpro_corrected,510,0.021063614583778312
ideal_box_eigenpro_corrected,511,0.02106360898569734
ideal_box_eigenpro_corrected,512,0.021063606760365214
ideal_box_eigenpro_corrected,513,0.02106360143511359
ideal_box_eigenpro_corrected,514,0.021063586313112854
ideal_box_eigenpro_corrected,515,0.021063584286857298
ideal_box_eigenpro_corrected,516,0.021063576087852042
ideal_box_eigenpro_corrected,517,0.021063572887537817
ideal_box_eigenpro_corrected,518,0.0210635715577991
ideal_box_eigenpro_corrected,519,0.021063566956030403
ideal_box_eigenpro_corrected,520,0.021063564835639342
ideal_box_eigenpro_corrected,521,0.021063554761868875
ideal_box_eigenpro_corrected,522,0.021063550349984275
ideal_box_eigenpro_corrected,523,0.021063546770982208
ideal_box_eigenpro_corrected,524,0.021063544307811172
ideal_box_eigenpro_corrected,525,0.021063540209853016
ideal_box_eigenpro_corrected,526,0.02106353926845716
ideal_box_eigenpro_corrected,527,0.021063537746509632
ideal_box_eigenpro_corrected,528,0.021063533160596396
ideal_box_eigenpro_corrected,529,0.021063528666273187
ideal_box_eigenpro_corrected,530,0.021063528493716746
ideal_box_eigenpro_corrected,531,0.021063526888038805
ideal_box_eigenpro_corrected,532,0.021063524850619603
ideal_box_eigenpro_corrected,533,0.02106352475613749
ideal_box_eigenpro_corrected,534,0.021063520270693532
ideal_box_eigenpro_corrected,535,0.021063519084787763
ideal_box_eigenpro_corrected,536,0.02106351881835911
ideal_box_eigenpro_corrected,537,0.02106351777618807
ideal_box_eigenpro_corrected,538,0.021063517507052813
ideal_box_eigenpro_corrected,539,0.021063517363292737
ideal_box_eigenpro_corrected,540,0.021063516955522554
ideal_box_eigenpro_corrected,541,0.02106351479307924
ideal_box_eigenpro_corrected,542,0.021063514174211984
ideal_box_eigenpro_corrected,543,0.02106351400061543
ideal_box_eigenpro_corrected,544,0.021063513734951016
ideal_box_eigenpro_corrected,545,0.021063513095883737
ideal_box_eigenpro_corrected,546,0.02106351213691188
ideal_box_eigenpro_corrected,547,0.021063511834806026
ideal_box_eigenpro_corrected,548,0.021063511505255893
ideal_box_eigenpro_corrected,549,0.021063510917283115
ideal_box_eigenpro_corrected,550,0.021063510363647037
ideal_box_eigenpro_corrected,551,0.021063510173936664
ideal_box_eigenpro_corrected,552,0.021063510127326324
ideal_box_eigenpro_corrected,553,0.02106350985494276
ideal_box_eigenpro_corrected,554,0.021063509513901454
ideal_box_eigenpro_corrected,555,0.021063509081737593
ideal_box_eigenpro_corrected,556,0.021063508873635572
ideal_box_eigenpro_corrected,557,0.021063508643822677
ideal_box_eigenpro_corrected,558,0.021063508154588403
ideal_box_eigenpro_corrected,559,0.021063507952268863
ideal_box_eigenpro_corrected,560,0.0210635079220051
ideal_box_eigenpro_corrected,561,0.02106350765191044
ideal_box_eigenpro_corrected,562,0.021063507278703448
ideal_box_eigenpro_corrected,563,0.02106350718152102
ideal_box_eigenpro_corrected,564,0.021063506682845966
ideal_box_eigenpro_corrected,565,0.021063506548185413
ideal_box_eigenpro_corrected,566,0.021063506480454616
ideal_box_eigenpro_corrected,567,0.021063506446971993
ideal_box_eigenpro_corrected,568,0.02106350629148952
ideal_box_eigenpro_corrected,569,0.021063506201255494
ideal_box_eigenpro_corrected,570,0.021063506096006573
ideal_box_eigenpro_corrected,571,0.021063506041682365
ideal_box_eigenpro_corrected,572,0.02106350599461305
ideal_box_eigenpro_corrected,573,0.021063505910521977
ideal_box_eigenpro_corrected,574,0.021063505788185437
ideal_box_eigenpro_corrected,575,0.021063505686645768
ideal_box_eigenpro_corrected,576,0.02106350562650789
ideal_box_eigenpro_corrected,577,0.021063505577579012
ideal_box_eigenpro_corrected,578,0.02106350554398296
ideal_box_eigenpro_corrected,579,0.021063505506726737
ideal_box_eigenpro_corrected,580,0.02106350545805668
ideal_box_eigenpro_corrected,581,0.02106350541240754
ideal_box_eigenpro_corrected,582,0.021063505384490037
ideal_box_eigenpro_corrected,583,0.02106350534872307
ideal_box_eigenpro_corrected,584,0.021063505330841465
ideal_box_eigenpro_corrected,585,0.02106350526813113
ideal_box_eigenpro_corrected,586,0.021063505230817504
ideal_box_eigenpro_corrected,587,0.0210635052000728
ideal_box_eigenpro_corrected,588,0.021063505146884688
ideal_box_eigenpro_corrected,589,0.021063505123225017
ideal_box_eigenpro_corrected,590,0.02106350510505233
ideal_box_eigenpro_corrected,591,0.021063505037784428
ideal_box_eigenpro_corrected,592,0.021063504999612508
ideal_box_eigenpro_corrected,593,0.021063504969540674
ideal_box_eigenpro_corrected,594,0.021063504937136376
ideal_box_eigenpro_corrected,595,0.0210635049123561
ideal_box_eigenpro_corrected,596,0.021063504888571487
ideal_box_eigenpro_corrected,597,0.021063504865322737
ideal_box_eigenpro_corrected,598,0.021063504823685263
ideal_box_eigenpro_corrected,599,0.02106350478432213
ideal_box_eigenpro_corrected,600,0.02106350476148592
ideal_box_eigenpro_corrected,601,0.021063504753034614
ideal_box_eigenpro_corrected,602,0.02106350473073537
ideal_box_eigenpro_corrected,603,0.02106350468930531
ideal_box_eigenpro_corrected,604,0.021063504658982653
ideal_box_eigenpro_corrected,605,0.02106350464880871
ideal_box_eigenpro_corrected,606,0.021063504637896097
ideal_box_eigenpro_corrected,607,0.02106350462761388
ideal_box_eigenpro_corrected,608,0.021063504603908906
ideal_box_eigenpro_corrected,609,0.02106350457515128
ideal_box_eigenpro_corrected,610,0.02106350455696024
ideal_box_eigenpro_corrected,611,0.021063504550872053
ideal_box_eigenpro_corrected,612,0.021063504544237
ideal_box_eigenpro_corrected,613,0.021063504538721082
ideal_box_eigenpro_corrected,614,0.021063504517626105
ideal_box_eigenpro_corrected,615,0.021063504512350808
ideal_box_eigenpro_corrected,616,0.021063504498219355
ideal_box_eigenpro_corrected,617,0.021063504493394475
ideal_box_eigenpro_corrected,618,0.0210635044884735
ideal_box_eigenpro_corrected,619,0.021063504474815673
ideal_box_eigenpro_corrected,620,0.02106350446027881
ideal_box_eigenpro_corrected,621,0.02106350445672032
ideal_box_eigenpro_corrected,622,0.021063504448507533
ideal_box_eigenpro_corrected,623,0.021063504434373874
ideal_box_eigenpro_corrected,624,0.02106350442577872
ideal_box_eigenpro_corrected,625,0.021063504421159455
ideal_box_eigenpro_corrected,626,0.02106350441859446
ideal_box_eigenpro_corrected,627,0.021063504409095515
ideal_box_eigenpro_corrected,628,0.021063504402200676
ideal_box_eigenpro_corrected,629,0.02106350439218328
ideal_box_eigenpro_corrected,630,0.02106350437936952
ideal_box_eigenpro_corrected,631,0.021063504372672202
ideal_box_eigenpro_corrected,632,0.021063504366333415
ideal_box_eigenpro_corrected,633,0.021063504356869503
ideal_box_eigenpro_corrected,634,0.021063504350209733
ideal_box_eigenpro_corrected,635,0.021063504347459103
ideal_box_eigenpro_corrected,636,0.021063504339821303
ideal_box_eigenpro_corrected,637,0.021063504333986807
ideal_box_eigenpro_corrected,638,0.021063504326543307
ideal_box_eigenpro_corrected,639,0.021063504321481005
ideal_box_eigenpro_corrected,640,0.021063504316197426
ideal_box_eigenpro_corrected,641,0.021063504306756888
ideal_box_eigenpro_corrected,642,0.02106350430320019
ideal_box_eigenpro_corrected,643,0.021063504298755184
ideal_box_eigenpro_corrected,644,0.02106350429511002
ideal_box_eigenpro_corrected,645,0.02106350429076388
ideal_box_eigenpro_corrected,646,0.021063504287846337
ideal_box_eigenpro_corrected,647,0.021063504282409162
ideal_box_eigenpro_corrected,648,0.02106350428127814
ideal_box_eigenpro_corrected,649,0.02106350427312834
ideal_box_eigenpro_corrected,650,0.021063504270072527
ideal_box_eigenpro_corrected,651,0.021063504267180823
ideal_box_eigenpro_corrected,652,0.021063504260250124
ideal_box_eigenpro_corrected,653,0.02106350425813299
ideal_box_eigenpro_corrected,654,0.021063504255086015
ideal_box_eigenpro_corrected,655,0.021063504253614845
ideal_box_eigenpro_corrected,656,0.0210635042505085
ideal_box_eigenpro_corrected,657,0.021063504247391656
ideal_box_eigenpro_corrected,658,0.02106350424608095
ideal_box_eigenpro_corrected,659,0.021063504243542395
ideal_box_eigenpro_corrected,660,0.021063504239749693
ideal_box_eigenpro_corrected,661,0.021063504236566354
ideal_box_eigenpro_corrected,662,0.02106350423520529
ideal_box_eigenpro_corrected,663,0.021063504233457785
ideal_box_eigenpro_corrected,664,0.021063504231221473
ideal_box_eigenpro_corrected,665,0.021063504227341944
ideal_box_eigenpro_corrected,666,0.021063504226154748
ideal_box_eigenpro_corrected,667,0.021063504223923737
ideal_box_eigenpro_corrected,668,0.021063504222671756
ideal_box_eigenpro_corrected,669,0.021063504220970003
ideal_box_eigenpro_corrected,670,0.021063504217933307
ideal_box_eigenpro_corrected,671,0.02106350421644525
ideal_box_eigenpro_corrected,672,0.02106350421462628
ideal_box_eigenpro_corrected,673,0.021063504213828774
ideal_box_eigenpro_corrected,674,0.021063504212211353
ideal_box_eigenpro_corrected,675,0.0210635042092086
ideal_box_eigenpro_corrected,676,0.021063504208006453
ideal_box_eigenpro_corrected,677,0.021063504205748172
ideal_box_eigenpro_corrected,678,0.02106350420412537
ideal_box_eigenpro_corrected,679,0.021063504203550142
ideal_box_eigenpro_corrected,680,0.021063504202176345
ideal_box_eigenpro_corrected,681,0.021063504200933107
ideal_box_eigenpro_corrected,682,0.021063504200153623
ideal_box_eigenpro_corrected,683,0.021063504198983073
ideal_box_eigenpro_corrected,684,0.021063504197760097
ideal_box_eigenpro_corrected,685,0.02106350419717857
ideal_box_eigenpro_corrected,686,0.021063504196353548
ideal_box_eigenpro_corrected,687,0.02106350419470741
ideal_box_eigenpro_corrected,688,0.021063504194136135
ideal_box_eigenpro_corrected,689,0.021063504193329016
ideal_box_eigenpro_corrected,690,0.021063504192305613
ideal_box_eigenpro_corrected,691,0.021063504190920943
ideal_box_eigenpro_corrected,692,0.021063504190619056
ideal_box_eigenpro_corrected,693,0.021063504189812766
ideal_box_eigenpro_corrected,694,0.02106350418877916
ideal_box_eigenpro_corrected,695,0.021063504187765415
ideal_box_eigenpro_corrected,696,0.021063504187130776
ideal_box_eigenpro_corrected,697,0.021063504186532713
ideal_box_eigenpro_corrected,698,0.021063504185474303
ideal_box_eigenpro_corrected,699,0.021063504184552436
ideal_box_eigenpro_corrected,700,0.021063504183768036
ideal_box_eigenpro_corrected,701,0.02106350418324204
ideal_box_eigenpro_corrected,702,0.021063504182409928
ideal_box_eigenpro_corrected,703,0.02106350418151429
ideal_box_eigenpro_corrected,704,0.021063504181374343
ideal_box_eigenpro_corrected,705,0.021063504180522878
ideal_box_eigenpro_corrected,706,0.02106350417987703
ideal_box_eigenpro_corrected,707,0.021063504179031897
ideal_box_eigenpro_corrected,708,0.02106350417881763
ideal_box_eigenpro_corrected,709,0.021063504177946286
ideal_box_eigenpro_corrected,710,0.0210635041772752
ideal_box_eigenpro_corrected,711,0.021063504176580785
ideal_box_eigenpro_corrected,712,0.021063504175986812
ideal_box_eigenpro_corrected,713,0.021063504175633612
ideal_box_eigenpro_corrected,714,0.021063504175253493
ideal_box_eigenpro_corrected,715,0.02106350417462503
ideal_box_eigenpro_corrected,716,0.021063504174085132
ideal_box_eigenpro_corrected,717,0.02106350417395291
ideal_box_eigenpro_corrected,718,0.021063504173366554
ideal_box_eigenpro_corrected,719,0.021063504172910145
ideal_box_eigenpro_corrected,720,0.02106350417237481
ideal_box_eigenpro_corrected,721,0.02106350417188506
ideal_box_eigenpro_corrected,722,0.021063504171324493
ideal_box_eigenpro_corrected,723,0.021063504171138746
ideal_box_eigenpro_corrected,724,0.021063504170464403
ideal_box_eigenpro_corrected,725,0.021063504170136575
ideal_box_eigenpro_corrected,726,0.0210635041697996
ideal_box_eigenpro_corrected,727,0.021063504169430765
ideal_box_eigenpro_corrected,728,0.02106350416904983
ideal_box_eigenpro_corrected,729,0.02106350416878255
ideal_box_eigenpro_corrected,730,0.02106350416830778
ideal_box_eigenpro_corrected,731,0.021063504167978316
ideal_box_eigenpro_corrected,732,0.021063504167468883
ideal_box_eigenpro_corrected,733,0.021063504167055127
ideal_box_eigenpro_corrected,734,0.021063504166827004
ideal_box_eigenpro_corrected,735,0.02106350416664398
ideal_box_eigenpro_corrected,736,0.02106350416638815
ideal_box_eigenpro_corrected,737,0.021063504166037972
ideal_box_eigenpro_corrected,738,0.021063504165876153
ideal_box_eigenpro_corrected,739,0.021063504165293047
ideal_box_eigenpro_corrected,740,0.0210635041647527
ideal_box_eigenpro_corrected,741,0.0210635041644989
ideal_box_eigenpro_corrected,742,0.021063504164252476
ideal_box_eigenpro_corrected,743,0.021063504163867597
ideal_box_eigenpro_corrected,744,0.02106350416359045
ideal_box_eigenpro_corrected,745,0.021063504163268784
ideal_box_eigenpro_corrected,746,0.021063504163000134
ideal_box_eigenpro_corrected,747,0.021063504162656933
ideal_box_eigenpro_corrected,748,0.021063504162317375
ideal_box_eigenpro_corrected,749,0.021063504162240208
ideal_box_eigenpro_corrected,750,0.02106350416188616
ideal_box_eigenpro_corrected,751,0.021063504161778622
ideal_box_eigenpro_corrected,752,0.021063504161487546
ideal_box_eigenpro_corrected,753,0.0210635041611775
ideal_box_eigenpro_corrected,754,0.02106350416097632
ideal_box_eigenpro_corrected,755,0.02106350416063268
ideal_box_eigenpro_corrected,756,0.021063504160390996
ideal_box_eigenpro_corrected,757,0.02106350416027012
ideal_box_eigenpro_corrected,758,0.021063504159826683
ideal_box_eigenpro_corrected,759,0.021063504159621164
ideal_box_eigenpro_corrected,760,0.021063504159448545
ideal_box_eigenpro_corrected,761,0.021063504159065244
ideal_box_eigenpro_corrected,762,0.021063504158881138
ideal_box_eigenpro_corrected,763,0.02106350415866747
ideal_box_eigenpro_corrected,764,0.021063504158394718
ideal_box_eigenpro_corrected,765,0.021063504158118997
ideal_box_eigenpro_corrected,766,0.02106350415799404
ideal_box_eigenpro_corrected,767,0.02106350415775641
ideal_box_eigenpro_corrected,768,0.02106350415737891
ideal_box_eigenpro_corrected,769,0.021063504157179305
ideal_box_eigenpro_corrected,770,0.02106350415701975
ideal_box_eigenpro_corrected,771,0.02106350415679643
ideal_box_eigenpro_corrected,772,0.02106350415672111
ideal_box_eigenpro_corrected,773,0.021063504156558957
ideal_box_eigenpro_corrected,774,0.021063504156373238
ideal_box_eigenpro_corrected,775,0.021063504155994915
ideal_box_eigenpro_corrected,776,0.021063504155857466
ideal_box_eigenpro_corrected,777,0.02106350415573656
ideal_box_eigenpro_corrected,778,0.0210635041556586
ideal_box_eigenpro_corrected,779,0.02106350415546168
ideal_box_eigenpro_corrected,780,0.021063504155268635
ideal_box_eigenpro_corrected,781,0.021063504155111847
ideal_box_eigenpro_corrected,782,0.02106350415489127
ideal_box_eigenpro_corrected,783,0.021063504154723786
ideal_box_eigenpro_corrected,784,0.021063504154574253
ideal_box_eigenpro_corrected,785,0.021063504154451906
ideal_box_eigenpro_corrected,786,0.021063504154305662
ideal_box_eigenpro_corrected,787,0.021063504154147348
ideal_box_eigenpro_corrected,788,0.02106350415402782
ideal_box_eigenpro_corrected,789,0.02106350415389751
ideal_box_eigenpro_corrected,790,0.021063504153825293
ideal_box_eigenpro_corrected,791,0.021063504153588257
ideal_box_eigenpro_corrected,792,0.021063504153545208
ideal_box_eigenpro_corrected,793,0.021063504153366216
ideal_box_eigenpro_corrected,794,0.02106350415327249
ideal_box_eigenpro_corrected,795,0.021063504153048748
ideal_box_eigenpro_corrected,796,0.021063504152999356
ideal_box_eigenpro_corrected,797,0.02106350415277412
ideal_box_eigenpro_corrected,798,0.021063504152640404
ideal_box_eigenpro_corrected,799,0.021063504152490992
ideal_box_eigenpro_corrected,800,0.021063504152386905
ideal_box_eigenpro_corrected,801,0.021063504152304267
ideal_box_eigenpro_corrected,802,0.021063504152162283
ideal_box_eigenpro_corrected,803,0.021063504152069968
ideal_box_eigenpro_corrected,804,0.021063504151946206
ideal_box_eigenpro_corrected,805,0.021063504151851938
ideal_box_eigenpro_corrected,806,0.021063504151695684
ideal_box_eigenpro_corrected,807,0.021063504151595806
ideal_box_eigenpro_corrected,808,0.021063504151391042
ideal_box_eigenpro_corrected,809,0.02106350415135246
ideal_box_eigenpro_corrected,810,0.021063504151265858
ideal_box_eigenpro_corrected,811,0.02106350415118099
ideal_box_eigenpro_corrected,812,0.021063504151103456
ideal_box_eigenpro_corrected,813,0.021063504150975593
ideal_box_eigenpro_corrected,814,0.0210635041509538
ideal_box_eigenpro_corrected,815,0.021063504150808907
ideal_box_eigenpro_corrected,816,0.021063504150726806
ideal_box_eigenpro_corrected,817,0.021063504150649146
ideal_box_eigenpro_corrected,818,0.02106350415052953
ideal_box_eigenpro_corrected,819,0.02106350415038835
ideal_box_eigenpro_corrected,820,0.021063504150336664
ideal_box_eigenpro_corrected,821,0.021063504150195377
ideal_box_eigenpro_corrected,822,0.02106350415013337
ideal_box_eigenpro_corrected,823,0.021063504150044005
ideal_box_eigenpro_corrected,824,0.02106350414991829
ideal_box_eigenpro_corrected,825,0.021063504149869888
ideal_box_eigenpro_corrected,826,0.021063504149796883
ideal_box_eigenpro_corrected,827,0.021063504149669857
ideal_box_eigenpro_corrected,828,0.021063504149606085
ideal_box_eigenpro_corrected,829,0.021063504149480685
ideal_box_eigenpro_corrected,830,0.02106350414941619
ideal_box_eigenpro_corrected,831,0.02106350414931908
ideal_box_eigenpro_corrected,832,0.02106350414923178
ideal_box_eigenpro_corrected,833,0.021063504149179003
ideal_box_eigenpro_corrected,834,0.02106350414913658
ideal_box_eigenpro_corrected,835,0.02106350414908223
ideal_box_eigenpro_corrected,836,0.021063504149003535
ideal_box_eigenpro_corrected,837,0.021063504148888534
ideal_box_eigenpro_corrected,838,0.021063504148798127
ideal_box_eigenpro_corrected,839,0.021063504148719304
ideal_box_eigenpro_corrected,840,0.021063504148636246
ideal_box_eigenpro_corrected,841,0.021063504148572224
ideal_box_eigenpro_corrected,842,0.02106350414853479
ideal_box_eigenpro_corrected,843,0.021063504148461157
ideal_box_eigenpro_corrected,844,0.021063504148365133
ideal_box_eigenpro_corrected,845,0.02106350414824945
ideal_box_eigenpro_corrected,846,0.021063504148225245
ideal_box_eigenpro_corrected,847,0.02106350414812147
ideal_box_eigenpro_corrected,848,0.02106350414806125
ideal_box_eigenpro_corrected,849,0.021063504147979764
ideal_box_eigenpro_corrected,850,0.021063504147945226
ideal_box_eigenpro_corrected,851,0.021063504147887654
ideal_box_eigenpro_corrected,852,0.02106350414780041
ideal_box_eigenpro_corrected,853,0.02106350414776519
ideal_box_eigenpro_corrected,854,0.021063504147732344
ideal_box_eigenpro_corrected,855,0.021063504147604478
ideal_box_eigenpro_corrected,856,0.021063504147563146
ideal_box_eigenpro_corrected,857,0.021063504147524652
ideal_box_eigenpro_corrected,858,0.021063504147473
ideal_box_eigenpro_corrected,859,0.021063504147392786
ideal_box_eigenpro_corrected,860,0.021063504147308704
ideal_box_eigenpro_corrected,861,0.021063504147207486
ideal_box_eigenpro_corrected,862,0.02106350414715555
ideal_box_eigenpro_corrected,863,0.021063504147129365
ideal_box_eigenpro_corrected,864,0.02106350414706486
ideal_box_eigenpro_corrected,865,0.021063504147004548
ideal_box_eigenpro_corrected,866,0.021063504146958317
ideal_box_eigenpro_corrected,867,0.02106350414689273
ideal_box_eigenpro_corrected,868,0.02106350414682451
ideal_box_eigenpro_corrected,869,0.021063504146795798
ideal_box_eigenpro_corrected,870,0.02106350414676879
ideal_box_eigenpro_corrected,871,0.02106350414667968
ideal_box_eigenpro_corrected,872,0.02106350414661073
ideal_box_eigenpro_corrected,873,0.021063504146589713
ideal_box_eigenpro_corrected,874,0.021063504146526444
ideal_box_eigenpro_corrected,875,0.02106350414649049
ideal_box_eigenpro_corrected,876,0.02106350414642359
ideal_box_eigenpro_corrected,877,0.02106350414637866
ideal_box_eigenpro_corrected,878,0.021063504146339746
ideal_box_eigenpro_corrected,879,0.02106350414630022
ideal_box_eigenpro_corrected,880,0.021063504146253333
ideal_box_eigenpro_corrected,881,0.021063504146187198
ideal_box_eigenpro_corrected,882,0.021063504146112903
ideal_box_eigenpro_corrected,883,0.021063504146099164
ideal_box_eigenpro_corrected,884,0.02106350414600796
ideal_box_eigenpro_corrected,885,0.02106350414597736
ideal_box_eigenpro_corrected,886,0.021063504145939157
ideal_box_eigenpro_corrected,887,0.021063504145871683
ideal_box_eigenpro_corrected,888,0.02106350414580962
ideal_box_eigenpro_corrected,889,0.021063504145799886
ideal_box_eigenpro_corrected,890,0.021063504145766493
ideal_box_eigenpro_corrected,891,0.02106350414569424
ideal_box_eigenpro_corrected,892,0.021063504145662396
ideal_box_eigenpro_corrected,893,0.021063504145614045
ideal_box_eigenpro_corrected,894,0.021063504145588455
ideal_box_eigenpro_corrected,895,0.021063504145569296
ideal_box_eigenpro_corrected,896,0.02106350414549255
ideal_box_eigenpro_corrected,897,0.021063504145462254
ideal_box_eigenpro_corrected,898,0.021063504145440972
ideal_box_eigenpro_corrected,899,0.021063504145408172
ideal_box_eigenpro_corrected,900,0.021063504145374348
ideal_box_eigenpro_corrected,901,0.021063504145325877
ideal_box_eigenpro_corrected,902,0.021063504145308134
ideal_box_eigenpro_corrected,903,0.021063504145287598
ideal_box_eigenpro_corrected,904,0.021063504145251034
ideal_box_eigenpro_corrected,905,0.021063504145208165
ideal_box_eigenpro_corrected,906,0.02106350414514399
ideal_box_eigenpro_corrected,907,0.021063504145103336
ideal_box_eigenpro_corrected,908,0.021063504145086006
ideal_box_eigenpro_corrected,909,0.021063504145069186
ideal_box_eigenpro_corrected,910,0.021063504145004786
ideal_box_eigenpro_corrected,911,0.021063504144990017
ideal_box_eigenpro_corrected,912,0.021063504144958098
ideal_box_eigenpro_corrected,913,0.021063504144906563
ideal_box_eigenpro_corrected,914,0.021063504144892713
ideal_box_eigenpro_corrected,915,0.02106350414486715
ideal_box_eigenpro_corrected,916,0.02106350414481959
ideal_box_eigenpro_corrected,917,0.02106350414481038
ideal_box_eigenpro_corrected,918,0.021063504144772167
ideal_box_eigenpro_corrected,919,0.02106350414474052
ideal_box_eigenpro_corrected,920,0.021063504144726693
ideal_box_eigenpro_corrected,921,0.021063504144694344
ideal_box_eigenpro_corrected,922,0.02106350414463649
ideal_box_eigenpro_corrected,923,0.021063504144623848
ideal_box_eigenpro_corrected,924,0.021063504144576597
ideal_box_eigenpro_corrected,925,0.021063504144570505
ideal_box_eigenpro_corrected,926,0.021063504144529024
ideal_box_eigenpro_corrected,927,0.021063504144505814
ideal_box_eigenpro_corrected,928,0.02106350414448584
ideal_box_eigenpro_corrected,929,0.02106350414445411
ideal_box_eigenpro_corrected,930,0.02106350414444117
ideal_box_eigenpro_corrected,931,0.021063504144393796
ideal_box_eigenpro_corrected,932,0.021063504144345234
ideal_box_eigenpro_corrected,933,0.021063504144303902
ideal_box_eigenpro_corrected,934,0.021063504144296474
ideal_box_eigenpro_corrected,935,0.021063504144273788
ideal_box_eigenpro_corrected,936,0.021063504144225594
ideal_box_eigenpro_corrected,937,0.02106350414420958
ideal_box_eigenpro_corrected,938,0.021063504144193588
ideal_box_eigenpro_corrected,939,0.0210635041441807
ideal_box_eigenpro_corrected,940,0.021063504144140644
ideal_box_eigenpro_corrected,941,0.02106350414413079
ideal_box_eigenpro_corrected,942,0.021063504144107643
ideal_box_eigenpro_corrected,943,0.021063504144078503
ideal_box_eigenpro_corrected,944,0.02106350414404844
ideal_box_eigenpro_corrected,945,0.021063504144032665
ideal_box_eigenpro_corrected,946,0.021063504143993404
ideal_box_eigenpro_corrected,947,0.021063504143975727
ideal_box_eigenpro_corrected,948,0.021063504143960486
ideal_box_eigenpro_corrected,949,0.021063504143950536
ideal_box_eigenpro_corrected,950,0.021063504143921347
ideal_box_eigenpro_corrected,951,0.021063504143889227
ideal_box_eigenpro_corrected,952,0.021063504143853946
ideal_box_eigenpro_corrected,953,0.02106350414383571
ideal_box_eigenpro_corrected,954,0.02106350414382982
ideal_box_eigenpro_corrected,955,0.02106350414380602
ideal_box_eigenpro_corrected,956,0.0210635041437919
ideal_box_eigenpro_corrected,957,0.021063504143767862
ideal_box_eigenpro_corrected,958,0.021063504143752857
ideal_box_eigenpro_corrected,959,0.02106350414372993
ideal_box_eigenpro_corrected,960,0.021063504143715703
ideal_box_eigenpro_corrected,961,0.021063504143698168
ideal_box_eigenpro_corrected,962,0.021063504143681275
ideal_box_eigenpro_corrected,963,0.021063504143653617
ideal_box_eigenpro_corrected,964,0.021063504143640988
ideal_box_eigenpro_corrected,965,0.02106350414359939
ideal_box_eigenpro_corrected,966,0.02106350414357561
ideal_box_eigenpro_corrected,967,0.021063504143566253
ideal_box_eigenpro_corrected,968,0.021063504143540485
ideal_box_eigenpro_corrected,969,0.021063504143524026
ideal_box_eigenpro_corrected,970,0.021063504143503865
ideal_box_eigenpro_corrected,971,0.021063504143490286
ideal_box_eigenpro_corrected,972,0.02106350414345565
ideal_box_eigenpro_corrected,973,0.021063504143436225
ideal_box_eigenpro_corrected,974,0.02106350414341412
ideal_box_eigenpro_corrected,975,0.021063504143401773
ideal_box_eigenpro_corrected,976,0.021063504143391067
ideal_box_eigenpro_corrected,977,0.02106350414335959
ideal_box_eigenpro_corrected,978,0.021063504143353597
ideal_box_eigenpro_corrected,979,0.021063504143335358
ideal_box_eigenpro_corrected,980,0.021063504143321216
ideal_box_eigenpro_corrected,981,0.02106350414330773
ideal_box_eigenpro_corrected,982,0.021063504143298075
ideal_box_eigenpro_corrected,983,0.02106350414328195
ideal_box_eigenpro_corrected,984,0.021063504143270222
ideal_box_eigenpro_corrected,985,0.02106350414324696
ideal_box_eigenpro_corrected,986,0.021063504143219593
ideal_box_eigenpro_corrected,987,0.021063504143197243
ideal_box_eigenpro_corrected,988,0.021063504143168977
ideal_box_eigenpro_corrected,989,0.021063504143156886
ideal_box_eigenpro_corrected,990,0.021063504143144115
ideal_box_eigenpro_corrected,991,0.021063504143134553
ideal_box_eigenpro_corrected,992,0.02106350414311986
ideal_box_eigenpro_corrected,993,0.02106350414309295
ideal_box_eigenpro_corrected,994,0.021063504143090068
ideal_box_eigenpro_corrected,995,0.021063504143071513
ideal_box_eigenpro_corrected,996,0.021063504143066215
ideal_box_eigenpro_corrected,997,0.021063504143049968
ideal_box_eigenpro_corrected,998,0.021063504143029627
ideal_box_eigenpro_corrected,999,0.02106350414302278
ideal_box_eigenpro_corrected,1000,0.02106350414300757
ideal_box_eigenpro_corrected,1001,0.021063504142989534
ideal_box_eigenpro_corrected,1002,0.021063504142977554
ideal_box_eigenpro_corrected,1003,0.02106350414296659
ideal_box_eigenpro_corrected,1004,0.021063504142950662
ideal_box_eigenpro_corrected,1005,0.0210635041429353
ideal_box_eigenpro_corrected,1006,0.021063504142919832
ideal_box_eigenpro_corrected,1007,0.021063504142904362
ideal_box_eigenpro_corrected,1008,0.021063504142891026
ideal_box_eigenpro_corrected,1009,0.021063504142882317
ideal_box_eigenpro_corrected,1010,0.02106350414286665
ideal_box_eigenpro_corrected,1011,0.02106350414285225
ideal_box_eigenpro_corrected,1012,0.021063504142837863
ideal_box_eigenpro_corrected,1013,0.021063504142824124
ideal_box_eigenpro_corrected,1014,0.02106350414280176
ideal_box_eigenpro_corrected,1015,0.02106350414278851
ideal_box_eigenpro_corrected,1016,0.021063504142781422
ideal_box_eigenpro_corrected,1017,0.021063504142753386
ideal_box_eigenpro_corrected,1018,0.021063504142747626
ideal_box_eigenpro_corrected,1019,0.02106350414273356
ideal_box_eigenpro_corrected,1020,0.021063504142721245
ideal_box_eigenpro_corrected,1021,0.02106350414270947
ideal_box_eigenpro_corrected,1022,0.021063504142697427
ideal_box_eigenpro_corrected,1023,0.02106350414268726
ideal_box_eigenpro_corrected,1024,0.021063504142680288
ideal_box_eigenpro_corrected,1025,0.02106350414266594
ideal_box_eigenpro_corrected,1026,0.02106350414265199
ideal_box_eigenpro_corrected,1027,0.021063504142644324
ideal_box_eigenpro_corrected,1028,0.021063504142629152
ideal_box_eigenpro_corrected,1029,0.021063504142613952
ideal_box_eigenpro_corrected,1030,0.021063504142601986
ideal_box_eigenpro_corrected,1031,0.02106350414257839
ideal_box_eigenpro_corrected,1032,0.02106350414257463
ideal_box_eigenpro_corrected,1033,0.021063504142568065
ideal_box_eigenpro_corrected,1034,0.02106350414255947
ideal_box_eigenpro_corrected,1035,0.021063504142541913
ideal_box_eigenpro_corrected,1036,0.021063504142533402
ideal_box_eigenpro_corrected,1037,0.02106350414252905
ideal_box_eigenpro_corrected,1038,0.02106350414250882
ideal_box_eigenpro_corrected,1039,0.021063504142500585
ideal_box_eigenpro_corrected,1040,0.021063504142487168
ideal_box_eigenpro_corrected,1041,0.02106350414247873
ideal_box_eigenpro_corrected,1042,0.021063504142465314
ideal_box_eigenpro_corrected,1043,0.02106350414245789
ideal_box_eigenpro_corrected,1044,0.02106350414244925
ideal_box_eigenpro_corrected,1045,0.021063504142436885
ideal_box_eigenpro_corrected,1046,0.021063504142424475
ideal_box_eigenpro_corrected,1047,0.021063504142410407
ideal_box_eigenpro_corrected,1048,0.021063504142404276
ideal_box_eigenpro_corrected,1049,0.021063504142398305
ideal_box_eigenpro_corrected,1050,0.0210635041423888
ideal_box_eigenpro_corrected,1051,0.02106350414237213
ideal_box_eigenpro_corrected,1052,0.021063504142360717
ideal_box_eigenpro_corrected,1053,0.02106350414235689
ideal_box_eigenpro_corrected,1054,0.021063504142347016
ideal_box_eigenpro_corrected,1055,0.021063504142337507
ideal_box_eigenpro_corrected,1056,0.02106350414232493
ideal_box_eigenpro_corrected,1057,0.021063504142316225
ideal_box_eigenpro_corrected,1058,0.02106350414230405
ideal_box_eigenpro_corrected,1059,0.02106350414229429
ideal_box_eigenpro_corrected,1060,0.021063504142286995
ideal_box_eigenpro_corrected,1061,0.021063504142277666
ideal_box_eigenpro_corrected,1062,0.02106350414227035
ideal_box_eigenpro_corrected,1063,0.0210635041422621
ideal_box_eigenpro_corrected,1064,0.021063504142255603
ideal_box_eigenpro_corrected,1065,0.02106350414224261
ideal_box_eigenpro_corrected,1066,0.021063504142225117
ideal_box_eigenpro_corrected,1067,0.021063504142218158
ideal_box_eigenpro_corrected,1068,0.021063504142204943
ideal_box_eigenpro_corrected,1069,0.021063504142203114
ideal_box_eigenpro_corrected,1070,0.021063504142191925
ideal_box_eigenpro_corrected,1071,0.021063504142181215
ideal_box_eigenpro_corrected,1072,0.02106350414217693
ideal_box_eigenpro_corrected,1073,0.02106350414217205
ideal_box_eigenpro_corrected,1074,0.021063504142162306
ideal_box_eigenpro_corrected,1075,0.021063504142152478
ideal_box_eigenpro_corrected,1076,0.02106350414213684
ideal_box_eigenpro_corrected,1077,0.021063504142132258
ideal_box_eigenpro_corrected,1078,0.021063504142126842
ideal_box_eigenpro_corrected,1079,0.02106350414211612
ideal_box_eigenpro_corrected,1080,0.021063504142108624
ideal_box_eigenpro_corrected,1081,0.02106350414209682
ideal_box_eigenpro_corrected,1082,0.021063504142089608
ideal_box_eigenpro_corrected,1083,0.02106350414208236
ideal_box_eigenpro_corrected,1084,0.021063504142075015
ideal_box_eigenpro_corrected,1085,0.021063504142066442
ideal_box_eigenpro_corrected,1086,0.021063504142060544
ideal_box_eigenpro_corrected,1087,0.021063504142051603
ideal_box_eigenpro_corrected,1088,0.021063504142040564
ideal_box_eigenpro_corrected,1089,0.021063504142036726
ideal_box_eigenpro_corrected,1090,0.02106350414202448
ideal_box_eigenpro_corrected,1091,0.02106350414201653
ideal_box_eigenpro_corrected,1092,0.021063504142009356
ideal_box_eigenpro_corrected,1093,0.02106350414200076
ideal_box_eigenpro_corrected,1094,0.021063504141997844
ideal_box_eigenpro_corrected,1095,0.021063504141990822
ideal_box_eigenpro_corrected,1096,0.021063504141984286
ideal_box_eigenpro_corrected,1097,0.021063504141977548
ideal_box_eigenpro_corrected,1098,0.02106350414197014
ideal_box_eigenpro_corrected,1099,0.02106350414195932
ideal_box_eigenpro_corrected,1100,0.02106350414195562
ideal_box_eigenpro_corrected,1101,0.021063504141946153
ideal_box_eigenpro_corrected,1102,0.021063504141939388
ideal_box_eigenpro_corrected,1103,0.021063504141929163
ideal_box_eigenpro_corrected,1104,0.021063504141922474
ideal_box_eigenpro_corrected,1105,0.021063504141915417
ideal_box_eigenpro_corrected,1106,0.021063504141908714
ideal_box_eigenpro_corrected,1107,0.02106350414189859
ideal_box_eigenpro_corrected,1108,0.02106350414189675
ideal_box_eigenpro_corrected,1109,0.021063504141891367
ideal_box_eigenpro_corrected,1110,0.02106350414188203
ideal_box_eigenpro_corrected,1111,0.021063504141874103
ideal_box_eigenpro_corrected,1112,0.02106350414187198
ideal_box_eigenpro_corrected,1113,0.021063504141865936
ideal_box_eigenpro_corrected,1114,0.021063504141860687
ideal_box_eigenpro_corrected,1115,0.02106350414185614
ideal_box_eigenpro_corrected,1116,0.021063504141851878
ideal_box_eigenpro_corrected,1117,0.021063504141835672
ideal_box_eigenpro_corrected,1118,0.021063504141833236
ideal_box_eigenpro_corrected,1119,0.0210635041418249
ideal_box_eigenpro_corrected,1120,0.021063504141815945
ideal_box_eigenpro_corrected,1121,0.021063504141813145
ideal_box_eigenpro_corrected,1122,0.021063504141803188
ideal_box_eigenpro_corrected,1123,0.021063504141795465
ideal_box_eigenpro_corrected,1124,0.02106350414179071
ideal_box_eigenpro_corrected,1125,0.021063504141785195
ideal_box_eigenpro_corrected,1126,0.021063504141776507
ideal_box_eigenpro_corrected,1127,0.021063504141773697
ideal_box_eigenpro_corrected,1128,0.021063504141765374
ideal_box_eigenpro_corrected,1129,0.021063504141759497
ideal_box_eigenpro_corrected,1130,0.02106350414175045
ideal_box_eigenpro_corrected,1131,0.021063504141743714
ideal_box_eigenpro_corrected,1132,0.021063504141739516
ideal_box_eigenpro_corrected,1133,0.02106350414173225
ideal_box_eigenpro_corrected,1134,0.0210635041417249
ideal_box_eigenpro_corrected,1135,0.021063504141719386
ideal_box_eigenpro_corrected,1136,0.02106350414171544
ideal_box_eigenpro_corrected,1137,0.021063504141708992
ideal_box_eigenpro_corrected,1138,0.02106350414170585
ideal_box_eigenpro_corrected,1139,0.02106350414169715
ideal_box_eigenpro_corrected,1140,0.021063504141691128
ideal_box_eigenpro_corrected,1141,0.021063504141688227
ideal_box_eigenpro_corrected,1142,0.021063504141682555
ideal_box_eigenpro_corrected,1143,0.021063504141678707
ideal_box_eigenpro_corrected,1144,0.021063504141670575
ideal_box_eigenpro_corrected,1145,0.021063504141663827
ideal_box_eigenpro_corrected,1146,0.021063504141655545
ideal_box_eigenpro_corrected,1147,0.021063504141650105
ideal_box_eigenpro_corrected,1148,0.021063504141647038
ideal_box_eigenpro_corrected,1149,0.02106350414164051
ideal_box_eigenpro_corrected,1150,0.021063504141632123
ideal_box_eigenpro_corrected,1151,0.021063504141629268
ideal_box_eigenpro_corrected,1152,0.0210635041416238
ideal_box_eigenpro_corrected,1153,0.02106350414161914
ideal_box_eigenpro_corrected,1154,0.021063504141612368
ideal_box_eigenpro_corrected,1155,0.021063504141609204
ideal_box_eigenpro_corrected,1156,0.0210635041416036
ideal_box_eigenpro_corrected,1157,0.02106350414159692
ideal_box_eigenpro_corrected,1158,0.021063504141591177
ideal_box_eigenpro_corrected,1159,0.021063504141589307
ideal_box_eigenpro_corrected,1160,0.021063504141584446
ideal_box_eigenpro_corrected,1161,0.02106350414158053
ideal_box_eigenpro_corrected,1162,0.02106350414157308
ideal_box_eigenpro_corrected,1163,0.02106350414156868
ideal_box_eigenpro_corrected,1164,0.021063504141565527
ideal_box_eigenpro_corrected,1165,0.021063504141560066
ideal_box_eigenpro_corrected,1166,0.02106350414155754
ideal_box_eigenpro_corrected,1167,0.021063504141547947
ideal_box_eigenpro_corrected,1168,0.021063504141543832
ideal_box_eigenpro_corrected,1169,0.021063504141537865
ideal_box_eigenpro_corrected,1170,0.021063504141533955
ideal_box_eigenpro_corrected,1171,0.02106350414152966
ideal_box_eigenpro_corrected,1172,0.02106350414152451
ideal_box_eigenpro_corrected,1173,0.02106350414152181
ideal_box_eigenpro_corrected,1174,0.02106350414151836
ideal_box_eigenpro_corrected,1175,0.021063504141515216
ideal_box_eigenpro_corrected,1176,0.021063504141512077
ideal_box_eigenpro_corrected,1177,0.021063504141506425
ideal_box_eigenpro_corrected,1178,0.021063504141504447
ideal_box_eigenpro_corrected,1179,0.021063504141495014
ideal_box_eigenpro_corrected,1180,0.021063504141491825
ideal_box_eigenpro_corrected,1181,0.02106350414148926
ideal_box_eigenpro_corrected,1182,0.02106350414148514
ideal_box_eigenpro_corrected,1183,0.02106350414148168
ideal_box_eigenpro_corrected,1184,0.021063504141475838
ideal_box_eigenpro_corrected,1185,0.021063504141469524
ideal_box_eigenpro_corrected,1186,0.021063504141467772
ideal_box_eigenpro_corrected,1187,0.02106350414146314
ideal_box_eigenpro_corrected,1188,0.021063504141459907
ideal_box_eigenpro_corrected,1189,0.021063504141456017
ideal_box_eigenpro_corrected,1190,0.021063504141451285
ideal_box_eigenpro_corrected,1191,0.021063504141444988
ideal_box_eigenpro_corrected,1192,0.021063504141440165
ideal_box_eigenpro_corrected,1193,0.02106350414143606
ideal_box_eigenpro_corrected,1194,0.021063504141430513
ideal_box_eigenpro_corrected,1195,0.021063504141428113
ideal_box_eigenpro_corrected,1196,0.021063504141425923
ideal_box_eigenpro_corrected,1197,0.021063504141418127
ideal_box_eigenpro_corrected,1198,0.02106350414141396
ideal_box_eigenpro_corrected,1199,0.021063504141408805
ideal_box_eigenpro_corrected,1200,0.021063504141406772
ideal_box_eigenpro_corrected,1201,0.02106350414140418
ideal_box_eigenpro_corrected,1202,0.021063504141401745
ideal_box_eigenpro_corrected,1203,0.02106350414139298
ideal_box_eigenpro_corrected,1204,0.021063504141388422
ideal_box_eigenpro_corrected,1205,0.021063504141386493
ideal_box_eigenpro_corrected,1206,0.021063504141382704
ideal_box_eigenpro_corrected,1207,0.021063504141378822
ideal_box_eigenpro_corrected,1208,0.021063504141374288
ideal_box_eigenpro_corrected,1209,0.021063504141372823
ideal_box_eigenpro_corrected,1210,0.021063504141367085
ideal_box_eigenpro_corrected,1211,0.021063504141363463
ideal_box_eigenpro_corrected,1212,0.02106350414136049
ideal_box_eigenpro_corrected,1213,0.021063504141353766
ideal_box_eigenpro_corrected,1214,0.021063504141351816
ideal_box_eigenpro_corrected,1215,0.02106350414135014
ideal_box_eigenpro_corrected,1216,0.02106350414134573
ideal_box_eigenpro_corrected,1217,0.02106350414134283
ideal_box_eigenpro_corrected,1218,0.021063504141334788
ideal_box_eigenpro_corrected,1219,0.021063504141332554
ideal_box_eigenpro_corrected,1220,0.021063504141327977
ideal_box_eigenpro_corrected,1221,0.021063504141325545
ideal_box_eigenpro_corrected,1222,0.021063504141323266
ideal_box_eigenpro_corrected,1223,0.02106350414131873
ideal_box_eigenpro_corrected,1224,0.02106350414131716
ideal_box_eigenpro_corrected,1225,0.021063504141313447
ideal_box_eigenpro_corrected,1226,0.021063504141310214
ideal_box_eigenpro_corrected,1227,0.021063504141305606
ideal_box_eigenpro_corrected,1228,0.0210635041413017
ideal_box_eigenpro_corrected,1229,0.021063504141298296
ideal_box_eigenpro_corrected,1230,0.02106350414129629
ideal_box_eigenpro_corrected,1231,0.02106350414129285
ideal_box_eigenpro_corrected,1232,0.02106350414128636
ideal_box_eigenpro_corrected,1233,0.021063504141286077
ideal_box_eigenpro_corrected,1234,0.021063504141279242
ideal_box_eigenpro_corrected,1235,0.021063504141276328
ideal_box_eigenpro_corrected,1236,0.021063504141275644
ideal_box_eigenpro_corrected,1237,0.02106350414127304
ideal_box_eigenpro_corrected,1238,0.021063504141270405
ideal_box_eigenpro_corrected,1239,0.021063504141267425
ideal_box_eigenpro_corrected,1240,0.021063504141263425
ideal_box_eigenpro_corrected,1241,0.02106350414125985
ideal_box_eigenpro_corrected,1242,0.021063504141258852
ideal_box_eigenpro_corrected,1243,0.02106350414125541
ideal_box_eigenpro_corrected,1244,0.021063504141250876
ideal_box_eigenpro_corrected,1245,0.021063504141249297
ideal_box_eigenpro_corrected,1246,0.021063504141245117
ideal_box_eigenpro_corrected,1247,0.021063504141242632
ideal_box_eigenpro_corrected,1248,0.021063504141239975
ideal_box_eigenpro_corrected,1249,0.02106350414123661
ideal_box_eigenpro_corrected,1250,0.021063504141234608
ideal_box_eigenpro_corrected,1251,0.021063504141233112
ideal_box_eigenpro_corrected,1252,0.021063504141229955
ideal_box_eigenpro_corrected,1253,0.02106350414122507
ideal_box_eigenpro_corrected,1254,0.02106350414122138
ideal_box_eigenpro_corrected,1255,0.02106350414121898
ideal_box_eigenpro_corrected,1256,0.02106350414121586
ideal_box_eigenpro_corrected,1257,0.021063504141213503
ideal_box_eigenpro_corrected,1258,0.021063504141211074
ideal_box_eigenpro_corrected,1259,0.021063504141209295
ideal_box_eigenpro_corrected,1260,0.021063504141205672
ideal_box_eigenpro_corrected,1261,0.02106350414120292
ideal_box_eigenpro_corrected,1262,0.021063504141199396
ideal_box_eigenpro_corrected,1263,0.021063504141196968
ideal_box_eigenpro_corrected,1264,0.0210635041411939
ideal_box_eigenpro_corrected,1265,0.02106350414119003
ideal_box_eigenpro_corrected,1266,0.02106350414118831
ideal_box_eigenpro_corrected,1267,0.02106350414118688
ideal_box_eigenpro_corrected,1268,0.021063504141181008
ideal_box_eigenpro_corrected,1269,0.021063504141177695
ideal_box_eigenpro_corrected,1270,0.021063504141176224
ideal_box_eigenpro_corrected,1271,0.021063504141173223
ideal_box_eigenpro_corrected,1272,0.02106350414117134
ideal_box_eigenpro_corrected,1273,0.021063504141168962
ideal_box_eigenpro_corrected,1274,0.021063504141165316
ideal_box_eigenpro_corrected,1275,0.021063504141163914
ideal_box_eigenpro_corrected,1276,0.02106350414115964
ideal_box_eigenpro_corrected,1277,0.021063504141158613
ideal_box_eigenpro_corrected,1278,0.02106350414115572
ideal_box_eigenpro_corrected,1279,0.02106350414115127
ideal_box_eigenpro_corrected,1280,0.021063504141147688
ideal_box_eigenpro_corrected,1281,0.021063504141145634
ideal_box_eigenpro_corrected,1282,0.021063504141141918
ideal_box_eigenpro_corrected,1283,0.02106350414113909
ideal_box_eigenpro_corrected,1284,0.021063504141138764
ideal_box_eigenpro_corrected,1285,0.02106350414113506
ideal_box_eigenpro_corrected,1286,0.021063504141134552
ideal_box_eigenpro_corrected,1287,0.021063504141129338
ideal_box_eigenpro_corrected,1288,0.02106350414112737
ideal_box_eigenpro_corrected,1289,0.021063504141123023
ideal_box_eigenpro_corrected,1290,0.02106350414112142
ideal_box_eigenpro_corrected,1291,0.02106350414112029
ideal_box_eigenpro_corrected,1292,0.02106350414111761
ideal_box_eigenpro_corrected,1293,0.02106350414111382
ideal_box_eigenpro_corrected,1294,0.021063504141112167
ideal_box_eigenpro_corrected,1295,0.02106350414111111
ideal_box_eigenpro_corrected,1296,0.02106350414110882
ideal_box_eigenpro_corrected,1297,0.02106350414110584
ideal_box_eigenpro_corrected,1298,0.021063504141103147
ideal_box_eigenpro_corrected,1299,0.021063504141101058
ideal_box_eigenpro_corrected,1300,0.02106350414109945
ideal_box_eigenpro_corrected,1301,0.021063504141097734
ideal_box_eigenpro_corrected,1302,0.02106350414109341
ideal_box_eigenpro_corrected,1303,0.021063504141090487
ideal_box_eigenpro_corrected,1304,0.02106350414108762
ideal_box_eigenpro_corrected,1305,0.02106350414108693
ideal_box_eigenpro_corrected,1306,0.02106350414108415
ideal_box_eigenpro_corrected,1307,0.021063504141082497
ideal_box_eigenpro_corrected,1308,0.021063504141080387
ideal_box_eigenpro_corrected,1309,0.021063504141079787
ideal_box_eigenpro_corrected,1310,0.021063504141076356
ideal_box_eigenpro_corrected,1311,0.02106350414107434
ideal_box_eigenpro_corrected,1312,0.021063504141072085
ideal_box_eigenpro_corrected,1313,0.021063504141070295
ideal_box_eigenpro_corrected,1314,0.02106350414106595
ideal_box_eigenpro_corrected,1315,0.021063504141064296
ideal_box_eigenpro_corrected,1316,0.02106350414106229
ideal_box_eigenpro_corrected,1317,0.02106350414106041
ideal_box_eigenpro_corrected,1318,0.0210635041410578
ideal_box_eigenpro_corrected,1319,0.021063504141053613
ideal_box_eigenpro_corrected,1320,0.02106350414105247
ideal_box_eigenpro_corrected,1321,0.021063504141050925
ideal_box_eigenpro_corrected,1322,0.021063504141048565
ideal_box_eigenpro_corrected,1323,0.02106350414104683
ideal_box_eigenpro_corrected,1324,0.021063504141045436
ideal_box_eigenpro_corrected,1325,0.021063504141040943
ideal_box_eigenpro_corrected,1326,0.02106350414104018
ideal_box_eigenpro_corrected,1327,0.02106350414103882
ideal_box_eigenpro_corrected,1328,0.021063504141034764
ideal_box_eigenpro_corrected,1329,0.02106350414103246
ideal_box_eigenpro_corrected,1330,0.021063504141031336
ideal_box_eigenpro_corrected,1331,0.021063504141028973
ideal_box_eigenpro_corrected,1332,0.021063504141028342
ideal_box_eigenpro_corrected,1333,0.021063504141025827
ideal_box_eigenpro_corrected,1334,0.021063504141022968
ideal_box_eigenpro_corrected,1335,0.021063504141022142
ideal_box_eigenpro_corrected,1336,0.021063504141019488
ideal_box_eigenpro_corrected,1337,0.021063504141017438
ideal_box_eigenpro_corrected,1338,0.02106350414101527
ideal_box_eigenpro_corrected,1339,0.021063504141013354
ideal_box_eigenpro_corrected,1340,0.021063504141012546
ideal_box_eigenpro_corrected,1341,0.021063504141010204
ideal_box_eigenpro_corrected,1342,0.021063504141007706
ideal_box_eigenpro_corrected,1343,0.021063504141006297
ideal_box_eigenpro_corrected,1344,0.021063504141005177
ideal_box_eigenpro_corrected,1345,0.02106350414100082
ideal_box_eigenpro_corrected,1346,0.021063504140999615
ideal_box_eigenpro_corrected,1347,0.021063504140996073
ideal_box_eigenpro_corrected,1348,0.021063504140994838
ideal_box_eigenpro_corrected,1349,0.021063504140993887
ideal_box_eigenpro_corrected,1350,0.02106350414099144
ideal_box_eigenpro_corrected,1351,0.021063504140989595
ideal_box_eigenpro_corrected,1352,0.02106350414098919
ideal_box_eigenpro_corrected,1353,0.021063504140988093
ideal_box_eigenpro_corrected,1354,0.021063504140983888
ideal_box_eigenpro_corrected,1355,0.02106350414098321
ideal_box_eigenpro_corrected,1356,0.021063504140979905
ideal_box_eigenpro_corrected,1357,0.02106350414097871
ideal_box_eigenpro_corrected,1358,0.02106350414097701
ideal_box_eigenpro_corrected,1359,0.02106350414097654
ideal_box_eigenpro_corrected,1360,0.02106350414097473
ideal_box_eigenpro_corrected,1361,0.021063504140971214
ideal_box_eigenpro_corrected,1362,0.02106350414096922
ideal_box_eigenpro_corrected,1363,0.02106350414096823
ideal_box_eigenpro_corrected,1364,0.021063504140965923
ideal_box_eigenpro_corrected,1365,0.02106350414096537
ideal_box_eigenpro_corrected,1366,0.02106350414096296
ideal_box_eigenpro_corrected,1367,0.021063504140961323
ideal_box_eigenpro_corrected,1368,0.021063504140960573
ideal_box_eigenpro_corrected,1369,0.0210635041409575
ideal_box_eigenpro_corrected,1370,0.021063504140955574
ideal_box_eigenpro_corrected,1371,0.021063504140954495
ideal_box_eigenpro_corrected,1372,0.021063504140951032
ideal_box_eigenpro_corrected,1373,0.021063504140950262
ideal_box_eigenpro_corrected,1374,0.021063504140948555
ideal_box_eigenpro_corrected,1375,0.021063504140947712
ideal_box_eigenpro_corrected,1376,0.021063504140944826
ideal_box_eigenpro_corrected,1377,0.0210635041409439
ideal_box_eigenpro_corrected,1378,0.021063504140942782
ideal_box_eigenpro_corrected,1379,0.021063504140940676
ideal_box_eigenpro_corrected,1380,0.021063504140939136
ideal_box_eigenpro_corrected,1381,0.021063504140936964
ideal_box_eigenpro_corrected,1382,0.02106350414093441
ideal_box_eigenpro_corrected,1383,0.021063504140933217
ideal_box_eigenpro_corrected,1384,0.021063504140931114
ideal_box_eigenpro_corrected,1385,0.021063504140930316
ideal_box_eigenpro_corrected,1386,0.021063504140926566
ideal_box_eigenpro_corrected,1387,0.021063504140925574
ideal_box_eigenpro_corrected,1388,0.021063504140923492
ideal_box_eigenpro_corrected,1389,0.021063504140920654
ideal_box_eigenpro_corrected,1390,0.02106350414091947
ideal_box_eigenpro_corrected,1391,0.021063504140918062
ideal_box_eigenpro_corrected,1392,0.021063504140917146
ideal_box_eigenpro_corrected,1393,0.021063504140916674
ideal_box_eigenpro_corrected,1394,0.02106350414091456
ideal_box_eigenpro_corrected,1395,0.021063504140913635
ideal_box_eigenpro_corrected,1396,0.021063504140912386
ideal_box_eigenpro_corrected,1397,0.021063504140910235
ideal_box_eigenpro_corrected,1398,0.02106350414090933
ideal_box_eigenpro_corrected,1399,0.021063504140908393
ideal_box_eigenpro_corrected,1400,0.021063504140905437
ideal_box_eigenpro_corrected,1401,0.02106350414090467
ideal_box_eigenpro_corrected,1402,0.021063504140902516
ideal_box_eigenpro_corrected,1403,0.0210635041409013
ideal_box_eigenpro_corrected,1404,0.021063504140900514
ideal_box_eigenpro_corrected,1405,0.021063504140898436
ideal_box_eigenpro_corrected,1406,0.021063504140897134
ideal_box_eigenpro_corrected,1407,0.021063504140895518
ideal_box_eigenpro_corrected,1408,0.021063504140893686
ideal_box_eigenpro_corrected,1409,0.02106350414089292
ideal_box_eigenpro_corrected,1410,0.021063504140890997
ideal_box_eigenpro_corrected,1411,0.021063504140890185
ideal_box_eigenpro_corrected,1412,0.021063504140888097
ideal_box_eigenpro_corrected,1413,0.021063504140886518
ideal_box_eigenpro_corrected,1414,0.02106350414088487
ideal_box_eigenpro_corrected,1415,0.021063504140883402
ideal_box_eigenpro_corrected,1416,0.0210635041408817
ideal_box_eigenpro_corrected,1417,0.021063504140880276
ideal_box_eigenpro_corrected,1418,0.021063504140879572
ideal_box_eigenpro_corrected,1419,0.02106350414087775
ideal_box_eigenpro_corrected,1420,0.021063504140877397
ideal_box_eigenpro_corrected,1421,0.02106350414087542
ideal_box_eigenpro_corrected,1422,0.021063504140873518
ideal_box_eigenpro_corrected,1423,0.02106350414087053
ideal_box_eigenpro_corrected,1424,0.02106350414086914
ideal_box_eigenpro_corrected,1425,0.021063504140868473
ideal_box_eigenpro_corrected,1426,0.021063504140867634
ideal_box_eigenpro_corrected,1427,0.021063504140865833
ideal_box_eigenpro_corrected,1428,0.021063504140863602
ideal_box_eigenpro_corrected,1429,0.021063504140862995
ideal_box_eigenpro_corrected,1430,0.021063504140861434
ideal_box_eigenpro_corrected,1431,0.021063504140859814
ideal_box_eigenpro_corrected,1432,0.021063504140858745
ideal_box_eigenpro_corrected,1433,0.021063504140856816
ideal_box_eigenpro_corrected,1434,0.021063504140855734
ideal_box_eigenpro_corrected,1435,0.021063504140854707
ideal_box_eigenpro_corrected,1436,0.021063504140852028
ideal_box_eigenpro_corrected,1437,0.02106350414085099
ideal_box_eigenpro_corrected,1438,0.021063504140850325
ideal_box_eigenpro_corrected,1439,0.02106350414084923
ideal_box_eigenpro_corrected,1440,0.021063504140847917
ideal_box_eigenpro_corrected,1441,0.02106350414084637
ideal_box_eigenpro_corrected,1442,0.02106350414084462
ideal_box_eigenpro_corrected,1443,0.02106350414084369
ideal_box_eigenpro_corrected,1444,0.02106350414084264
ideal_box_eigenpro_corrected,1445,0.021063504140841294
ideal_box_eigenpro_corrected,1446,0.021063504140839916
ideal_box_eigenpro_corrected,1447,0.02106350414083843
ideal_box_eigenpro_corrected,1448,0.02106350414083735
ideal_box_eigenpro_corrected,1449,0.021063504140836076
ideal_box_eigenpro_corrected,1450,0.02106350414083433
ideal_box_eigenpro_corrected,1451,0.021063504140833182
ideal_box_eigenpro_corrected,1452,0.021063504140832003
ideal_box_eigenpro_corrected,1453,0.021063504140830698
ideal_box_eigenpro_corrected,1454,0.02106350414082956
ideal_box_eigenpro_corrected,1455,0.021063504140828204
ideal_box_eigenpro_corrected,1456,0.02106350414082758
ideal_box_eigenpro_corrected,1457,0.021063504140826448
ideal_box_eigenpro_corrected,1458,0.02106350414082408
ideal_box_eigenpro_corrected,1459,0.021063504140823173
ideal_box_eigenpro_corrected,1460,0.021063504140821605
ideal_box_eigenpro_corrected,1461,0.021063504140820723
ideal_box_eigenpro_corrected,1462,0.021063504140819565
ideal_box_eigenpro_corrected,1463,0.021063504140818572
ideal_box_eigenpro_corrected,1464,0.02106350414081815
ideal_box_eigenpro_corrected,1465,0.02106350414081508
ideal_box_eigenpro_corrected,1466,0.02106350414081386
ideal_box_eigenpro_corrected,1467,0.021063504140812473
ideal_box_eigenpro_corrected,1468,0.02106350414081083
ideal_box_eigenpro_corrected,1469,0.021063504140809694
ideal_box_eigenpro_corrected,1470,0.021063504140809288
ideal_box_eigenpro_corrected,1471,0.02106350414080862
ideal_box_eigenpro_corrected,1472,0.021063504140807113
ideal_box_eigenpro_corrected,1473,0.021063504140805916
ideal_box_eigenpro_corrected,1474,0.021063504140805066
ideal_box_eigenpro_corrected,1475,0.021063504140803865
ideal_box_eigenpro_corrected,1476,0.021063504140802616
ideal_box_eigenpro_corrected,1477,0.021063504140800954
ideal_box_eigenpro_corrected,1478,0.021063504140799716
ideal_box_eigenpro_corrected,1479,0.02106350414079894
ideal_box_eigenpro_corrected,1480,0.021063504140796777
ideal_box_eigenpro_corrected,1481,0.021063504140795795
ideal_box_eigenpro_corrected,1482,0.021063504140794755
ideal_box_eigenpro_corrected,1483,0.02106350414079364
ideal_box_eigenpro_corrected,1484,0.021063504140793117
ideal_box_eigenpro_corrected,1485,0.021063504140791164
ideal_box_eigenpro_corrected,1486,0.021063504140789852
ideal_box_eigenpro_corrected,1487,0.02106350414078896
ideal_box_eigenpro_corrected,1488,0.02106350414078816
ideal_box_eigenpro_corrected,1489,0.02106350414078698
ideal_box_eigenpro_corrected,1490,0.021063504140786032
ideal_box_eigenpro_corrected,1491,0.021063504140784468
ideal_box_eigenpro_corrected,1492,0.021063504140783597
ideal_box_eigenpro_corrected,1493,0.021063504140781977
ideal_box_eigenpro_corrected,1494,0.02106350414078156
ideal_box_eigenpro_corrected,1495,0.021063504140778982
ideal_box_eigenpro_corrected,1496,0.021063504140777935
ideal_box_eigenpro_corrected,1497,0.021063504140777095
ideal_box_eigenpro_corrected,1498,0.021063504140775666
ideal_box_eigenpro_corrected,1499,0.021063504140775006
ideal_box_eigenpro_corrected,1500,0.021063504140773955
ideal_box_eigenpro_corrected,1501,0.021063504140773345
ideal_box_eigenpro_corrected,1502,0.021063504140772217
ideal_box_eigenpro_corrected,1503,0.021063504140770475
ideal_box_eigenpro_corrected,1504,0.02106350414076954
ideal_box_eigenpro_corrected,1505,0.021063504140768723
ideal_box_eigenpro_corrected,1506,0.021063504140767107
ideal_box_eigenpro_corrected,1507,0.021063504140766444
ideal_box_eigenpro_corrected,1508,0.02106350414076536
ideal_box_eigenpro_corrected,1509,0.021063504140763703
ideal_box_eigenpro_corrected,1510,0.021063504140762895
ideal_box_eigenpro_corrected,1511,0.0210635041407618
ideal_box_eigenpro_corrected,1512,0.02106350414076121
ideal_box_eigenpro_corrected,1513,0.021063504140760185
ideal_box_eigenpro_corrected,1514,0.021063504140759463
ideal_box_eigenpro_corrected,1515,0.021063504140757725
ideal_box_eigenpro_corrected,1516,0.021063504140756514
ideal_box_eigenpro_corrected,1517,0.021063504140756247
ideal_box_eigenpro_corrected,1518,0.021063504140755005
ideal_box_eigenpro_corrected,1519,0.021063504140753933
ideal_box_eigenpro_corrected,1520,0.021063504140753062
ideal_box_eigenpro_corrected,1521,0.02106350414075093
ideal_box_eigenpro_corrected,1522,0.021063504140749718
ideal_box_eigenpro_corrected,1523,0.0210635041407486
ideal_box_eigenpro_corrected,1524,0.02106350414074807
ideal_box_eigenpro_corrected,1525,0.021063504140747258
ideal_box_eigenpro_corrected,1526,0.021063504140746047
ideal_box_eigenpro_corrected,1527,0.021063504140745353
ideal_box_eigenpro_corrected,1528,0.02106350414074333
ideal_box_eigenpro_corrected,1529,0.02106350414074288
ideal_box_eigenpro_corrected,1530,0.021063504140742338
ideal_box_eigenpro_corrected,1531,0.021063504140741415
ideal_box_eigenpro_corrected,1532,0.021063504140740544
ideal_box_eigenpro_corrected,1533,0.021063504140739025
ideal_box_eigenpro_corrected,1534,0.021063504140738334
ideal_box_eigenpro_corrected,1535,0.021063504140736405
ideal_box_eigenpro_corrected,1536,0.02106350414073576
ideal_box_eigenpro_corrected,1537,0.021063504140734508
ideal_box_eigenpro_corrected,1538,0.021063504140733765
ideal_box_eigenpro_corrected,1539,0.02106350414073306
ideal_box_eigenpro_corrected,1540,0.02106350414073181
ideal_box_eigenpro_corrected,1541,0.021063504140730757
ideal_box_eigenpro_corrected,1542,0.02106350414072999
ideal_box_eigenpro_corrected,1543,0.021063504140728554
ideal_box_eigenpro_corrected,1544,0.021063504140727562
ideal_box_eigenpro_corrected,1545,0.021063504140726684
ideal_box_eigenpro_corrected,1546,0.021063504140725737
ideal_box_eigenpro_corrected,1547,0.02106350414072472
ideal_box_eigenpro_corrected,1548,0.02106350414072426
ideal_box_eigenpro_corrected,1549,0.02106350414072358
ideal_box_eigenpro_corrected,1550,0.021063504140722406
ideal_box_eigenpro_corrected,1551,0.02106350414072169
ideal_box_eigenpro_corrected,1552,0.02106350414072042
ideal_box_eigenpro_corrected,1553,0.021063504140719183
ideal_box_eigenpro_corrected,1554,0.021063504140718316
ideal_box_eigenpro_corrected,1555,0.02106350414071782
ideal_box_eigenpro_corrected,1556,0.02106350414071585
ideal_box_eigenpro_corrected,1557,0.02106350414071551
ideal_box_eigenpro_corrected,1558,0.02106350414071432
ideal_box_eigenpro_corrected,1559,0.02106350414071392
ideal_box_eigenpro_corrected,1560,0.021063504140713375
ideal_box_eigenpro_corrected,1561,0.02106350414071264
ideal_box_eigenpro_corrected,1562,0.021063504140711228
ideal_box_eigenpro_corrected,1563,0.021063504140709653
ideal_box_eigenpro_corrected,1564,0.0210635041407086
ideal_box_eigenpro_corrected,1565,0.021063504140707786
ideal_box_eigenpro_corrected,1566,0.021063504140706603
ideal_box_eigenpro_corrected,1567,0.021063504140706117
ideal_box_eigenpro_corrected,1568,0.021063504140705288
ideal_box_eigenpro_corrected,1569,0.0210635041407042
ideal_box_eigenpro_corrected,1570,0.021063504140703366
ideal_box_eigenpro_corrected,1571,0.021063504140702113
ideal_box_eigenpro_corrected,1572,0.02106350414070144
ideal_box_eigenpro_corrected,1573,0.021063504140700146
ideal_box_eigenpro_corrected,1574,0.02106350414069974
ideal_box_eigenpro_corrected,1575,0.021063504140698866
ideal_box_eigenpro_corrected,1576,0.02106350414069834
ideal_box_eigenpro_corrected,1577,0.02106350414069717
ideal_box_eigenpro_corrected,1578,0.021063504140695546
ideal_box_eigenpro_corrected,1579,0.021063504140695036
ideal_box_eigenpro_corrected,1580,0.02106350414069457
ideal_box_eigenpro_corrected,1581,0.02106350414069412
ideal_box_eigenpro_corrected,1582,0.0210635041406927
ideal_box_eigenpro_corrected,1583,0.021063504140691476
ideal_box_eigenpro_corrected,1584,0.021063504140691115
ideal_box_eigenpro_corrected,1585,0.02106350414068975
ideal_box_eigenpro_corrected,1586,0.021063504140689037
ideal_box_eigenpro_corrected,1587,0.02106350414068855
ideal_box_eigenpro_corrected,1588,0.021063504140686928
ideal_box_eigenpro_corrected,1589,0.021063504140686265
ideal_box_eigenpro_corrected,1590,0.021063504140684253
ideal_box_eigenpro_corrected,1591,0.021063504140683715
ideal_box_eigenpro_corrected,1592,0.021063504140683073
ideal_box_eigenpro_corrected,1593,0.02106350414068207
ideal_box_eigenpro_corrected,1594,0.021063504140681193
ideal_box_eigenpro_corrected,1595,0.021063504140680638
ideal_box_eigenpro_corrected,1596,0.02106350414067996
ideal_box_eigenpro_corrected,1597,0.021063504140678948
ideal_box_eigenpro_corrected,1598,0.02106350414067767
ideal_box_eigenpro_corrected,1599,0.021063504140677328
ideal_box_eigenpro_corrected,1600,0.021063504140676616
ideal_box_eigenpro_corrected,1601,0.02106350414067578
ideal_box_eigenpro_corrected,1602,0.021063504140675197
ideal_box_eigenpro_corrected,1603,0.02106350414067392
ideal_box_eigenpro_corrected,1604,0.02106350414067323
ideal_box_eigenpro_corrected,1605,0.021063504140672127
ideal_box_eigenpro_corrected,1606,0.021063504140671534
ideal_box_eigenpro_corrected,1607,0.02106350414067019
ideal_box_eigenpro_corrected,1608,0.021063504140669733
ideal_box_eigenpro_corrected,1609,0.0210635041406688
ideal_box_eigenpro_corrected,1610,0.02106350414066748
ideal_box_eigenpro_corrected,1611,0.021063504140667134
ideal_box_eigenpro_corrected,1612,0.02106350414066666
ideal_box_eigenpro_corrected,1613,0.02106350414066558
ideal_box_eigenpro_corrected,1614,0.021063504140663884
ideal_box_eigenpro_corrected,1615,0.02106350414066364
ideal_box_eigenpro_corrected,1616,0.02106350414066246
ideal_box_eigenpro_corrected,1617,0.02106350414066215
ideal_box_eigenpro_corrected,1618,0.021063504140661205
ideal_box_eigenpro_corrected,1619,0.021063504140660456
ideal_box_eigenpro_corrected,1620,0.021063504140659654
ideal_box_eigenpro_corrected,1621,0.021063504140658797
ideal_box_eigenpro_corrected,1622,0.021063504140658555
ideal_box_eigenpro_corrected,1623,0.021063504140656816
ideal_box_eigenpro_corrected,1624,0.021063504140656296
ideal_box_eigenpro_corrected,1625,0.021063504140655314
ideal_box_eigenpro_corrected,1626,0.021063504140654568
ideal_box_eigenpro_corrected,1627,0.02106350414065347
ideal_box_eigenpro_corrected,1628,0.02106350414065265
ideal_box_eigenpro_corrected,1629,0.021063504140651286
ideal_box_eigenpro_corrected,1630,0.02106350414065106
ideal_box_eigenpro_corrected,1631,0.02106350414065055
ideal_box_eigenpro_corrected,1632,0.021063504140649964
ideal_box_eigenpro_corrected,1633,0.021063504140649347
ideal_box_eigenpro_corrected,1634,0.021063504140648583
ideal_box_eigenpro_corrected,1635,0.021063504140647872
ideal_box_eigenpro_corrected,1636,0.02106350414064611
ideal_box_eigenpro_corrected,1637,0.021063504140645565
ideal_box_eigenpro_corrected,1638,0.021063504140644042
ideal_box_eigenpro_corrected,1639,0.02106350414064344
ideal_box_eigenpro_corrected,1640,0.02106350414064239
ideal_box_eigenpro_corrected,1641,0.021063504140641964
ideal_box_eigenpro_corrected,1642,0.021063504140640982
ideal_box_eigenpro_corrected,1643,0.021063504140640333
ideal_box_eigenpro_corrected,1644,0.02106350414063998
ideal_box_eigenpro_corrected,1645,0.02106350414063933
ideal_box_eigenpro_corrected,1646,0.02106350414063847
ideal_box_eigenpro_corrected,1647,0.021063504140637932
ideal_box_eigenpro_corrected,1648,0.021063504140636905
ideal_box_eigenpro_corrected,1649,0.021063504140635382
ideal_box_eigenpro_corrected,1650,0.02106350414063468
ideal_box_eigenpro_corrected,1651,0.021063504140634227
ideal_box_eigenpro_corrected,1652,0.021063504140633352
ideal_box_eigenpro_corrected,1653,0.021063504140632752
ideal_box_eigenpro_corrected,1654,0.021063504140631534
ideal_box_eigenpro_corrected,1655,0.021063504140630292
ideal_box_eigenpro_corrected,1656,0.021063504140629706
ideal_box_eigenpro_corrected,1657,0.021063504140628735
ideal_box_eigenpro_corrected,1658,0.021063504140628037
ideal_box_eigenpro_corrected,1659,0.02106350414062752
ideal_box_eigenpro_corrected,1660,0.021063504140627205
ideal_box_eigenpro_corrected,1661,0.02106350414062596
ideal_box_eigenpro_corrected,1662,0.02106350414062444
ideal_box_eigenpro_corrected,1663,0.021063504140623537
ideal_box_eigenpro_corrected,1664,0.021063504140622708
ideal_box_eigenpro_corrected,1665,0.021063504140621622
ideal_box_eigenpro_corrected,1666,0.021063504140621317
ideal_box_eigenpro_corrected,1667,0.021063504140620064
ideal_box_eigenpro_corrected,1668,0.021063504140619357
ideal_box_eigenpro_corrected,1669,0.021063504140618843
ideal_box_eigenpro_corrected,1670,0.021063504140618125
ideal_box_eigenpro_corrected,1671,0.02106350414061731
ideal_box_eigenpro_corrected,1672,0.021063504140616647
ideal_box_eigenpro_corrected,1673,0.02106350414061563
ideal_box_eigenpro_corrected,1674,0.021063504140614638
ideal_box_eigenpro_corrected,1675,0.02106350414061414
ideal_box_eigenpro_corrected,1676,0.021063504140613414
ideal_box_eigenpro_corrected,1677,0.021063504140612477
ideal_box_eigenpro_corrected,1678,0.02106350414061187
ideal_box_eigenpro_corrected,1679,0.021063504140610458
ideal_box_eigenpro_corrected,1680,0.02106350414060989
ideal_box_eigenpro_corrected,1681,0.021063504140609084
ideal_box_eigenpro_corrected,1682,0.02106350414060816
ideal_box_eigenpro_corrected,1683,0.021063504140607283
ideal_box_eigenpro_corrected,1684,0.021063504140606232
ideal_box_eigenpro_corrected,1685,0.021063504140605673
ideal_box_eigenpro_corrected,1686,0.021063504140604806
ideal_box_eigenpro_corrected,1687,0.021063504140603654
ideal_box_eigenpro_corrected,1688,0.021063504140602863
ideal_box_eigenpro_corrected,1689,0.02106350414060186
ideal_box_eigenpro_corrected,1690,0.02106350414060094
ideal_box_eigenpro_corrected,1691,0.021063504140600382
ideal_box_eigenpro_corrected,1692,0.021063504140599355
ideal_box_eigenpro_corrected,1693,0.021063504140598686
ideal_box_eigenpro_corrected,1694,0.02106350414059797
ideal_box_eigenpro_corrected,1695,0.021063504140597076
ideal_box_eigenpro_corrected,1696,0.021063504140596465
ideal_box_eigenpro_corrected,1697,0.021063504140596056
ideal_box_eigenpro_corrected,1698,0.021063504140595275
ideal_box_eigenpro_corrected,1699,0.021063504140594182
ideal_box_eigenpro_corrected,1700,0.021063504140593957
ideal_box_eigenpro_corrected,1701,0.021063504140593516
ideal_box_eigenpro_corrected,1702,0.02106350414059156
ideal_box_eigenpro_corrected,1703,0.021063504140590713
ideal_box_eigenpro_corrected,1704,0.021063504140590203
ideal_box_eigenpro_corrected,1705,0.02106350414058917
ideal_box_eigenpro_corrected,1706,0.021063504140588607
ideal_box_eigenpro_corrected,1707,0.02106350414058731
ideal_box_eigenpro_corrected,1708,0.02106350414058695
ideal_box_eigenpro_corrected,1709,0.02106350414058597
ideal_box_eigenpro_corrected,1710,0.02106350414058542
ideal_box_eigenpro_corrected,1711,0.021063504140584655
ideal_box_eigenpro_corrected,1712,0.021063504140584083
ideal_box_eigenpro_corrected,1713,0.02106350414058345
ideal_box_eigenpro_corrected,1714,0.021063504140581748
ideal_box_eigenpro_corrected,1715,0.02106350414058069
ideal_box_eigenpro_corrected,1716,0.02106350414058029
ideal_box_eigenpro_corrected,1717,0.02106350414057936
ideal_box_eigenpro_corrected,1718,0.021063504140578036
ideal_box_eigenpro_corrected,1719,0.02106350414057697
ideal_box_eigenpro_corrected,1720,0.02106350414057634
ideal_box_eigenpro_corrected,1721,0.02106350414057598
ideal_box_eigenpro_corrected,1722,0.02106350414057497
ideal_box_eigenpro_corrected,1723,0.021063504140574413
ideal_box_eigenpro_corrected,1724,0.021063504140573196
ideal_box_eigenpro_corrected,1725,0.021063504140571874
ideal_box_eigenpro_corrected,1726,0.021063504140571038
ideal_box_eigenpro_corrected,1727,0.02106350414057046
ideal_box_eigenpro_corrected,1728,0.02106350414057008
ideal_box_eigenpro_corrected,1729,0.021063504140568765
ideal_box_eigenpro_corrected,1730,0.021063504140568227
ideal_box_eigenpro_corrected,1731,0.021063504140567617
ideal_box_eigenpro_corrected,1732,0.021063504140566854
ideal_box_eigenpro_corrected,1733,0.021063504140565778
ideal_box_eigenpro_corrected,1734,0.021063504140565334
ideal_box_eigenpro_corrected,1735,0.021063504140564238
ideal_box_eigenpro_corrected,1736,0.02106350414056277
ideal_box_eigenpro_corrected,1737,0.021063504140562232
ideal_box_eigenpro_corrected,1738,0.021063504140561948
ideal_box_eigenpro_corrected,1739,0.021063504140560487
ideal_box_eigenpro_corrected,1740,0.021063504140558683
ideal_box_eigenpro_corrected,1741,0.02106350414055845
ideal_box_eigenpro_corrected,1742,0.02106350414055779
ideal_box_eigenpro_corrected,1743,0.02106350414055675
ideal_box_eigenpro_corrected,1744,0.02106350414055606
ideal_box_eigenpro_corrected,1745,0.021063504140555373
ideal_box_eigenpro_corrected,1746,0.021063504140554027
ideal_box_eigenpro_corrected,1747,0.021063504140553583
ideal_box_eigenpro_corrected,1748,0.021063504140552487
ideal_box_eigenpro_corrected,1749,0.021063504140551473
ideal_box_eigenpro_corrected,1750,0.02106350414055062
ideal_box_eigenpro_corrected,1751,0.021063504140549794
ideal_box_eigenpro_corrected,1752,0.021063504140548642
ideal_box_eigenpro_corrected,1753,0.021063504140548094
ideal_box_eigenpro_corrected,1754,0.021063504140547026
ideal_box_eigenpro_corrected,1755,0.02106350414054643
ideal_box_eigenpro_corrected,1756,0.02106350414054582
ideal_box_eigenpro_corrected,1757,0.02106350414054509
ideal_box_eigenpro_corrected,1758,0.021063504140544594
ideal_box_eigenpro_corrected,1759,0.021063504140543313
ideal_box_eigenpro_corrected,1760,0.02106350414054258
ideal_box_eigenpro_corrected,1761,0.02106350414054206
ideal_box_eigenpro_corrected,1762,0.021063504140540815
ideal_box_eigenpro_corrected,1763,0.0210635041405401
ideal_box_eigenpro_corrected,1764,0.021063504140538637
ideal_box_eigenpro_corrected,1765,0.021063504140538033
ideal_box_eigenpro_corrected,1766,0.021063504140537374
ideal_box_eigenpro_corrected,1767,0.021063504140535847
ideal_box_eigenpro_corrected,1768,0.021063504140535247
ideal_box_eigenpro_corrected,1769,0.021063504140534588
ideal_box_eigenpro_corrected,1770,0.021063504140533703
ideal_box_eigenpro_corrected,1771,0.02106350414053254
ideal_box_eigenpro_corrected,1772,0.021063504140531958
ideal_box_eigenpro_corrected,1773,0.021063504140530563
ideal_box_eigenpro_corrected,1774,0.021063504140529918
ideal_box_eigenpro_corrected,1775,0.021063504140528724
ideal_box_eigenpro_corrected,1776,0.02106350414052772
ideal_box_eigenpro_corrected,1777,0.021063504140527253
ideal_box_eigenpro_corrected,1778,0.021063504140526046
ideal_box_eigenpro_corrected,1779,0.02106350414052553
ideal_box_eigenpro_corrected,1780,0.0210635041405244
ideal_box_eigenpro_corrected,1781,0.02106350414052288
ideal_box_eigenpro_corrected,1782,0.021063504140522014
ideal_box_eigenpro_corrected,1783,0.02106350414052109
ideal_box_eigenpro_corrected,1784,0.02106350414052031
ideal_box_eigenpro_corrected,1785,0.021063504140519145
ideal_box_eigenpro_corrected,1786,0.021063504140518784
ideal_box_eigenpro_corrected,1787,0.02106350414051793
ideal_box_eigenpro_corrected,1788,0.021063504140516227
ideal_box_eigenpro_corrected,1789,0.02106350414051545
ideal_box_eigenpro_corrected,1790,0.021063504140514576
ideal_box_eigenpro_corrected,1791,0.0210635041405136
ideal_box_eigenpro_corrected,1792,0.02106350414051264
ideal_box_eigenpro_corrected,1793,0.021063504140511217
ideal_box_eigenpro_corrected,1794,0.0210635041405103
ideal_box_eigenpro_corrected,1795,0.021063504140509164
ideal_box_eigenpro_corrected,1796,0.02106350414050795
ideal_box_eigenpro_corrected,1797,0.02106350414050657
ideal_box_eigenpro_corrected,1798,0.02106350414050643
ideal_box_eigenpro_corrected,1799,0.02106350414050472
ideal_box_eigenpro_corrected,1800,0.021063504140504306
ideal_box_eigenpro_corrected,1801,0.02106350414050324
ideal_box_eigenpro_corrected,1802,0.021063504140502134
ideal_box_eigenpro_corrected,1803,0.0210635041405011
ideal_box_eigenpro_corrected,1804,0.021063504140499782
ideal_box_eigenpro_corrected,1805,0.021063504140499262
ideal_box_eigenpro_corrected,1806,0.021063504140498155
ideal_box_eigenpro_corrected,1807,0.021063504140496472
ideal_box_eigenpro_corrected,1808,0.021063504140495962
ideal_box_eigenpro_corrected,1809,0.021063504140494918
ideal_box_eigenpro_corrected,1810,0.021063504140493683
ideal_box_eigenpro_corrected,1811,0.021063504140492836
ideal_box_eigenpro_corrected,1812,0.021063504140492115
ideal_box_eigenpro_corrected,1813,0.021063504140491112
ideal_box_eigenpro_corrected,1814,0.02106350414049053
ideal_box_eigenpro_corrected,1815,0.021063504140488867
ideal_box_eigenpro_corrected,1816,0.021063504140488454
ideal_box_eigenpro_corrected,1817,0.021063504140488024
ideal_box_eigenpro_corrected,1818,0.021063504140485988
ideal_box_eigenpro_corrected,1819,0.02106350414048526
ideal_box_eigenpro_corrected,1820,0.021063504140483635
ideal_box_eigenpro_corrected,1821,0.02106350414048314
ideal_box_eigenpro_corrected,1822,0.021063504140482657
ideal_box_eigenpro_corrected,1823,0.021063504140481373
ideal_box_eigenpro_corrected,1824,0.021063504140480083
ideal_box_eigenpro_corrected,1825,0.02106350414047889
ideal_box_eigenpro_corrected,1826,0.021063504140478074
ideal_box_eigenpro_corrected,1827,0.021063504140477318
ideal_box_eigenpro_corrected,1828,0.02106350414047548
ideal_box_eigenpro_corrected,1829,0.021063504140473747
ideal_box_eigenpro_corrected,1830,0.021063504140473206
ideal_box_eigenpro_corrected,1831,0.02106350414047258
ideal_box_eigenpro_corrected,1832,0.021063504140471524
ideal_box_eigenpro_corrected,1833,0.021063504140469317
ideal_box_eigenpro_corrected,1834,0.021063504140467905
ideal_box_eigenpro_corrected,1835,0.02106350414046714
ideal_box_eigenpro_corrected,1836,0.02106350414046616
ideal_box_eigenpro_corrected,1837,0.02106350414046498
ideal_box_eigenpro_corrected,1838,0.02106350414046369
ideal_box_eigenpro_corrected,1839,0.02106350414046244
ideal_box_eigenpro_corrected,1840,0.021063504140462076
ideal_box_eigenpro_corrected,1841,0.021063504140460886
ideal_box_eigenpro_corrected,1842,0.02106350414045857
ideal_box_eigenpro_corrected,1843,0.021063504140457462
ideal_box_eigenpro_corrected,1844,0.021063504140456983
ideal_box_eigenpro_corrected,1845,0.021063504140455925
ideal_box_eigenpro_corrected,1846,0.0210635041404551
ideal_box_eigenpro_corrected,1847,0.02106350414045373
ideal_box_eigenpro_corrected,1848,0.021063504140453382
ideal_box_eigenpro_corrected,1849,0.021063504140451286
ideal_box_eigenpro_corrected,1850,0.02106350414045056
ideal_box_eigenpro_corrected,1851,0.02106350414044888
ideal_box_eigenpro_corrected,1852,0.021063504140448348
ideal_box_eigenpro_corrected,1853,0.02106350414044761
ideal_box_eigenpro_corrected,1854,0.021063504140446655
ideal_box_eigenpro_corrected,1855,0.021063504140444986
ideal_box_eigenpro_corrected,1856,0.021063504140443987
ideal_box_eigenpro_corrected,1857,0.02106350414044284
ideal_box_eigenpro_corrected,1858,0.021063504140440916
ideal_box_eigenpro_corrected,1859,0.021063504140440097
ideal_box_eigenpro_corrected,1860,0.021063504140438564
ideal_box_eigenpro_corrected,1861,0.021063504140436964
ideal_box_eigenpro_corrected,1862,0.02106350414043616
ideal_box_eigenpro_corrected,1863,0.021063504140435202
ideal_box_eigenpro_corrected,1864,0.021063504140433783
ideal_box_eigenpro_corrected,1865,0.021063504140433176
ideal_box_eigenpro_corrected,1866,0.02106350414043261
ideal_box_eigenpro_corrected,1867,0.0210635041404316
ideal_box_eigenpro_corrected,1868,0.021063504140430594
ideal_box_eigenpro_corrected,1869,0.021063504140429127
ideal_box_eigenpro_corrected,1870,0.021063504140428055
ideal_box_eigenpro_corrected,1871,0.021063504140425984
ideal_box_eigenpro_corrected,1872,0.0210635041404245
ideal_box_eigenpro_corrected,1873,0.0210635041404235
ideal_box_eigenpro_corrected,1874,0.021063504140422726
ideal_box_eigenpro_corrected,1875,0.02106350414042142
ideal_box_eigenpro_corrected,1876,0.021063504140420644
ideal_box_eigenpro_corrected,1877,0.021063504140417473
ideal_box_eigenpro_corrected,1878,0.021063504140416967
ideal_box_eigenpro_corrected,1879,0.021063504140415037
ideal_box_eigenpro_corrected,1880,0.021063504140413882
ideal_box_eigenpro_corrected,1881,0.02106350414041336
ideal_box_eigenpro_corrected,1882,0.02106350414041017
ideal_box_eigenpro_corrected,1883,0.021063504140409556
ideal_box_eigenpro_corrected,1884,0.021063504140408074
ideal_box_eigenpro_corrected,1885,0.021063504140405878
ideal_box_eigenpro_corrected,1886,0.02106350414040567
ideal_box_eigenpro_corrected,1887,0.021063504140403224
ideal_box_eigenpro_corrected,1888,0.02106350414040202
ideal_box_eigenpro_corrected,1889,0.021063504140401337
ideal_box_eigenpro_corrected,1890,0.021063504140399474
ideal_box_eigenpro_corrected,1891,0.021063504140398558
ideal_box_eigenpro_corrected,1892,0.021063504140396823
ideal_box_eigenpro_corrected,1893,0.021063504140396073
ideal_box_eigenpro_corrected,1894,0.021063504140394207
ideal_box_eigenpro_corrected,1895,0.02106350414039361
ideal_box_eigenpro_corrected,1896,0.02106350414039203
ideal_box_eigenpro_corrected,1897,0.021063504140390574
ideal_box_eigenpro_corrected,1898,0.021063504140388933
ideal_box_eigenpro_corrected,1899,0.02106350414038803
ideal_box_eigenpro_corrected,1900,0.021063504140386196
ideal_box_eigenpro_corrected,1901,0.021063504140385807
ideal_box_eigenpro_corrected,1902,0.021063504140384378
ideal_box_eigenpro_corrected,1903,0.02106350414038414
ideal_box_eigenpro_corrected,1904,0.02106350414038143
ideal_box_eigenpro_corrected,1905,0.021063504140380204
ideal_box_eigenpro_corrected,1906,0.021063504140378518
ideal_box_eigenpro_corrected,1907,0.021063504140376853
ideal_box_eigenpro_corrected,1908,0.021063504140376103
ideal_box_eigenpro_corrected,1909,0.02106350414037454
ideal_box_eigenpro_corrected,1910,0.021063504140373217
ideal_box_eigenpro_corrected,1911,0.021063504140371083
ideal_box_eigenpro_corrected,1912,0.021063504140370636
ideal_box_eigenpro_corrected,1913,0.02106350414036875
ideal_box_eigenpro_corrected,1914,0.0210635041403676
ideal_box_eigenpro_corrected,1915,0.021063504140366493
ideal_box_eigenpro_corrected,1916,0.021063504140364522
ideal_box_eigenpro_corrected,1917,0.021063504140362958
ideal_box_eigenpro_corrected,1918,0.021063504140360644
ideal_box_eigenpro_corrected,1919,0.021063504140359627
ideal_box_eigenpro_corrected,1920,0.021063504140358454
ideal_box_eigenpro_corrected,1921,0.021063504140356137
ideal_box_eigenpro_corrected,1922,0.02106350414035494
ideal_box_eigenpro_corrected,1923,0.02106350414035411
ideal_box_eigenpro_corrected,1924,0.021063504140352556
ideal_box_eigenpro_corrected,1925,0.02106350414035014
ideal_box_eigenpro_corrected,1926,0.02106350414034894
ideal_box_eigenpro_corrected,1927,0.02106350414034768
ideal_box_eigenpro_corrected,1928,0.021063504140346825
ideal_box_eigenpro_corrected,1929,0.021063504140345066
ideal_box_eigenpro_corrected,1930,0.021063504140343435
ideal_box_eigenpro_corrected,1931,0.021063504140340746
ideal_box_eigenpro_corrected,1932,0.021063504140338665
ideal_box_eigenpro_corrected,1933,0.021063504140337155
ideal_box_eigenpro_corrected,1934,0.021063504140336694
ideal_box_eigenpro_corrected,1935,0.02106350414033539
ideal_box_eigenpro_corrected,1936,0.021063504140333224
ideal_box_eigenpro_corrected,1937,0.0210635041403317
ideal_box_eigenpro_corrected,1938,0.021063504140330865
ideal_box_eigenpro_corrected,1939,0.021063504140328523
ideal_box_eigenpro_corrected,1940,0.0210635041403272
ideal_box_eigenpro_corrected,1941,0.021063504140326206
ideal_box_eigenpro_corrected,1942,0.021063504140324693
ideal_box_eigenpro_corrected,1943,0.02106350414032211
ideal_box_eigenpro_corrected,1944,0.02106350414032108
ideal_box_eigenpro_corrected,1945,0.021063504140319666
ideal_box_eigenpro_corrected,1946,0.021063504140317404
ideal_box_eigenpro_corrected,1947,0.02106350414031618
ideal_box_eigenpro_corrected,1948,0.0210635041403151
ideal_box_eigenpro_corrected,1949,0.02106350414031358
ideal_box_eigenpro_corrected,1950,0.021063504140312248
ideal_box_eigenpro_corrected,1951,0.021063504140310087
ideal_box_eigenpro_corrected,1952,0.02106350414030814
ideal_box_eigenpro_corrected,1953,0.021063504140307165
ideal_box_eigenpro_corrected,1954,0.021063504140304133
ideal_box_eigenpro_corrected,1955,0.021063504140301798
ideal_box_eigenpro_corrected,1956,0.021063504140300688
ideal_box_eigenpro_corrected,1957,0.021063504140299213
ideal_box_eigenpro_corrected,1958,0.021063504140297517
ideal_box_eigenpro_corrected,1959,0.021063504140295345
ideal_box_eigenpro_corrected,1960,0.02106350414029267
ideal_box_eigenpro_corrected,1961,0.021063504140290817
ideal_box_eigenpro_corrected,1962,0.021063504140288982
ideal_box_eigenpro_corrected,1963,0.021063504140286776
ideal_box_eigenpro_corrected,1964,0.02106350414028486
ideal_box_eigenpro_corrected,1965,0.02106350414028287
ideal_box_eigenpro_corrected,1966,0.02106350414028244
ideal_box_eigenpro_corrected,1967,0.021063504140280378
ideal_box_eigenpro_corrected,1968,0.021063504140279576
ideal_box_eigenpro_corrected,1969,0.021063504140276818
ideal_box_eigenpro_corrected,1970,0.021063504140275077
ideal_box_eigenpro_corrected,1971,0.021063504140272363
ideal_box_eigenpro_corrected,1972,0.02106350414027108
ideal_box_eigenpro_corrected,1973,0.021063504140269848
ideal_box_eigenpro_corrected,1974,0.021063504140266368
ideal_box_eigenpro_corrected,1975,0.021063504140264852
ideal_box_eigenpro_corrected,1976,0.02106350414026343
ideal_box_eigenpro_corrected,1977,0.021063504140261008
ideal_box_eigenpro_corrected,1978,0.02106350414025877
ideal_box_eigenpro_corrected,1979,0.021063504140258597
ideal_box_eigenpro_corrected,1980,0.021063504140256505
ideal_box_eigenpro_corrected,1981,0.021063504140254354
ideal_box_eigenpro_corrected,1982,0.021063504140249437
ideal_box_eigenpro_corrected,1983,0.0210635041402485
ideal_box_eigenpro_corrected,1984,0.021063504140247807
ideal_box_eigenpro_corrected,1985,0.021063504140245486
ideal_box_eigenpro_corrected,1986,0.02106350414024458
ideal_box_eigenpro_corrected,1987,0.0210635041402405
ideal_box_eigenpro_corrected,1988,0.021063504140239202
ideal_box_eigenpro_corrected,1989,0.021063504140237284
ideal_box_eigenpro_corrected,1990,0.021063504140235164
ideal_box_eigenpro_corrected,1991,0.021063504140233197
ideal_box_eigenpro_corrected,1992,0.02106350414023171
ideal_box_eigenpro_corrected,1993,0.02106350414022995
ideal_box_eigenpro_corrected,1994,0.02106350414022667
ideal_box_eigenpro_corrected,1995,0.021063504140225217
ideal_box_eigenpro_corrected,1996,0.021063504140223368
ideal_box_eigenpro_corrected,1997,0.021063504140221435
ideal_box_eigenpro_corrected,1998,0.021063504140218493
ideal_box_eigenpro_corrected,1999,0.02106350414021653
ideal_box_eigenpro_corrected,2000,0.021063504140215614
ideal_box_eigenpro_corrected,2001,0.02106350414021247
ideal_box_eigenpro_corrected,2002,0.021063504140209917
ideal_box_eigenpro_corrected,2003,0.021063504140207145
ideal_box_eigenpro_corrected,2004,0.02106350414020526
ideal_box_eigenpro_corrected,2005,0.021063504140203648
ideal_box_eigenpro_corrected,2006,0.021063504140201618
ideal_box_eigenpro_corrected,2007,0.021063504140199637
ideal_box_eigenpro_corrected,2008,0.02106350414019841
ideal_box_eigenpro_corrected,2009,0.02106350414019519
ideal_box_eigenpro_corrected,2010,0.021063504140193597
ideal_box_eigenpro_corrected,2011,0.02106350414019119
ideal_box_eigenpro_corrected,2012,0.021063504140188715
ideal_box_eigenpro_corrected,2013,0.021063504140187064
ideal_box_eigenpro_corrected,2014,0.021063504140184406
ideal_box_eigenpro_corrected,2015,0.021063504140182085
ideal_box_eigenpro_corrected,2016,0.021063504140179656
ideal_box_eigenpro_corrected,2017,0.021063504140177505
ideal_box_eigenpro_corrected,2018,0.021063504140173956
ideal_box_eigenpro_corrected,2019,0.02106350414017275
ideal_box_eigenpro_corrected,2020,0.021063504140169914
ideal_box_eigenpro_corrected,2021,0.021063504140168728
ideal_box_eigenpro_corrected,2022,0.021063504140167916
ideal_box_eigenpro_corrected,2023,0.02106350414016439
ideal_box_eigenpro_corrected,2024,0.021063504140163163
ideal_box_eigenpro_corrected,2025,0.021063504140161185
ideal_box_eigenpro_corrected,2026,0.021063504140157452
ideal_box_eigenpro_corrected,2027,0.021063504140155405
ideal_box_eigenpro_corrected,2028,0.021063504140155113
ideal_box_eigenpro_corrected,2029,0.02106350414015025
ideal_box_eigenpro_corrected,2030,0.02106350414014792
ideal_box_eigenpro_corrected,2031,0.021063504140143973
ideal_box_eigenpro_corrected,2032,0.02106350414014299
ideal_box_eigenpro_corrected,2033,0.021063504140140948
ideal_box_eigenpro_corrected,2034,0.02106350414013874
ideal_box_eigenpro_corrected,2035,0.021063504140134626
ideal_box_eigenpro_corrected,2036,0.021063504140132666
ideal_box_eigenpro_corrected,2037,0.021063504140128333
ideal_box_eigenpro_corrected,2038,0.021063504140126765
ideal_box_eigenpro_corrected,2039,0.02106350414012457
ideal_box_eigenpro_corrected,2040,0.02106350414012144
ideal_box_eigenpro_corrected,2041,0.021063504140118282
ideal_box_eigenpro_corrected,2042,0.02106350414011574
ideal_box_eigenpro_corrected,2043,0.021063504140112266
ideal_box_eigenpro_corrected,2044,0.021063504140111926
ideal_box_eigenpro_corrected,2045,0.02106350414010663
ideal_box_eigenpro_corrected,2046,0.021063504140105545
ideal_box_eigenpro_corrected,2047,0.021063504140103127
ideal_box_eigenpro_corrected,2048,0.0210635041400997
ideal_box_eigenpro_corrected,2049,0.02106350414009721
ideal_box_eigenpro_corrected,2050,0.021063504140093045
ideal_box_eigenpro_corrected,2051,0.021063504140090904
ideal_box_eigenpro_corrected,2052,0.021063504140086963
ideal_box_eigenpro_corrected,2053,0.021063504140085353
ideal_box_eigenpro_corrected,2054,0.021063504140081495
ideal_box_eigenpro_corrected,2055,0.02106350414007777
ideal_box_eigenpro_corrected,2056,0.021063504140075934
ideal_box_eigenpro_corrected,2057,0.0210635041400729
ideal_box_eigenpro_corrected,2058,0.02106350414006959
ideal_box_eigenpro_corrected,2059,0.02106350414006833
ideal_box_eigenpro_corrected,2060,0.021063504140063614
ideal_box_eigenpro_corrected,2061,0.021063504140060547
ideal_box_eigenpro_corrected,2062,0.021063504140057667
ideal_box_eigenpro_corrected,2063,0.021063504140055565
ideal_box_eigenpro_corrected,2064,0.02106350414005335
ideal_box_eigenpro_corrected,2065,0.02106350414005053
ideal_box_eigenpro_corrected,2066,0.021063504140048615
ideal_box_eigenpro_corrected,2067,0.021063504140044285
ideal_box_eigenpro_corrected,2068,0.021063504140040764
ideal_box_eigenpro_corrected,2069,0.02106350414003775
ideal_box_eigenpro_corrected,2070,0.02106350414003477
ideal_box_eigenpro_corrected,2071,0.02106350414003318
ideal_box_eigenpro_corrected,2072,0.021063504140030147
ideal_box_eigenpro_corrected,2073,0.021063504140026272
ideal_box_eigenpro_corrected,2074,0.021063504140023774
ideal_box_eigenpro_corrected,2075,0.021063504140020485
ideal_box_eigenpro_corrected,2076,0.021063504140018473
ideal_box_eigenpro_corrected,2077,0.021063504140012745
ideal_box_eigenpro_corrected,2078,0.021063504140010098
ideal_box_eigenpro_corrected,2079,0.021063504140006177
ideal_box_eigenpro_corrected,2080,0.02106350414000424
ideal_box_eigenpro_corrected,2081,0.021063504140002298
ideal_box_eigenpro_corrected,2082,0.02106350413999807
ideal_box_eigenpro_corrected,2083,0.02106350413999422
ideal_box_eigenpro_corrected,2084,0.021063504139989784
ideal_box_eigenpro_corrected,2085,0.021063504139987577
ideal_box_eigenpro_corrected,2086,0.021063504139986235
ideal_box_eigenpro_corrected,2087,0.021063504139984295
ideal_box_eigenpro_corrected,2088,0.021063504139978862
ideal_box_eigenpro_corrected,2089,0.02106350413997556
ideal_box_eigenpro_corrected,2090,0.02106350413997052
ideal_box_eigenpro_corrected,2091,0.021063504139968114
ideal_box_eigenpro_corrected,2092,0.02106350413996494
ideal_box_eigenpro_corrected,2093,0.021063504139959912
ideal_box_eigenpro_corrected,2094,0.021063504139956772
ideal_box_eigenpro_corrected,2095,0.02106350413995435
ideal_box_eigenpro_corrected,2096,0.0210635041399499
ideal_box_eigenpro_corrected,2097,0.021063504139945503
ideal_box_eigenpro_corrected,2098,0.021063504139943564
ideal_box_eigenpro_corrected,2099,0.021063504139939942
ideal_box_eigenpro_corrected,2100,0.021063504139938384
ideal_box_eigenpro_corrected,2101,0.021063504139932156
ideal_box_eigenpro_corrected,2102,0.021063504139925655
ideal_box_eigenpro_corrected,2103,0.02106350413992085
ideal_box_eigenpro_corrected,2104,0.021063504139918626
ideal_box_eigenpro_corrected,2105,0.021063504139913414
ideal_box_eigenpro_corrected,2106,0.021063504139910472
ideal_box_eigenpro_corrected,2107,0.02106350413990778
ideal_box_eigenpro_corrected,2108,0.021063504139902284
ideal_box_eigenpro_corrected,2109,0.021063504139898808
ideal_box_eigenpro_corrected,2110,0.021063504139897694
ideal_box_eigenpro_corrected,2111,0.0210635041398946
ideal_box_eigenpro_corrected,2112,0.02106350413988707
ideal_box_eigenpro_corrected,2113,0.02106350413988212
ideal_box_eigenpro_corrected,2114,0.021063504139880965
ideal_box_eigenpro_corrected,2115,0.021063504139870477
ideal_box_eigenpro_corrected,2116,0.02106350413986849
ideal_box_eigenpro_corrected,2117,0.02106350413986549
ideal_box_eigenpro_corrected,2118,0.02106350413986182
ideal_box_eigenpro_corrected,2119,0.021063504139855294
ideal_box_eigenpro_corrected,2120,0.02106350413985203
ideal_box_eigenpro_corrected,2121,0.021063504139850323
ideal_box_eigenpro_corrected,2122,0.021063504139847866
ideal_box_eigenpro_corrected,2123,0.02106350413984271
ideal_box_eigenpro_corrected,2124,0.02106350413983428
ideal_box_eigenpro_corrected,2125,0.021063504139832094
ideal_box_eigenpro_corrected,2126,0.02106350413982721
ideal_box_eigenpro_corrected,2127,0.021063504139824746
ideal_box_eigenpro_corrected,2128,0.021063504139819552
ideal_box_eigenpro_corrected,2129,0.021063504139816204
ideal_box_eigenpro_corrected,2130,0.02106350413980813
ideal_box_eigenpro_corrected,2131,0.021063504139804803
ideal_box_eigenpro_corrected,2132,0.021063504139799828
ideal_box_eigenpro_corrected,2133,0.02106350413979496
ideal_box_eigenpro_corrected,2134,0.02106350413979207
ideal_box_eigenpro_corrected,2135,0.02106350413978769
ideal_box_eigenpro_corrected,2136,0.02106350413978564
ideal_box_eigenpro_corrected,2137,0.021063504139777787
ideal_box_eigenpro_corrected,2138,0.021063504139770723
ideal_box_eigenpro_corrected,2139,0.021063504139770255
ideal_box_eigenpro_corrected,2140,0.02106350413976372
ideal_box_eigenpro_corrected,2141,0.02106350413976104
ideal_box_eigenpro_corrected,2142,0.021063504139755274
ideal_box_eigenpro_corrected,2143,0.021063504139750874
ideal_box_eigenpro_corrected,2144,0.021063504139747107
ideal_box_eigenpro_corrected,2145,0.021063504139736844
ideal_box_eigenpro_corrected,2146,0.02106350413972938
ideal_box_eigenpro_corrected,2147,0.021063504139728472
ideal_box_eigenpro_corrected,2148,0.021063504139719132
ideal_box_eigenpro_corrected,2149,0.021063504139717446
ideal_box_eigenpro_corrected,2150,0.021063504139711437
ideal_box_eigenpro_corrected,2151,0.021063504139706004
ideal_box_eigenpro_corrected,2152,0.021063504139702437
ideal_box_eigenpro_corrected,2153,0.021063504139697254
ideal_box_eigenpro_corrected,2154,0.021063504139695315
ideal_box_eigenpro_corrected,2155,0.021063504139685697
ideal_box_eigenpro_corrected,2156,0.021063504139681093
ideal_box_eigenpro_corrected,2157,0.0210635041396768
ideal_box_eigenpro_corrected,2158,0.021063504139669956
ideal_box_eigenpro_corrected,2159,0.02106350413966464
ideal_box_eigenpro_corrected,2160,0.02106350413966161
ideal_box_eigenpro_corrected,2161,0.02106350413965649
ideal_box_eigenpro_corrected,2162,0.02106350413965029
ideal_box_eigenpro_corrected,2163,0.02106350413964459
ideal_box_eigenpro_corrected,2164,0.021063504139638766
ideal_box_eigenpro_corrected,2165,0.021063504139632663
ideal_box_eigenpro_corrected,2166,0.02106350413962415
ideal_box_eigenpro_corrected,2167,0.02106350413961222
ideal_box_eigenpro_corrected,2168,0.021063504139606108
ideal_box_eigenpro_corrected,2169,0.021063504139604176
ideal_box_eigenpro_corrected,2170,0.021063504139592886
ideal_box_eigenpro_corrected,2171,0.021063504139591266
ideal_box_eigenpro_corrected,2172,0.021063504139587266
ideal_box_eigenpro_corrected,2173,0.02106350413958108
ideal_box_eigenpro_corrected,2174,0.02106350413957424
ideal_box_eigenpro_corrected,2175,0.021063504139573776
ideal_box_eigenpro_corrected,2176,0.021063504139567573
ideal_box_eigenpro_corrected,2177,0.021063504139558938
ideal_box_eigenpro_corrected,2178,0.021063504139547093
ideal_box_eigenpro_corrected,2179,0.02106350413954451
ideal_box_eigenpro_corrected,2180,0.021063504139533236
ideal_box_eigenpro_corrected,2181,0.02106350413953044
ideal_box_eigenpro_corrected,2182,0.02106350413952593
ideal_box_eigenpro_corrected,2183,0.021063504139519126
ideal_box_eigenpro_corrected,2184,0.021063504139512267
ideal_box_eigenpro_corrected,2185,0.021063504139506306
ideal_box_eigenpro_corrected,2186,0.021063504139497858
ideal_box_eigenpro_corrected,2187,0.021063504139491672
ideal_box_eigenpro_corrected,2188,0.021063504139487817
ideal_box_eigenpro_corrected,2189,0.021063504139479248
ideal_box_eigenpro_corrected,2190,0.02106350413947202
ideal_box_eigenpro_corrected,2191,0.02106350413946864
ideal_box_eigenpro_corrected,2192,0.02106350413945925
ideal_box_eigenpro_corrected,2193,0.02106350413945296
ideal_box_eigenpro_corrected,2194,0.02106350413944475
ideal_box_eigenpro_corrected,2195,0.021063504139437268
ideal_box_eigenpro_corrected,2196,0.021063504139431297
ideal_box_eigenpro_corrected,2197,0.021063504139425166
ideal_box_eigenpro_corrected,2198,0.021063504139418127
ideal_box_eigenpro_corrected,2199,0.021063504139405817
ideal_box_eigenpro_corrected,2200,0.02106350413940101
ideal_box_eigenpro_corrected,2201,0.021063504139385573
ideal_box_eigenpro_corrected,2202,0.021063504139380285
ideal_box_eigenpro_corrected,2203,0.021063504139377118
ideal_box_eigenpro_corrected,2204,0.021063504139366626
ideal_box_eigenpro_corrected,2205,0.02106350413936118
ideal_box_eigenpro_corrected,2206,0.021063504139353928
ideal_box_eigenpro_corrected,2207,0.021063504139345386
ideal_box_eigenpro_corrected,2208,0.021063504139341
ideal_box_eigenpro_corrected,2209,0.02106350413933063
ideal_box_eigenpro_corrected,2210,0.021063504139319622
ideal_box_eigenpro_corrected,2211,0.02106350413931557
ideal_box_eigenpro_corrected,2212,0.021063504139303826
ideal_box_eigenpro_corrected,2213,0.021063504139296092
ideal_box_eigenpro_corrected,2214,0.021063504139289615
ideal_box_eigenpro_corrected,2215,0.021063504139284702
ideal_box_eigenpro_corrected,2216,0.021063504139276885
ideal_box_eigenpro_corrected,2217,0.021063504139261523
ideal_box_eigenpro_corrected,2218,0.021063504139252186
ideal_box_eigenpro_corrected,2219,0.021063504139248703
ideal_box_eigenpro_corrected,2220,0.021063504139242024
ideal_box_eigenpro_corrected,2221,0.021063504139232147
ideal_box_eigenpro_corrected,2222,0.021063504139220566
ideal_box_eigenpro_corrected,2223,0.02106350413921378
ideal_box_eigenpro_corrected,2224,0.021063504139208163
ideal_box_eigenpro_corrected,2225,0.021063504139202795
ideal_box_eigenpro_corrected,2226,0.021063504139184338
ideal_box_eigenpro_corrected,2227,0.021063504139176976
ideal_box_eigenpro_corrected,2228,0.021063504139172975
ideal_box_eigenpro_corrected,2229,0.02106350413916287
ideal_box_eigenpro_corrected,2230,0.021063504139152246
ideal_box_eigenpro_corrected,2231,0.021063504139139377
ideal_box_eigenpro_corrected,2232,0.021063504139131824
ideal_box_eigenpro_corrected,2233,0.021063504139121447
ideal_box_eigenpro_corrected,2234,0.021063504139113738
ideal_box_eigenpro_corrected,2235,0.021063504139098965
ideal_box_eigenpro_corrected,2236,0.021063504139094254
ideal_box_eigenpro_corrected,2237,0.021063504139087127
ideal_box_eigenpro_corrected,2238,0.021063504139075272
ideal_box_eigenpro_corrected,2239,0.021063504139065423
ideal_box_eigenpro_corrected,2240,0.021063504139054487
ideal_box_eigenpro_corrected,2241,0.02106350413903664
ideal_box_eigenpro_corrected,2242,0.021063504139018068
ideal_box_eigenpro_corrected,2243,0.021063504139013187
ideal_box_eigenpro_corrected,2244,0.021063504139006865
ideal_box_eigenpro_corrected,2245,0.02106350413898964
ideal_box_eigenpro_corrected,2246,0.021063504138983523
ideal_box_eigenpro_corrected,2247,0.02106350413897362
ideal_box_eigenpro_corrected,2248,0.02106350413896126
ideal_box_eigenpro_corrected,2249,0.021063504138949984
ideal_box_eigenpro_corrected,2250,0.021063504138939305
ideal_box_eigenpro_corrected,2251,0.02106350413893051
ideal_box_eigenpro_corrected,2252,0.02106350413890804
ideal_box_eigenpro_corrected,2253,0.021063504138900985
ideal_box_eigenpro_corrected,2254,0.02106350413889745
ideal_box_eigenpro_corrected,2255,0.021063504138880085
ideal_box_eigenpro_corrected,2256,0.021063504138861426
ideal_box_eigenpro_corrected,2257,0.021063504138853578
ideal_box_eigenpro_corrected,2258,0.021063504138848523
ideal_box_eigenpro_corrected,2259,0.02106350413883497
ideal_box_eigenpro_corrected,2260,0.021063504138821666
ideal_box_eigenpro_corrected,2261,0.021063504138811348
ideal_box_eigenpro_corrected,2262,0.02106350413880061
ideal_box_eigenpro_corrected,2263,0.02106350413877724
ideal_box_eigenpro_corrected,2264,0.021063504138765548
ideal_box_eigenpro_corrected,2265,0.02106350413874978
ideal_box_eigenpro_corrected,2266,0.021063504138731412
ideal_box_eigenpro_corrected,2267,0.02106350413870941
ideal_box_eigenpro_corrected,2268,0.02106350413869904
ideal_box_eigenpro_corrected,2269,0.02106350413869037
ideal_box_eigenpro_corrected,2270,0.021063504138676036
ideal_box_eigenpro_corrected,2271,0.02106350413866426
ideal_box_eigenpro_corrected,2272,0.02106350413864614
ideal_box_eigenpro_corrected,2273,0.021063504138631523
ideal_box_eigenpro_corrected,2274,0.021063504138620733
ideal_box_eigenpro_corrected,2275,0.021063504138606214
ideal_box_eigenpro_corrected,2276,0.02106350413859234
ideal_box_eigenpro_corrected,2277,0.02106350413857402
ideal_box_eigenpro_corrected,2278,0.021063504138566447
ideal_box_eigenpro_corrected,2279,0.021063504138556663
ideal_box_eigenpro_corrected,2280,0.02106350413854399
ideal_box_eigenpro_corrected,2281,0.02106350413852708
ideal_box_eigenpro_corrected,2282,0.021063504138518773
ideal_box_eigenpro_corrected,2283,0.021063504138500885
ideal_box_eigenpro_corrected,2284,0.021063504138468508
ideal_box_eigenpro_corrected,2285,0.021063504138458422
ideal_box_eigenpro_corrected,2286,0.0210635041384503
ideal_box_eigenpro_corrected,2287,0.021063504138422715
ideal_box_eigenpro_corrected,2288,0.02106350413840952
ideal_box_eigenpro_corrected,2289,0.021063504138383336
ideal_box_eigenpro_corrected,2290,0.021063504138374014
ideal_box_eigenpro_corrected,2291,0.021063504138362905
ideal_box_eigenpro_corrected,2292,0.02106350413834423
ideal_box_eigenpro_corrected,2293,0.021063504138325275
ideal_box_eigenpro_corrected,2294,0.02106350413832176
ideal_box_eigenpro_corrected,2295,0.0210635041383025
ideal_box_eigenpro_corrected,2296,0.021063504138294192
ideal_box_eigenpro_corrected,2297,0.021063504138265434
ideal_box_eigenpro_corrected,2298,0.021063504138247202
ideal_box_eigenpro_corrected,2299,0.021063504138228155
ideal_box_eigenpro_corrected,2300,0.021063504138212497
ideal_box_eigenpro_corrected,2301,0.02106350413820135
ideal_box_eigenpro_corrected,2302,0.02106350413817147
ideal_box_eigenpro_corrected,2303,0.021063504138157777
ideal_box_eigenpro_corrected,2304,0.02106350413812811
ideal_box_eigenpro_corrected,2305,0.021063504138115478
ideal_box_eigenpro_corrected,2306,0.02106350413809981
ideal_box_eigenpro_corrected,2307,0.021063504138073005
ideal_box_eigenpro_corrected,2308,0.02106350413805392
ideal_box_eigenpro_corrected,2309,0.02106350413803166
ideal_box_eigenpro_corrected,2310,0.021063504138013077
ideal_box_eigenpro_corrected,2311,0.021063504137977824
ideal_box_eigenpro_corrected,2312,0.021063504137956216
ideal_box_eigenpro_corrected,2313,0.02106350413793725
ideal_box_eigenpro_corrected,2314,0.021063504137918982
ideal_box_eigenpro_corrected,2315,0.021063504137895695
ideal_box_eigenpro_corrected,2316,0.021063504137862097
ideal_box_eigenpro_corrected,2317,0.021063504137853413
ideal_box_eigenpro_corrected,2318,0.021063504137825265
ideal_box_eigenpro_corrected,2319,0.02106350413780703
ideal_box_eigenpro_corrected,2320,0.02106350413778888
ideal_box_eigenpro_corrected,2321,0.02106350413777942
ideal_box_eigenpro_corrected,2322,0.02106350413773683
ideal_box_eigenpro_corrected,2323,0.02106350413770848
ideal_box_eigenpro_corrected,2324,0.021063504137701573
ideal_box_eigenpro_corrected,2325,0.021063504137649028
ideal_box_eigenpro_corrected,2326,0.021063504137624065
ideal_box_eigenpro_corrected,2327,0.02106350413760774
ideal_box_eigenpro_corrected,2328,0.021063504137578983
ideal_box_eigenpro_corrected,2329,0.02106350413755377
ideal_box_eigenpro_corrected,2330,0.021063504137530775
ideal_box_eigenpro_corrected,2331,0.021063504137521952
ideal_box_eigenpro_corrected,2332,0.021063504137477523
ideal_box_eigenpro_corrected,2333,0.021063504137456442
ideal_box_eigenpro_corrected,2334,0.021063504137432368
ideal_box_eigenpro_corrected,2335,0.021063504137383848
ideal_box_eigenpro_corrected,2336,0.02106350413737005
ideal_box_eigenpro_corrected,2337,0.021063504137341527
ideal_box_eigenpro_corrected,2338,0.021063504137319847
ideal_box_eigenpro_corrected,2339,0.0210635041373023
ideal_box_eigenpro_corrected,2340,0.02106350413726902
ideal_box_eigenpro_corrected,2341,0.02106350413720361
ideal_box_eigenpro_corrected,2342,0.02106350413719131
ideal_box_eigenpro_corrected,2343,0.021063504137172052
ideal_box_eigenpro_corrected,2344,0.02106350413714482
ideal_box_eigenpro_corrected,2345,0.021063504137116534
ideal_box_eigenpro_corrected,2346,0.02106350413710191
ideal_box_eigenpro_corrected,2347,0.021063504137054226
ideal_box_eigenpro_corrected,2348,0.02106350413702173
ideal_box_eigenpro_corrected,2349,0.021063504136963448
ideal_box_eigenpro_corrected,2350,0.021063504136949695
ideal_box_eigenpro_corrected,2351,0.021063504136937906
ideal_box_eigenpro_corrected,2352,0.02106350413690534
ideal_box_eigenpro_corrected,2353,0.021063504136848345
ideal_box_eigenpro_corrected,2354,0.021063504136837233
ideal_box_eigenpro_corrected,2355,0.02106350413681055
ideal_box_eigenpro_corrected,2356,0.021063504136777593
ideal_box_eigenpro_corrected,2357,0.02106350413672639
ideal_box_eigenpro_corrected,2358,0.02106350413670828
ideal_box_eigenpro_corrected,2359,0.02106350413668137
ideal_box_eigenpro_corrected,2360,0.021063504136644113
ideal_box_eigenpro_corrected,2361,0.021063504136594625
ideal_box_eigenpro_corrected,2362,0.021063504136589077
ideal_box_eigenpro_corrected,2363,0.02106350413656548
ideal_box_eigenpro_corrected,2364,0.021063504136511882
ideal_box_eigenpro_corrected,2365,0.021063504136487006
ideal_box_eigenpro_corrected,2366,0.021063504136440175
ideal_box_eigenpro_corrected,2367,0.02106350413639677
ideal_box_eigenpro_corrected,2368,0.02106350413637805
ideal_box_eigenpro_corrected,2369,0.021063504136328785
ideal_box_eigenpro_corrected,2370,0.0210635041362612
ideal_box_eigenpro_corrected,2371,0.021063504136229833
ideal_box_eigenpro_corrected,2372,0.021063504136215265
ideal_box_eigenpro_corrected,2373,0.021063504136167806
ideal_box_eigenpro_corrected,2374,0.02106350413606362
ideal_box_eigenpro_corrected,2375,0.02106350413603809
ideal_box_eigenpro_corrected,2376,0.021063504135998848
ideal_box_eigenpro_corrected,2377,0.02106350413595637
ideal_box_eigenpro_corrected,2378,0.02106350413592957
ideal_box_eigenpro_corrected,2379,0.021063504135867
ideal_box_eigenpro_corrected,2380,0.021063504135838507
ideal_box_eigenpro_corrected,2381,0.021063504135795892
ideal_box_eigenpro_corrected,2382,0.021063504135702755
ideal_box_eigenpro_corrected,2383,0.021063504135683937
ideal_box_eigenpro_corrected,2384,0.021063504135625584
ideal_box_eigenpro_corrected,2385,0.021063504135598918
ideal_box_eigenpro_corrected,2386,0.02106350413552872
ideal_box_eigenpro_corrected,2387,0.021063504135443663
ideal_box_eigenpro_corrected,2388,0.021063504135412258
ideal_box_eigenpro_corrected,2389,0.02106350413534836
ideal_box_eigenpro_corrected,2390,0.021063504135255557
ideal_box_eigenpro_corrected,2391,0.021063504135246526
ideal_box_eigenpro_corrected,2392,0.021063504135174625
ideal_box_eigenpro_corrected,2393,0.021063504135169945
ideal_box_eigenpro_corrected,2394,0.02106350413510758
ideal_box_eigenpro_corrected,2395,0.02106350413503979
ideal_box_eigenpro_corrected,2396,0.021063504134954995
ideal_box_eigenpro_corrected,2397,0.021063504134939928
ideal_box_eigenpro_corrected,2398,0.021063504134824714
ideal_box_eigenpro_corrected,2399,0.021063504134739026
ideal_box_eigenpro_corrected,2400,0.021063504134673006
ideal_box_eigenpro_corrected,2401,0.021063504134640483
ideal_box_eigenpro_corrected,2402,0.02106350413462328
ideal_box_eigenpro_corrected,2403,0.021063504134509407
ideal_box_eigenpro_corrected,2404,0.021063504134492803
ideal_box_eigenpro_corrected,2405,0.0210635041344322
ideal_box_eigenpro_corrected,2406,0.02106350413439345
ideal_box_eigenpro_corrected,2407,0.02106350413431221
ideal_box_eigenpro_corrected,2408,0.021063504134207076
ideal_box_eigenpro_corrected,2409,0.021063504134172795
ideal_box_eigenpro_corrected,2410,0.02106350413403184
ideal_box_eigenpro_corrected,2411,0.021063504133989015
ideal_box_eigenpro_corrected,2412,0.021063504133916233
ideal_box_eigenpro_corrected,2413,0.021063504133846996
ideal_box_eigenpro_corrected,2414,0.02106350413376285
ideal_box_eigenpro_corrected,2415,0.02106350413370789
ideal_box_eigenpro_corrected,2416,0.021063504133615622
ideal_box_eigenpro_corrected,2417,0.02106350413355667
ideal_box_eigenpro_corrected,2418,0.021063504133431544
ideal_box_eigenpro_corrected,2419,0.021063504133403663
ideal_box_eigenpro_corrected,2420,0.02106350413335233
ideal_box_eigenpro_corrected,2421,0.0210635041331948
ideal_box_eigenpro_corrected,2422,0.021063504133171526
ideal_box_eigenpro_corrected,2423,0.021063504133045564
ideal_box_eigenpro_corrected,2424,0.021063504133002762
ideal_box_eigenpro_corrected,2425,0.02106350413289866
ideal_box_eigenpro_corrected,2426,0.021063504132820578
ideal_box_eigenpro_corrected,2427,0.021063504132739976
ideal_box_eigenpro_corrected,2428,0.02106350413261367
ideal_box_eigenpro_corrected,2429,0.02106350413254629
ideal_box_eigenpro_corrected,2430,0.021063504132441836
ideal_box_eigenpro_corrected,2431,0.02106350413232269
ideal_box_eigenpro_corrected,2432,0.021063504132277373
ideal_box_eigenpro_corrected,2433,0.021063504132218504
ideal_box_eigenpro_corrected,2434,0.021063504132067916
ideal_box_eigenpro_corrected,2435,0.021063504132019944
ideal_box_eigenpro_corrected,2436,0.021063504131880004
ideal_box_eigenpro_corrected,2437,0.02106350413179857
ideal_box_eigenpro_corrected,2438,0.021063504131698503
ideal_box_eigenpro_corrected,2439,0.021063504131584802
ideal_box_eigenpro_corrected,2440,0.021063504131504443
ideal_box_eigenpro_corrected,2441,0.021063504131355545
ideal_box_eigenpro_corrected,2442,0.02106350413127961
ideal_box_eigenpro_corrected,2443,0.021063504131108565
ideal_box_eigenpro_corrected,2444,0.021063504130967692
ideal_box_eigenpro_corrected,2445,0.021063504130838583
ideal_box_eigenpro_corrected,2446,0.02106350413077398
ideal_box_eigenpro_corrected,2447,0.021063504130643788
ideal_box_eigenpro_corrected,2448,0.02106350413047463
ideal_box_eigenpro_corrected,2449,0.021063504130287222
ideal_box_eigenpro_corrected,2450,0.02106350413017266
ideal_box_eigenpro_corrected,2451,0.021063504130072293
ideal_box_eigenpro_corrected,2452,0.02106350412994828
ideal_box_eigenpro_corrected,2453,0.02106350412985833
ideal_box_eigenpro_corrected,2454,0.021063504129803137
ideal_box_eigenpro_corrected,2455,0.021063504129635178
ideal_box_eigenpro_corrected,2456,0.021063504129440757
ideal_box_eigenpro_corrected,2457,0.021063504129326716
ideal_box_eigenpro_corrected,2458,0.02106350412917863
ideal_box_eigenpro_corrected,2459,0.021063504128996643
ideal_box_eigenpro_corrected,2460,0.021063504128909453
ideal_box_eigenpro_corrected,2461,0.021063504128711216
ideal_box_eigenpro_corrected,2462,0.021063504128509387
ideal_box_eigenpro_corrected,2463,0.021063504128375245
ideal_box_eigenpro_corrected,2464,0.021063504128194875
ideal_box_eigenpro_corrected,2465,0.021063504128056222
ideal_box_eigenpro_corrected,2466,0.021063504127853988
ideal_box_eigenpro_corrected,2467,0.021063504127725313
ideal_box_eigenpro_corrected,2468,0.021063504127628474
ideal_box_eigenpro_corrected,2469,0.021063504127559675
ideal_box_eigenpro_corrected,2470,0.021063504127397614
ideal_box_eigenpro_corrected,2471,0.021063504127191605
ideal_box_eigenpro_corrected,2472,0.02106350412688462
ideal_box_eigenpro_corrected,2473,0.021063504126762084
ideal_box_eigenpro_corrected,2474,0.02106350412637188
ideal_box_eigenpro_corrected,2475,0.021063504126222307
ideal_box_eigenpro_corrected,2476,0.021063504126004728
ideal_box_eigenpro_corrected,2477,0.02106350412595417
ideal_box_eigenpro_corrected,2478,0.021063504125764042
ideal_box_eigenpro_corrected,2479,0.021063504125664847
ideal_box_eigenpro_corrected,2480,0.021063504125243084
ideal_box_eigenpro_corrected,2481,0.021063504125119897
ideal_box_eigenpro_corrected,2482,0.02106350412490997
ideal_box_eigenpro_corrected,2483,0.021063504124777494
ideal_box_eigenpro_corrected,2484,0.02106350412444979
ideal_box_eigenpro_corrected,2485,0.02106350412412782
ideal_box_eigenpro_corrected,2486,0.02106350412383427
ideal_box_eigenpro_corrected,2487,0.02106350412355212
ideal_box_eigenpro_corrected,2488,0.021063504123368687
ideal_box_eigenpro_corrected,2489,0.02106350412317087
ideal_box_eigenpro_corrected,2490,0.021063504122814724
ideal_box_eigenpro_corrected,2491,0.021063504122552954
ideal_box_eigenpro_corrected,2492,0.021063504122388475
ideal_box_eigenpro_corrected,2493,0.021063504121900348
ideal_box_eigenpro_corrected,2494,0.021063504121690984
ideal_box_eigenpro_corrected,2495,0.021063504121433298
ideal_box_eigenpro_corrected,2496,0.02106350412111661
ideal_box_eigenpro_corrected,2497,0.02106350412078491
ideal_box_eigenpro_corrected,2498,0.021063504120693778
ideal_box_eigenpro_corrected,2499,0.02106350412016572
ideal_box_eigenpro_corrected,2500,0.021063504119978142
ideal_box_eigenpro_corrected,2501,0.02106350411944669
ideal_box_eigenpro_corrected,2502,0.02106350411916333
ideal_box_eigenpro_corrected,2503,0.0210635041188813
ideal_box_eigenpro_corrected,2504,0.021063504118422553
ideal_box_eigenpro_corrected,2505,0.0210635041180401
ideal_box_eigenpro_corrected,2506,0.021063504117405027
ideal_box_eigenpro_corrected,2507,0.021063504116793235
ideal_box_eigenpro_corrected,2508,0.021063504116501517
ideal_box_eigenpro_corrected,2509,0.021063504116277117
ideal_box_eigenpro_corrected,2510,0.021063504115956613
ideal_box_eigenpro_corrected,2511,0.021063504115385757
ideal_box_eigenpro_corrected,2512,0.021063504114913468
ideal_box_eigenpro_corrected,2513,0.021063504114351022
ideal_box_eigenpro_corrected,2514,0.021063504113999827
ideal_box_eigenpro_corrected,2515,0.021063504113681453
ideal_box_eigenpro_corrected,2516,0.02106350411315073
ideal_box_eigenpro_corrected,2517,0.021063504112502834
ideal_box_eigenpro_corrected,2518,0.021063504112165465
ideal_box_eigenpro_corrected,2519,0.021063504111356605
ideal_box_eigenpro_corrected,2520,0.02106350411063696
ideal_box_eigenpro_corrected,2521,0.021063504110068465
ideal_box_eigenpro_corrected,2522,0.021063504109478742
ideal_box_eigenpro_corrected,2523,0.021063504109004486
ideal_box_eigenpro_corrected,2524,0.021063504108358888
ideal_box_eigenpro_corrected,2525,0.021063504107498875
ideal_box_eigenpro_corrected,2526,0.021063504107032137
ideal_box_eigenpro_corrected,2527,0.021063504106330743
ideal_box_eigenpro_corrected,2528,0.021063504106092184
ideal_box_eigenpro_corrected,2529,0.02106350410572354
ideal_box_eigenpro_corrected,2530,0.021063504104507712
ideal_box_eigenpro_corrected,2531,0.021063504103633113
ideal_box_eigenpro_corrected,2532,0.021063504102974973
ideal_box_eigenpro_corrected,2533,0.021063504101798965
ideal_box_eigenpro_corrected,2534,0.021063504100857073
ideal_box_eigenpro_corrected,2535,0.021063504100283688
ideal_box_eigenpro_corrected,2536,0.02106350409894866
ideal_box_eigenpro_corrected,2537,0.02106350409836303
ideal_box_eigenpro_corrected,2538,0.0210635040977961
ideal_box_eigenpro_corrected,2539,0.021063504096188953
ideal_box_eigenpro_corrected,2540,0.02106350409518066
ideal_box_eigenpro_corrected,2541,0.021063504093716552
ideal_box_eigenpro_corrected,2542,0.021063504092396445
ideal_box_eigenpro_corrected,2543,0.02106350409122807
ideal_box_eigenpro_corrected,2544,0.021063504090728765
ideal_box_eigenpro_corrected,2545,0.021063504089475743
ideal_box_eigenpro_corrected,2546,0.021063504087171572
ideal_box_eigenpro_corrected,2547,0.02106350408618294
ideal_box_eigenpro_corrected,2548,0.021063504085253783
ideal_box_eigenpro_corrected,2549,0.021063504083495433
ideal_box_eigenpro_corrected,2550,0.021063504081784385
ideal_box_eigenpro_corrected,2551,0.021063504080883064
ideal_box_eigenpro_corrected,2552,0.02106350407873084
ideal_box_eigenpro_corrected,2553,0.02106350407772769
ideal_box_eigenpro_corrected,2554,0.021063504074966398
ideal_box_eigenpro_corrected,2555,0.021063504071541287
ideal_box_eigenpro_corrected,2556,0.021063504070439266
ideal_box_eigenpro_corrected,2557,0.021063504067706892
ideal_box_eigenpro_corrected,2558,0.021063504063485897
ideal_box_eigenpro_corrected,2559,0.021063504058392555
ideal_box_eigenpro_corrected,2560,0.021063504054454604
ideal_box_eigenpro_corrected,2561,0.021063504052316603
ideal_box_eigenpro_corrected,2562,0.02106350405071343
ideal_box_eigenpro_corrected,2563,0.021063504047122
ideal_box_eigenpro_corrected,2564,0.021063504041898235
ideal_box_eigenpro_corrected,2565,0.021063504036377686
ideal_box_eigenpro_corrected,2566,0.021063504029759678
ideal_box_eigenpro_corrected,2567,0.021063504024113403
ideal_box_eigenpro_corrected,2568,0.021063504015510427
ideal_box_eigenpro_corrected,2569,0.021063504007898415
ideal_box_eigenpro_corrected,2570,0.02106350400290776
ideal_box_eigenpro_corrected,2571,0.021063503999699106
ideal_box_eigenpro_corrected,2572,0.021063503985314716
ideal_box_eigenpro_corrected,2573,0.021063503983239407
ideal_box_eigenpro_corrected,2574,0.021063503959937405
ideal_box_eigenpro_corrected,2575,0.021063503946018428
ideal_box_eigenpro_corrected,2576,0.021063503938343553
ideal_box_eigenpro_corrected,2577,0.021063503907808357
ideal_box_eigenpro_corrected,2578,0.021063503896369663
ideal_box_eigenpro_corrected,2579,0.021063503881449952
ideal_box_eigenpro_corrected,2580,0.021063503859354113
ideal_box_eigenpro_corrected,2581,0.021063503830548325
ideal_box_eigenpro_corrected,2582,0.02106350382569426
ideal_box_eigenpro_corrected,2583,0.021063503782186254
ideal_box_eigenpro_corrected,2584,0.021063503748531925
ideal_box_eigenpro_corrected,2585,0.021063503726782406
ideal_box_eigenpro_corrected,2586,0.021063503705419
ideal_box_eigenpro_corrected,2587,0.021063503611618753
ideal_box_eigenpro_corrected,2588,0.021063503564928546
ideal_box_eigenpro_corrected,2589,0.02106350351067214
ideal_box_eigenpro_corrected,2590,0.02106350346165664
ideal_box_eigenpro_corrected,2591,0.02106350342042724
ideal_box_eigenpro_corrected,2592,0.021063503223765906
ideal_box_eigenpro_corrected,2593,0.021063503196540264
ideal_box_eigenpro_corrected,2594,0.021063503116410927
ideal_box_eigenpro_corrected,2595,0.021063503019976573
ideal_box_eigenpro_corrected,2596,0.021063502844747495
ideal_box_eigenpro_corrected,2597,0.02106350260416845
ideal_box_eigenpro_corrected,2598,0.021063502525967233
ideal_box_eigenpro_corrected,2599,0.021063502298203772
ideal_box_eigenpro_corrected,2600,0.021063502187058564
ideal_box_eigenpro_corrected,2601,0.02106350120358934
