M,S_kind,active_mode,active_size,active_tau,active_topk,box_memory_bytes,box_radii,box_shape,box_size,btab_active_mode,btab_active_size_raw,btab_active_tau,btab_active_topk,btab_box_budget,btab_box_size,btab_diagnostic_mode,btab_diagnostic_power_iter,btab_diagnostic_tol,btab_eig_apply_batch_cols,btab_eig_backend,btab_eig_eig_residual_max,btab_eig_eig_residual_median,btab_eig_maxiter,btab_eig_n_ABB_matvec_cols,btab_eig_n_eig_matvec,btab_eig_ncv,btab_eig_ncv_actual,btab_eig_q,btab_eig_size_S,btab_eig_size_T,btab_eig_storage_bytes,btab_eig_theta_q1,btab_eig_theta_q1_over_sigma2,btab_eig_tol,btab_exact_apply_mode,btab_exact_box_max_size,btab_experiment_route,btab_inner_maxiter,btab_inner_precond,btab_inner_tol,btab_outer_gmres_restart,btab_outer_solver,btab_route_group,btab_solve_mode,cg_iters,cg_n_matvec,cg_relres,chol_memory_bytes,chunk_size,coord_nystrom_gamma,dataset_dim,dataset_stem,debug_finite_checks,device_name,diagnostic_mode,diagnostic_n_ASS_matvec,diagnostic_n_A_matvec,diagnostic_n_eig_matvec,diagnostic_n_matvec,diagnostic_n_power_iter,diagnostic_n_precond,dim,efgp_matrix_dim,eig_block_size,eig_n_iter,eig_nystrom_kernel_s,eig_residual_cols_rel,eig_residual_fro,eig_residual_fro_rel,eig_residual_max,eig_residual_median,eigen_apply_A_block_calls,eigen_n_matvec,eigen_t_matvec_avg,eigen_t_matvec_total,eps,exact_apply_mode,gamma,has_nufft,injected_eps_coord_topq,inner_last_relres,inner_max_iters,inner_maxiter,inner_precond,inner_tol,inner_total_iters,inner_total_matvec,inner_total_precond,inverse_memory_bytes,is_warmup,iterations,kernel_family,kernel_lengthscale,kernel_nu,kernel_variance,lambda1_coord_nystrom,local_fft_memory_bytes,maxiter,method,mtot,n_matvec,n_precond,n_test,n_train,non_v1_maxiter,nufft_backend,nufft_stage,outer_gmres_restart,outer_iters,outer_relres,outer_solver,outer_status,precond_apply_calls,precond_kind,profile_components,reg_lambda,repeat_idx,rho_max_T,rmse_test,rmse_train,run_seed,sigma2_equiv_reg_lambda,solve_mode,status,surrogate_tag,t_matvec_avg,t_matvec_total,t_precond_avg,t_precond_total,tail_energy,tail_size,theta_coord_topq,theta_q1_over_sigma2,time_active_set,time_box_gather_avg,time_box_gather_total,time_box_scatter_avg,time_box_scatter_total,time_box_solve_avg,time_box_solve_total,time_build_Ag,time_build_box_matrix,time_build_inverse,time_build_local_fft,time_cholesky,time_diag_avg,time_diag_total,time_eig_setup,time_eigenspace,time_post_diagnostics,time_precompute,time_precond_build,time_predict,time_solve,time_symmetrize_regularize,time_total,time_total_with_diagnostics,tol,top_q,v1_maxiter,version
35721,,,,,,,,,,,,,,,,,,,,,,,,,,,,,,,,,,,,,group_c,,,,,,group_c,,2627,2628,9.016475450889112e-08,,,,2,synthetic_true_func_2d_n300000000,False,NVIDIA A100-SXM4-40GB,,,,,,,,2,35721,,,,,,,,,0,0,,,1e-05,,,True,,,,,,,,,,,False,2627.0,matern,0.1,1.5,1.0,,,80000,plain_cg,189,2628,,75000000,300000000,3000,cufinufft,cufinufft,,,,,,,,True,0.1,0,,0.00011735460699312834,0.019999978531193098,0,,,ok,,0.0006411213542577732,1.684866918989428,,,,,,,,,,,,,,,,,,,,,,,,2.9883889070001715,,1.5510829919999196,2.8628179510001246,,5.851207405999958,,1e-07,,80000,v1
35721,,,,,,,,,,,,,,,,,,,,,,,,,,,,,,,,,,,,,group_c,,,,,,group_c,,1291,1292,9.933559405141679e-08,,,nan,2,synthetic_true_func_2d_n300000000,False,NVIDIA A100-SXM4-40GB,,,,,,,,2,35721,72,3,nan,,481711.7000954634,0.011139922034201341,,,5,352,0.0005340770916505293,0.18799513626098632,1e-05,,,True,[],,,,,,,,,,False,1291.0,matern,0.1,1.5,1.0,nan,,3000,eigenpro_pcg_q64,189,1292,1291,75000000,300000000,3000,cufinufft,binned_c1,,,,,,,full_eigenpro,True,0.1,0,,0.00012274818743739807,0.020000000032396676,0,,,ok,,0.0006474467678079422,0.8365012240078613,0.00018417291402393393,0.2377672320048987,,,[],,,,,,,,,,,,,,,,,0.22281779700006155,,1.534929490000195,0.0002900569998018909,1.5409795780001332,1.898744190999878,,3.6567815349999364,,1e-07,64,80000,v3
35721,,,,,,,,,,,,,,,,,,,,,,,,,,,,,,,,,,,,,group_c,,,,,,group_c,,504,505,9.791941581783316e-08,,,nan,2,synthetic_true_func_2d_n300000000,False,NVIDIA A100-SXM4-40GB,,,,,,,,2,35721,136,3,nan,,181747.69032041158,0.004187500866694683,,,5,672,0.0005394118059249152,0.362484733581543,1e-05,,,True,[],,,,,,,,,,False,504.0,matern,0.1,1.5,1.0,nan,,3000,eigenpro_pcg_q128,189,505,504,75000000,300000000,3000,cufinufft,binned_c1,,,,,,,full_eigenpro,True,0.1,0,,0.00012263823528001287,0.020000008316697918,0,,,ok,,0.0006561577207879838,0.3313596489979318,0.00021485105951486486,0.10828493399549188,,,[],,,,,,,,,,,,,,,,,0.428855680000197,,1.5324204210000971,0.00029661100006705965,1.5400440240000535,0.7657692529996893,,2.7273419650000505,,1e-07,128,80000,v3
35721,,,,,,,,,,,,,,,,,,,,,,,,,,,,,,,,,,,,,group_c,,,,,,group_c,,304,305,9.94456734076581e-08,,,nan,2,synthetic_true_func_2d_n300000000,False,NVIDIA A100-SXM4-40GB,,,,,,,,2,35721,200,3,nan,,92257.7523584767,0.002124854875229271,,,5,992,0.000532692640058456,0.5284310989379883,1e-05,,,True,[],,,,,,,,,,False,304.0,matern,0.1,1.5,1.0,nan,,3000,eigenpro_pcg_q192,189,305,304,75000000,300000000,3000,cufinufft,binned_c1,,,,,,,full_eigenpro,True,0.1,0,,0.0001225731077926172,0.020000009556446024,0,,,ok,,0.0006588217409861514,0.2009406310007762,0.00026747811841388333,0.08131334799782053,,,[],,,,,,,,,,,,,,,,,0.6285835710000356,,1.5321510200001285,0.0003249139999752515,1.539027453000017,0.48153528700004244,,2.6425947920001818,,1e-07,192,80000,v3
35721,,,,,,,,,,,,,,,,,,,,,,,,,,,,,,,,,,,,,group_c,,,,,,group_c,,226,227,9.77248822225006e-08,,,nan,2,synthetic_true_func_2d_n300000000,False,NVIDIA A100-SXM4-40GB,,,,,,,,2,35721,264,3,nan,,56455.673443820706,0.001300169987024169,,,5,1312,0.000540832775395091,0.7095726013183594,1e-05,,,True,[],,,,,,,,,,False,226.0,matern,0.1,1.5,1.0,nan,,3000,eigenpro_pcg_q256,189,227,226,75000000,300000000,3000,cufinufft,binned_c1,,,,,,,full_eigenpro,True,0.1,0,,0.000122624932958673,0.020000009598341844,0,,,ok,,0.0006440350836787188,0.14619596399506918,0.0003254984955545667,0.07356265999533207,,,[],,,,,,,,,,,,,,,,,0.8474317259997406,,1.5327848980000454,0.00032342500026061316,1.5304223900002398,0.36511795999967944,,2.745658008999726,,1e-07,256,80000,v3
35721,,,,,,,,,,,,,,,,,,,,,,,,,,,,,,,,,,,,,group_c,,,,,,group_c,,165,166,9.307692100298071e-08,,,nan,2,synthetic_true_func_2d_n300000000,False,NVIDIA A100-SXM4-40GB,,,,,,,,2,35721,328,3,nan,,37463.35869403998,0.0008627577273521208,,,5,1632,0.0005604561637429631,0.9146644592285157,1e-05,,,True,[],,,,,,,,,,False,165.0,matern,0.1,1.5,1.0,nan,,3000,eigenpro_pcg_q320,189,166,165,75000000,300000000,3000,cufinufft,binned_c1,,,,,,,full_eigenpro,True,0.1,0,,0.00012270614845762793,0.020000011072259,0,,,ok,,0.0006608061626494934,0.1096938229998159,0.00037664939393862646,0.06214714999987336,,,[],,,,,,,,,,,,,,,,,1.089116666999871,,1.5324392620000253,0.00030723400004717405,1.5365281079998567,0.28160592999984146,,2.903469092999785,,1e-07,320,80000,v3
35721,expanded_box,topk,2048,,2048,0,"[25, 25]","[51, 51]",2601,topk,2048,,2048,80000,2601,cheap,30,0.01,,,,,,,,,,,,,,,,,inverse,20000,group_c,50,diag,0.001,50,auto,group_c,auto,513,514,9.344583520402138e-08,0,,,2,synthetic_true_func_2d_n300000000,False,NVIDIA A100-SXM4-40GB,cheap,0,0,0,0,0,0,2,35721,,,,,,,,,,,,,1e-05,inverse,299999999.9996127,True,,nan,0,50,diag,0.001,0,0,0,108243216,False,513.0,matern,0.1,1.5,1.0,,0,3000,btab_auto_topk_2048,189,514,513,75000000,300000000,3000,cufinufft,binned_c1,50,513,9.344583520402138e-08,pcg,converged,513,,True,0.1,0,16364.323522779092,0.00012317171600411054,0.01999999682570693,0,0.1,exact,ok,,0.0006507635408411703,0.33449245999236155,0.0003426868694019206,0.17579836400318527,18906336.020993832,33120,,,0.001662785000007716,4.4926216356387575e-05,0.023047148990826827,4.179446004252197e-05,0.02144055800181377,0.00015609386744536255,0.08007615399947099,0.20573430800004644,0.18297558199992636,0.014137842999843997,0.0,0.007024039000043558,5.734564131566904e-05,0.029418313994938217,,,0.0003660309998849698,1.5325187729999925,0.208386519999749,1.535781914999916,1.042551148000257,0.0015968440002325224,2.5750699210002495,2.5754359520001344,1e-07,,80000,v6_btab
35721,expanded_box,topk,4096,,4096,0,"[36, 36]","[73, 73]",5329,topk,4096,,4096,80000,5329,cheap,30,0.01,,,,,,,,,,,,,,,,,inverse,20000,group_c,50,diag,0.001,50,auto,group_c,auto,243,244,8.513657932314196e-08,0,,,2,synthetic_true_func_2d_n300000000,False,NVIDIA A100-SXM4-40GB,cheap,0,0,0,0,0,0,2,35721,,,,,,,,,,,,,1e-05,inverse,299999999.9996127,True,,nan,0,50,diag,0.001,0,0,0,454371856,False,243.0,matern,0.1,1.5,1.0,,0,3000,btab_auto_topk_4096,189,244,243,75000000,300000000,3000,cufinufft,binned_c1,50,243,8.513657932314196e-08,pcg,converged,243,,True,0.1,0,2951.5634013719923,0.0001233060544284434,0.01999999768901427,0,0.1,exact,ok,,0.0006584602254063567,0.16066429499915102,0.0006072019053420042,0.14755006299810702,6372419.880379716,30392,,,0.0018748309998954937,4.5254078190643776e-05,0.010996741000326438,4.433197943807099e-05,0.01077267100345125,0.00041604388476011787,0.10109866399670864,0.8928904549998151,0.7670753819998026,0.09490432699976736,0.0,0.024829802000112977,5.75832098663861e-05,0.013992719997531822,,,0.0003397140003471577,1.5330856089999543,0.8958851410002353,1.542034299000079,1.3608448800000588,0.006080944000132149,2.893930489000013,2.89427020300036,1e-07,,80000,v6_btab
35721,expanded_box,topk,4096,,4096,0,"[36, 36]","[73, 73]",5329,topk,4096,,4096,80000,5329,cheap,30,0.01,,cupy,1.1554880930455504e-14,1.4118233944307618e-15,640,290,290,,290,128,5329,30392,10915840,207697.4993993414,2076974.993993414,0.001,boxeig,20000,group_c,50,diag,0.001,50,auto,group_c,boxeig,592,593,9.204750138430084e-08,0,,,2,synthetic_true_func_2d_n300000000,False,NVIDIA A100-SXM4-40GB,cheap,128,0,128,128,0,0,2,35721,,,,,,,1.1554880930455504e-14,1.4118233944307618e-15,,,,,1e-05,boxeig,299999999.9996127,True,,nan,0,0,,nan,0,0,0,0,False,592.0,matern,0.1,1.5,1.0,,336400,3000,btab_boxeig_topk_4096_q128,189,593,592,75000000,300000000,3000,cufinufft,binned_c1,50,592,9.204750138430084e-08,pcg,converged,592,,True,0.1,0,2951.5634013719923,0.00012289264193600575,0.01999999504469543,0,0.1,boxeig,ok,,0.000646802688025561,0.3835539939991577,0.0004286678513480908,0.25377136799806976,6372419.880379716,30392,,2076974.993993414,0.0019844230000671814,4.587128040995865e-05,0.02715579800269552,3.884917060989554e-05,0.02299870900105816,0.00024537373479070946,0.1452612509961,0.24085732200001075,0.0,0.0,0.0011066249999203137,0.0,5.6879805744320286e-05,0.03367284500063761,0.23975069700009044,,0.05269642199982627,1.5331990949998726,0.24333369499981927,1.5361168720000933,1.25174215800007,0.0,2.7849412529999427,2.837637674999769,1e-07,,80000,v7_btab_boxeig
35721,expanded_box,topk,4096,,4096,0,"[36, 36]","[73, 73]",5329,topk,4096,,4096,80000,5329,cheap,30,0.01,,cupy,2.3453922559144636e-14,2.112916547868665e-15,960,418,418,,418,192,5329,30392,16373760,89451.97732648614,894519.7732648614,0.001,boxeig,20000,group_c,50,diag,0.001,50,auto,group_c,boxeig,463,464,8.413189631451775e-08,0,,,2,synthetic_true_func_2d_n300000000,False,NVIDIA A100-SXM4-40GB,cheap,192,0,192,192,0,0,2,35721,,,,,,,2.3453922559144636e-14,2.112916547868665e-15,,,,,1e-05,boxeig,299999999.9996127,True,,nan,0,0,,nan,0,0,0,0,False,463.0,matern,0.1,1.5,1.0,,336400,3000,btab_boxeig_topk_4096_q192,189,464,463,75000000,300000000,3000,cufinufft,binned_c1,50,463,8.413189631451775e-08,pcg,converged,463,,True,0.1,0,2951.5634013719923,0.00012248949013306522,0.019999992785461756,0,0.1,boxeig,ok,,0.0006554061487196938,0.3041084530059379,0.00043493892872778755,0.20137672400096562,6372419.880379716,30392,,894519.7732648614,0.0018885849999605853,4.57067796882449e-05,0.02116223899565739,3.909812093853571e-05,0.018102429994542035,0.00025027563067647296,0.11587761700320698,0.36920252099980644,0.0,0.0,0.001058690999798273,0.0,5.742244492649537e-05,0.026586592000967357,0.36814383000000817,,0.0773573429996759,1.5329981149998275,0.37153088300010495,1.5365035370000442,1.1724098609997782,0.0,2.7054079759996057,2.7827653189992816,1e-07,,80000,v7_btab_boxeig
35721,expanded_box,topk,8192,,8192,0,"[51, 51]","[103, 103]",10609,topk,8192,,8192,80000,10609,cheap,30,0.01,,cupy,1.4845789034686326e-14,1.5600412962290916e-15,640,290,290,,290,128,10609,25112,21729280,207701.38430563023,2077013.8430563023,0.001,boxeig,20000,group_c,50,diag,0.001,50,auto,group_c,boxeig,751,752,9.79194869906261e-08,0,,,2,synthetic_true_func_2d_n300000000,False,NVIDIA A100-SXM4-40GB,cheap,128,0,128,128,0,0,2,35721,,,,,,,1.4845789034686326e-14,1.5600412962290916e-15,,,,,1e-05,boxeig,299999999.9996127,True,,nan,0,0,,nan,0,0,0,0,False,751.0,matern,0.1,1.5,1.0,,672400,3000,btab_boxeig_topk_8192_q128,189,752,751,75000000,300000000,3000,cufinufft,binned_c1,50,751,9.79194869906261e-08,pcg,converged,751,,True,0.1,0,552.0105234307598,0.00012264745205182483,0.01999999455610646,0,0.1,boxeig,ok,,0.0006451603257889542,0.4851605649932935,0.00043001940478675974,0.32294457299485657,2044451.5589106625,25112,,2077013.8430563023,0.0022869909998917137,4.5557090545380815e-05,0.03421337499958099,3.9233758997435216e-05,0.029464553007073846,0.00024686504128066555,0.18539564600177982,0.2405093460001808,0.0,0.0,0.001140535000104137,0.0,5.701064314411397e-05,0.042814993001229595,0.23936881100007668,,0.05282396099983089,1.5327215049996994,0.2432724820000658,1.5356321079998452,1.5231411600002502,0.0,3.0558626649999496,3.1086866259997805,1e-07,,80000,v7_btab_boxeig
35721,expanded_box,topk,8192,,8192,0,"[51, 51]","[103, 103]",10609,topk,8192,,8192,80000,10609,cheap,30,0.01,,cupy,4.9623946996654255e-14,2.4655368950334374e-15,960,418,418,,418,192,10609,25112,32593920,89456.0463057201,894560.4630572009,0.001,boxeig,20000,group_c,50,diag,0.001,50,auto,group_c,boxeig,501,502,9.931485893312948e-08,0,,,2,synthetic_true_func_2d_n300000000,False,NVIDIA A100-SXM4-40GB,cheap,192,0,192,192,0,0,2,35721,,,,,,,4.9623946996654255e-14,2.4655368950334374e-15,,,,,1e-05,boxeig,299999999.9996127,True,,nan,0,0,,nan,0,0,0,0,False,501.0,matern,0.1,1.5,1.0,,672400,3000,btab_boxeig_topk_8192_q192,189,502,501,75000000,300000000,3000,cufinufft,binned_c1,50,501,9.931485893312948e-08,pcg,converged,501,,True,0.1,0,552.0105234307598,0.0001226888834167436,0.01999999449143357,0,0.1,boxeig,ok,,0.0006527074442338886,0.32765913700541205,0.0004336884730547243,0.21727792500041687,2044451.5589106625,25112,,894560.4630572009,0.0022785739997743804,4.544032735103899e-05,0.022765604002870532,3.923390618083631e-05,0.01965618699659899,0.0002500000339336939,0.12525001700078064,0.35776552300012554,0.0,0.0,0.001072262999969098,0.0,5.7067155689320296e-05,0.02859064500034947,0.35669326000015644,,0.07860072500034221,1.5329745740000362,0.3605871750000915,1.544508744000268,1.2228296399998726,0.0,2.755804213999909,2.834404939000251,1e-07,,80000,v7_btab_boxeig
35721,expanded_box,topk,16384,,16384,0,"[72, 72]","[145, 145]",21025,topk,16384,,16384,80000,21025,cheap,30,0.01,,cupy,2.162361737462575e-14,2.2616091756693803e-15,960,418,418,,418,192,21025,14696,64591872,89456.59198378713,894565.9198378713,0.001,boxeig,20000,group_c,50,diag,0.001,50,auto,group_c,boxeig,409,410,9.862531012757919e-08,0,,,2,synthetic_true_func_2d_n300000000,False,NVIDIA A100-SXM4-40GB,cheap,192,0,192,192,0,0,2,35721,,,,,,,2.162361737462575e-14,2.2616091756693803e-15,,,,,1e-05,boxeig,299999999.9996127,True,,nan,0,0,,nan,0,0,0,0,False,409.0,matern,0.1,1.5,1.0,,1336336,3000,btab_boxeig_topk_16384_q192,189,410,409,75000000,300000000,3000,cufinufft,binned_c1,50,409,9.862531012757919e-08,pcg,converged,409,,True,0.1,0,102.54141764040138,0.00012125157753994857,0.019999987599463958,0,0.1,boxeig,ok,,0.0006615591756055836,0.2712392619982893,0.0004481536528053139,0.1832948439973734,482569.3279844036,14696,,894565.9198378713,0.0031460309996873548,4.647826404759026e-05,0.019009609995464416,4.019053055449071e-05,0.0164379269967867,0.00026035645721844014,0.10648579100234201,0.7345985280003333,0.0,0.0,0.001063762000285351,0.0,5.782393155087628e-05,0.023649988004308398,0.733534766000048,,0.0780690289998347,1.5329045209996366,0.7384040039996762,1.5381830650003394,1.4555765410000276,0.0,2.9884810619996642,3.066550090999499,1e-07,,80000,v7_btab_boxeig
35721,expanded_box,topk,16384,,16384,0,"[72, 72]","[145, 145]",21025,topk,16384,,16384,80000,21025,cheap,30,0.01,,cupy,3.512866721809532e-14,3.3906265544797745e-15,1280,546,546,,546,256,21025,14696,86122496,45062.59905896337,450625.9905896337,0.001,boxeig,20000,group_c,50,diag,0.001,50,auto,group_c,boxeig,291,292,9.420930577904967e-08,0,,,2,synthetic_true_func_2d_n300000000,False,NVIDIA A100-SXM4-40GB,cheap,256,0,256,256,0,0,2,35721,,,,,,,3.512866721809532e-14,3.3906265544797745e-15,,,,,1e-05,boxeig,299999999.9996127,True,,nan,0,0,,nan,0,0,0,0,False,291.0,matern,0.1,1.5,1.0,,1336336,3000,btab_boxeig_topk_16384_q256,189,292,291,75000000,300000000,3000,cufinufft,binned_c1,50,291,9.420930577904967e-08,pcg,converged,291,,True,0.1,0,102.54141764040138,0.0001212092066386666,0.01999998781815402,0,0.1,boxeig,ok,,0.0006667684828810969,0.19469639700128027,0.0004588537835108982,0.13352645100167138,482569.3279844036,14696,,450625.9905896337,0.0030908110002201283,4.680371476748918e-05,0.013619880997339351,4.0248999998907165e-05,0.011712458999681985,0.00027045563228341704,0.07870258899447435,1.6706597649999821,0.0,0.0,0.001062822999756463,0.0,5.838139520580666e-05,0.01698898600488974,1.6695969420002257,,0.10200442099994689,1.5322362020001492,1.6745236219999242,1.5410371739999391,2.1938381770000888,0.0,3.726074379000238,3.828078800000185,1e-07,,80000,v7_btab_boxeig
35721,expanded_box,topk,20480,,20480,0,"[80, 80]","[161, 161]",25921,topk,20480,,20480,80000,25921,cheap,30,0.01,,cupy,3.998625606965733e-14,2.5946381370858494e-15,960,418,418,,418,192,25921,9800,79632384,89456.6280743095,894566.280743095,0.001,boxeig,20000,group_c,50,diag,0.001,50,auto,group_c,boxeig,510,511,9.79556129862822e-08,0,,,2,synthetic_true_func_2d_n300000000,False,NVIDIA A100-SXM4-40GB,cheap,192,0,192,192,0,0,2,35721,,,,,,,3.998625606965733e-14,2.5946381370858494e-15,,,,,1e-05,boxeig,299999999.9996127,True,,nan,0,0,,nan,0,0,0,0,False,510.0,matern,0.1,1.5,1.0,,1648656,3000,btab_boxeig_topk_20480_q192,189,511,510,75000000,300000000,3000,cufinufft,binned_c1,50,510,9.79556129862822e-08,pcg,converged,510,,True,0.1,0,61.117451836374016,0.00012201383383922762,0.019999995379993807,0,0.1,boxeig,ok,,0.0006547003463996065,0.33455187701019895,0.0004544327431221081,0.23176069899227514,245733.59308476458,9800,,894566.280743095,0.0034718669999165286,4.585206666603221e-05,0.023384553999676427,4.009266861912158e-05,0.020447260995752004,0.0002681628254803774,0.13676304099499248,0.43104299700007687,0.0,0.0,0.004146305000176653,0.0,5.784028628434445e-05,0.02949854600501567,0.4268966919999002,,0.07933588600008079,1.532617681999909,0.43520434399988517,1.5457500980000987,1.3268601079998916,0.0,2.8594777899998007,2.9388136759998815,1e-07,,80000,v7_btab_boxeig
35721,expanded_box,topk,20480,,20480,0,"[80, 80]","[161, 161]",25921,topk,20480,,20480,80000,25921,cheap,30,0.01,,cupy,5.62494023218373e-14,3.7788034252248324e-15,1280,546,546,,546,256,25921,9800,106176512,45062.63596412849,450626.35964128486,0.001,boxeig,20000,group_c,50,diag,0.001,50,auto,group_c,boxeig,357,358,8.61698627253105e-08,0,,,2,synthetic_true_func_2d_n300000000,False,NVIDIA A100-SXM4-40GB,cheap,256,0,256,256,0,0,2,35721,,,,,,,5.62494023218373e-14,3.7788034252248324e-15,,,,,1e-05,boxeig,299999999.9996127,True,,nan,0,0,,nan,0,0,0,0,False,357.0,matern,0.1,1.5,1.0,,1648656,3000,btab_boxeig_topk_20480_q256,189,358,357,75000000,300000000,3000,cufinufft,binned_c1,50,357,8.61698627253105e-08,pcg,converged,357,,True,0.1,0,61.117451836374016,0.00012174693744510803,0.019999994028555526,0,0.1,boxeig,ok,,0.0006511457039036357,0.23311016199750156,0.0004672585882311754,0.1668113159985296,245733.59308476458,9800,,450626.35964128486,0.0036253929997656087,4.551339775809706e-05,0.01624828299964065,3.979972549458165e-05,0.014208502001565648,0.0002819039103760129,0.10063969600423661,0.5067232850001346,0.0,0.0,0.0012051359999531996,0.0,5.79325798310133e-05,0.02068193099967175,0.5055181490001814,,0.10647084900028858,1.5329472170001281,0.5111385979998886,1.529843007999716,1.1362598340001568,0.0,2.669207051000285,2.7756779000005736,1e-07,,80000,v7_btab_boxeig
35721,expanded_box,topk,20480,,20480,0,"[80, 80]","[161, 161]",25921,topk,20480,,20480,80000,25921,cheap,30,0.01,,cupy,1.2138614202194212e-13,6.7138168049376505e-15,1600,674,674,,674,320,25921,9800,132720640,26922.100695904235,269221.00695904234,0.001,boxeig,20000,group_c,50,diag,0.001,50,auto,group_c,boxeig,242,243,9.865268094749364e-08,0,,,2,synthetic_true_func_2d_n300000000,False,NVIDIA A100-SXM4-40GB,cheap,320,0,320,320,0,0,2,35721,,,,,,,1.2138614202194212e-13,6.7138168049376505e-15,,,,,1e-05,boxeig,299999999.9996127,True,,nan,0,0,,nan,0,0,0,0,False,242.0,matern,0.1,1.5,1.0,,1648656,3000,btab_boxeig_topk_20480_q320,189,243,242,75000000,300000000,3000,cufinufft,binned_c1,50,242,9.865268094749364e-08,pcg,converged,242,,True,0.1,0,61.117451836374016,0.00012109564226618207,0.019999990588456737,0,0.1,boxeig,ok,,0.0006707598641966157,0.16299464699977761,0.0005014984421378802,0.121362622997367,245733.59308476458,9800,,269221.00695904234,0.003446377999807737,4.642918181034023e-05,0.011235861998102337,4.061785537201968e-05,0.009829521000028763,0.0003134110000073558,0.0758454620017801,0.6241350330001296,0.0,0.0,0.0010345509999751812,0.0,5.804057849868401e-05,0.01404581999668153,0.6231004820001544,,0.1336925139999039,1.5324110790002123,0.6284973390002051,1.5330716920002487,1.0692133499996999,0.0,2.601624428999912,2.735316942999816,1e-07,,80000,v7_btab_boxeig
35721,expanded_box,topk,32768,,32768,0,"[94, 94]","[189, 189]",35721,topk,32768,,32768,80000,35721,cheap,30,0.01,,cupy,3.9644363033177987e-14,2.5737643943035473e-15,960,418,418,,418,192,35721,0,109737984,89456.65521530209,894566.5521530209,0.001,boxeig,20000,group_c,50,diag,0.001,50,auto,group_c,boxeig,253,254,9.378619144170497e-08,0,,,2,synthetic_true_func_2d_n300000000,False,NVIDIA A100-SXM4-40GB,cheap,192,0,192,192,0,0,2,35721,,,,,,,3.9644363033177987e-14,2.5737643943035473e-15,,,,,1e-05,boxeig,299999999.9996127,True,,nan,0,0,,nan,0,0,0,0,False,253.0,matern,0.1,1.5,1.0,,2274064,3000,btab_boxeig_topk_32768_q192,189,254,253,75000000,300000000,3000,cufinufft,binned_c1,50,253,9.378619144170497e-08,pcg,converged,253,,True,0.1,0,0.0,0.00012274161008047138,0.02000001104742531,0,0.1,boxeig,ok,,0.0006761201732459758,0.17173452400447786,0.0004539386205514214,0.11484647099950962,0.0,0,,894566.5521530209,0.004468001000077493,1.834811856989747e-05,0.00464207399818406,3.156263240274668e-05,0.00798534599789491,0.0003018951699713984,0.07637947800276379,0.4749700629995459,0.0,0.0,0.0010614469997562992,0.0,5.969777471597733e-05,0.015103537003142264,0.4739086159997896,,0.08180542499985677,1.5340089510000325,0.480266715000198,1.5504784930003552,0.9328319729997929,0.0,2.4668409239998255,2.5486463489996822,1e-07,,80000,v7_btab_boxeig
35721,expanded_box,topk,32768,,32768,0,"[94, 94]","[189, 189]",35721,topk,32768,,32768,80000,35721,cheap,30,0.01,,cupy,4.0334932434593556e-14,5.053390633035363e-15,1280,546,546,,546,256,35721,0,146317312,45062.6607479746,450626.607479746,0.001,boxeig,20000,group_c,50,diag,0.001,50,auto,group_c,boxeig,176,177,9.671660967199096e-08,0,,,2,synthetic_true_func_2d_n300000000,False,NVIDIA A100-SXM4-40GB,cheap,256,0,256,256,0,0,2,35721,,,,,,,4.0334932434593556e-14,5.053390633035363e-15,,,,,1e-05,boxeig,299999999.9996127,True,,nan,0,0,,nan,0,0,0,0,False,176.0,matern,0.1,1.5,1.0,,2274064,3000,btab_boxeig_topk_32768_q256,189,177,176,75000000,300000000,3000,cufinufft,binned_c1,50,176,9.671660967199096e-08,pcg,converged,176,,True,0.1,0,0.0,0.00012259606820547064,0.020000011256749703,0,0.1,boxeig,ok,,0.000678959288142205,0.12017579400117029,0.0005018519204482304,0.08832593799888855,0.0,0,,450626.607479746,0.004468528000415972,1.7702380665179423e-05,0.0031156189970715786,3.2316011377340395e-05,0.005687618002411909,0.0003510214488874846,0.06177977500419729,0.5001507249999122,0.0,0.0,0.000996407000002364,0.0,5.847667613972424e-05,0.010291895000591467,0.49915431799990984,,0.10781508299987763,1.5330845759999647,0.5055577500002073,1.548346790999858,0.8315124040000228,0.0,2.3645969799999875,2.472412062999865,1e-07,,80000,v7_btab_boxeig
35721,expanded_box,topk,32768,,32768,0,"[94, 94]","[189, 189]",35721,topk,32768,,32768,80000,35721,cheap,30,0.01,,cupy,1.6514666037662775e-13,6.999823239221393e-15,1600,674,674,,674,320,35721,0,182896640,26922.127470872474,269221.2747087247,0.001,boxeig,20000,group_c,50,diag,0.001,50,auto,group_c,boxeig,142,143,9.602176708152851e-08,0,,,2,synthetic_true_func_2d_n300000000,False,NVIDIA A100-SXM4-40GB,cheap,320,0,320,320,0,0,2,35721,,,,,,,1.6514666037662775e-13,6.999823239221393e-15,,,,,1e-05,boxeig,299999999.9996127,True,,nan,0,0,,nan,0,0,0,0,False,142.0,matern,0.1,1.5,1.0,,2274064,3000,btab_boxeig_topk_32768_q320,189,143,142,75000000,300000000,3000,cufinufft,binned_c1,50,142,9.602176708152851e-08,pcg,converged,142,,True,0.1,0,0.0,0.0001226527423145455,0.020000010943545917,0,0.1,boxeig,ok,,0.0006967960070288281,0.09964182900512242,0.0005741010915481242,0.08152235499983362,0.0,0,,269221.2747087247,0.004480150999825128,1.8236436606995583e-05,0.002589573998193373,3.291496477686451e-05,0.00467392499831476,0.0004030052957659791,0.05722675199876903,0.6712672049998218,0.0,0.0,0.0009282229998461844,0.0,7.697538730496143e-05,0.010930504997304524,0.6703389819999757,,0.13383517900001607,1.5336786960001518,0.6768436490001477,1.5327244250001968,0.9545446009997249,0.0,2.4882232969998768,2.622058475999893,1e-07,,80000,v7_btab_boxeig
35721,expanded_box,topk,35721,,35721,0,"[94, 94]","[189, 189]",35721,topk,35721,,35721,80000,35721,cheap,30,0.01,,cupy,3.349621592737147e-14,2.5574205130269054e-15,960,418,418,,418,192,35721,0,109737984,89456.65521530206,894566.5521530205,0.001,boxeig,20000,group_c,50,diag,0.001,50,auto,group_c,boxeig,253,254,9.110565720270774e-08,0,,,2,synthetic_true_func_2d_n300000000,False,NVIDIA A100-SXM4-40GB,cheap,192,0,192,192,0,0,2,35721,,,,,,,3.349621592737147e-14,2.5574205130269054e-15,,,,,1e-05,boxeig,299999999.9996127,True,,nan,0,0,,nan,0,0,0,0,False,253.0,matern,0.1,1.5,1.0,,2274064,3000,btab_boxeig_topk_35721_q192,189,254,253,75000000,300000000,3000,cufinufft,binned_c1,50,253,9.110565720270774e-08,pcg,converged,253,,True,0.1,0,0.0,0.0001227402122237079,0.020000011044883893,0,0.1,boxeig,ok,,0.000690468259865772,0.1753789380059061,0.0004702448893324983,0.11897195700112206,0.0,0,,894566.5521530205,0.004816055999981472,1.8124225316784898e-05,0.00458542900514658,3.2174213444198074e-05,0.008140076001382113,0.00031082312648592455,0.07863825100093891,1.684030489000179,0.0,0.0,0.0009915340001498407,0.0,6.652964033880269e-05,0.01683199900571708,1.683038955000029,,0.08155118099966785,1.533244580000428,1.6896768169999632,1.5382179620000898,2.1518247589997372,0.0,3.685069339000165,3.766620519999833,1e-07,,80000,v7_btab_boxeig
35721,expanded_box,topk,35721,,35721,0,"[94, 94]","[189, 189]",35721,topk,35721,,35721,80000,35721,cheap,30,0.01,,cupy,3.882537299153312e-14,4.8454189072947474e-15,1280,546,546,,546,256,35721,0,146317312,45062.660747974594,450626.60747974593,0.001,boxeig,20000,group_c,50,diag,0.001,50,auto,group_c,boxeig,176,177,9.647877758527908e-08,0,,,2,synthetic_true_func_2d_n300000000,False,NVIDIA A100-SXM4-40GB,cheap,256,0,256,256,0,0,2,35721,,,,,,,3.882537299153312e-14,4.8454189072947474e-15,,,,,1e-05,boxeig,299999999.9996127,True,,nan,0,0,,nan,0,0,0,0,False,176.0,matern,0.1,1.5,1.0,,2274064,3000,btab_boxeig_topk_35721_q256,189,177,176,75000000,300000000,3000,cufinufft,binned_c1,50,176,9.647877758527908e-08,pcg,converged,176,,True,0.1,0,0.0,0.0001225963063725229,0.020000011256988744,0,0.1,boxeig,ok,,0.0007059805254490941,0.12495855300448966,0.0005107820113633724,0.08989763399995354,0.0,0,,450626.60747974593,0.004614315000253555,1.8299125000257018e-05,0.0032206460000452353,3.31904318086758e-05,0.0058415159983269405,0.00035596076703696286,0.06264909499850546,0.4762976849997358,0.0,0.0,0.0009626799997022317,0.0,5.979551703593312e-05,0.01052401099832423,0.47533500500003356,,0.10960504900003798,1.5326018470000236,0.4818843940001898,1.5449795039999117,0.8164326529999926,0.0,2.349034500000016,2.458639549000054,1e-07,,80000,v7_btab_boxeig
35721,expanded_box,topk,35721,,35721,0,"[94, 94]","[189, 189]",35721,topk,35721,,35721,80000,35721,cheap,30,0.01,,cupy,4.951680756994706e-14,7.387708923739156e-15,1600,674,674,,674,320,35721,0,182896640,26922.127470872485,269221.2747087248,0.001,boxeig,20000,group_c,50,diag,0.001,50,auto,group_c,boxeig,144,145,9.123868437416676e-08,0,,,2,synthetic_true_func_2d_n300000000,False,NVIDIA A100-SXM4-40GB,cheap,320,0,320,320,0,0,2,35721,,,,,,,4.951680756994706e-14,7.387708923739156e-15,,,,,1e-05,boxeig,299999999.9996127,True,,nan,0,0,,nan,0,0,0,0,False,144.0,matern,0.1,1.5,1.0,,2274064,3000,btab_boxeig_topk_35721_q320,189,145,144,75000000,300000000,3000,cufinufft,binned_c1,50,144,9.123868437416676e-08,pcg,converged,144,,True,0.1,0,0.0,0.00012264640843493053,0.020000011004309995,0,0.1,boxeig,ok,,0.0006818799103304377,0.09887258699791346,0.0005495413055661578,0.07913394800152673,0.0,0,,269221.2747087248,0.004590208000081475,1.7899034696079576e-05,0.002577460996235459,3.251075000005383e-05,0.004681548000007751,0.0003977046597406621,0.05726947100265534,0.5954186210005901,0.0,0.0,0.0009392340002705168,0.0,5.8902020814204865e-05,0.0084818909972455,0.5944793870003195,,0.13464287999977387,1.5329388320001271,0.601064999999835,1.535075327999948,0.8754821519996767,0.0,2.408420983999804,2.5430638639995777,1e-07,,80000,v7_btab_boxeig
35721,,,,,,,,,,,,,,,,,,,,,,,,,,,,,,,,,,,,,group_c,,,,,,group_c,,2771,2772,9.904354647241299e-08,,,,2,synthetic_true_func_2d_n100000000,False,NVIDIA A100-SXM4-40GB,,,,,,,,2,35721,,,,,,,,,0,0,,,1e-05,,,True,,,,,,,,,,,False,2771.0,matern,0.1,1.5,1.0,,,80000,plain_cg,189,2772,,25000000,100000000,3000,cufinufft,cufinufft,,,,,,,,True,0.1,0,,0.00019931038492961958,0.020001308840828277,0,,,ok,,0.0006347609610405621,1.759557384004438,,,,,,,,,,,,,,,,,,,,,,,,1.0019553380002435,,0.5214648579999448,2.9895233510001162,,3.991479263000201,,1e-07,,80000,v1
35721,,,,,,,,,,,,,,,,,,,,,,,,,,,,,,,,,,,,,group_c,,,,,,group_c,,1239,1240,8.269315495703557e-08,,,nan,2,synthetic_true_func_2d_n100000000,False,NVIDIA A100-SXM4-40GB,,,,,,,,2,35721,72,3,nan,,160560.7017119259,0.011139176099418353,,,5,352,0.0005336320075121793,0.1878384666442871,1e-05,,,True,[],,,,,,,,,,False,1239.0,matern,0.1,1.5,1.0,nan,,3000,eigenpro_pcg_q64,189,1240,1239,25000000,100000000,3000,cufinufft,binned_c1,,,,,,,full_eigenpro,True,0.1,0,,0.00020258377625305087,0.02000132259026751,0,,,ok,,0.0006538728911356238,0.8108023850081736,0.0001868411565746724,0.2314961929960191,,,[],,,,,,,,,,,,,,,,,0.2228077659997325,,0.5304140500002177,0.0002881510004044685,0.5323030570002629,1.8386110369997368,,2.5921210040000915,,1e-07,64,80000,v3
35721,,,,,,,,,,,,,,,,,,,,,,,,,,,,,,,,,,,,,group_c,,,,,,group_c,,654,655,7.782431299347861e-08,,,nan,2,synthetic_true_func_2d_n100000000,False,NVIDIA A100-SXM4-40GB,,,,,,,,2,35721,136,3,nan,,60583.6798489432,0.004187556817637777,,,5,672,0.0005332312356858026,0.35833139038085937,1e-05,,,True,[],,,,,,,,,,False,654.0,matern,0.1,1.5,1.0,nan,,3000,eigenpro_pcg_q128,189,655,654,25000000,100000000,3000,cufinufft,binned_c1,,,,,,,full_eigenpro,True,0.1,0,,0.00020278542228636465,0.02000132620310129,0,,,ok,,0.0006556063939035278,0.42942218800681076,0.00021725004435336464,0.14208152900710047,,,[],,,,,,,,,,,,,,,,,0.42465537499992934,,0.5279274819999955,0.0003233440002077259,0.5133601480001744,0.9945203799998126,,1.9474265809999451,,1e-07,128,80000,v3
35721,,,,,,,,,,,,,,,,,,,,,,,,,,,,,,,,,,,,,group_c,,,,,,group_c,,339,340,9.030897448518142e-08,,,nan,2,synthetic_true_func_2d_n100000000,False,NVIDIA A100-SXM4-40GB,,,,,,,,2,35721,200,3,nan,,30752.255832565184,0.002124821475627361,,,5,992,0.0005480980642380253,0.5437132797241211,1e-05,,,True,[],,,,,,,,,,False,339.0,matern,0.1,1.5,1.0,nan,,3000,eigenpro_pcg_q192,189,340,339,25000000,100000000,3000,cufinufft,binned_c1,,,,,,,full_eigenpro,True,0.1,0,,0.00020261475055070372,0.020001337550346145,0,,,ok,,0.0006791782294171486,0.2309205980018305,0.00027231871092580495,0.09231604300384788,,,[],,,,,,,,,,,,,,,,,0.6439570559996355,,0.5288945420002165,0.00031453200017494964,0.5142307460000666,0.5517238900001757,,1.7248900200002026,,1e-07,192,80000,v3
35721,,,,,,,,,,,,,,,,,,,,,,,,,,,,,,,,,,,,,group_c,,,,,,group_c,,264,265,9.402956629306686e-08,,,nan,2,synthetic_true_func_2d_n100000000,False,NVIDIA A100-SXM4-40GB,,,,,,,,2,35721,264,3,nan,,18820.285202517472,0.0013002827850578226,,,5,1312,0.0005400101498859685,0.7084933166503906,1e-05,,,True,[],,,,,,,,,,False,264.0,matern,0.1,1.5,1.0,nan,,3000,eigenpro_pcg_q256,189,265,264,25000000,100000000,3000,cufinufft,binned_c1,,,,,,,full_eigenpro,True,0.1,0,,0.00020284494138094855,0.02000133627514229,0,,,ok,,0.0006498271698083559,0.17220419999921432,0.0003275468144035144,0.08647235900252781,,,[],,,,,,,,,,,,,,,,,0.8463975529998606,,0.5281323740000516,0.00030873100013195653,0.513547004999964,0.43038728600004106,,1.8052259440000853,,1e-07,256,80000,v3
35721,,,,,,,,,,,,,,,,,,,,,,,,,,,,,,,,,,,,,group_c,,,,,,group_c,,185,186,9.549276278928978e-08,,,nan,2,synthetic_true_func_2d_n100000000,False,NVIDIA A100-SXM4-40GB,,,,,,,,2,35721,328,3,nan,,12487.660367637245,0.000862744688900715,,,5,1632,0.0005567184336045209,0.9085644836425781,1e-05,,,True,[],,,,,,,,,,False,185.0,matern,0.1,1.5,1.0,nan,,3000,eigenpro_pcg_q320,189,186,185,25000000,100000000,3000,cufinufft,binned_c1,,,,,,,full_eigenpro,True,0.1,0,,0.00020268785410261175,0.02000134051204688,0,,,ok,,0.0006470962688219652,0.12035990600088553,0.0003750770000093522,0.06938924500173016,,,[],,,,,,,,,,,,,,,,,1.083028963000288,,0.5279648479995558,0.00032063799972092966,0.5114695719998963,0.3103544780001357,,1.9216689269997005,,1e-07,320,80000,v3
35721,expanded_box,topk,2048,,2048,0,"[25, 25]","[51, 51]",2601,topk,2048,,2048,80000,2601,cheap,30,0.01,,,,,,,,,,,,,,,,,inverse,20000,group_c,50,diag,0.001,50,auto,group_c,auto,392,393,9.869106949857012e-08,0,,,2,synthetic_true_func_2d_n100000000,False,NVIDIA A100-SXM4-40GB,cheap,0,0,0,0,0,0,2,35721,,,,,,,,,,,,,1e-05,inverse,99999999.99987091,True,,nan,0,50,diag,0.001,0,0,0,108243216,False,392.0,matern,0.1,1.5,1.0,,0,3000,btab_auto_topk_2048,189,393,392,25000000,100000000,3000,cufinufft,binned_c1,50,392,9.869106949857012e-08,pcg,converged,392,,True,0.1,0,5454.774475023667,0.00020253914890567951,0.020001313330166456,0,0.1,exact,ok,,0.0006710422849927276,0.26371961800214194,0.00035467000510978474,0.1390306420030356,6302111.968147907,33120,,,0.001758510999934515,4.854899491164713e-05,0.019031206005365675,4.368569897664833e-05,0.017124793998846144,0.00015935329335373965,0.062466490994665946,0.2082467860000179,0.1854399859998921,0.014148595999813551,0.0,0.007057667000026413,5.905026020688025e-05,0.02314770200109706,,,0.0003951410003537603,0.5284527060002802,0.2110031209999761,0.5169854239998131,0.8703328749998036,0.00160053700028584,1.3987855810000838,1.3991807220004375,1e-07,,80000,v6_btab
35721,expanded_box,topk,4096,,4096,0,"[36, 36]","[73, 73]",5329,topk,4096,,4096,80000,5329,cheap,30,0.01,,,,,,,,,,,,,,,,,inverse,20000,group_c,50,diag,0.001,50,auto,group_c,auto,182,183,9.873050016140079e-08,0,,,2,synthetic_true_func_2d_n100000000,False,NVIDIA A100-SXM4-40GB,cheap,0,0,0,0,0,0,2,35721,,,,,,,,,,,,,1e-05,inverse,99999999.99987091,True,,nan,0,50,diag,0.001,0,0,0,454371856,False,182.0,matern,0.1,1.5,1.0,,0,3000,btab_auto_topk_4096,189,183,182,25000000,100000000,3000,cufinufft,binned_c1,50,182,9.873050016140079e-08,pcg,converged,182,,True,0.1,0,983.85446104064,0.00020249615074759993,0.020001312936597532,0,0.1,exact,ok,,0.0006460279835893167,0.11822312099684495,0.0006070463186940718,0.11048243000232105,2124139.946790332,30392,,,0.0018991500000993256,4.420403844640852e-05,0.00804513499724635,4.449944508401181e-05,0.00809889900529015,0.0004173658736253056,0.07596058899980562,0.8772448660001828,0.7513200039998083,0.09497384400037845,0.0,0.02487467899982221,5.7054368136340307e-05,0.010383895000813936,,,0.0003011409999089665,0.5286928740001713,0.880365207000068,0.5158507040000586,1.2245723109999744,0.006076339000173903,1.7532651850001457,1.7535663260000547,1e-07,,80000,v6_btab
35721,expanded_box,topk,4096,,4096,0,"[36, 36]","[73, 73]",5329,topk,4096,,4096,80000,5329,cheap,30,0.01,,cupy,1.0888701485215108e-14,1.3835177663284604e-15,640,290,290,,290,128,5329,30392,10915840,69230.91942641459,692309.1942641459,0.001,boxeig,20000,group_c,50,diag,0.001,50,auto,group_c,boxeig,709,710,9.627349313984256e-08,0,,,2,synthetic_true_func_2d_n100000000,False,NVIDIA A100-SXM4-40GB,cheap,128,0,128,128,0,0,2,35721,,,,,,,1.0888701485215108e-14,1.3835177663284604e-15,,,,,1e-05,boxeig,99999999.99987091,True,,nan,0,0,,nan,0,0,0,0,False,709.0,matern,0.1,1.5,1.0,,336400,3000,btab_boxeig_topk_4096_q128,189,710,709,25000000,100000000,3000,cufinufft,binned_c1,50,709,9.627349313984256e-08,pcg,converged,709,,True,0.1,0,983.85446104064,0.0002023120781941571,0.020001312038228223,0,0.1,boxeig,ok,,0.0006503851267623272,0.4617734400012523,0.00043144355994818536,0.30589348400326344,2124139.946790332,30392,,692309.1942641459,0.0018776980000438925,4.5029345560174725e-05,0.03192580600216388,3.927123412974148e-05,0.027843304997986706,0.000248420362489916,0.17613003700535046,0.24098384399985662,0.0,0.0,0.0010550169999987702,0.0,5.710913257210698e-05,0.040490374993623846,0.23992882699985785,,0.052315769999950135,0.5280943220000154,0.24333012999977655,0.5143972220002979,1.458485544999803,0.0,1.9865798669998185,2.0388956369997686,1e-07,,80000,v7_btab_boxeig
35721,expanded_box,topk,4096,,4096,0,"[36, 36]","[73, 73]",5329,topk,4096,,4096,80000,5329,cheap,30,0.01,,cupy,4.3459624885375276e-14,1.9855927287410532e-15,960,418,418,,418,192,5329,30392,16373760,29814.07827683823,298140.7827683823,0.001,boxeig,20000,group_c,50,diag,0.001,50,auto,group_c,boxeig,304,305,7.584563479230889e-08,0,,,2,synthetic_true_func_2d_n100000000,False,NVIDIA A100-SXM4-40GB,cheap,192,0,192,192,0,0,2,35721,,,,,,,4.3459624885375276e-14,1.9855927287410532e-15,,,,,1e-05,boxeig,99999999.99987091,True,,nan,0,0,,nan,0,0,0,0,False,304.0,matern,0.1,1.5,1.0,,336400,3000,btab_boxeig_topk_4096_q192,189,305,304,25000000,100000000,3000,cufinufft,binned_c1,50,304,7.584563479230889e-08,pcg,converged,304,,True,0.1,0,983.85446104064,0.00020227447599312345,0.020001312916107433,0,0.1,boxeig,ok,,0.0006974469999834985,0.21272133499496704,0.00045477030923279926,0.13825017400677098,2124139.946790332,30392,,298140.7827683823,0.0019730929998331703,4.686925327453202e-05,0.014248252995457733,4.062325330784532e-05,0.012349469005584979,0.00026344997367513506,0.08008879199724106,1.1474651300000005,0.0,0.0,0.0011163409999426221,0.0,6.010000329357162e-05,0.018270401001245773,1.1463487890000579,,0.07847470899969267,0.5285502189999534,1.1499674140000025,0.5198166790000869,1.7030118190000394,0.0,2.2315620379999928,2.3100367469996854,1e-07,,80000,v7_btab_boxeig
35721,expanded_box,topk,8192,,8192,0,"[51, 51]","[103, 103]",10609,topk,8192,,8192,80000,10609,cheap,30,0.01,,cupy,1.3321309358659597e-14,1.4749026039944758e-15,640,290,290,,290,128,10609,25112,21729280,69232.21383626368,692322.1383626367,0.001,boxeig,20000,group_c,50,diag,0.001,50,auto,group_c,boxeig,551,552,8.852982359601901e-08,0,,,2,synthetic_true_func_2d_n100000000,False,NVIDIA A100-SXM4-40GB,cheap,128,0,128,128,0,0,2,35721,,,,,,,1.3321309358659597e-14,1.4749026039944758e-15,,,,,1e-05,boxeig,99999999.99987091,True,,nan,0,0,,nan,0,0,0,0,False,551.0,matern,0.1,1.5,1.0,,672400,3000,btab_boxeig_topk_8192_q128,189,552,551,25000000,100000000,3000,cufinufft,binned_c1,50,551,8.852982359601901e-08,pcg,converged,551,,True,0.1,0,184.0035066531191,0.00020241062780353947,0.020001315217189248,0,0.1,boxeig,ok,,0.000652809547107714,0.3603508700034581,0.0004337718910920341,0.2390083119917108,681483.8486543928,25112,,692322.1383626367,0.0022741180000593886,4.55084573620847e-05,0.025075160006508668,3.961238838592296e-05,0.02182642600064355,0.0002490184029052224,0.13720914000077755,0.24571244799972192,0.0,0.0,0.0010857809998015,0.0,5.7332442824629436e-05,0.03159017599637082,0.24462666699992042,,0.053175773000020854,0.5276548870001534,0.24845756400009122,0.5154485719999684,1.197542599999906,0.0,1.7251974870000595,1.7783732600000803,1e-07,,80000,v7_btab_boxeig
35721,expanded_box,topk,8192,,8192,0,"[51, 51]","[103, 103]",10609,topk,8192,,8192,80000,10609,cheap,30,0.01,,cupy,1.8760170223797022e-14,1.9404495111423825e-15,960,418,418,,418,192,10609,25112,32593920,29815.431247699475,298154.3124769947,0.001,boxeig,20000,group_c,50,diag,0.001,50,auto,group_c,boxeig,371,372,8.309266200103761e-08,0,,,2,synthetic_true_func_2d_n100000000,False,NVIDIA A100-SXM4-40GB,cheap,192,0,192,192,0,0,2,35721,,,,,,,1.8760170223797022e-14,1.9404495111423825e-15,,,,,1e-05,boxeig,99999999.99987091,True,,nan,0,0,,nan,0,0,0,0,False,371.0,matern,0.1,1.5,1.0,,672400,3000,btab_boxeig_topk_8192_q192,189,372,371,25000000,100000000,3000,cufinufft,binned_c1,50,371,8.309266200103761e-08,pcg,converged,371,,True,0.1,0,184.0035066531191,0.0002023428308337948,0.020001314401745022,0,0.1,boxeig,ok,,0.000665027978492793,0.247390407999319,0.00043850751212888117,0.1626862869998149,681483.8486543928,25112,,298154.3124769947,0.0022571449999304605,4.606769271956459e-05,0.017091113998958463,3.959629917870316e-05,0.014690226995298872,0.00025234774661435274,0.09362101399392486,0.359887745999913,0.0,0.0,0.001061540000137029,0.0,5.789896765464322e-05,0.021480516999872634,0.358826205999776,,0.0796666239998558,0.527540245000182,0.36264241500020944,0.5146106659999532,1.0114086199996564,0.0,1.5389488649998384,1.6186154889996942,1e-07,,80000,v7_btab_boxeig
35721,expanded_box,topk,16384,,16384,0,"[72, 72]","[145, 145]",21025,topk,16384,,16384,80000,21025,cheap,30,0.01,,cupy,2.4484565172542975e-14,2.05193094978803e-15,960,418,418,,418,192,21025,14696,64591872,29815.613419744226,298156.13419744227,0.001,boxeig,20000,group_c,50,diag,0.001,50,auto,group_c,boxeig,463,464,9.911671607526237e-08,0,,,2,synthetic_true_func_2d_n100000000,False,NVIDIA A100-SXM4-40GB,cheap,192,0,192,192,0,0,2,35721,,,,,,,2.4484565172542975e-14,2.05193094978803e-15,,,,,1e-05,boxeig,99999999.99987091,True,,nan,0,0,,nan,0,0,0,0,False,463.0,matern,0.1,1.5,1.0,,1336336,3000,btab_boxeig_topk_16384_q192,189,464,463,25000000,100000000,3000,cufinufft,binned_c1,50,463,9.911671607526237e-08,pcg,converged,463,,True,0.1,0,34.18047233000268,0.00020154555489102408,0.02000131736536617,0,0.1,boxeig,ok,,0.000667437105609428,0.30969081700277457,0.0004479992159884413,0.20742363700264832,160856.4416384892,14696,,298156.13419744227,0.0030877829999553796,4.6025570198245405e-05,0.021309839001787623,3.987457235784241e-05,0.018461927001681033,0.0002605071360741762,0.12061480400234359,0.37824697799987916,0.0,0.0,0.001053230999787047,0.0,5.900477323551846e-05,0.027319210008045047,0.3771937470000921,,0.07811543800016807,0.528047018000052,0.38199600400002964,0.5166015310001058,1.1979610540001886,0.0,1.7260080720002406,1.8041235100004087,1e-07,,80000,v7_btab_boxeig
35721,expanded_box,topk,16384,,16384,0,"[72, 72]","[145, 145]",21025,topk,16384,,16384,80000,21025,cheap,30,0.01,,cupy,6.03196157504768e-14,4.948818451252986e-15,1280,546,546,,546,256,21025,14696,86122496,15021.511897326858,150215.11897326857,0.001,boxeig,20000,group_c,50,diag,0.001,50,auto,group_c,boxeig,332,333,7.830620814868652e-08,0,,,2,synthetic_true_func_2d_n100000000,False,NVIDIA A100-SXM4-40GB,cheap,256,0,256,256,0,0,2,35721,,,,,,,6.03196157504768e-14,4.948818451252986e-15,,,,,1e-05,boxeig,99999999.99987091,True,,nan,0,0,,nan,0,0,0,0,False,332.0,matern,0.1,1.5,1.0,,1336336,3000,btab_boxeig_topk_16384_q256,189,333,332,25000000,100000000,3000,cufinufft,binned_c1,50,332,7.830620814868652e-08,pcg,converged,332,,True,0.1,0,34.18047233000268,0.00020151423319924843,0.0200013171786495,0,0.1,boxeig,ok,,0.000671834933933775,0.22372103299994706,0.0004535910512152123,0.15059222900345048,160856.4416384892,14696,,150215.11897326857,0.003116035999937594,4.626344880773148e-05,0.01535946500416685,4.0076265060842084e-05,0.013305320000199572,0.0002659578945807529,0.08829802100080997,0.4620539270003974,0.0,0.0,0.0010518430003685353,0.0,5.828049697345661e-05,0.019349124995187594,0.46100208400002884,,0.10036884300006932,0.5275980609999351,0.4659227839997584,0.5131096969998907,1.0547251399998459,0.0,1.582323200999781,1.6826920439998503,1e-07,,80000,v7_btab_boxeig
35721,expanded_box,topk,20480,,20480,0,"[80, 80]","[161, 161]",25921,topk,20480,,20480,80000,25921,cheap,30,0.01,,cupy,3.2710780608663256e-14,2.4893293964086278e-15,960,418,418,,418,192,25921,9800,79632384,29815.62549253874,298156.2549253874,0.001,boxeig,20000,group_c,50,diag,0.001,50,auto,group_c,boxeig,428,429,9.726981794248788e-08,0,,,2,synthetic_true_func_2d_n100000000,False,NVIDIA A100-SXM4-40GB,cheap,192,0,192,192,0,0,2,35721,,,,,,,3.2710780608663256e-14,2.4893293964086278e-15,,,,,1e-05,boxeig,99999999.99987091,True,,nan,0,0,,nan,0,0,0,0,False,428.0,matern,0.1,1.5,1.0,,1648656,3000,btab_boxeig_topk_20480_q192,189,429,428,25000000,100000000,3000,cufinufft,binned_c1,50,428,9.726981794248788e-08,pcg,converged,428,,True,0.1,0,20.372483816026225,0.0002024791631664328,0.020001320870247044,0,0.1,boxeig,ok,,0.0006562902913767794,0.28154853500063837,0.00045377192522120705,0.1942143839946766,81911.19717359895,9800,,298156.2549253874,0.0034679930004131165,4.5363792057253355e-05,0.019415703000504436,4.004446963289045e-05,0.017139033002877113,0.0002681142640089704,0.11475290499583934,0.3606472770002256,0.0,0.0,0.0010489139999663166,0.0,5.791860981444868e-05,0.024789165000584035,0.35959836300025927,,0.0793352299997423,0.5275424690003092,0.3648250960000041,0.5121891869998763,1.1136553299998013,0.0,1.6411977990001105,1.7205330289998528,1e-07,,80000,v7_btab_boxeig
35721,expanded_box,topk,20480,,20480,0,"[80, 80]","[161, 161]",25921,topk,20480,,20480,80000,25921,cheap,30,0.01,,cupy,3.800951066118356e-14,4.900881242963876e-15,1280,546,546,,546,256,25921,9800,106176512,15021.524253403602,150215.24253403602,0.001,boxeig,20000,group_c,50,diag,0.001,50,auto,group_c,boxeig,312,313,8.532089613397665e-08,0,,,2,synthetic_true_func_2d_n100000000,False,NVIDIA A100-SXM4-40GB,cheap,256,0,256,256,0,0,2,35721,,,,,,,3.800951066118356e-14,4.900881242963876e-15,,,,,1e-05,boxeig,99999999.99987091,True,,nan,0,0,,nan,0,0,0,0,False,312.0,matern,0.1,1.5,1.0,,1648656,3000,btab_boxeig_topk_20480_q256,189,313,312,25000000,100000000,3000,cufinufft,binned_c1,50,312,8.532089613397665e-08,pcg,converged,312,,True,0.1,0,20.372483816026225,0.0002023688376526858,0.020001320420959787,0,0.1,boxeig,ok,,0.0006683648785916614,0.20919820699919,0.0004759858076900295,0.1485075719992892,81911.19717359895,9800,,150215.24253403602,0.0035388239998610516,4.63512467828691e-05,0.01446158899625516,4.089987820722084e-05,0.012760762000652903,0.00028714638783319455,0.0895896730039567,0.4817113890003384,0.0,0.0,0.0011681210003189335,0.0,5.851763461642361e-05,0.018257502000324166,0.48054326800001945,,0.10887135600023612,0.5284613079998053,0.4860601410000527,0.517595080999854,1.047909964000155,0.0,1.5763712719999603,1.6852426280001964,1e-07,,80000,v7_btab_boxeig
35721,expanded_box,topk,20480,,20480,0,"[80, 80]","[161, 161]",25921,topk,20480,,20480,80000,25921,cheap,30,0.01,,cupy,4.9322843045826196e-14,7.02970764852312e-15,1600,674,674,,674,320,25921,9800,132720640,8974.336552120565,89743.36552120565,0.001,boxeig,20000,group_c,50,diag,0.001,50,auto,group_c,boxeig,240,241,9.733045346541668e-08,0,,,2,synthetic_true_func_2d_n100000000,False,NVIDIA A100-SXM4-40GB,cheap,320,0,320,320,0,0,2,35721,,,,,,,4.9322843045826196e-14,7.02970764852312e-15,,,,,1e-05,boxeig,99999999.99987091,True,,nan,0,0,,nan,0,0,0,0,False,240.0,matern,0.1,1.5,1.0,,1648656,3000,btab_boxeig_topk_20480_q320,189,241,240,25000000,100000000,3000,cufinufft,binned_c1,50,240,9.733045346541668e-08,pcg,converged,240,,True,0.1,0,20.372483816026225,0.00020223448046844967,0.02000131998720893,0,0.1,boxeig,ok,,0.0006725906722111863,0.1620943520028959,0.0005031102624892962,0.12074646299743108,81911.19717359895,9800,,89743.36552120565,0.0035185090000595665,4.6663258338715725e-05,0.011199182001291774,4.134889582777153e-05,0.009923734998665168,0.00031374123750538274,0.07529789700129186,0.5974697890001153,0.0,0.0,0.0011080869999204879,0.0,5.851503750401813e-05,0.014043609000964352,0.5963617020001948,,0.13422203500022079,0.5278358010000375,0.6018869879999329,0.5159649249999347,1.0419455659998675,0.0,1.569781366999905,1.7040034020001258,1e-07,,80000,v7_btab_boxeig
35721,expanded_box,topk,32768,,32768,0,"[94, 94]","[189, 189]",35721,topk,32768,,32768,80000,35721,cheap,30,0.01,,cupy,2.431954759041479e-14,2.9439789842036255e-15,960,418,418,,418,192,35721,0,109737984,29815.63464895471,298156.3464895471,0.001,boxeig,20000,group_c,50,diag,0.001,50,auto,group_c,boxeig,302,303,9.129395077693803e-08,0,,,2,synthetic_true_func_2d_n100000000,False,NVIDIA A100-SXM4-40GB,cheap,192,0,192,192,0,0,2,35721,,,,,,,2.431954759041479e-14,2.9439789842036255e-15,,,,,1e-05,boxeig,99999999.99987091,True,,nan,0,0,,nan,0,0,0,0,False,302.0,matern,0.1,1.5,1.0,,2274064,3000,btab_boxeig_topk_32768_q192,189,303,302,25000000,100000000,3000,cufinufft,binned_c1,50,302,9.129395077693803e-08,pcg,converged,302,,True,0.1,0,0.0,0.00020260240400741752,0.02000133765945584,0,0.1,boxeig,ok,,0.0006806450693078743,0.20623545600028592,0.000455938649028158,0.13769347200650373,0.0,0,,298156.3464895471,0.004601991000072303,1.789298013461681e-05,0.005403680000654276,3.1449218531874884e-05,0.009497663996626216,0.0003045201225291592,0.09196507700380607,0.39345046499965974,0.0,0.0,0.0009856749998107261,0.0,5.987797349549534e-05,0.018083147995639592,0.392464789999849,,0.0813037150001037,0.5297941970002285,0.3990197389998684,0.5141314409997904,0.9436545929997919,0.0,1.4734487900000204,1.554752505000124,1e-07,,80000,v7_btab_boxeig
35721,expanded_box,topk,32768,,32768,0,"[94, 94]","[189, 189]",35721,topk,32768,,32768,80000,35721,cheap,30,0.01,,cupy,7.606176985263938e-14,5.63726267545513e-15,1280,546,546,,546,256,35721,0,146317312,15021.532600352804,150215.32600352803,0.001,boxeig,20000,group_c,50,diag,0.001,50,auto,group_c,boxeig,208,209,9.937749941172147e-08,0,,,2,synthetic_true_func_2d_n100000000,False,NVIDIA A100-SXM4-40GB,cheap,256,0,256,256,0,0,2,35721,,,,,,,7.606176985263938e-14,5.63726267545513e-15,,,,,1e-05,boxeig,99999999.99987091,True,,nan,0,0,,nan,0,0,0,0,False,208.0,matern,0.1,1.5,1.0,,2274064,3000,btab_boxeig_topk_32768_q256,189,209,208,25000000,100000000,3000,cufinufft,binned_c1,50,208,9.937749941172147e-08,pcg,converged,208,,True,0.1,0,0.0,0.0002026534445778928,0.020001340665660446,0,0.1,boxeig,ok,,0.0006692828612410646,0.1398801179993825,0.0004978621345952223,0.10355532399580625,0.0,0,,150215.32600352803,0.00447751599995172,1.7519384589202393e-05,0.0036440319945540978,3.1750326915978527e-05,0.006604067998523533,0.00034766777403660853,0.07231489699961458,0.5014967699999033,0.0,0.0,0.0009935799998856965,0.0,5.927322115002635e-05,0.012328829999205482,0.5005031900000176,,0.11003047499980312,0.5271864329997697,0.5069211319996612,0.5151256519998242,0.8865152350003882,0.0,1.413701668000158,1.523732142999961,1e-07,,80000,v7_btab_boxeig
35721,expanded_box,topk,32768,,32768,0,"[94, 94]","[189, 189]",35721,topk,32768,,32768,80000,35721,cheap,30,0.01,,cupy,8.467680775595866e-14,6.925844889256489e-15,1600,674,674,,674,320,35721,0,182896640,8974.345504034527,89743.45504034526,0.001,boxeig,20000,group_c,50,diag,0.001,50,auto,group_c,boxeig,147,148,9.702637181822747e-08,0,,,2,synthetic_true_func_2d_n100000000,False,NVIDIA A100-SXM4-40GB,cheap,320,0,320,320,0,0,2,35721,,,,,,,8.467680775595866e-14,6.925844889256489e-15,,,,,1e-05,boxeig,99999999.99987091,True,,nan,0,0,,nan,0,0,0,0,False,147.0,matern,0.1,1.5,1.0,,2274064,3000,btab_boxeig_topk_32768_q320,189,148,147,25000000,100000000,3000,cufinufft,binned_c1,50,147,9.702637181822747e-08,pcg,converged,147,,True,0.1,0,0.0,0.00020270276668883655,0.02000134523276048,0,0.1,boxeig,ok,,0.0006798712837600171,0.10062094999648252,0.0005504025101781365,0.08090916899618605,0.0,0,,89743.45504034526,0.004489941999963776,1.7688278940793953e-05,0.002600177004296711,3.2549122444871336e-05,0.004784720999396086,0.00039775574829209725,0.05847009499893829,0.6046518150001248,0.0,0.0,0.0009728899999572604,0.0,6.013745581674279e-05,0.00884020600506119,0.6036789250001675,,0.13698825200026477,0.5277163390001078,0.6102163939999627,0.51290804700011,0.889375070999904,0.0,1.4170914100000118,1.5540796620002766,1e-07,,80000,v7_btab_boxeig
35721,expanded_box,topk,35721,,35721,0,"[94, 94]","[189, 189]",35721,topk,35721,,35721,80000,35721,cheap,30,0.01,,cupy,2.2051402065810984e-14,2.413161991164401e-15,960,418,418,,418,192,35721,0,109737984,29815.634648954718,298156.34648954717,0.001,boxeig,20000,group_c,50,diag,0.001,50,auto,group_c,boxeig,301,302,9.843661475898976e-08,0,,,2,synthetic_true_func_2d_n100000000,False,NVIDIA A100-SXM4-40GB,cheap,192,0,192,192,0,0,2,35721,,,,,,,2.2051402065810984e-14,2.413161991164401e-15,,,,,1e-05,boxeig,99999999.99987091,True,,nan,0,0,,nan,0,0,0,0,False,301.0,matern,0.1,1.5,1.0,,2274064,3000,btab_boxeig_topk_35721_q192,189,302,301,25000000,100000000,3000,cufinufft,binned_c1,50,301,9.843661475898976e-08,pcg,converged,301,,True,0.1,0,0.0,0.00020260694676079824,0.0200013378727778,0,0.1,boxeig,ok,,0.000664912327817926,0.20080352300101367,0.00044459184718835483,0.1338221460036948,0.0,0,,298156.34648954717,0.0046435440003733675,1.720934219716534e-05,0.005180012001346768,3.147782058854575e-05,0.00947482399715227,0.0002964604418593808,0.08923459299967362,0.36620628899981966,0.0,0.0,0.000975435999862384,0.0,5.8062398687393836e-05,0.017476782004905544,0.3652308529999573,,0.08116751199986538,0.5285745709998082,0.37171873900024366,0.516057796000041,0.9010100370001055,0.0,1.4295846079999137,1.510752119999779,1e-07,,80000,v7_btab_boxeig
35721,expanded_box,topk,35721,,35721,0,"[94, 94]","[189, 189]",35721,topk,35721,,35721,80000,35721,cheap,30,0.01,,cupy,5.2347650227398035e-14,3.907914554922389e-15,1280,546,546,,546,256,35721,0,146317312,15021.532600352808,150215.32600352808,0.001,boxeig,20000,group_c,50,diag,0.001,50,auto,group_c,boxeig,208,209,9.964164691273854e-08,0,,,2,synthetic_true_func_2d_n100000000,False,NVIDIA A100-SXM4-40GB,cheap,256,0,256,256,0,0,2,35721,,,,,,,5.2347650227398035e-14,3.907914554922389e-15,,,,,1e-05,boxeig,99999999.99987091,True,,nan,0,0,,nan,0,0,0,0,False,208.0,matern,0.1,1.5,1.0,,2274064,3000,btab_boxeig_topk_35721_q256,189,209,208,25000000,100000000,3000,cufinufft,binned_c1,50,208,9.964164691273854e-08,pcg,converged,208,,True,0.1,0,0.0,0.00020265177566339715,0.020001340664462037,0,0.1,boxeig,ok,,0.0006698262392401114,0.13999368400118328,0.0004979852403721452,0.1035809299974062,0.0,0,,150215.32600352808,0.004672662999837485,1.7317500012180833e-05,0.003602040002533613,3.2036711543854e-05,0.006663636001121631,0.00034730238941996016,0.07223889699935171,0.4804923270003201,0.0,0.0,0.0010553020001680125,0.0,5.964679804894611e-05,0.01240653399418079,0.47943702500015206,,0.10670939900001031,0.5284230919996844,0.4861343590000615,0.5131803400004173,0.8667138159999013,0.0,1.3951369079995857,1.501846306999596,1e-07,,80000,v7_btab_boxeig
35721,expanded_box,topk,35721,,35721,0,"[94, 94]","[189, 189]",35721,topk,35721,,35721,80000,35721,cheap,30,0.01,,cupy,6.215845169429552e-14,6.5862299335699795e-15,1600,674,674,,674,320,35721,0,182896640,8974.345504034518,89743.45504034517,0.001,boxeig,20000,group_c,50,diag,0.001,50,auto,group_c,boxeig,147,148,9.702916365371169e-08,0,,,2,synthetic_true_func_2d_n100000000,False,NVIDIA A100-SXM4-40GB,cheap,320,0,320,320,0,0,2,35721,,,,,,,6.215845169429552e-14,6.5862299335699795e-15,,,,,1e-05,boxeig,99999999.99987091,True,,nan,0,0,,nan,0,0,0,0,False,147.0,matern,0.1,1.5,1.0,,2274064,3000,btab_boxeig_topk_35721_q320,189,148,147,25000000,100000000,3000,cufinufft,binned_c1,50,147,9.702916365371169e-08,pcg,converged,147,,True,0.1,0,0.0,0.00020270270610089563,0.020001345232767767,0,0.1,boxeig,ok,,0.0006871445878373748,0.10169739899993147,0.0005530094489660435,0.08129238899800839,0.0,0,,89743.45504034517,0.0046171989997674245,1.7873285720443598e-05,0.0026273730009052088,3.3036605479853226e-05,0.004856381005538424,0.0003988037483086249,0.058624151001367864,0.5951664200001687,0.0,0.0,0.0009322030000475934,0.0,6.067242858469919e-05,0.00891884700195078,0.5942342170001211,,0.1329085480001595,0.5276680199999646,0.6008896000003006,0.51480809900022,0.8829298910000034,0.0,1.410597910999968,1.5435064590001275,1e-07,,80000,v7_btab_boxeig
35721,,,,,,,,,,,,,,,,,,,,,,,,,,,,,,,,,,,,,group_c,,,,,,group_c,,22394,22395,8.807500395231929e-08,,,,2,USGS_LPC_IL_Winnebago_2018_ground_elevation_regression_ntrain300000000,False,NVIDIA A100-SXM4-40GB,,,,,,,,2,35721,,,,,,,,,0,0,,,1e-05,,,True,,,,,,,,,,,False,22394.0,matern,0.1,1.5,1.0,,,80000,plain_cg,189,22395,,75000000,300000000,3000,cufinufft,cufinufft,,,,,,,,True,0.1,0,,0.11061070999173822,0.11060343453677132,0,,,ok,,0.0006433959809776113,14.408852993993605,,,,,,,,,,,,,,,,,,,,,,,,3.4379128250002395,,1.6985724090000076,24.512450856000214,,27.950364359000105,,1e-07,,80000,v1
35721,,,,,,,,,,,,,,,,,,,,,,,,,,,,,,,,,,,,,group_c,,,,,,group_c,,3000,3001,2.1782367953041987e-07,,,nan,2,USGS_LPC_IL_Winnebago_2018_ground_elevation_regression_ntrain300000000,False,NVIDIA A100-SXM4-40GB,,,,,,,,2,35721,72,3,nan,,52520.30047492118,0.0005950456972264841,,,5,352,0.000531322175806219,0.18702540588378908,1e-05,,,True,[],,,,,,,,,,False,3000.0,matern,0.1,1.5,1.0,nan,,3000,eigenpro_pcg_q64,189,3001,3001,75000000,300000000,3000,cufinufft,binned_c1,,,,,,,full_eigenpro,True,0.1,0,,0.11058296430900007,0.11057592298922152,0,,,ok,,0.0006509523812065511,1.95350809600086,0.00018824135621647403,0.5649123100056386,,,[],,,,,,,,,,,,,,,,,0.2219861309999942,,1.55530634500019,0.00029624399985550554,1.6902909199998248,4.450323326000216,,6.227912046000256,,1e-07,64,80000,v3
35721,,,,,,,,,,,,,,,,,,,,,,,,,,,,,,,,,,,,,group_c,,,,,,group_c,,1420,1421,9.227778315359752e-08,,,nan,2,USGS_LPC_IL_Winnebago_2018_ground_elevation_regression_ntrain300000000,False,NVIDIA A100-SXM4-40GB,,,,,,,,2,35721,136,3,nan,,16389.672722636144,0.00018568869052421145,,,5,672,0.0005289386681147984,0.3554467849731445,1e-05,,,True,[],,,,,,,,,,False,1420.0,matern,0.1,1.5,1.0,nan,,3000,eigenpro_pcg_q128,189,1421,1420,75000000,300000000,3000,cufinufft,binned_c1,,,,,,,full_eigenpro,True,0.1,0,,0.11058294541409226,0.11057590241046245,0,,,ok,,0.0006478985024668226,0.920663772005355,0.00021538130843855725,0.3058414579827513,,,[],,,,,,,,,,,,,,,,,0.421763682999881,,1.5547802050000428,0.0003065430000788183,1.6796767339997132,2.1429658380002365,,4.119816269000239,,1e-07,128,80000,v3
35721,,,,,,,,,,,,,,,,,,,,,,,,,,,,,,,,,,,,,group_c,,,,,,group_c,,888,889,9.244586165963626e-08,,,nan,2,USGS_LPC_IL_Winnebago_2018_ground_elevation_regression_ntrain300000000,False,NVIDIA A100-SXM4-40GB,,,,,,,,2,35721,200,3,nan,,7531.263596801865,8.532624452668708e-05,,,5,992,0.0005312887776282526,0.5270384674072266,1e-05,,,True,[],,,,,,,,,,False,888.0,matern,0.1,1.5,1.0,nan,,3000,eigenpro_pcg_q192,189,889,888,75000000,300000000,3000,cufinufft,binned_c1,,,,,,,full_eigenpro,True,0.1,0,,0.11058294489966185,0.11057590051979578,0,,,ok,,0.0006512468492727716,0.578958449003494,0.0002687775180155817,0.23867443599783655,,,[],,,,,,,,,,,,,,,,,0.6271817090000695,,1.5549918980000257,0.0003180249996148632,1.681318955000279,1.3919143160001113,,3.5744059479998214,,1e-07,192,80000,v3
35721,,,,,,,,,,,,,,,,,,,,,,,,,,,,,,,,,,,,,group_c,,,,,,group_c,,617,618,8.636833086208466e-08,,,nan,2,USGS_LPC_IL_Winnebago_2018_ground_elevation_regression_ntrain300000000,False,NVIDIA A100-SXM4-40GB,,,,,,,,2,35721,264,3,nan,,4187.257926566323,4.7439973414664504e-05,,,5,1312,0.0005420956146426317,0.7112294464111328,1e-05,,,True,[],,,,,,,,,,False,617.0,matern,0.1,1.5,1.0,nan,,3000,eigenpro_pcg_q256,189,618,617,75000000,300000000,3000,cufinufft,binned_c1,,,,,,,full_eigenpro,True,0.1,0,,0.11058296687182351,0.11057592624922846,0,,,ok,,0.0006502202669933079,0.4018361250018643,0.0003272270048680333,0.20189906200357655,,,[],,,,,,,,,,,,,,,,,0.8490462600002502,,1.5556093899999723,0.00030126799993013265,1.681859701999656,1.0017143790000773,,3.40667129700023,,1e-07,256,80000,v3
35721,,,,,,,,,,,,,,,,,,,,,,,,,,,,,,,,,,,,,group_c,,,,,,group_c,,464,465,9.561973169184158e-08,,,nan,2,USGS_LPC_IL_Winnebago_2018_ground_elevation_regression_ntrain300000000,False,NVIDIA A100-SXM4-40GB,,,,,,,,2,35721,328,3,nan,,2643.0616395357924,2.9944840202278106e-05,,,5,1632,0.0005520269824009316,0.9009080352783203,1e-05,,,True,[],,,,,,,,,,False,464.0,matern,0.1,1.5,1.0,nan,,3000,eigenpro_pcg_q320,189,465,464,75000000,300000000,3000,cufinufft,binned_c1,,,,,,,full_eigenpro,True,0.1,0,,0.1105830375529728,0.11057598981819185,0,,,ok,,0.0006536393225790669,0.3039422849992661,0.00037704031463829717,0.17494670599216988,,,[],,,,,,,,,,,,,,,,,1.0753987289999714,,1.5550070049998794,0.0003275980002399592,1.6810307800001283,0.77909358099987,,3.4098269129999608,,1e-07,320,80000,v3
35721,expanded_box,topk,2048,,2048,0,"[25, 25]","[51, 51]",2601,topk,2048,,2048,80000,2601,cheap,30,0.01,,,,,,,,,,,,,,,,,inverse,20000,group_c,50,diag,0.001,50,auto,group_c,auto,3000,3001,0.044112897605844456,0,,,2,USGS_LPC_IL_Winnebago_2018_ground_elevation_regression_ntrain300000000,False,NVIDIA A100-SXM4-40GB,cheap,0,0,0,0,0,0,2,35721,,,,,,,,,,,,,1e-05,inverse,299999999.99957526,True,,nan,0,50,diag,0.001,0,0,0,108243216,False,3000.0,matern,0.1,1.5,1.0,,0,3000,btab_auto_topk_2048,189,3001,3001,75000000,300000000,3000,cufinufft,binned_c1,50,3000,0.044112897605844456,pcg,maxiter,3001,,True,0.1,0,16364.323537297962,0.1789965820150275,0.1791103162355225,0,0.1,exact,ok,,0.000641155231917703,1.9241068509850265,0.00034584165144947655,1.0378707959998792,18906336.03831259,33120,,,0.0016941049998422386,4.5199039987276794e-05,0.13564231900181767,4.26450366465179e-05,0.12797775497620023,0.00015747791103291742,0.4725912110097852,0.20493009599977086,0.1822259299997313,0.014115945999947144,0.0,0.0069977660000404285,5.7723344215701437e-05,0.17322775599132,,,0.0003738219998012937,1.556398186000024,0.20760457999995197,1.6918853160000253,5.045540328000243,0.0015904540000519773,6.601938514000267,6.602312336000068,1e-07,,80000,v6_btab
35721,expanded_box,topk,4096,,4096,0,"[36, 36]","[73, 73]",5329,topk,4096,,4096,80000,5329,cheap,30,0.01,,,,,,,,,,,,,,,,,inverse,20000,group_c,50,diag,0.001,50,auto,group_c,auto,3000,3001,0.11464389268678832,0,,,2,USGS_LPC_IL_Winnebago_2018_ground_elevation_regression_ntrain300000000,False,NVIDIA A100-SXM4-40GB,cheap,0,0,0,0,0,0,2,35721,,,,,,,,,,,,,1e-05,inverse,299999999.99957526,True,,nan,0,50,diag,0.001,0,0,0,454371856,False,3000.0,matern,0.1,1.5,1.0,,0,3000,btab_auto_topk_4096,189,3001,3001,75000000,300000000,3000,cufinufft,binned_c1,50,3000,0.11464389268678832,pcg,maxiter,3001,,True,0.1,0,2951.563404083863,0.2614948786847795,0.2615284258763599,0,0.1,exact,ok,,0.0006500452392575595,1.950785763011936,0.0006182429876713179,1.8553472060016247,6372419.886324823,30392,,,0.0019333000000187894,4.580568943654914e-05,0.13746287399908397,4.598285837877913e-05,0.13799455799471616,0.00042324301066382764,1.2701522750021468,0.8831320479998794,0.7572529539997959,0.0949772409999241,0.0,0.024842126999828906,5.899506431305975e-05,0.1770441880034923,,,0.00038580699992962764,1.5554469140001856,0.8862247490001209,1.691925724000157,6.617242838000038,0.006059726000330556,8.172689752000224,8.173075559000154,1e-07,,80000,v6_btab
35721,expanded_box,topk,4096,,4096,0,"[36, 36]","[73, 73]",5329,topk,4096,,4096,80000,5329,cheap,30,0.01,,cupy,2.4179475083601286e-13,2.430721980775396e-14,640,290,290,,290,128,5329,30392,10915840,22641.83423832421,226418.34238324207,0.001,boxeig,20000,group_c,50,diag,0.001,50,auto,group_c,boxeig,3000,3001,1.3398435364546849e-05,0,,,2,USGS_LPC_IL_Winnebago_2018_ground_elevation_regression_ntrain300000000,False,NVIDIA A100-SXM4-40GB,cheap,128,0,128,128,0,0,2,35721,,,,,,,2.4179475083601286e-13,2.430721980775396e-14,,,,,1e-05,boxeig,299999999.99957526,True,,nan,0,0,,nan,0,0,0,0,False,3000.0,matern,0.1,1.5,1.0,,336400,3000,btab_boxeig_topk_4096_q128,189,3001,3001,75000000,300000000,3000,cufinufft,binned_c1,50,3000,1.3398435364546849e-05,pcg,maxiter,3001,,True,0.1,0,2951.563404083863,0.11058936414332038,0.11058230537257284,0,0.1,boxeig,ok,,0.0006424514608417433,1.9279968339860716,0.00042793596168021067,1.2842358210023122,6372419.886324823,30392,,226418.34238324207,0.002036422999935894,4.5297182940173356e-05,0.13593684600346023,3.925609330249331e-05,0.11780753600078242,0.0002443682495864233,0.7333491170088564,0.23821640500000285,0.0,0.0,0.0010635880003064813,0.0,5.747834088268495e-05,0.17249250098893754,0.23715281699969637,,0.05274079599985271,1.5551322849996723,0.24072553099995275,1.6952012950000608,5.332598779000364,0.0,6.887731064000036,6.940471859999889,1e-07,,80000,v7_btab_boxeig
35721,expanded_box,topk,4096,,4096,0,"[36, 36]","[73, 73]",5329,topk,4096,,4096,80000,5329,cheap,30,0.01,,cupy,2.1901458135773908e-13,2.1209689678416603e-14,960,418,418,,418,192,5329,30392,16373760,7157.04651143293,71570.4651143293,0.001,boxeig,20000,group_c,50,diag,0.001,50,auto,group_c,boxeig,3000,3001,1.0522481979570224e-06,0,,,2,USGS_LPC_IL_Winnebago_2018_ground_elevation_regression_ntrain300000000,False,NVIDIA A100-SXM4-40GB,cheap,192,0,192,192,0,0,2,35721,,,,,,,2.1901458135773908e-13,2.1209689678416603e-14,,,,,1e-05,boxeig,299999999.99957526,True,,nan,0,0,,nan,0,0,0,0,False,3000.0,matern,0.1,1.5,1.0,,336400,3000,btab_boxeig_topk_4096_q192,189,3001,3001,75000000,300000000,3000,cufinufft,binned_c1,50,3000,1.0522481979570224e-06,pcg,maxiter,3001,,True,0.1,0,2951.563404083863,0.1105833391498652,0.11057629398536385,0,0.1,boxeig,ok,,0.0006424448917016794,1.92797711999674,0.000427355453519995,1.282493716013505,6372419.886324823,30392,,71570.4651143293,0.0018905790002463618,4.5226430856743475e-05,0.13572451900108717,3.939679706825286e-05,0.11822978800182682,0.00024392973975296664,0.7320331489986529,0.36115564899955643,0.0,0.0,0.001073566999821196,0.0,5.7428809064932705e-05,0.17234385600386304,0.36008208199973524,,0.07964050900000075,1.5564401230003568,0.36350582600016423,1.6827563619999637,5.446069440999963,0.0,7.00250956400032,7.082150073000321,1e-07,,80000,v7_btab_boxeig
35721,expanded_box,topk,8192,,8192,0,"[51, 51]","[103, 103]",10609,topk,8192,,8192,80000,10609,cheap,30,0.01,,cupy,7.028745511800685e-14,1.628240772472543e-14,640,290,290,,290,128,10609,25112,21729280,22862.64313162185,228626.4313162185,0.001,boxeig,20000,group_c,50,diag,0.001,50,auto,group_c,boxeig,3000,3001,1.1187305431134926e-05,0,,,2,USGS_LPC_IL_Winnebago_2018_ground_elevation_regression_ntrain300000000,False,NVIDIA A100-SXM4-40GB,cheap,128,0,128,128,0,0,2,35721,,,,,,,7.028745511800685e-14,1.628240772472543e-14,,,,,1e-05,boxeig,299999999.99957526,True,,nan,0,0,,nan,0,0,0,0,False,3000.0,matern,0.1,1.5,1.0,,672400,3000,btab_boxeig_topk_8192_q128,189,3001,3001,75000000,300000000,3000,cufinufft,binned_c1,50,3000,1.1187305431134926e-05,pcg,maxiter,3001,,True,0.1,0,552.010523946594,0.11060067038737056,0.11059358017473335,0,0.1,boxeig,ok,,0.0006473549426816508,1.9427121829876342,0.0004325418087368521,1.2980579680192932,2044451.5608346004,25112,,228626.4313162185,0.0022738379998372693,4.568445518719972e-05,0.13709905001678635,3.9756657449698513e-05,0.11930972900654524,0.00024740921992599774,0.7424750689979192,0.23541231200033508,0.0,0.0,0.0010427209999761544,0.0,5.7805007998941156e-05,0.17347282900482242,0.23436959100035892,,0.053277649999927235,1.55511212600004,0.23816263299977436,1.6847668840000551,5.3704291009999,0.0,6.92554122699994,6.978818876999867,1e-07,,80000,v7_btab_boxeig
35721,expanded_box,topk,8192,,8192,0,"[51, 51]","[103, 103]",10609,topk,8192,,8192,80000,10609,cheap,30,0.01,,cupy,1.8129010968104078e-12,2.7680767186872928e-14,960,418,418,,418,192,10609,25112,32593920,7781.1507282947005,77811.507282947,0.001,boxeig,20000,group_c,50,diag,0.001,50,auto,group_c,boxeig,3000,3001,2.5297091458690775e-06,0,,,2,USGS_LPC_IL_Winnebago_2018_ground_elevation_regression_ntrain300000000,False,NVIDIA A100-SXM4-40GB,cheap,192,0,192,192,0,0,2,35721,,,,,,,1.8129010968104078e-12,2.7680767186872928e-14,,,,,1e-05,boxeig,299999999.99957526,True,,nan,0,0,,nan,0,0,0,0,False,3000.0,matern,0.1,1.5,1.0,,672400,3000,btab_boxeig_topk_8192_q192,189,3001,3001,75000000,300000000,3000,cufinufft,binned_c1,50,3000,2.5297091458690775e-06,pcg,maxiter,3001,,True,0.1,0,552.010523946594,0.11058344371988969,0.11057640902496096,0,0.1,boxeig,ok,,0.0006453586067992361,1.9367211790045076,0.00043153685138261637,1.2950420909992317,2044451.5608346004,25112,,77811.507282947,0.0022670580001431517,4.542130889943906e-05,0.1363093480072166,3.9631770077136885e-05,0.1189349420014878,0.0002471476281278823,0.7416900320117747,0.35465225599955374,0.0,0.0,0.0010281239997311786,0.0,5.7728379207616114e-05,0.17324286600205596,0.35362413199982257,,0.07914910099998451,1.5550246590000825,0.3574340509999274,1.6920434769999702,5.476897570999881,0.0,7.031922229999964,7.111071330999948,1e-07,,80000,v7_btab_boxeig
35721,expanded_box,topk,16384,,16384,0,"[72, 72]","[145, 145]",21025,topk,16384,,16384,80000,21025,cheap,30,0.01,,cupy,2.1246028297939382e-12,3.45729480753399e-14,960,418,418,,418,192,21025,14696,64591872,7830.526288557015,78305.26288557015,0.001,boxeig,20000,group_c,50,diag,0.001,50,auto,group_c,boxeig,3000,3001,3.7101988003964203e-06,0,,,2,USGS_LPC_IL_Winnebago_2018_ground_elevation_regression_ntrain300000000,False,NVIDIA A100-SXM4-40GB,cheap,192,0,192,192,0,0,2,35721,,,,,,,2.1246028297939382e-12,3.45729480753399e-14,,,,,1e-05,boxeig,299999999.99957526,True,,nan,0,0,,nan,0,0,0,0,False,3000.0,matern,0.1,1.5,1.0,,1336336,3000,btab_boxeig_topk_16384_q192,189,3001,3001,75000000,300000000,3000,cufinufft,binned_c1,50,3000,3.7101988003964203e-06,pcg,maxiter,3001,,True,0.1,0,102.54141773704696,0.11058985807517333,0.11058284680992782,0,0.1,boxeig,ok,,0.000647164659114035,1.9421411420012191,0.00044732312262425137,1.3424166909953783,482569.3284404339,14696,,78305.26288557015,0.003109386999767594,4.6031401866580344e-05,0.1381402370016076,4.050844585079901e-05,0.12156584599824782,0.0002609062615723638,0.7829796909786637,0.46093877499970404,0.0,0.0,0.0010572410001259414,0.0,5.806683572107326e-05,0.17425857399894085,0.4598815339995781,,0.07812622800020108,1.5554953629998636,0.4646887539997806,1.6873603730000468,5.652816492000056,0.0,7.20831185499992,7.286438083000121,1e-07,,80000,v7_btab_boxeig
35721,expanded_box,topk,16384,,16384,0,"[72, 72]","[145, 145]",21025,topk,16384,,16384,80000,21025,cheap,30,0.01,,cupy,2.307334533752136e-13,4.5403746082573026e-14,1280,546,546,,546,256,21025,14696,86122496,3642.5839762580827,36425.83976258082,0.001,boxeig,20000,group_c,50,diag,0.001,50,auto,group_c,boxeig,3000,3001,7.595647903317606e-07,0,,,2,USGS_LPC_IL_Winnebago_2018_ground_elevation_regression_ntrain300000000,False,NVIDIA A100-SXM4-40GB,cheap,256,0,256,256,0,0,2,35721,,,,,,,2.307334533752136e-13,4.5403746082573026e-14,,,,,1e-05,boxeig,299999999.99957526,True,,nan,0,0,,nan,0,0,0,0,False,3000.0,matern,0.1,1.5,1.0,,1336336,3000,btab_boxeig_topk_16384_q256,189,3001,3001,75000000,300000000,3000,cufinufft,binned_c1,50,3000,7.595647903317606e-07,pcg,maxiter,3001,,True,0.1,0,102.54141773704696,0.11058311856605238,0.11057606809277443,0,0.1,boxeig,ok,,0.000654090002996052,1.9629240989911523,0.00045423249283306976,1.3631517109920424,482569.3284404339,14696,,36425.83976258082,0.003094040999712888,4.6119694431794644e-05,0.13840520298981573,4.09151952678107e-05,0.12278650099869992,0.000266594919689213,0.8000513539873282,0.4673711530003857,0.0,0.0,0.0010379720001765236,0.0,5.8328551811746864e-05,0.17504398398705234,0.46633318100020915,,0.10635988200010615,1.5560094359998402,0.4711951429999317,1.694286017000195,5.7092787110000245,0.0,7.265288146999865,7.371648028999971,1e-07,,80000,v7_btab_boxeig
35721,expanded_box,topk,20480,,20480,0,"[80, 80]","[161, 161]",25921,topk,20480,,20480,80000,25921,cheap,30,0.01,,cupy,1.8855888465100167e-12,3.064272575711562e-14,960,418,418,,418,192,25921,9800,79632384,7835.613000058389,78356.13000058389,0.001,boxeig,20000,group_c,50,diag,0.001,50,auto,group_c,boxeig,3000,3001,2.777054821355051e-06,0,,,2,USGS_LPC_IL_Winnebago_2018_ground_elevation_regression_ntrain300000000,False,NVIDIA A100-SXM4-40GB,cheap,192,0,192,192,0,0,2,35721,,,,,,,1.8855888465100167e-12,3.064272575711562e-14,,,,,1e-05,boxeig,299999999.99957526,True,,nan,0,0,,nan,0,0,0,0,False,3000.0,matern,0.1,1.5,1.0,,1648656,3000,btab_boxeig_topk_20480_q192,189,3001,3001,75000000,300000000,3000,cufinufft,binned_c1,50,3000,2.777054821355051e-06,pcg,maxiter,3001,,True,0.1,0,61.11745189407293,0.11058513255272634,0.11057806985252827,0,0.1,boxeig,ok,,0.0006451866974336509,1.9362052789983863,0.00045399898067421425,1.362450941003317,245733.59331716324,9800,,78356.13000058389,0.0034586579999995593,4.587314694558113e-05,0.13766531398368897,4.0369311895927575e-05,0.12114830499967866,0.0002679220229906255,0.804033990994867,0.36429319699982443,0.0,0.0,0.0010707520000323711,0.0,5.780087537487807e-05,0.17346042700000908,0.36322244499979206,,0.08041713700004038,1.5554523709997738,0.36844153999982154,1.6900464079999438,5.563610728000185,0.0,7.119063098999959,7.199480235999999,1e-07,,80000,v7_btab_boxeig
35721,expanded_box,topk,20480,,20480,0,"[80, 80]","[161, 161]",25921,topk,20480,,20480,80000,25921,cheap,30,0.01,,cupy,3.842918164580692e-12,3.4531761987727423e-14,1280,546,546,,546,256,25921,9800,106176512,3646.7574825891243,36467.57482589124,0.001,boxeig,20000,group_c,50,diag,0.001,50,auto,group_c,boxeig,3000,3001,7.867157920603792e-07,0,,,2,USGS_LPC_IL_Winnebago_2018_ground_elevation_regression_ntrain300000000,False,NVIDIA A100-SXM4-40GB,cheap,256,0,256,256,0,0,2,35721,,,,,,,3.842918164580692e-12,3.4531761987727423e-14,,,,,1e-05,boxeig,299999999.99957526,True,,nan,0,0,,nan,0,0,0,0,False,3000.0,matern,0.1,1.5,1.0,,1648656,3000,btab_boxeig_topk_20480_q256,189,3001,3001,75000000,300000000,3000,cufinufft,binned_c1,50,3000,7.867157920603792e-07,pcg,maxiter,3001,,True,0.1,0,61.11745189407293,0.11058271089335611,0.11057565265671192,0,0.1,boxeig,ok,,0.0006436523752073038,1.9316007779971187,0.00047430242952718873,1.4233815910110934,245733.59331716324,9800,,36467.57482589124,0.003411448999941058,4.566212030000353e-05,0.1370320230203106,4.065458879704092e-05,0.12200442097991981,0.00028861550149520847,0.8661351199871206,0.5247703640002328,0.0,0.0,0.0010691230004340468,0.0,5.752534988108705e-05,0.17263357499314225,0.5237012409997988,,0.10722645599980751,1.5552036270000826,0.5289786170001207,1.6924082310001722,5.772702803999891,0.0,7.327906430999974,7.4351328869997815,1e-07,,80000,v7_btab_boxeig
35721,expanded_box,topk,20480,,20480,0,"[80, 80]","[161, 161]",25921,topk,20480,,20480,80000,25921,cheap,30,0.01,,cupy,8.014374955392892e-13,1.0341526834794554e-13,1600,674,674,,674,320,25921,9800,132720640,2031.1406555291956,20311.406555291953,0.001,boxeig,20000,group_c,50,diag,0.001,50,auto,group_c,boxeig,2791,2792,9.710476094551788e-08,0,,,2,USGS_LPC_IL_Winnebago_2018_ground_elevation_regression_ntrain300000000,False,NVIDIA A100-SXM4-40GB,cheap,320,0,320,320,0,0,2,35721,,,,,,,8.014374955392892e-13,1.0341526834794554e-13,,,,,1e-05,boxeig,299999999.99957526,True,,nan,0,0,,nan,0,0,0,0,False,2791.0,matern,0.1,1.5,1.0,,1648656,3000,btab_boxeig_topk_20480_q320,189,2792,2791,75000000,300000000,3000,cufinufft,binned_c1,50,2791,9.710476094551788e-08,pcg,converged,2791,,True,0.1,0,61.11745189407293,0.11058276257471394,0.11057571387335685,0,0.1,boxeig,ok,,0.0006415623194841784,1.791241995999826,0.0005012652852015031,1.3990314109973951,245733.59331716324,9800,,20311.406555291953,0.00350714300020627,4.5443916518842386e-05,0.1268339710040891,4.056048262195855e-05,0.1132043069978863,0.000316228865996636,0.882594764996611,0.6013299579999511,0.0,0.0,0.001087658999949781,0.0,5.730394552946297e-05,0.15993531197273114,0.6002422990000014,,0.13366322399997443,1.555141975999959,0.6057384499999898,1.6851918639999894,5.545263428999988,0.0,7.100405404999947,7.234068628999921,1e-07,,80000,v7_btab_boxeig
35721,expanded_box,topk,32768,,32768,0,"[94, 94]","[189, 189]",35721,topk,32768,,32768,80000,35721,cheap,30,0.01,,cupy,1.461448628580757e-12,2.2330941009809074e-14,960,418,418,,418,192,35721,0,109737984,7837.726795223475,78377.26795223475,0.001,boxeig,20000,group_c,50,diag,0.001,50,auto,group_c,boxeig,794,795,8.773636018075117e-08,0,,,2,USGS_LPC_IL_Winnebago_2018_ground_elevation_regression_ntrain300000000,False,NVIDIA A100-SXM4-40GB,cheap,192,0,192,192,0,0,2,35721,,,,,,,1.461448628580757e-12,2.2330941009809074e-14,,,,,1e-05,boxeig,299999999.99957526,True,,nan,0,0,,nan,0,0,0,0,False,794.0,matern,0.1,1.5,1.0,,2274064,3000,btab_boxeig_topk_32768_q192,189,795,794,75000000,300000000,3000,cufinufft,binned_c1,50,794,8.773636018075117e-08,pcg,converged,794,,True,0.1,0,0.0,0.11058295866469903,0.11057591566017558,0,0.1,boxeig,ok,,0.0006423427848995691,0.5106625139951575,0.0004337624118289667,0.34440735499219954,0.0,0,,78377.26795223475,0.004411397000239958,1.6677899242110313e-05,0.013242251998235588,3.054099622069212e-05,0.02424955099922954,0.00028885584256432026,0.2293515389960703,0.3628066520000175,0.0,0.0,0.0009510039999440778,0.0,5.7949964732203625e-05,0.04601227199736968,0.3618556480000734,,0.08061349099989457,1.5551779900001748,0.36805116100003943,1.6808292919999985,1.7205036860000291,0.0,3.275681676000204,3.3562951670000984,1e-07,,80000,v7_btab_boxeig
35721,expanded_box,topk,32768,,32768,0,"[94, 94]","[189, 189]",35721,topk,32768,,32768,80000,35721,cheap,30,0.01,,cupy,2.1263101024874566e-12,3.8338141761516024e-14,1280,546,546,,546,256,35721,0,146317312,3648.7722828877663,36487.72282887766,0.001,boxeig,20000,group_c,50,diag,0.001,50,auto,group_c,boxeig,541,542,9.783287466020274e-08,0,,,2,USGS_LPC_IL_Winnebago_2018_ground_elevation_regression_ntrain300000000,False,NVIDIA A100-SXM4-40GB,cheap,256,0,256,256,0,0,2,35721,,,,,,,2.1263101024874566e-12,3.8338141761516024e-14,,,,,1e-05,boxeig,299999999.99957526,True,,nan,0,0,,nan,0,0,0,0,False,541.0,matern,0.1,1.5,1.0,,2274064,3000,btab_boxeig_topk_32768_q256,189,542,541,75000000,300000000,3000,cufinufft,binned_c1,50,541,9.783287466020274e-08,pcg,converged,541,,True,0.1,0,0.0,0.11058306152383161,0.11057601436547383,0,0.1,boxeig,ok,,0.0006547132287865625,0.3548545700023169,0.0004931142680199322,0.2667748189987833,0.0,0,,36487.72282887766,0.004619720999926358,1.7200785597850916e-05,0.009305625008437346,3.154361737249864e-05,0.017065096998521767,0.00034511338446645485,0.18670634099635208,0.4804323990001649,0.0,0.0,0.0010768810002446116,0.0,5.8647121999399274e-05,0.031728093001675006,0.47935551799992027,,0.10736416899999313,1.555871838999792,0.4859803899998951,1.6878744200002984,1.4540379149998444,0.0,3.0099097539996365,3.1172739229996296,1e-07,,80000,v7_btab_boxeig
35721,expanded_box,topk,32768,,32768,0,"[94, 94]","[189, 189]",35721,topk,32768,,32768,80000,35721,cheap,30,0.01,,cupy,1.6591769421015402e-12,1.220899436246363e-13,1600,674,674,,674,320,35721,0,182896640,2033.650869495083,20336.50869495083,0.001,boxeig,20000,group_c,50,diag,0.001,50,auto,group_c,boxeig,411,412,9.941247985956334e-08,0,,,2,USGS_LPC_IL_Winnebago_2018_ground_elevation_regression_ntrain300000000,False,NVIDIA A100-SXM4-40GB,cheap,320,0,320,320,0,0,2,35721,,,,,,,1.6591769421015402e-12,1.220899436246363e-13,,,,,1e-05,boxeig,299999999.99957526,True,,nan,0,0,,nan,0,0,0,0,False,411.0,matern,0.1,1.5,1.0,,2274064,3000,btab_boxeig_topk_32768_q320,189,412,411,75000000,300000000,3000,cufinufft,binned_c1,50,411,9.941247985956334e-08,pcg,converged,411,,True,0.1,0,0.0,0.11058307081874398,0.11057602047494645,0,0.1,boxeig,ok,,0.0006656439635898741,0.2742453129990281,0.0005470997104573416,0.2248579809979674,0.0,0,,20336.50869495083,0.004435943999851588,1.7290503658281912e-05,0.007106397003553866,3.2125299264945387e-05,0.013203497997892555,0.0003969258223848031,0.16313651300015408,0.6085194780002894,0.0,0.0,0.0009430740001334925,0.0,5.9120467152942404e-05,0.02429851199985933,0.6075764040001559,,0.13509605699982785,1.5557956560001003,0.614048215999901,1.6944484539999394,1.3805707759997858,0.0,2.936366431999886,3.071462488999714,1e-07,,80000,v7_btab_boxeig
35721,expanded_box,topk,35721,,35721,0,"[94, 94]","[189, 189]",35721,topk,35721,,35721,80000,35721,cheap,30,0.01,,cupy,2.184790229468242e-12,2.547608856724609e-14,960,418,418,,418,192,35721,0,109737984,7837.726795223466,78377.26795223466,0.001,boxeig,20000,group_c,50,diag,0.001,50,auto,group_c,boxeig,796,797,9.470642957718046e-08,0,,,2,USGS_LPC_IL_Winnebago_2018_ground_elevation_regression_ntrain300000000,False,NVIDIA A100-SXM4-40GB,cheap,192,0,192,192,0,0,2,35721,,,,,,,2.184790229468242e-12,2.547608856724609e-14,,,,,1e-05,boxeig,299999999.99957526,True,,nan,0,0,,nan,0,0,0,0,False,796.0,matern,0.1,1.5,1.0,,2274064,3000,btab_boxeig_topk_35721_q192,189,797,796,75000000,300000000,3000,cufinufft,binned_c1,50,796,9.470642957718046e-08,pcg,converged,796,,True,0.1,0,0.0,0.11058295299828559,0.11057591027992039,0,0.1,boxeig,ok,,0.0006524696323648044,0.5200182969947491,0.0004385141934701105,0.34905729800220797,0.0,0,,78377.26795223466,0.004640671000288421,1.7074969851572536e-05,0.013591676001851738,3.077292336769661e-05,0.024495247000686504,0.0002925094484947034,0.2328375210017839,0.36379767999960677,0.0,0.0,0.0009336639996035956,0.0,5.785975252733372e-05,0.04605636301175764,0.3628640160000032,,0.08159513600003265,1.5553765609997754,0.36924085900000136,1.6824801400002798,1.7474048750000293,0.0,3.3027814359998047,3.3843765719998373,1e-07,,80000,v7_btab_boxeig
35721,expanded_box,topk,35721,,35721,0,"[94, 94]","[189, 189]",35721,topk,35721,,35721,80000,35721,cheap,30,0.01,,cupy,4.790896985804115e-12,4.381839287231863e-14,1280,546,546,,546,256,35721,0,146317312,3648.7722828877645,36487.722828877646,0.001,boxeig,20000,group_c,50,diag,0.001,50,auto,group_c,boxeig,539,540,9.903697634088609e-08,0,,,2,USGS_LPC_IL_Winnebago_2018_ground_elevation_regression_ntrain300000000,False,NVIDIA A100-SXM4-40GB,cheap,256,0,256,256,0,0,2,35721,,,,,,,4.790896985804115e-12,4.381839287231863e-14,,,,,1e-05,boxeig,299999999.99957526,True,,nan,0,0,,nan,0,0,0,0,False,539.0,matern,0.1,1.5,1.0,,2274064,3000,btab_boxeig_topk_35721_q256,189,540,539,75000000,300000000,3000,cufinufft,binned_c1,50,539,9.903697634088609e-08,pcg,converged,539,,True,0.1,0,0.0,0.11058307212675281,0.1105760216085836,0,0.1,boxeig,ok,,0.000659098646282372,0.3559132689924809,0.0004967842671446368,0.26776671999095925,0.0,0,,36487.722828877646,0.004691010999977152,1.7022591847022756e-05,0.009175177005545265,3.142959182927529e-05,0.01694054999597938,0.0003498158385904295,0.1885507370002415,1.2174546649998774,0.0,0.0,0.0010514360001252498,0.0,5.7874499091807584e-05,0.031194355010484287,1.2164032289997522,,0.11102930200013361,1.5550028620000376,1.2231000039996616,1.6886552709997886,2.1914897700003166,0.0,3.746492632000354,3.857521934000488,1e-07,,80000,v7_btab_boxeig
35721,expanded_box,topk,35721,,35721,0,"[94, 94]","[189, 189]",35721,topk,35721,,35721,80000,35721,cheap,30,0.01,,cupy,1.3099872773111743e-12,1.0811159668239169e-13,1600,674,674,,674,320,35721,0,182896640,2033.6508694950778,20336.50869495078,0.001,boxeig,20000,group_c,50,diag,0.001,50,auto,group_c,boxeig,412,413,8.79647845279814e-08,0,,,2,USGS_LPC_IL_Winnebago_2018_ground_elevation_regression_ntrain300000000,False,NVIDIA A100-SXM4-40GB,cheap,320,0,320,320,0,0,2,35721,,,,,,,1.3099872773111743e-12,1.0811159668239169e-13,,,,,1e-05,boxeig,299999999.99957526,True,,nan,0,0,,nan,0,0,0,0,False,412.0,matern,0.1,1.5,1.0,,2274064,3000,btab_boxeig_topk_35721_q320,189,413,412,75000000,300000000,3000,cufinufft,binned_c1,50,412,8.79647845279814e-08,pcg,converged,412,,True,0.1,0,0.0,0.11058306567810605,0.11057601437311856,0,0.1,boxeig,ok,,0.000699055997570576,0.2887101269966479,0.000576710944177719,0.23760490900122022,0.0,0,,20336.50869495078,0.004701543999999558,1.7209844669611186e-05,0.007090456003879808,4.2059951448050234e-05,0.017328699996596697,0.0004168261723418378,0.17173238300483717,1.1817273210003805,0.0,0.0,0.000983261000328639,0.0,5.934976942056698e-05,0.024452105001273594,1.1807440600000518,,0.13615884199998618,1.5554684279995854,1.18748967800002,1.6974651529999392,1.9944983250002224,0.0,3.549966752999808,3.686125594999794,1e-07,,80000,v7_btab_boxeig
35721,,,,,,,,,,,,,,,,,,,,,,,,,,,,,,,,,,,,,group_c,,,,,,group_c,,13465,13466,9.699098635772842e-08,,,,2,USGS_LPC_IL_Winnebago_2018_ground_elevation_regression_ntrain100000000,False,NVIDIA A100-SXM4-40GB,,,,,,,,2,35721,,,,,,,,,0,0,,,1e-05,,,True,,,,,,,,,,,False,13465.0,matern,0.1,1.5,1.0,,,80000,plain_cg,189,13466,,25000000,100000000,3000,cufinufft,cufinufft,,,,,,,,True,0.1,0,,0.027620093466201895,0.02764723263377824,0,,,ok,,0.0006340961947128407,8.538739358003113,,,,,,,,,,,,,,,,,,,,,,,,1.0005537779998122,,0.5337248920000093,14.5300594979999,,15.53061405599965,,1e-07,,80000,v1
35721,,,,,,,,,,,,,,,,,,,,,,,,,,,,,,,,,,,,,group_c,,,,,,group_c,,3000,3001,1.1963417909830013e-06,,,nan,2,USGS_LPC_IL_Winnebago_2018_ground_elevation_regression_ntrain100000000,False,NVIDIA A100-SXM4-40GB,,,,,,,,2,35721,72,3,nan,,146828.8064234973,0.01010246632474535,,,5,352,0.0005296901789578524,0.18645094299316406,1e-05,,,True,[],,,,,,,,,,False,3000.0,matern,0.1,1.5,1.0,nan,,3000,eigenpro_pcg_q64,189,3001,3001,25000000,100000000,3000,cufinufft,binned_c1,,,,,,,full_eigenpro,True,0.1,0,,0.027615469660180702,0.02764260185044927,0,,,ok,,0.0006477629233584064,1.9439365329985776,0.00018811105398066957,0.5645212729959894,,,[],,,,,,,,,,,,,,,,,0.22145269200018447,,0.5261629289998382,0.00028462299997045193,0.5250636000000668,4.428105916999812,,5.176006160999805,,1e-07,64,80000,v3
35721,,,,,,,,,,,,,,,,,,,,,,,,,,,,,,,,,,,,,group_c,,,,,,group_c,,2322,2323,9.84079355293661e-08,,,nan,2,USGS_LPC_IL_Winnebago_2018_ground_elevation_regression_ntrain100000000,False,NVIDIA A100-SXM4-40GB,,,,,,,,2,35721,136,3,nan,,55620.91252117601,0.003814531529182295,,,5,672,0.000522992769877116,0.3514511413574219,1e-05,,,True,[],,,,,,,,,,False,2322.0,matern,0.1,1.5,1.0,nan,,3000,eigenpro_pcg_q128,189,2323,2322,25000000,100000000,3000,cufinufft,binned_c1,,,,,,,full_eigenpro,True,0.1,0,,0.027613762525811172,0.02764089572388476,0,,,ok,,0.0006456672630235556,1.4998850520037195,0.0002161552192163222,0.5019124190203001,,,[],,,,,,,,,,,,,,,,,0.4178642490001039,,0.5256603369998629,0.00029794300007779384,0.533587740999792,3.4904917959997874,,4.434314324999832,,1e-07,128,80000,v3
35721,,,,,,,,,,,,,,,,,,,,,,,,,,,,,,,,,,,,,group_c,,,,,,group_c,,1532,1533,9.536419711261473e-08,,,nan,2,USGS_LPC_IL_Winnebago_2018_ground_elevation_regression_ntrain100000000,False,NVIDIA A100-SXM4-40GB,,,,,,,,2,35721,200,3,nan,,28984.572520441576,0.0019871464757346396,,,5,992,0.0005255019357127528,0.5212979202270508,1e-05,,,True,[],,,,,,,,,,False,1532.0,matern,0.1,1.5,1.0,nan,,3000,eigenpro_pcg_q192,189,1533,1532,25000000,100000000,3000,cufinufft,binned_c1,,,,,,,full_eigenpro,True,0.1,0,,0.027613779130331455,0.027640914055505672,0,,,ok,,0.0006469693352976115,0.9918039910112384,0.000270512125314712,0.4144245759821388,,,[],,,,,,,,,,,,,,,,,0.6214032379998571,,0.5259405080000761,0.0003092400002060458,0.5245795389996601,2.3913386770000216,,3.5389916630001608,,1e-07,192,80000,v3
35721,,,,,,,,,,,,,,,,,,,,,,,,,,,,,,,,,,,,,group_c,,,,,,group_c,,1105,1106,9.423989662805822e-08,,,nan,2,USGS_LPC_IL_Winnebago_2018_ground_elevation_regression_ntrain100000000,False,NVIDIA A100-SXM4-40GB,,,,,,,,2,35721,264,3,nan,,17678.706123002306,0.001211949096491167,,,5,1312,0.0005414282984849883,0.7103539276123046,1e-05,,,True,[],,,,,,,,,,False,1105.0,matern,0.1,1.5,1.0,nan,,3000,eigenpro_pcg_q256,189,1106,1105,25000000,100000000,3000,cufinufft,binned_c1,,,,,,,full_eigenpro,True,0.1,0,,0.02761381722734711,0.027640944487004587,0,,,ok,,0.0006422333490057972,0.7103100840004117,0.00033000956652000547,0.364660571004606,,,[],,,,,,,,,,,,,,,,,0.848269497000274,,0.5258642839999084,0.00030596499982493697,0.5139173279999341,1.781567073000133,,3.1560068190001402,,1e-07,256,80000,v3
35721,,,,,,,,,,,,,,,,,,,,,,,,,,,,,,,,,,,,,group_c,,,,,,group_c,,867,868,9.972220820941947e-08,,,nan,2,USGS_LPC_IL_Winnebago_2018_ground_elevation_regression_ntrain100000000,False,NVIDIA A100-SXM4-40GB,,,,,,,,2,35721,328,3,nan,,11698.506487819606,0.0008019649503701904,,,5,1632,0.0005507896367241355,0.8988886871337891,1e-05,,,True,[],,,,,,,,,,False,867.0,matern,0.1,1.5,1.0,nan,,3000,eigenpro_pcg_q320,189,868,867,25000000,100000000,3000,cufinufft,binned_c1,,,,,,,full_eigenpro,True,0.1,0,,0.027613816647396993,0.027640943858264128,0,,,ok,,0.0006473231670525916,0.5618765090016495,0.0003760935501766196,0.32607310800312916,,,[],,,,,,,,,,,,,,,,,1.0733285510000314,,0.5263584009999249,0.00029994999977134285,0.5212998099996184,1.4449395710003046,,3.0449264730000323,,1e-07,320,80000,v3
35721,expanded_box,topk,2048,,2048,0,"[25, 25]","[51, 51]",2601,topk,2048,,2048,80000,2601,cheap,30,0.01,,,,,,,,,,,,,,,,,inverse,20000,group_c,50,diag,0.001,50,auto,group_c,auto,819,820,9.852202160282002e-08,0,,,2,USGS_LPC_IL_Winnebago_2018_ground_elevation_regression_ntrain100000000,False,NVIDIA A100-SXM4-40GB,cheap,0,0,0,0,0,0,2,35721,,,,,,,,,,,,,1e-05,inverse,99999999.99986596,True,,nan,0,50,diag,0.001,0,0,0,108243216,False,819.0,matern,0.1,1.5,1.0,,0,3000,btab_auto_topk_2048,189,820,819,25000000,100000000,3000,cufinufft,binned_c1,50,819,9.852202160282002e-08,pcg,converged,819,,True,0.1,0,5454.774512433066,0.027613684874836054,0.02764081716041216,0,0.1,exact,ok,,0.0006330341634083664,0.5190880139948604,0.0003370670793552336,0.27605793799193634,6302112.012771339,33120,,,0.0016518239999641082,4.3862675213373604e-05,0.035923530999752984,4.1119488409376694e-05,0.03367686100727951,0.0001540844822994654,0.12619519100326215,0.20497488499995598,0.182285125999897,0.014093821999722422,0.0,0.006988896000166278,5.6116368742351773e-05,0.0459593059999861,,,0.0003479329998299363,0.5258976549998806,0.20757963300002302,0.5341170240003521,1.50996955599976,0.001607041000170284,2.0358672109996405,2.0362151439994705,1e-07,,80000,v6_btab
35721,expanded_box,topk,4096,,4096,0,"[36, 36]","[73, 73]",5329,topk,4096,,4096,80000,5329,cheap,30,0.01,,,,,,,,,,,,,,,,,inverse,20000,group_c,50,diag,0.001,50,auto,group_c,auto,388,389,9.90815073945629e-08,0,,,2,USGS_LPC_IL_Winnebago_2018_ground_elevation_regression_ntrain100000000,False,NVIDIA A100-SXM4-40GB,cheap,0,0,0,0,0,0,2,35721,,,,,,,,,,,,,1e-05,inverse,99999999.99986596,True,,nan,0,50,diag,0.001,0,0,0,454371856,False,388.0,matern,0.1,1.5,1.0,,0,3000,btab_auto_topk_4096,189,389,388,25000000,100000000,3000,cufinufft,binned_c1,50,388,9.90815073945629e-08,pcg,converged,388,,True,0.1,0,983.8544680280286,0.02761368279223501,0.027640815883079397,0,0.1,exact,ok,,0.0006476030668267259,0.25191759299559635,0.0006082355798940794,0.2359954049989028,2124139.962108435,30392,,,0.0018522760001360439,4.454904123726872e-05,0.017285028000060265,4.592353352141874e-05,0.017818331006310473,0.0004163114175139292,0.16152882999540452,0.8900401830001101,0.7641426209997917,0.09498153700042167,0.0,0.024833831999785616,5.771089690449688e-05,0.02239182799894479,,,0.00030351300028996775,0.5258043989997532,0.8930159320002531,0.5162119300002814,1.6292426019999766,0.006082193000111147,2.15504700099973,2.1553505140000198,1e-07,,80000,v6_btab
35721,expanded_box,topk,4096,,4096,0,"[36, 36]","[73, 73]",5329,topk,4096,,4096,80000,5329,cheap,30,0.01,,cupy,8.02937966113491e-15,1.5581546187240248e-15,640,290,290,,290,128,5329,30392,10915840,65664.70371489019,656647.0371489018,0.001,boxeig,20000,group_c,50,diag,0.001,50,auto,group_c,boxeig,3000,3001,3.378889054981128e-07,0,,,2,USGS_LPC_IL_Winnebago_2018_ground_elevation_regression_ntrain100000000,False,NVIDIA A100-SXM4-40GB,cheap,128,0,128,128,0,0,2,35721,,,,,,,8.02937966113491e-15,1.5581546187240248e-15,,,,,1e-05,boxeig,99999999.99986596,True,,nan,0,0,,nan,0,0,0,0,False,3000.0,matern,0.1,1.5,1.0,,336400,3000,btab_boxeig_topk_4096_q128,189,3001,3001,25000000,100000000,3000,cufinufft,binned_c1,50,3000,3.378889054981128e-07,pcg,maxiter,3001,,True,0.1,0,983.8544680280286,0.02761421451077762,0.02764134035216277,0,0.1,boxeig,ok,,0.0006451667917399776,1.9361455420116727,0.0004303608500504894,1.2915129110015187,2124139.962108435,30392,,656647.0371489018,0.0018963289999192057,4.525702565980842e-05,0.13581633400508508,3.951797567598323e-05,0.11859344500362567,0.0002466680149895542,0.7402507129836522,0.23868246100028045,0.0,0.0,0.0010566089999883843,0.0,5.728080273512641e-05,0.17189968900811436,0.23762585200029207,,0.052428887999667495,0.5265202900000077,0.24104885899987494,0.5237785579997762,5.356903585000055,0.0,5.883423875000062,5.93585276299973,1e-07,,80000,v7_btab_boxeig
35721,expanded_box,topk,4096,,4096,0,"[36, 36]","[73, 73]",5329,topk,4096,,4096,80000,5329,cheap,30,0.01,,cupy,1.3025158707249745e-14,2.451306343446872e-15,960,418,418,,418,192,5329,30392,16373760,27199.346104128665,271993.46104128665,0.001,boxeig,20000,group_c,50,diag,0.001,50,auto,group_c,boxeig,2797,2798,9.743880675118381e-08,0,,,2,USGS_LPC_IL_Winnebago_2018_ground_elevation_regression_ntrain100000000,False,NVIDIA A100-SXM4-40GB,cheap,192,0,192,192,0,0,2,35721,,,,,,,1.3025158707249745e-14,2.451306343446872e-15,,,,,1e-05,boxeig,99999999.99986596,True,,nan,0,0,,nan,0,0,0,0,False,2797.0,matern,0.1,1.5,1.0,,336400,3000,btab_boxeig_topk_4096_q192,189,2798,2797,25000000,100000000,3000,cufinufft,binned_c1,50,2797,9.743880675118381e-08,pcg,converged,2797,,True,0.1,0,983.8544680280286,0.02761369364611736,0.027640827288514705,0,0.1,boxeig,ok,,0.000642761160827352,1.798445727994931,0.00042897514801546285,1.1998434889992495,2124139.962108435,30392,,271993.46104128665,0.001892373999908159,4.512306507054416e-05,0.12620921300231203,3.95582388220378e-05,0.11064439398523973,0.00024547439077892704,0.6865918710086589,0.8683782430002793,0.0,0.0,0.0010359950001657126,0.0,5.7435933851192035e-05,0.16064830698178412,0.8673422480001136,,0.07779184399987571,0.5259789930000807,0.8707587849999072,0.5190350140001101,5.611580768999829,0.0,6.13755976199991,6.2153516059997855,1e-07,,80000,v7_btab_boxeig
35721,expanded_box,topk,8192,,8192,0,"[51, 51]","[103, 103]",10609,topk,8192,,8192,80000,10609,cheap,30,0.01,,cupy,9.92867072726122e-15,1.934827079710276e-15,640,290,290,,290,128,10609,25112,21729280,65675.16838259867,656751.6838259867,0.001,boxeig,20000,group_c,50,diag,0.001,50,auto,group_c,boxeig,3000,3001,6.758732327314392e-07,0,,,2,USGS_LPC_IL_Winnebago_2018_ground_elevation_regression_ntrain100000000,False,NVIDIA A100-SXM4-40GB,cheap,128,0,128,128,0,0,2,35721,,,,,,,9.92867072726122e-15,1.934827079710276e-15,,,,,1e-05,boxeig,99999999.99986596,True,,nan,0,0,,nan,0,0,0,0,False,3000.0,matern,0.1,1.5,1.0,,672400,3000,btab_boxeig_topk_8192_q128,189,3001,3001,25000000,100000000,3000,cufinufft,binned_c1,50,3000,6.758732327314392e-07,pcg,maxiter,3001,,True,0.1,0,184.0035079822119,0.027614582985821055,0.027641707925011336,0,0.1,boxeig,ok,,0.0006503935058348375,1.9518309110103473,0.00043366478206828074,1.3014280109869105,681483.853611585,25112,,656751.6838259867,0.0022631249998994463,4.562206897986272e-05,0.13691182900856802,3.985742086245972e-05,0.11961212000824162,0.0002482619336862862,0.7450340629925449,0.235571587999857,0.0,0.0,0.0010376279997217353,0.0,5.7857412874543235e-05,0.17363009603650426,0.23453396000013527,,0.05217945899994447,0.5254621750000297,0.23827847099983046,0.5288828230000036,5.394824145000257,0.0,5.920286320000287,5.972465779000231,1e-07,,80000,v7_btab_boxeig
35721,expanded_box,topk,8192,,8192,0,"[51, 51]","[103, 103]",10609,topk,8192,,8192,80000,10609,cheap,30,0.01,,cupy,2.1802388910777987e-14,3.0207754387102394e-15,960,418,418,,418,192,10609,25112,32593920,27208.753046482805,272087.530464828,0.001,boxeig,20000,group_c,50,diag,0.001,50,auto,group_c,boxeig,3000,3001,2.0682630007462618e-07,0,,,2,USGS_LPC_IL_Winnebago_2018_ground_elevation_regression_ntrain100000000,False,NVIDIA A100-SXM4-40GB,cheap,192,0,192,192,0,0,2,35721,,,,,,,2.1802388910777987e-14,3.0207754387102394e-15,,,,,1e-05,boxeig,99999999.99986596,True,,nan,0,0,,nan,0,0,0,0,False,3000.0,matern,0.1,1.5,1.0,,672400,3000,btab_boxeig_topk_8192_q192,189,3001,3001,25000000,100000000,3000,cufinufft,binned_c1,50,3000,2.0682630007462618e-07,pcg,maxiter,3001,,True,0.1,0,184.0035079822119,0.027613775796575445,0.02764090937672879,0,0.1,boxeig,ok,,0.0006343517094308424,1.9036894800019581,0.00042400253448450644,1.2724316059880039,681483.853611585,25112,,272087.530464828,0.0023199099996418227,4.5049978004606264e-05,0.1351949839918234,3.9086317888327306e-05,0.11729803998287025,0.0002423429600162467,0.7272712230087564,0.35747220500024923,0.0,0.0,0.001081611000245175,0.0,5.619400600531839e-05,0.1686382120219605,0.35639059400000406,,0.07859323499997117,0.5258865849996255,0.3603189380000913,0.5196979209999881,5.389941180000278,0.0,5.915827764999904,5.994420999999875,1e-07,,80000,v7_btab_boxeig
35721,expanded_box,topk,16384,,16384,0,"[72, 72]","[145, 145]",21025,topk,16384,,16384,80000,21025,cheap,30,0.01,,cupy,1.534296485713976e-14,2.811164284202019e-15,960,418,418,,418,192,21025,14696,64591872,27210.132719030295,272101.32719030295,0.001,boxeig,20000,group_c,50,diag,0.001,50,auto,group_c,boxeig,3000,3001,2.5599019988555096e-07,0,,,2,USGS_LPC_IL_Winnebago_2018_ground_elevation_regression_ntrain100000000,False,NVIDIA A100-SXM4-40GB,cheap,192,0,192,192,0,0,2,35721,,,,,,,1.534296485713976e-14,2.811164284202019e-15,,,,,1e-05,boxeig,99999999.99986596,True,,nan,0,0,,nan,0,0,0,0,False,3000.0,matern,0.1,1.5,1.0,,1336336,3000,btab_boxeig_topk_16384_q192,189,3001,3001,25000000,100000000,3000,cufinufft,binned_c1,50,3000,2.5599019988555096e-07,pcg,maxiter,3001,,True,0.1,0,34.18047257901823,0.02761384026416117,0.02764096785001219,0,0.1,boxeig,ok,,0.0006444218640427583,1.9339100139923175,0.0004465890956356242,1.3402138760025082,160856.4428134901,14696,,272101.32719030295,0.0033560630004103587,4.598300699569885e-05,0.13799500399409226,4.0417815725698736e-05,0.12129386499282191,0.0002602928750489677,0.7811389180219521,1.2245992539997133,0.0,0.0,0.0012030449997837422,0.0,5.810238520215496e-05,0.17436525799166702,1.2233962089999295,,0.07677472100021987,0.5260213970000223,1.2286425829997825,0.5184944669999823,6.401181154999904,0.0,6.927202551999926,7.003977273000146,1e-07,,80000,v7_btab_boxeig
35721,expanded_box,topk,16384,,16384,0,"[72, 72]","[145, 145]",21025,topk,16384,,16384,80000,21025,cheap,30,0.01,,cupy,8.269685841380243e-14,5.1132922788079715e-15,1280,546,546,,546,256,21025,14696,86122496,13991.90117587002,139919.0117587002,0.001,boxeig,20000,group_c,50,diag,0.001,50,auto,group_c,boxeig,2419,2420,9.991393318430682e-08,0,,,2,USGS_LPC_IL_Winnebago_2018_ground_elevation_regression_ntrain100000000,False,NVIDIA A100-SXM4-40GB,cheap,256,0,256,256,0,0,2,35721,,,,,,,8.269685841380243e-14,5.1132922788079715e-15,,,,,1e-05,boxeig,99999999.99986596,True,,nan,0,0,,nan,0,0,0,0,False,2419.0,matern,0.1,1.5,1.0,,1336336,3000,btab_boxeig_topk_16384_q256,189,2420,2419,25000000,100000000,3000,cufinufft,binned_c1,50,2419,9.991393318430682e-08,pcg,converged,2419,,True,0.1,0,34.18047257901823,0.027613767980725963,0.02764089744896397,0,0.1,boxeig,ok,,0.0006402248508217127,1.5493441389885447,0.0004429607374985645,1.0715220240090275,160856.4428134901,14696,,139919.0117587002,0.003122963999885542,4.536605498090814e-05,0.10974048699881678,3.9817483263616646e-05,0.09631849201468867,0.00025897289293326016,0.6264554280055563,0.46732674699978816,0.0,0.0,0.0010815069999807747,0.0,5.719219471020698e-05,0.13834791900399068,0.4662452399998074,,0.10059773200009658,0.5258229040000515,0.47118398299971886,0.5246303610001632,4.605566313000054,0.0,5.131389217000105,5.231986949000202,1e-07,,80000,v7_btab_boxeig
35721,expanded_box,topk,20480,,20480,0,"[80, 80]","[161, 161]",25921,topk,20480,,20480,80000,25921,cheap,30,0.01,,cupy,1.5284297817236688e-14,3.2886748645484424e-15,960,418,418,,418,192,25921,9800,79632384,27210.27814333544,272102.78143335436,0.001,boxeig,20000,group_c,50,diag,0.001,50,auto,group_c,boxeig,3000,3001,2.0986748643495886e-07,0,,,2,USGS_LPC_IL_Winnebago_2018_ground_elevation_regression_ntrain100000000,False,NVIDIA A100-SXM4-40GB,cheap,192,0,192,192,0,0,2,35721,,,,,,,1.5284297817236688e-14,3.2886748645484424e-15,,,,,1e-05,boxeig,99999999.99986596,True,,nan,0,0,,nan,0,0,0,0,False,3000.0,matern,0.1,1.5,1.0,,1648656,3000,btab_boxeig_topk_20480_q192,189,3001,3001,25000000,100000000,3000,cufinufft,binned_c1,50,3000,2.0986748643495886e-07,pcg,maxiter,3001,,True,0.1,0,20.372483964692513,0.02761391286635645,0.027641047959138052,0,0.1,boxeig,ok,,0.0006357155134905829,1.9077822559852393,0.00044769816393985644,1.3435421899835092,81911.1977723939,9800,,272102.78143335436,0.003458769999724609,4.499806097214294e-05,0.13503918097740097,3.990398733774404e-05,0.11975186600056986,0.00026445773841807566,0.7936376729926451,0.3609605520000514,0.0,0.0,0.0011599180002122012,0.0,5.7001011661936206e-05,0.17106003599747055,0.3598006339998392,,0.07977447099983692,0.5255868469998859,0.3651301299996703,0.5264083600000049,5.482129301999976,0.0,6.007716148999862,6.0874906199996985,1e-07,,80000,v7_btab_boxeig
35721,expanded_box,topk,20480,,20480,0,"[80, 80]","[161, 161]",25921,topk,20480,,20480,80000,25921,cheap,30,0.01,,cupy,1.0955377431223794e-13,5.6229683805902835e-15,1280,546,546,,546,256,25921,9800,106176512,13992.022359061237,139920.22359061235,0.001,boxeig,20000,group_c,50,diag,0.001,50,auto,group_c,boxeig,2517,2518,9.35137867078373e-08,0,,,2,USGS_LPC_IL_Winnebago_2018_ground_elevation_regression_ntrain100000000,False,NVIDIA A100-SXM4-40GB,cheap,256,0,256,256,0,0,2,35721,,,,,,,1.0955377431223794e-13,5.6229683805902835e-15,,,,,1e-05,boxeig,99999999.99986596,True,,nan,0,0,,nan,0,0,0,0,False,2517.0,matern,0.1,1.5,1.0,,1648656,3000,btab_boxeig_topk_20480_q256,189,2518,2517,25000000,100000000,3000,cufinufft,binned_c1,50,2517,9.35137867078373e-08,pcg,converged,2517,,True,0.1,0,20.372483964692513,0.02761371265790745,0.027640849291858602,0,0.1,boxeig,ok,,0.0006423118177152914,1.617341157007104,0.0004731843806095432,1.1910050859942203,81911.1977723939,9800,,139920.22359061235,0.0034454790002200752,4.53534866884871e-05,0.11415472599492205,4.031882955729756e-05,0.10148249399571796,0.00028838662296017863,0.7258691299907696,0.7057829950003907,0.0,0.0,0.0010437830001137627,0.0,5.7289632896083475e-05,0.1441980059994421,0.7047392120002769,,0.10657299600006809,0.5254614529999344,0.7100474819999363,0.5316390099997079,5.102848534000259,0.0,5.628309987000193,5.7348829830002614,1e-07,,80000,v7_btab_boxeig
35721,expanded_box,topk,20480,,20480,0,"[80, 80]","[161, 161]",25921,topk,20480,,20480,80000,25921,cheap,30,0.01,,cupy,4.5265090684268116e-14,8.567798166557918e-15,1600,674,674,,674,320,25921,9800,132720640,8293.327214657284,82933.27214657282,0.001,boxeig,20000,group_c,50,diag,0.001,50,auto,group_c,boxeig,1921,1922,9.814367513124672e-08,0,,,2,USGS_LPC_IL_Winnebago_2018_ground_elevation_regression_ntrain100000000,False,NVIDIA A100-SXM4-40GB,cheap,320,0,320,320,0,0,2,35721,,,,,,,4.5265090684268116e-14,8.567798166557918e-15,,,,,1e-05,boxeig,99999999.99986596,True,,nan,0,0,,nan,0,0,0,0,False,1921.0,matern,0.1,1.5,1.0,,1648656,3000,btab_boxeig_topk_20480_q320,189,1922,1921,25000000,100000000,3000,cufinufft,binned_c1,50,1921,9.814367513124672e-08,pcg,converged,1921,,True,0.1,0,20.372483964692513,0.027613718215359746,0.0276408534080623,0,0.1,boxeig,ok,,0.0006445536685752281,1.2388321510015885,0.0005009492399725581,0.9623234899872841,81911.1977723939,9800,,82933.27214657282,0.0034256489998369943,4.5729553364207736e-05,0.08784647201264306,4.0685238419171925e-05,0.07815634300322927,0.00031512516137456896,0.605355435000547,0.5952924660000463,0.0,0.0,0.0011210160000700853,0.0,5.75761915640727e-05,0.11060386399458366,0.5941714499999762,,0.13795996799990462,0.5259760160001861,0.5996377100000245,0.5323901939996176,4.016401234000114,0.0,4.5423772500003,4.680337218000204,1e-07,,80000,v7_btab_boxeig
35721,expanded_box,topk,32768,,32768,0,"[94, 94]","[189, 189]",35721,topk,32768,,32768,80000,35721,cheap,30,0.01,,cupy,1.5777370657381566e-14,3.009908273529788e-15,960,418,418,,418,192,35721,0,109737984,27210.365040443317,272103.65040443314,0.001,boxeig,20000,group_c,50,diag,0.001,50,auto,group_c,boxeig,1354,1355,9.865629581677545e-08,0,,,2,USGS_LPC_IL_Winnebago_2018_ground_elevation_regression_ntrain100000000,False,NVIDIA A100-SXM4-40GB,cheap,192,0,192,192,0,0,2,35721,,,,,,,1.5777370657381566e-14,3.009908273529788e-15,,,,,1e-05,boxeig,99999999.99986596,True,,nan,0,0,,nan,0,0,0,0,False,1354.0,matern,0.1,1.5,1.0,,2274064,3000,btab_boxeig_topk_32768_q192,189,1355,1354,25000000,100000000,3000,cufinufft,binned_c1,50,1354,9.865629581677545e-08,pcg,converged,1354,,True,0.1,0,0.0,0.02761380030246442,0.027640930036080247,0,0.1,boxeig,ok,,0.0006451904966729756,0.8742331229918818,0.00044033929394140045,0.5962194039966562,0.0,0,,272103.65040443314,0.004392094000195357,1.6953732646224753e-05,0.022955354002988315,3.066870827890072e-05,0.041525431009631575,0.00029468264918914146,0.39900030700209754,0.3678183170000011,0.0,0.0,0.0009627889999137551,0.0,5.791858567361627e-05,0.07842176500207643,0.36685552800008736,,0.08152285200003462,0.525683169000331,0.3730281810003362,0.5236533779998354,2.7011134869999296,0.0,3.2267966560002606,3.308319508000295,1e-07,,80000,v7_btab_boxeig
35721,expanded_box,topk,32768,,32768,0,"[94, 94]","[189, 189]",35721,topk,32768,,32768,80000,35721,cheap,30,0.01,,cupy,7.142512057981117e-14,5.570333811171594e-15,1280,546,546,,546,256,35721,0,146317312,13992.087775830907,139920.87775830907,0.001,boxeig,20000,group_c,50,diag,0.001,50,auto,group_c,boxeig,984,985,9.10006436947277e-08,0,,,2,USGS_LPC_IL_Winnebago_2018_ground_elevation_regression_ntrain100000000,False,NVIDIA A100-SXM4-40GB,cheap,256,0,256,256,0,0,2,35721,,,,,,,7.142512057981117e-14,5.570333811171594e-15,,,,,1e-05,boxeig,99999999.99986596,True,,nan,0,0,,nan,0,0,0,0,False,984.0,matern,0.1,1.5,1.0,,2274064,3000,btab_boxeig_topk_32768_q256,189,985,984,25000000,100000000,3000,cufinufft,binned_c1,50,984,9.10006436947277e-08,pcg,converged,984,,True,0.1,0,0.0,0.027613818221912365,0.027640944959029568,0,0.1,boxeig,ok,,0.0006502331451828546,0.6404796480051118,0.000494739980695158,0.4868241410040355,0.0,0,,139920.87775830907,0.004360190000170405,1.7249215442631786e-05,0.016973227995549678,3.1155393292546644e-05,0.030656906999865896,0.00034783249999852003,0.3422671799985437,0.47100016000013056,0.0,0.0,0.0009190989999297017,0.0,5.811237093898003e-05,0.05718257300395635,0.47008106100020086,,0.10882412299997668,0.5253350450002472,0.47632100699956936,0.5345624279998447,2.2301390180000453,0.0,2.7554740630002925,2.864298186000269,1e-07,,80000,v7_btab_boxeig
35721,expanded_box,topk,32768,,32768,0,"[94, 94]","[189, 189]",35721,topk,32768,,32768,80000,35721,cheap,30,0.01,,cupy,6.21004346234528e-14,9.13205309279693e-15,1600,674,674,,674,320,35721,0,182896640,8293.400475173677,82934.00475173676,0.001,boxeig,20000,group_c,50,diag,0.001,50,auto,group_c,boxeig,766,767,9.969318609083422e-08,0,,,2,USGS_LPC_IL_Winnebago_2018_ground_elevation_regression_ntrain100000000,False,NVIDIA A100-SXM4-40GB,cheap,320,0,320,320,0,0,2,35721,,,,,,,6.21004346234528e-14,9.13205309279693e-15,,,,,1e-05,boxeig,99999999.99986596,True,,nan,0,0,,nan,0,0,0,0,False,766.0,matern,0.1,1.5,1.0,,2274064,3000,btab_boxeig_topk_32768_q320,189,767,766,25000000,100000000,3000,cufinufft,binned_c1,50,766,9.969318609083422e-08,pcg,converged,766,,True,0.1,0,0.0,0.02761382557408006,0.02764095221525661,0,0.1,boxeig,ok,,0.0006545968670280937,0.5020757970105478,0.0005427749686665461,0.41576562599857425,0.0,0,,82934.00475173676,0.004355711999778578,1.7193830288011887e-05,0.013170474000617105,3.151830809200596e-05,0.024143023998476565,0.0003953981096586772,0.30287495199854675,0.5977745989998766,0.0,0.0,0.0008978390001175285,0.0,5.790293212050989e-05,0.044353646004310576,0.5968767599997591,,0.13478360399994926,0.526201022999885,0.6031994079999095,0.5295561389998511,2.0120968340002037,0.0,2.5382978570000887,2.673081461000038,1e-07,,80000,v7_btab_boxeig
35721,expanded_box,topk,35721,,35721,0,"[94, 94]","[189, 189]",35721,topk,35721,,35721,80000,35721,cheap,30,0.01,,cupy,1.826424008551206e-14,3.8758133762656874e-15,960,418,418,,418,192,35721,0,109737984,27210.365040443317,272103.65040443314,0.001,boxeig,20000,group_c,50,diag,0.001,50,auto,group_c,boxeig,1345,1346,9.945363729625437e-08,0,,,2,USGS_LPC_IL_Winnebago_2018_ground_elevation_regression_ntrain100000000,False,NVIDIA A100-SXM4-40GB,cheap,192,0,192,192,0,0,2,35721,,,,,,,1.826424008551206e-14,3.8758133762656874e-15,,,,,1e-05,boxeig,99999999.99986596,True,,nan,0,0,,nan,0,0,0,0,False,1345.0,matern,0.1,1.5,1.0,,2274064,3000,btab_boxeig_topk_35721_q192,189,1346,1345,25000000,100000000,3000,cufinufft,binned_c1,50,1345,9.945363729625437e-08,pcg,converged,1345,,True,0.1,0,0.0,0.027613811334569995,0.027640939033616967,0,0.1,boxeig,ok,,0.0006487058402706039,0.8731580610042329,0.00044166606318891375,0.594040854989089,0.0,0,,272103.65040443314,0.004627791000075376,1.7026665437903618e-05,0.022900865013980365,3.0820727140313686e-05,0.04145387800372191,0.00029581183122687253,0.39786691300014354,0.3681552810003268,0.0,0.0,0.0009878020000542165,0.0,5.792615317209835e-05,0.07791067601647228,0.3671674790002726,,0.08109107600012067,0.5260154009997677,0.3736327489996256,0.5255148210003426,2.697293612000067,0.0,3.2233090129998345,3.304400088999955,1e-07,,80000,v7_btab_boxeig
35721,expanded_box,topk,35721,,35721,0,"[94, 94]","[189, 189]",35721,topk,35721,,35721,80000,35721,cheap,30,0.01,,cupy,1.0725997343363627e-13,5.121342548796055e-15,1280,546,546,,546,256,35721,0,146317312,13992.08777583091,139920.8777583091,0.001,boxeig,20000,group_c,50,diag,0.001,50,auto,group_c,boxeig,993,994,9.647867796188138e-08,0,,,2,USGS_LPC_IL_Winnebago_2018_ground_elevation_regression_ntrain100000000,False,NVIDIA A100-SXM4-40GB,cheap,256,0,256,256,0,0,2,35721,,,,,,,1.0725997343363627e-13,5.121342548796055e-15,,,,,1e-05,boxeig,99999999.99986596,True,,nan,0,0,,nan,0,0,0,0,False,993.0,matern,0.1,1.5,1.0,,2274064,3000,btab_boxeig_topk_35721_q256,189,994,993,25000000,100000000,3000,cufinufft,binned_c1,50,993,9.647867796188138e-08,pcg,converged,993,,True,0.1,0,0.0,0.0276138063623364,0.02764093479761192,0,0.1,boxeig,ok,,0.0006504707686169572,0.6465679440052554,0.0004952601339201773,0.4917933129827361,0.0,0,,139920.8777583091,0.004606698999850778,1.708514702542472e-05,0.016965550996246748,3.1290738180631794e-05,0.03107170301336737,0.00034800855993352106,0.34557250001398643,0.4759671840001829,0.0,0.0,0.0009754460002113774,0.0,5.836873514997187e-05,0.05796015400392207,0.4749917379999715,,0.108469425000294,0.526290194000012,0.48152428799994595,0.532459968999774,2.2517317990000265,0.0,2.7780219930000385,2.8864914180003325,1e-07,,80000,v7_btab_boxeig
35721,expanded_box,topk,35721,,35721,0,"[94, 94]","[189, 189]",35721,topk,35721,,35721,80000,35721,cheap,30,0.01,,cupy,4.9703546303456013e-14,8.717737613779838e-15,1600,674,674,,674,320,35721,0,182896640,8293.400475173681,82934.00475173681,0.001,boxeig,20000,group_c,50,diag,0.001,50,auto,group_c,boxeig,765,766,8.975094136529654e-08,0,,,2,USGS_LPC_IL_Winnebago_2018_ground_elevation_regression_ntrain100000000,False,NVIDIA A100-SXM4-40GB,cheap,320,0,320,320,0,0,2,35721,,,,,,,4.9703546303456013e-14,8.717737613779838e-15,,,,,1e-05,boxeig,99999999.99986596,True,,nan,0,0,,nan,0,0,0,0,False,765.0,matern,0.1,1.5,1.0,,2274064,3000,btab_boxeig_topk_35721_q320,189,766,765,25000000,100000000,3000,cufinufft,binned_c1,50,765,8.975094136529654e-08,pcg,converged,765,,True,0.1,0,0.0,0.027613826155527453,0.027640953222003894,0,0.1,boxeig,ok,,0.0006424662819762899,0.4921291719938381,0.0005382613895366661,0.4117699629955496,0.0,0,,82934.00475173681,0.004758927999773732,1.6758528092954638e-05,0.012820273991110298,3.121213594508518e-05,0.023877283997990162,0.00039314389281084054,0.300755078000293,0.59996004300001,0.0,0.0,0.0011220040000807785,0.0,5.72718457530511e-05,0.04381296200108409,0.5988380389999293,,0.1357273849998819,0.5261722929999451,0.6058152959999461,0.5183357129999422,1.9938820369998211,0.0,2.520054329999766,2.655781714999648,1e-07,,80000,v7_btab_boxeig
