M,S_kind,active_mode,active_size,active_tau,active_topk,box_memory_bytes,box_radii,box_shape,box_size,btab_active_mode,btab_active_size_raw,btab_active_tau,btab_active_topk,btab_box_budget,btab_box_size,btab_diagnostic_mode,btab_diagnostic_power_iter,btab_diagnostic_tol,btab_eig_apply_batch_cols,btab_eig_backend,btab_eig_eig_residual_max,btab_eig_eig_residual_median,btab_eig_maxiter,btab_eig_n_ABB_matvec_cols,btab_eig_n_eig_matvec,btab_eig_ncv,btab_eig_ncv_actual,btab_eig_q,btab_eig_size_S,btab_eig_size_T,btab_eig_storage_bytes,btab_eig_theta_q1,btab_eig_theta_q1_over_sigma2,btab_eig_tol,btab_exact_apply_mode,btab_exact_box_max_size,btab_experiment_route,btab_inner_maxiter,btab_inner_precond,btab_inner_tol,btab_outer_gmres_restart,btab_outer_solver,btab_solve_mode,cg_iters,cg_n_matvec,cg_relres,chol_memory_bytes,chunk_size,coord_nystrom_gamma,dataset_dim,dataset_stem,debug_finite_checks,device_name,diagnostic_mode,diagnostic_n_ASS_matvec,diagnostic_n_A_matvec,diagnostic_n_eig_matvec,diagnostic_n_matvec,diagnostic_n_power_iter,diagnostic_n_precond,dim,efgp_matrix_dim,eig_block_size,eig_n_iter,eig_nystrom_kernel_s,eig_residual_cols_rel,eig_residual_fro,eig_residual_fro_rel,eig_residual_max,eig_residual_median,eigen_apply_A_block_calls,eigen_n_matvec,eigen_t_matvec_avg,eigen_t_matvec_total,eps,error_message,error_type,exact_apply_mode,gamma,has_nufft,injected_eps_coord_topq,inner_last_relres,inner_max_iters,inner_maxiter,inner_precond,inner_tol,inner_total_iters,inner_total_matvec,inner_total_precond,inverse_memory_bytes,is_warmup,iterations,kernel_family,kernel_lengthscale,kernel_nu,kernel_variance,lambda1_coord_nystrom,local_fft_memory_bytes,maxiter,method,mtot,n_matvec,n_precond,n_test,n_train,nufft_backend,nufft_stage,outer_gmres_restart,outer_iters,outer_relres,outer_solver,outer_status,precond_apply_calls,precond_kind,profile_components,reg_lambda,repeat_idx,rho_max_T,rmse_test,rmse_train,run_seed,sigma2_equiv_reg_lambda,solve_mode,status,surrogate_tag,t_matvec_avg,t_matvec_total,t_precond_avg,t_precond_total,tail_energy,tail_size,theta_coord_topq,theta_q1_over_sigma2,time_active_set,time_box_gather_avg,time_box_gather_total,time_box_scatter_avg,time_box_scatter_total,time_box_solve_avg,time_box_solve_total,time_build_Ag,time_build_box_matrix,time_build_inverse,time_build_local_fft,time_cholesky,time_diag_avg,time_diag_total,time_eig_setup,time_eigenspace,time_post_diagnostics,time_precompute,time_precond_build,time_predict,time_solve,time_symmetrize_regularize,time_total,time_total_with_diagnostics,tol,top_q,traceback,version
,,,,,,,,,,,,,,,,,,,,,,,,,,,,,,,,,,,,,group_b,,,,,,,,,,,,,2,synthetic_true_func_2d_n300000000,,,,,,,,,,,,,,,,,,,,,,,,1e-05,"Out of memory allocating 4,800,000,000 bytes (allocated so far: 19,200,097,280 bytes).",OutOfMemoryError,,,,,,,,,,,,,,False,nan,SE,0.1,1.5,1.0,,,20000,plain_cg,,,,75000000,300000000,,,,,,,,,,,0.1,0,,,,0,,,failed,,,,,,,,,,,,,,,,,,,,,,,,,,,,,,,,,,1e-07,,"Traceback (most recent call last):
  File ""/content/EFGP-Eigenpro/efgp_eigenpro_py/gpu/box_toeplitz_active_block/run_experiments.py"", line 382, in _run_case
    out = fn()
          ^^^^
  File ""/content/EFGP-Eigenpro/efgp_eigenpro_py/gpu/box_toeplitz_active_block/run_experiments.py"", line 401, in <lambda>
    _run_case(""plain_cg"", lambda: run_v1_pure_efgp(solver, x_train, y_train, gpu_cfg))
                                  ^^^^^^^^^^^^^^^^^^^^^^^^^^^^^^^^^^^^^^^^^^^^^^^^^^^
  File ""/tmp/ipykernel_1754/1328016512.py"", line 71, in _wrapped
    return fn(*args, **kwargs)
           ^^^^^^^^^^^^^^^^^^^
  File ""/content/EFGP-Eigenpro/efgp_eigenpro_py/gpu/versions.py"", line 205, in run_v1_pure_efgp
    _ = predict_v1(backend, data_ctx, x, beta_gpu)
        ^^^^^^^^^^^^^^^^^^^^^^^^^^^^^^^^^^^^^^^^^^
  File ""/content/EFGP-Eigenpro/efgp_eigenpro_py/gpu/v1_ops.py"", line 671, in predict_v1
    tphx = _tphx_scaled_gpu(xp, x_eval_gpu, data_ctx.x_center_gpu, h)
           ^^^^^^^^^^^^^^^^^^^^^^^^^^^^^^^^^^^^^^^^^^^^^^^^^^^^^^^^^^
  File ""/content/EFGP-Eigenpro/efgp_eigenpro_py/gpu/v1_ops.py"", line 52, in _tphx_scaled_gpu
    tphx = (2.0 * pi * h) * (x - x_center)
           ~~~~~~~~~~~~~~~^~~~~~~~~~~~~~~~
  File ""cupy/_core/core.pyx"", line 1505, in cupy._core.core._ndarray_base.__mul__
  File ""cupy/_core/_kernel.pyx"", line 1357, in cupy._core._kernel.ufunc.__call__
  File ""cupy/_core/_kernel.pyx"", line 636, in cupy._core._kernel._get_out_args_from_optionals
  File ""cupy/_core/core.pyx"", line 3157, in cupy._core.core._ndarray_init
  File ""cupy/_core/core.pyx"", line 297, in cupy._core.core._ndarray_base._init_fast
  File ""cupy/cuda/memory.pyx"", line 877, in cupy.cuda.memory.alloc
  File ""cupy/cuda/memory.pyx"", line 1622, in cupy.cuda.memory.MemoryPool.malloc
  File ""cupy/cuda/memory.pyx"", line 1643, in cupy.cuda.memory.MemoryPool.malloc
  File ""cupy/cuda/memory.pyx"", line 1290, in cupy.cuda.memory.SingleDeviceMemoryPool.malloc
  File ""cupy/cuda/memory.pyx"", line 1311, in cupy.cuda.memory.SingleDeviceMemoryPool._malloc
  File ""cupy/cuda/memory.pyx"", line 1566, in cupy.cuda.memory.SingleDeviceMemoryPool._try_malloc
  File ""cupy/cuda/memory.pyx"", line 1569, in cupy.cuda.memory.SingleDeviceMemoryPool._try_malloc
cupy.cuda.memory.OutOfMemoryError: Out of memory allocating 4,800,000,000 bytes (allocated so far: 19,200,097,280 bytes).
",
,,,,,,,,,,,,,,,,,,,,,,,,,,,,,,,,,,,,,group_b,,,,,,,,,,,,,2,synthetic_true_func_2d_n300000000,,,,,,,,,,,,,,,,,,,,,,,,1e-05,"Out of memory allocating 4,800,000,000 bytes (allocated so far: 19,200,096,768 bytes).",OutOfMemoryError,,,,,,,,,,,,,,False,nan,SE,0.1,1.5,1.0,,,20000,eigenpro_pcg_q90,,,,75000000,300000000,,,,,,,,,,,0.1,0,,,,0,,,failed,,,,,,,,,,,,,,,,,,,,,,,,,,,,,,,,,,1e-07,90,"Traceback (most recent call last):
  File ""/content/EFGP-Eigenpro/efgp_eigenpro_py/gpu/box_toeplitz_active_block/run_experiments.py"", line 382, in _run_case
    out = fn()
          ^^^^
  File ""/content/EFGP-Eigenpro/efgp_eigenpro_py/gpu/box_toeplitz_active_block/run_experiments.py"", line 412, in <lambda>
    lambda eig_cfg=eig_cfg: run_v3_full_gpu_eigenspace(
                            ^^^^^^^^^^^^^^^^^^^^^^^^^^^
  File ""/tmp/ipykernel_1754/1328016512.py"", line 71, in _wrapped
    return fn(*args, **kwargs)
           ^^^^^^^^^^^^^^^^^^^
  File ""/content/EFGP-Eigenpro/efgp_eigenpro_py/gpu/versions.py"", line 578, in run_v3_full_gpu_eigenspace
    _ = predict_v1(backend, data_ctx, x, beta_gpu)
        ^^^^^^^^^^^^^^^^^^^^^^^^^^^^^^^^^^^^^^^^^^
  File ""/content/EFGP-Eigenpro/efgp_eigenpro_py/gpu/v1_ops.py"", line 671, in predict_v1
    tphx = _tphx_scaled_gpu(xp, x_eval_gpu, data_ctx.x_center_gpu, h)
           ^^^^^^^^^^^^^^^^^^^^^^^^^^^^^^^^^^^^^^^^^^^^^^^^^^^^^^^^^^
  File ""/content/EFGP-Eigenpro/efgp_eigenpro_py/gpu/v1_ops.py"", line 52, in _tphx_scaled_gpu
    tphx = (2.0 * pi * h) * (x - x_center)
           ~~~~~~~~~~~~~~~^~~~~~~~~~~~~~~~
  File ""cupy/_core/core.pyx"", line 1505, in cupy._core.core._ndarray_base.__mul__
  File ""cupy/_core/_kernel.pyx"", line 1357, in cupy._core._kernel.ufunc.__call__
  File ""cupy/_core/_kernel.pyx"", line 636, in cupy._core._kernel._get_out_args_from_optionals
  File ""cupy/_core/core.pyx"", line 3157, in cupy._core.core._ndarray_init
  File ""cupy/_core/core.pyx"", line 297, in cupy._core.core._ndarray_base._init_fast
  File ""cupy/cuda/memory.pyx"", line 877, in cupy.cuda.memory.alloc
  File ""cupy/cuda/memory.pyx"", line 1622, in cupy.cuda.memory.MemoryPool.malloc
  File ""cupy/cuda/memory.pyx"", line 1643, in cupy.cuda.memory.MemoryPool.malloc
  File ""cupy/cuda/memory.pyx"", line 1290, in cupy.cuda.memory.SingleDeviceMemoryPool.malloc
  File ""cupy/cuda/memory.pyx"", line 1311, in cupy.cuda.memory.SingleDeviceMemoryPool._malloc
  File ""cupy/cuda/memory.pyx"", line 1566, in cupy.cuda.memory.SingleDeviceMemoryPool._try_malloc
  File ""cupy/cuda/memory.pyx"", line 1569, in cupy.cuda.memory.SingleDeviceMemoryPool._try_malloc
cupy.cuda.memory.OutOfMemoryError: Out of memory allocating 4,800,000,000 bytes (allocated so far: 19,200,096,768 bytes).
",
,,,,,,,,,,,,,,,,,,,,,,,,,,,,,,,,,,,,,group_b,,,,,,,,,,,,,2,synthetic_true_func_2d_n300000000,,,,,,,,,,,,,,,,,,,,,,,,1e-05,"Out of memory allocating 4,800,000,000 bytes (allocated so far: 19,200,096,768 bytes).",OutOfMemoryError,,,,,,,,,,,,,,False,nan,SE,0.1,1.5,1.0,,,20000,eigenpro_pcg_q180,,,,75000000,300000000,,,,,,,,,,,0.1,0,,,,0,,,failed,,,,,,,,,,,,,,,,,,,,,,,,,,,,,,,,,,1e-07,180,"Traceback (most recent call last):
  File ""/content/EFGP-Eigenpro/efgp_eigenpro_py/gpu/box_toeplitz_active_block/run_experiments.py"", line 382, in _run_case
    out = fn()
          ^^^^
  File ""/content/EFGP-Eigenpro/efgp_eigenpro_py/gpu/box_toeplitz_active_block/run_experiments.py"", line 412, in <lambda>
    lambda eig_cfg=eig_cfg: run_v3_full_gpu_eigenspace(
                            ^^^^^^^^^^^^^^^^^^^^^^^^^^^
  File ""/tmp/ipykernel_1754/1328016512.py"", line 71, in _wrapped
    return fn(*args, **kwargs)
           ^^^^^^^^^^^^^^^^^^^
  File ""/content/EFGP-Eigenpro/efgp_eigenpro_py/gpu/versions.py"", line 578, in run_v3_full_gpu_eigenspace
    _ = predict_v1(backend, data_ctx, x, beta_gpu)
        ^^^^^^^^^^^^^^^^^^^^^^^^^^^^^^^^^^^^^^^^^^
  File ""/content/EFGP-Eigenpro/efgp_eigenpro_py/gpu/v1_ops.py"", line 671, in predict_v1
    tphx = _tphx_scaled_gpu(xp, x_eval_gpu, data_ctx.x_center_gpu, h)
           ^^^^^^^^^^^^^^^^^^^^^^^^^^^^^^^^^^^^^^^^^^^^^^^^^^^^^^^^^^
  File ""/content/EFGP-Eigenpro/efgp_eigenpro_py/gpu/v1_ops.py"", line 52, in _tphx_scaled_gpu
    tphx = (2.0 * pi * h) * (x - x_center)
           ~~~~~~~~~~~~~~~^~~~~~~~~~~~~~~~
  File ""cupy/_core/core.pyx"", line 1505, in cupy._core.core._ndarray_base.__mul__
  File ""cupy/_core/_kernel.pyx"", line 1357, in cupy._core._kernel.ufunc.__call__
  File ""cupy/_core/_kernel.pyx"", line 636, in cupy._core._kernel._get_out_args_from_optionals
  File ""cupy/_core/core.pyx"", line 3157, in cupy._core.core._ndarray_init
  File ""cupy/_core/core.pyx"", line 297, in cupy._core.core._ndarray_base._init_fast
  File ""cupy/cuda/memory.pyx"", line 877, in cupy.cuda.memory.alloc
  File ""cupy/cuda/memory.pyx"", line 1622, in cupy.cuda.memory.MemoryPool.malloc
  File ""cupy/cuda/memory.pyx"", line 1643, in cupy.cuda.memory.MemoryPool.malloc
  File ""cupy/cuda/memory.pyx"", line 1290, in cupy.cuda.memory.SingleDeviceMemoryPool.malloc
  File ""cupy/cuda/memory.pyx"", line 1311, in cupy.cuda.memory.SingleDeviceMemoryPool._malloc
  File ""cupy/cuda/memory.pyx"", line 1566, in cupy.cuda.memory.SingleDeviceMemoryPool._try_malloc
  File ""cupy/cuda/memory.pyx"", line 1569, in cupy.cuda.memory.SingleDeviceMemoryPool._try_malloc
cupy.cuda.memory.OutOfMemoryError: Out of memory allocating 4,800,000,000 bytes (allocated so far: 19,200,096,768 bytes).
",
,,,,,,,,,,topk,,,64,80000,,cheap,30,0.01,,,,,,,,,,,,,,,,,chol_solve,20000,group_b,50,diag,0.001,50,auto,auto,,,,,,,2,synthetic_true_func_2d_n300000000,,,,,,,,,,,,,,,,,,,,,,,,1e-05,"Out of memory allocating 4,800,000,000 bytes (allocated so far: 19,200,096,768 bytes).",OutOfMemoryError,,,,,,,,,,,,,,False,nan,SE,0.1,1.5,1.0,,,20000,btab_auto_topk_64,,,,75000000,300000000,,,,,,,,,,,0.1,0,,,,0,,,failed,,,,,,,,,,,,,,,,,,,,,,,,,,,,,,,,,,1e-07,,"Traceback (most recent call last):
  File ""/content/EFGP-Eigenpro/efgp_eigenpro_py/gpu/box_toeplitz_active_block/run_experiments.py"", line 382, in _run_case
    out = fn()
          ^^^^
  File ""/content/EFGP-Eigenpro/efgp_eigenpro_py/gpu/box_toeplitz_active_block/run_experiments.py"", line 481, in <lambda>
    lambda btab_cfg=btab_cfg: run_v6_box_toeplitz_active_block(
                              ^^^^^^^^^^^^^^^^^^^^^^^^^^^^^^^^^
  File ""/tmp/ipykernel_1754/1328016512.py"", line 71, in _wrapped
    return fn(*args, **kwargs)
           ^^^^^^^^^^^^^^^^^^^
  File ""/content/EFGP-Eigenpro/efgp_eigenpro_py/gpu/versions.py"", line 676, in run_v6_box_toeplitz_active_block
    _ = predict_v1(backend, data_ctx, x, beta_gpu)
        ^^^^^^^^^^^^^^^^^^^^^^^^^^^^^^^^^^^^^^^^^^
  File ""/content/EFGP-Eigenpro/efgp_eigenpro_py/gpu/v1_ops.py"", line 671, in predict_v1
    tphx = _tphx_scaled_gpu(xp, x_eval_gpu, data_ctx.x_center_gpu, h)
           ^^^^^^^^^^^^^^^^^^^^^^^^^^^^^^^^^^^^^^^^^^^^^^^^^^^^^^^^^^
  File ""/content/EFGP-Eigenpro/efgp_eigenpro_py/gpu/v1_ops.py"", line 52, in _tphx_scaled_gpu
    tphx = (2.0 * pi * h) * (x - x_center)
           ~~~~~~~~~~~~~~~^~~~~~~~~~~~~~~~
  File ""cupy/_core/core.pyx"", line 1505, in cupy._core.core._ndarray_base.__mul__
  File ""cupy/_core/_kernel.pyx"", line 1357, in cupy._core._kernel.ufunc.__call__
  File ""cupy/_core/_kernel.pyx"", line 636, in cupy._core._kernel._get_out_args_from_optionals
  File ""cupy/_core/core.pyx"", line 3157, in cupy._core.core._ndarray_init
  File ""cupy/_core/core.pyx"", line 297, in cupy._core.core._ndarray_base._init_fast
  File ""cupy/cuda/memory.pyx"", line 877, in cupy.cuda.memory.alloc
  File ""cupy/cuda/memory.pyx"", line 1622, in cupy.cuda.memory.MemoryPool.malloc
  File ""cupy/cuda/memory.pyx"", line 1643, in cupy.cuda.memory.MemoryPool.malloc
  File ""cupy/cuda/memory.pyx"", line 1290, in cupy.cuda.memory.SingleDeviceMemoryPool.malloc
  File ""cupy/cuda/memory.pyx"", line 1311, in cupy.cuda.memory.SingleDeviceMemoryPool._malloc
  File ""cupy/cuda/memory.pyx"", line 1566, in cupy.cuda.memory.SingleDeviceMemoryPool._try_malloc
  File ""cupy/cuda/memory.pyx"", line 1569, in cupy.cuda.memory.SingleDeviceMemoryPool._try_malloc
cupy.cuda.memory.OutOfMemoryError: Out of memory allocating 4,800,000,000 bytes (allocated so far: 19,200,096,768 bytes).
",
,,,,,,,,,,topk,,,128,80000,,cheap,30,0.01,,,,,,,,,,,,,,,,,chol_solve,20000,group_b,50,diag,0.001,50,auto,auto,,,,,,,2,synthetic_true_func_2d_n300000000,,,,,,,,,,,,,,,,,,,,,,,,1e-05,"Out of memory allocating 4,800,000,000 bytes (allocated so far: 19,200,096,768 bytes).",OutOfMemoryError,,,,,,,,,,,,,,False,nan,SE,0.1,1.5,1.0,,,20000,btab_auto_topk_128,,,,75000000,300000000,,,,,,,,,,,0.1,0,,,,0,,,failed,,,,,,,,,,,,,,,,,,,,,,,,,,,,,,,,,,1e-07,,"Traceback (most recent call last):
  File ""/content/EFGP-Eigenpro/efgp_eigenpro_py/gpu/box_toeplitz_active_block/run_experiments.py"", line 382, in _run_case
    out = fn()
          ^^^^
  File ""/content/EFGP-Eigenpro/efgp_eigenpro_py/gpu/box_toeplitz_active_block/run_experiments.py"", line 481, in <lambda>
    lambda btab_cfg=btab_cfg: run_v6_box_toeplitz_active_block(
                              ^^^^^^^^^^^^^^^^^^^^^^^^^^^^^^^^^
  File ""/tmp/ipykernel_1754/1328016512.py"", line 71, in _wrapped
    return fn(*args, **kwargs)
           ^^^^^^^^^^^^^^^^^^^
  File ""/content/EFGP-Eigenpro/efgp_eigenpro_py/gpu/versions.py"", line 676, in run_v6_box_toeplitz_active_block
    _ = predict_v1(backend, data_ctx, x, beta_gpu)
        ^^^^^^^^^^^^^^^^^^^^^^^^^^^^^^^^^^^^^^^^^^
  File ""/content/EFGP-Eigenpro/efgp_eigenpro_py/gpu/v1_ops.py"", line 671, in predict_v1
    tphx = _tphx_scaled_gpu(xp, x_eval_gpu, data_ctx.x_center_gpu, h)
           ^^^^^^^^^^^^^^^^^^^^^^^^^^^^^^^^^^^^^^^^^^^^^^^^^^^^^^^^^^
  File ""/content/EFGP-Eigenpro/efgp_eigenpro_py/gpu/v1_ops.py"", line 52, in _tphx_scaled_gpu
    tphx = (2.0 * pi * h) * (x - x_center)
           ~~~~~~~~~~~~~~~^~~~~~~~~~~~~~~~
  File ""cupy/_core/core.pyx"", line 1505, in cupy._core.core._ndarray_base.__mul__
  File ""cupy/_core/_kernel.pyx"", line 1357, in cupy._core._kernel.ufunc.__call__
  File ""cupy/_core/_kernel.pyx"", line 636, in cupy._core._kernel._get_out_args_from_optionals
  File ""cupy/_core/core.pyx"", line 3157, in cupy._core.core._ndarray_init
  File ""cupy/_core/core.pyx"", line 297, in cupy._core.core._ndarray_base._init_fast
  File ""cupy/cuda/memory.pyx"", line 877, in cupy.cuda.memory.alloc
  File ""cupy/cuda/memory.pyx"", line 1622, in cupy.cuda.memory.MemoryPool.malloc
  File ""cupy/cuda/memory.pyx"", line 1643, in cupy.cuda.memory.MemoryPool.malloc
  File ""cupy/cuda/memory.pyx"", line 1290, in cupy.cuda.memory.SingleDeviceMemoryPool.malloc
  File ""cupy/cuda/memory.pyx"", line 1311, in cupy.cuda.memory.SingleDeviceMemoryPool._malloc
  File ""cupy/cuda/memory.pyx"", line 1566, in cupy.cuda.memory.SingleDeviceMemoryPool._try_malloc
  File ""cupy/cuda/memory.pyx"", line 1569, in cupy.cuda.memory.SingleDeviceMemoryPool._try_malloc
cupy.cuda.memory.OutOfMemoryError: Out of memory allocating 4,800,000,000 bytes (allocated so far: 19,200,096,768 bytes).
",
,,,,,,,,,,topk,,,256,80000,,cheap,30,0.01,,,,,,,,,,,,,,,,,chol_solve,20000,group_b,50,diag,0.001,50,auto,auto,,,,,,,2,synthetic_true_func_2d_n300000000,,,,,,,,,,,,,,,,,,,,,,,,1e-05,"Out of memory allocating 4,800,000,000 bytes (allocated so far: 19,200,096,768 bytes).",OutOfMemoryError,,,,,,,,,,,,,,False,nan,SE,0.1,1.5,1.0,,,20000,btab_auto_topk_256,,,,75000000,300000000,,,,,,,,,,,0.1,0,,,,0,,,failed,,,,,,,,,,,,,,,,,,,,,,,,,,,,,,,,,,1e-07,,"Traceback (most recent call last):
  File ""/content/EFGP-Eigenpro/efgp_eigenpro_py/gpu/box_toeplitz_active_block/run_experiments.py"", line 382, in _run_case
    out = fn()
          ^^^^
  File ""/content/EFGP-Eigenpro/efgp_eigenpro_py/gpu/box_toeplitz_active_block/run_experiments.py"", line 481, in <lambda>
    lambda btab_cfg=btab_cfg: run_v6_box_toeplitz_active_block(
                              ^^^^^^^^^^^^^^^^^^^^^^^^^^^^^^^^^
  File ""/tmp/ipykernel_1754/1328016512.py"", line 71, in _wrapped
    return fn(*args, **kwargs)
           ^^^^^^^^^^^^^^^^^^^
  File ""/content/EFGP-Eigenpro/efgp_eigenpro_py/gpu/versions.py"", line 676, in run_v6_box_toeplitz_active_block
    _ = predict_v1(backend, data_ctx, x, beta_gpu)
        ^^^^^^^^^^^^^^^^^^^^^^^^^^^^^^^^^^^^^^^^^^
  File ""/content/EFGP-Eigenpro/efgp_eigenpro_py/gpu/v1_ops.py"", line 671, in predict_v1
    tphx = _tphx_scaled_gpu(xp, x_eval_gpu, data_ctx.x_center_gpu, h)
           ^^^^^^^^^^^^^^^^^^^^^^^^^^^^^^^^^^^^^^^^^^^^^^^^^^^^^^^^^^
  File ""/content/EFGP-Eigenpro/efgp_eigenpro_py/gpu/v1_ops.py"", line 52, in _tphx_scaled_gpu
    tphx = (2.0 * pi * h) * (x - x_center)
           ~~~~~~~~~~~~~~~^~~~~~~~~~~~~~~~
  File ""cupy/_core/core.pyx"", line 1505, in cupy._core.core._ndarray_base.__mul__
  File ""cupy/_core/_kernel.pyx"", line 1357, in cupy._core._kernel.ufunc.__call__
  File ""cupy/_core/_kernel.pyx"", line 636, in cupy._core._kernel._get_out_args_from_optionals
  File ""cupy/_core/core.pyx"", line 3157, in cupy._core.core._ndarray_init
  File ""cupy/_core/core.pyx"", line 297, in cupy._core.core._ndarray_base._init_fast
  File ""cupy/cuda/memory.pyx"", line 877, in cupy.cuda.memory.alloc
  File ""cupy/cuda/memory.pyx"", line 1622, in cupy.cuda.memory.MemoryPool.malloc
  File ""cupy/cuda/memory.pyx"", line 1643, in cupy.cuda.memory.MemoryPool.malloc
  File ""cupy/cuda/memory.pyx"", line 1290, in cupy.cuda.memory.SingleDeviceMemoryPool.malloc
  File ""cupy/cuda/memory.pyx"", line 1311, in cupy.cuda.memory.SingleDeviceMemoryPool._malloc
  File ""cupy/cuda/memory.pyx"", line 1566, in cupy.cuda.memory.SingleDeviceMemoryPool._try_malloc
  File ""cupy/cuda/memory.pyx"", line 1569, in cupy.cuda.memory.SingleDeviceMemoryPool._try_malloc
cupy.cuda.memory.OutOfMemoryError: Out of memory allocating 4,800,000,000 bytes (allocated so far: 19,200,096,768 bytes).
",
,,,,,,,,,,topk,,,512,80000,,cheap,30,0.01,,,,,,,,,,,,,,,,,chol_solve,20000,group_b,50,diag,0.001,50,auto,auto,,,,,,,2,synthetic_true_func_2d_n300000000,,,,,,,,,,,,,,,,,,,,,,,,1e-05,"Out of memory allocating 4,800,000,000 bytes (allocated so far: 19,200,096,768 bytes).",OutOfMemoryError,,,,,,,,,,,,,,False,nan,SE,0.1,1.5,1.0,,,20000,btab_auto_topk_512,,,,75000000,300000000,,,,,,,,,,,0.1,0,,,,0,,,failed,,,,,,,,,,,,,,,,,,,,,,,,,,,,,,,,,,1e-07,,"Traceback (most recent call last):
  File ""/content/EFGP-Eigenpro/efgp_eigenpro_py/gpu/box_toeplitz_active_block/run_experiments.py"", line 382, in _run_case
    out = fn()
          ^^^^
  File ""/content/EFGP-Eigenpro/efgp_eigenpro_py/gpu/box_toeplitz_active_block/run_experiments.py"", line 481, in <lambda>
    lambda btab_cfg=btab_cfg: run_v6_box_toeplitz_active_block(
                              ^^^^^^^^^^^^^^^^^^^^^^^^^^^^^^^^^
  File ""/tmp/ipykernel_1754/1328016512.py"", line 71, in _wrapped
    return fn(*args, **kwargs)
           ^^^^^^^^^^^^^^^^^^^
  File ""/content/EFGP-Eigenpro/efgp_eigenpro_py/gpu/versions.py"", line 676, in run_v6_box_toeplitz_active_block
    _ = predict_v1(backend, data_ctx, x, beta_gpu)
        ^^^^^^^^^^^^^^^^^^^^^^^^^^^^^^^^^^^^^^^^^^
  File ""/content/EFGP-Eigenpro/efgp_eigenpro_py/gpu/v1_ops.py"", line 671, in predict_v1
    tphx = _tphx_scaled_gpu(xp, x_eval_gpu, data_ctx.x_center_gpu, h)
           ^^^^^^^^^^^^^^^^^^^^^^^^^^^^^^^^^^^^^^^^^^^^^^^^^^^^^^^^^^
  File ""/content/EFGP-Eigenpro/efgp_eigenpro_py/gpu/v1_ops.py"", line 52, in _tphx_scaled_gpu
    tphx = (2.0 * pi * h) * (x - x_center)
           ~~~~~~~~~~~~~~~^~~~~~~~~~~~~~~~
  File ""cupy/_core/core.pyx"", line 1505, in cupy._core.core._ndarray_base.__mul__
  File ""cupy/_core/_kernel.pyx"", line 1357, in cupy._core._kernel.ufunc.__call__
  File ""cupy/_core/_kernel.pyx"", line 636, in cupy._core._kernel._get_out_args_from_optionals
  File ""cupy/_core/core.pyx"", line 3157, in cupy._core.core._ndarray_init
  File ""cupy/_core/core.pyx"", line 297, in cupy._core.core._ndarray_base._init_fast
  File ""cupy/cuda/memory.pyx"", line 877, in cupy.cuda.memory.alloc
  File ""cupy/cuda/memory.pyx"", line 1622, in cupy.cuda.memory.MemoryPool.malloc
  File ""cupy/cuda/memory.pyx"", line 1643, in cupy.cuda.memory.MemoryPool.malloc
  File ""cupy/cuda/memory.pyx"", line 1290, in cupy.cuda.memory.SingleDeviceMemoryPool.malloc
  File ""cupy/cuda/memory.pyx"", line 1311, in cupy.cuda.memory.SingleDeviceMemoryPool._malloc
  File ""cupy/cuda/memory.pyx"", line 1566, in cupy.cuda.memory.SingleDeviceMemoryPool._try_malloc
  File ""cupy/cuda/memory.pyx"", line 1569, in cupy.cuda.memory.SingleDeviceMemoryPool._try_malloc
cupy.cuda.memory.OutOfMemoryError: Out of memory allocating 4,800,000,000 bytes (allocated so far: 19,200,096,768 bytes).
",
,,,,,,,,,,topk,,,1024,80000,,cheap,30,0.01,,,,,,,,,,,,,,,,,chol_solve,20000,group_b,50,diag,0.001,50,auto,auto,,,,,,,2,synthetic_true_func_2d_n300000000,,,,,,,,,,,,,,,,,,,,,,,,1e-05,"Out of memory allocating 4,800,000,000 bytes (allocated so far: 19,200,096,768 bytes).",OutOfMemoryError,,,,,,,,,,,,,,False,nan,SE,0.1,1.5,1.0,,,20000,btab_auto_topk_1024,,,,75000000,300000000,,,,,,,,,,,0.1,0,,,,0,,,failed,,,,,,,,,,,,,,,,,,,,,,,,,,,,,,,,,,1e-07,,"Traceback (most recent call last):
  File ""/content/EFGP-Eigenpro/efgp_eigenpro_py/gpu/box_toeplitz_active_block/run_experiments.py"", line 382, in _run_case
    out = fn()
          ^^^^
  File ""/content/EFGP-Eigenpro/efgp_eigenpro_py/gpu/box_toeplitz_active_block/run_experiments.py"", line 481, in <lambda>
    lambda btab_cfg=btab_cfg: run_v6_box_toeplitz_active_block(
                              ^^^^^^^^^^^^^^^^^^^^^^^^^^^^^^^^^
  File ""/tmp/ipykernel_1754/1328016512.py"", line 71, in _wrapped
    return fn(*args, **kwargs)
           ^^^^^^^^^^^^^^^^^^^
  File ""/content/EFGP-Eigenpro/efgp_eigenpro_py/gpu/versions.py"", line 676, in run_v6_box_toeplitz_active_block
    _ = predict_v1(backend, data_ctx, x, beta_gpu)
        ^^^^^^^^^^^^^^^^^^^^^^^^^^^^^^^^^^^^^^^^^^
  File ""/content/EFGP-Eigenpro/efgp_eigenpro_py/gpu/v1_ops.py"", line 671, in predict_v1
    tphx = _tphx_scaled_gpu(xp, x_eval_gpu, data_ctx.x_center_gpu, h)
           ^^^^^^^^^^^^^^^^^^^^^^^^^^^^^^^^^^^^^^^^^^^^^^^^^^^^^^^^^^
  File ""/content/EFGP-Eigenpro/efgp_eigenpro_py/gpu/v1_ops.py"", line 52, in _tphx_scaled_gpu
    tphx = (2.0 * pi * h) * (x - x_center)
           ~~~~~~~~~~~~~~~^~~~~~~~~~~~~~~~
  File ""cupy/_core/core.pyx"", line 1505, in cupy._core.core._ndarray_base.__mul__
  File ""cupy/_core/_kernel.pyx"", line 1357, in cupy._core._kernel.ufunc.__call__
  File ""cupy/_core/_kernel.pyx"", line 636, in cupy._core._kernel._get_out_args_from_optionals
  File ""cupy/_core/core.pyx"", line 3157, in cupy._core.core._ndarray_init
  File ""cupy/_core/core.pyx"", line 297, in cupy._core.core._ndarray_base._init_fast
  File ""cupy/cuda/memory.pyx"", line 877, in cupy.cuda.memory.alloc
  File ""cupy/cuda/memory.pyx"", line 1622, in cupy.cuda.memory.MemoryPool.malloc
  File ""cupy/cuda/memory.pyx"", line 1643, in cupy.cuda.memory.MemoryPool.malloc
  File ""cupy/cuda/memory.pyx"", line 1290, in cupy.cuda.memory.SingleDeviceMemoryPool.malloc
  File ""cupy/cuda/memory.pyx"", line 1311, in cupy.cuda.memory.SingleDeviceMemoryPool._malloc
  File ""cupy/cuda/memory.pyx"", line 1566, in cupy.cuda.memory.SingleDeviceMemoryPool._try_malloc
  File ""cupy/cuda/memory.pyx"", line 1569, in cupy.cuda.memory.SingleDeviceMemoryPool._try_malloc
cupy.cuda.memory.OutOfMemoryError: Out of memory allocating 4,800,000,000 bytes (allocated so far: 19,200,096,768 bytes).
",
,,,,,,,,,,topk,,,64,80000,,cheap,30,0.01,,,,,,,,,,16,,,,,,0.001,boxeig,20000,group_b,50,diag,0.001,50,auto,boxeig,,,,,,,2,synthetic_true_func_2d_n300000000,,,,,,,,,,,,,,,,,,,,,,,,1e-05,"Out of memory allocating 4,800,000,000 bytes (allocated so far: 19,200,096,768 bytes).",OutOfMemoryError,,,,,,,,,,,,,,False,nan,SE,0.1,1.5,1.0,,,20000,btab_boxeig_topk_64_q16,,,,75000000,300000000,,,,,,,,,,,0.1,0,,,,0,,,failed,,,,,,,,,,,,,,,,,,,,,,,,,,,,,,,,,,1e-07,,"Traceback (most recent call last):
  File ""/content/EFGP-Eigenpro/efgp_eigenpro_py/gpu/box_toeplitz_active_block/run_experiments.py"", line 382, in _run_case
    out = fn()
          ^^^^
  File ""/content/EFGP-Eigenpro/efgp_eigenpro_py/gpu/box_toeplitz_active_block/run_experiments.py"", line 570, in <lambda>
    lambda btab_cfg=btab_cfg: run_v7_box_eigenpro_active_block(
                              ^^^^^^^^^^^^^^^^^^^^^^^^^^^^^^^^^
  File ""/tmp/ipykernel_1754/1328016512.py"", line 71, in _wrapped
    return fn(*args, **kwargs)
           ^^^^^^^^^^^^^^^^^^^
  File ""/content/EFGP-Eigenpro/efgp_eigenpro_py/gpu/versions.py"", line 815, in run_v7_box_eigenpro_active_block
    _ = predict_v1(backend, data_ctx, x, beta_gpu)
        ^^^^^^^^^^^^^^^^^^^^^^^^^^^^^^^^^^^^^^^^^^
  File ""/content/EFGP-Eigenpro/efgp_eigenpro_py/gpu/v1_ops.py"", line 671, in predict_v1
    tphx = _tphx_scaled_gpu(xp, x_eval_gpu, data_ctx.x_center_gpu, h)
           ^^^^^^^^^^^^^^^^^^^^^^^^^^^^^^^^^^^^^^^^^^^^^^^^^^^^^^^^^^
  File ""/content/EFGP-Eigenpro/efgp_eigenpro_py/gpu/v1_ops.py"", line 52, in _tphx_scaled_gpu
    tphx = (2.0 * pi * h) * (x - x_center)
           ~~~~~~~~~~~~~~~^~~~~~~~~~~~~~~~
  File ""cupy/_core/core.pyx"", line 1505, in cupy._core.core._ndarray_base.__mul__
  File ""cupy/_core/_kernel.pyx"", line 1357, in cupy._core._kernel.ufunc.__call__
  File ""cupy/_core/_kernel.pyx"", line 636, in cupy._core._kernel._get_out_args_from_optionals
  File ""cupy/_core/core.pyx"", line 3157, in cupy._core.core._ndarray_init
  File ""cupy/_core/core.pyx"", line 297, in cupy._core.core._ndarray_base._init_fast
  File ""cupy/cuda/memory.pyx"", line 877, in cupy.cuda.memory.alloc
  File ""cupy/cuda/memory.pyx"", line 1622, in cupy.cuda.memory.MemoryPool.malloc
  File ""cupy/cuda/memory.pyx"", line 1643, in cupy.cuda.memory.MemoryPool.malloc
  File ""cupy/cuda/memory.pyx"", line 1290, in cupy.cuda.memory.SingleDeviceMemoryPool.malloc
  File ""cupy/cuda/memory.pyx"", line 1311, in cupy.cuda.memory.SingleDeviceMemoryPool._malloc
  File ""cupy/cuda/memory.pyx"", line 1566, in cupy.cuda.memory.SingleDeviceMemoryPool._try_malloc
  File ""cupy/cuda/memory.pyx"", line 1569, in cupy.cuda.memory.SingleDeviceMemoryPool._try_malloc
cupy.cuda.memory.OutOfMemoryError: Out of memory allocating 4,800,000,000 bytes (allocated so far: 19,200,096,768 bytes).
",
,,,,,,,,,,topk,,,64,80000,,cheap,30,0.01,,,,,,,,,,32,,,,,,0.001,boxeig,20000,group_b,50,diag,0.001,50,auto,boxeig,,,,,,,2,synthetic_true_func_2d_n300000000,,,,,,,,,,,,,,,,,,,,,,,,1e-05,"Out of memory allocating 4,800,000,000 bytes (allocated so far: 19,200,096,768 bytes).",OutOfMemoryError,,,,,,,,,,,,,,False,nan,SE,0.1,1.5,1.0,,,20000,btab_boxeig_topk_64_q32,,,,75000000,300000000,,,,,,,,,,,0.1,0,,,,0,,,failed,,,,,,,,,,,,,,,,,,,,,,,,,,,,,,,,,,1e-07,,"Traceback (most recent call last):
  File ""/content/EFGP-Eigenpro/efgp_eigenpro_py/gpu/box_toeplitz_active_block/run_experiments.py"", line 382, in _run_case
    out = fn()
          ^^^^
  File ""/content/EFGP-Eigenpro/efgp_eigenpro_py/gpu/box_toeplitz_active_block/run_experiments.py"", line 570, in <lambda>
    lambda btab_cfg=btab_cfg: run_v7_box_eigenpro_active_block(
                              ^^^^^^^^^^^^^^^^^^^^^^^^^^^^^^^^^
  File ""/tmp/ipykernel_1754/1328016512.py"", line 71, in _wrapped
    return fn(*args, **kwargs)
           ^^^^^^^^^^^^^^^^^^^
  File ""/content/EFGP-Eigenpro/efgp_eigenpro_py/gpu/versions.py"", line 815, in run_v7_box_eigenpro_active_block
    _ = predict_v1(backend, data_ctx, x, beta_gpu)
        ^^^^^^^^^^^^^^^^^^^^^^^^^^^^^^^^^^^^^^^^^^
  File ""/content/EFGP-Eigenpro/efgp_eigenpro_py/gpu/v1_ops.py"", line 671, in predict_v1
    tphx = _tphx_scaled_gpu(xp, x_eval_gpu, data_ctx.x_center_gpu, h)
           ^^^^^^^^^^^^^^^^^^^^^^^^^^^^^^^^^^^^^^^^^^^^^^^^^^^^^^^^^^
  File ""/content/EFGP-Eigenpro/efgp_eigenpro_py/gpu/v1_ops.py"", line 52, in _tphx_scaled_gpu
    tphx = (2.0 * pi * h) * (x - x_center)
           ~~~~~~~~~~~~~~~^~~~~~~~~~~~~~~~
  File ""cupy/_core/core.pyx"", line 1505, in cupy._core.core._ndarray_base.__mul__
  File ""cupy/_core/_kernel.pyx"", line 1357, in cupy._core._kernel.ufunc.__call__
  File ""cupy/_core/_kernel.pyx"", line 636, in cupy._core._kernel._get_out_args_from_optionals
  File ""cupy/_core/core.pyx"", line 3157, in cupy._core.core._ndarray_init
  File ""cupy/_core/core.pyx"", line 297, in cupy._core.core._ndarray_base._init_fast
  File ""cupy/cuda/memory.pyx"", line 877, in cupy.cuda.memory.alloc
  File ""cupy/cuda/memory.pyx"", line 1622, in cupy.cuda.memory.MemoryPool.malloc
  File ""cupy/cuda/memory.pyx"", line 1643, in cupy.cuda.memory.MemoryPool.malloc
  File ""cupy/cuda/memory.pyx"", line 1290, in cupy.cuda.memory.SingleDeviceMemoryPool.malloc
  File ""cupy/cuda/memory.pyx"", line 1311, in cupy.cuda.memory.SingleDeviceMemoryPool._malloc
  File ""cupy/cuda/memory.pyx"", line 1566, in cupy.cuda.memory.SingleDeviceMemoryPool._try_malloc
  File ""cupy/cuda/memory.pyx"", line 1569, in cupy.cuda.memory.SingleDeviceMemoryPool._try_malloc
cupy.cuda.memory.OutOfMemoryError: Out of memory allocating 4,800,000,000 bytes (allocated so far: 19,200,096,768 bytes).
",
,,,,,,,,,,topk,,,128,80000,,cheap,30,0.01,,,,,,,,,,16,,,,,,0.001,boxeig,20000,group_b,50,diag,0.001,50,auto,boxeig,,,,,,,2,synthetic_true_func_2d_n300000000,,,,,,,,,,,,,,,,,,,,,,,,1e-05,"Out of memory allocating 4,800,000,000 bytes (allocated so far: 19,200,096,256 bytes).",OutOfMemoryError,,,,,,,,,,,,,,False,nan,SE,0.1,1.5,1.0,,,20000,btab_boxeig_topk_128_q16,,,,75000000,300000000,,,,,,,,,,,0.1,0,,,,0,,,failed,,,,,,,,,,,,,,,,,,,,,,,,,,,,,,,,,,1e-07,,"Traceback (most recent call last):
  File ""/content/EFGP-Eigenpro/efgp_eigenpro_py/gpu/box_toeplitz_active_block/run_experiments.py"", line 382, in _run_case
    out = fn()
          ^^^^
  File ""/content/EFGP-Eigenpro/efgp_eigenpro_py/gpu/box_toeplitz_active_block/run_experiments.py"", line 570, in <lambda>
    lambda btab_cfg=btab_cfg: run_v7_box_eigenpro_active_block(
                              ^^^^^^^^^^^^^^^^^^^^^^^^^^^^^^^^^
  File ""/tmp/ipykernel_1754/1328016512.py"", line 71, in _wrapped
    return fn(*args, **kwargs)
           ^^^^^^^^^^^^^^^^^^^
  File ""/content/EFGP-Eigenpro/efgp_eigenpro_py/gpu/versions.py"", line 815, in run_v7_box_eigenpro_active_block
    _ = predict_v1(backend, data_ctx, x, beta_gpu)
        ^^^^^^^^^^^^^^^^^^^^^^^^^^^^^^^^^^^^^^^^^^
  File ""/content/EFGP-Eigenpro/efgp_eigenpro_py/gpu/v1_ops.py"", line 671, in predict_v1
    tphx = _tphx_scaled_gpu(xp, x_eval_gpu, data_ctx.x_center_gpu, h)
           ^^^^^^^^^^^^^^^^^^^^^^^^^^^^^^^^^^^^^^^^^^^^^^^^^^^^^^^^^^
  File ""/content/EFGP-Eigenpro/efgp_eigenpro_py/gpu/v1_ops.py"", line 52, in _tphx_scaled_gpu
    tphx = (2.0 * pi * h) * (x - x_center)
           ~~~~~~~~~~~~~~~^~~~~~~~~~~~~~~~
  File ""cupy/_core/core.pyx"", line 1505, in cupy._core.core._ndarray_base.__mul__
  File ""cupy/_core/_kernel.pyx"", line 1357, in cupy._core._kernel.ufunc.__call__
  File ""cupy/_core/_kernel.pyx"", line 636, in cupy._core._kernel._get_out_args_from_optionals
  File ""cupy/_core/core.pyx"", line 3157, in cupy._core.core._ndarray_init
  File ""cupy/_core/core.pyx"", line 297, in cupy._core.core._ndarray_base._init_fast
  File ""cupy/cuda/memory.pyx"", line 877, in cupy.cuda.memory.alloc
  File ""cupy/cuda/memory.pyx"", line 1622, in cupy.cuda.memory.MemoryPool.malloc
  File ""cupy/cuda/memory.pyx"", line 1643, in cupy.cuda.memory.MemoryPool.malloc
  File ""cupy/cuda/memory.pyx"", line 1290, in cupy.cuda.memory.SingleDeviceMemoryPool.malloc
  File ""cupy/cuda/memory.pyx"", line 1311, in cupy.cuda.memory.SingleDeviceMemoryPool._malloc
  File ""cupy/cuda/memory.pyx"", line 1566, in cupy.cuda.memory.SingleDeviceMemoryPool._try_malloc
  File ""cupy/cuda/memory.pyx"", line 1569, in cupy.cuda.memory.SingleDeviceMemoryPool._try_malloc
cupy.cuda.memory.OutOfMemoryError: Out of memory allocating 4,800,000,000 bytes (allocated so far: 19,200,096,256 bytes).
",
,,,,,,,,,,topk,,,128,80000,,cheap,30,0.01,,,,,,,,,,32,,,,,,0.001,boxeig,20000,group_b,50,diag,0.001,50,auto,boxeig,,,,,,,2,synthetic_true_func_2d_n300000000,,,,,,,,,,,,,,,,,,,,,,,,1e-05,"Out of memory allocating 4,800,000,000 bytes (allocated so far: 19,200,096,256 bytes).",OutOfMemoryError,,,,,,,,,,,,,,False,nan,SE,0.1,1.5,1.0,,,20000,btab_boxeig_topk_128_q32,,,,75000000,300000000,,,,,,,,,,,0.1,0,,,,0,,,failed,,,,,,,,,,,,,,,,,,,,,,,,,,,,,,,,,,1e-07,,"Traceback (most recent call last):
  File ""/content/EFGP-Eigenpro/efgp_eigenpro_py/gpu/box_toeplitz_active_block/run_experiments.py"", line 382, in _run_case
    out = fn()
          ^^^^
  File ""/content/EFGP-Eigenpro/efgp_eigenpro_py/gpu/box_toeplitz_active_block/run_experiments.py"", line 570, in <lambda>
    lambda btab_cfg=btab_cfg: run_v7_box_eigenpro_active_block(
                              ^^^^^^^^^^^^^^^^^^^^^^^^^^^^^^^^^
  File ""/tmp/ipykernel_1754/1328016512.py"", line 71, in _wrapped
    return fn(*args, **kwargs)
           ^^^^^^^^^^^^^^^^^^^
  File ""/content/EFGP-Eigenpro/efgp_eigenpro_py/gpu/versions.py"", line 815, in run_v7_box_eigenpro_active_block
    _ = predict_v1(backend, data_ctx, x, beta_gpu)
        ^^^^^^^^^^^^^^^^^^^^^^^^^^^^^^^^^^^^^^^^^^
  File ""/content/EFGP-Eigenpro/efgp_eigenpro_py/gpu/v1_ops.py"", line 671, in predict_v1
    tphx = _tphx_scaled_gpu(xp, x_eval_gpu, data_ctx.x_center_gpu, h)
           ^^^^^^^^^^^^^^^^^^^^^^^^^^^^^^^^^^^^^^^^^^^^^^^^^^^^^^^^^^
  File ""/content/EFGP-Eigenpro/efgp_eigenpro_py/gpu/v1_ops.py"", line 52, in _tphx_scaled_gpu
    tphx = (2.0 * pi * h) * (x - x_center)
           ~~~~~~~~~~~~~~~^~~~~~~~~~~~~~~~
  File ""cupy/_core/core.pyx"", line 1505, in cupy._core.core._ndarray_base.__mul__
  File ""cupy/_core/_kernel.pyx"", line 1357, in cupy._core._kernel.ufunc.__call__
  File ""cupy/_core/_kernel.pyx"", line 636, in cupy._core._kernel._get_out_args_from_optionals
  File ""cupy/_core/core.pyx"", line 3157, in cupy._core.core._ndarray_init
  File ""cupy/_core/core.pyx"", line 297, in cupy._core.core._ndarray_base._init_fast
  File ""cupy/cuda/memory.pyx"", line 877, in cupy.cuda.memory.alloc
  File ""cupy/cuda/memory.pyx"", line 1622, in cupy.cuda.memory.MemoryPool.malloc
  File ""cupy/cuda/memory.pyx"", line 1643, in cupy.cuda.memory.MemoryPool.malloc
  File ""cupy/cuda/memory.pyx"", line 1290, in cupy.cuda.memory.SingleDeviceMemoryPool.malloc
  File ""cupy/cuda/memory.pyx"", line 1311, in cupy.cuda.memory.SingleDeviceMemoryPool._malloc
  File ""cupy/cuda/memory.pyx"", line 1566, in cupy.cuda.memory.SingleDeviceMemoryPool._try_malloc
  File ""cupy/cuda/memory.pyx"", line 1569, in cupy.cuda.memory.SingleDeviceMemoryPool._try_malloc
cupy.cuda.memory.OutOfMemoryError: Out of memory allocating 4,800,000,000 bytes (allocated so far: 19,200,096,256 bytes).
",
,,,,,,,,,,topk,,,128,80000,,cheap,30,0.01,,,,,,,,,,64,,,,,,0.001,boxeig,20000,group_b,50,diag,0.001,50,auto,boxeig,,,,,,,2,synthetic_true_func_2d_n300000000,,,,,,,,,,,,,,,,,,,,,,,,1e-05,"Out of memory allocating 4,800,000,000 bytes (allocated so far: 19,200,096,256 bytes).",OutOfMemoryError,,,,,,,,,,,,,,False,nan,SE,0.1,1.5,1.0,,,20000,btab_boxeig_topk_128_q64,,,,75000000,300000000,,,,,,,,,,,0.1,0,,,,0,,,failed,,,,,,,,,,,,,,,,,,,,,,,,,,,,,,,,,,1e-07,,"Traceback (most recent call last):
  File ""/content/EFGP-Eigenpro/efgp_eigenpro_py/gpu/box_toeplitz_active_block/run_experiments.py"", line 382, in _run_case
    out = fn()
          ^^^^
  File ""/content/EFGP-Eigenpro/efgp_eigenpro_py/gpu/box_toeplitz_active_block/run_experiments.py"", line 570, in <lambda>
    lambda btab_cfg=btab_cfg: run_v7_box_eigenpro_active_block(
                              ^^^^^^^^^^^^^^^^^^^^^^^^^^^^^^^^^
  File ""/tmp/ipykernel_1754/1328016512.py"", line 71, in _wrapped
    return fn(*args, **kwargs)
           ^^^^^^^^^^^^^^^^^^^
  File ""/content/EFGP-Eigenpro/efgp_eigenpro_py/gpu/versions.py"", line 815, in run_v7_box_eigenpro_active_block
    _ = predict_v1(backend, data_ctx, x, beta_gpu)
        ^^^^^^^^^^^^^^^^^^^^^^^^^^^^^^^^^^^^^^^^^^
  File ""/content/EFGP-Eigenpro/efgp_eigenpro_py/gpu/v1_ops.py"", line 671, in predict_v1
    tphx = _tphx_scaled_gpu(xp, x_eval_gpu, data_ctx.x_center_gpu, h)
           ^^^^^^^^^^^^^^^^^^^^^^^^^^^^^^^^^^^^^^^^^^^^^^^^^^^^^^^^^^
  File ""/content/EFGP-Eigenpro/efgp_eigenpro_py/gpu/v1_ops.py"", line 52, in _tphx_scaled_gpu
    tphx = (2.0 * pi * h) * (x - x_center)
           ~~~~~~~~~~~~~~~^~~~~~~~~~~~~~~~
  File ""cupy/_core/core.pyx"", line 1505, in cupy._core.core._ndarray_base.__mul__
  File ""cupy/_core/_kernel.pyx"", line 1357, in cupy._core._kernel.ufunc.__call__
  File ""cupy/_core/_kernel.pyx"", line 636, in cupy._core._kernel._get_out_args_from_optionals
  File ""cupy/_core/core.pyx"", line 3157, in cupy._core.core._ndarray_init
  File ""cupy/_core/core.pyx"", line 297, in cupy._core.core._ndarray_base._init_fast
  File ""cupy/cuda/memory.pyx"", line 877, in cupy.cuda.memory.alloc
  File ""cupy/cuda/memory.pyx"", line 1622, in cupy.cuda.memory.MemoryPool.malloc
  File ""cupy/cuda/memory.pyx"", line 1643, in cupy.cuda.memory.MemoryPool.malloc
  File ""cupy/cuda/memory.pyx"", line 1290, in cupy.cuda.memory.SingleDeviceMemoryPool.malloc
  File ""cupy/cuda/memory.pyx"", line 1311, in cupy.cuda.memory.SingleDeviceMemoryPool._malloc
  File ""cupy/cuda/memory.pyx"", line 1566, in cupy.cuda.memory.SingleDeviceMemoryPool._try_malloc
  File ""cupy/cuda/memory.pyx"", line 1569, in cupy.cuda.memory.SingleDeviceMemoryPool._try_malloc
cupy.cuda.memory.OutOfMemoryError: Out of memory allocating 4,800,000,000 bytes (allocated so far: 19,200,096,256 bytes).
",
,,,,,,,,,,topk,,,256,80000,,cheap,30,0.01,,,,,,,,,,32,,,,,,0.001,boxeig,20000,group_b,50,diag,0.001,50,auto,boxeig,,,,,,,2,synthetic_true_func_2d_n300000000,,,,,,,,,,,,,,,,,,,,,,,,1e-05,"Out of memory allocating 4,800,000,000 bytes (allocated so far: 19,200,096,256 bytes).",OutOfMemoryError,,,,,,,,,,,,,,False,nan,SE,0.1,1.5,1.0,,,20000,btab_boxeig_topk_256_q32,,,,75000000,300000000,,,,,,,,,,,0.1,0,,,,0,,,failed,,,,,,,,,,,,,,,,,,,,,,,,,,,,,,,,,,1e-07,,"Traceback (most recent call last):
  File ""/content/EFGP-Eigenpro/efgp_eigenpro_py/gpu/box_toeplitz_active_block/run_experiments.py"", line 382, in _run_case
    out = fn()
          ^^^^
  File ""/content/EFGP-Eigenpro/efgp_eigenpro_py/gpu/box_toeplitz_active_block/run_experiments.py"", line 570, in <lambda>
    lambda btab_cfg=btab_cfg: run_v7_box_eigenpro_active_block(
                              ^^^^^^^^^^^^^^^^^^^^^^^^^^^^^^^^^
  File ""/tmp/ipykernel_1754/1328016512.py"", line 71, in _wrapped
    return fn(*args, **kwargs)
           ^^^^^^^^^^^^^^^^^^^
  File ""/content/EFGP-Eigenpro/efgp_eigenpro_py/gpu/versions.py"", line 815, in run_v7_box_eigenpro_active_block
    _ = predict_v1(backend, data_ctx, x, beta_gpu)
        ^^^^^^^^^^^^^^^^^^^^^^^^^^^^^^^^^^^^^^^^^^
  File ""/content/EFGP-Eigenpro/efgp_eigenpro_py/gpu/v1_ops.py"", line 671, in predict_v1
    tphx = _tphx_scaled_gpu(xp, x_eval_gpu, data_ctx.x_center_gpu, h)
           ^^^^^^^^^^^^^^^^^^^^^^^^^^^^^^^^^^^^^^^^^^^^^^^^^^^^^^^^^^
  File ""/content/EFGP-Eigenpro/efgp_eigenpro_py/gpu/v1_ops.py"", line 52, in _tphx_scaled_gpu
    tphx = (2.0 * pi * h) * (x - x_center)
           ~~~~~~~~~~~~~~~^~~~~~~~~~~~~~~~
  File ""cupy/_core/core.pyx"", line 1505, in cupy._core.core._ndarray_base.__mul__
  File ""cupy/_core/_kernel.pyx"", line 1357, in cupy._core._kernel.ufunc.__call__
  File ""cupy/_core/_kernel.pyx"", line 636, in cupy._core._kernel._get_out_args_from_optionals
  File ""cupy/_core/core.pyx"", line 3157, in cupy._core.core._ndarray_init
  File ""cupy/_core/core.pyx"", line 297, in cupy._core.core._ndarray_base._init_fast
  File ""cupy/cuda/memory.pyx"", line 877, in cupy.cuda.memory.alloc
  File ""cupy/cuda/memory.pyx"", line 1622, in cupy.cuda.memory.MemoryPool.malloc
  File ""cupy/cuda/memory.pyx"", line 1643, in cupy.cuda.memory.MemoryPool.malloc
  File ""cupy/cuda/memory.pyx"", line 1290, in cupy.cuda.memory.SingleDeviceMemoryPool.malloc
  File ""cupy/cuda/memory.pyx"", line 1311, in cupy.cuda.memory.SingleDeviceMemoryPool._malloc
  File ""cupy/cuda/memory.pyx"", line 1566, in cupy.cuda.memory.SingleDeviceMemoryPool._try_malloc
  File ""cupy/cuda/memory.pyx"", line 1569, in cupy.cuda.memory.SingleDeviceMemoryPool._try_malloc
cupy.cuda.memory.OutOfMemoryError: Out of memory allocating 4,800,000,000 bytes (allocated so far: 19,200,096,256 bytes).
",
,,,,,,,,,,topk,,,256,80000,,cheap,30,0.01,,,,,,,,,,64,,,,,,0.001,boxeig,20000,group_b,50,diag,0.001,50,auto,boxeig,,,,,,,2,synthetic_true_func_2d_n300000000,,,,,,,,,,,,,,,,,,,,,,,,1e-05,"Out of memory allocating 4,800,000,000 bytes (allocated so far: 19,200,096,256 bytes).",OutOfMemoryError,,,,,,,,,,,,,,False,nan,SE,0.1,1.5,1.0,,,20000,btab_boxeig_topk_256_q64,,,,75000000,300000000,,,,,,,,,,,0.1,0,,,,0,,,failed,,,,,,,,,,,,,,,,,,,,,,,,,,,,,,,,,,1e-07,,"Traceback (most recent call last):
  File ""/content/EFGP-Eigenpro/efgp_eigenpro_py/gpu/box_toeplitz_active_block/run_experiments.py"", line 382, in _run_case
    out = fn()
          ^^^^
  File ""/content/EFGP-Eigenpro/efgp_eigenpro_py/gpu/box_toeplitz_active_block/run_experiments.py"", line 570, in <lambda>
    lambda btab_cfg=btab_cfg: run_v7_box_eigenpro_active_block(
                              ^^^^^^^^^^^^^^^^^^^^^^^^^^^^^^^^^
  File ""/tmp/ipykernel_1754/1328016512.py"", line 71, in _wrapped
    return fn(*args, **kwargs)
           ^^^^^^^^^^^^^^^^^^^
  File ""/content/EFGP-Eigenpro/efgp_eigenpro_py/gpu/versions.py"", line 815, in run_v7_box_eigenpro_active_block
    _ = predict_v1(backend, data_ctx, x, beta_gpu)
        ^^^^^^^^^^^^^^^^^^^^^^^^^^^^^^^^^^^^^^^^^^
  File ""/content/EFGP-Eigenpro/efgp_eigenpro_py/gpu/v1_ops.py"", line 671, in predict_v1
    tphx = _tphx_scaled_gpu(xp, x_eval_gpu, data_ctx.x_center_gpu, h)
           ^^^^^^^^^^^^^^^^^^^^^^^^^^^^^^^^^^^^^^^^^^^^^^^^^^^^^^^^^^
  File ""/content/EFGP-Eigenpro/efgp_eigenpro_py/gpu/v1_ops.py"", line 52, in _tphx_scaled_gpu
    tphx = (2.0 * pi * h) * (x - x_center)
           ~~~~~~~~~~~~~~~^~~~~~~~~~~~~~~~
  File ""cupy/_core/core.pyx"", line 1505, in cupy._core.core._ndarray_base.__mul__
  File ""cupy/_core/_kernel.pyx"", line 1357, in cupy._core._kernel.ufunc.__call__
  File ""cupy/_core/_kernel.pyx"", line 636, in cupy._core._kernel._get_out_args_from_optionals
  File ""cupy/_core/core.pyx"", line 3157, in cupy._core.core._ndarray_init
  File ""cupy/_core/core.pyx"", line 297, in cupy._core.core._ndarray_base._init_fast
  File ""cupy/cuda/memory.pyx"", line 877, in cupy.cuda.memory.alloc
  File ""cupy/cuda/memory.pyx"", line 1622, in cupy.cuda.memory.MemoryPool.malloc
  File ""cupy/cuda/memory.pyx"", line 1643, in cupy.cuda.memory.MemoryPool.malloc
  File ""cupy/cuda/memory.pyx"", line 1290, in cupy.cuda.memory.SingleDeviceMemoryPool.malloc
  File ""cupy/cuda/memory.pyx"", line 1311, in cupy.cuda.memory.SingleDeviceMemoryPool._malloc
  File ""cupy/cuda/memory.pyx"", line 1566, in cupy.cuda.memory.SingleDeviceMemoryPool._try_malloc
  File ""cupy/cuda/memory.pyx"", line 1569, in cupy.cuda.memory.SingleDeviceMemoryPool._try_malloc
cupy.cuda.memory.OutOfMemoryError: Out of memory allocating 4,800,000,000 bytes (allocated so far: 19,200,096,256 bytes).
",
,,,,,,,,,,topk,,,256,80000,,cheap,30,0.01,,,,,,,,,,128,,,,,,0.001,boxeig,20000,group_b,50,diag,0.001,50,auto,boxeig,,,,,,,2,synthetic_true_func_2d_n300000000,,,,,,,,,,,,,,,,,,,,,,,,1e-05,"Out of memory allocating 4,800,000,000 bytes (allocated so far: 19,200,096,256 bytes).",OutOfMemoryError,,,,,,,,,,,,,,False,nan,SE,0.1,1.5,1.0,,,20000,btab_boxeig_topk_256_q128,,,,75000000,300000000,,,,,,,,,,,0.1,0,,,,0,,,failed,,,,,,,,,,,,,,,,,,,,,,,,,,,,,,,,,,1e-07,,"Traceback (most recent call last):
  File ""/content/EFGP-Eigenpro/efgp_eigenpro_py/gpu/box_toeplitz_active_block/run_experiments.py"", line 382, in _run_case
    out = fn()
          ^^^^
  File ""/content/EFGP-Eigenpro/efgp_eigenpro_py/gpu/box_toeplitz_active_block/run_experiments.py"", line 570, in <lambda>
    lambda btab_cfg=btab_cfg: run_v7_box_eigenpro_active_block(
                              ^^^^^^^^^^^^^^^^^^^^^^^^^^^^^^^^^
  File ""/tmp/ipykernel_1754/1328016512.py"", line 71, in _wrapped
    return fn(*args, **kwargs)
           ^^^^^^^^^^^^^^^^^^^
  File ""/content/EFGP-Eigenpro/efgp_eigenpro_py/gpu/versions.py"", line 815, in run_v7_box_eigenpro_active_block
    _ = predict_v1(backend, data_ctx, x, beta_gpu)
        ^^^^^^^^^^^^^^^^^^^^^^^^^^^^^^^^^^^^^^^^^^
  File ""/content/EFGP-Eigenpro/efgp_eigenpro_py/gpu/v1_ops.py"", line 671, in predict_v1
    tphx = _tphx_scaled_gpu(xp, x_eval_gpu, data_ctx.x_center_gpu, h)
           ^^^^^^^^^^^^^^^^^^^^^^^^^^^^^^^^^^^^^^^^^^^^^^^^^^^^^^^^^^
  File ""/content/EFGP-Eigenpro/efgp_eigenpro_py/gpu/v1_ops.py"", line 52, in _tphx_scaled_gpu
    tphx = (2.0 * pi * h) * (x - x_center)
           ~~~~~~~~~~~~~~~^~~~~~~~~~~~~~~~
  File ""cupy/_core/core.pyx"", line 1505, in cupy._core.core._ndarray_base.__mul__
  File ""cupy/_core/_kernel.pyx"", line 1357, in cupy._core._kernel.ufunc.__call__
  File ""cupy/_core/_kernel.pyx"", line 636, in cupy._core._kernel._get_out_args_from_optionals
  File ""cupy/_core/core.pyx"", line 3157, in cupy._core.core._ndarray_init
  File ""cupy/_core/core.pyx"", line 297, in cupy._core.core._ndarray_base._init_fast
  File ""cupy/cuda/memory.pyx"", line 877, in cupy.cuda.memory.alloc
  File ""cupy/cuda/memory.pyx"", line 1622, in cupy.cuda.memory.MemoryPool.malloc
  File ""cupy/cuda/memory.pyx"", line 1643, in cupy.cuda.memory.MemoryPool.malloc
  File ""cupy/cuda/memory.pyx"", line 1290, in cupy.cuda.memory.SingleDeviceMemoryPool.malloc
  File ""cupy/cuda/memory.pyx"", line 1311, in cupy.cuda.memory.SingleDeviceMemoryPool._malloc
  File ""cupy/cuda/memory.pyx"", line 1566, in cupy.cuda.memory.SingleDeviceMemoryPool._try_malloc
  File ""cupy/cuda/memory.pyx"", line 1569, in cupy.cuda.memory.SingleDeviceMemoryPool._try_malloc
cupy.cuda.memory.OutOfMemoryError: Out of memory allocating 4,800,000,000 bytes (allocated so far: 19,200,096,256 bytes).
",
,,,,,,,,,,topk,,,512,80000,,cheap,30,0.01,,,,,,,,,,64,,,,,,0.001,boxeig,20000,group_b,50,diag,0.001,50,auto,boxeig,,,,,,,2,synthetic_true_func_2d_n300000000,,,,,,,,,,,,,,,,,,,,,,,,1e-05,"Out of memory allocating 4,800,000,000 bytes (allocated so far: 19,200,096,256 bytes).",OutOfMemoryError,,,,,,,,,,,,,,False,nan,SE,0.1,1.5,1.0,,,20000,btab_boxeig_topk_512_q64,,,,75000000,300000000,,,,,,,,,,,0.1,0,,,,0,,,failed,,,,,,,,,,,,,,,,,,,,,,,,,,,,,,,,,,1e-07,,"Traceback (most recent call last):
  File ""/content/EFGP-Eigenpro/efgp_eigenpro_py/gpu/box_toeplitz_active_block/run_experiments.py"", line 382, in _run_case
    out = fn()
          ^^^^
  File ""/content/EFGP-Eigenpro/efgp_eigenpro_py/gpu/box_toeplitz_active_block/run_experiments.py"", line 570, in <lambda>
    lambda btab_cfg=btab_cfg: run_v7_box_eigenpro_active_block(
                              ^^^^^^^^^^^^^^^^^^^^^^^^^^^^^^^^^
  File ""/tmp/ipykernel_1754/1328016512.py"", line 71, in _wrapped
    return fn(*args, **kwargs)
           ^^^^^^^^^^^^^^^^^^^
  File ""/content/EFGP-Eigenpro/efgp_eigenpro_py/gpu/versions.py"", line 815, in run_v7_box_eigenpro_active_block
    _ = predict_v1(backend, data_ctx, x, beta_gpu)
        ^^^^^^^^^^^^^^^^^^^^^^^^^^^^^^^^^^^^^^^^^^
  File ""/content/EFGP-Eigenpro/efgp_eigenpro_py/gpu/v1_ops.py"", line 671, in predict_v1
    tphx = _tphx_scaled_gpu(xp, x_eval_gpu, data_ctx.x_center_gpu, h)
           ^^^^^^^^^^^^^^^^^^^^^^^^^^^^^^^^^^^^^^^^^^^^^^^^^^^^^^^^^^
  File ""/content/EFGP-Eigenpro/efgp_eigenpro_py/gpu/v1_ops.py"", line 52, in _tphx_scaled_gpu
    tphx = (2.0 * pi * h) * (x - x_center)
           ~~~~~~~~~~~~~~~^~~~~~~~~~~~~~~~
  File ""cupy/_core/core.pyx"", line 1505, in cupy._core.core._ndarray_base.__mul__
  File ""cupy/_core/_kernel.pyx"", line 1357, in cupy._core._kernel.ufunc.__call__
  File ""cupy/_core/_kernel.pyx"", line 636, in cupy._core._kernel._get_out_args_from_optionals
  File ""cupy/_core/core.pyx"", line 3157, in cupy._core.core._ndarray_init
  File ""cupy/_core/core.pyx"", line 297, in cupy._core.core._ndarray_base._init_fast
  File ""cupy/cuda/memory.pyx"", line 877, in cupy.cuda.memory.alloc
  File ""cupy/cuda/memory.pyx"", line 1622, in cupy.cuda.memory.MemoryPool.malloc
  File ""cupy/cuda/memory.pyx"", line 1643, in cupy.cuda.memory.MemoryPool.malloc
  File ""cupy/cuda/memory.pyx"", line 1290, in cupy.cuda.memory.SingleDeviceMemoryPool.malloc
  File ""cupy/cuda/memory.pyx"", line 1311, in cupy.cuda.memory.SingleDeviceMemoryPool._malloc
  File ""cupy/cuda/memory.pyx"", line 1566, in cupy.cuda.memory.SingleDeviceMemoryPool._try_malloc
  File ""cupy/cuda/memory.pyx"", line 1569, in cupy.cuda.memory.SingleDeviceMemoryPool._try_malloc
cupy.cuda.memory.OutOfMemoryError: Out of memory allocating 4,800,000,000 bytes (allocated so far: 19,200,096,256 bytes).
",
,,,,,,,,,,topk,,,512,80000,,cheap,30,0.01,,,,,,,,,,128,,,,,,0.001,boxeig,20000,group_b,50,diag,0.001,50,auto,boxeig,,,,,,,2,synthetic_true_func_2d_n300000000,,,,,,,,,,,,,,,,,,,,,,,,1e-05,"Out of memory allocating 4,800,000,000 bytes (allocated so far: 19,200,096,256 bytes).",OutOfMemoryError,,,,,,,,,,,,,,False,nan,SE,0.1,1.5,1.0,,,20000,btab_boxeig_topk_512_q128,,,,75000000,300000000,,,,,,,,,,,0.1,0,,,,0,,,failed,,,,,,,,,,,,,,,,,,,,,,,,,,,,,,,,,,1e-07,,"Traceback (most recent call last):
  File ""/content/EFGP-Eigenpro/efgp_eigenpro_py/gpu/box_toeplitz_active_block/run_experiments.py"", line 382, in _run_case
    out = fn()
          ^^^^
  File ""/content/EFGP-Eigenpro/efgp_eigenpro_py/gpu/box_toeplitz_active_block/run_experiments.py"", line 570, in <lambda>
    lambda btab_cfg=btab_cfg: run_v7_box_eigenpro_active_block(
                              ^^^^^^^^^^^^^^^^^^^^^^^^^^^^^^^^^
  File ""/tmp/ipykernel_1754/1328016512.py"", line 71, in _wrapped
    return fn(*args, **kwargs)
           ^^^^^^^^^^^^^^^^^^^
  File ""/content/EFGP-Eigenpro/efgp_eigenpro_py/gpu/versions.py"", line 815, in run_v7_box_eigenpro_active_block
    _ = predict_v1(backend, data_ctx, x, beta_gpu)
        ^^^^^^^^^^^^^^^^^^^^^^^^^^^^^^^^^^^^^^^^^^
  File ""/content/EFGP-Eigenpro/efgp_eigenpro_py/gpu/v1_ops.py"", line 671, in predict_v1
    tphx = _tphx_scaled_gpu(xp, x_eval_gpu, data_ctx.x_center_gpu, h)
           ^^^^^^^^^^^^^^^^^^^^^^^^^^^^^^^^^^^^^^^^^^^^^^^^^^^^^^^^^^
  File ""/content/EFGP-Eigenpro/efgp_eigenpro_py/gpu/v1_ops.py"", line 52, in _tphx_scaled_gpu
    tphx = (2.0 * pi * h) * (x - x_center)
           ~~~~~~~~~~~~~~~^~~~~~~~~~~~~~~~
  File ""cupy/_core/core.pyx"", line 1505, in cupy._core.core._ndarray_base.__mul__
  File ""cupy/_core/_kernel.pyx"", line 1357, in cupy._core._kernel.ufunc.__call__
  File ""cupy/_core/_kernel.pyx"", line 636, in cupy._core._kernel._get_out_args_from_optionals
  File ""cupy/_core/core.pyx"", line 3157, in cupy._core.core._ndarray_init
  File ""cupy/_core/core.pyx"", line 297, in cupy._core.core._ndarray_base._init_fast
  File ""cupy/cuda/memory.pyx"", line 877, in cupy.cuda.memory.alloc
  File ""cupy/cuda/memory.pyx"", line 1622, in cupy.cuda.memory.MemoryPool.malloc
  File ""cupy/cuda/memory.pyx"", line 1643, in cupy.cuda.memory.MemoryPool.malloc
  File ""cupy/cuda/memory.pyx"", line 1290, in cupy.cuda.memory.SingleDeviceMemoryPool.malloc
  File ""cupy/cuda/memory.pyx"", line 1311, in cupy.cuda.memory.SingleDeviceMemoryPool._malloc
  File ""cupy/cuda/memory.pyx"", line 1566, in cupy.cuda.memory.SingleDeviceMemoryPool._try_malloc
  File ""cupy/cuda/memory.pyx"", line 1569, in cupy.cuda.memory.SingleDeviceMemoryPool._try_malloc
cupy.cuda.memory.OutOfMemoryError: Out of memory allocating 4,800,000,000 bytes (allocated so far: 19,200,096,256 bytes).
",
,,,,,,,,,,topk,,,512,80000,,cheap,30,0.01,,,,,,,,,,256,,,,,,0.001,boxeig,20000,group_b,50,diag,0.001,50,auto,boxeig,,,,,,,2,synthetic_true_func_2d_n300000000,,,,,,,,,,,,,,,,,,,,,,,,1e-05,"Out of memory allocating 4,800,000,000 bytes (allocated so far: 19,200,096,256 bytes).",OutOfMemoryError,,,,,,,,,,,,,,False,nan,SE,0.1,1.5,1.0,,,20000,btab_boxeig_topk_512_q256,,,,75000000,300000000,,,,,,,,,,,0.1,0,,,,0,,,failed,,,,,,,,,,,,,,,,,,,,,,,,,,,,,,,,,,1e-07,,"Traceback (most recent call last):
  File ""/content/EFGP-Eigenpro/efgp_eigenpro_py/gpu/box_toeplitz_active_block/run_experiments.py"", line 382, in _run_case
    out = fn()
          ^^^^
  File ""/content/EFGP-Eigenpro/efgp_eigenpro_py/gpu/box_toeplitz_active_block/run_experiments.py"", line 570, in <lambda>
    lambda btab_cfg=btab_cfg: run_v7_box_eigenpro_active_block(
                              ^^^^^^^^^^^^^^^^^^^^^^^^^^^^^^^^^
  File ""/tmp/ipykernel_1754/1328016512.py"", line 71, in _wrapped
    return fn(*args, **kwargs)
           ^^^^^^^^^^^^^^^^^^^
  File ""/content/EFGP-Eigenpro/efgp_eigenpro_py/gpu/versions.py"", line 815, in run_v7_box_eigenpro_active_block
    _ = predict_v1(backend, data_ctx, x, beta_gpu)
        ^^^^^^^^^^^^^^^^^^^^^^^^^^^^^^^^^^^^^^^^^^
  File ""/content/EFGP-Eigenpro/efgp_eigenpro_py/gpu/v1_ops.py"", line 671, in predict_v1
    tphx = _tphx_scaled_gpu(xp, x_eval_gpu, data_ctx.x_center_gpu, h)
           ^^^^^^^^^^^^^^^^^^^^^^^^^^^^^^^^^^^^^^^^^^^^^^^^^^^^^^^^^^
  File ""/content/EFGP-Eigenpro/efgp_eigenpro_py/gpu/v1_ops.py"", line 52, in _tphx_scaled_gpu
    tphx = (2.0 * pi * h) * (x - x_center)
           ~~~~~~~~~~~~~~~^~~~~~~~~~~~~~~~
  File ""cupy/_core/core.pyx"", line 1505, in cupy._core.core._ndarray_base.__mul__
  File ""cupy/_core/_kernel.pyx"", line 1357, in cupy._core._kernel.ufunc.__call__
  File ""cupy/_core/_kernel.pyx"", line 636, in cupy._core._kernel._get_out_args_from_optionals
  File ""cupy/_core/core.pyx"", line 3157, in cupy._core.core._ndarray_init
  File ""cupy/_core/core.pyx"", line 297, in cupy._core.core._ndarray_base._init_fast
  File ""cupy/cuda/memory.pyx"", line 877, in cupy.cuda.memory.alloc
  File ""cupy/cuda/memory.pyx"", line 1622, in cupy.cuda.memory.MemoryPool.malloc
  File ""cupy/cuda/memory.pyx"", line 1643, in cupy.cuda.memory.MemoryPool.malloc
  File ""cupy/cuda/memory.pyx"", line 1290, in cupy.cuda.memory.SingleDeviceMemoryPool.malloc
  File ""cupy/cuda/memory.pyx"", line 1311, in cupy.cuda.memory.SingleDeviceMemoryPool._malloc
  File ""cupy/cuda/memory.pyx"", line 1566, in cupy.cuda.memory.SingleDeviceMemoryPool._try_malloc
  File ""cupy/cuda/memory.pyx"", line 1569, in cupy.cuda.memory.SingleDeviceMemoryPool._try_malloc
cupy.cuda.memory.OutOfMemoryError: Out of memory allocating 4,800,000,000 bytes (allocated so far: 19,200,096,256 bytes).
",
1225,,,,,,,,,,,,,,,,,,,,,,,,,,,,,,,,,,,,,group_b,,,,,,,1651,1652,9.920093579886658e-08,,,,2,synthetic_true_func_2d_n100000000,False,NVIDIA L4,,,,,,,,2,1225,,,,,,,,,0,0,,,1e-05,,,,,True,,,,,,,,,,,False,1651.0,SE,0.1,1.5,1.0,,,20000,plain_cg,35,1652,,25000000,100000000,cufinufft,cufinufft,,,,,,,,True,0.1,0,,5.565340957995293e-05,0.020002334257331708,0,,,ok,,0.0006380709309962557,1.0540931780058145,,,,,,,,,,,,,,,,,,,,,,,,2.7875063090000367,,0.9136972080000305,1.7929000849999284,,4.580408247999912,,1e-07,,,v1
1225,,,,,,,,,,,,,,,,,,,,,,,,,,,,,,,,,,,,,group_b,,,,,,,279,280,9.436302615720156e-08,,,nan,2,synthetic_true_func_2d_n100000000,False,NVIDIA L4,,,,,,,,2,1225,98,3,nan,,13036.253017174144,0.000779465250321938,,,5,482,0.0005762315568092947,0.27774361038208006,1e-05,,,,,True,[],,,,,,,,,,False,279.0,SE,0.1,1.5,1.0,nan,,20000,eigenpro_pcg_q90,35,280,279,25000000,100000000,cufinufft,binned_c1,,,,,,,full_eigenpro,True,0.1,0,,0.0004250034282394798,0.020006763750473142,0,,,ok,,0.0006350281571542382,0.1778078840031867,0.00015723161648217217,0.043867620998526036,,,[],,,,,,,,,,,,,,,,,0.3008053400001245,,0.45881595699984246,0.0003137329999844951,0.9147122899998976,0.39585718900002576,,1.1557922189999772,,1e-07,90,,v3
1225,,,,,,,,,,,,,,,,,,,,,,,,,,,,,,,,,,,,,group_b,,,,,,,45,46,8.822004342074666e-08,,,nan,2,synthetic_true_func_2d_n100000000,False,NVIDIA L4,,,,,,,,2,1225,188,3,nan,,221.88193779810248,1.3266248853941666e-05,,,5,932,0.0005712491637135781,0.5324042205810547,1e-05,,,,,True,[],,,,,,,,,,False,45.0,SE,0.1,1.5,1.0,nan,,20000,eigenpro_pcg_q180,35,46,45,25000000,100000000,cufinufft,binned_c1,,,,,,,full_eigenpro,True,0.1,0,,0.0004245030314751397,0.02000675287249659,0,,,ok,,0.0006371290217667474,0.02930793500127038,0.00015014691109879803,0.006756610999445911,,,[],,,,,,,,,,,,,,,,,0.5743037749998621,,0.458978745000195,0.00031779300002199307,0.914185745000168,0.06459694899990609,,1.0981972619999851,,1e-07,180,,v3
1225,expanded_box,topk,64,,64,0,"[4, 4]","[9, 9]",81,topk,64,,64,80000,81,cheap,30,0.01,,,,,,,,,,,,,,,,,chol_solve,20000,group_b,50,diag,0.001,50,auto,auto,1078,1079,8.019895280361682e-08,104976,,,2,synthetic_true_func_2d_n100000000,False,NVIDIA L4,cheap,0,0,0,0,0,0,2,1225,,,,,,,,,,,,,1e-05,,,chol_solve,99999999.99978416,True,,nan,0,50,diag,0.001,0,0,0,0,False,1078.0,SE,0.1,1.5,1.0,,0,20000,btab_auto_topk_64,35,1079,1078,25000000,100000000,cufinufft,binned_c1,50,1078,8.019895280361682e-08,pcg,converged,1078,,True,0.1,0,3689795.321874343,0.00042812157518427846,0.020006827062041332,0,0.1,exact,ok,,0.0006265617553253833,0.6760601339960886,0.0003847820936926771,0.41479509700070594,155139358.11874732,1144,,,0.0005214870000145311,4.3783021333571666e-05,0.047198096997590255,3.783253524891266e-05,0.04078347299832785,0.00020924447588494802,0.22556554500397397,0.0015386810000563855,0.0007712420001553255,-0.0015386810000563855,0.0,0.0004983649998848705,5.395909832757968e-05,0.0581679079971309,,,0.00018840200004888175,0.4587932940000883,0.0029202859998349595,0.9120482039998024,1.7446770880001168,0.00026907400001618953,2.203470382000205,2.203658784000254,1e-07,,,v6_btab
1225,expanded_box,topk,128,,128,0,"[6, 6]","[13, 13]",169,topk,128,,128,80000,169,cheap,30,0.01,,,,,,,,,,,,,,,,,chol_solve,20000,group_b,50,diag,0.001,50,auto,auto,948,949,8.60341152486279e-08,456976,,,2,synthetic_true_func_2d_n100000000,False,NVIDIA L4,cheap,0,0,0,0,0,0,2,1225,,,,,,,,,,,,,1e-05,,,chol_solve,99999999.99978416,True,,nan,0,50,diag,0.001,0,0,0,0,False,948.0,SE,0.1,1.5,1.0,,0,20000,btab_auto_topk_128,35,949,948,25000000,100000000,cufinufft,binned_c1,50,948,8.60341152486279e-08,pcg,converged,948,,True,0.1,0,619852.5245380028,0.0004283351965082788,0.020006830235506003,0,0.1,exact,ok,,0.0006233056238130021,0.591517036998539,0.0004004809672998898,0.37965595700029553,23220285.04443669,1056,,,0.0004566969998904824,4.35385411331765e-05,0.04127453699425132,3.777694514864866e-05,0.03581254400091893,0.00022598605590760964,0.21423478100041393,0.0024891890000162675,0.0013024630000018078,-0.0024891890000162675,0.0,0.0009677709999778017,5.3347628692765805e-05,0.050573552000741984,,,0.00018625999996402243,0.45824394800001755,0.003814808000015546,0.911653435000062,1.5432974400000603,0.00021895500003665802,2.001541388000078,2.001727648000042,1e-07,,,v6_btab
1225,expanded_box,topk,256,,256,0,"[9, 9]","[19, 19]",361,topk,256,,256,80000,361,cheap,30,0.01,,,,,,,,,,,,,,,,,chol_solve,20000,group_b,50,diag,0.001,50,auto,auto,151,152,9.830263800129646e-08,2085136,,,2,synthetic_true_func_2d_n100000000,False,NVIDIA L4,cheap,0,0,0,0,0,0,2,1225,,,,,,,,,,,,,1e-05,,,chol_solve,99999999.99978416,True,,nan,0,50,diag,0.001,0,0,0,0,False,151.0,SE,0.1,1.5,1.0,,0,20000,btab_auto_topk_256,35,152,151,25000000,100000000,cufinufft,binned_c1,50,151,9.830263800129646e-08,pcg,converged,151,,True,0.1,0,13996.560751340581,0.00042931838536710773,0.020006851828446755,0,0.1,exact,ok,,0.0006333414013188064,0.09626789300045857,0.00045327375497189205,0.0684443370007557,456665.29186953115,864,,,0.0005126060000293364,4.468115231844085e-05,0.006746854000084568,3.847152978874838e-05,0.005809200998101005,0.0002754573443624226,0.041594058998725814,0.005733541000154219,0.0033733720001691836,-0.005733541000154219,0.0,0.0021360660000482312,5.4160238413721e-05,0.008178196000471871,,,0.00016151899990290985,0.4585466969999743,0.00709443799996734,0.9134375410001212,0.2644355420000011,0.00022410299993680383,0.7229822389999754,0.7231437579998783,1e-07,,,v6_btab
1225,expanded_box,topk,512,,512,0,"[12, 12]","[25, 25]",625,topk,512,,512,80000,625,cheap,30,0.01,,,,,,,,,,,,,,,,,chol_solve,20000,group_b,50,diag,0.001,50,auto,auto,52,53,9.725554197284097e-08,6250000,,,2,synthetic_true_func_2d_n100000000,False,NVIDIA L4,cheap,0,0,0,0,0,0,2,1225,,,,,,,,,,,,,1e-05,,,chol_solve,99999999.99978416,True,,nan,0,50,diag,0.001,0,0,0,0,False,52.0,SE,0.1,1.5,1.0,,0,20000,btab_auto_topk_512,35,53,52,25000000,100000000,cufinufft,binned_c1,50,52,9.725554197284097e-08,pcg,converged,52,,True,0.1,0,82.93137509464714,0.00042960868187356157,0.02000685795701145,0,0.1,exact,ok,,0.0006390813018911876,0.03387130900023294,0.0005638103461452514,0.029318137999553073,2483.7651711344733,600,,,0.0005274600000575447,4.360642307032182e-05,0.0022675339996567345,3.964755771991034e-05,0.002061673001435338,0.0003841499230798735,0.019975796000153423,0.015573989999893456,0.00884677199996986,-0.015573989999893456,0.0,0.006497470999875077,5.601307693635905e-05,0.0029126800006906706,,,0.00016892400003598596,0.4588776219998181,0.016985534000014013,0.9131431450000491,0.11261160000003656,0.0002297470000485191,0.5714892219998546,0.5716581459998906,1e-07,,,v6_btab
1225,expanded_box,topk,1024,,1024,0,"[17, 17]","[35, 35]",1225,topk,1024,,1024,80000,1225,cheap,30,0.01,,,,,,,,,,,,,,,,,chol_solve,20000,group_b,50,diag,0.001,50,auto,auto,3,4,9.214213904202067e-09,24010000,,,2,synthetic_true_func_2d_n100000000,False,NVIDIA L4,cheap,0,0,0,0,0,0,2,1225,,,,,,,,,,,,,1e-05,,,chol_solve,99999999.99978416,True,,nan,0,50,diag,0.001,0,0,0,0,False,3.0,SE,0.1,1.5,1.0,,0,20000,btab_auto_topk_1024,35,4,3,25000000,100000000,cufinufft,binned_c1,50,3,9.214213904202067e-09,pcg,converged,3,,True,0.1,0,0.0,0.00042956660994163836,0.020006857052505187,0,0.1,exact,ok,,0.0007078305000050022,0.002831322000020009,0.0008366776666359025,0.0025100329999077076,0.0,0,,,0.0005591249998815329,1.6113666712650836e-05,4.8341000137952506e-05,3.523366657039636e-05,0.00010570099971118907,0.0006868559999778275,0.0020605679999334825,0.05653156499988654,0.03629721600009361,-0.05653156499988654,0.0,0.018679073999919638,5.3834000103355116e-05,0.00016150200031006534,,,6.0071999996580416e-05,0.45853725799997846,0.05789047500002198,0.9127872270000807,0.06565096899998935,0.0015552749998732907,0.5241882269999678,0.5242482989999644,1e-07,,,v6_btab
1225,expanded_box,topk,64,,64,0,"[4, 4]","[9, 9]",81,topk,64,,64,80000,81,cheap,30,0.01,,cupy,1.3324520880325133e-15,6.165297771522871e-16,80,66,66,,66,16,81,1144,20992,2248787.1388867525,22487871.388867524,0.001,boxeig,20000,group_b,50,diag,0.001,50,auto,boxeig,2415,2416,9.921027300506547e-08,0,,,2,synthetic_true_func_2d_n100000000,False,NVIDIA L4,cheap,16,0,16,16,0,0,2,1225,,,,,,,1.3324520880325133e-15,6.165297771522871e-16,,,,,1e-05,,,boxeig,99999999.99978416,True,,nan,0,0,,nan,0,0,0,0,False,2415.0,SE,0.1,1.5,1.0,,4624,20000,btab_boxeig_topk_64_q16,35,2416,2415,25000000,100000000,cufinufft,binned_c1,50,2415,9.921027300506547e-08,pcg,converged,2415,,True,0.1,0,3689795.321874343,0.0004153334349317711,0.020006555587151843,0,0.1,boxeig,ok,,0.000635128944949017,1.534471530996825,0.0004038368625238629,0.9752660229951289,155139358.11874732,1144,,22487871.388867524,0.00043353599994588876,4.407170310540992e-05,0.10643316299956496,3.612692877897915e-05,0.08724653300123464,0.0002301116513461438,0.5557196380009373,0.05143214600025203,0.0,0.0,0.0010057880001568265,0.0,5.533384099173162e-05,0.13363122599503185,0.050426358000095206,,0.7275607470000978,0.45887830499987103,0.05222664000007171,0.9139062239999021,4.054681681000147,0.0,4.513559986000018,5.241120733000116,1e-07,,,v7_btab_boxeig
1225,expanded_box,topk,64,,64,0,"[4, 4]","[9, 9]",81,topk,64,,64,80000,81,cheap,30,0.01,,cupy,1.7349321563641239e-15,7.604012202060016e-16,160,80,80,,80,32,81,1144,41984,657252.8486539443,6572528.486539443,0.001,boxeig,20000,group_b,50,diag,0.001,50,auto,boxeig,1242,1243,9.464120277462812e-08,0,,,2,synthetic_true_func_2d_n100000000,False,NVIDIA L4,cheap,32,0,32,32,0,0,2,1225,,,,,,,1.7349321563641239e-15,7.604012202060016e-16,,,,,1e-05,,,boxeig,99999999.99978416,True,,nan,0,0,,nan,0,0,0,0,False,1242.0,SE,0.1,1.5,1.0,,4624,20000,btab_boxeig_topk_64_q32,35,1243,1242,25000000,100000000,cufinufft,binned_c1,50,1242,9.464120277462812e-08,pcg,converged,1242,,True,0.1,0,3689795.321874343,0.0004198018854539162,0.020006651779534656,0,0.1,boxeig,ok,,0.000628206876906481,0.7808611479947558,0.00039829623027793384,0.49468391800519385,155139358.11874732,1144,,6572528.486539443,0.00046480599985443405,4.394062962721757e-05,0.054574261997004214,3.562785024546641e-05,0.04424979000486928,0.00022640046779945653,0.28118938100692503,0.06120738000004167,0.0,0.0,0.0009975049999866314,0.0,5.412678663358545e-05,0.06722546899891313,0.060209875000055035,,0.013879551999934847,0.4588704630000393,0.06203992800010383,0.9123832180000591,2.0899958239999705,0.0,2.54886628700001,2.5627458389999447,1e-07,,,v7_btab_boxeig
1225,expanded_box,topk,128,,128,0,"[6, 6]","[13, 13]",169,topk,128,,128,80000,169,cheap,30,0.01,,cupy,9.241085687232036e-16,6.88170485557493e-16,80,66,66,,66,16,169,1056,43520,2265926.9507588577,22659269.507588577,0.001,boxeig,20000,group_b,50,diag,0.001,50,auto,boxeig,2027,2028,8.877991390426001e-08,0,,,2,synthetic_true_func_2d_n100000000,False,NVIDIA L4,cheap,16,0,16,16,0,0,2,1225,,,,,,,9.241085687232036e-16,6.88170485557493e-16,,,,,1e-05,,,boxeig,99999999.99978416,True,,nan,0,0,,nan,0,0,0,0,False,2027.0,SE,0.1,1.5,1.0,,10000,20000,btab_boxeig_topk_128_q16,35,2028,2027,25000000,100000000,cufinufft,binned_c1,50,2027,8.877991390426001e-08,pcg,converged,2027,,True,0.1,0,619852.5245380028,0.0004240566804690905,0.0200067412992413,0,0.1,boxeig,ok,,0.0006321728486217046,1.2820465370048169,0.00040037348396449574,0.8115570519960329,23220285.04443669,1056,,22659269.507588577,0.00046767699996053125,4.416550222120033e-05,0.08952347300237307,3.570778095691657e-05,0.07237967199966988,0.00022684889196208084,0.4598227040071379,0.05125740499988751,0.0,0.0,0.0009955020000234072,0.0,5.471871880053584e-05,0.11091484300868615,0.050261902999864105,,0.007513049999943178,0.4584980969998469,0.052105998999877556,0.914201076000154,3.3862083129999974,0.0,3.8447064099998443,3.8522194599997874,1e-07,,,v7_btab_boxeig
1225,expanded_box,topk,128,,128,0,"[6, 6]","[13, 13]",169,topk,128,,128,80000,169,cheap,30,0.01,,cupy,2.1553145085249034e-15,9.34439966133072e-16,160,98,98,,98,32,169,1056,87040,884521.3880312606,8845213.880312605,0.001,boxeig,20000,group_b,50,diag,0.001,50,auto,boxeig,1322,1323,7.894517579407664e-08,0,,,2,synthetic_true_func_2d_n100000000,False,NVIDIA L4,cheap,32,0,32,32,0,0,2,1225,,,,,,,2.1553145085249034e-15,9.34439966133072e-16,,,,,1e-05,,,boxeig,99999999.99978417,True,,nan,0,0,,nan,0,0,0,0,False,1322.0,SE,0.1,1.5,1.0,,10000,20000,btab_boxeig_topk_128_q32,35,1323,1322,25000000,100000000,cufinufft,binned_c1,50,1322,7.894517579407664e-08,pcg,converged,1322,,True,0.1,0,619852.5245380029,0.00042388190454451,0.020006737569037834,0,0.1,boxeig,ok,,0.0006308461942527385,0.834609514996373,0.000400445933432779,0.5293895239981339,23220285.04443669,1056,,8845213.880312605,0.0005140309999660531,4.420715506904494e-05,0.05844185900127741,3.625972012067631e-05,0.04793534999953408,0.0002270524001517662,0.30016327300063494,0.07656945400003679,0.0,0.0,0.0009736350000366656,0.0,5.441490468931021e-05,0.0719365039992681,0.07559581900000012,,0.014210985000090659,0.45875782300004175,0.07744596199995613,0.9142819840001266,2.2467155659999207,0.0,2.7054733889999625,2.719684374000053,1e-07,,,v7_btab_boxeig
1225,expanded_box,topk,128,,128,0,"[6, 6]","[13, 13]",169,topk,128,,128,80000,169,cheap,30,0.01,,cupy,9.429886339900857e-15,1.1742363605014854e-15,320,162,162,,162,64,169,1056,174080,138629.98132473015,1386299.8132473014,0.001,boxeig,20000,group_b,50,diag,0.001,50,auto,boxeig,869,870,8.305798536809124e-08,0,,,2,synthetic_true_func_2d_n100000000,False,NVIDIA L4,cheap,64,0,64,64,0,0,2,1225,,,,,,,9.429886339900857e-15,1.1742363605014854e-15,,,,,1e-05,,,boxeig,99999999.99978416,True,,nan,0,0,,nan,0,0,0,0,False,869.0,SE,0.1,1.5,1.0,,10000,20000,btab_boxeig_topk_128_q64,35,870,869,25000000,100000000,cufinufft,binned_c1,50,869,8.305798536809124e-08,pcg,converged,869,,True,0.1,0,619852.5245380028,0.0004258631384771712,0.020006779332309325,0,0.1,boxeig,ok,,0.0006475266402294541,0.5633481769996251,0.0004140754234741289,0.359831542999018,23220285.04443669,1056,,1386299.8132473014,0.00047579900001437636,4.5593802071581144e-05,0.03962101400020401,3.615080552210999e-05,0.031415049998713585,0.0002345602105922115,0.2038328230046318,0.13222696799994083,0.0,0.0,0.0009870149999642308,0.0,5.501822439826134e-05,0.0478108370020891,0.1312399529999766,,0.02672600099981537,0.45855296099989573,0.13313108200009083,0.913514621999866,1.59196562000011,0.0,2.0505185810000057,2.077244581999821,1e-07,,,v7_btab_boxeig
1225,expanded_box,topk,256,,256,0,"[9, 9]","[19, 19]",361,topk,256,,256,80000,361,cheap,30,0.01,,cupy,2.3983139791831047e-15,1.0746812806481852e-15,160,98,98,,98,32,361,864,185344,885472.4437959306,8854724.437959306,0.001,boxeig,20000,group_b,50,diag,0.001,50,auto,boxeig,2481,2482,9.994439829601509e-08,0,,,2,synthetic_true_func_2d_n100000000,False,NVIDIA L4,cheap,32,0,32,32,0,0,2,1225,,,,,,,2.3983139791831047e-15,1.0746812806481852e-15,,,,,1e-05,,,boxeig,99999999.99978416,True,,nan,0,0,,nan,0,0,0,0,False,2481.0,SE,0.1,1.5,1.0,,21904,20000,btab_boxeig_topk_256_q32,35,2482,2481,25000000,100000000,cufinufft,binned_c1,50,2481,9.994439829601509e-08,pcg,converged,2481,,True,0.1,0,13996.560751340581,0.0004233726523187062,0.02000672231163856,0,0.1,boxeig,ok,,0.0006321966297353636,1.5691120350031724,0.00041403248730349405,1.0272146009999688,456665.29186953115,864,,8854724.437959306,0.0005183400000987604,4.4495538090277034e-05,0.11039343000197732,3.5919540106338695e-05,0.0891163790038263,0.00024000217170464904,0.5954453879992343,0.07665516399970329,0.0,0.0,0.0009723849998408696,0.0,5.467379645480748e-05,0.13564568900437735,0.07568277899986242,,0.01396648400009326,0.4581860749999578,0.07759354899985738,0.9138012600001275,4.189332014999991,0.0,4.647518089999949,4.661484574000042,1e-07,,,v7_btab_boxeig
1225,expanded_box,topk,256,,256,0,"[9, 9]","[19, 19]",361,topk,256,,256,80000,361,cheap,30,0.01,,cupy,6.151844943546396e-15,1.1575141862090889e-15,320,162,162,,162,64,361,864,370688,150395.70832556213,1503957.0832556211,0.001,boxeig,20000,group_b,50,diag,0.001,50,auto,boxeig,1192,1193,9.157461655418193e-08,0,,,2,synthetic_true_func_2d_n100000000,False,NVIDIA L4,cheap,64,0,64,64,0,0,2,1225,,,,,,,6.151844943546396e-15,1.1575141862090889e-15,,,,,1e-05,,,boxeig,99999999.99978416,True,,nan,0,0,,nan,0,0,0,0,False,1192.0,SE,0.1,1.5,1.0,,21904,20000,btab_boxeig_topk_256_q64,35,1193,1192,25000000,100000000,cufinufft,binned_c1,50,1192,9.157461655418193e-08,pcg,converged,1192,,True,0.1,0,13996.560751340581,0.0004240306238927018,0.02000673598316812,0,0.1,boxeig,ok,,0.0006302785180208422,0.7519222719988647,0.0004144888364079872,0.49407069299832074,456665.29186953115,864,,1503957.0832556211,0.0004891539999789529,4.485155452550542e-05,0.05346305299440246,3.613076341858784e-05,0.04306786999495671,0.0002406730553724363,0.28688228200394406,0.125474868000083,0.0,0.0,0.0009774689999630937,0.0,5.4173354025376144e-05,0.06457463799824836,0.12449739900011991,,0.026273314000036407,0.45912727799986897,0.1263921949998803,0.91344661800008,2.1010058120000394,0.0,2.5601330899999084,2.586406403999945,1e-07,,,v7_btab_boxeig
1225,expanded_box,topk,256,,256,0,"[9, 9]","[19, 19]",361,topk,256,,256,80000,361,cheap,30,0.01,,cupy,2.5063053242522026e-13,4.044481758235448e-15,640,290,290,,290,128,361,864,741376,7068.408147912054,70684.08147912053,0.001,boxeig,20000,group_b,50,diag,0.001,50,auto,boxeig,454,455,9.382680005754081e-08,0,,,2,synthetic_true_func_2d_n100000000,False,NVIDIA L4,cheap,128,0,128,128,0,0,2,1225,,,,,,,2.5063053242522026e-13,4.044481758235448e-15,,,,,1e-05,,,boxeig,99999999.99978417,True,,nan,0,0,,nan,0,0,0,0,False,454.0,SE,0.1,1.5,1.0,,21904,20000,btab_boxeig_topk_256_q128,35,455,454,25000000,100000000,cufinufft,binned_c1,50,454,9.382680005754081e-08,pcg,converged,454,,True,0.1,0,13996.560751340585,0.00042884220836120706,0.020006840962218414,0,0.1,boxeig,ok,,0.0006416175340636183,0.2919359779989463,0.00042020629515346,0.19077365799967083,456665.29186953127,864,,70684.08147912053,0.0005168200000298384,4.5593268721294276e-05,0.0206993439994676,3.6415702638925866e-05,0.016532728998072344,0.00024378253964599703,0.11067727299928265,0.23458792699989317,0.0,0.0,0.001008995999882245,0.0,5.5013237890571645e-05,0.024976010002319526,0.23357893100001093,,0.051012381999953504,0.45858341199982533,0.23553223499993692,0.9140368569999282,1.0004300090001834,0.0,1.4590134210000087,1.5100258029999623,1e-07,,,v7_btab_boxeig
1225,expanded_box,topk,512,,512,0,"[12, 12]","[25, 25]",625,topk,512,,512,80000,625,cheap,30,0.01,,cupy,7.758975151934108e-15,1.0778925428896655e-15,320,162,162,,162,64,625,600,641024,150424.45873518797,1504244.5873518796,0.001,boxeig,20000,group_b,50,diag,0.001,50,auto,boxeig,1071,1072,8.657561577662488e-08,0,,,2,synthetic_true_func_2d_n100000000,False,NVIDIA L4,cheap,64,0,64,64,0,0,2,1225,,,,,,,7.758975151934108e-15,1.0778925428896655e-15,,,,,1e-05,,,boxeig,99999999.99978416,True,,nan,0,0,,nan,0,0,0,0,False,1071.0,SE,0.1,1.5,1.0,,38416,20000,btab_boxeig_topk_512_q64,35,1072,1071,25000000,100000000,cufinufft,binned_c1,50,1071,8.657561577662488e-08,pcg,converged,1071,,True,0.1,0,82.93137509464714,0.0004256043043952967,0.020006773238816063,0,0.1,boxeig,ok,,0.0006326745503722814,0.6782271179990857,0.0004139733977562802,0.44336550899697613,2483.7651711344733,600,,1504244.5873518796,0.0005078940000657894,4.4303141924117e-05,0.047448665000729306,3.620022222033828e-05,0.0387704379979823,0.00024063858916805302,0.2577239289989848,0.1313860579998618,0.0,0.0,0.0009736079998674541,0.0,5.449771895886413e-05,0.05836705700494349,0.13041244999999435,,0.026075754999965284,0.4581797989999359,0.1323243070000899,0.9137917010000365,1.9102194700001291,0.0,2.368399269000065,2.3944750240000303,1e-07,,,v7_btab_boxeig
1225,expanded_box,topk,512,,512,0,"[12, 12]","[25, 25]",625,topk,512,,512,80000,625,cheap,30,0.01,,cupy,1.9096017076999845e-13,4.137793721516855e-15,640,290,290,,290,128,625,600,1282048,7088.239214745755,70882.39214745755,0.001,boxeig,20000,group_b,50,diag,0.001,50,auto,boxeig,363,364,8.515907174251213e-08,0,,,2,synthetic_true_func_2d_n100000000,False,NVIDIA L4,cheap,128,0,128,128,0,0,2,1225,,,,,,,1.9096017076999845e-13,4.137793721516855e-15,,,,,1e-05,,,boxeig,99999999.99978417,True,,nan,0,0,,nan,0,0,0,0,False,363.0,SE,0.1,1.5,1.0,,38416,20000,btab_boxeig_topk_512_q128,35,364,363,25000000,100000000,cufinufft,binned_c1,50,363,8.515907174251213e-08,pcg,converged,363,,True,0.1,0,82.93137509464714,0.0004292854499487667,0.02000685010193447,0,0.1,boxeig,ok,,0.0006461221703362993,0.23518847000241294,0.00042300785398627784,0.15355185099701885,2483.7651711344743,600,,70882.39214745755,0.0005015140000068641,4.544413223177826e-05,0.01649622000013551,3.673409090836838e-05,0.013334474999737722,0.0002462081157098124,0.0893735460026619,0.2350014910000482,0.0,0.0,0.000981206000005841,0.0,5.546758402037205e-05,0.020134732999395055,0.23402028500004235,,0.05102215100009744,0.4589787620000152,0.23594514399997024,0.913973500000111,0.8522091390000242,0.0,1.3111879010000393,1.3622100520001368,1e-07,,,v7_btab_boxeig
1225,expanded_box,topk,512,,512,0,"[12, 12]","[25, 25]",625,topk,512,,512,80000,625,cheap,30,0.01,,cupy,2.227589064709176e-11,4.468831647036075e-14,1280,546,546,,546,256,625,600,2564096,18.573398734356147,185.73398734356147,0.001,boxeig,20000,group_b,50,diag,0.001,50,auto,boxeig,60,61,9.352517366194896e-08,0,,,2,synthetic_true_func_2d_n100000000,False,NVIDIA L4,cheap,256,0,256,256,0,0,2,1225,,,,,,,2.227589064709176e-11,4.468831647036075e-14,,,,,1e-05,,,boxeig,99999999.99978416,True,,nan,0,0,,nan,0,0,0,0,False,60.0,SE,0.1,1.5,1.0,,38416,20000,btab_boxeig_topk_512_q256,35,61,60,25000000,100000000,cufinufft,binned_c1,50,60,9.352517366194896e-08,pcg,converged,60,,True,0.1,0,82.93137509464714,0.0004299417564728744,0.02000686531116196,0,0.1,boxeig,ok,,0.0007501648032541466,0.04576005299850294,0.0004849043666695252,0.02909426200017151,2483.7651711344733,600,,185.73398734356147,0.0005355179998787207,5.194766666439439e-05,0.0031168599998636637,4.120326664557676e-05,0.0024721959987346054,0.0002815844333402614,0.01689506600041568,0.522764423000126,0.0,0.0,0.000973653000073682,0.0,6.454746668017227e-05,0.003872848000810336,0.5217907700000524,,0.10202314899993326,0.45802451300005487,0.5237604840001495,0.9137908470002003,0.6423265789999277,0.0,1.1003510919999826,1.2023742409999159,1e-07,,,v7_btab_boxeig
1225,,,,,,,,,,,,,,,,,,,,,,,,,,,,,,,,,,,,,group_b,,,,,,,1535,1536,8.741111924349916e-08,,,,2,synthetic_true_func_2d_n30000000,False,NVIDIA L4,,,,,,,,2,1225,,,,,,,,,0,0,,,1e-05,,,,,True,,,,,,,,,,,False,1535.0,SE,0.1,1.5,1.0,,,20000,plain_cg,35,1536,,1000,30000000,cufinufft,cufinufft,,,,,,,,True,0.1,0,,7.846499132914028e-05,0.02000374689654636,0,,,ok,,0.0006217109355461936,0.9549479969989534,,,,,,,,,,,,,,,,,,,,,,,,0.7640887869999915,,0.2740471070001149,1.6230338220000249,,2.3871231959999477,,1e-07,,,v1
1225,,,,,,,,,,,,,,,,,,,,,,,,,,,,,,,,,,,,,group_b,,,,,,,279,280,9.7143586965278e-08,,,nan,2,synthetic_true_func_2d_n30000000,False,NVIDIA L4,,,,,,,,2,1225,98,3,nan,,3912.231505950428,0.0007797127102838241,,,5,482,0.0005752458057957566,0.2772684783935547,1e-05,,,,,True,[],,,,,,,,,,False,279.0,SE,0.1,1.5,1.0,nan,,20000,eigenpro_pcg_q90,35,280,279,1000,30000000,cufinufft,binned_c1,,,,,,,full_eigenpro,True,0.1,0,,0.00033636612719797725,0.020007511882209866,0,,,ok,,0.0006408942392941494,0.17945038700236182,0.00015788203942671922,0.044049089000054664,,,[],,,,,,,,,,,,,,,,,0.29981200399993213,,0.1480244560000301,0.0002915079999183945,0.27466905500000394,0.40038974200001576,,0.8485177099998964,,1e-07,90,,v3
1225,,,,,,,,,,,,,,,,,,,,,,,,,,,,,,,,,,,,,group_b,,,,,,,42,43,7.284733335916872e-08,,,nan,2,synthetic_true_func_2d_n30000000,False,NVIDIA L4,,,,,,,,2,1225,188,3,nan,,66.60787480343011,1.3274490512613937e-05,,,5,932,0.0005665708877497989,0.5280440673828125,1e-05,,,,,True,[],,,,,,,,,,False,42.0,SE,0.1,1.5,1.0,nan,,20000,eigenpro_pcg_q180,35,43,42,1000,30000000,cufinufft,binned_c1,,,,,,,full_eigenpro,True,0.1,0,,0.0003352487957529137,0.02000752339328907,0,,,ok,,0.0006328778372176731,0.027213747000359945,0.00014900609525219416,0.006258256000592155,,,[],,,,,,,,,,,,,,,,,0.5684321570001885,,0.14728622999996333,0.00029916599987700465,0.27578836900011083,0.06010792899996886,,0.7761254819999976,,1e-07,180,,v3
1225,expanded_box,topk,64,,64,0,"[4, 4]","[9, 9]",81,topk,64,,64,80000,81,cheap,30,0.01,,,,,,,,,,,,,,,,,chol_solve,20000,group_b,50,diag,0.001,50,auto,auto,1274,1275,8.459517003861207e-08,104976,,,2,synthetic_true_func_2d_n30000000,False,NVIDIA L4,cheap,0,0,0,0,0,0,2,1225,,,,,,,,,,,,,1e-05,,,chol_solve,29999999.999935064,True,,nan,0,50,diag,0.001,0,0,0,0,False,1274.0,SE,0.1,1.5,1.0,,0,20000,btab_auto_topk_64,35,1275,1274,1000,30000000,cufinufft,binned_c1,50,1274,8.459517003861207e-08,pcg,converged,1274,,True,0.1,0,1106938.5619929968,0.0003392793941580413,0.02000755431082079,0,0.1,exact,ok,,0.0006239012352954673,0.7954740750017208,0.00038227938226241727,0.4870239330023196,46541804.35256325,1144,,,0.0004942489999848476,4.325233751701825e-05,0.05510347799668125,3.7929912871673546e-05,0.0483227089985121,0.00020822496860282242,0.26527860999999575,0.0015125190000162547,0.0007674399998904846,-0.0015125190000162547,0.0,0.0004772650001996226,5.36161915227124e-05,0.0683070279999356,,,0.00014689799991174368,0.14772484700006316,0.0028781620001154806,0.27446194000003743,2.0540126939999936,0.0002678139999261475,2.201737541000057,2.2018844389999686,1e-07,,,v6_btab
1225,expanded_box,topk,128,,128,0,"[6, 6]","[13, 13]",169,topk,128,,128,80000,169,cheap,30,0.01,,,,,,,,,,,,,,,,,chol_solve,20000,group_b,50,diag,0.001,50,auto,auto,735,736,8.613569547255477e-08,456976,,,2,synthetic_true_func_2d_n30000000,False,NVIDIA L4,cheap,0,0,0,0,0,0,2,1225,,,,,,,,,,,,,1e-05,,,chol_solve,29999999.999935064,True,,nan,0,50,diag,0.001,0,0,0,0,False,735.0,SE,0.1,1.5,1.0,,0,20000,btab_auto_topk_128,35,736,735,1000,30000000,cufinufft,binned_c1,50,735,8.613569547255477e-08,pcg,converged,735,,True,0.1,0,185955.73948261372,0.00033880949500951583,0.02000753981531785,0,0.1,exact,ok,,0.0006200420665804097,0.4563509610031815,0.00039879986123035567,0.29311789800431143,6966084.598963795,1056,,,0.0005297820000578213,4.358048707922999e-05,0.03203165800323404,3.780238912069614e-05,0.027784756003711664,0.00022509424489528386,0.16544426999803363,0.002475214000014603,0.0012609130001237645,-0.002475214000014603,0.0,0.0009624659999190044,5.302589387345036e-05,0.038974031996986014,,,0.00013865000005353068,0.14780898999993042,0.0038896169999134145,0.2743072119999397,1.1930721680000715,0.0002518349999718339,1.340881158000002,1.3410198080000555,1e-07,,,v6_btab
1225,expanded_box,topk,256,,256,0,"[9, 9]","[19, 19]",361,topk,256,,256,80000,361,cheap,30,0.01,,,,,,,,,,,,,,,,,chol_solve,20000,group_b,50,diag,0.001,50,auto,auto,170,171,9.723192432727083e-08,2085136,,,2,synthetic_true_func_2d_n30000000,False,NVIDIA L4,cheap,0,0,0,0,0,0,2,1225,,,,,,,,,,,,,1e-05,,,chol_solve,29999999.999935064,True,,nan,0,50,diag,0.001,0,0,0,0,False,170.0,SE,0.1,1.5,1.0,,0,20000,btab_auto_topk_256,35,171,170,1000,30000000,cufinufft,binned_c1,50,170,9.723192432727083e-08,pcg,converged,170,,True,0.1,0,4198.967242460273,0.00033804749766780536,0.020007526885542616,0,0.1,exact,ok,,0.0006270970058565113,0.10723358800146343,0.0004498797176371655,0.07647955199831813,136999.55105890476,864,,,0.0005092700000659534,4.334425293697731e-05,0.007368522999286142,3.8623982364322944e-05,0.0065660770019349,0.00027326264707078413,0.046454650002033304,0.00560099800009084,0.0033977499999764404,-0.00560099800009084,0.0,0.0019880040001680754,5.489917058880297e-05,0.009332859000096505,,,0.00013978400011183112,0.1476623869998548,0.00697351200005869,0.27421432599999207,0.29433715699997265,0.00021524399994632404,0.44199954399982744,0.44213932799993927,1e-07,,,v6_btab
1225,expanded_box,topk,512,,512,0,"[12, 12]","[25, 25]",625,topk,512,,512,80000,625,cheap,30,0.01,,,,,,,,,,,,,,,,,chol_solve,20000,group_b,50,diag,0.001,50,auto,auto,33,34,9.148951093075325e-08,6250000,,,2,synthetic_true_func_2d_n30000000,False,NVIDIA L4,cheap,0,0,0,0,0,0,2,1225,,,,,,,,,,,,,1e-05,,,chol_solve,29999999.99993506,True,,nan,0,50,diag,0.001,0,0,0,0,False,33.0,SE,0.1,1.5,1.0,,0,20000,btab_auto_topk_512,35,34,33,1000,30000000,cufinufft,binned_c1,50,33,9.148951093075325e-08,pcg,converged,33,,True,0.1,0,24.879402061028983,0.0003381534809734627,0.020007529225632904,0,0.1,exact,ok,,0.0006232520588382078,0.021190570000499065,0.0005529394242137531,0.018247000999053853,745.1292161467541,600,,,0.0005097519999708311,4.2625606049499986e-05,0.0014066449996334995,3.969112121508674e-05,0.0013098070000978623,0.0003781762120938352,0.012479814999096561,0.015194970000038666,0.008796030999974391,-0.015194970000038666,0.0,0.006181787000059558,5.257484850985885e-05,0.0017349700008253421,,,0.0001347689999420254,0.14736726499995711,0.016539964000003238,0.2733237249999547,0.07623736300001838,0.00021715200000471668,0.2236046279999755,0.22373939699991752,1e-07,,,v6_btab
1225,expanded_box,topk,1024,,1024,0,"[17, 17]","[35, 35]",1225,topk,1024,,1024,80000,1225,cheap,30,0.01,,,,,,,,,,,,,,,,,chol_solve,20000,group_b,50,diag,0.001,50,auto,auto,3,4,6.997805073652697e-08,24010000,,,2,synthetic_true_func_2d_n30000000,False,NVIDIA L4,cheap,0,0,0,0,0,0,2,1225,,,,,,,,,,,,,1e-05,,,chol_solve,29999999.999935064,True,,nan,0,50,diag,0.001,0,0,0,0,False,3.0,SE,0.1,1.5,1.0,,0,20000,btab_auto_topk_1024,35,4,3,1000,30000000,cufinufft,binned_c1,50,3,6.997805073652697e-08,pcg,converged,3,,True,0.1,0,0.0,0.00033834190695125014,0.020007528645076024,0,0.1,exact,ok,,0.0007056309999597943,0.002822523999839177,0.0008277379999223436,0.002483213999767031,0.0,0,,,0.0005215300000145362,1.6188999855633785e-05,4.856699956690136e-05,3.494633331987037e-05,0.0001048389999596111,0.0006829666666969084,0.0020489000000907254,0.05436067599998751,0.03464777499993943,-0.05436067599998751,0.0,0.01819569000008414,5.395766659906561e-05,0.00016187299979719683,,,4.1539999983797316e-05,0.14740832300003603,0.05568543000003956,0.27411741000014445,0.06338624799991521,0.001517210999963936,0.21079457099995125,0.21083611099993504,1e-07,,,v6_btab
1225,expanded_box,topk,64,,64,0,"[4, 4]","[9, 9]",81,topk,64,,64,80000,81,cheap,30,0.01,,cupy,1.4101420657019479e-15,5.884038302385857e-16,80,66,66,,66,16,81,1144,20992,674510.6237708774,6745106.237708773,0.001,boxeig,20000,group_b,50,diag,0.001,50,auto,boxeig,2656,2657,7.449855597358137e-08,0,,,2,synthetic_true_func_2d_n30000000,False,NVIDIA L4,cheap,16,0,16,16,0,0,2,1225,,,,,,,1.4101420657019479e-15,5.884038302385857e-16,,,,,1e-05,,,boxeig,29999999.999935064,True,,nan,0,0,,nan,0,0,0,0,False,2656.0,SE,0.1,1.5,1.0,,4624,20000,btab_boxeig_topk_64_q16,35,2657,2656,1000,30000000,cufinufft,binned_c1,50,2656,7.449855597358137e-08,pcg,converged,2656,,True,0.1,0,1106938.5619929968,0.0003360629372860894,0.020007487366689173,0,0.1,boxeig,ok,,0.0006342509375199312,1.6852047409904571,0.00040393463516479695,1.0728503909977007,46541804.35256325,1144,,6745106.237708773,0.00044858799992653076,4.488139118856143e-05,0.11920497499681915,3.596380760492968e-05,0.09551987299869324,0.0002294799619719415,0.6094987789974766,0.051641577999816946,0.0,0.0,0.0009706339999411284,0.0,5.494550263649904e-05,0.14593525500254145,0.05067094399987582,,0.007415984000090248,0.14790000000016335,0.0525371979999818,0.2741758070001197,4.446080046999896,0.0,4.593980047000059,4.601396031000149,1e-07,,,v7_btab_boxeig
1225,expanded_box,topk,64,,64,0,"[4, 4]","[9, 9]",81,topk,64,,64,80000,81,cheap,30,0.01,,cupy,2.3945675964730212e-15,7.290211322098485e-16,160,80,80,,80,32,81,1144,41984,197120.32559227356,1971203.2559227354,0.001,boxeig,20000,group_b,50,diag,0.001,50,auto,boxeig,1665,1666,9.331445438870726e-08,0,,,2,synthetic_true_func_2d_n30000000,False,NVIDIA L4,cheap,32,0,32,32,0,0,2,1225,,,,,,,2.3945675964730212e-15,7.290211322098485e-16,,,,,1e-05,,,boxeig,29999999.999935064,True,,nan,0,0,,nan,0,0,0,0,False,1665.0,SE,0.1,1.5,1.0,,4624,20000,btab_boxeig_topk_64_q32,35,1666,1665,1000,30000000,cufinufft,binned_c1,50,1665,9.331445438870726e-08,pcg,converged,1665,,True,0.1,0,1106938.5619929968,0.0003353431568337911,0.02000746713184722,0,0.1,boxeig,ok,,0.0006229542665052014,1.0378418079976655,0.0003960035831823916,0.659345965998682,46541804.35256325,1144,,1971203.2559227354,0.0004260790001353598,4.3656293094257066e-05,0.07268772800193801,3.541729489198415e-05,0.05896979599515362,0.00022549285525572859,0.3754456040007881,0.06057101099986539,0.0,0.0,0.0009839199999532866,0.0,5.349018918548734e-05,0.08906116499383643,0.05958709099991211,,0.01353606500015303,0.14777453600004264,0.06134810799994739,0.274031075000039,2.7598498269999254,0.0,2.907624362999968,2.921160428000121,1e-07,,,v7_btab_boxeig
1225,expanded_box,topk,128,,128,0,"[6, 6]","[13, 13]",169,topk,128,,128,80000,169,cheap,30,0.01,,cupy,1.1880151562406508e-15,5.665549569516922e-16,80,66,66,,66,16,169,1056,43520,679657.4445747561,6796574.445747561,0.001,boxeig,20000,group_b,50,diag,0.001,50,auto,boxeig,2463,2464,9.450935861175733e-08,0,,,2,synthetic_true_func_2d_n30000000,False,NVIDIA L4,cheap,16,0,16,16,0,0,2,1225,,,,,,,1.1880151562406508e-15,5.665549569516922e-16,,,,,1e-05,,,boxeig,29999999.999935064,True,,nan,0,0,,nan,0,0,0,0,False,2463.0,SE,0.1,1.5,1.0,,10000,20000,btab_boxeig_topk_128_q16,35,2464,2463,1000,30000000,cufinufft,binned_c1,50,2463,9.450935861175733e-08,pcg,converged,2463,,True,0.1,0,185955.73948261372,0.00033633476487009124,0.02000746744758028,0,0.1,boxeig,ok,,0.0006270811363633244,1.5451279199992314,0.0003986569041858767,0.9818919550098144,6966084.598963795,1056,,6796574.445747561,0.0004343860000517452,4.397105034483236e-05,0.1083006969993221,3.576515793860062e-05,0.08808958400277334,0.00022630210191048055,0.5573820770055136,0.05042709499980447,0.0,0.0,0.0009891569998217165,0.0,5.424777750826236e-05,0.1336122760028502,0.04943793799998275,,0.00745255900005759,0.1477669840000999,0.05122947799986832,0.2747007959999337,4.077028315000007,0.0,4.224795299000107,4.232247858000164,1e-07,,,v7_btab_boxeig
1225,expanded_box,topk,128,,128,0,"[6, 6]","[13, 13]",169,topk,128,,128,80000,169,cheap,30,0.01,,cupy,2.500104841961085e-15,8.657167879914958e-16,160,98,98,,98,32,169,1056,87040,265374.60038258694,2653746.0038258694,0.001,boxeig,20000,group_b,50,diag,0.001,50,auto,boxeig,1562,1563,9.971490339350879e-08,0,,,2,synthetic_true_func_2d_n30000000,False,NVIDIA L4,cheap,32,0,32,32,0,0,2,1225,,,,,,,2.500104841961085e-15,8.657167879914958e-16,,,,,1e-05,,,boxeig,29999999.999935064,True,,nan,0,0,,nan,0,0,0,0,False,1562.0,SE,0.1,1.5,1.0,,10000,20000,btab_boxeig_topk_128_q32,35,1563,1562,1000,30000000,cufinufft,binned_c1,50,1562,9.971490339350879e-08,pcg,converged,1562,,True,0.1,0,185955.73948261372,0.00033875578094680613,0.02000751478091849,0,0.1,boxeig,ok,,0.0006272258387714186,0.9803539859997272,0.00039860546862623586,0.6226217419941804,6966084.598963795,1056,,2653746.0038258694,0.0004639490000499791,4.435025608261863e-05,0.0692751000010503,3.5653902049927124e-05,0.055691395001986166,0.00022638934891046133,0.3536201629981406,0.07496642299997802,0.0,0.0,0.0009667159999935393,0.0,5.3879836108915166e-05,0.08416030400212549,0.07399970699998448,,0.013647127000012915,0.14744616700022561,0.07581557200001043,0.2741558119998899,2.6258206009999867,0.0,2.7732667680002123,2.7869138950002252,1e-07,,,v7_btab_boxeig
1225,expanded_box,topk,128,,128,0,"[6, 6]","[13, 13]",169,topk,128,,128,80000,169,cheap,30,0.01,,cupy,7.826972153416377e-15,1.1423790189576882e-15,320,162,162,,162,64,169,1056,174080,41591.788193006236,415917.8819300623,0.001,boxeig,20000,group_b,50,diag,0.001,50,auto,boxeig,701,702,9.987653021564694e-08,0,,,2,synthetic_true_func_2d_n30000000,False,NVIDIA L4,cheap,64,0,64,64,0,0,2,1225,,,,,,,7.826972153416377e-15,1.1423790189576882e-15,,,,,1e-05,,,boxeig,29999999.999935064,True,,nan,0,0,,nan,0,0,0,0,False,701.0,SE,0.1,1.5,1.0,,10000,20000,btab_boxeig_topk_128_q64,35,702,701,1000,30000000,cufinufft,binned_c1,50,701,9.987653021564694e-08,pcg,converged,701,,True,0.1,0,185955.73948261372,0.0003364417299904688,0.020007491690048552,0,0.1,boxeig,ok,,0.000633850678066385,0.44496317600260227,0.00040293829956921317,0.28245974799801843,6966084.598963795,1056,,415917.8819300623,0.00047071399990272766,4.4642804567607765e-05,0.031294606001893044,3.597857488662981e-05,0.025220980995527498,0.00022904950926882592,0.16056370599744696,0.12434089600014886,0.0,0.0,0.0009742400000050111,0.0,5.4491298148829434e-05,0.038198400002329436,0.12336665600014385,,0.02607390299999679,0.14766003300019293,0.1252379170000495,0.27414124699998865,1.2822991269999875,0.0,1.4299591600001804,1.4560330630001772,1e-07,,,v7_btab_boxeig
1225,expanded_box,topk,256,,256,0,"[9, 9]","[19, 19]",361,topk,256,,256,80000,361,cheap,30,0.01,,cupy,2.875531746003312e-15,8.405717725916812e-16,160,98,98,,98,32,361,864,185344,265659.6354388313,2656596.354388313,0.001,boxeig,20000,group_b,50,diag,0.001,50,auto,boxeig,1843,1844,9.788914363144144e-08,0,,,2,synthetic_true_func_2d_n30000000,False,NVIDIA L4,cheap,32,0,32,32,0,0,2,1225,,,,,,,2.875531746003312e-15,8.405717725916812e-16,,,,,1e-05,,,boxeig,29999999.999935064,True,,nan,0,0,,nan,0,0,0,0,False,1843.0,SE,0.1,1.5,1.0,,21904,20000,btab_boxeig_topk_256_q32,35,1844,1843,1000,30000000,cufinufft,binned_c1,50,1843,9.788914363144144e-08,pcg,converged,1843,,True,0.1,0,4198.967242460273,0.0003326319422091504,0.020007454299096446,0,0.1,boxeig,ok,,0.0006277848004315116,1.1576351719957074,0.0004110441801374225,0.7575544239932697,136999.55105890476,864,,2656596.354388313,0.0004534120000698749,4.4328470969889695e-05,0.08169737199750671,3.592982800071817e-05,0.06621867300532358,0.00023849209224440033,0.4395409260064298,0.07575061300008201,0.0,0.0,0.0009758720000263565,0.0,5.4030111772026756e-05,0.09957749599584531,0.07477474100005566,,0.013777384999912101,0.1472703150000143,0.07661901300002683,0.2745958430000428,3.10868068700006,0.0,3.2559510020000744,3.2697283869999865,1e-07,,,v7_btab_boxeig
1225,expanded_box,topk,256,,256,0,"[9, 9]","[19, 19]",361,topk,256,,256,80000,361,cheap,30,0.01,,cupy,8.666087097566181e-15,1.1089867756385712e-15,320,162,162,,162,64,361,864,370688,45107.57046919924,451075.70469199243,0.001,boxeig,20000,group_b,50,diag,0.001,50,auto,boxeig,1057,1058,7.910940174942951e-08,0,,,2,synthetic_true_func_2d_n30000000,False,NVIDIA L4,cheap,64,0,64,64,0,0,2,1225,,,,,,,8.666087097566181e-15,1.1089867756385712e-15,,,,,1e-05,,,boxeig,29999999.999935064,True,,nan,0,0,,nan,0,0,0,0,False,1057.0,SE,0.1,1.5,1.0,,21904,20000,btab_boxeig_topk_256_q64,35,1058,1057,1000,30000000,cufinufft,binned_c1,50,1057,7.910940174942951e-08,pcg,converged,1057,,True,0.1,0,4198.967242460273,0.00033665433106260087,0.020007519094289595,0,0.1,boxeig,ok,,0.0006377500359185811,0.6747395380018588,0.00041976811542196116,0.4436948980010129,136999.55105890476,864,,451075.70469199243,0.0004658359998757078,4.480622421793796e-05,0.047360178998360425,3.6496956478019486e-05,0.03857728299726659,0.0002444358703863471,0.2583687149983689,0.1318533539999862,0.0,0.0,0.00096415000007255,0.0,5.533731409388665e-05,0.05849154099723819,0.13088920399991366,,0.026029908999817053,0.14789989700011574,0.13276176699991993,0.2743160610000359,1.9061143889998675,0.0,2.0540142859999833,2.0800441949998003,1e-07,,,v7_btab_boxeig
1225,expanded_box,topk,256,,256,0,"[9, 9]","[19, 19]",361,topk,256,,256,80000,361,cheap,30,0.01,,cupy,2.2312688304665827e-13,3.048352241382472e-15,640,290,290,,290,128,361,864,741376,2119.8531931925054,21198.531931925052,0.001,boxeig,20000,group_b,50,diag,0.001,50,auto,boxeig,326,327,7.199686019290947e-08,0,,,2,synthetic_true_func_2d_n30000000,False,NVIDIA L4,cheap,128,0,128,128,0,0,2,1225,,,,,,,2.2312688304665827e-13,3.048352241382472e-15,,,,,1e-05,,,boxeig,29999999.999935064,True,,nan,0,0,,nan,0,0,0,0,False,326.0,SE,0.1,1.5,1.0,,21904,20000,btab_boxeig_topk_256_q128,35,327,326,1000,30000000,cufinufft,binned_c1,50,326,7.199686019290947e-08,pcg,converged,326,,True,0.1,0,4198.967242460273,0.00033773283777586174,0.0200075248925916,0,0.1,boxeig,ok,,0.0006471982599380566,0.21163383099974453,0.00042308696012216746,0.1379263489998266,136999.55105890476,864,,21198.531931925052,0.0004736839998713549,4.546915031132143e-05,0.014822943001490785,3.6918957050951064e-05,0.012035579998610046,0.0002459887177862299,0.08019232199831094,0.23603288200024508,0.0,0.0,0.0009723580001264054,0.0,5.511480674576999e-05,0.017967426999121017,0.23506052400011868,,0.05085017300007166,0.1475500420001481,0.23694394800008922,0.2741917299999841,0.7906368779999866,0.0,0.9381869200001347,0.9890370930002064,1e-07,,,v7_btab_boxeig
1225,expanded_box,topk,512,,512,0,"[12, 12]","[25, 25]",625,topk,512,,512,80000,625,cheap,30,0.01,,cupy,8.738712517939237e-15,1.1904291058267218e-15,320,162,162,,162,64,625,600,641024,45116.221621243174,451162.2162124317,0.001,boxeig,20000,group_b,50,diag,0.001,50,auto,boxeig,812,813,8.424721993264753e-08,0,,,2,synthetic_true_func_2d_n30000000,False,NVIDIA L4,cheap,64,0,64,64,0,0,2,1225,,,,,,,8.738712517939237e-15,1.1904291058267218e-15,,,,,1e-05,,,boxeig,29999999.999935064,True,,nan,0,0,,nan,0,0,0,0,False,812.0,SE,0.1,1.5,1.0,,38416,20000,btab_boxeig_topk_512_q64,35,813,812,1000,30000000,cufinufft,binned_c1,50,812,8.424721993264753e-08,pcg,converged,812,,True,0.1,0,24.879402061028987,0.00033842715251362947,0.020007496459948076,0,0.1,boxeig,ok,,0.0006339281033222075,0.5153835480009548,0.0004156614125639831,0.3375170670019543,745.1292161467543,600,,451162.2162124317,0.0005120870000610012,4.42699187131219e-05,0.03594717399505498,3.638638177225685e-05,0.02954574199907256,0.00024193818718749933,0.19645380799624945,0.12502961999985018,0.0,0.0,0.0009801069998047751,0.0,5.475793595894797e-05,0.04446344399866575,0.12404951300004541,,0.025892140999985713,0.14759208999998918,0.12597183900015807,0.2742727720001312,1.4771843429998626,0.0,1.6247764329998517,1.6506685739998375,1e-07,,,v7_btab_boxeig
1225,expanded_box,topk,512,,512,0,"[12, 12]","[25, 25]",625,topk,512,,512,80000,625,cheap,30,0.01,,cupy,3.9892859393519323e-13,3.008271796614702e-15,640,290,290,,290,128,625,600,1282048,2125.8033845171426,21258.033845171423,0.001,boxeig,20000,group_b,50,diag,0.001,50,auto,boxeig,263,264,9.415582062616626e-08,0,,,2,synthetic_true_func_2d_n30000000,False,NVIDIA L4,cheap,128,0,128,128,0,0,2,1225,,,,,,,3.9892859393519323e-13,3.008271796614702e-15,,,,,1e-05,,,boxeig,29999999.999935064,True,,nan,0,0,,nan,0,0,0,0,False,263.0,SE,0.1,1.5,1.0,,38416,20000,btab_boxeig_topk_512_q128,35,264,263,1000,30000000,cufinufft,binned_c1,50,263,9.415582062616626e-08,pcg,converged,263,,True,0.1,0,24.879402061028987,0.00033843439977980234,0.02000752731352865,0,0.1,boxeig,ok,,0.0006532307083366986,0.17245290700088844,0.00042708776045193974,0.11232408099886015,745.1292161467543,600,,21258.033845171423,0.0005028560001392179,4.5304768055677915e-05,0.01191515399864329,3.7178863120047746e-05,0.009778041000572557,0.0002487684980989984,0.06542611500003659,0.23359281499983808,0.0,0.0,0.0009744439998939924,0.0,5.5974532315061736e-05,0.014721301998861236,0.2326183709999441,,0.05067310699996597,0.14764301500008514,0.23452723199989123,0.2741181440001128,0.6865626019998672,0.0,0.8342056169999523,0.8848787239999183,1e-07,,,v7_btab_boxeig
1225,expanded_box,topk,512,,512,0,"[12, 12]","[25, 25]",625,topk,512,,512,80000,625,cheap,30,0.01,,cupy,2.562611781848086e-11,6.642152189394727e-14,1280,546,546,,546,256,625,600,2564096,5.639102739430521,56.391027394305205,0.001,boxeig,20000,group_b,50,diag,0.001,50,auto,boxeig,39,40,7.965579662588192e-08,0,,,2,synthetic_true_func_2d_n30000000,False,NVIDIA L4,cheap,256,0,256,256,0,0,2,1225,,,,,,,2.562611781848086e-11,6.642152189394727e-14,,,,,1e-05,,,boxeig,29999999.999935064,True,,nan,0,0,,nan,0,0,0,0,False,39.0,SE,0.1,1.5,1.0,,38416,20000,btab_boxeig_topk_512_q256,35,40,39,1000,30000000,cufinufft,binned_c1,50,39,7.965579662588192e-08,pcg,converged,39,,True,0.1,0,24.879402061028987,0.00033849076450578555,0.020007529961063215,0,0.1,boxeig,ok,,0.0007567037249998521,0.030268148999994082,0.0004886853076956099,0.019058727000128783,745.1292161467543,600,,56.391027394305205,0.0005168239999875368,5.1499487187520106e-05,0.002008480000313284,4.211471792960089e-05,0.0016424739992544346,0.00028467443587196147,0.011102302999006497,0.46496345800005656,0.0,0.0,0.0009802270001273428,0.0,6.405807691104808e-05,0.0024982649995308748,0.4639832309999292,,0.10146085599990329,0.14811770799997248,0.465939126999956,0.2749941089998629,0.5440397820000271,0.0,0.6921574899999996,0.7936183459999029,1e-07,,,v7_btab_boxeig
1225,,,,,,,,,,,,,,,,,,,,,,,,,,,,,,,,,,,,,group_b,,,,,,,1430,1431,9.760658373850953e-08,,,,2,synthetic_true_func_2d_n10000000,False,NVIDIA L4,,,,,,,,2,1225,,,,,,,,,0,0,,,1e-05,,,,,True,,,,,,,,,,,False,1430.0,SE,0.1,1.5,1.0,,,20000,plain_cg,35,1431,,1000,10000000,cufinufft,cufinufft,,,,,,,,True,0.1,0,,0.00013703296725925044,0.02000504244528446,0,,,ok,,0.0006278799252268047,0.8984961729995575,,,,,,,,,,,,,,,,,,,,,,,,0.2572529049998593,,0.09274977800009765,1.5275264490001064,,1.7847798749999129,,1e-07,,,v1
1225,,,,,,,,,,,,,,,,,,,,,,,,,,,,,,,,,,,,,group_b,,,,,,,239,240,7.778341444983435e-08,,,nan,2,synthetic_true_func_2d_n10000000,False,NVIDIA L4,,,,,,,,2,1225,98,3,nan,,1304.1282180583457,0.0007797741694882035,,,5,482,0.0005712284863737114,0.2753321304321289,1e-05,,,,,True,[],,,,,,,,,,False,239.0,SE,0.1,1.5,1.0,nan,,20000,eigenpro_pcg_q90,35,240,239,1000,10000000,cufinufft,binned_c1,,,,,,,full_eigenpro,True,0.1,0,,0.00035308047814718724,0.020008143317485023,0,,,ok,,0.0006355229666553441,0.1525255119972826,0.0001568847531399271,0.03749545600044257,,,[],,,,,,,,,,,,,,,,,0.2978811770001357,,0.059022836999929496,0.00030297299986159487,0.0925987340001484,0.33877151499996216,,0.695978501999889,,1e-07,90,,v3
1225,,,,,,,,,,,,,,,,,,,,,,,,,,,,,,,,,,,,,group_b,,,,,,,31,32,9.372029776565884e-08,,,nan,2,synthetic_true_func_2d_n10000000,False,NVIDIA L4,,,,,,,,2,1225,188,3,nan,,22.25871451670091,1.3308553279259015e-05,,,5,932,0.0005680947610748684,0.5294643173217773,1e-05,,,,,True,[],,,,,,,,,,False,31.0,SE,0.1,1.5,1.0,nan,,20000,eigenpro_pcg_q180,35,32,31,1000,10000000,cufinufft,binned_c1,,,,,,,full_eigenpro,True,0.1,0,,0.00035492427148125664,0.020008158561712796,0,,,ok,,0.0006340999062715014,0.020291197000688044,0.00014852503226569342,0.004604276000236496,,,[],,,,,,,,,,,,,,,,,0.5700371200000518,,0.058532469999818204,0.00030202800007828046,0.09238561100005427,0.044699507999894195,,0.6735711259998425,,1e-07,180,,v3
1225,expanded_box,topk,64,,64,0,"[4, 4]","[9, 9]",81,topk,64,,64,80000,81,cheap,30,0.01,,,,,,,,,,,,,,,,,chol_solve,20000,group_b,50,diag,0.001,50,auto,auto,952,953,9.706654610950216e-08,104976,,,2,synthetic_true_func_2d_n10000000,False,NVIDIA L4,cheap,0,0,0,0,0,0,2,1225,,,,,,,,,,,,,1e-05,,,chol_solve,9999999.99997839,True,,nan,0,50,diag,0.001,0,0,0,0,False,952.0,SE,0.1,1.5,1.0,,0,20000,btab_auto_topk_64,35,953,952,1000,10000000,cufinufft,binned_c1,50,952,9.706654610950216e-08,pcg,converged,952,,True,0.1,0,368979.47572778986,0.0003538332751136193,0.020008167506669925,0,0.1,exact,ok,,0.0006263991605427283,0.5969583999972201,0.0003842029443343345,0.36576120300628645,15513930.7765259,1144,,,0.00043895699991480797,4.457753676383962e-05,0.042437814999175316,3.758676155149535e-05,0.035782596997023575,0.00020847372583420446,0.19846698699416265,0.001476822000086031,0.000786197000024913,-0.001476822000086031,0.0,0.0004750610000883171,5.38560630284318e-05,0.05127097200306707,,,0.00011602000017774117,0.05876195500013637,0.0027467120000892464,0.09251828799983741,1.5400894199999584,0.00021556399997280096,1.5988513750000948,1.5989673950002725,1e-07,,,v6_btab
1225,expanded_box,topk,128,,128,0,"[6, 6]","[13, 13]",169,topk,128,,128,80000,169,cheap,30,0.01,,,,,,,,,,,,,,,,,chol_solve,20000,group_b,50,diag,0.001,50,auto,auto,625,626,9.307377471455116e-08,456976,,,2,synthetic_true_func_2d_n10000000,False,NVIDIA L4,cheap,0,0,0,0,0,0,2,1225,,,,,,,,,,,,,1e-05,,,chol_solve,9999999.99997839,True,,nan,0,50,diag,0.001,0,0,0,0,False,625.0,SE,0.1,1.5,1.0,,0,20000,btab_auto_topk_128,35,626,625,1000,10000000,cufinufft,binned_c1,50,625,9.307377471455116e-08,pcg,converged,625,,True,0.1,0,61985.223253621865,0.00035518651936698525,0.020008176421583118,0,0.1,exact,ok,,0.0006221483434549296,0.38946486300278593,0.00040091837760191995,0.25057398600119996,2322027.011071484,1056,,,0.00045666999994864454,4.412584000419884e-05,0.027578650002624272,3.7740742394453266e-05,0.02358796399653329,0.00022603501440535183,0.1412718840033449,0.0025227319999885367,0.0013772110000900284,-0.0025227319999885367,0.0,0.000910371999907511,5.323048959835433e-05,0.03326905599897145,,,0.00012348700010988978,0.059087214000101085,0.0038420039998072752,0.09279044899994915,1.019393114999957,0.00023514899999099725,1.0784803290000582,1.078603816000168,1e-07,,,v6_btab
1225,expanded_box,topk,256,,256,0,"[9, 9]","[19, 19]",361,topk,256,,256,80000,361,cheap,30,0.01,,,,,,,,,,,,,,,,,chol_solve,20000,group_b,50,diag,0.001,50,auto,auto,134,135,5.993162605104672e-08,2085136,,,2,synthetic_true_func_2d_n10000000,False,NVIDIA L4,cheap,0,0,0,0,0,0,2,1225,,,,,,,,,,,,,1e-05,,,chol_solve,9999999.99997839,True,,nan,0,50,diag,0.001,0,0,0,0,False,134.0,SE,0.1,1.5,1.0,,0,20000,btab_auto_topk_256,35,135,134,1000,10000000,cufinufft,binned_c1,50,134,5.993162605104672e-08,pcg,converged,134,,True,0.1,0,1399.6544697638838,0.0003546676091291001,0.02000816517332364,0,0.1,exact,ok,,0.000625591214803636,0.08445481399849086,0.00044943403732155114,0.06022416100108785,45666.469570871195,864,,,0.000475958999913928,4.450637313189574e-05,0.005963853999674029,3.8275477609475734e-05,0.005128913999669749,0.00027257747761051356,0.036525381999808815,0.005571183000029123,0.0033565149999503774,-0.005571183000029123,0.0,0.001991072000009808,5.4001201494511e-05,0.007236161000264474,,,0.00010970099992846372,0.05918212799997491,0.006932755999969231,0.09254521000002569,0.23304447200007417,0.00022359600006893743,0.2922266000000491,0.29233630099997754,1e-07,,,v6_btab
1225,expanded_box,topk,512,,512,0,"[12, 12]","[25, 25]",625,topk,512,,512,80000,625,cheap,30,0.01,,,,,,,,,,,,,,,,,chol_solve,20000,group_b,50,diag,0.001,50,auto,auto,24,25,8.32928723635035e-08,6250000,,,2,synthetic_true_func_2d_n10000000,False,NVIDIA L4,cheap,0,0,0,0,0,0,2,1225,,,,,,,,,,,,,1e-05,,,chol_solve,9999999.99997839,True,,nan,0,50,diag,0.001,0,0,0,0,False,24.0,SE,0.1,1.5,1.0,,0,20000,btab_auto_topk_512,35,25,24,1000,10000000,cufinufft,binned_c1,50,24,8.32928723635035e-08,pcg,converged,24,,True,0.1,0,8.29312041385632,0.00035469638036668237,0.020008164236862375,0,0.1,exact,ok,,0.0006357290399864724,0.01589322599966181,0.0005569328749951789,0.013366388999884293,248.37596966546403,600,,,0.0004909230001430842,4.422879163712423e-05,0.0010614909992909816,3.960991666455508e-05,0.000950637999949322,0.0003797012916872215,0.009112831000493316,0.015189804999863554,0.008782868000025701,-0.015189804999863554,0.0,0.006168892000005144,5.434749999722044e-05,0.0013043399999332905,,,9.906600007525412e-05,0.058445166999945286,0.016534814000124243,0.09231865300012032,0.060898257999951966,0.00023804499983270944,0.11934342499989725,0.1194424909999725,1e-07,,,v6_btab
1225,expanded_box,topk,1024,,1024,0,"[17, 17]","[35, 35]",1225,topk,1024,,1024,80000,1225,cheap,30,0.01,,,,,,,,,,,,,,,,,chol_solve,20000,group_b,50,diag,0.001,50,auto,auto,4,5,4.337168354243537e-09,24010000,,,2,synthetic_true_func_2d_n10000000,False,NVIDIA L4,cheap,0,0,0,0,0,0,2,1225,,,,,,,,,,,,,1e-05,,,chol_solve,9999999.99997839,True,,nan,0,50,diag,0.001,0,0,0,0,False,4.0,SE,0.1,1.5,1.0,,0,20000,btab_auto_topk_1024,35,5,4,1000,10000000,cufinufft,binned_c1,50,4,4.337168354243537e-09,pcg,converged,4,,True,0.1,0,0.0,0.00035473258613753084,0.02000816511948218,0,0.1,exact,ok,,0.0006999612000072375,0.0034998060000361875,0.0008320332499351935,0.003328132999740774,0.0,0,,,0.0005385219999425317,1.6389999927923782e-05,6.555999971169513e-05,3.53207500438657e-05,0.0001412830001754628,0.0006826092499636616,0.0027304369998546463,0.05437001599989344,0.03462227099998927,-0.05437001599989344,0.0,0.018202675000111412,5.794424998839531e-05,0.00023177699995358125,,,3.3166999855893664e-05,0.05835294200005592,0.055697600000030434,0.09220280700014882,0.06552306799994767,0.0015450699997927586,0.12387601000000359,0.12390917699985948,1e-07,,,v6_btab
1225,expanded_box,topk,64,,64,0,"[4, 4]","[9, 9]",81,topk,64,,64,80000,81,cheap,30,0.01,,cupy,8.720729432956946e-16,6.42713713237514e-16,80,66,66,,66,16,81,1144,20992,224757.98534004542,2247579.853400454,0.001,boxeig,20000,group_b,50,diag,0.001,50,auto,boxeig,2015,2016,7.775755843768793e-08,0,,,2,synthetic_true_func_2d_n10000000,False,NVIDIA L4,cheap,16,0,16,16,0,0,2,1225,,,,,,,8.720729432956946e-16,6.42713713237514e-16,,,,,1e-05,,,boxeig,9999999.99997839,True,,nan,0,0,,nan,0,0,0,0,False,2015.0,SE,0.1,1.5,1.0,,4624,20000,btab_boxeig_topk_64_q16,35,2016,2015,1000,10000000,cufinufft,binned_c1,50,2015,7.775755843768793e-08,pcg,converged,2015,,True,0.1,0,368979.47572778986,0.0003541590201767203,0.020008144808724503,0,0.1,boxeig,ok,,0.0006261096498002462,1.2622370539972962,0.0003998290625304999,0.8056555609989573,15513930.7765259,1144,,2247579.853400454,0.0004350109998085827,4.3505723075127854e-05,0.08766403199638262,3.567729826303657e-05,0.07188975600001868,0.00022780608734469538,0.4590292659995612,0.05037944600007904,0.0,0.0,0.0009693790000255831,0.0,5.4475033250814106e-05,0.10976719200039042,0.04941006700005346,,0.007203157000049032,0.058586646999856384,0.05115298400005486,0.0921866390001469,3.345429964999994,0.0,3.4040166119998503,3.4112197689998993,1e-07,,,v7_btab_boxeig
1225,expanded_box,topk,64,,64,0,"[4, 4]","[9, 9]",81,topk,64,,64,80000,81,cheap,30,0.01,,cupy,3.1830717555030388e-15,8.905403319926234e-16,160,80,80,,80,32,81,1144,41984,65712.98587446955,657129.8587446954,0.001,boxeig,20000,group_b,50,diag,0.001,50,auto,boxeig,1229,1230,8.105345506990346e-08,0,,,2,synthetic_true_func_2d_n10000000,False,NVIDIA L4,cheap,32,0,32,32,0,0,2,1225,,,,,,,3.1830717555030388e-15,8.905403319926234e-16,,,,,1e-05,,,boxeig,9999999.99997839,True,,nan,0,0,,nan,0,0,0,0,False,1229.0,SE,0.1,1.5,1.0,,4624,20000,btab_boxeig_topk_64_q32,35,1230,1229,1000,10000000,cufinufft,binned_c1,50,1229,8.105345506990346e-08,pcg,converged,1229,,True,0.1,0,368979.47572778986,0.00035397358981000313,0.02000813141444712,0,0.1,boxeig,ok,,0.0006422747382117908,0.7899979280005027,0.00040829996012847286,0.5018006509978932,15513930.7765259,1144,,657129.8587446954,0.0004310280000936473,4.483003092003703e-05,0.05509610800072551,3.646772091071488e-05,0.04481882899926859,0.0002322243856769298,0.2854037699969467,0.061616644999958226,0.0,0.0,0.0009693810000044323,0.0,5.5590117170013446e-05,0.06832025400194652,0.06064726399995379,,0.01337402000012844,0.05858495000006769,0.06245845199987343,0.09211873100002776,2.1160532829999283,0.0,2.174638232999996,2.1880122530001245,1e-07,,,v7_btab_boxeig
1225,expanded_box,topk,128,,128,0,"[6, 6]","[13, 13]",169,topk,128,,128,80000,169,cheap,30,0.01,,cupy,9.371397065236297e-16,7.014561303320588e-16,80,66,66,,66,16,169,1056,43520,226467.71176574868,2264677.117657487,0.001,boxeig,20000,group_b,50,diag,0.001,50,auto,boxeig,1983,1984,9.860802448125919e-08,0,,,2,synthetic_true_func_2d_n10000000,False,NVIDIA L4,cheap,16,0,16,16,0,0,2,1225,,,,,,,9.371397065236297e-16,7.014561303320588e-16,,,,,1e-05,,,boxeig,9999999.99997839,True,,nan,0,0,,nan,0,0,0,0,False,1983.0,SE,0.1,1.5,1.0,,10000,20000,btab_boxeig_topk_128_q16,35,1984,1983,1000,10000000,cufinufft,binned_c1,50,1983,9.860802448125919e-08,pcg,converged,1983,,True,0.1,0,61985.223253621865,0.000352539200507768,0.020008125406327154,0,0.1,boxeig,ok,,0.0006234559128008568,1.2369365309968998,0.0003949573313159928,0.7832003879996137,2322027.011071484,1056,,2264677.117657487,0.00041826999995464575,4.3696193142016584e-05,0.08664955100061889,3.5433361569386964e-05,0.07026435599209435,0.00022399146242769376,0.4441750699941167,0.050047892000065985,0.0,0.0,0.0009331720000318455,0.0,5.3744061524040744e-05,0.10657447400217279,0.04911472000003414,,0.007171664999987115,0.058163441000033345,0.050809178000008615,0.09230310399993868,3.2660542319999877,0.0,3.324217673000021,3.331389338000008,1e-07,,,v7_btab_boxeig
1225,expanded_box,topk,128,,128,0,"[6, 6]","[13, 13]",169,topk,128,,128,80000,169,cheap,30,0.01,,cupy,2.09720467882004e-15,8.334527505369701e-16,160,98,98,,98,32,169,1056,87040,88464.42311756598,884644.2311756598,0.001,boxeig,20000,group_b,50,diag,0.001,50,auto,boxeig,1315,1316,8.241644534857707e-08,0,,,2,synthetic_true_func_2d_n10000000,False,NVIDIA L4,cheap,32,0,32,32,0,0,2,1225,,,,,,,2.09720467882004e-15,8.334527505369701e-16,,,,,1e-05,,,boxeig,9999999.99997839,True,,nan,0,0,,nan,0,0,0,0,False,1315.0,SE,0.1,1.5,1.0,,10000,20000,btab_boxeig_topk_128_q32,35,1316,1315,1000,10000000,cufinufft,binned_c1,50,1315,8.241644534857707e-08,pcg,converged,1315,,True,0.1,0,61985.223253621865,0.0003532102443378658,0.020008128857587546,0,0.1,boxeig,ok,,0.000620392018994038,0.816435896996154,0.000393855828901093,0.5179204150049372,2322027.011071484,1056,,884644.2311756598,0.000471451000066736,4.33565201526277e-05,0.057013824000705426,3.537418250615988e-05,0.046517049995600246,0.00022363493916731828,0.29407994500502355,0.07482501299978139,0.0,0.0,0.0010672979999526433,0.0,5.359013688292373e-05,0.07047103000104471,0.07375771499982875,,0.013318595000100686,0.05875135299993417,0.07566392500007169,0.09201802300003692,2.198798631000045,0.0,2.2575499839999793,2.27086857900008,1e-07,,,v7_btab_boxeig
1225,expanded_box,topk,128,,128,0,"[6, 6]","[13, 13]",169,topk,128,,128,80000,169,cheap,30,0.01,,cupy,9.447539784121168e-15,1.3327361473025571e-15,320,162,162,,162,64,169,1056,174080,13870.05553940299,138700.55539402989,0.001,boxeig,20000,group_b,50,diag,0.001,50,auto,boxeig,603,604,7.604818079824107e-08,0,,,2,synthetic_true_func_2d_n10000000,False,NVIDIA L4,cheap,64,0,64,64,0,0,2,1225,,,,,,,9.447539784121168e-15,1.3327361473025571e-15,,,,,1e-05,,,boxeig,9999999.99997839,True,,nan,0,0,,nan,0,0,0,0,False,603.0,SE,0.1,1.5,1.0,,10000,20000,btab_boxeig_topk_128_q64,35,604,603,1000,10000000,cufinufft,binned_c1,50,603,7.604818079824107e-08,pcg,converged,603,,True,0.1,0,61985.223253621865,0.0003547252696287713,0.02000815742375743,0,0.1,boxeig,ok,,0.0006331333162196589,0.38241252299667394,0.00040126260696305994,0.24196135199872515,2322027.011071484,1056,,138700.55539402989,0.0004107700001441117,4.402385074757557e-05,0.02654638200078807,3.5794892200528304e-05,0.021584319996918566,0.000228606398008148,0.13784965799891324,0.1276720270000169,0.0,0.0,0.0009266019999358832,0.0,5.429250580421996e-05,0.03273838099994464,0.126745425000081,,0.025789369999984046,0.058188825999877736,0.12844424900004014,0.0921039589998145,1.12041906200011,0.0,1.1786078879999877,1.2043972579999718,1e-07,,,v7_btab_boxeig
1225,expanded_box,topk,256,,256,0,"[9, 9]","[19, 19]",361,topk,256,,256,80000,361,cheap,30,0.01,,cupy,2.7043273223152535e-15,9.995539336159545e-16,160,98,98,,98,32,361,864,185344,88559.63303812673,885596.3303812672,0.001,boxeig,20000,group_b,50,diag,0.001,50,auto,boxeig,1482,1483,9.641907390729796e-08,0,,,2,synthetic_true_func_2d_n10000000,False,NVIDIA L4,cheap,32,0,32,32,0,0,2,1225,,,,,,,2.7043273223152535e-15,9.995539336159545e-16,,,,,1e-05,,,boxeig,9999999.99997839,True,,nan,0,0,,nan,0,0,0,0,False,1482.0,SE,0.1,1.5,1.0,,21904,20000,btab_boxeig_topk_256_q32,35,1483,1482,1000,10000000,cufinufft,binned_c1,50,1482,9.641907390729796e-08,pcg,converged,1482,,True,0.1,0,1399.6544697638838,0.00035197742437577536,0.02000814080155182,0,0.1,boxeig,ok,,0.0006269177889373692,0.9297190809941185,0.0004117046120111044,0.6101462350004567,45666.469570871195,864,,885596.3303812672,0.0005077250000340428,4.37924493970515e-05,0.06490041000643032,3.5879917678933386e-05,0.05317403800017928,0.00023964524089404543,0.35515424700497533,0.07541390400001546,0.0,0.0,0.0009807489998365782,0.0,5.398202834163758e-05,0.0800013660023069,0.07443315500017889,,0.013626493999936429,0.05849001799992948,0.07629804499993043,0.09245471300005192,2.5160502620001353,0.0,2.5745402800000647,2.588166774000001,1e-07,,,v7_btab_boxeig
1225,expanded_box,topk,256,,256,0,"[9, 9]","[19, 19]",361,topk,256,,256,80000,361,cheap,30,0.01,,cupy,8.146396954498224e-15,1.3348708860481178e-15,320,162,162,,162,64,361,864,370688,15045.77552576946,150457.7552576946,0.001,boxeig,20000,group_b,50,diag,0.001,50,auto,boxeig,707,708,9.947288194064063e-08,0,,,2,synthetic_true_func_2d_n10000000,False,NVIDIA L4,cheap,64,0,64,64,0,0,2,1225,,,,,,,8.146396954498224e-15,1.3348708860481178e-15,,,,,1e-05,,,boxeig,9999999.99997839,True,,nan,0,0,,nan,0,0,0,0,False,707.0,SE,0.1,1.5,1.0,,21904,20000,btab_boxeig_topk_256_q64,35,708,707,1000,10000000,cufinufft,binned_c1,50,707,9.947288194064063e-08,pcg,converged,707,,True,0.1,0,1399.6544697638838,0.00035173960229028145,0.020008141050352105,0,0.1,boxeig,ok,,0.0006349352881342496,0.44953418399904876,0.00041666686562987165,0.29458347400031926,45666.469570871195,864,,150457.7552576946,0.00043468300009408267,4.4685318249010115e-05,0.03159252000205015,3.6425714291975554e-05,0.025752980004426718,0.00024188166195625877,0.17101033500307494,0.12481323199995131,0.0,0.0,0.0009595399999398069,0.0,5.467386280159645e-05,0.03865442100072869,0.1238536920000115,,0.025783326000009765,0.058394092000071396,0.12566960900016966,0.09209816399993542,1.3048944580000352,0.0,1.3632885500001066,1.3890718760001164,1e-07,,,v7_btab_boxeig
1225,expanded_box,topk,256,,256,0,"[9, 9]","[19, 19]",361,topk,256,,256,80000,361,cheap,30,0.01,,cupy,1.9204077348269032e-13,3.049063102634354e-15,640,290,290,,290,128,361,864,741376,706.3570332232307,7063.570332232307,0.001,boxeig,20000,group_b,50,diag,0.001,50,auto,boxeig,247,248,8.763106258993494e-08,0,,,2,synthetic_true_func_2d_n10000000,False,NVIDIA L4,cheap,128,0,128,128,0,0,2,1225,,,,,,,1.9204077348269032e-13,3.049063102634354e-15,,,,,1e-05,,,boxeig,9999999.99997839,True,,nan,0,0,,nan,0,0,0,0,False,247.0,SE,0.1,1.5,1.0,,21904,20000,btab_boxeig_topk_256_q128,35,248,247,1000,10000000,cufinufft,binned_c1,50,247,8.763106258993494e-08,pcg,converged,247,,True,0.1,0,1399.6544697638838,0.00035447766391733524,0.020008165875809003,0,0.1,boxeig,ok,,0.0006533750887126277,0.16203702200073167,0.0004270584939311573,0.10548344800099585,45666.469570871195,864,,7063.570332232307,0.0004380469999887282,4.596147774235749e-05,0.0113524850023623,3.699072064650661e-05,0.009136707999687133,0.0002476160769216177,0.06116117099963958,0.23572210200018162,0.0,0.0,0.0009683810001206439,0.0,5.560591902715011e-05,0.013734661999706077,0.23475372100006098,,0.05012340099983703,0.05863204700017377,0.23660063699981038,0.09203079400003844,0.6601396149999346,0.0,0.7187716620001083,0.7688950629999454,1e-07,,,v7_btab_boxeig
1225,expanded_box,topk,512,,512,0,"[12, 12]","[25, 25]",625,topk,512,,512,80000,625,cheap,30,0.01,,cupy,7.516306268357364e-15,1.1380465347048022e-15,320,162,162,,162,64,625,600,641024,15048.650846420167,150486.50846420167,0.001,boxeig,20000,group_b,50,diag,0.001,50,auto,boxeig,611,612,9.867760751577822e-08,0,,,2,synthetic_true_func_2d_n10000000,False,NVIDIA L4,cheap,64,0,64,64,0,0,2,1225,,,,,,,7.516306268357364e-15,1.1380465347048022e-15,,,,,1e-05,,,boxeig,9999999.99997839,True,,nan,0,0,,nan,0,0,0,0,False,611.0,SE,0.1,1.5,1.0,,38416,20000,btab_boxeig_topk_512_q64,35,612,611,1000,10000000,cufinufft,binned_c1,50,611,9.867760751577822e-08,pcg,converged,611,,True,0.1,0,8.29312041385632,0.0003545699079363507,0.02000814945100815,0,0.1,boxeig,ok,,0.0006414731960816116,0.3925815960019463,0.00041822219476069937,0.25553376099878733,248.37596966546403,600,,150486.50846420167,0.0004767279999668972,4.39224026218823e-05,0.026836588001970085,3.6552296233984085e-05,0.022333452998964276,0.00024392901963461724,0.14904063099675113,0.12453584599984424,0.0,0.0,0.0009484029999384802,0.0,5.520493126192428e-05,0.033730213001035736,0.12358744299990576,,0.025645359999998618,0.05868294200013224,0.1254393199999413,0.09209926700009419,1.153547455999842,0.0,1.2122303979999742,1.2378757579999728,1e-07,,,v7_btab_boxeig
1225,expanded_box,topk,512,,512,0,"[12, 12]","[25, 25]",625,topk,512,,512,80000,625,cheap,30,0.01,,cupy,3.0435612705508354e-13,3.5446014685818054e-15,640,290,290,,290,128,625,600,1282048,708.349020275798,7083.49020275798,0.001,boxeig,20000,group_b,50,diag,0.001,50,auto,boxeig,182,183,9.09227616095215e-08,0,,,2,synthetic_true_func_2d_n10000000,False,NVIDIA L4,cheap,128,0,128,128,0,0,2,1225,,,,,,,3.0435612705508354e-13,3.5446014685818054e-15,,,,,1e-05,,,boxeig,9999999.99997839,True,,nan,0,0,,nan,0,0,0,0,False,182.0,SE,0.1,1.5,1.0,,38416,20000,btab_boxeig_topk_512_q128,35,183,182,1000,10000000,cufinufft,binned_c1,50,182,9.09227616095215e-08,pcg,converged,182,,True,0.1,0,8.29312041385632,0.0003551381854082699,0.02000815714588959,0,0.1,boxeig,ok,,0.0006639685901714844,0.12150625200138165,0.0004337548241762436,0.07894337800007634,248.37596966546403,600,,7083.49020275798,0.00044283400006861484,4.564973625002784e-05,0.008308251997505067,3.7773175818274265e-05,0.006874717998925917,0.0002528652582483758,0.0460214770012044,0.23367574500002775,0.0,0.0,0.0009324679999735963,0.0,5.700637362993942e-05,0.010375160000648975,0.23274327700005415,,0.05019301099991935,0.058330116999968595,0.23454782399994656,0.09230540600015047,0.5522587289999592,0.0,0.6105888459999278,0.6607818569998472,1e-07,,,v7_btab_boxeig
1225,expanded_box,topk,512,,512,0,"[12, 12]","[25, 25]",625,topk,512,,512,80000,625,cheap,30,0.01,,cupy,1.6585106047231693e-11,5.588630707453626e-14,1280,546,546,,546,256,625,600,2564096,1.9456485631991831,19.45648563199183,0.001,boxeig,20000,group_b,50,diag,0.001,50,auto,boxeig,24,25,8.368791556546808e-08,0,,,2,synthetic_true_func_2d_n10000000,False,NVIDIA L4,cheap,256,0,256,256,0,0,2,1225,,,,,,,1.6585106047231693e-11,5.588630707453626e-14,,,,,1e-05,,,boxeig,9999999.99997839,True,,nan,0,0,,nan,0,0,0,0,False,24.0,SE,0.1,1.5,1.0,,38416,20000,btab_boxeig_topk_512_q256,35,25,24,1000,10000000,cufinufft,binned_c1,50,24,8.368791556546808e-08,pcg,converged,24,,True,0.1,0,8.29312041385632,0.00035473674590253177,0.020008165593917816,0,0.1,boxeig,ok,,0.0007613890799984802,0.019034726999962004,0.0004890253333561153,0.011736608000546767,248.37596966546403,600,,19.45648563199183,0.00044520000005832117,5.181137500661256e-05,0.0012434730001587013,4.1113541679275535e-05,0.000986725000302613,0.0002849115833214455,0.006837877999714692,0.4617130320000342,0.0,0.0,0.0009291970000049332,0.0,6.45467916342568e-05,0.0015491229992221633,0.4607838350000293,,0.09919083099998716,0.05827663200011557,0.46260628499999257,0.09156099200004064,0.511528725999824,0.0,0.5698053579999396,0.6689961889999267,1e-07,,,v7_btab_boxeig
1225,,,,,,,,,,,,,,,,,,,,,,,,,,,,,,,,,,,,,group_b,,,,,,,1061,1062,9.375370165346818e-08,,,,2,synthetic_true_func_2d_n3000000,False,NVIDIA L4,,,,,,,,2,1225,,,,,,,,,0,0,,,1e-05,,,,,True,,,,,,,,,,,False,1061.0,SE,0.1,1.5,1.0,,,20000,plain_cg,35,1062,,1000,3000000,cufinufft,cufinufft,,,,,,,,True,0.1,0,,0.00022074913021946247,0.01999890054968688,0,,,ok,,0.0006233892937855717,0.6620394300002772,,,,,,,,,,,,,,,,,,,,,,,,0.0817395269998542,,0.029331826000088768,1.1251266079998459,,1.206866638999827,,1e-07,,,v1
1225,,,,,,,,,,,,,,,,,,,,,,,,,,,,,,,,,,,,,group_b,,,,,,,157,158,8.867913688004827e-08,,,nan,2,synthetic_true_func_2d_n3000000,False,NVIDIA L4,,,,,,,,2,1225,98,3,nan,,391.40226237271486,0.0007800810280867057,,,5,482,0.0005783560582710995,0.27876762008666994,1e-05,,,,,True,[],,,,,,,,,,False,157.0,SE,0.1,1.5,1.0,nan,,20000,eigenpro_pcg_q90,35,158,157,1000,3000000,cufinufft,binned_c1,,,,,,,full_eigenpro,True,0.1,0,,0.00034868895016437724,0.020001278646089415,0,,,ok,,0.0006383834367115808,0.10086458300042977,0.00015659114649731532,0.024584810000078505,,,[],,,,,,,,,,,,,,,,,0.3012538079999558,,0.028077706999965812,0.000284921000002214,0.02932425499989222,0.22434465000014825,,0.5539610860000721,,1e-07,90,,v3
1225,,,,,,,,,,,,,,,,,,,,,,,,,,,,,,,,,,,,,group_b,,,,,,,20,21,9.006275622676756e-08,,,nan,2,synthetic_true_func_2d_n3000000,False,NVIDIA L4,,,,,,,,2,1225,188,3,nan,,6.736228663831451,1.342503415941337e-05,,,5,932,0.0005713634327245883,0.5325107192993164,1e-05,,,,,True,[],,,,,,,,,,False,20.0,SE,0.1,1.5,1.0,nan,,20000,eigenpro_pcg_q180,35,21,20,1000,3000000,cufinufft,binned_c1,,,,,,,full_eigenpro,True,0.1,0,,0.00034946712229134107,0.02000129238395601,0,,,ok,,0.0006324357142862677,0.013281150000011621,0.0001522100000329374,0.0030442000006587477,,,[],,,,,,,,,,,,,,,,,0.5730007629999818,,0.02693550200001482,0.0003009980000570067,0.029468579999957,0.029198777999908998,,0.6294360409999626,,1e-07,180,,v3
1225,expanded_box,topk,64,,64,0,"[4, 4]","[9, 9]",81,topk,64,,64,80000,81,cheap,30,0.01,,,,,,,,,,,,,,,,,chol_solve,20000,group_b,50,diag,0.001,50,auto,auto,781,782,9.204639990918584e-08,104976,,,2,synthetic_true_func_2d_n3000000,False,NVIDIA L4,cheap,0,0,0,0,0,0,2,1225,,,,,,,,,,,,,1e-05,,,chol_solve,2999999.9999934905,True,,nan,0,50,diag,0.001,0,0,0,0,False,781.0,SE,0.1,1.5,1.0,,0,20000,btab_auto_topk_64,35,782,781,1000,3000000,cufinufft,binned_c1,50,781,9.204639990918584e-08,pcg,converged,781,,True,0.1,0,110693.75850009914,0.00034636213815470313,0.020001232445623757,0,0.1,exact,ok,,0.0006340367851676452,0.4958167660010986,0.00038856257618161334,0.30346737199784,4654171.721969675,1144,,,0.00039902499997879204,4.449560307285385e-05,0.034751065999898856,3.8238028166697045e-05,0.02986389999819039,0.000210699996158291,0.16455669699962527,0.0015058089998092328,0.0007893389999935607,-0.0015058089998092328,0.0,0.00046136599985402427,5.499385786801057e-05,0.04295020299491625,,,9.126300005846133e-05,0.027420106000136002,0.0027362850000827166,0.029418131000056746,1.2830598450000252,0.0002551039999616478,1.3104799510001612,1.3105712140002197,1e-07,,,v6_btab
1225,expanded_box,topk,128,,128,0,"[6, 6]","[13, 13]",169,topk,128,,128,80000,169,cheap,30,0.01,,,,,,,,,,,,,,,,,chol_solve,20000,group_b,50,diag,0.001,50,auto,auto,476,477,9.431207365884903e-08,456976,,,2,synthetic_true_func_2d_n3000000,False,NVIDIA L4,cheap,0,0,0,0,0,0,2,1225,,,,,,,,,,,,,1e-05,,,chol_solve,2999999.9999934905,True,,nan,0,50,diag,0.001,0,0,0,0,False,476.0,SE,0.1,1.5,1.0,,0,20000,btab_auto_topk_128,35,477,476,1000,3000000,cufinufft,binned_c1,50,476,9.431207365884903e-08,pcg,converged,476,,True,0.1,0,18595.523419591827,0.00034586257768631356,0.020001227294430164,0,0.1,exact,ok,,0.0006295488238921438,0.3002947889965526,0.0004036401638608513,0.1921327179977652,696605.8757319889,1056,,,0.0004197490000024118,4.397241386849593e-05,0.020930869001404062,3.8095581929446166e-05,0.018133496998416376,0.00022686225630526175,0.10798643400130459,0.002426190000051065,0.0012655670000185637,-0.002426190000051065,0.0,0.0009182430001146713,5.467650420801614e-05,0.026026016003015684,,,9.65429999268963e-05,0.027378600000020015,0.003711155000019062,0.029461177000030148,0.7862579529999039,0.00024237999991783,0.8136365529999239,0.8137330959998508,1e-07,,,v6_btab
1225,expanded_box,topk,256,,256,0,"[9, 9]","[19, 19]",361,topk,256,,256,80000,361,cheap,30,0.01,,,,,,,,,,,,,,,,,chol_solve,20000,group_b,50,diag,0.001,50,auto,auto,100,101,9.016961229352152e-08,2085136,,,2,synthetic_true_func_2d_n3000000,False,NVIDIA L4,cheap,0,0,0,0,0,0,2,1225,,,,,,,,,,,,,1e-05,,,chol_solve,2999999.9999934905,True,,nan,0,50,diag,0.001,0,0,0,0,False,100.0,SE,0.1,1.5,1.0,,0,20000,btab_auto_topk_256,35,101,100,1000,3000000,cufinufft,binned_c1,50,100,9.016961229352152e-08,pcg,converged,100,,True,0.1,0,419.8939462811797,0.0003458565573663882,0.02000122695374532,0,0.1,exact,ok,,0.0006263946039654352,0.06326585500050896,0.00044923402000904386,0.04492340200090439,13699.851945074246,864,,,0.0004548110000541783,4.363175999969826e-05,0.004363175999969826,3.8646140017135624e-05,0.003864614001713562,0.00027270450998912566,0.027270450998912565,0.006260382999926151,0.004027513999972143,-0.006260382999926151,0.0,0.0019899619999250717,5.455847000575886e-05,0.005455847000575886,,,8.742599993638578e-05,0.027283014999966326,0.007559698000022763,0.0292902740000045,0.17661444300006224,0.00024290700002893573,0.20389745800002856,0.20398488399996495,1e-07,,,v6_btab
1225,expanded_box,topk,512,,512,0,"[12, 12]","[25, 25]",625,topk,512,,512,80000,625,cheap,30,0.01,,,,,,,,,,,,,,,,,chol_solve,20000,group_b,50,diag,0.001,50,auto,auto,16,17,3.852690100409724e-08,6250000,,,2,synthetic_true_func_2d_n3000000,False,NVIDIA L4,cheap,0,0,0,0,0,0,2,1225,,,,,,,,,,,,,1e-05,,,chol_solve,2999999.9999934905,True,,nan,0,50,diag,0.001,0,0,0,0,False,16.0,SE,0.1,1.5,1.0,,0,20000,btab_auto_topk_512,35,17,16,1000,3000000,cufinufft,binned_c1,50,16,3.852690100409724e-08,pcg,converged,16,,True,0.1,0,2.4879106235891815,0.000345803533124424,0.02000122683557368,0,0.1,exact,ok,,0.000639215235303388,0.010866659000157597,0.0005616542500206378,0.008986468000330206,74.51197430233907,600,,,0.00047735099997225916,4.5242312523896544e-05,0.0007238770003823447,4.2757937464443785e-05,0.0006841269994311006,0.0003804368750195408,0.006086990000312653,0.017331046999970567,0.010945061000029455,-0.017331046999970567,0.0,0.006168095000020912,5.260025000097812e-05,0.0008416040000156499,,,9.530999977869214e-05,0.027048858000171094,0.01869135499987351,0.029375093999988167,0.04877645399983521,0.00021789099992020056,0.0758253120000063,0.075920621999785,1e-07,,,v6_btab
1225,expanded_box,topk,1024,,1024,0,"[17, 17]","[35, 35]",1225,topk,1024,,1024,80000,1225,cheap,30,0.01,,,,,,,,,,,,,,,,,chol_solve,20000,group_b,50,diag,0.001,50,auto,auto,5,6,6.7704810428022555e-09,24010000,,,2,synthetic_true_func_2d_n3000000,False,NVIDIA L4,cheap,0,0,0,0,0,0,2,1225,,,,,,,,,,,,,1e-05,,,chol_solve,2999999.9999934905,True,,nan,0,50,diag,0.001,0,0,0,0,False,5.0,SE,0.1,1.5,1.0,,0,20000,btab_auto_topk_1024,35,6,5,1000,3000000,cufinufft,binned_c1,50,5,6.7704810428022555e-09,pcg,converged,5,,True,0.1,0,0.0,0.0003458147998542523,0.02000122692712224,0,0.1,exact,ok,,0.0006966234999860413,0.004179740999916248,0.0008217048000005889,0.004108524000002944,0.0,0,,,0.0005269389998829865,1.651619995755027e-05,8.258099978775135e-05,3.6228199951438e-05,0.00018114099975719,0.0006756904000212671,0.0033784520001063356,0.05920016899995062,0.03944370900012473,-0.05920016899995062,0.0,0.01821251299998039,5.309600001055514e-05,0.0002654800000527757,,,3.118499989795964e-05,0.02735179799992693,0.0605588749999697,0.029643346000057136,0.0725304119998782,0.0015439469998455024,0.09988220999980513,0.09991339499970309,1e-07,,,v6_btab
1225,expanded_box,topk,64,,64,0,"[4, 4]","[9, 9]",81,topk,64,,64,80000,81,cheap,30,0.01,,cupy,9.360250259120976e-16,6.080878660784412e-16,80,66,66,,66,16,81,1144,20992,67410.25655249367,674102.5655249367,0.001,boxeig,20000,group_b,50,diag,0.001,50,auto,boxeig,1430,1431,9.592362961529806e-08,0,,,2,synthetic_true_func_2d_n3000000,False,NVIDIA L4,cheap,16,0,16,16,0,0,2,1225,,,,,,,9.360250259120976e-16,6.080878660784412e-16,,,,,1e-05,,,boxeig,2999999.9999934905,True,,nan,0,0,,nan,0,0,0,0,False,1430.0,SE,0.1,1.5,1.0,,4624,20000,btab_boxeig_topk_64_q16,35,1431,1430,1000,3000000,cufinufft,binned_c1,50,1430,9.592362961529806e-08,pcg,converged,1430,,True,0.1,0,110693.75850009914,0.00034564058597244676,0.020001225299676646,0,0.1,boxeig,ok,,0.0006235185108295862,0.8922549889971378,0.00039741101118267894,0.5682977459912308,4654171.721969675,1144,,674102.5655249367,0.00043630400000438385,4.371517762366919e-05,0.06251270400184694,3.5571534968207397e-05,0.05086729500453657,0.00022539453776052607,0.32231418899755226,0.050529255000128614,0.0,0.0,0.0009983209999973042,0.0,5.485607902352007e-05,0.0784441930036337,0.04953093400013131,,0.007013923999920735,0.027516001000094548,0.05134534600006191,0.029252088000021104,2.378503563999857,0.0,2.4060195649999514,2.413033488999872,1e-07,,,v7_btab_boxeig
1225,expanded_box,topk,64,,64,0,"[4, 4]","[9, 9]",81,topk,64,,64,80000,81,cheap,30,0.01,,cupy,2.152987339927566e-15,8.676365567564024e-16,160,80,80,,80,32,81,1144,41984,19706.782128018807,197067.82128018807,0.001,boxeig,20000,group_b,50,diag,0.001,50,auto,boxeig,978,979,9.112909892604407e-08,0,,,2,synthetic_true_func_2d_n3000000,False,NVIDIA L4,cheap,32,0,32,32,0,0,2,1225,,,,,,,2.152987339927566e-15,8.676365567564024e-16,,,,,1e-05,,,boxeig,2999999.9999934905,True,,nan,0,0,,nan,0,0,0,0,False,978.0,SE,0.1,1.5,1.0,,4624,20000,btab_boxeig_topk_64_q32,35,979,978,1000,3000000,cufinufft,binned_c1,50,978,9.112909892604407e-08,pcg,converged,978,,True,0.1,0,110693.75850009914,0.0003454007506528419,0.020001220165241414,0,0.1,boxeig,ok,,0.0006234259172618409,0.6103339729993422,0.0003975019233136453,0.3887568810007451,4654171.721969675,1144,,197067.82128018807,0.00043869899991477723,4.377521370055275e-05,0.04281215899914059,3.532688036945165e-05,0.03454968900132371,0.00022567412270012256,0.22070929200071987,0.060300381000160996,0.0,0.0,0.0009706739999728597,0.0,5.47286809849516e-05,0.05352465000328266,0.05932970700018814,,0.013151311000001442,0.026735618999964572,0.06108031300004768,0.029388555999958044,1.6517608530000416,0.0,1.6784964720000062,1.6916477830000076,1e-07,,,v7_btab_boxeig
1225,expanded_box,topk,128,,128,0,"[6, 6]","[13, 13]",169,topk,128,,128,80000,169,cheap,30,0.01,,cupy,8.65893509627524e-16,6.321837857292261e-16,80,66,66,,66,16,169,1056,43520,67925.47383482178,679254.7383482178,0.001,boxeig,20000,group_b,50,diag,0.001,50,auto,boxeig,1506,1507,9.371181173449493e-08,0,,,2,synthetic_true_func_2d_n3000000,False,NVIDIA L4,cheap,16,0,16,16,0,0,2,1225,,,,,,,8.65893509627524e-16,6.321837857292261e-16,,,,,1e-05,,,boxeig,2999999.999993491,True,,nan,0,0,,nan,0,0,0,0,False,1506.0,SE,0.1,1.5,1.0,,10000,20000,btab_boxeig_topk_128_q16,35,1507,1506,1000,3000000,cufinufft,binned_c1,50,1506,9.371181173449493e-08,pcg,converged,1506,,True,0.1,0,18595.52341959183,0.0003456493983442009,0.020001213213551076,0,0.1,boxeig,ok,,0.0006228936921067978,0.9387007940049443,0.0003970910504639654,0.5980191219987319,696605.875731989,1056,,679254.7383482178,0.0004389800001263211,4.4206125494987655e-05,0.06657442499545141,3.553285524500112e-05,0.053512479998971685,0.00022435791035736434,0.3378830129981907,0.050437332999763385,0.0,0.0,0.000973499999872729,0.0,5.474772576225143e-05,0.08245007499795065,0.049463832999890656,,0.007054738999840993,0.02682250699990618,0.051225401000010606,0.02941334599995571,2.4979102320000948,0.0,2.524732739000001,2.531787477999842,1e-07,,,v7_btab_boxeig
1225,expanded_box,topk,128,,128,0,"[6, 6]","[13, 13]",169,topk,128,,128,80000,169,cheap,30,0.01,,cupy,2.4044293090057328e-15,8.315518603963091e-16,160,98,98,,98,32,169,1056,87040,26526.159385805753,265261.5938580575,0.001,boxeig,20000,group_b,50,diag,0.001,50,auto,boxeig,1021,1022,8.423795578499204e-08,0,,,2,synthetic_true_func_2d_n3000000,False,NVIDIA L4,cheap,32,0,32,32,0,0,2,1225,,,,,,,2.4044293090057328e-15,8.315518603963091e-16,,,,,1e-05,,,boxeig,2999999.9999934905,True,,nan,0,0,,nan,0,0,0,0,False,1021.0,SE,0.1,1.5,1.0,,10000,20000,btab_boxeig_topk_128_q32,35,1022,1021,1000,3000000,cufinufft,binned_c1,50,1021,8.423795578499204e-08,pcg,converged,1021,,True,0.1,0,18595.523419591827,0.0003448994161239004,0.02000120502639958,0,0.1,boxeig,ok,,0.000631625089042215,0.6455208410011437,0.0004009179059724764,0.40933718199789837,696605.8757319889,1056,,265261.5938580575,0.00043148500003553636,4.415140842358345e-05,0.0450785880004787,3.593608913005385e-05,0.036690747001784985,0.0002271719823710912,0.23194259400088413,0.07487476199980847,0.0,0.0,0.0009736349998092919,0.0,5.521565817776989e-05,0.05637518699950306,0.07390112699999918,,0.013230596000084915,0.02697801299996172,0.07570501500003957,0.029417678000072556,1.7536936260000857,0.0,1.7806716390000474,1.7939022350001324,1e-07,,,v7_btab_boxeig
1225,expanded_box,topk,128,,128,0,"[6, 6]","[13, 13]",169,topk,128,,128,80000,169,cheap,30,0.01,,cupy,1.3413181842589925e-14,1.290985048497731e-15,320,162,162,,162,64,169,1056,174080,4165.093132944612,41650.93132944612,0.001,boxeig,20000,group_b,50,diag,0.001,50,auto,boxeig,472,473,9.662597525228135e-08,0,,,2,synthetic_true_func_2d_n3000000,False,NVIDIA L4,cheap,64,0,64,64,0,0,2,1225,,,,,,,1.3413181842589925e-14,1.290985048497731e-15,,,,,1e-05,,,boxeig,2999999.9999934905,True,,nan,0,0,,nan,0,0,0,0,False,472.0,SE,0.1,1.5,1.0,,10000,20000,btab_boxeig_topk_128_q64,35,473,472,1000,3000000,cufinufft,binned_c1,50,472,9.662597525228135e-08,pcg,converged,472,,True,0.1,0,18595.523419591827,0.0003463884622751503,0.020001231570695145,0,0.1,boxeig,ok,,0.0006493781078255583,0.30715584500148907,0.0004134839364399348,0.19516441799964923,696605.8757319889,1056,,41650.93132944612,0.00042403299994475674,4.5680667373023994e-05,0.021561275000067326,3.706943855916707e-05,0.017496774999926856,0.00023369732203454757,0.11030513600030645,0.12365800300017327,0.0,0.0,0.0009661060000780708,0.0,5.698294491654158e-05,0.026895950000607627,0.1226918970000952,,0.025898448999896573,0.0270356510000056,0.1244878150000659,0.029492891000018062,0.9231867420000981,0.0,0.9502223930001037,0.9761208420000003,1e-07,,,v7_btab_boxeig
1225,expanded_box,topk,256,,256,0,"[9, 9]","[19, 19]",361,topk,256,,256,80000,361,cheap,30,0.01,,cupy,2.4465056553294524e-15,8.947303884271922e-16,160,98,98,,98,32,361,864,185344,26554.935265183798,265549.352651838,0.001,boxeig,20000,group_b,50,diag,0.001,50,auto,boxeig,1077,1078,9.508364958275363e-08,0,,,2,synthetic_true_func_2d_n3000000,False,NVIDIA L4,cheap,32,0,32,32,0,0,2,1225,,,,,,,2.4465056553294524e-15,8.947303884271922e-16,,,,,1e-05,,,boxeig,2999999.9999934905,True,,nan,0,0,,nan,0,0,0,0,False,1077.0,SE,0.1,1.5,1.0,,21904,20000,btab_boxeig_topk_256_q32,35,1078,1077,1000,3000000,cufinufft,binned_c1,50,1077,9.508364958275363e-08,pcg,converged,1077,,True,0.1,0,419.8939462811797,0.0003449716059436547,0.020001222777917726,0,0.1,boxeig,ok,,0.0006306130139175977,0.6798008290031703,0.0004136163806821125,0.4454648419946352,13699.851945074246,864,,265549.352651838,0.0004582300000492978,4.4019873722309e-05,0.04740940399892679,3.602281151447477e-05,0.03879656800108933,0.00023983594336284334,0.2583033110017823,0.07690184599982786,0.0,0.0,0.0009833449998950528,0.0,5.512523398444307e-05,0.059369877001245186,0.0759185009999328,,0.013274442000010822,0.02699642200013841,0.07778160999987449,0.02945854000017789,1.861162117999811,0.0,1.8881585399999494,1.9014329819999602,1e-07,,,v7_btab_boxeig
1225,expanded_box,topk,256,,256,0,"[9, 9]","[19, 19]",361,topk,256,,256,80000,361,cheap,30,0.01,,cupy,6.2822518248536785e-15,1.0920514894611163e-15,320,162,162,,162,64,361,864,370688,4517.087791725307,45170.87791725307,0.001,boxeig,20000,group_b,50,diag,0.001,50,auto,boxeig,542,543,9.886802157563325e-08,0,,,2,synthetic_true_func_2d_n3000000,False,NVIDIA L4,cheap,64,0,64,64,0,0,2,1225,,,,,,,6.2822518248536785e-15,1.0920514894611163e-15,,,,,1e-05,,,boxeig,2999999.9999934905,True,,nan,0,0,,nan,0,0,0,0,False,542.0,SE,0.1,1.5,1.0,,21904,20000,btab_boxeig_topk_256_q64,35,543,542,1000,3000000,cufinufft,binned_c1,50,542,9.886802157563325e-08,pcg,converged,542,,True,0.1,0,419.8939462811797,0.0003448683041028001,0.02000122324264513,0,0.1,boxeig,ok,,0.0006327457476934187,0.34358094099752634,0.0004173009446460155,0.2261771119981404,13699.851945074246,864,,45170.87791725307,0.00047176600014608994,4.4057354244946794e-05,0.023879086000761163,3.6240749073837205e-05,0.019642485998019765,0.00024258734870935572,0.1314823430004708,0.12939081999979862,0.0,0.0,0.0009641969998028799,0.0,5.557857195813538e-05,0.030123586001309377,0.12842662299999574,,0.02561476000005314,0.027281828000013775,0.13022695499989823,0.029482059999963894,1.0336979900000642,0.0,1.060979818000078,1.0865945780001312,1e-07,,,v7_btab_boxeig
1225,expanded_box,topk,256,,256,0,"[9, 9]","[19, 19]",361,topk,256,,256,80000,361,cheap,30,0.01,,cupy,3.336632362270755e-13,2.7034793041679147e-15,640,290,290,,290,128,361,864,741376,211.96883712005314,2119.688371200531,0.001,boxeig,20000,group_b,50,diag,0.001,50,auto,boxeig,157,158,7.112010134095752e-08,0,,,2,synthetic_true_func_2d_n3000000,False,NVIDIA L4,cheap,128,0,128,128,0,0,2,1225,,,,,,,3.336632362270755e-13,2.7034793041679147e-15,,,,,1e-05,,,boxeig,2999999.9999934905,True,,nan,0,0,,nan,0,0,0,0,False,157.0,SE,0.1,1.5,1.0,,21904,20000,btab_boxeig_topk_256_q128,35,158,157,1000,3000000,cufinufft,binned_c1,50,157,7.112010134095752e-08,pcg,converged,157,,True,0.1,0,419.8939462811797,0.00034559390651347843,0.020001227447481982,0,0.1,boxeig,ok,,0.000678115816454816,0.10714229899986094,0.0004390829108377924,0.0689360170015334,13699.851945074246,864,,2119.688371200531,0.0004589709999436309,4.7201420378896845e-05,0.0074106229994868045,3.76358853584392e-05,0.005908834001274954,0.00025510992356581123,0.040052257999832364,0.23668212500001573,0.0,0.0,0.0009685360000730725,0.0,5.811373885544121e-05,0.00912385700030427,0.23571358899994266,,0.05031988099995033,0.02747756600001594,0.23757295199993678,0.02947827299999517,0.5164899940000396,0.0,0.5439675600000555,0.5942874410000059,1e-07,,,v7_btab_boxeig
1225,expanded_box,topk,512,,512,0,"[12, 12]","[25, 25]",625,topk,512,,512,80000,625,cheap,30,0.01,,cupy,1.3278588419039303e-14,1.2374164290587262e-15,320,162,162,,162,64,625,600,641024,4517.9510960011585,45179.51096001158,0.001,boxeig,20000,group_b,50,diag,0.001,50,auto,boxeig,407,408,9.744190086777964e-08,0,,,2,synthetic_true_func_2d_n3000000,False,NVIDIA L4,cheap,64,0,64,64,0,0,2,1225,,,,,,,1.3278588419039303e-14,1.2374164290587262e-15,,,,,1e-05,,,boxeig,2999999.9999934905,True,,nan,0,0,,nan,0,0,0,0,False,407.0,SE,0.1,1.5,1.0,,38416,20000,btab_boxeig_topk_512_q64,35,408,407,1000,3000000,cufinufft,binned_c1,50,407,9.744190086777964e-08,pcg,converged,407,,True,0.1,0,2.4879106235891815,0.0003455836950287782,0.020001215109893108,0,0.1,boxeig,ok,,0.0006418230122499287,0.2618637889979709,0.0004205158083502442,0.1711499339985494,74.51197430233907,600,,45179.51096001158,0.0004534359998160653,4.4708439796942834e-05,0.018196334997355734,3.688321867487098e-05,0.015011470000672489,0.00024404789188501455,0.09932749199720092,0.12472803599985127,0.0,0.0,0.0009443779999855906,0.0,5.571246437344907e-05,0.02267497299999377,0.12378365799986568,,0.025461911999855147,0.02717672800008586,0.12558185100010633,0.02944200699994326,0.8112924570000359,0.0,0.8384691850001218,0.8639310969999769,1e-07,,,v7_btab_boxeig
1225,expanded_box,topk,512,,512,0,"[12, 12]","[25, 25]",625,topk,512,,512,80000,625,cheap,30,0.01,,cupy,1.2272509633087547e-13,3.9338558910144676e-15,640,290,290,,290,128,625,600,1282048,212.5675193348618,2125.675193348618,0.001,boxeig,20000,group_b,50,diag,0.001,50,auto,boxeig,117,118,8.548271954068408e-08,0,,,2,synthetic_true_func_2d_n3000000,False,NVIDIA L4,cheap,128,0,128,128,0,0,2,1225,,,,,,,1.2272509633087547e-13,3.9338558910144676e-15,,,,,1e-05,,,boxeig,2999999.999993491,True,,nan,0,0,,nan,0,0,0,0,False,117.0,SE,0.1,1.5,1.0,,38416,20000,btab_boxeig_topk_512_q128,35,118,117,1000,3000000,cufinufft,binned_c1,50,117,8.548271954068408e-08,pcg,converged,117,,True,0.1,0,2.487910623589182,0.00034550302586097405,0.020001222522451095,0,0.1,boxeig,ok,,0.0006884876016880236,0.08124153699918679,0.0004478350085272311,0.05239669599768604,74.51197430233907,600,,2125.675193348618,0.00047618100006729946,4.814136752592719e-05,0.005632540000533481,3.844093161065897e-05,0.0044975889984471,0.0002596454102560653,0.03037851299995964,0.23551365900016208,0.0,0.0,0.0009608350001144572,0.0,5.9491803431539556e-05,0.006960541001490128,0.23455282400004762,,0.05018208000001323,0.027222282999900926,0.23641466300000502,0.029446997000150077,0.44793357699995795,0.0,0.4751558599998589,0.5253379399998721,1e-07,,,v7_btab_boxeig
1225,expanded_box,topk,512,,512,0,"[12, 12]","[25, 25]",625,topk,512,,512,80000,625,cheap,30,0.01,,cupy,3.479135384897135e-11,6.114902065233298e-14,1280,546,546,,546,256,625,600,2564096,0.6538291996387082,6.538291996387082,0.001,boxeig,20000,group_b,50,diag,0.001,50,auto,boxeig,16,17,6.071478026015194e-08,0,,,2,synthetic_true_func_2d_n3000000,False,NVIDIA L4,cheap,256,0,256,256,0,0,2,1225,,,,,,,3.479135384897135e-11,6.114902065233298e-14,,,,,1e-05,,,boxeig,2999999.9999934905,True,,nan,0,0,,nan,0,0,0,0,False,16.0,SE,0.1,1.5,1.0,,38416,20000,btab_boxeig_topk_512_q256,35,17,16,1000,3000000,cufinufft,binned_c1,50,16,6.071478026015194e-08,pcg,converged,16,,True,0.1,0,2.4879106235891815,0.0003459963877860302,0.020001231088754894,0,0.1,boxeig,ok,,0.0007659617058914806,0.013021349000155169,0.0004883679999778678,0.007813887999645885,74.51197430233907,600,,6.538291996387082,0.0004933300001539465,5.157975003555748e-05,0.0008252760005689197,4.226625000569584e-05,0.0006762600000911334,0.0002828227499804825,0.00452516399968772,0.47423776999994516,0.0,0.0,0.0009481639999648905,0.0,6.58624374949568e-05,0.0010537989999193087,0.47328960599998027,,0.10783024499983185,0.02698072099997262,0.47519964499997513,0.02956599300000562,0.5082399510001778,0.0,0.5352206720001504,0.6430509169999823,1e-07,,,v7_btab_boxeig
1225,,,,,,,,,,,,,,,,,,,,,,,,,,,,,,,,,,,,,group_b,,,,,,,801,802,8.786144260514359e-08,,,,2,synthetic_true_func_2d_n1000000,False,NVIDIA L4,,,,,,,,2,1225,,,,,,,,,0,0,,,1e-05,,,,,True,,,,,,,,,,,False,801.0,SE,0.1,1.5,1.0,,,20000,plain_cg,35,802,,1000,1000000,cufinufft,cufinufft,,,,,,,,True,0.1,0,,0.00037551190208633703,0.020003709439631878,0,,,ok,,0.0006192499875256553,0.4966384899955756,,,,,,,,,,,,,,,,,,,,,,,,0.03229367399990224,,0.0123165049999443,0.8432576879999942,,0.8755516619999071,,1e-07,,,v1
1225,,,,,,,,,,,,,,,,,,,,,,,,,,,,,,,,,,,,,group_b,,,,,,,114,115,9.541218475690218e-08,,,nan,2,synthetic_true_func_2d_n1000000,False,NVIDIA L4,,,,,,,,2,1225,98,3,nan,,130.46962086231883,0.0007802941475109029,,,5,482,0.000571789278528997,0.2756024322509766,1e-05,,,,,True,[],,,,,,,,,,False,114.0,SE,0.1,1.5,1.0,nan,,20000,eigenpro_pcg_q90,35,115,114,1000,1000000,cufinufft,binned_c1,,,,,,,full_eigenpro,True,0.1,0,,0.00041913942330515456,0.02000512930762036,0,,,ok,,0.0006301442087078612,0.07246658400140404,0.00015633355263744626,0.017822025000668873,,,[],,,,,,,,,,,,,,,,,0.29803499500008,,0.01861174099985874,0.00028537599996525387,0.012462100999982795,0.16128137500004414,,0.47821348699994815,,1e-07,90,,v3
1225,,,,,,,,,,,,,,,,,,,,,,,,,,,,,,,,,,,,,group_b,,,,,,,16,17,7.96261661070184e-08,,,nan,2,synthetic_true_func_2d_n1000000,False,NVIDIA L4,,,,,,,,2,1225,188,3,nan,,2.298292189958908,1.3744734696683214e-05,,,5,932,0.0005648107487756295,0.5264036178588867,1e-05,,,,,True,[],,,,,,,,,,False,16.0,SE,0.1,1.5,1.0,nan,,20000,eigenpro_pcg_q180,35,17,16,1000,1000000,cufinufft,binned_c1,,,,,,,full_eigenpro,True,0.1,0,,0.0004191768081807146,0.02000512962561693,0,,,ok,,0.0006336621176133657,0.010772255999427216,0.00015036150004732463,0.002405784000757194,,,[],,,,,,,,,,,,,,,,,0.5668107150002015,,0.01792767099982484,0.00030120899987196026,0.012429018999910113,0.023485678000042753,,0.6085252729999411,,1e-07,180,,v3
1225,expanded_box,topk,64,,64,0,"[4, 4]","[9, 9]",81,topk,64,,64,80000,81,cheap,30,0.01,,,,,,,,,,,,,,,,,chol_solve,20000,group_b,50,diag,0.001,50,auto,auto,614,615,8.18729368062149e-08,104976,,,2,synthetic_true_func_2d_n1000000,False,NVIDIA L4,cheap,0,0,0,0,0,0,2,1225,,,,,,,,,,,,,1e-05,,,chol_solve,999999.9999978628,True,,nan,0,50,diag,0.001,0,0,0,0,False,614.0,SE,0.1,1.5,1.0,,0,20000,btab_auto_topk_64,35,615,614,1000,1000000,cufinufft,binned_c1,50,614,8.18729368062149e-08,pcg,converged,614,,True,0.1,0,36897.890262738125,0.0004199325577082238,0.020005122587465448,0,0.1,exact,ok,,0.0006284576260200786,0.3865014400023483,0.00038505588599131653,0.23642431399866837,1551387.9664721382,1144,,,0.0004242570000769774,4.412612703660881e-05,0.027093442000477808,3.806679154112871e-05,0.023373010006253025,0.0002092790993513485,0.12849736700172798,0.001458835999983421,0.0007705939999596012,-0.001458835999983421,0.0,0.00045954899997013854,5.3920858307651615e-05,0.03310740700089809,,,8.819999993647798e-05,0.018091012000013507,0.0027472469998883753,0.012363821999997526,0.9993560949999392,0.00022869300005368132,1.0174471069999527,1.0175353069998891,1e-07,,,v6_btab
1225,expanded_box,topk,128,,128,0,"[6, 6]","[13, 13]",169,topk,128,,128,80000,169,cheap,30,0.01,,,,,,,,,,,,,,,,,chol_solve,20000,group_b,50,diag,0.001,50,auto,auto,321,322,8.874772324966223e-08,456976,,,2,synthetic_true_func_2d_n1000000,False,NVIDIA L4,cheap,0,0,0,0,0,0,2,1225,,,,,,,,,,,,,1e-05,,,chol_solve,999999.9999978628,True,,nan,0,50,diag,0.001,0,0,0,0,False,321.0,SE,0.1,1.5,1.0,,0,20000,btab_auto_topk_128,35,322,321,1000,1000000,cufinufft,binned_c1,50,321,8.874772324966223e-08,pcg,converged,321,,True,0.1,0,6198.492685445211,0.00041990386739502344,0.020005117845253228,0,0.1,exact,ok,,0.0006404283012416724,0.2062179129998185,0.0004109369252288626,0.1319107529984649,232201.18524769758,1056,,,0.0004767079999510315,4.466562927943678e-05,0.014337666998699206,3.901025545197864e-05,0.012522292000085145,0.00023101698130954118,0.07415645100036272,0.002587181999842869,0.001376110999899538,-0.002587181999842869,0.0,0.0009383289998368127,5.528059812454458e-05,0.017745071997978812,,,8.830699994177849e-05,0.0187829320000219,0.004040058000100544,0.01237257499997213,0.5417578709998452,0.0002727420001065184,0.5605408029998671,0.5606291099998089,1e-07,,,v6_btab
1225,expanded_box,topk,256,,256,0,"[9, 9]","[19, 19]",361,topk,256,,256,80000,361,cheap,30,0.01,,,,,,,,,,,,,,,,,chol_solve,20000,group_b,50,diag,0.001,50,auto,auto,73,74,8.252800170076691e-08,2085136,,,2,synthetic_true_func_2d_n1000000,False,NVIDIA L4,cheap,0,0,0,0,0,0,2,1225,,,,,,,,,,,,,1e-05,,,chol_solve,999999.9999978628,True,,nan,0,50,diag,0.001,0,0,0,0,False,73.0,SE,0.1,1.5,1.0,,0,20000,btab_auto_topk_256,35,74,73,1000,1000000,cufinufft,binned_c1,50,73,8.252800170076691e-08,pcg,converged,73,,True,0.1,0,139.96381743671242,0.00041995299977398964,0.020005119733694204,0,0.1,exact,ok,,0.0006269153783908198,0.04639173800092067,0.000448630630148416,0.03275003600083437,4566.5864435256,864,,,0.0004387760000099661,4.3266780812077804e-05,0.0031584749992816796,3.8608753422447816e-05,0.0028184389998386905,0.00027291235616060366,0.019922601999724066,0.005519230000118114,0.0033180650000304013,-0.005519230000118114,0.0,0.0019836410001516924,5.389406850217835e-05,0.00393426700065902,,,7.696400007262127e-05,0.01782372699994994,0.006807409999964875,0.012243765999983225,0.13064183599999524,0.00021752399993602012,0.14846556299994518,0.1485425270000178,1e-07,,,v6_btab
1225,expanded_box,topk,512,,512,0,"[12, 12]","[25, 25]",625,topk,512,,512,80000,625,cheap,30,0.01,,,,,,,,,,,,,,,,,chol_solve,20000,group_b,50,diag,0.001,50,auto,auto,11,12,4.869081465829805e-08,6250000,,,2,synthetic_true_func_2d_n1000000,False,NVIDIA L4,cheap,0,0,0,0,0,0,2,1225,,,,,,,,,,,,,1e-05,,,chol_solve,999999.9999978628,True,,nan,0,50,diag,0.001,0,0,0,0,False,11.0,SE,0.1,1.5,1.0,,0,20000,btab_auto_topk_512,35,12,11,1000,1000000,cufinufft,binned_c1,50,11,4.869081465829805e-08,pcg,converged,11,,True,0.1,0,0.829294688485552,0.00041994116943168516,0.02000511771116283,0,0.1,exact,ok,,0.0006367745833320745,0.007641294999984893,0.0005606453636863245,0.00616709900054957,24.837041279880182,600,,,0.0004768329999933485,4.207618185732413e-05,0.00046283800043056544,3.944045457418807e-05,0.00043384500031606876,0.00038179372729080734,0.004199731000198881,0.01526573199998893,0.008869676000131221,-0.01526573199998893,0.0,0.006164561999867146,5.76710000049471e-05,0.0006343810000544181,,,7.984800004123827e-05,0.018108438000126625,0.01664352000011604,0.01182003300004908,0.0376299019999351,0.00023149399999056186,0.055738340000061726,0.055818188000102964,1e-07,,,v6_btab
1225,expanded_box,topk,1024,,1024,0,"[17, 17]","[35, 35]",1225,topk,1024,,1024,80000,1225,cheap,30,0.01,,,,,,,,,,,,,,,,,chol_solve,20000,group_b,50,diag,0.001,50,auto,auto,5,6,3.2909401701196134e-08,24010000,,,2,synthetic_true_func_2d_n1000000,False,NVIDIA L4,cheap,0,0,0,0,0,0,2,1225,,,,,,,,,,,,,1e-05,,,chol_solve,999999.9999978628,True,,nan,0,50,diag,0.001,0,0,0,0,False,5.0,SE,0.1,1.5,1.0,,0,20000,btab_auto_topk_1024,35,6,5,1000,1000000,cufinufft,binned_c1,50,5,3.2909401701196134e-08,pcg,converged,5,,True,0.1,0,0.0,0.0004199489130138598,0.020005117883972877,0,0.1,exact,ok,,0.0006835494999677394,0.004101296999806436,0.0008315447999848402,0.004157723999924201,0.0,0,,,0.0005148420000296028,1.5930200015645822e-05,7.965100007822912e-05,3.578800001378113e-05,0.00017894000006890565,0.0006813146000240522,0.003406573000120261,0.05649105299994517,0.0367395129999295,-0.05649105299994517,0.0,0.018207057999916287,5.7113000002573246e-05,0.0002855650000128662,,,2.560000007179042e-05,0.01793539699997382,0.05778808399986701,0.012172813999995924,0.0696861810001792,0.0015444820000993786,0.08762157800015302,0.08764717800022481,1e-07,,,v6_btab
1225,expanded_box,topk,64,,64,0,"[4, 4]","[9, 9]",81,topk,64,,64,80000,81,cheap,30,0.01,,cupy,1.0132962694593122e-15,6.7442372739415315e-16,80,66,66,,66,16,81,1144,20992,22446.662044067827,224466.62044067826,0.001,boxeig,20000,group_b,50,diag,0.001,50,auto,boxeig,1112,1113,7.595160222598632e-08,0,,,2,synthetic_true_func_2d_n1000000,False,NVIDIA L4,cheap,16,0,16,16,0,0,2,1225,,,,,,,1.0132962694593122e-15,6.7442372739415315e-16,,,,,1e-05,,,boxeig,999999.9999978627,True,,nan,0,0,,nan,0,0,0,0,False,1112.0,SE,0.1,1.5,1.0,,4624,20000,btab_boxeig_topk_64_q16,35,1113,1112,1000,1000000,cufinufft,binned_c1,50,1112,7.595160222598632e-08,pcg,converged,1112,,True,0.1,0,36897.890262738125,0.00042017026851403976,0.02000511933306144,0,0.1,boxeig,ok,,0.000628191876011984,0.6991775580013382,0.0004003508758950924,0.4451901739953428,1551387.9664721382,1144,,224466.62044067826,0.00042297000004509755,4.437840018225144e-05,0.0493487810026636,3.606588489656329e-05,0.04010526400497838,0.00022709520683656756,0.2525298700022631,0.05127407800000583,0.0,0.0,0.0009642239999720914,0.0,5.468680935010695e-05,0.06081173199731893,0.05030985400003374,,0.007122054000092248,0.017942266000090967,0.05205178599999272,0.012465944000041418,1.8724490179999975,0.0,1.8903912840000885,1.8975133380001807,1e-07,,,v7_btab_boxeig
1225,expanded_box,topk,64,,64,0,"[4, 4]","[9, 9]",81,topk,64,,64,80000,81,cheap,30,0.01,,cupy,2.562588094709814e-15,7.702403583858159e-16,160,80,80,,80,32,81,1144,41984,6569.137151289249,65691.37151289248,0.001,boxeig,20000,group_b,50,diag,0.001,50,auto,boxeig,736,737,9.505260391085902e-08,0,,,2,synthetic_true_func_2d_n1000000,False,NVIDIA L4,cheap,32,0,32,32,0,0,2,1225,,,,,,,2.562588094709814e-15,7.702403583858159e-16,,,,,1e-05,,,boxeig,999999.9999978628,True,,nan,0,0,,nan,0,0,0,0,False,736.0,SE,0.1,1.5,1.0,,4624,20000,btab_boxeig_topk_64_q32,35,737,736,1000,1000000,cufinufft,binned_c1,50,736,9.505260391085902e-08,pcg,converged,736,,True,0.1,0,36897.890262738125,0.0004201647898370128,0.02000511873259428,0,0.1,boxeig,ok,,0.0006305384056961451,0.46470680499805894,0.00040164945108469766,0.2956139959983375,1551387.9664721382,1144,,65691.37151289248,0.0004513419999057078,4.396219836939222e-05,0.03235617799987267,3.58687567942594e-05,0.026399405000574916,0.0002288241304406167,0.1684145600042939,0.06107074500005183,0.0,0.0,0.0009619820000352775,0.0,5.450228261161743e-05,0.04011368000215043,0.06010876300001655,,0.01331537600003685,0.017915994000077262,0.061858819000008225,0.012512337999851297,1.2719471039999917,0.0,1.289863098000069,1.3031784740001058,1e-07,,,v7_btab_boxeig
1225,expanded_box,topk,128,,128,0,"[6, 6]","[13, 13]",169,topk,128,,128,80000,169,cheap,30,0.01,,cupy,9.202680103345938e-16,6.982848671640171e-16,80,66,66,,66,16,169,1056,43520,22617.623620507453,226176.23620507453,0.001,boxeig,20000,group_b,50,diag,0.001,50,auto,boxeig,1050,1051,9.893787806307962e-08,0,,,2,synthetic_true_func_2d_n1000000,False,NVIDIA L4,cheap,16,0,16,16,0,0,2,1225,,,,,,,9.202680103345938e-16,6.982848671640171e-16,,,,,1e-05,,,boxeig,999999.9999978627,True,,nan,0,0,,nan,0,0,0,0,False,1050.0,SE,0.1,1.5,1.0,,10000,20000,btab_boxeig_topk_128_q16,35,1051,1050,1000,1000000,cufinufft,binned_c1,50,1050,9.893787806307962e-08,pcg,converged,1050,,True,0.1,0,6198.49268544521,0.0004201329241903243,0.020005114562697286,0,0.1,boxeig,ok,,0.0006207336384384648,0.6523910539988265,0.00039580012380914314,0.4155901299996003,232201.18524769758,1056,,226176.23620507453,0.0004598909999913303,4.414263142994709e-05,0.046349763001444444,3.531944000683108e-05,0.037085412007172636,0.00022383838952637667,0.2350303090026955,0.05045142700009819,0.0,0.0,0.000978713999984393,0.0,5.4358557143002276e-05,0.05707648500015239,0.0494727130001138,,0.007078801000034218,0.01778155300007711,0.05125828400014143,0.012412696000183132,1.7527529239998785,0.0,1.7705344769999556,1.7776132779999898,1e-07,,,v7_btab_boxeig
1225,expanded_box,topk,128,,128,0,"[6, 6]","[13, 13]",169,topk,128,,128,80000,169,cheap,30,0.01,,cupy,1.9954174696189092e-15,8.958717375522076e-16,160,98,98,,98,32,169,1056,87040,8844.283583472119,88442.83583472119,0.001,boxeig,20000,group_b,50,diag,0.001,50,auto,boxeig,786,787,9.511481226923998e-08,0,,,2,synthetic_true_func_2d_n1000000,False,NVIDIA L4,cheap,32,0,32,32,0,0,2,1225,,,,,,,1.9954174696189092e-15,8.958717375522076e-16,,,,,1e-05,,,boxeig,999999.9999978628,True,,nan,0,0,,nan,0,0,0,0,False,786.0,SE,0.1,1.5,1.0,,10000,20000,btab_boxeig_topk_128_q32,35,787,786,1000,1000000,cufinufft,binned_c1,50,786,9.511481226923998e-08,pcg,converged,786,,True,0.1,0,6198.492685445211,0.00042001627317698955,0.020005114255966346,0,0.1,boxeig,ok,,0.0006223667941521922,0.4898026669977753,0.0003970841603060309,0.31210815000054026,232201.18524769758,1056,,88442.83583472119,0.0004202850000183389,4.383761196059422e-05,0.03445636300102706,3.534678243781612e-05,0.027782570996123468,0.00022568885368966346,0.17739143900007548,0.07456815099999403,0.0,0.0,0.000991942999917228,0.0,5.377788931256165e-05,0.04226942099967346,0.0735762080000768,,0.013253506999944875,0.018139977999908297,0.0753303250000954,0.012602188000073511,1.3506048639999335,0.0,1.3687448419998418,1.3819983489997867,1e-07,,,v7_btab_boxeig
1225,expanded_box,topk,128,,128,0,"[6, 6]","[13, 13]",169,topk,128,,128,80000,169,cheap,30,0.01,,cupy,8.333284687084515e-15,1.264869681768387e-15,320,162,162,,162,64,169,1056,174080,1390.1863362356207,13901.863362356207,0.001,boxeig,20000,group_b,50,diag,0.001,50,auto,boxeig,387,388,9.860412574299224e-08,0,,,2,synthetic_true_func_2d_n1000000,False,NVIDIA L4,cheap,64,0,64,64,0,0,2,1225,,,,,,,8.333284687084515e-15,1.264869681768387e-15,,,,,1e-05,,,boxeig,999999.9999978627,True,,nan,0,0,,nan,0,0,0,0,False,387.0,SE,0.1,1.5,1.0,,10000,20000,btab_boxeig_topk_128_q64,35,388,387,1000,1000000,cufinufft,binned_c1,50,387,9.860412574299224e-08,pcg,converged,387,,True,0.1,0,6198.49268544521,0.0004197724415756578,0.02000511612166949,0,0.1,boxeig,ok,,0.0006431556443280944,0.24954438999930062,0.0004085130826840122,0.15809456299871272,232201.18524769758,1056,,13901.863362356207,0.00044781400015381223,4.503380362207481e-05,0.01742808200174295,3.6250323000080973e-05,0.014028875001031338,0.00023214224547371708,0.08983904899832851,0.12342858500005605,0.0,0.0,0.0009589979999873322,0.0,5.544070026347187e-05,0.021455551001963613,0.12246958700006871,,0.02560308800002531,0.018199721999963003,0.12429369400001633,0.012619079000160127,0.7728910060000089,0.0,0.7910907279999719,0.8166938159999972,1e-07,,,v7_btab_boxeig
1225,expanded_box,topk,256,,256,0,"[9, 9]","[19, 19]",361,topk,256,,256,80000,361,cheap,30,0.01,,cupy,1.4681058775906078e-15,8.042570334298015e-16,160,98,98,,98,32,361,864,185344,8854.301629519694,88543.01629519694,0.001,boxeig,20000,group_b,50,diag,0.001,50,auto,boxeig,759,760,9.232622781802865e-08,0,,,2,synthetic_true_func_2d_n1000000,False,NVIDIA L4,cheap,32,0,32,32,0,0,2,1225,,,,,,,1.4681058775906078e-15,8.042570334298015e-16,,,,,1e-05,,,boxeig,999999.9999978628,True,,nan,0,0,,nan,0,0,0,0,False,759.0,SE,0.1,1.5,1.0,,21904,20000,btab_boxeig_topk_256_q32,35,760,759,1000,1000000,cufinufft,binned_c1,50,759,9.232622781802865e-08,pcg,converged,759,,True,0.1,0,139.96381743671242,0.0004193725787491895,0.020005114444164352,0,0.1,boxeig,ok,,0.0006308588355274854,0.47945271500088893,0.00041504684716436304,0.31502055699775156,4566.5864435256,864,,88543.01629519694,0.0004493359999742097,4.4412805002500946e-05,0.03370931899689822,3.646105006876344e-05,0.02767393700219145,0.0002406865586284136,0.18268109799896592,0.07597131099987564,0.0,0.0,0.0009548789998916618,0.0,5.4646914361470834e-05,0.041477008000356363,0.07501643199998398,,0.013364344999899913,0.01807249600005889,0.07676209500004916,0.012532587000123385,1.3353568929999255,0.0,1.3534293889999844,1.3667937339998844,1e-07,,,v7_btab_boxeig
1225,expanded_box,topk,256,,256,0,"[9, 9]","[19, 19]",361,topk,256,,256,80000,361,cheap,30,0.01,,cupy,9.333670743394522e-15,1.2685898641111504e-15,320,162,162,,162,64,361,864,370688,1508.992308666477,15089.923086664769,0.001,boxeig,20000,group_b,50,diag,0.001,50,auto,boxeig,377,378,9.631587137791163e-08,0,,,2,synthetic_true_func_2d_n1000000,False,NVIDIA L4,cheap,64,0,64,64,0,0,2,1225,,,,,,,9.333670743394522e-15,1.2685898641111504e-15,,,,,1e-05,,,boxeig,999999.9999978628,True,,nan,0,0,,nan,0,0,0,0,False,377.0,SE,0.1,1.5,1.0,,21904,20000,btab_boxeig_topk_256_q64,35,378,377,1000,1000000,cufinufft,binned_c1,50,377,9.631587137791163e-08,pcg,converged,377,,True,0.1,0,139.96381743671242,0.0004195298305333751,0.02000511384248645,0,0.1,boxeig,ok,,0.0006435325211644836,0.2432552930001748,0.00042264311140322014,0.159336452999014,4566.5864435256,864,,15089.923086664769,0.00046176000000741624,4.503101326399436e-05,0.016976692000525873,3.6849997344379954e-05,0.013892448998831242,0.0002456347480152974,0.09260430000176711,0.1259729570001582,0.0,0.0,0.0009529830001611117,0.0,5.564761538312329e-05,0.02097915099943748,0.1250199739999971,,0.02550036899992847,0.018453480000061973,0.12686456900019039,0.012515326000084315,0.7656635649998407,0.0,0.7841170449999026,0.8096174139998311,1e-07,,,v7_btab_boxeig
1225,expanded_box,topk,256,,256,0,"[9, 9]","[19, 19]",361,topk,256,,256,80000,361,cheap,30,0.01,,cupy,1.91762164625091e-13,5.30997877391929e-15,640,290,290,,290,128,361,864,741376,70.72625574116212,707.2625574116212,0.001,boxeig,20000,group_b,50,diag,0.001,50,auto,boxeig,115,116,6.682897898350555e-08,0,,,2,synthetic_true_func_2d_n1000000,False,NVIDIA L4,cheap,128,0,128,128,0,0,2,1225,,,,,,,1.91762164625091e-13,5.30997877391929e-15,,,,,1e-05,,,boxeig,999999.9999978628,True,,nan,0,0,,nan,0,0,0,0,False,115.0,SE,0.1,1.5,1.0,,21904,20000,btab_boxeig_topk_256_q128,35,116,115,1000,1000000,cufinufft,binned_c1,50,115,6.682897898350555e-08,pcg,converged,115,,True,0.1,0,139.96381743671242,0.00041999483350476714,0.020005119856494502,0,0.1,boxeig,ok,,0.0006991293275840188,0.08109900199974618,0.00045185517391592325,0.051963345000331174,4566.5864435256,864,,707.2625574116212,0.0004494439999689348,4.809153913455426e-05,0.0055305270004737395,3.960893043609837e-05,0.004555027000151313,0.00026245872173485225,0.03018275299950801,0.23562188000005335,0.0,0.0,0.0009547320000820037,0.0,5.919722607161574e-05,0.00680768099823581,0.23466714799997135,,0.05097255300006509,0.018084704000102647,0.23652067200009697,0.012404179999975895,0.4474670069998865,0.0,0.46555171099998915,0.5165242640000542,1e-07,,,v7_btab_boxeig
1225,expanded_box,topk,512,,512,0,"[12, 12]","[25, 25]",625,topk,512,,512,80000,625,cheap,30,0.01,,cupy,1.2675788403566161e-14,1.131931671802718e-15,320,162,162,,162,64,625,600,641024,1509.284456698696,15092.84456698696,0.001,boxeig,20000,group_b,50,diag,0.001,50,auto,boxeig,258,259,8.36990683320252e-08,0,,,2,synthetic_true_func_2d_n1000000,False,NVIDIA L4,cheap,64,0,64,64,0,0,2,1225,,,,,,,1.2675788403566161e-14,1.131931671802718e-15,,,,,1e-05,,,boxeig,999999.9999978628,True,,nan,0,0,,nan,0,0,0,0,False,258.0,SE,0.1,1.5,1.0,,38416,20000,btab_boxeig_topk_512_q64,35,259,258,1000,1000000,cufinufft,binned_c1,50,258,8.36990683320252e-08,pcg,converged,258,,True,0.1,0,0.829294688485552,0.00041914783050076205,0.02000510433966332,0,0.1,boxeig,ok,,0.0006590742857155012,0.1707002400003148,0.00043004830232249764,0.11095246199920439,24.837041279880182,600,,15092.84456698696,0.0004951570001594519,4.570873255936247e-05,0.011792853000315517,3.730439534293093e-05,0.009624533998476181,0.0002497232751897906,0.06442860499896597,0.12555302599980678,0.0,0.0,0.0009784509998098656,0.0,5.672600774627525e-05,0.014635309998539014,0.12457457499999691,,0.02559135299998161,0.018090516999791362,0.1264777320000121,0.012454567000077077,0.5725454890000492,0.0,0.5906360059998406,0.6162273589998222,1e-07,,,v7_btab_boxeig
1225,expanded_box,topk,512,,512,0,"[12, 12]","[25, 25]",625,topk,512,,512,80000,625,cheap,30,0.01,,cupy,1.0124953008991975e-13,3.997856756206104e-15,640,290,290,,290,128,625,600,1282048,70.92553974654133,709.2553974654132,0.001,boxeig,20000,group_b,50,diag,0.001,50,auto,boxeig,77,78,9.483828918727788e-08,0,,,2,synthetic_true_func_2d_n1000000,False,NVIDIA L4,cheap,128,0,128,128,0,0,2,1225,,,,,,,1.0124953008991975e-13,3.997856756206104e-15,,,,,1e-05,,,boxeig,999999.9999978628,True,,nan,0,0,,nan,0,0,0,0,False,77.0,SE,0.1,1.5,1.0,,38416,20000,btab_boxeig_topk_512_q128,35,78,77,1000,1000000,cufinufft,binned_c1,50,77,9.483828918727788e-08,pcg,converged,77,,True,0.1,0,0.829294688485552,0.0004195254617839604,0.020005110345994434,0,0.1,boxeig,ok,,0.0007241013589662496,0.056479905999367475,0.0004684534935086639,0.03607091900016712,24.837041279880182,600,,709.2553974654132,0.00045297199994820403,5.001031168925598e-05,0.0038507940000727103,4.0822714292706034e-05,0.0031433490005383646,0.00027155798701134295,0.02090996499987341,0.23630171500008146,0.0,0.0,0.0008887070000582753,0.0,6.149819479672603e-05,0.004735360999347904,0.23541300800002318,,0.05025606499998503,0.018326999999999316,0.23719778400004543,0.012445456000023114,0.3840997779998361,0.0,0.4024267779998354,0.4526828429998204,1e-07,,,v7_btab_boxeig
1225,expanded_box,topk,512,,512,0,"[12, 12]","[25, 25]",625,topk,512,,512,80000,625,cheap,30,0.01,,cupy,5.076099638664173e-11,4.68759704903444e-14,1280,546,546,,546,256,625,600,2564096,0.2843990607128772,2.8439906071287715,0.001,boxeig,20000,group_b,50,diag,0.001,50,auto,boxeig,10,11,8.308982332438624e-08,0,,,2,synthetic_true_func_2d_n1000000,False,NVIDIA L4,cheap,256,0,256,256,0,0,2,1225,,,,,,,5.076099638664173e-11,4.68759704903444e-14,,,,,1e-05,,,boxeig,999999.9999978628,True,,nan,0,0,,nan,0,0,0,0,False,10.0,SE,0.1,1.5,1.0,,38416,20000,btab_boxeig_topk_512_q256,35,11,10,1000,1000000,cufinufft,binned_c1,50,10,8.308982332438624e-08,pcg,converged,10,,True,0.1,0,0.829294688485552,0.00041993695312198394,0.02000511889492159,0,0.1,boxeig,ok,,0.0007708891817566672,0.008479780999323339,0.0004917589999649863,0.004917589999649863,24.837041279880182,600,,2.8439906071287715,0.000492429999894739,5.1715699942178614e-05,0.0005171569994217862,4.509670000061305e-05,0.00045096700000613055,0.0002876504000141722,0.002876504000141722,0.4645689830001629,0.0,0.0,0.000956893999955355,0.0,6.207429994447012e-05,0.0006207429994447011,0.46361208900020756,,0.11337028399998417,0.017787264000162395,0.4655351950000295,0.013086562999887974,0.4868101370000204,0.0,0.5045974010001828,0.617967685000167,1e-07,,,v7_btab_boxeig
