dataset_stem,n_train,kernel,kernel_family,kernel_label,kernel_nu,kernel_lengthscale,eps,reg_lambda,method,method_family,M,mtot,topk,q,btab_active_topk,btab_box_size,btab_eig_q,cg_iters,time_solve,time_total,rmse_test,rmse_train,Speedup,status,table1_source
synthetic_true_func_2d_ntrain3000000,3000000,Matern-1.5,matern,Matern-1.5,1.5,0.1,1e-05,0.1,plain_cg,EFGP-CG,35721.0,189.0,,,,,,2730.0,2.98855155199999,3.033507663999899,0.0130598633470349,0.2995625807105733,1.0,ok,group_a
synthetic_true_func_2d_ntrain3000000,3000000,Matern-1.5,matern,Matern-1.5,1.5,0.1,1e-05,0.1,eigenpro_pcg_q64,EigenPro-PCG,35721.0,189.0,,64.0,,,,957.0,1.405101318999641,1.6789614999997866,0.013121984785598,0.2995611850010416,1.8067761911159275,ok,group_a
synthetic_true_func_2d_ntrain3000000,3000000,Matern-1.5,matern,Matern-1.5,1.5,0.1,1e-05,0.1,eigenpro_pcg_q128,EigenPro-PCG,35721.0,189.0,,128.0,,,,522.0,0.7864470520003124,1.2488227510002616,0.0131220232034447,0.2995611853563965,2.4290938498439187,ok,group_a
synthetic_true_func_2d_ntrain3000000,3000000,Matern-1.5,matern,Matern-1.5,1.5,0.1,1e-05,0.1,eigenpro_pcg_q256,EigenPro-PCG,35721.0,189.0,,256.0,,,,257.0,0.415510999000162,1.302034066000033,0.0131220178424432,0.2995611855600144,2.3298220401553014,ok,group_a
synthetic_true_func_2d_ntrain3000000,3000000,Matern-1.5,matern,Matern-1.5,1.5,0.1,1e-05,0.1,eigenpro_pcg_q320,EigenPro-PCG,35721.0,189.0,,320.0,,,,195.0,0.3256960759999856,1.436926762999974,0.0131220246380721,0.2995611860548655,2.111108055129149,ok,group_a
synthetic_true_func_2d_ntrain3000000,3000000,Matern-1.5,matern,Matern-1.5,1.5,0.1,1e-05,0.1,eigenpro_pcg_q384,EigenPro-PCG,35721.0,189.0,,384.0,,,,157.0,0.2708871189997808,1.6106422459997702,0.0131220489695083,0.299561186369383,1.883414936826593,ok,group_a
synthetic_true_func_2d_ntrain3000000,3000000,Matern-1.5,matern,Matern-1.5,1.5,0.1,1e-05,0.1,eigenpro_pcg_q448,EigenPro-PCG,35721.0,189.0,,448.0,,,,131.0,0.2377555669995672,1.819577078999828,0.013122044223515,0.2995611865132231,1.6671498553209603,ok,group_a
synthetic_true_func_2d_ntrain3000000,3000000,Matern-1.5,matern,Matern-1.5,1.5,0.1,1e-05,0.1,btab_auto_topk_512,Active inverse,35721.0,189.0,512.0,,512.0,625.0,,359.0,0.5695061279998299,0.6054838539998855,0.0131219790685735,0.2995611848426407,5.010055419249004,ok,group_a
synthetic_true_func_2d_ntrain3000000,3000000,Matern-1.5,matern,Matern-1.5,1.5,0.1,1e-05,0.1,btab_auto_topk_728,Active inverse,35721.0,189.0,728.0,,728.0,961.0,,283.0,0.4595247909996942,0.4968215429998963,0.0131219932859713,0.2995611843320902,6.10582956142168,ok,group_a
synthetic_true_func_2d_ntrain3000000,3000000,Matern-1.5,matern,Matern-1.5,1.5,0.1,1e-05,0.1,btab_auto_topk_1024,Active inverse,35721.0,189.0,1024.0,,1024.0,1369.0,,188.0,0.3422932789999322,0.3844376339998234,0.0131220090057601,0.2995611843810068,7.890766656839045,ok,group_a
synthetic_true_func_2d_ntrain3000000,3000000,Matern-1.5,matern,Matern-1.5,1.5,0.1,1e-05,0.1,btab_auto_topk_2048,Active inverse,35721.0,189.0,2048.0,,2048.0,2601.0,,111.0,0.3995819670003584,0.4411022660001436,0.0131219991534976,0.2995611842555524,6.877107414358446,ok,group_a
synthetic_true_func_2d_ntrain3000000,3000000,Matern-1.5,matern,Matern-1.5,1.5,0.1,1e-05,0.1,btab_auto_topk_4096,Active inverse,35721.0,189.0,4096.0,,4096.0,5329.0,,54.0,0.9981912089997422,1.0398002739998446,0.0131220274810674,0.2995611840826372,2.917394561102368,ok,group_a
synthetic_true_func_2d_ntrain3000000,3000000,Matern-1.5,matern,Matern-1.5,1.5,0.1,1e-05,0.1,btab_boxeig_topk_2048_q192,Box-EigenPro,35721.0,189.0,2048.0,192.0,2048.0,2601.0,192.0,376.0,0.9990763470000276,1.034491782999794,0.0131220160750158,0.2995611858731815,2.9323651611841783,ok,group_a
synthetic_true_func_2d_ntrain3000000,3000000,Matern-1.5,matern,Matern-1.5,1.5,0.1,1e-05,0.1,btab_boxeig_topk_4096_q192,Box-EigenPro,35721.0,189.0,4096.0,192.0,4096.0,5329.0,192.0,432.0,1.1231752960002268,1.1595373620002647,0.0131220522587982,0.2995611854888159,2.6161361965663046,ok,group_a
synthetic_true_func_2d_ntrain3000000,3000000,Matern-1.5,matern,Matern-1.5,1.5,0.1,1e-05,0.1,btab_boxeig_topk_4096_q256,Box-EigenPro,35721.0,189.0,4096.0,256.0,4096.0,5329.0,256.0,306.0,1.0244043920001786,1.0668254850002086,0.0131219903439829,0.2995611860027579,2.8434900615439513,ok,group_a
synthetic_true_func_2d_ntrain3000000,3000000,Matern-1.5,matern,Matern-1.5,1.5,0.1,1e-05,0.1,btab_boxeig_topk_8192_q192,Box-EigenPro,35721.0,189.0,8192.0,192.0,8192.0,10609.0,192.0,468.0,1.218358328999784,1.261031948999971,0.0131220046395043,0.2995611856383444,2.4055755814954125,ok,group_a
synthetic_true_func_2d_ntrain3000000,3000000,Matern-1.5,matern,Matern-1.5,1.5,0.1,1e-05,0.1,btab_boxeig_topk_8192_q256,Box-EigenPro,35721.0,189.0,8192.0,256.0,8192.0,10609.0,256.0,334.0,1.0863947190000545,1.1288474230000247,0.0131220249484919,0.2995611855883189,2.687261008168889,ok,group_a
synthetic_true_func_2d_ntrain3000000,3000000,Matern-1.5,matern,Matern-1.5,1.5,0.1,1e-05,0.1,btab_boxeig_topk_8192_q320,Box-EigenPro,35721.0,189.0,8192.0,320.0,8192.0,10609.0,320.0,253.0,1.0447723069996755,1.08713055599992,0.0131220101815456,0.2995611863732813,2.790380278852287,ok,group_a
synthetic_true_func_2d_ntrain3000000,3000000,Matern-1.5,matern,Matern-1.5,1.5,0.1,1e-05,0.1,btab_boxeig_topk_16384_q192,Box-EigenPro,35721.0,189.0,16384.0,192.0,16384.0,21025.0,192.0,456.0,1.2167401010001413,1.259453054000005,0.0131219772368613,0.2995611861554056,2.4085912963294036,ok,group_a
synthetic_true_func_2d_ntrain3000000,3000000,Matern-1.5,matern,Matern-1.5,1.5,0.1,1e-05,0.1,btab_boxeig_topk_16384_q256,Box-EigenPro,35721.0,189.0,16384.0,256.0,16384.0,21025.0,256.0,318.0,1.2183308230000875,1.2610748850001985,0.0131219840185682,0.2995611865852678,2.4054936785133276,ok,group_a
synthetic_true_func_2d_ntrain3000000,3000000,Matern-1.5,matern,Matern-1.5,1.5,0.1,1e-05,0.1,btab_boxeig_topk_16384_q320,Box-EigenPro,35721.0,189.0,16384.0,320.0,16384.0,21025.0,320.0,243.0,1.356357202000254,1.394584954000038,0.013122006105462,0.299561186632796,2.1752046408495933,ok,group_a
synthetic_true_func_2d_ntrain1000000,1000000,Matern-1.5,matern,Matern-1.5,1.5,0.1,1e-05,0.1,plain_cg,EFGP-CG,35721.0,189.0,,,,,,1817.0,1.9247010729995964,1.941298937999818,0.0187432708581903,0.2990455707184306,1.0,ok,group_a
synthetic_true_func_2d_ntrain1000000,1000000,Matern-1.5,matern,Matern-1.5,1.5,0.1,1e-05,0.1,eigenpro_pcg_q64,EigenPro-PCG,35721.0,189.0,,64.0,,,,636.0,0.9217907170000216,1.1624938560003102,0.0189347182886233,0.299035258821357,1.6699433962421733,ok,group_a
synthetic_true_func_2d_ntrain1000000,1000000,Matern-1.5,matern,Matern-1.5,1.5,0.1,1e-05,0.1,eigenpro_pcg_q128,EigenPro-PCG,35721.0,189.0,,128.0,,,,346.0,0.5114237570001023,0.943979530999968,0.0189347090140999,0.2990352589941314,2.0565053311520205,ok,group_a
synthetic_true_func_2d_ntrain1000000,1000000,Matern-1.5,matern,Matern-1.5,1.5,0.1,1e-05,0.1,eigenpro_pcg_q256,EigenPro-PCG,35721.0,189.0,,256.0,,,,167.0,0.2683222699997714,1.120528979000028,0.0189347287103111,0.2990352592176367,1.7324843662073373,ok,group_a
synthetic_true_func_2d_ntrain1000000,1000000,Matern-1.5,matern,Matern-1.5,1.5,0.1,1e-05,0.1,eigenpro_pcg_q320,EigenPro-PCG,35721.0,189.0,,320.0,,,,130.0,0.2166642909996881,1.2983832439999787,0.0189347241498377,0.2990352593073548,1.495166351669161,ok,group_a
synthetic_true_func_2d_ntrain1000000,1000000,Matern-1.5,matern,Matern-1.5,1.5,0.1,1e-05,0.1,eigenpro_pcg_q384,EigenPro-PCG,35721.0,189.0,,384.0,,,,104.0,0.1795612290002282,1.4878052580002077,0.0189346974160755,0.2990352595457636,1.3048071496999287,ok,group_a
synthetic_true_func_2d_ntrain1000000,1000000,Matern-1.5,matern,Matern-1.5,1.5,0.1,1e-05,0.1,eigenpro_pcg_q448,EigenPro-PCG,35721.0,189.0,,448.0,,,,86.0,0.1560684979999678,1.7098590020000302,0.0189346952831311,0.2990352597928596,1.135356152600344,ok,group_a
synthetic_true_func_2d_ntrain1000000,1000000,Matern-1.5,matern,Matern-1.5,1.5,0.1,1e-05,0.1,btab_auto_topk_512,Active inverse,35721.0,189.0,512.0,,512.0,625.0,,250.0,0.3957973290002883,0.4151879290002398,0.018934703861253,0.2990352585110706,4.675711412599129,ok,group_a
synthetic_true_func_2d_ntrain1000000,1000000,Matern-1.5,matern,Matern-1.5,1.5,0.1,1e-05,0.1,btab_auto_topk_728,Active inverse,35721.0,189.0,728.0,,728.0,961.0,,176.0,0.3246540170002845,0.3440048520001255,0.0189347109113451,0.2990352588724111,5.6432312704679815,ok,group_a
synthetic_true_func_2d_ntrain1000000,1000000,Matern-1.5,matern,Matern-1.5,1.5,0.1,1e-05,0.1,btab_auto_topk_1024,Active inverse,35721.0,189.0,1024.0,,1024.0,1369.0,,130.0,0.2541113960000984,0.2735630610000044,0.0189347057371067,0.2990352584290108,7.096348940180147,ok,group_a
synthetic_true_func_2d_ntrain1000000,1000000,Matern-1.5,matern,Matern-1.5,1.5,0.1,1e-05,0.1,btab_auto_topk_2048,Active inverse,35721.0,189.0,2048.0,,2048.0,2601.0,,72.0,0.3303138759997637,0.3527035369997975,0.0189347131414183,0.2990352589218062,5.5040529349750535,ok,group_a
synthetic_true_func_2d_ntrain1000000,1000000,Matern-1.5,matern,Matern-1.5,1.5,0.1,1e-05,0.1,btab_auto_topk_4096,Active inverse,35721.0,189.0,4096.0,,4096.0,5329.0,,35.0,0.984469529999842,1.007232550000026,0.0189347188705583,0.2990352579292464,1.927359216101354,ok,group_a
synthetic_true_func_2d_ntrain1000000,1000000,Matern-1.5,matern,Matern-1.5,1.5,0.1,1e-05,0.1,btab_boxeig_topk_2048_q192,Box-EigenPro,35721.0,189.0,2048.0,192.0,2048.0,2601.0,192.0,280.0,0.8613026910002191,0.8804252899999483,0.0189346714172183,0.2990352590753132,2.2049559003466745,ok,group_a
synthetic_true_func_2d_ntrain1000000,1000000,Matern-1.5,matern,Matern-1.5,1.5,0.1,1e-05,0.1,btab_boxeig_topk_4096_q192,Box-EigenPro,35721.0,189.0,4096.0,192.0,4096.0,5329.0,192.0,303.0,0.893304117000298,0.9126719850000882,0.0189347561750844,0.2990352608144554,2.1270499915691294,ok,group_a
synthetic_true_func_2d_ntrain1000000,1000000,Matern-1.5,matern,Matern-1.5,1.5,0.1,1e-05,0.1,btab_boxeig_topk_4096_q256,Box-EigenPro,35721.0,189.0,4096.0,256.0,4096.0,5329.0,256.0,216.0,0.8876459749999412,0.9099994539997168,0.0189347636838379,0.2990352609825575,2.13329681624229,ok,group_a
synthetic_true_func_2d_ntrain1000000,1000000,Matern-1.5,matern,Matern-1.5,1.5,0.1,1e-05,0.1,btab_boxeig_topk_8192_q192,Box-EigenPro,35721.0,189.0,8192.0,192.0,8192.0,10609.0,192.0,305.0,0.8934176239999942,0.9159362169998532,0.0189347537990637,0.2990352597335931,2.1194695678248623,ok,group_a
synthetic_true_func_2d_ntrain1000000,1000000,Matern-1.5,matern,Matern-1.5,1.5,0.1,1e-05,0.1,btab_boxeig_topk_8192_q256,Box-EigenPro,35721.0,189.0,8192.0,256.0,8192.0,10609.0,256.0,213.0,0.853950493999946,0.8762979640000594,0.0189347943021832,0.2990352595105409,2.215341148504239,ok,group_a
synthetic_true_func_2d_ntrain1000000,1000000,Matern-1.5,matern,Matern-1.5,1.5,0.1,1e-05,0.1,btab_boxeig_topk_8192_q320,Box-EigenPro,35721.0,189.0,8192.0,320.0,8192.0,10609.0,320.0,161.0,0.9161845990001892,0.9386211730002288,0.0189346702740635,0.2990352615613037,2.0682454155541885,ok,group_a
synthetic_true_func_2d_ntrain1000000,1000000,Matern-1.5,matern,Matern-1.5,1.5,0.1,1e-05,0.1,btab_boxeig_topk_16384_q192,Box-EigenPro,35721.0,189.0,16384.0,192.0,16384.0,21025.0,192.0,264.0,0.8234617449998041,0.846249453999917,0.0189347045375067,0.2990352580478352,2.294003179350953,ok,group_a
synthetic_true_func_2d_ntrain1000000,1000000,Matern-1.5,matern,Matern-1.5,1.5,0.1,1e-05,0.1,btab_boxeig_topk_16384_q256,Box-EigenPro,35721.0,189.0,16384.0,256.0,16384.0,21025.0,256.0,186.0,0.800110541000322,0.822022821000246,0.0189346803311044,0.2990352577340832,2.3616119752461677,ok,group_a
synthetic_true_func_2d_ntrain1000000,1000000,Matern-1.5,matern,Matern-1.5,1.5,0.1,1e-05,0.1,btab_boxeig_topk_16384_q320,Box-EigenPro,35721.0,189.0,16384.0,320.0,16384.0,21025.0,320.0,143.0,0.8554530449996491,0.8747517919996426,0.0189346555896691,0.2990352580982994,2.2192568860729023,ok,group_a
synthetic_true_func_2d_ntrain30000000,30000000,Matern-1.5,matern,Matern-1.5,1.5,0.1,1e-05,0.1,plain_cg,EFGP-CG,35721.0,189.0,,,,,,6236.0,6.681344959000398,7.0125219490000745,0.0052382503378383,0.3000032110331405,1.0,ok,group_a
synthetic_true_func_2d_ntrain30000000,30000000,Matern-1.5,matern,Matern-1.5,1.5,0.1,1e-05,0.1,eigenpro_pcg_q64,EigenPro-PCG,35721.0,189.0,,64.0,,,,2013.0,2.971782863000044,3.379932012000154,0.0052617334936474,0.3000031626834086,2.0747523690129643,ok,group_a
synthetic_true_func_2d_ntrain30000000,30000000,Matern-1.5,matern,Matern-1.5,1.5,0.1,1e-05,0.1,eigenpro_pcg_q128,EigenPro-PCG,35721.0,189.0,,128.0,,,,1145.0,1.7037563420003607,2.297959233000256,0.005261765387758,0.3000031624007078,3.0516302675415186,ok,group_a
synthetic_true_func_2d_ntrain30000000,30000000,Matern-1.5,matern,Matern-1.5,1.5,0.1,1e-05,0.1,eigenpro_pcg_q256,EigenPro-PCG,35721.0,189.0,,256.0,,,,547.0,0.8864241030000812,1.904623044000345,0.0052618067744977,0.3000031635330394,3.681842436533496,ok,group_a
synthetic_true_func_2d_ntrain30000000,30000000,Matern-1.5,matern,Matern-1.5,1.5,0.1,1e-05,0.1,eigenpro_pcg_q320,EigenPro-PCG,35721.0,189.0,,320.0,,,,423.0,0.7037836729996343,1.962320076999731,0.00526181971693,0.30000316413361,3.5735872201449403,ok,group_a
synthetic_true_func_2d_ntrain30000000,30000000,Matern-1.5,matern,Matern-1.5,1.5,0.1,1e-05,0.1,eigenpro_pcg_q384,EigenPro-PCG,35721.0,189.0,,384.0,,,,338.0,0.581460621000133,2.0611224009999205,0.005261840676748,0.3000031649015892,3.4022831179740036,ok,group_a
synthetic_true_func_2d_ntrain30000000,30000000,Matern-1.5,matern,Matern-1.5,1.5,0.1,1e-05,0.1,eigenpro_pcg_q448,EigenPro-PCG,35721.0,189.0,,448.0,,,,281.0,0.4958719589999418,2.2078942860002826,0.0052619052120983,0.3000031652091959,3.1761130926714927,ok,group_a
synthetic_true_func_2d_ntrain30000000,30000000,Matern-1.5,matern,Matern-1.5,1.5,0.1,1e-05,0.1,btab_auto_topk_512,Active inverse,35721.0,189.0,512.0,,512.0,625.0,,817.0,1.2415530569996918,1.415304193999873,0.0052617042537811,0.3000031599415331,4.954780731046646,ok,group_a
synthetic_true_func_2d_ntrain30000000,30000000,Matern-1.5,matern,Matern-1.5,1.5,0.1,1e-05,0.1,btab_auto_topk_728,Active inverse,35721.0,189.0,728.0,,728.0,961.0,,541.0,0.8487808230001974,1.0226022070000909,0.0052616802002379,0.3000031603483759,6.857526710774497,ok,group_a
synthetic_true_func_2d_ntrain30000000,30000000,Matern-1.5,matern,Matern-1.5,1.5,0.1,1e-05,0.1,btab_auto_topk_1024,Active inverse,35721.0,189.0,1024.0,,1024.0,1369.0,,435.0,0.7206836469999871,0.8945930810000391,0.0052616765335011,0.3000031598017194,7.838784021402205,ok,group_a
synthetic_true_func_2d_ntrain30000000,30000000,Matern-1.5,matern,Matern-1.5,1.5,0.1,1e-05,0.1,btab_auto_topk_2048,Active inverse,35721.0,189.0,2048.0,,2048.0,2601.0,,262.0,0.6159060959998897,0.7900717830002577,0.0052616373853819,0.3000031602134351,8.875803566063803,ok,group_a
synthetic_true_func_2d_ntrain30000000,30000000,Matern-1.5,matern,Matern-1.5,1.5,0.1,1e-05,0.1,btab_auto_topk_4096,Active inverse,35721.0,189.0,4096.0,,4096.0,5329.0,,127.0,1.1035516570000254,1.2772000209997714,0.005261657741289,0.3000031601115861,5.490543245928532,ok,group_a
synthetic_true_func_2d_ntrain30000000,30000000,Matern-1.5,matern,Matern-1.5,1.5,0.1,1e-05,0.1,btab_boxeig_topk_2048_q192,Box-EigenPro,35721.0,189.0,2048.0,192.0,2048.0,2601.0,192.0,650.0,1.7332469970001512,1.907196428000134,0.0052614698292987,0.300003162600916,3.67687451908314,ok,group_a
synthetic_true_func_2d_ntrain30000000,30000000,Matern-1.5,matern,Matern-1.5,1.5,0.1,1e-05,0.1,btab_boxeig_topk_4096_q192,Box-EigenPro,35721.0,189.0,4096.0,192.0,4096.0,5329.0,192.0,755.0,1.636065456000324,1.8241204910000304,0.0052616172801291,0.3000031623775079,3.8443304505370843,ok,group_a
synthetic_true_func_2d_ntrain30000000,30000000,Matern-1.5,matern,Matern-1.5,1.5,0.1,1e-05,0.1,btab_boxeig_topk_4096_q256,Box-EigenPro,35721.0,189.0,4096.0,256.0,4096.0,5329.0,256.0,531.0,1.3708090599998286,1.544450735999817,0.005261578194058,0.3000031622261001,4.540463341137548,ok,group_a
synthetic_true_func_2d_ntrain30000000,30000000,Matern-1.5,matern,Matern-1.5,1.5,0.1,1e-05,0.1,btab_boxeig_topk_8192_q192,Box-EigenPro,35721.0,189.0,8192.0,192.0,8192.0,10609.0,192.0,885.0,1.8491896769996856,2.02328661699994,0.0052614262261163,0.3000031620296335,3.4659063575471087,ok,group_a
synthetic_true_func_2d_ntrain30000000,30000000,Matern-1.5,matern,Matern-1.5,1.5,0.1,1e-05,0.1,btab_boxeig_topk_8192_q256,Box-EigenPro,35721.0,189.0,8192.0,256.0,8192.0,10609.0,256.0,636.0,1.5420058629997584,1.7216033419999803,0.005261591635984,0.3000031619052948,4.073250659965409,ok,group_a
synthetic_true_func_2d_ntrain30000000,30000000,Matern-1.5,matern,Matern-1.5,1.5,0.1,1e-05,0.1,btab_boxeig_topk_8192_q320,Box-EigenPro,35721.0,189.0,8192.0,320.0,8192.0,10609.0,320.0,493.0,1.418157204000181,1.592021147000196,0.0052616152307284,0.3000031617838238,4.404791960341473,ok,group_a
synthetic_true_func_2d_ntrain30000000,30000000,Matern-1.5,matern,Matern-1.5,1.5,0.1,1e-05,0.1,btab_boxeig_topk_16384_q192,Box-EigenPro,35721.0,189.0,16384.0,192.0,16384.0,21025.0,192.0,1042.0,2.115905895999731,2.2897041440000976,0.0052616420506695,0.3000031632256447,3.0626323350008207,ok,group_a
synthetic_true_func_2d_ntrain30000000,30000000,Matern-1.5,matern,Matern-1.5,1.5,0.1,1e-05,0.1,btab_boxeig_topk_16384_q256,Box-EigenPro,35721.0,189.0,16384.0,256.0,16384.0,21025.0,256.0,727.0,1.7028389970000717,1.8787320980000004,0.0052617202865687,0.3000031638215995,3.7325821794737193,ok,group_a
synthetic_true_func_2d_ntrain30000000,30000000,Matern-1.5,matern,Matern-1.5,1.5,0.1,1e-05,0.1,btab_boxeig_topk_16384_q320,Box-EigenPro,35721.0,189.0,16384.0,320.0,16384.0,21025.0,320.0,549.0,1.5746899040000244,1.7602575629998682,0.005261623855457,0.3000031644416984,3.9838044706646145,ok,group_a
synthetic_true_func_2d_ntrain10000000,10000000,Matern-1.5,matern,Matern-1.5,1.5,0.1,1e-05,0.1,plain_cg,EFGP-CG,35721.0,189.0,,,,,,4183.0,4.4816106760004,4.608695196000099,0.0082486427618099,0.2998208917821314,1.0,ok,group_a
synthetic_true_func_2d_ntrain10000000,10000000,Matern-1.5,matern,Matern-1.5,1.5,0.1,1e-05,0.1,eigenpro_pcg_q64,EigenPro-PCG,35721.0,189.0,,64.0,,,,1466.0,2.1260793689998536,2.4292028239997308,0.0082805218811598,0.2998206813476858,1.8972047745324907,ok,group_a
synthetic_true_func_2d_ntrain10000000,10000000,Matern-1.5,matern,Matern-1.5,1.5,0.1,1e-05,0.1,eigenpro_pcg_q128,EigenPro-PCG,35721.0,189.0,,128.0,,,,812.0,1.2017721489996802,1.7022688160000143,0.0082805173257945,0.2998206815487276,2.707383905927147,ok,group_a
synthetic_true_func_2d_ntrain10000000,10000000,Matern-1.5,matern,Matern-1.5,1.5,0.1,1e-05,0.1,eigenpro_pcg_q256,EigenPro-PCG,35721.0,189.0,,256.0,,,,389.0,0.6318348090003383,1.543000604000099,0.0082805657441374,0.2998206824030219,2.9868395281586055,ok,group_a
synthetic_true_func_2d_ntrain10000000,10000000,Matern-1.5,matern,Matern-1.5,1.5,0.1,1e-05,0.1,eigenpro_pcg_q320,EigenPro-PCG,35721.0,189.0,,320.0,,,,297.0,0.5015442170001734,1.6534296980003091,0.008280527407644,0.2998206830334604,2.787354794445719,ok,group_a
synthetic_true_func_2d_ntrain10000000,10000000,Matern-1.5,matern,Matern-1.5,1.5,0.1,1e-05,0.1,eigenpro_pcg_q384,EigenPro-PCG,35721.0,189.0,,384.0,,,,240.0,0.4118982139998479,1.779316482000013,0.0082805164873837,0.299820683283432,2.59014921888419,ok,group_a
synthetic_true_func_2d_ntrain10000000,10000000,Matern-1.5,matern,Matern-1.5,1.5,0.1,1e-05,0.1,eigenpro_pcg_q448,EigenPro-PCG,35721.0,189.0,,448.0,,,,199.0,0.3541597430003094,1.959209752000333,0.0082805603362321,0.2998206836983403,2.352323528042196,ok,group_a
synthetic_true_func_2d_ntrain10000000,10000000,Matern-1.5,matern,Matern-1.5,1.5,0.1,1e-05,0.1,btab_auto_topk_512,Active inverse,35721.0,189.0,512.0,,512.0,625.0,,596.0,0.919902705000368,0.9926680120001948,0.008280486872648,0.2998206805611629,4.642735678279512,ok,group_a
synthetic_true_func_2d_ntrain10000000,10000000,Matern-1.5,matern,Matern-1.5,1.5,0.1,1e-05,0.1,btab_auto_topk_728,Active inverse,35721.0,189.0,728.0,,728.0,961.0,,408.0,0.6476539989998855,0.7203868909996345,0.0082804961228226,0.2998206805205145,6.397527847300093,ok,group_a
synthetic_true_func_2d_ntrain10000000,10000000,Matern-1.5,matern,Matern-1.5,1.5,0.1,1e-05,0.1,btab_auto_topk_1024,Active inverse,35721.0,189.0,1024.0,,1024.0,1369.0,,323.0,0.5456670690000465,0.6181714809999903,0.0082804920173569,0.299820680355937,7.4553668968112285,ok,group_a
synthetic_true_func_2d_ntrain10000000,10000000,Matern-1.5,matern,Matern-1.5,1.5,0.1,1e-05,0.1,btab_auto_topk_2048,Active inverse,35721.0,189.0,2048.0,,2048.0,2601.0,,174.0,0.4827056320000338,0.5555807010000535,0.0082804884986915,0.2998206805358442,8.295275893680934,ok,group_a
synthetic_true_func_2d_ntrain10000000,10000000,Matern-1.5,matern,Matern-1.5,1.5,0.1,1e-05,0.1,btab_auto_topk_4096,Active inverse,35721.0,189.0,4096.0,,4096.0,5329.0,,88.0,1.0385965370001031,1.1114181240000107,0.0082805131900777,0.2998206800927435,4.146679900642015,ok,group_a
synthetic_true_func_2d_ntrain10000000,10000000,Matern-1.5,matern,Matern-1.5,1.5,0.1,1e-05,0.1,btab_boxeig_topk_2048_q192,Box-EigenPro,35721.0,189.0,2048.0,192.0,2048.0,2601.0,192.0,510.0,1.215266660999987,1.287901430999682,0.0082804271448833,0.2998206809150431,3.578453354479763,ok,group_a
synthetic_true_func_2d_ntrain10000000,10000000,Matern-1.5,matern,Matern-1.5,1.5,0.1,1e-05,0.1,btab_boxeig_topk_4096_q192,Box-EigenPro,35721.0,189.0,4096.0,192.0,4096.0,5329.0,192.0,602.0,2.243321787999776,2.3163988520000203,0.008280606661181,0.2998206814567358,1.9895948368394627,ok,group_a
synthetic_true_func_2d_ntrain10000000,10000000,Matern-1.5,matern,Matern-1.5,1.5,0.1,1e-05,0.1,btab_boxeig_topk_4096_q256,Box-EigenPro,35721.0,189.0,4096.0,256.0,4096.0,5329.0,256.0,416.0,1.1847239759999866,1.2682697440000084,0.0082805122973751,0.2998206817992346,3.6338446279296153,ok,group_a
synthetic_true_func_2d_ntrain10000000,10000000,Matern-1.5,matern,Matern-1.5,1.5,0.1,1e-05,0.1,btab_boxeig_topk_8192_q192,Box-EigenPro,35721.0,189.0,8192.0,192.0,8192.0,10609.0,192.0,675.0,1.5035205720000704,1.5841793989998223,0.0082807024055574,0.299820682249574,2.9092003083172373,ok,group_a
synthetic_true_func_2d_ntrain10000000,10000000,Matern-1.5,matern,Matern-1.5,1.5,0.1,1e-05,0.1,btab_boxeig_topk_8192_q256,Box-EigenPro,35721.0,189.0,8192.0,256.0,8192.0,10609.0,256.0,476.0,1.2771234389997517,1.362119007999809,0.0082807669696185,0.2998206825857623,3.3834746956271426,ok,group_a
synthetic_true_func_2d_ntrain10000000,10000000,Matern-1.5,matern,Matern-1.5,1.5,0.1,1e-05,0.1,btab_boxeig_topk_8192_q320,Box-EigenPro,35721.0,189.0,8192.0,320.0,8192.0,10609.0,320.0,365.0,1.2101993390001553,1.2828844350001418,0.0082804420283249,0.2998206827652528,3.592447667353287,ok,group_a
synthetic_true_func_2d_ntrain10000000,10000000,Matern-1.5,matern,Matern-1.5,1.5,0.1,1e-05,0.1,btab_boxeig_topk_16384_q192,Box-EigenPro,35721.0,189.0,16384.0,192.0,16384.0,21025.0,192.0,746.0,1.6271189179997236,1.6999746209999105,0.0082806454514313,0.2998206829774936,2.7110376467204573,ok,group_a
synthetic_true_func_2d_ntrain10000000,10000000,Matern-1.5,matern,Matern-1.5,1.5,0.1,1e-05,0.1,btab_boxeig_topk_16384_q256,Box-EigenPro,35721.0,189.0,16384.0,256.0,16384.0,21025.0,256.0,529.0,2.6193075529999987,2.704236079000111,0.0082806229308661,0.2998206830884441,1.704250317414654,ok,group_a
synthetic_true_func_2d_ntrain10000000,10000000,Matern-1.5,matern,Matern-1.5,1.5,0.1,1e-05,0.1,btab_boxeig_topk_16384_q320,Box-EigenPro,35721.0,189.0,16384.0,320.0,16384.0,21025.0,320.0,398.0,1.2842616419998194,1.3692691960000047,0.0082804917169418,0.2998206836156898,3.365806526184412,ok,group_a
USGS_LPC_IL_Winnebago_2018_ground_elevation_regression_ntrain3000000,3000000,Matern-1.5,matern,Matern-1.5,1.5,0.1,1e-05,0.1,plain_cg,EFGP-CG,35721.0,189.0,,,,,,3155.0,3.391602765999778,3.436216476000027,0.0311741106522298,0.0307309459336446,1.0,ok,group_a
USGS_LPC_IL_Winnebago_2018_ground_elevation_regression_ntrain3000000,3000000,Matern-1.5,matern,Matern-1.5,1.5,0.1,1e-05,0.1,eigenpro_pcg_q64,EigenPro-PCG,35721.0,189.0,,64.0,,,,1045.0,1.5374529559999246,1.801648326999839,0.0310974333752733,0.0306543067080667,1.9072626019763368,ok,group_a
USGS_LPC_IL_Winnebago_2018_ground_elevation_regression_ntrain3000000,3000000,Matern-1.5,matern,Matern-1.5,1.5,0.1,1e-05,0.1,eigenpro_pcg_q128,EigenPro-PCG,35721.0,189.0,,128.0,,,,565.0,0.8498958710001716,1.3030644310001662,0.0310974377235076,0.0306543111220721,2.6370272983067777,ok,group_a
USGS_LPC_IL_Winnebago_2018_ground_elevation_regression_ntrain3000000,3000000,Matern-1.5,matern,Matern-1.5,1.5,0.1,1e-05,0.1,eigenpro_pcg_q256,EigenPro-PCG,35721.0,189.0,,256.0,,,,276.0,0.4456981409998661,1.3192734280000875,0.0310974428081236,0.030654316470526,2.6046279740577014,ok,group_a
USGS_LPC_IL_Winnebago_2018_ground_elevation_regression_ntrain3000000,3000000,Matern-1.5,matern,Matern-1.5,1.5,0.1,1e-05,0.1,eigenpro_pcg_q320,EigenPro-PCG,35721.0,189.0,,320.0,,,,209.0,0.3514080360000662,1.4666237649998948,0.0310974525208131,0.0306543246091453,2.342943403757182,ok,group_a
USGS_LPC_IL_Winnebago_2018_ground_elevation_regression_ntrain3000000,3000000,Matern-1.5,matern,Matern-1.5,1.5,0.1,1e-05,0.1,eigenpro_pcg_q384,EigenPro-PCG,35721.0,189.0,,384.0,,,,169.0,0.2904083700000228,1.6299336959996251,0.0310974490257421,0.0306543284126214,2.108194023127194,ok,group_a
USGS_LPC_IL_Winnebago_2018_ground_elevation_regression_ntrain3000000,3000000,Matern-1.5,matern,Matern-1.5,1.5,0.1,1e-05,0.1,eigenpro_pcg_q448,EigenPro-PCG,35721.0,189.0,,448.0,,,,141.0,0.2514290909998635,1.8206153050000464,0.0310974574151835,0.030654329780099,1.8873929415857236,ok,group_a
USGS_LPC_IL_Winnebago_2018_ground_elevation_regression_ntrain3000000,3000000,Matern-1.5,matern,Matern-1.5,1.5,0.1,1e-05,0.1,btab_auto_topk_512,Active inverse,35721.0,189.0,512.0,,512.0,625.0,,674.0,1.0194596689998434,1.0558142969998698,0.0310974184626061,0.0306542985029001,3.2545652069347293,ok,group_a
USGS_LPC_IL_Winnebago_2018_ground_elevation_regression_ntrain3000000,3000000,Matern-1.5,matern,Matern-1.5,1.5,0.1,1e-05,0.1,btab_auto_topk_728,Active inverse,35721.0,189.0,728.0,,728.0,961.0,,451.0,0.7146229869999843,0.7568729680001525,0.0310974185440935,0.0306542992283854,4.540017441869234,ok,group_a
USGS_LPC_IL_Winnebago_2018_ground_elevation_regression_ntrain3000000,3000000,Matern-1.5,matern,Matern-1.5,1.5,0.1,1e-05,0.1,btab_auto_topk_1024,Active inverse,35721.0,189.0,1024.0,,1024.0,1369.0,,317.0,0.5393995459999132,0.5821825779999017,0.0310974254904092,0.0306543052721544,5.902300422326632,ok,group_a
USGS_LPC_IL_Winnebago_2018_ground_elevation_regression_ntrain3000000,3000000,Matern-1.5,matern,Matern-1.5,1.5,0.1,1e-05,0.1,btab_auto_topk_2048,Active inverse,35721.0,189.0,2048.0,,2048.0,2601.0,,183.0,0.5033069999999498,0.5460610390000511,0.0310974181892013,0.0306542977508812,6.292733285444497,ok,group_a
USGS_LPC_IL_Winnebago_2018_ground_elevation_regression_ntrain3000000,3000000,Matern-1.5,matern,Matern-1.5,1.5,0.1,1e-05,0.1,btab_auto_topk_4096,Active inverse,35721.0,189.0,4096.0,,4096.0,5329.0,,92.0,1.078306657000212,1.120819307000147,0.0310974191200298,0.0306542978353919,3.0658077127498804,ok,group_a
USGS_LPC_IL_Winnebago_2018_ground_elevation_regression_ntrain3000000,3000000,Matern-1.5,matern,Matern-1.5,1.5,0.1,1e-05,0.1,btab_boxeig_topk_2048_q192,Box-EigenPro,35721.0,189.0,2048.0,192.0,2048.0,2601.0,192.0,717.0,1.5611106890000883,1.5970902809999643,0.0310974119568078,0.0306542912022295,2.151548047646095,ok,group_a
USGS_LPC_IL_Winnebago_2018_ground_elevation_regression_ntrain3000000,3000000,Matern-1.5,matern,Matern-1.5,1.5,0.1,1e-05,0.1,btab_boxeig_topk_4096_q192,Box-EigenPro,35721.0,189.0,4096.0,192.0,4096.0,5329.0,192.0,720.0,1.6460025549999957,1.688969113999974,0.0310974505061166,0.0306543373010829,2.034505218311576,ok,group_a
USGS_LPC_IL_Winnebago_2018_ground_elevation_regression_ntrain3000000,3000000,Matern-1.5,matern,Matern-1.5,1.5,0.1,1e-05,0.1,btab_boxeig_topk_4096_q256,Box-EigenPro,35721.0,189.0,4096.0,256.0,4096.0,5329.0,256.0,530.0,1.5493974510000044,1.591995929999939,0.0310974546254098,0.0306543313222022,2.1584329527778117,ok,group_a
USGS_LPC_IL_Winnebago_2018_ground_elevation_regression_ntrain3000000,3000000,Matern-1.5,matern,Matern-1.5,1.5,0.1,1e-05,0.1,btab_boxeig_topk_8192_q192,Box-EigenPro,35721.0,189.0,8192.0,192.0,8192.0,10609.0,192.0,731.0,1.6034944120001455,1.646208423999724,0.0310973874342464,0.0306542929645944,2.087352018070224,ok,group_a
USGS_LPC_IL_Winnebago_2018_ground_elevation_regression_ntrain3000000,3000000,Matern-1.5,matern,Matern-1.5,1.5,0.1,1e-05,0.1,btab_boxeig_topk_8192_q256,Box-EigenPro,35721.0,189.0,8192.0,256.0,8192.0,10609.0,256.0,534.0,1.3859099239998611,1.428394292000121,0.0310974154735562,0.0306542979471604,2.405649823193032,ok,group_a
USGS_LPC_IL_Winnebago_2018_ground_elevation_regression_ntrain3000000,3000000,Matern-1.5,matern,Matern-1.5,1.5,0.1,1e-05,0.1,btab_boxeig_topk_8192_q320,Box-EigenPro,35721.0,189.0,8192.0,320.0,8192.0,10609.0,320.0,410.0,1.2893763750003018,1.3315191630003935,0.0310974141251875,0.0306543021333178,2.5806736932399756,ok,group_a
USGS_LPC_IL_Winnebago_2018_ground_elevation_regression_ntrain3000000,3000000,Matern-1.5,matern,Matern-1.5,1.5,0.1,1e-05,0.1,btab_boxeig_topk_16384_q192,Box-EigenPro,35721.0,189.0,16384.0,192.0,16384.0,21025.0,192.0,654.0,1.4777163530002326,1.5203058810002403,0.0310974224328127,0.0306543184030564,2.260213894416609,ok,group_a
USGS_LPC_IL_Winnebago_2018_ground_elevation_regression_ntrain3000000,3000000,Matern-1.5,matern,Matern-1.5,1.5,0.1,1e-05,0.1,btab_boxeig_topk_16384_q256,Box-EigenPro,35721.0,189.0,16384.0,256.0,16384.0,21025.0,256.0,459.0,1.2528408100001798,1.2954879910003,0.0310974430187506,0.0306543319406942,2.652449501555612,ok,group_a
USGS_LPC_IL_Winnebago_2018_ground_elevation_regression_ntrain3000000,3000000,Matern-1.5,matern,Matern-1.5,1.5,0.1,1e-05,0.1,btab_boxeig_topk_16384_q320,Box-EigenPro,35721.0,189.0,16384.0,320.0,16384.0,21025.0,320.0,357.0,1.2068742090000342,1.2433987859999434,0.0310974387657289,0.0306543314203466,2.763567501183151,ok,group_a
USGS_LPC_IL_Winnebago_2018_ground_elevation_regression_ntrain1000000,1000000,Matern-1.5,matern,Matern-1.5,1.5,0.1,1e-05,0.1,plain_cg,EFGP-CG,35721.0,189.0,,,,,,1990.0,2.147915084999568,2.1676514659998247,0.0357787206960532,0.0351713174170914,1.0,ok,group_a
USGS_LPC_IL_Winnebago_2018_ground_elevation_regression_ntrain1000000,1000000,Matern-1.5,matern,Matern-1.5,1.5,0.1,1e-05,0.1,eigenpro_pcg_q64,EigenPro-PCG,35721.0,189.0,,64.0,,,,657.0,0.95981853100011,1.2030205549999664,0.0355266169624807,0.0349148330339848,1.8018407557465925,ok,group_a
USGS_LPC_IL_Winnebago_2018_ground_elevation_regression_ntrain1000000,1000000,Matern-1.5,matern,Matern-1.5,1.5,0.1,1e-05,0.1,eigenpro_pcg_q128,EigenPro-PCG,35721.0,189.0,,128.0,,,,359.0,0.5381400639998901,0.9743368049998936,0.0355266161286019,0.0349148345044326,2.224745544740108,ok,group_a
USGS_LPC_IL_Winnebago_2018_ground_elevation_regression_ntrain1000000,1000000,Matern-1.5,matern,Matern-1.5,1.5,0.1,1e-05,0.1,eigenpro_pcg_q256,EigenPro-PCG,35721.0,189.0,,256.0,,,,173.0,0.2800187249999908,1.134139733000211,0.0355266347433842,0.0349148369486074,1.9112737195668124,ok,group_a
USGS_LPC_IL_Winnebago_2018_ground_elevation_regression_ntrain1000000,1000000,Matern-1.5,matern,Matern-1.5,1.5,0.1,1e-05,0.1,eigenpro_pcg_q320,EigenPro-PCG,35721.0,189.0,,320.0,,,,133.0,0.2214658230000168,1.305269595000027,0.0355266468134224,0.0349148377763277,1.6606925299595137,ok,group_a
USGS_LPC_IL_Winnebago_2018_ground_elevation_regression_ntrain1000000,1000000,Matern-1.5,matern,Matern-1.5,1.5,0.1,1e-05,0.1,eigenpro_pcg_q384,EigenPro-PCG,35721.0,189.0,,384.0,,,,108.0,0.1868945930000336,1.5034442760002094,0.0355266490922778,0.0349148387318974,1.4417903613738743,ok,group_a
USGS_LPC_IL_Winnebago_2018_ground_elevation_regression_ntrain1000000,1000000,Matern-1.5,matern,Matern-1.5,1.5,0.1,1e-05,0.1,eigenpro_pcg_q448,EigenPro-PCG,35721.0,189.0,,448.0,,,,89.0,0.160532090000288,1.7267435230000956,0.0355266594046345,0.034914840556374,1.2553407249697874,ok,group_a
USGS_LPC_IL_Winnebago_2018_ground_elevation_regression_ntrain1000000,1000000,Matern-1.5,matern,Matern-1.5,1.5,0.1,1e-05,0.1,btab_auto_topk_512,Active inverse,35721.0,189.0,512.0,,512.0,625.0,,420.0,0.6478593639999417,0.667301395999857,0.0355266349899209,0.0349148335930724,3.248384431673344,ok,group_a
USGS_LPC_IL_Winnebago_2018_ground_elevation_regression_ntrain1000000,1000000,Matern-1.5,matern,Matern-1.5,1.5,0.1,1e-05,0.1,btab_auto_topk_728,Active inverse,35721.0,189.0,728.0,,728.0,961.0,,284.0,0.4616678329998649,0.4812819579997267,0.0355266295836482,0.0349148291456068,4.503911750627178,ok,group_a
USGS_LPC_IL_Winnebago_2018_ground_elevation_regression_ntrain1000000,1000000,Matern-1.5,matern,Matern-1.5,1.5,0.1,1e-05,0.1,btab_auto_topk_1024,Active inverse,35721.0,189.0,1024.0,,1024.0,1369.0,,205.0,0.377284392999627,0.3998809209997489,0.0355266350351743,0.0349148348875093,5.420742406465513,ok,group_a
USGS_LPC_IL_Winnebago_2018_ground_elevation_regression_ntrain1000000,1000000,Matern-1.5,matern,Matern-1.5,1.5,0.1,1e-05,0.1,btab_auto_topk_2048,Active inverse,35721.0,189.0,2048.0,,2048.0,2601.0,,120.0,0.4067546149999543,0.4292885780000688,0.0355266321801426,0.0349148299736811,5.049404007202534,ok,group_a
USGS_LPC_IL_Winnebago_2018_ground_elevation_regression_ntrain1000000,1000000,Matern-1.5,matern,Matern-1.5,1.5,0.1,1e-05,0.1,btab_auto_topk_4096,Active inverse,35721.0,189.0,4096.0,,4096.0,5329.0,,56.0,1.0006304089997684,1.0230557959998805,0.0355266312418813,0.0349148323984479,2.1188008263823743,ok,group_a
USGS_LPC_IL_Winnebago_2018_ground_elevation_regression_ntrain1000000,1000000,Matern-1.5,matern,Matern-1.5,1.5,0.1,1e-05,0.1,btab_boxeig_topk_2048_q192,Box-EigenPro,35721.0,189.0,2048.0,192.0,2048.0,2601.0,192.0,462.0,1.1324461779995545,1.1518286589998752,0.0355266303460072,0.0349148246161901,1.8819218023989621,ok,group_a
USGS_LPC_IL_Winnebago_2018_ground_elevation_regression_ntrain1000000,1000000,Matern-1.5,matern,Matern-1.5,1.5,0.1,1e-05,0.1,btab_boxeig_topk_4096_q192,Box-EigenPro,35721.0,189.0,4096.0,192.0,4096.0,5329.0,192.0,455.0,1.1363485379997655,1.155699039999945,0.0355266601784714,0.034914846528339,1.8756193359820805,ok,group_a
USGS_LPC_IL_Winnebago_2018_ground_elevation_regression_ntrain1000000,1000000,Matern-1.5,matern,Matern-1.5,1.5,0.1,1e-05,0.1,btab_boxeig_topk_4096_q256,Box-EigenPro,35721.0,189.0,4096.0,256.0,4096.0,5329.0,256.0,334.0,1.0514501070001645,1.0739440550000836,0.0355266317202508,0.0349148368962374,2.0184025936059173,ok,group_a
USGS_LPC_IL_Winnebago_2018_ground_elevation_regression_ntrain1000000,1000000,Matern-1.5,matern,Matern-1.5,1.5,0.1,1e-05,0.1,btab_boxeig_topk_8192_q192,Box-EigenPro,35721.0,189.0,8192.0,192.0,8192.0,10609.0,192.0,415.0,1.0727582380000058,1.0953243849999126,0.0355266093370488,0.0349148218944799,1.9790041157533416,ok,group_a
USGS_LPC_IL_Winnebago_2018_ground_elevation_regression_ntrain1000000,1000000,Matern-1.5,matern,Matern-1.5,1.5,0.1,1e-05,0.1,btab_boxeig_topk_8192_q256,Box-EigenPro,35721.0,189.0,8192.0,256.0,8192.0,10609.0,256.0,302.0,1.0041853200000332,1.0265871840001637,0.0355266100713019,0.0349148166119438,2.111512299962123,ok,group_a
USGS_LPC_IL_Winnebago_2018_ground_elevation_regression_ntrain1000000,1000000,Matern-1.5,matern,Matern-1.5,1.5,0.1,1e-05,0.1,btab_boxeig_topk_8192_q320,Box-EigenPro,35721.0,189.0,8192.0,320.0,8192.0,10609.0,320.0,235.0,0.993641750000279,1.0164580440000464,0.0355266095361948,0.034914810702774,2.1325538016989967,ok,group_a
USGS_LPC_IL_Winnebago_2018_ground_elevation_regression_ntrain1000000,1000000,Matern-1.5,matern,Matern-1.5,1.5,0.1,1e-05,0.1,btab_boxeig_topk_16384_q192,Box-EigenPro,35721.0,189.0,16384.0,192.0,16384.0,21025.0,192.0,328.0,0.9284908820000056,0.9508090730000732,0.0355266063958,0.0349148137176651,2.2797967831336186,ok,group_a
USGS_LPC_IL_Winnebago_2018_ground_elevation_regression_ntrain1000000,1000000,Matern-1.5,matern,Matern-1.5,1.5,0.1,1e-05,0.1,btab_boxeig_topk_16384_q256,Box-EigenPro,35721.0,189.0,16384.0,256.0,16384.0,21025.0,256.0,239.0,0.8903348310000183,0.9128239320002648,0.0355266051656955,0.0349148115609133,2.374665463962875,ok,group_a
USGS_LPC_IL_Winnebago_2018_ground_elevation_regression_ntrain1000000,1000000,Matern-1.5,matern,Matern-1.5,1.5,0.1,1e-05,0.1,btab_boxeig_topk_16384_q320,Box-EigenPro,35721.0,189.0,16384.0,320.0,16384.0,21025.0,320.0,182.0,0.919341845999952,0.9408086290000028,0.0355266094757461,0.0349148181859537,2.304030170624443,ok,group_a
USGS_LPC_IL_Winnebago_2018_ground_elevation_regression_ntrain30000000,30000000,Matern-1.5,matern,Matern-1.5,1.5,0.1,1e-05,0.1,plain_cg,EFGP-CG,35721.0,189.0,,,,,,7970.0,8.56577437399983,8.909604037999998,0.0278726172384668,0.0278918669651787,1.0,ok,group_a
USGS_LPC_IL_Winnebago_2018_ground_elevation_regression_ntrain30000000,30000000,Matern-1.5,matern,Matern-1.5,1.5,0.1,1e-05,0.1,eigenpro_pcg_q64,EigenPro-PCG,35721.0,189.0,,64.0,,,,2641.0,3.8389617670000007,4.257338943999912,0.0278567850000546,0.0278759443464569,2.092763614829579,ok,group_a
USGS_LPC_IL_Winnebago_2018_ground_elevation_regression_ntrain30000000,30000000,Matern-1.5,matern,Matern-1.5,1.5,0.1,1e-05,0.1,eigenpro_pcg_q128,EigenPro-PCG,35721.0,189.0,,128.0,,,,1424.0,2.1207512750002024,2.7361711399998967,0.0278567988655271,0.0278759556840421,3.256230543386381,ok,group_a
USGS_LPC_IL_Winnebago_2018_ground_elevation_regression_ntrain30000000,30000000,Matern-1.5,matern,Matern-1.5,1.5,0.1,1e-05,0.1,eigenpro_pcg_q256,EigenPro-PCG,35721.0,189.0,,256.0,,,,690.0,1.115541611000026,2.1548927490002825,0.0278568158978901,0.0278759738142567,4.134592796849598,ok,group_a
USGS_LPC_IL_Winnebago_2018_ground_elevation_regression_ntrain30000000,30000000,Matern-1.5,matern,Matern-1.5,1.5,0.1,1e-05,0.1,eigenpro_pcg_q320,EigenPro-PCG,35721.0,189.0,,320.0,,,,523.0,0.8668071629999758,2.1215873179999107,0.0278568383496484,0.0278760043646862,4.199499102586723,ok,group_a
USGS_LPC_IL_Winnebago_2018_ground_elevation_regression_ntrain30000000,30000000,Matern-1.5,matern,Matern-1.5,1.5,0.1,1e-05,0.1,eigenpro_pcg_q384,EigenPro-PCG,35721.0,189.0,,384.0,,,,435.0,0.7463174960003016,2.224864293000337,0.0278568276657922,0.0278759879206123,4.0045606673766905,ok,group_a
USGS_LPC_IL_Winnebago_2018_ground_elevation_regression_ntrain30000000,30000000,Matern-1.5,matern,Matern-1.5,1.5,0.1,1e-05,0.1,eigenpro_pcg_q448,EigenPro-PCG,35721.0,189.0,,448.0,,,,360.0,0.6449227739999515,2.36251380900012,0.0278568363397615,0.0278760002902924,3.771238925274593,ok,group_a
USGS_LPC_IL_Winnebago_2018_ground_elevation_regression_ntrain30000000,30000000,Matern-1.5,matern,Matern-1.5,1.5,0.1,1e-05,0.1,btab_auto_topk_512,Active inverse,35721.0,189.0,512.0,,512.0,625.0,,1721.0,2.6168222069995863,2.7903137939997578,0.0278567463698077,0.0278759085893782,3.1930473401088633,ok,group_a
USGS_LPC_IL_Winnebago_2018_ground_elevation_regression_ntrain30000000,30000000,Matern-1.5,matern,Matern-1.5,1.5,0.1,1e-05,0.1,btab_auto_topk_728,Active inverse,35721.0,189.0,728.0,,728.0,961.0,,1199.0,1.8413476880000417,2.014689001000079,0.0278567538870316,0.0278759161092958,4.422322270870256,ok,group_a
USGS_LPC_IL_Winnebago_2018_ground_elevation_regression_ntrain30000000,30000000,Matern-1.5,matern,Matern-1.5,1.5,0.1,1e-05,0.1,btab_auto_topk_1024,Active inverse,35721.0,189.0,1024.0,,1024.0,1369.0,,851.0,1.3568699950001246,1.5302559299998393,0.0278567501410503,0.0278759131975784,5.822296691247544,ok,group_a
USGS_LPC_IL_Winnebago_2018_ground_elevation_regression_ntrain30000000,30000000,Matern-1.5,matern,Matern-1.5,1.5,0.1,1e-05,0.1,btab_auto_topk_2048,Active inverse,35721.0,189.0,2048.0,,2048.0,2601.0,,494.0,1.02445735099991,1.1977041899999676,0.0278567521060508,0.0278759153395472,7.4389019529106255,ok,group_a
USGS_LPC_IL_Winnebago_2018_ground_elevation_regression_ntrain30000000,30000000,Matern-1.5,matern,Matern-1.5,1.5,0.1,1e-05,0.1,btab_auto_topk_4096,Active inverse,35721.0,189.0,4096.0,,4096.0,5329.0,,241.0,1.330123341000217,1.503357662000326,0.0278567473302352,0.0278759102409007,5.926469969990459,ok,group_a
USGS_LPC_IL_Winnebago_2018_ground_elevation_regression_ntrain30000000,30000000,Matern-1.5,matern,Matern-1.5,1.5,0.1,1e-05,0.1,btab_boxeig_topk_2048_q192,Box-EigenPro,35721.0,189.0,2048.0,192.0,2048.0,2601.0,192.0,1744.0,3.762507540000115,3.9361525460003577,0.0278567527673924,0.0278759157781555,2.2635311853076714,ok,group_a
USGS_LPC_IL_Winnebago_2018_ground_elevation_regression_ntrain30000000,30000000,Matern-1.5,matern,Matern-1.5,1.5,0.1,1e-05,0.1,btab_boxeig_topk_4096_q192,Box-EigenPro,35721.0,189.0,4096.0,192.0,4096.0,5329.0,192.0,1876.0,3.530253814999924,3.7197924160000175,0.0278567751199834,0.0278759378019297,2.3951885055942745,ok,group_a
USGS_LPC_IL_Winnebago_2018_ground_elevation_regression_ntrain30000000,30000000,Matern-1.5,matern,Matern-1.5,1.5,0.1,1e-05,0.1,btab_boxeig_topk_4096_q256,Box-EigenPro,35721.0,189.0,4096.0,256.0,4096.0,5329.0,256.0,1359.0,2.7970236789997216,2.9795747729999675,0.0278567744778879,0.0278759397452101,2.9902266990364583,ok,group_a
USGS_LPC_IL_Winnebago_2018_ground_elevation_regression_ntrain30000000,30000000,Matern-1.5,matern,Matern-1.5,1.5,0.1,1e-05,0.1,btab_boxeig_topk_8192_q192,Box-EigenPro,35721.0,189.0,8192.0,192.0,8192.0,10609.0,192.0,1988.0,3.740642998000112,3.920863286999975,0.0278567431636829,0.0278759052162922,2.2723577400774735,ok,group_a
USGS_LPC_IL_Winnebago_2018_ground_elevation_regression_ntrain30000000,30000000,Matern-1.5,matern,Matern-1.5,1.5,0.1,1e-05,0.1,btab_boxeig_topk_8192_q256,Box-EigenPro,35721.0,189.0,8192.0,256.0,8192.0,10609.0,256.0,1428.0,2.845836499999677,3.0203417009997797,0.0278567423484787,0.027875905800961,2.9498662469384778,ok,group_a
USGS_LPC_IL_Winnebago_2018_ground_elevation_regression_ntrain30000000,30000000,Matern-1.5,matern,Matern-1.5,1.5,0.1,1e-05,0.1,btab_boxeig_topk_8192_q320,Box-EigenPro,35721.0,189.0,8192.0,320.0,8192.0,10609.0,320.0,1111.0,2.485851231000197,2.665748160000021,0.0278567418931,0.0278759048545517,3.3422527197767726,ok,group_a
USGS_LPC_IL_Winnebago_2018_ground_elevation_regression_ntrain30000000,30000000,Matern-1.5,matern,Matern-1.5,1.5,0.1,1e-05,0.1,btab_boxeig_topk_16384_q192,Box-EigenPro,35721.0,189.0,16384.0,192.0,16384.0,21025.0,192.0,2075.0,4.015469345999918,4.205027467000036,0.0278567581793902,0.0278759234162611,2.1187980596845697,ok,group_a
USGS_LPC_IL_Winnebago_2018_ground_elevation_regression_ntrain30000000,30000000,Matern-1.5,matern,Matern-1.5,1.5,0.1,1e-05,0.1,btab_boxeig_topk_16384_q256,Box-EigenPro,35721.0,189.0,16384.0,256.0,16384.0,21025.0,256.0,1495.0,3.02016711799979,3.199817248999807,0.0278567583344439,0.0278759232995629,2.784410278676054,ok,group_a
USGS_LPC_IL_Winnebago_2018_ground_elevation_regression_ntrain30000000,30000000,Matern-1.5,matern,Matern-1.5,1.5,0.1,1e-05,0.1,btab_boxeig_topk_16384_q320,Box-EigenPro,35721.0,189.0,16384.0,320.0,16384.0,21025.0,320.0,1170.0,2.616070769000089,2.7976296470001216,0.0278567602604941,0.0278759215326447,3.1846974625657483,ok,group_a
USGS_LPC_IL_Winnebago_2018_ground_elevation_regression_ntrain10000000,10000000,Matern-1.5,matern,Matern-1.5,1.5,0.1,1e-05,0.1,plain_cg,EFGP-CG,35721.0,189.0,,,,,,5172.0,5.5632452730001205,5.692548907999935,0.0286463350158163,0.0285086894443082,1.0,ok,group_a
USGS_LPC_IL_Winnebago_2018_ground_elevation_regression_ntrain10000000,10000000,Matern-1.5,matern,Matern-1.5,1.5,0.1,1e-05,0.1,eigenpro_pcg_q64,EigenPro-PCG,35721.0,189.0,,64.0,,,,1700.0,2.5346988850001253,2.8481983739998213,0.028615031019282,0.0284772956381155,1.9986490266847867,ok,group_a
USGS_LPC_IL_Winnebago_2018_ground_elevation_regression_ntrain10000000,10000000,Matern-1.5,matern,Matern-1.5,1.5,0.1,1e-05,0.1,eigenpro_pcg_q128,EigenPro-PCG,35721.0,189.0,,128.0,,,,921.0,1.3750704560002305,1.8839689420001375,0.0286150346833454,0.0284773013307883,3.0215725859877365,ok,group_a
USGS_LPC_IL_Winnebago_2018_ground_elevation_regression_ntrain10000000,10000000,Matern-1.5,matern,Matern-1.5,1.5,0.1,1e-05,0.1,eigenpro_pcg_q256,EigenPro-PCG,35721.0,189.0,,256.0,,,,442.0,0.7156542819998322,1.6515934949998154,0.0286150521465681,0.0284773159824278,3.4467009740799273,ok,group_a
USGS_LPC_IL_Winnebago_2018_ground_elevation_regression_ntrain10000000,10000000,Matern-1.5,matern,Matern-1.5,1.5,0.1,1e-05,0.1,eigenpro_pcg_q320,EigenPro-PCG,35721.0,189.0,,320.0,,,,347.0,0.5785654900000736,1.7274551129999054,0.0286150494519401,0.0284773160761643,3.295338249405643,ok,group_a
USGS_LPC_IL_Winnebago_2018_ground_elevation_regression_ntrain10000000,10000000,Matern-1.5,matern,Matern-1.5,1.5,0.1,1e-05,0.1,eigenpro_pcg_q384,EigenPro-PCG,35721.0,189.0,,384.0,,,,278.0,0.476266484000007,1.8754334039999776,0.0286150549720161,0.0284773261668526,3.035324472657203,ok,group_a
USGS_LPC_IL_Winnebago_2018_ground_elevation_regression_ntrain10000000,10000000,Matern-1.5,matern,Matern-1.5,1.5,0.1,1e-05,0.1,eigenpro_pcg_q448,EigenPro-PCG,35721.0,189.0,,448.0,,,,231.0,0.408836317999885,2.0185568120000426,0.0286150643062521,0.0284773316408351,2.82010834382194,ok,group_a
USGS_LPC_IL_Winnebago_2018_ground_elevation_regression_ntrain10000000,10000000,Matern-1.5,matern,Matern-1.5,1.5,0.1,1e-05,0.1,btab_auto_topk_512,Active inverse,35721.0,189.0,512.0,,512.0,625.0,,1058.0,1.613801432999935,1.686497301000145,0.0286150090367966,0.0284772733854218,3.375367932474056,ok,group_a
USGS_LPC_IL_Winnebago_2018_ground_elevation_regression_ntrain10000000,10000000,Matern-1.5,matern,Matern-1.5,1.5,0.1,1e-05,0.1,btab_auto_topk_728,Active inverse,35721.0,189.0,728.0,,728.0,961.0,,736.0,1.1531499679999797,1.2350165319999178,0.0286150140444705,0.0284772787218332,4.609289641476892,ok,group_a
USGS_LPC_IL_Winnebago_2018_ground_elevation_regression_ntrain10000000,10000000,Matern-1.5,matern,Matern-1.5,1.5,0.1,1e-05,0.1,btab_auto_topk_1024,Active inverse,35721.0,189.0,1024.0,,1024.0,1369.0,,543.0,0.8942541119999987,0.9669140810001408,0.0286150158304279,0.0284772787623443,5.887336858422591,ok,group_a
USGS_LPC_IL_Winnebago_2018_ground_elevation_regression_ntrain10000000,10000000,Matern-1.5,matern,Matern-1.5,1.5,0.1,1e-05,0.1,btab_auto_topk_2048,Active inverse,35721.0,189.0,2048.0,,2048.0,2601.0,,300.0,0.6831315659997017,0.7556836059998204,0.0286150133093517,0.0284772790369558,7.532979229406874,ok,group_a
USGS_LPC_IL_Winnebago_2018_ground_elevation_regression_ntrain10000000,10000000,Matern-1.5,matern,Matern-1.5,1.5,0.1,1e-05,0.1,btab_auto_topk_4096,Active inverse,35721.0,189.0,4096.0,,4096.0,5329.0,,153.0,1.1626711059998345,1.2357631189997846,0.028615009436506,0.0284772758568625,4.606504936486074,ok,group_a
USGS_LPC_IL_Winnebago_2018_ground_elevation_regression_ntrain10000000,10000000,Matern-1.5,matern,Matern-1.5,1.5,0.1,1e-05,0.1,btab_boxeig_topk_2048_q192,Box-EigenPro,35721.0,189.0,2048.0,192.0,2048.0,2601.0,192.0,1172.0,2.3144681769999806,2.3871427200001563,0.0286150067545564,0.0284772681788676,2.384670535324994,ok,group_a
USGS_LPC_IL_Winnebago_2018_ground_elevation_regression_ntrain10000000,10000000,Matern-1.5,matern,Matern-1.5,1.5,0.1,1e-05,0.1,btab_boxeig_topk_4096_q192,Box-EigenPro,35721.0,189.0,4096.0,192.0,4096.0,5329.0,192.0,1216.0,2.402417178000178,2.4867635440000413,0.0286150513744503,0.0284773182624948,2.2891396014448895,ok,group_a
USGS_LPC_IL_Winnebago_2018_ground_elevation_regression_ntrain10000000,10000000,Matern-1.5,matern,Matern-1.5,1.5,0.1,1e-05,0.1,btab_boxeig_topk_4096_q256,Box-EigenPro,35721.0,189.0,4096.0,256.0,4096.0,5329.0,256.0,873.0,3.2740636319999794,3.3583837800001675,0.0286150579420471,0.0284773218351191,1.695026322453133,ok,group_a
USGS_LPC_IL_Winnebago_2018_ground_elevation_regression_ntrain10000000,10000000,Matern-1.5,matern,Matern-1.5,1.5,0.1,1e-05,0.1,btab_boxeig_topk_8192_q192,Box-EigenPro,35721.0,189.0,8192.0,192.0,8192.0,10609.0,192.0,1257.0,2.4846701960000246,2.56928198300011,0.0286150358634303,0.0284772967437578,2.215618583582965,ok,group_a
USGS_LPC_IL_Winnebago_2018_ground_elevation_regression_ntrain10000000,10000000,Matern-1.5,matern,Matern-1.5,1.5,0.1,1e-05,0.1,btab_boxeig_topk_8192_q256,Box-EigenPro,35721.0,189.0,8192.0,256.0,8192.0,10609.0,256.0,906.0,2.0061913869999444,2.0908243999997467,0.0286150383699967,0.0284772986826205,2.7226336692840514,ok,group_a
USGS_LPC_IL_Winnebago_2018_ground_elevation_regression_ntrain10000000,10000000,Matern-1.5,matern,Matern-1.5,1.5,0.1,1e-05,0.1,btab_boxeig_topk_8192_q320,Box-EigenPro,35721.0,189.0,8192.0,320.0,8192.0,10609.0,320.0,699.0,1.7685600909999266,1.8524406599999568,0.0286150382294079,0.0284773002345475,3.0729993305157035,ok,group_a
USGS_LPC_IL_Winnebago_2018_ground_elevation_regression_ntrain10000000,10000000,Matern-1.5,matern,Matern-1.5,1.5,0.1,1e-05,0.1,btab_boxeig_topk_16384_q192,Box-EigenPro,35721.0,189.0,16384.0,192.0,16384.0,21025.0,192.0,1229.0,2.4467893650003134,2.5310631960001047,0.0286150513589932,0.0284773036840365,2.2490741902438454,ok,group_a
USGS_LPC_IL_Winnebago_2018_ground_elevation_regression_ntrain10000000,10000000,Matern-1.5,matern,Matern-1.5,1.5,0.1,1e-05,0.1,btab_boxeig_topk_16384_q256,Box-EigenPro,35721.0,189.0,16384.0,256.0,16384.0,21025.0,256.0,891.0,2.679973848999907,2.7650251239997488,0.0286150481894044,0.0284773034922589,2.0587693249475345,ok,group_a
USGS_LPC_IL_Winnebago_2018_ground_elevation_regression_ntrain10000000,10000000,Matern-1.5,matern,Matern-1.5,1.5,0.1,1e-05,0.1,btab_boxeig_topk_16384_q320,Box-EigenPro,35721.0,189.0,16384.0,320.0,16384.0,21025.0,320.0,696.0,1.79054697499987,1.873905883000134,0.0286150464393826,0.0284772982073652,3.0377987281229575,ok,group_a
synthetic_true_func_2d_ntrain300000000,300000000,SE,SE,SE,1.5,0.1,1e-05,0.1,plain_cg,EFGP-CG,1225.0,35.0,,,,,,3302.0,3.4657555809999394,6.502013286999954,0.0003420462828771,0.3000174867035169,1.0,ok,group_b
synthetic_true_func_2d_ntrain300000000,300000000,SE,SE,SE,1.5,0.1,1e-05,0.1,eigenpro_pcg_q64,EigenPro-PCG,1225.0,35.0,,64.0,,,,1039.0,1.44466338500024,3.1602310050002416,0.0005656436861591,0.3000178209846573,2.0574487360930935,ok,group_b
synthetic_true_func_2d_ntrain300000000,300000000,SE,SE,SE,1.5,0.1,1e-05,0.1,eigenpro_pcg_q128,EigenPro-PCG,1225.0,35.0,,128.0,,,,261.0,0.3705147059999945,2.2843491459998404,0.0005657690531394,0.3000178210233592,2.846330780207453,ok,group_b
synthetic_true_func_2d_ntrain300000000,300000000,SE,SE,SE,1.5,0.1,1e-05,0.1,eigenpro_pcg_q256,EigenPro-PCG,1225.0,35.0,,256.0,,,,8.0,0.012509042000147,2.3071746040000107,0.0005493455484934,0.3000178202868144,2.8181713147012104,ok,group_b
synthetic_true_func_2d_ntrain300000000,300000000,SE,SE,SE,1.5,0.1,1e-05,0.1,eigenpro_pcg_q320,EigenPro-PCG,1225.0,35.0,,320.0,,,,1.0,0.002562479000062,2.487090488999911,0.0004973370469637,0.3000177688637993,2.6143050748485197,ok,group_b
synthetic_true_func_2d_ntrain300000000,300000000,SE,SE,SE,1.5,0.1,1e-05,0.1,eigenpro_pcg_q384,EigenPro-PCG,1225.0,35.0,,384.0,,,,3.0,0.0054452480003419,2.6816851020003014,0.0005660157167918,0.3000178232618747,2.4245998466225673,ok,group_b
synthetic_true_func_2d_ntrain300000000,300000000,SE,SE,SE,1.5,0.1,1e-05,0.1,eigenpro_pcg_q448,EigenPro-PCG,1225.0,35.0,,448.0,,,,2.0,0.0040591059996586,2.867734604999896,0.0005648648395057,0.3000178205950655,2.2672995177669835,ok,group_b
synthetic_true_func_2d_ntrain300000000,300000000,SE,SE,SE,1.5,0.1,1e-05,0.1,btab_auto_topk_512,Active inverse,1225.0,35.0,512.0,,512.0,625.0,,79.0,0.1484325269998407,1.6491915329997937,0.0005649614805522,0.3000178210607844,3.9425458819650436,ok,group_b
synthetic_true_func_2d_ntrain300000000,300000000,SE,SE,SE,1.5,0.1,1e-05,0.1,btab_auto_topk_1024,Active inverse,1225.0,35.0,1024.0,,1024.0,1225.0,,3.0,0.0447270200002094,1.5459013500003491,0.0005649883817159,0.3000178210388806,4.2059690852837965,ok,group_b
synthetic_true_func_2d_ntrain300000000,300000000,SE,SE,SE,1.5,0.1,1e-05,0.1,btab_boxeig_topk_256_q128,Box-EigenPro,1225.0,35.0,256.0,128.0,256.0,361.0,128.0,631.0,1.300126639000155,2.8018035790000795,0.0005638822952568,0.3000178201150766,2.3206527879875227,ok,group_b
synthetic_true_func_2d_ntrain300000000,300000000,SE,SE,SE,1.5,0.1,1e-05,0.1,btab_boxeig_topk_512_q128,Box-EigenPro,1225.0,35.0,512.0,128.0,512.0,625.0,128.0,478.0,1.0433332790003078,2.543857980000212,0.0005645794868816,0.3000178223478681,2.55596552092087,ok,group_b
synthetic_true_func_2d_ntrain300000000,300000000,SE,SE,SE,1.5,0.1,1e-05,0.1,btab_boxeig_topk_512_q256,Box-EigenPro,1225.0,35.0,512.0,256.0,512.0,625.0,256.0,90.0,0.6263722980002058,2.1272485340000458,0.0005656559146254,0.3000178223889557,3.0565367342261918,ok,group_b
synthetic_true_func_2d_ntrain300000000,300000000,SE,SE,SE,1.5,0.1,1e-05,0.1,btab_boxeig_topk_768_q128,Box-EigenPro,1225.0,35.0,768.0,128.0,768.0,961.0,128.0,353.0,1.7608578209997177,3.261851181000111,0.0005664563189864,0.3000178194423508,1.993350685302075,ok,group_b
synthetic_true_func_2d_ntrain300000000,300000000,SE,SE,SE,1.5,0.1,1e-05,0.1,btab_boxeig_topk_768_q256,Box-EigenPro,1225.0,35.0,768.0,256.0,768.0,961.0,256.0,50.0,0.573984967999877,2.075404626999898,0.0005653155306818,0.3000178219878666,3.1328894628123396,ok,group_b
synthetic_true_func_2d_ntrain100000000,100000000,SE,SE,SE,1.5,0.1,1e-05,0.1,plain_cg,EFGP-CG,1225.0,35.0,,,,,,3234.0,3.4316055220001545,4.453117024000221,0.0005713971853088,0.300030522329118,1.0,ok,group_b
synthetic_true_func_2d_ntrain100000000,100000000,SE,SE,SE,1.5,0.1,1e-05,0.1,eigenpro_pcg_q64,EigenPro-PCG,1225.0,35.0,,64.0,,,,903.0,1.271976689999974,1.9981537280000337,0.0006891194625512,0.3000308215987223,2.2286158275006085,ok,group_b
synthetic_true_func_2d_ntrain100000000,100000000,SE,SE,SE,1.5,0.1,1e-05,0.1,eigenpro_pcg_q128,EigenPro-PCG,1225.0,35.0,,128.0,,,,211.0,0.294837484999789,1.2124091609998686,0.0006914914547681,0.3000308285618092,3.6729490070231363,ok,group_b
synthetic_true_func_2d_ntrain100000000,100000000,SE,SE,SE,1.5,0.1,1e-05,0.1,eigenpro_pcg_q256,EigenPro-PCG,1225.0,35.0,,256.0,,,,8.0,0.0124660199999198,1.3424185029998623,0.0006876145079694,0.3000308518016153,3.317234539042016,ok,group_b
synthetic_true_func_2d_ntrain100000000,100000000,SE,SE,SE,1.5,0.1,1e-05,0.1,eigenpro_pcg_q320,EigenPro-PCG,1225.0,35.0,,320.0,,,,1.0,0.0025422869998692,1.4995421839998926,0.0006433367717822,0.3000308483451849,2.9696510518443273,ok,group_b
synthetic_true_func_2d_ntrain100000000,100000000,SE,SE,SE,1.5,0.1,1e-05,0.1,eigenpro_pcg_q384,EigenPro-PCG,1225.0,35.0,,384.0,,,,1.0,0.0025249069999517,1.673122714999863,0.000692589461299,0.3000308161961235,2.6615603171705104,ok,group_b
synthetic_true_func_2d_ntrain100000000,100000000,SE,SE,SE,1.5,0.1,1e-05,0.1,eigenpro_pcg_q448,EigenPro-PCG,1225.0,35.0,,448.0,,,,1.0,0.0025755130000106,1.8815125709998028,0.0006923105471794,0.3000308113654183,2.366775057811021,ok,group_b
synthetic_true_func_2d_ntrain100000000,100000000,SE,SE,SE,1.5,0.1,1e-05,0.1,btab_auto_topk_512,Active inverse,1225.0,35.0,512.0,,512.0,625.0,,55.0,0.1054206259996135,0.6157769029996416,0.0006876480422249,0.300030815090645,7.231705187881678,ok,group_b
synthetic_true_func_2d_ntrain100000000,100000000,SE,SE,SE,1.5,0.1,1e-05,0.1,btab_auto_topk_1024,Active inverse,1225.0,35.0,1024.0,,1024.0,1225.0,,3.0,0.0448806919998787,0.5549312200000713,0.0006876167031503,0.3000308149421985,8.024628753090607,ok,group_b
synthetic_true_func_2d_ntrain100000000,100000000,SE,SE,SE,1.5,0.1,1e-05,0.1,btab_boxeig_topk_256_q128,Box-EigenPro,1225.0,35.0,256.0,128.0,256.0,361.0,128.0,502.0,1.078790994999963,1.589047070000106,0.0006878760605232,0.3000308146636967,2.802382074182311,ok,group_b
synthetic_true_func_2d_ntrain100000000,100000000,SE,SE,SE,1.5,0.1,1e-05,0.1,btab_boxeig_topk_512_q128,Box-EigenPro,1225.0,35.0,512.0,128.0,512.0,625.0,128.0,413.0,1.2804256039999018,1.7909754459997205,0.0006878059158559,0.300030818668195,2.4864199193498693,ok,group_b
synthetic_true_func_2d_ntrain100000000,100000000,SE,SE,SE,1.5,0.1,1e-05,0.1,btab_boxeig_topk_512_q256,Box-EigenPro,1225.0,35.0,512.0,256.0,512.0,625.0,256.0,61.0,0.57286285400005,1.0830742810003358,0.0006879164781599,0.300030815317068,4.1115527366112765,ok,group_b
synthetic_true_func_2d_ntrain100000000,100000000,SE,SE,SE,1.5,0.1,1e-05,0.1,btab_boxeig_topk_768_q128,Box-EigenPro,1225.0,35.0,768.0,128.0,768.0,961.0,128.0,266.0,0.6911680779999188,1.2013255239999123,0.0006881329520869,0.3000308207780862,3.7068362696342296,ok,group_b
synthetic_true_func_2d_ntrain100000000,100000000,SE,SE,SE,1.5,0.1,1e-05,0.1,btab_boxeig_topk_768_q256,Box-EigenPro,1225.0,35.0,768.0,256.0,768.0,961.0,256.0,32.0,0.5864332369997101,1.0966968570000972,0.0006877951642367,0.3000308138061825,4.060481249286398,ok,group_b
synthetic_true_func_2d_ntrain3000000,3000000,SE,SE,SE,1.5,0.1,1e-05,0.1,plain_cg,EFGP-CG,1225.0,35.0,,,,,,1497.0,1.58104490300002,1.6181711160002124,0.0029104079185597,0.2999782041163659,1.0,ok,group_b
synthetic_true_func_2d_ntrain3000000,3000000,SE,SE,SE,1.5,0.1,1e-05,0.1,eigenpro_pcg_q64,EigenPro-PCG,1225.0,35.0,,64.0,,,,393.0,0.5584389669998018,0.8058585169997059,0.0029091485217434,0.2999783575098477,2.00800895177584,ok,group_b
synthetic_true_func_2d_ntrain3000000,3000000,SE,SE,SE,1.5,0.1,1e-05,0.1,eigenpro_pcg_q128,EigenPro-PCG,1225.0,35.0,,128.0,,,,95.0,0.1365293810004004,0.5752875160001167,0.0029087543213043,0.2999783583361424,2.812804156174117,ok,group_b
synthetic_true_func_2d_ntrain3000000,3000000,SE,SE,SE,1.5,0.1,1e-05,0.1,eigenpro_pcg_q256,EigenPro-PCG,1225.0,35.0,,256.0,,,,5.0,0.0082146479999209,0.8306860859997869,0.002910281535507,0.2999783652019501,1.9479935239948483,ok,group_b
synthetic_true_func_2d_ntrain3000000,3000000,SE,SE,SE,1.5,0.1,1e-05,0.1,eigenpro_pcg_q320,EigenPro-PCG,1225.0,35.0,,320.0,,,,2.0,0.0040014579999478,1.0162821320000148,0.0029072349195603,0.2999783504561426,1.5922459571494156,ok,group_b
synthetic_true_func_2d_ntrain3000000,3000000,SE,SE,SE,1.5,0.1,1e-05,0.1,eigenpro_pcg_q384,EigenPro-PCG,1225.0,35.0,,384.0,,,,2.0,0.0040259280003738,1.2102444430001924,0.0029077761230339,0.2999783600391158,1.3370613890106124,ok,group_b
synthetic_true_func_2d_ntrain3000000,3000000,SE,SE,SE,1.5,0.1,1e-05,0.1,eigenpro_pcg_q448,EigenPro-PCG,1225.0,35.0,,448.0,,,,2.0,0.0039540059997307,1.3981311140000798,0.0029080911724384,0.2999783642158707,1.157381521515957,ok,group_b
synthetic_true_func_2d_ntrain3000000,3000000,SE,SE,SE,1.5,0.1,1e-05,0.1,btab_auto_topk_512,Active inverse,1225.0,35.0,512.0,,512.0,625.0,,16.0,0.0409647050000785,0.0728493219999109,0.002909148251197,0.2999783564407239,22.212576199435205,ok,group_b
synthetic_true_func_2d_ntrain3000000,3000000,SE,SE,SE,1.5,0.1,1e-05,0.1,btab_auto_topk_1024,Active inverse,1225.0,35.0,1024.0,,1024.0,1225.0,,5.0,0.0486990279996462,0.0800013299999591,0.0029091525602561,0.2999783565150736,20.22680267941845,ok,group_b
synthetic_true_func_2d_ntrain3000000,3000000,SE,SE,SE,1.5,0.1,1e-05,0.1,btab_boxeig_topk_256_q128,Box-EigenPro,1225.0,35.0,256.0,128.0,256.0,361.0,128.0,180.0,0.5677871740003866,0.5992861290001201,0.0029094308266145,0.2999783575771668,2.700164475189927,ok,group_b
synthetic_true_func_2d_ntrain3000000,3000000,SE,SE,SE,1.5,0.1,1e-05,0.1,btab_boxeig_topk_512_q128,Box-EigenPro,1225.0,35.0,512.0,128.0,512.0,625.0,128.0,148.0,1.4250861599998643,1.4567610009999044,0.0029092641778933,0.299978357183815,1.1108006837700335,ok,group_b
synthetic_true_func_2d_ntrain3000000,3000000,SE,SE,SE,1.5,0.1,1e-05,0.1,btab_boxeig_topk_512_q256,Box-EigenPro,1225.0,35.0,512.0,256.0,512.0,625.0,256.0,16.0,0.5795851230000153,0.6112765050002054,0.0029091392653768,0.2999783571803583,2.6471999214163624,ok,group_b
synthetic_true_func_2d_ntrain3000000,3000000,SE,SE,SE,1.5,0.1,1e-05,0.1,btab_boxeig_topk_768_q128,Box-EigenPro,1225.0,35.0,768.0,128.0,768.0,961.0,128.0,98.0,0.4157710270001189,0.4474663060000239,0.0029089767244195,0.2999783580724781,3.6162971251742158,ok,group_b
synthetic_true_func_2d_ntrain3000000,3000000,SE,SE,SE,1.5,0.1,1e-05,0.1,btab_boxeig_topk_768_q256,Box-EigenPro,1225.0,35.0,768.0,256.0,768.0,961.0,256.0,7.0,0.4708113100000446,0.502254580999761,0.0029095220782629,0.2999783564312178,3.2218145482698595,ok,group_b
synthetic_true_func_2d_ntrain1000000,1000000,SE,SE,SE,1.5,0.1,1e-05,0.1,plain_cg,EFGP-CG,1225.0,35.0,,,,,,1141.0,1.2007448530002875,1.2199618980002924,0.0048984676248004,0.3000386772643085,1.0,ok,group_b
synthetic_true_func_2d_ntrain1000000,1000000,SE,SE,SE,1.5,0.1,1e-05,0.1,eigenpro_pcg_q64,EigenPro-PCG,1225.0,35.0,,64.0,,,,291.0,0.410929940999722,0.6438995609996709,0.004906372168039,0.3000387246793624,1.8946462645606865,ok,group_b
synthetic_true_func_2d_ntrain1000000,1000000,SE,SE,SE,1.5,0.1,1e-05,0.1,eigenpro_pcg_q128,EigenPro-PCG,1225.0,35.0,,128.0,,,,69.0,0.0979364629997689,0.5253872929997669,0.0049064241821313,0.3000387256579017,2.3220239892646846,ok,group_b
synthetic_true_func_2d_ntrain1000000,1000000,SE,SE,SE,1.5,0.1,1e-05,0.1,eigenpro_pcg_q256,EigenPro-PCG,1225.0,35.0,,256.0,,,,4.0,0.006736495000041,0.823872123000001,0.0049068504503665,0.3000387262769002,1.4807660848603454,ok,group_b
synthetic_true_func_2d_ntrain1000000,1000000,SE,SE,SE,1.5,0.1,1e-05,0.1,eigenpro_pcg_q320,EigenPro-PCG,1225.0,35.0,,320.0,,,,3.0,0.0053338459997576,1.0005910230001973,0.004904580161384,0.3000387522110568,1.219241298350177,ok,group_b
synthetic_true_func_2d_ntrain1000000,1000000,SE,SE,SE,1.5,0.1,1e-05,0.1,eigenpro_pcg_q384,EigenPro-PCG,1225.0,35.0,,384.0,,,,2.0,0.0039625240001441,1.1926442830003907,0.0049043514552473,0.3000387482623999,1.0229050819169463,ok,group_b
synthetic_true_func_2d_ntrain1000000,1000000,SE,SE,SE,1.5,0.1,1e-05,0.1,eigenpro_pcg_q448,EigenPro-PCG,1225.0,35.0,,448.0,,,,2.0,0.0040755630002422,1.4136526370002684,0.0049039678728488,0.3000387604585476,0.8629856204201746,ok,group_b
synthetic_true_func_2d_ntrain1000000,1000000,SE,SE,SE,1.5,0.1,1e-05,0.1,btab_auto_topk_512,Active inverse,1225.0,35.0,512.0,,512.0,625.0,,11.0,0.032235835999927,0.0506401130000995,0.0049064991885331,0.3000387233421122,24.090821005827838,ok,group_b
synthetic_true_func_2d_ntrain1000000,1000000,SE,SE,SE,1.5,0.1,1e-05,0.1,btab_auto_topk_1024,Active inverse,1225.0,35.0,1024.0,,1024.0,1225.0,,5.0,0.0495164790004309,0.0681472080000276,0.004906518143307,0.3000387234278732,17.901861775464056,ok,group_b
synthetic_true_func_2d_ntrain1000000,1000000,SE,SE,SE,1.5,0.1,1e-05,0.1,btab_boxeig_topk_256_q128,Box-EigenPro,1225.0,35.0,256.0,128.0,256.0,361.0,128.0,135.0,0.4758001810000678,0.4944812519997867,0.0049065006936425,0.3000387236412529,2.4671550095509356,ok,group_b
synthetic_true_func_2d_ntrain1000000,1000000,SE,SE,SE,1.5,0.1,1e-05,0.1,btab_boxeig_topk_512_q128,Box-EigenPro,1225.0,35.0,512.0,128.0,512.0,625.0,128.0,95.0,0.4120110190001469,0.430782218999866,0.0049065050522349,0.3000387239385419,2.831969018667114,ok,group_b
synthetic_true_func_2d_ntrain1000000,1000000,SE,SE,SE,1.5,0.1,1e-05,0.1,btab_boxeig_topk_512_q256,Box-EigenPro,1225.0,35.0,512.0,256.0,512.0,625.0,256.0,10.0,1.6849677829995926,1.7036104039998463,0.0049064764650717,0.3000387244147142,0.7161038082040279,ok,group_b
synthetic_true_func_2d_ntrain1000000,1000000,SE,SE,SE,1.5,0.1,1e-05,0.1,btab_boxeig_topk_768_q128,Box-EigenPro,1225.0,35.0,768.0,128.0,768.0,961.0,128.0,70.0,1.269668538000133,1.2886950699999034,0.0049062370511931,0.3000387253488861,0.9466645185508344,ok,group_b
synthetic_true_func_2d_ntrain1000000,1000000,SE,SE,SE,1.5,0.1,1e-05,0.1,btab_boxeig_topk_768_q256,Box-EigenPro,1225.0,35.0,768.0,256.0,768.0,961.0,256.0,6.0,0.4684411489997728,0.4876090029997613,0.0049065884578443,0.3000387228455284,2.5019265241107322,ok,group_b
synthetic_true_func_2d_ntrain30000000,30000000,SE,SE,SE,1.5,0.1,1e-05,0.1,plain_cg,EFGP-CG,1225.0,35.0,,,,,,2700.0,2.8560020200002327,3.202894401000321,0.0009840634052769,0.3000530728814429,1.0,ok,group_b
synthetic_true_func_2d_ntrain30000000,30000000,SE,SE,SE,1.5,0.1,1e-05,0.1,eigenpro_pcg_q64,EigenPro-PCG,1225.0,35.0,,64.0,,,,702.0,0.9874888750000536,1.3688117579999926,0.0010720800128789,0.3000533269942784,2.3399085975709,ok,group_b
synthetic_true_func_2d_ntrain30000000,30000000,SE,SE,SE,1.5,0.1,1e-05,0.1,eigenpro_pcg_q128,EigenPro-PCG,1225.0,35.0,,128.0,,,,161.0,0.2368700479996732,0.8078219629996966,0.0010727006011896,0.3000533321380964,3.9648518457049233,ok,group_b
synthetic_true_func_2d_ntrain30000000,30000000,SE,SE,SE,1.5,0.1,1e-05,0.1,eigenpro_pcg_q256,EigenPro-PCG,1225.0,35.0,,256.0,,,,8.0,0.0123786829999517,0.9681663510000362,0.0010757764116654,0.3000533456577477,3.3082066916413635,ok,group_b
synthetic_true_func_2d_ntrain30000000,30000000,SE,SE,SE,1.5,0.1,1e-05,0.1,eigenpro_pcg_q320,EigenPro-PCG,1225.0,35.0,,320.0,,,,2.0,0.0039621449996047,1.1482871899997915,0.0010737102749728,0.3000533432037212,2.7892799195999936,ok,group_b
synthetic_true_func_2d_ntrain30000000,30000000,SE,SE,SE,1.5,0.1,1e-05,0.1,eigenpro_pcg_q384,EigenPro-PCG,1225.0,35.0,,384.0,,,,2.0,0.0039364610001939,1.350881316000141,0.0010707970527507,0.3000533184636974,2.3709665409274097,ok,group_b
synthetic_true_func_2d_ntrain30000000,30000000,SE,SE,SE,1.5,0.1,1e-05,0.1,eigenpro_pcg_q448,EigenPro-PCG,1225.0,35.0,,448.0,,,,1.0,0.0025674590001472,1.5352622790001078,0.0010789915670146,0.3000533054032908,2.086219693410507,ok,group_b
synthetic_true_func_2d_ntrain30000000,30000000,SE,SE,SE,1.5,0.1,1e-05,0.1,btab_auto_topk_512,Active inverse,1225.0,35.0,512.0,,512.0,625.0,,36.0,0.0734505549999084,0.235608699000295,0.001071078688049,0.3000533201884979,13.5941262550595,ok,group_b
synthetic_true_func_2d_ntrain30000000,30000000,SE,SE,SE,1.5,0.1,1e-05,0.1,btab_auto_topk_1024,Active inverse,1225.0,35.0,1024.0,,1024.0,1225.0,,3.0,0.0471081330001652,0.2092632040003081,0.0010710988537826,0.3000533201983581,15.305578523951135,ok,group_b
synthetic_true_func_2d_ntrain30000000,30000000,SE,SE,SE,1.5,0.1,1e-05,0.1,btab_boxeig_topk_256_q128,Box-EigenPro,1225.0,35.0,256.0,128.0,256.0,361.0,128.0,340.0,0.8228537149998374,0.9850615790001028,0.0010709102774366,0.3000533209417987,3.251466171537675,ok,group_b
synthetic_true_func_2d_ntrain30000000,30000000,SE,SE,SE,1.5,0.1,1e-05,0.1,btab_boxeig_topk_512_q128,Box-EigenPro,1225.0,35.0,512.0,128.0,512.0,625.0,128.0,304.0,1.3778466839999055,1.5399901400001,0.0010716632122364,0.3000533237738048,2.0798148753083012,ok,group_b
synthetic_true_func_2d_ntrain30000000,30000000,SE,SE,SE,1.5,0.1,1e-05,0.1,btab_boxeig_topk_512_q256,Box-EigenPro,1225.0,35.0,512.0,256.0,512.0,625.0,256.0,39.0,0.533828977000212,0.7127671490002285,0.0010713137874765,0.300053320274205,4.493605528106759,ok,group_b
synthetic_true_func_2d_ntrain30000000,30000000,SE,SE,SE,1.5,0.1,1e-05,0.1,btab_boxeig_topk_768_q128,Box-EigenPro,1225.0,35.0,768.0,128.0,768.0,961.0,128.0,203.0,0.5888466030000927,0.7515652540000701,0.0010718657718019,0.3000533252218916,4.261631819663688,ok,group_b
synthetic_true_func_2d_ntrain30000000,30000000,SE,SE,SE,1.5,0.1,1e-05,0.1,btab_boxeig_topk_768_q256,Box-EigenPro,1225.0,35.0,768.0,256.0,768.0,961.0,256.0,23.0,0.5021725550000156,0.6645015289996081,0.0010711611567717,0.3000533198517421,4.819995532323613,ok,group_b
synthetic_true_func_2d_ntrain10000000,10000000,SE,SE,SE,1.5,0.1,1e-05,0.1,plain_cg,EFGP-CG,1225.0,35.0,,,,,,2049.0,2.15558602100009,2.28591480499972,0.0016422055827647,0.2999588182188242,1.0,ok,group_b
synthetic_true_func_2d_ntrain10000000,10000000,SE,SE,SE,1.5,0.1,1e-05,0.1,eigenpro_pcg_q64,EigenPro-PCG,1225.0,35.0,,64.0,,,,516.0,0.7396243140001388,1.027202990000205,0.0017026201005265,0.2999590375024991,2.2253778729745166,ok,group_b
synthetic_true_func_2d_ntrain10000000,10000000,SE,SE,SE,1.5,0.1,1e-05,0.1,eigenpro_pcg_q128,EigenPro-PCG,1225.0,35.0,,128.0,,,,122.0,0.1738960470001984,0.6576574420000725,0.0017030128112331,0.2999590397662195,3.475844199447937,ok,group_b
synthetic_true_func_2d_ntrain10000000,10000000,SE,SE,SE,1.5,0.1,1e-05,0.1,eigenpro_pcg_q256,EigenPro-PCG,1225.0,35.0,,256.0,,,,7.0,0.0110222260000227,0.8694587089999004,0.0017037299453482,0.2999590433624241,2.6291240530894284,ok,group_b
synthetic_true_func_2d_ntrain10000000,10000000,SE,SE,SE,1.5,0.1,1e-05,0.1,eigenpro_pcg_q320,EigenPro-PCG,1225.0,35.0,,320.0,,,,2.0,0.0039651040001444,1.0464987650002513,0.0016988394242306,0.2999590715216594,2.184345439718862,ok,group_b
synthetic_true_func_2d_ntrain10000000,10000000,SE,SE,SE,1.5,0.1,1e-05,0.1,eigenpro_pcg_q384,EigenPro-PCG,1225.0,35.0,,384.0,,,,2.0,0.0039744030000292,1.2346661390001827,0.0017022321718955,0.2999590346369334,1.8514436678816069,ok,group_b
synthetic_true_func_2d_ntrain10000000,10000000,SE,SE,SE,1.5,0.1,1e-05,0.1,eigenpro_pcg_q448,EigenPro-PCG,1225.0,35.0,,448.0,,,,2.0,0.003957408000133,1.425251451999884,0.0017022908338157,0.2999590352197411,1.6038677257912426,ok,group_b
synthetic_true_func_2d_ntrain10000000,10000000,SE,SE,SE,1.5,0.1,1e-05,0.1,btab_auto_topk_512,Active inverse,1225.0,35.0,512.0,,512.0,625.0,,24.0,0.0531261070000255,0.1157743480002864,0.0017026523488772,0.2999590337788465,19.744570748902557,ok,group_b
synthetic_true_func_2d_ntrain10000000,10000000,SE,SE,SE,1.5,0.1,1e-05,0.1,btab_auto_topk_1024,Active inverse,1225.0,35.0,1024.0,,1024.0,1225.0,,4.0,0.0463172539998595,0.1087725839997801,0.0017027089708413,0.299959033916288,21.015541977051328,ok,group_b
synthetic_true_func_2d_ntrain10000000,10000000,SE,SE,SE,1.5,0.1,1e-05,0.1,btab_boxeig_topk_256_q128,Box-EigenPro,1225.0,35.0,256.0,128.0,256.0,361.0,128.0,251.0,0.6630520310000065,0.7258371689999876,0.0017024749789107,0.2999590340879634,3.1493493342991905,ok,group_b
synthetic_true_func_2d_ntrain10000000,10000000,SE,SE,SE,1.5,0.1,1e-05,0.1,btab_boxeig_topk_512_q128,Box-EigenPro,1225.0,35.0,512.0,128.0,512.0,625.0,128.0,220.0,0.6156289129999095,0.6780785490000198,0.0017025513416546,0.2999590365085907,3.3711651966734806,ok,group_b
synthetic_true_func_2d_ntrain10000000,10000000,SE,SE,SE,1.5,0.1,1e-05,0.1,btab_boxeig_topk_512_q256,Box-EigenPro,1225.0,35.0,512.0,256.0,512.0,625.0,256.0,24.0,0.5122179830000277,0.5749009470000601,0.0017026986891469,0.2999590342975283,3.9761889712098197,ok,group_b
synthetic_true_func_2d_ntrain10000000,10000000,SE,SE,SE,1.5,0.1,1e-05,0.1,btab_boxeig_topk_768_q128,Box-EigenPro,1225.0,35.0,768.0,128.0,768.0,961.0,128.0,143.0,0.4880399900002885,0.5506660040000497,0.0017023240683565,0.2999590383456843,4.151182002147919,ok,group_b
synthetic_true_func_2d_ntrain10000000,10000000,SE,SE,SE,1.5,0.1,1e-05,0.1,btab_boxeig_topk_768_q256,Box-EigenPro,1225.0,35.0,768.0,256.0,768.0,961.0,256.0,16.0,0.487390631999915,0.5497103640000205,0.0017026709762763,0.2999590342340519,4.158398594427147,ok,group_b
USGS_LPC_IL_Winnebago_2018_ground_elevation_regression_ntrain300000000,300000000,SE,SE,SE,1.5,0.1,1e-05,0.1,plain_cg,EFGP-CG,1225.0,35.0,,,,,,5707.0,6.064098852999905,10.760851337999611,0.3562645901802041,0.3562631584191216,1.0,ok,group_b
USGS_LPC_IL_Winnebago_2018_ground_elevation_regression_ntrain300000000,300000000,SE,SE,SE,1.5,0.1,1e-05,0.1,eigenpro_pcg_q64,EigenPro-PCG,1225.0,35.0,,64.0,,,,174.0,0.2465158999998493,2.22752469399984,0.3561598062195855,0.3561587026605951,4.830856136852498,ok,group_b
USGS_LPC_IL_Winnebago_2018_ground_elevation_regression_ntrain300000000,300000000,SE,SE,SE,1.5,0.1,1e-05,0.1,eigenpro_pcg_q128,EigenPro-PCG,1225.0,35.0,,128.0,,,,11.0,0.0166422279999096,2.1905254479997893,0.3561589527028241,0.3561578211298869,4.912452100396985,ok,group_b
USGS_LPC_IL_Winnebago_2018_ground_elevation_regression_ntrain300000000,300000000,SE,SE,SE,1.5,0.1,1e-05,0.1,eigenpro_pcg_q256,EigenPro-PCG,1225.0,35.0,,256.0,,,,6.0,0.0096202339996125,2.572182972999599,0.3561590092479114,0.3561578790131872,4.183548157715485,ok,group_b
USGS_LPC_IL_Winnebago_2018_ground_elevation_regression_ntrain300000000,300000000,SE,SE,SE,1.5,0.1,1e-05,0.1,eigenpro_pcg_q320,EigenPro-PCG,1225.0,35.0,,320.0,,,,6.0,0.0097059419999823,2.768117824000001,0.3561590327585004,0.3561579027381674,3.8874253273113593,ok,group_b
USGS_LPC_IL_Winnebago_2018_ground_elevation_regression_ntrain300000000,300000000,SE,SE,SE,1.5,0.1,1e-05,0.1,eigenpro_pcg_q384,EigenPro-PCG,1225.0,35.0,,384.0,,,,4.0,0.0068221559999983,2.940564556000026,0.3561590143573157,0.3561578831328383,3.6594508071733403,ok,group_b
USGS_LPC_IL_Winnebago_2018_ground_elevation_regression_ntrain300000000,300000000,SE,SE,SE,1.5,0.1,1e-05,0.1,eigenpro_pcg_q448,EigenPro-PCG,1225.0,35.0,,448.0,,,,5.0,0.0081518349998077,3.1483233740000287,0.3561590149465922,0.356157884778037,3.4179625342385536,ok,group_b
USGS_LPC_IL_Winnebago_2018_ground_elevation_regression_ntrain300000000,300000000,SE,SE,SE,1.5,0.1,1e-05,0.1,btab_auto_topk_512,Active inverse,1225.0,35.0,512.0,,512.0,625.0,,3000.0,5.135876043999815,6.901156392999837,0.3593776972081305,0.3593689687711359,1.5592823470737225,ok,group_b
USGS_LPC_IL_Winnebago_2018_ground_elevation_regression_ntrain300000000,300000000,SE,SE,SE,1.5,0.1,1e-05,0.1,btab_auto_topk_1024,Active inverse,1225.0,35.0,1024.0,,1024.0,1225.0,,3000.0,5.809180290000313,7.574793790000058,0.3592830583023525,0.3592772439763155,1.42061310661759,ok,group_b
USGS_LPC_IL_Winnebago_2018_ground_elevation_regression_ntrain300000000,300000000,SE,SE,SE,1.5,0.1,1e-05,0.1,btab_boxeig_topk_512_q128,Box-EigenPro,1225.0,35.0,512.0,128.0,512.0,625.0,128.0,367.0,0.8530700770002113,2.6182089170001746,0.3561590523716084,0.3561579224551231,4.1100048464921235,ok,group_b
USGS_LPC_IL_Winnebago_2018_ground_elevation_regression_ntrain300000000,300000000,SE,SE,SE,1.5,0.1,1e-05,0.1,btab_boxeig_topk_768_q128,Box-EigenPro,1225.0,35.0,768.0,128.0,768.0,961.0,128.0,26.0,0.3013802380000925,2.0690071799999714,0.3561590499100918,0.3561579198003631,5.2009734146982325,ok,group_b
USGS_LPC_IL_Winnebago_2018_ground_elevation_regression_ntrain100000000,100000000,SE,SE,SE,1.5,0.1,1e-05,0.1,plain_cg,EFGP-CG,1225.0,35.0,,,,,,10647.0,11.19902422300038,12.214925166000285,0.1288883010652894,0.1289180143761846,1.0,ok,group_b
USGS_LPC_IL_Winnebago_2018_ground_elevation_regression_ntrain100000000,100000000,SE,SE,SE,1.5,0.1,1e-05,0.1,eigenpro_pcg_q64,EigenPro-PCG,1225.0,35.0,,64.0,,,,2440.0,3.443882557000052,4.16851626100015,0.1288442047800079,0.1288737232050318,2.93028128024372,ok,group_b
USGS_LPC_IL_Winnebago_2018_ground_elevation_regression_ntrain100000000,100000000,SE,SE,SE,1.5,0.1,1e-05,0.1,eigenpro_pcg_q128,EigenPro-PCG,1225.0,35.0,,128.0,,,,625.0,0.8957850920000965,1.815369839000141,0.1288442618394497,0.1288737789657034,6.728615240588084,ok,group_b
USGS_LPC_IL_Winnebago_2018_ground_elevation_regression_ntrain100000000,100000000,SE,SE,SE,1.5,0.1,1e-05,0.1,eigenpro_pcg_q256,EigenPro-PCG,1225.0,35.0,,256.0,,,,45.0,0.0640922520001368,1.3749403100000563,0.1288443492535173,0.1288738806279461,8.883967600018785,ok,group_b
USGS_LPC_IL_Winnebago_2018_ground_elevation_regression_ntrain100000000,100000000,SE,SE,SE,1.5,0.1,1e-05,0.1,eigenpro_pcg_q320,EigenPro-PCG,1225.0,35.0,,320.0,,,,10.0,0.0153665689999797,1.51145636199999,0.128846148244297,0.1288756546802848,8.081559926637409,ok,group_b
USGS_LPC_IL_Winnebago_2018_ground_elevation_regression_ntrain100000000,100000000,SE,SE,SE,1.5,0.1,1e-05,0.1,eigenpro_pcg_q384,EigenPro-PCG,1225.0,35.0,,384.0,,,,7.0,0.0110608570003023,1.7190575480003645,0.1288440737898989,0.1288735835263103,7.105594097305749,ok,group_b
USGS_LPC_IL_Winnebago_2018_ground_elevation_regression_ntrain100000000,100000000,SE,SE,SE,1.5,0.1,1e-05,0.1,eigenpro_pcg_q448,EigenPro-PCG,1225.0,35.0,,448.0,,,,5.0,0.0082413009999982,1.8775398470002076,0.1288439950245837,0.1288735049792775,6.505814076604753,ok,group_b
USGS_LPC_IL_Winnebago_2018_ground_elevation_regression_ntrain100000000,100000000,SE,SE,SE,1.5,0.1,1e-05,0.1,btab_auto_topk_512,Active inverse,1225.0,35.0,512.0,,512.0,625.0,,87.0,0.1590054970001801,0.6696946860001844,0.1288440611207956,0.1288735709569454,18.239543214767156,ok,group_b
USGS_LPC_IL_Winnebago_2018_ground_elevation_regression_ntrain100000000,100000000,SE,SE,SE,1.5,0.1,1e-05,0.1,btab_auto_topk_1024,Active inverse,1225.0,35.0,1024.0,,1024.0,1225.0,,15.0,0.0670536929997069,0.577233643999989,0.1288440653423439,0.1288735751682132,21.161145565521675,ok,group_b
USGS_LPC_IL_Winnebago_2018_ground_elevation_regression_ntrain100000000,100000000,SE,SE,SE,1.5,0.1,1e-05,0.1,btab_boxeig_topk_256_q128,Box-EigenPro,1225.0,35.0,256.0,128.0,256.0,361.0,128.0,1330.0,2.686474508000174,3.196726873999978,0.1288442261659594,0.1288737378931622,3.8210725055519297,ok,group_b
USGS_LPC_IL_Winnebago_2018_ground_elevation_regression_ntrain100000000,100000000,SE,SE,SE,1.5,0.1,1e-05,0.1,btab_boxeig_topk_512_q128,Box-EigenPro,1225.0,35.0,512.0,128.0,512.0,625.0,128.0,1152.0,2.1512721619997137,2.661519152999972,0.1288440622922272,0.1288735744443751,4.589456045143257,ok,group_b
USGS_LPC_IL_Winnebago_2018_ground_elevation_regression_ntrain100000000,100000000,SE,SE,SE,1.5,0.1,1e-05,0.1,btab_boxeig_topk_512_q256,Box-EigenPro,1225.0,35.0,512.0,256.0,512.0,625.0,256.0,110.0,0.9214325390003067,1.432342353000422,0.1288440748206051,0.1288735843684522,8.527936872363563,ok,group_b
USGS_LPC_IL_Winnebago_2018_ground_elevation_regression_ntrain100000000,100000000,SE,SE,SE,1.5,0.1,1e-05,0.1,btab_boxeig_topk_768_q128,Box-EigenPro,1225.0,35.0,768.0,128.0,768.0,961.0,128.0,755.0,1.5055485240000053,2.015600324999923,0.1288440685690094,0.128873574733166,6.060192099840404,ok,group_b
USGS_LPC_IL_Winnebago_2018_ground_elevation_regression_ntrain100000000,100000000,SE,SE,SE,1.5,0.1,1e-05,0.1,btab_boxeig_topk_768_q256,Box-EigenPro,1225.0,35.0,768.0,256.0,768.0,961.0,256.0,72.0,0.5939805879997948,1.10414558399998,0.1288440654407732,0.1288735745147123,11.06278496513962,ok,group_b
USGS_LPC_IL_Winnebago_2018_ground_elevation_regression_ntrain3000000,3000000,SE,SE,SE,1.5,0.1,1e-05,0.1,plain_cg,EFGP-CG,1225.0,35.0,,,,,,2593.0,2.752212179999788,2.7973002889998497,0.1431944415933194,0.1432383292577776,1.0,ok,group_b
USGS_LPC_IL_Winnebago_2018_ground_elevation_regression_ntrain3000000,3000000,SE,SE,SE,1.5,0.1,1e-05,0.1,eigenpro_pcg_q64,EigenPro-PCG,1225.0,35.0,,64.0,,,,624.0,0.8968839669996669,1.1444466680000005,0.1431379795230379,0.143180990410604,2.4442382220294503,ok,group_b
USGS_LPC_IL_Winnebago_2018_ground_elevation_regression_ntrain3000000,3000000,SE,SE,SE,1.5,0.1,1e-05,0.1,eigenpro_pcg_q128,EigenPro-PCG,1225.0,35.0,,128.0,,,,153.0,0.2172911069997098,0.6747038839998822,0.1431379829236409,0.1431809962133713,4.145967372258877,ok,group_b
USGS_LPC_IL_Winnebago_2018_ground_elevation_regression_ntrain3000000,3000000,SE,SE,SE,1.5,0.1,1e-05,0.1,eigenpro_pcg_q256,EigenPro-PCG,1225.0,35.0,,256.0,,,,9.0,0.0138175649999539,0.8552607649999118,0.143138041463037,0.1431810723972313,3.2706987195889177,ok,group_b
USGS_LPC_IL_Winnebago_2018_ground_elevation_regression_ntrain3000000,3000000,SE,SE,SE,1.5,0.1,1e-05,0.1,eigenpro_pcg_q320,EigenPro-PCG,1225.0,35.0,,320.0,,,,6.0,0.0096328740000899,1.0231906859999071,0.1431377374893321,0.143180728395849,2.733899289032527,ok,group_b
USGS_LPC_IL_Winnebago_2018_ground_elevation_regression_ntrain3000000,3000000,SE,SE,SE,1.5,0.1,1e-05,0.1,eigenpro_pcg_q384,EigenPro-PCG,1225.0,35.0,,384.0,,,,5.0,0.0082443229998716,1.2234280489997218,0.1431377807103037,0.1431807737904682,2.286444463396871,ok,group_b
USGS_LPC_IL_Winnebago_2018_ground_elevation_regression_ntrain3000000,3000000,SE,SE,SE,1.5,0.1,1e-05,0.1,eigenpro_pcg_q448,EigenPro-PCG,1225.0,35.0,,448.0,,,,5.0,0.0082521229996928,1.4123558659998707,0.1431378924951817,0.1431808842315039,1.9805916882141557,ok,group_b
USGS_LPC_IL_Winnebago_2018_ground_elevation_regression_ntrain3000000,3000000,SE,SE,SE,1.5,0.1,1e-05,0.1,btab_auto_topk_512,Active inverse,1225.0,35.0,512.0,,512.0,625.0,,25.0,0.0566840179999417,0.0884676230002696,0.1431380011821244,0.1431809943486871,31.619480597905575,ok,group_b
USGS_LPC_IL_Winnebago_2018_ground_elevation_regression_ntrain3000000,3000000,SE,SE,SE,1.5,0.1,1e-05,0.1,btab_auto_topk_1024,Active inverse,1225.0,35.0,1024.0,,1024.0,1225.0,,14.0,0.0670113080000192,0.0985709450001195,0.1431380013145952,0.1431809949053552,28.378547948347848,ok,group_b
USGS_LPC_IL_Winnebago_2018_ground_elevation_regression_ntrain3000000,3000000,SE,SE,SE,1.5,0.1,1e-05,0.1,btab_boxeig_topk_256_q128,Box-EigenPro,1225.0,35.0,256.0,128.0,256.0,361.0,128.0,333.0,0.8060428550002143,0.8378604120002819,0.1431380037211972,0.1431809990756716,3.3386232944478924,ok,group_b
USGS_LPC_IL_Winnebago_2018_ground_elevation_regression_ntrain3000000,3000000,SE,SE,SE,1.5,0.1,1e-05,0.1,btab_boxeig_topk_512_q128,Box-EigenPro,1225.0,35.0,512.0,128.0,512.0,625.0,128.0,242.0,0.6570270440001877,0.6884726230000524,0.1431379881756493,0.1431809997872946,4.063052321253501,ok,group_b
USGS_LPC_IL_Winnebago_2018_ground_elevation_regression_ntrain3000000,3000000,SE,SE,SE,1.5,0.1,1e-05,0.1,btab_boxeig_topk_512_q256,Box-EigenPro,1225.0,35.0,512.0,256.0,512.0,625.0,256.0,23.0,0.5929295770001772,0.6243450370002392,0.1431379881414744,0.1431809812084229,4.480375630820907,ok,group_b
USGS_LPC_IL_Winnebago_2018_ground_elevation_regression_ntrain3000000,3000000,SE,SE,SE,1.5,0.1,1e-05,0.1,btab_boxeig_topk_768_q128,Box-EigenPro,1225.0,35.0,768.0,128.0,768.0,961.0,128.0,168.0,1.2059079159998871,1.2375249480001005,0.1431379885852089,0.1431809896275781,2.260399108333469,ok,group_b
USGS_LPC_IL_Winnebago_2018_ground_elevation_regression_ntrain3000000,3000000,SE,SE,SE,1.5,0.1,1e-05,0.1,btab_boxeig_topk_768_q256,Box-EigenPro,1225.0,35.0,768.0,256.0,768.0,961.0,256.0,13.0,0.9462804800000412,0.9782048289998784,0.1431379964934544,0.1431809898116773,2.8596263339446235,ok,group_b
USGS_LPC_IL_Winnebago_2018_ground_elevation_regression_ntrain1000000,1000000,SE,SE,SE,1.5,0.1,1e-05,0.1,plain_cg,EFGP-CG,1225.0,35.0,,,,,,1665.0,1.757680597000217,1.776605353999912,0.149568104949986,0.1489404133362755,1.0,ok,group_b
USGS_LPC_IL_Winnebago_2018_ground_elevation_regression_ntrain1000000,1000000,SE,SE,SE,1.5,0.1,1e-05,0.1,eigenpro_pcg_q64,EigenPro-PCG,1225.0,35.0,,64.0,,,,406.0,0.5745438740000282,0.8102406869998049,0.1495132884550914,0.1488842536323776,2.1926883980344223,ok,group_b
USGS_LPC_IL_Winnebago_2018_ground_elevation_regression_ntrain1000000,1000000,SE,SE,SE,1.5,0.1,1e-05,0.1,eigenpro_pcg_q128,EigenPro-PCG,1225.0,35.0,,128.0,,,,102.0,0.1458536840000306,0.5809949710001092,0.1495132637540997,0.1488842553043797,3.057867008627822,ok,group_b
USGS_LPC_IL_Winnebago_2018_ground_elevation_regression_ntrain1000000,1000000,SE,SE,SE,1.5,0.1,1e-05,0.1,eigenpro_pcg_q256,EigenPro-PCG,1225.0,35.0,,256.0,,,,6.0,0.0096255389998987,0.8199198089996571,0.1495131517022186,0.1488841507770324,2.166803795321714,ok,group_b
USGS_LPC_IL_Winnebago_2018_ground_elevation_regression_ntrain1000000,1000000,SE,SE,SE,1.5,0.1,1e-05,0.1,eigenpro_pcg_q320,EigenPro-PCG,1225.0,35.0,,320.0,,,,5.0,0.008313876000102,1.0132221740000205,0.1495133339090085,0.1488843131903234,1.7534213123131632,ok,group_b
USGS_LPC_IL_Winnebago_2018_ground_elevation_regression_ntrain1000000,1000000,SE,SE,SE,1.5,0.1,1e-05,0.1,eigenpro_pcg_q384,EigenPro-PCG,1225.0,35.0,,384.0,,,,5.0,0.008206839000195,1.201076445000126,0.1495131188179818,0.1488840916999094,1.4791775839045165,ok,group_b
USGS_LPC_IL_Winnebago_2018_ground_elevation_regression_ntrain1000000,1000000,SE,SE,SE,1.5,0.1,1e-05,0.1,eigenpro_pcg_q448,EigenPro-PCG,1225.0,35.0,,448.0,,,,5.0,0.0081943499999397,1.3930027709998285,0.1495131610521374,0.1488841367068042,1.2753781909024866,ok,group_b
USGS_LPC_IL_Winnebago_2018_ground_elevation_regression_ntrain1000000,1000000,SE,SE,SE,1.5,0.1,1e-05,0.1,btab_auto_topk_512,Active inverse,1225.0,35.0,512.0,,512.0,625.0,,18.0,0.0441773289999218,0.062414976999662,0.1495132735042132,0.1488842473262831,28.46440773357223,ok,group_b
USGS_LPC_IL_Winnebago_2018_ground_elevation_regression_ntrain1000000,1000000,SE,SE,SE,1.5,0.1,1e-05,0.1,btab_auto_topk_1024,Active inverse,1225.0,35.0,1024.0,,1024.0,1225.0,,14.0,0.0672403759999724,0.0856976619998022,0.1495132767561474,0.1488842498340114,20.731083118743808,ok,group_b
USGS_LPC_IL_Winnebago_2018_ground_elevation_regression_ntrain1000000,1000000,SE,SE,SE,1.5,0.1,1e-05,0.1,btab_boxeig_topk_256_q128,Box-EigenPro,1225.0,35.0,256.0,128.0,256.0,361.0,128.0,207.0,0.5952959599999303,0.6139890300000843,0.1495132619047945,0.1488842375030896,2.8935457592779272,ok,group_b
USGS_LPC_IL_Winnebago_2018_ground_elevation_regression_ntrain1000000,1000000,SE,SE,SE,1.5,0.1,1e-05,0.1,btab_boxeig_topk_512_q128,Box-EigenPro,1225.0,35.0,512.0,128.0,512.0,625.0,128.0,149.0,0.5033484900000076,0.5215914450000128,0.1495132711319095,0.1488842474834445,3.40612441218216,ok,group_b
USGS_LPC_IL_Winnebago_2018_ground_elevation_regression_ntrain1000000,1000000,SE,SE,SE,1.5,0.1,1e-05,0.1,btab_boxeig_topk_512_q256,Box-EigenPro,1225.0,35.0,512.0,256.0,512.0,625.0,256.0,14.0,1.134016836000228,1.152749545000006,0.1495132760102163,0.1488842492444026,1.541189377784489,ok,group_b
USGS_LPC_IL_Winnebago_2018_ground_elevation_regression_ntrain1000000,1000000,SE,SE,SE,1.5,0.1,1e-05,0.1,btab_boxeig_topk_768_q128,Box-EigenPro,1225.0,35.0,768.0,128.0,768.0,961.0,128.0,105.0,1.1698047799995948,1.1886686659995576,0.1495132995644058,0.1488842520498548,1.4946178063051367,ok,group_b
USGS_LPC_IL_Winnebago_2018_ground_elevation_regression_ntrain1000000,1000000,SE,SE,SE,1.5,0.1,1e-05,0.1,btab_boxeig_topk_768_q256,Box-EigenPro,1225.0,35.0,768.0,256.0,768.0,961.0,256.0,9.0,0.4766048279998358,0.495718074999786,0.1495132798443375,0.1488842532651071,3.583902713252243,ok,group_b
USGS_LPC_IL_Winnebago_2018_ground_elevation_regression_ntrain30000000,30000000,SE,SE,SE,1.5,0.1,1e-05,0.1,plain_cg,EFGP-CG,1225.0,35.0,,,,,,6209.0,6.670623802999671,6.993721132999781,0.1327246636582527,0.1327273321362226,1.0,ok,group_b
USGS_LPC_IL_Winnebago_2018_ground_elevation_regression_ntrain30000000,30000000,SE,SE,SE,1.5,0.1,1e-05,0.1,eigenpro_pcg_q64,EigenPro-PCG,1225.0,35.0,,64.0,,,,1552.0,2.201133449000281,2.5900255350002226,0.1326567376386603,0.1326596312846512,2.7002518077487525,ok,group_b
USGS_LPC_IL_Winnebago_2018_ground_elevation_regression_ntrain30000000,30000000,SE,SE,SE,1.5,0.1,1e-05,0.1,eigenpro_pcg_q128,EigenPro-PCG,1225.0,35.0,,128.0,,,,393.0,0.5578009640003074,1.1513530910001464,0.1326567853931817,0.1326596679256404,6.0743495524249145,ok,group_b
USGS_LPC_IL_Winnebago_2018_ground_elevation_regression_ntrain30000000,30000000,SE,SE,SE,1.5,0.1,1e-05,0.1,eigenpro_pcg_q256,EigenPro-PCG,1225.0,35.0,,256.0,,,,29.0,0.0419630070000494,1.0055176159999064,0.1326567673258081,0.1326596574878473,6.955344214477125,ok,group_b
USGS_LPC_IL_Winnebago_2018_ground_elevation_regression_ntrain30000000,30000000,SE,SE,SE,1.5,0.1,1e-05,0.1,eigenpro_pcg_q320,EigenPro-PCG,1225.0,35.0,,320.0,,,,8.0,0.012522552000064,1.175004023999918,0.1326566046447192,0.1326595041077307,5.9520827079314484,ok,group_b
USGS_LPC_IL_Winnebago_2018_ground_elevation_regression_ntrain30000000,30000000,SE,SE,SE,1.5,0.1,1e-05,0.1,eigenpro_pcg_q384,EigenPro-PCG,1225.0,35.0,,384.0,,,,5.0,0.0081994719998874,1.3676547350000874,0.1326570520271647,0.1326599421205484,5.113659868986842,ok,group_b
USGS_LPC_IL_Winnebago_2018_ground_elevation_regression_ntrain30000000,30000000,SE,SE,SE,1.5,0.1,1e-05,0.1,eigenpro_pcg_q448,EigenPro-PCG,1225.0,35.0,,448.0,,,,5.0,0.0082329390002087,1.554843400000209,0.1326564885123212,0.1326593839970535,4.498022844614989,ok,group_b
USGS_LPC_IL_Winnebago_2018_ground_elevation_regression_ntrain30000000,30000000,SE,SE,SE,1.5,0.1,1e-05,0.1,btab_auto_topk_512,Active inverse,1225.0,35.0,512.0,,512.0,625.0,,55.0,0.1082009670003572,0.2709792050000033,0.1326567263255745,0.1326596204642331,25.809069492988204,ok,group_b
USGS_LPC_IL_Winnebago_2018_ground_elevation_regression_ntrain30000000,30000000,SE,SE,SE,1.5,0.1,1e-05,0.1,btab_auto_topk_1024,Active inverse,1225.0,35.0,1024.0,,1024.0,1225.0,,14.0,0.0694011030000183,0.2317020899999988,0.1326567247755201,0.132659618972578,30.184108969409024,ok,group_b
USGS_LPC_IL_Winnebago_2018_ground_elevation_regression_ntrain30000000,30000000,SE,SE,SE,1.5,0.1,1e-05,0.1,btab_boxeig_topk_256_q128,Box-EigenPro,1225.0,35.0,256.0,128.0,256.0,361.0,128.0,828.0,1.6229386740001246,1.7852025110000795,0.1326568217735979,0.1326597173160522,3.9176065963977735,ok,group_b
USGS_LPC_IL_Winnebago_2018_ground_elevation_regression_ntrain30000000,30000000,SE,SE,SE,1.5,0.1,1e-05,0.1,btab_boxeig_topk_512_q128,Box-EigenPro,1225.0,35.0,512.0,128.0,512.0,625.0,128.0,693.0,1.402707126000223,1.5655278439999163,0.1326567616110562,0.1326596577357257,4.467324653345581,ok,group_b
USGS_LPC_IL_Winnebago_2018_ground_elevation_regression_ntrain30000000,30000000,SE,SE,SE,1.5,0.1,1e-05,0.1,btab_boxeig_topk_512_q256,Box-EigenPro,1225.0,35.0,512.0,256.0,512.0,625.0,256.0,65.0,1.175877951000075,1.3504171640001914,0.1326567471564447,0.1326596410790106,5.17893382833128,ok,group_b
USGS_LPC_IL_Winnebago_2018_ground_elevation_regression_ntrain30000000,30000000,SE,SE,SE,1.5,0.1,1e-05,0.1,btab_boxeig_topk_768_q128,Box-EigenPro,1225.0,35.0,768.0,128.0,768.0,961.0,128.0,444.0,0.9886128469997856,1.1638401929999418,0.1326567425712132,0.1326596383994485,6.00917649610691,ok,group_b
USGS_LPC_IL_Winnebago_2018_ground_elevation_regression_ntrain30000000,30000000,SE,SE,SE,1.5,0.1,1e-05,0.1,btab_boxeig_topk_768_q256,Box-EigenPro,1225.0,35.0,768.0,256.0,768.0,961.0,256.0,41.0,0.537941717999729,0.7164106119998905,0.132656721844673,0.1326596172047533,9.762168532758766,ok,group_b
USGS_LPC_IL_Winnebago_2018_ground_elevation_regression_ntrain10000000,10000000,SE,SE,SE,1.5,0.1,1e-05,0.1,plain_cg,EFGP-CG,1225.0,35.0,,,,,,4049.0,4.277675117999934,4.401559588000055,0.1372443580931155,0.1371596195830629,1.0,ok,group_b
USGS_LPC_IL_Winnebago_2018_ground_elevation_regression_ntrain10000000,10000000,SE,SE,SE,1.5,0.1,1e-05,0.1,eigenpro_pcg_q64,EigenPro-PCG,1225.0,35.0,,64.0,,,,987.0,1.4029947499998343,1.6930782909998925,0.1371764840559579,0.1370908640493952,2.59973777432383,ok,group_b
USGS_LPC_IL_Winnebago_2018_ground_elevation_regression_ntrain10000000,10000000,SE,SE,SE,1.5,0.1,1e-05,0.1,eigenpro_pcg_q128,EigenPro-PCG,1225.0,35.0,,128.0,,,,254.0,0.3601436429999012,0.8438308069999039,0.1371765088965061,0.1370908878184931,5.216163656846148,ok,group_b
USGS_LPC_IL_Winnebago_2018_ground_elevation_regression_ntrain10000000,10000000,SE,SE,SE,1.5,0.1,1e-05,0.1,eigenpro_pcg_q256,EigenPro-PCG,1225.0,35.0,,256.0,,,,16.0,0.0236510959998668,0.8830864239998846,0.1371766140072342,0.1370909977439844,4.984290855773172,ok,group_b
USGS_LPC_IL_Winnebago_2018_ground_elevation_regression_ntrain10000000,10000000,SE,SE,SE,1.5,0.1,1e-05,0.1,eigenpro_pcg_q320,EigenPro-PCG,1225.0,35.0,,320.0,,,,7.0,0.0111914700000852,1.0690424949998487,0.1371764755471681,0.1370908553506966,4.117291509539737,ok,group_b
USGS_LPC_IL_Winnebago_2018_ground_elevation_regression_ntrain10000000,10000000,SE,SE,SE,1.5,0.1,1e-05,0.1,eigenpro_pcg_q384,EigenPro-PCG,1225.0,35.0,,384.0,,,,5.0,0.0081866690002243,1.2552817780001533,0.1371761673825706,0.1370905489909991,3.5064315161273036,ok,group_b
USGS_LPC_IL_Winnebago_2018_ground_elevation_regression_ntrain10000000,10000000,SE,SE,SE,1.5,0.1,1e-05,0.1,eigenpro_pcg_q448,EigenPro-PCG,1225.0,35.0,,448.0,,,,5.0,0.0081834500001605,1.441480588000104,0.1371762504213086,0.1370906313438903,3.05349903747697,ok,group_b
USGS_LPC_IL_Winnebago_2018_ground_elevation_regression_ntrain10000000,10000000,SE,SE,SE,1.5,0.1,1e-05,0.1,btab_auto_topk_512,Active inverse,1225.0,35.0,512.0,,512.0,625.0,,36.0,0.0732562050002343,0.1359532390001732,0.1371764564744965,0.1370908358206969,32.37554044589145,ok,group_b
USGS_LPC_IL_Winnebago_2018_ground_elevation_regression_ntrain10000000,10000000,SE,SE,SE,1.5,0.1,1e-05,0.1,btab_auto_topk_1024,Active inverse,1225.0,35.0,1024.0,,1024.0,1225.0,,14.0,0.0651087400001415,0.1278787969999939,0.1371764536732555,0.1370908323875246,34.419776313662574,ok,group_b
USGS_LPC_IL_Winnebago_2018_ground_elevation_regression_ntrain10000000,10000000,SE,SE,SE,1.5,0.1,1e-05,0.1,btab_boxeig_topk_256_q128,Box-EigenPro,1225.0,35.0,256.0,128.0,256.0,361.0,128.0,552.0,1.171590364000167,1.2341449350001312,0.1371764071346568,0.1370907857510803,3.566485153544455,ok,group_b
USGS_LPC_IL_Winnebago_2018_ground_elevation_regression_ntrain10000000,10000000,SE,SE,SE,1.5,0.1,1e-05,0.1,btab_boxeig_topk_512_q128,Box-EigenPro,1225.0,35.0,512.0,128.0,512.0,625.0,128.0,422.0,1.6851268640002672,1.747890901000119,0.1371764308453185,0.1370908142524256,2.5182118549169994,ok,group_b
USGS_LPC_IL_Winnebago_2018_ground_elevation_regression_ntrain10000000,10000000,SE,SE,SE,1.5,0.1,1e-05,0.1,btab_boxeig_topk_512_q256,Box-EigenPro,1225.0,35.0,512.0,256.0,512.0,625.0,256.0,38.0,0.5401293199997781,0.6135939099999632,0.1371764791028795,0.1370908580751381,7.173408204133445,ok,group_b
USGS_LPC_IL_Winnebago_2018_ground_elevation_regression_ntrain10000000,10000000,SE,SE,SE,1.5,0.1,1e-05,0.1,btab_boxeig_topk_768_q128,Box-EigenPro,1225.0,35.0,768.0,128.0,768.0,961.0,128.0,272.0,0.7055235080001694,0.7731800310002654,0.1371764692749324,0.1370908578738221,5.6928003977362724,ok,group_b
USGS_LPC_IL_Winnebago_2018_ground_elevation_regression_ntrain10000000,10000000,SE,SE,SE,1.5,0.1,1e-05,0.1,btab_boxeig_topk_768_q256,Box-EigenPro,1225.0,35.0,768.0,256.0,768.0,961.0,256.0,23.0,0.5297015720002491,0.5932788079999227,0.137176452553863,0.1370908304788476,7.41904064100774,ok,group_b
synthetic_true_func_2d_ntrain300000000,300000000,Matern-1.5,matern,Matern-1.5,1.5,0.1,1e-05,0.1,plain_cg,EFGP-CG,35721.0,189.0,,,,,,11456.0,12.269990544000391,15.255974763000268,0.0017288589655289,0.3000125240039688,1.0,ok,group_c
synthetic_true_func_2d_ntrain300000000,300000000,Matern-1.5,matern,Matern-1.5,1.5,0.1,1e-05,0.1,eigenpro_pcg_q64,EigenPro-PCG,35721.0,189.0,,64.0,,,,3000.0,4.40120571999978,6.15594543799989,0.0017393074929806,0.3000125359925847,2.4782504842923108,ok,group_c
synthetic_true_func_2d_ntrain300000000,300000000,Matern-1.5,matern,Matern-1.5,1.5,0.1,1e-05,0.1,eigenpro_pcg_q128,EigenPro-PCG,35721.0,189.0,,128.0,,,,2009.0,2.988824409999779,4.939086162999956,0.0017390581872251,0.3000125272827298,3.08882539391334,ok,group_c
synthetic_true_func_2d_ntrain300000000,300000000,Matern-1.5,matern,Matern-1.5,1.5,0.1,1e-05,0.1,eigenpro_pcg_q256,EigenPro-PCG,35721.0,189.0,,256.0,,,,963.0,1.5393268380003065,3.897553202000381,0.0017390321614866,0.3000125288789451,3.914244135312967,ok,group_c
synthetic_true_func_2d_ntrain300000000,300000000,Matern-1.5,matern,Matern-1.5,1.5,0.1,1e-05,0.1,eigenpro_pcg_q320,EigenPro-PCG,35721.0,189.0,,320.0,,,,754.0,1.2479499300002317,3.854559158000029,0.0017390632961152,0.3000125289186732,3.9579039100585396,ok,group_c
synthetic_true_func_2d_ntrain300000000,300000000,Matern-1.5,matern,Matern-1.5,1.5,0.1,1e-05,0.1,eigenpro_pcg_q384,EigenPro-PCG,35721.0,189.0,,384.0,,,,589.0,1.0108248249998724,3.8336905810001554,0.001739219549329,0.3000125311595686,3.979448638502328,ok,group_c
synthetic_true_func_2d_ntrain300000000,300000000,Matern-1.5,matern,Matern-1.5,1.5,0.1,1e-05,0.1,eigenpro_pcg_q448,EigenPro-PCG,35721.0,189.0,,448.0,,,,489.0,0.8543380579999393,3.952511084999969,0.0017391468306526,0.3000125316822528,3.8598183369801697,ok,group_c
synthetic_true_func_2d_ntrain300000000,300000000,Matern-1.5,matern,Matern-1.5,1.5,0.1,1e-05,0.1,btab_auto_topk_2048,Active inverse,35721.0,189.0,2048.0,,2048.0,2601.0,,508.0,1.0171605220002675,2.548682494000332,0.0017384420431704,0.300012520663495,5.985827893004816,ok,group_c
synthetic_true_func_2d_ntrain300000000,300000000,Matern-1.5,matern,Matern-1.5,1.5,0.1,1e-05,0.1,btab_auto_topk_4096,Active inverse,35721.0,189.0,4096.0,,4096.0,5329.0,,246.0,1.3402550420000807,2.871803815000021,0.0017384730371386,0.3000125207250403,5.312331811565671,ok,group_c
synthetic_true_func_2d_ntrain300000000,300000000,Matern-1.5,matern,Matern-1.5,1.5,0.1,1e-05,0.1,btab_boxeig_topk_20480_q320,Box-EigenPro,35721.0,189.0,20480.0,320.0,20480.0,25921.0,320.0,874.0,2.2387429710001925,3.7697941810001794,0.0017381842525406,0.3000125290202569,4.046898591941867,ok,group_c
synthetic_true_func_2d_ntrain300000000,300000000,Matern-1.5,matern,Matern-1.5,1.5,0.1,1e-05,0.1,btab_boxeig_topk_20480_q384,Box-EigenPro,35721.0,189.0,20480.0,384.0,20480.0,25921.0,384.0,686.0,1.9845028730001104,3.51550585699988,0.0017379930842241,0.300012529359464,4.339624333898753,ok,group_c
synthetic_true_func_2d_ntrain300000000,300000000,Matern-1.5,matern,Matern-1.5,1.5,0.1,1e-05,0.1,btab_boxeig_topk_32768_q192,Box-EigenPro,35721.0,189.0,32768.0,192.0,32768.0,35721.0,192.0,1181.0,2.451765203999912,3.982532257999992,0.0017389421279429,0.3000125280239719,3.830722207548858,ok,group_c
synthetic_true_func_2d_ntrain300000000,300000000,Matern-1.5,matern,Matern-1.5,1.5,0.1,1e-05,0.1,btab_boxeig_topk_32768_q256,Box-EigenPro,35721.0,189.0,32768.0,256.0,32768.0,35721.0,256.0,856.0,2.019718419000128,3.550868429999809,0.0017389781930786,0.3000125286299211,4.296406657624622,ok,group_c
synthetic_true_func_2d_ntrain300000000,300000000,Matern-1.5,matern,Matern-1.5,1.5,0.1,1e-05,0.1,btab_boxeig_topk_32768_q320,Box-EigenPro,35721.0,189.0,32768.0,320.0,32768.0,35721.0,320.0,639.0,1.8235782990000189,3.3544845659998828,0.0017391724015909,0.3000125309796458,4.547934105176861,ok,group_c
synthetic_true_func_2d_ntrain300000000,300000000,Matern-1.5,matern,Matern-1.5,1.5,0.1,1e-05,0.1,btab_boxeig_topk_32768_q384,Box-EigenPro,35721.0,189.0,32768.0,384.0,32768.0,35721.0,384.0,502.0,1.6910515069998835,3.222217868999905,0.0017390726078803,0.3000125328898613,4.734619253953594,ok,group_c
synthetic_true_func_2d_ntrain300000000,300000000,Matern-1.5,matern,Matern-1.5,1.5,0.1,1e-05,0.1,btab_boxeig_topk_32768_q448,Box-EigenPro,35721.0,189.0,32768.0,448.0,32768.0,35721.0,448.0,410.0,1.707209794999926,3.238416271000005,0.0017395041360382,0.3000125342853839,4.710936916793994,ok,group_c
synthetic_true_func_2d_ntrain300000000,300000000,Matern-1.5,matern,Matern-1.5,1.5,0.1,1e-05,0.1,btab_boxeig_topk_35721_q192,Box-EigenPro,35721.0,189.0,35721.0,192.0,35721.0,35721.0,192.0,1169.0,2.537711419000061,4.06880652000018,0.0017389613859288,0.3000125284422496,3.7494962436797294,ok,group_c
synthetic_true_func_2d_ntrain300000000,300000000,Matern-1.5,matern,Matern-1.5,1.5,0.1,1e-05,0.1,btab_boxeig_topk_35721_q256,Box-EigenPro,35721.0,189.0,35721.0,256.0,35721.0,35721.0,256.0,853.0,2.4538261960001364,3.984753790000013,0.0017389645119715,0.3000125287638702,3.8285865493838247,ok,group_c
synthetic_true_func_2d_ntrain300000000,300000000,Matern-1.5,matern,Matern-1.5,1.5,0.1,1e-05,0.1,btab_boxeig_topk_35721_q320,Box-EigenPro,35721.0,189.0,35721.0,320.0,35721.0,35721.0,320.0,634.0,2.354751515999851,3.8860037770000417,0.0017391482181833,0.300012531357888,3.925877492269896,ok,group_c
synthetic_true_func_2d_ntrain300000000,300000000,Matern-1.5,matern,Matern-1.5,1.5,0.1,1e-05,0.1,btab_boxeig_topk_35721_q384,Box-EigenPro,35721.0,189.0,35721.0,384.0,35721.0,35721.0,384.0,502.0,1.6982313040002737,3.229001878999952,0.0017390791703345,0.3000125328902749,4.724671999176775,ok,group_c
synthetic_true_func_2d_ntrain300000000,300000000,Matern-1.5,matern,Matern-1.5,1.5,0.1,1e-05,0.1,btab_boxeig_topk_35721_q448,Box-EigenPro,35721.0,189.0,35721.0,448.0,35721.0,35721.0,448.0,417.0,1.7159406440000566,3.246961296000336,0.0017391611127512,0.3000125333428172,4.6985391485241434,ok,group_c
synthetic_true_func_2d_ntrain100000000,100000000,Matern-1.5,matern,Matern-1.5,1.5,0.1,1e-05,0.1,plain_cg,EFGP-CG,35721.0,189.0,,,,,,8867.0,9.497704286000044,10.498031327000264,0.0029535340787461,0.3000157114500472,1.0,ok,group_c
synthetic_true_func_2d_ntrain100000000,100000000,Matern-1.5,matern,Matern-1.5,1.5,0.1,1e-05,0.1,eigenpro_pcg_q64,EigenPro-PCG,35721.0,189.0,,64.0,,,,3000.0,4.412641327000074,5.1608894410001085,0.0029681490476676,0.3000157050775467,2.0341515637982535,ok,group_c
synthetic_true_func_2d_ntrain100000000,100000000,Matern-1.5,matern,Matern-1.5,1.5,0.1,1e-05,0.1,eigenpro_pcg_q128,EigenPro-PCG,35721.0,189.0,,128.0,,,,1662.0,2.48076072899994,3.4234514199997648,0.0029682318952858,0.3000157054070642,3.066505125695923,ok,group_c
synthetic_true_func_2d_ntrain100000000,100000000,Matern-1.5,matern,Matern-1.5,1.5,0.1,1e-05,0.1,eigenpro_pcg_q256,EigenPro-PCG,35721.0,189.0,,256.0,,,,757.0,1.2579458079999313,2.632048984999983,0.0029684157976484,0.3000157083848644,3.9885394940703702,ok,group_c
synthetic_true_func_2d_ntrain100000000,100000000,Matern-1.5,matern,Matern-1.5,1.5,0.1,1e-05,0.1,eigenpro_pcg_q320,EigenPro-PCG,35721.0,189.0,,320.0,,,,585.0,0.9841228190002766,2.581659854999998,0.0029684047188151,0.3000157089286911,4.066388260509351,ok,group_c
synthetic_true_func_2d_ntrain100000000,100000000,Matern-1.5,matern,Matern-1.5,1.5,0.1,1e-05,0.1,eigenpro_pcg_q384,EigenPro-PCG,35721.0,189.0,,384.0,,,,471.0,0.8034115709997423,2.6467942439999206,0.0029683399805228,0.3000157096512841,3.966319388368966,ok,group_c
synthetic_true_func_2d_ntrain100000000,100000000,Matern-1.5,matern,Matern-1.5,1.5,0.1,1e-05,0.1,eigenpro_pcg_q448,EigenPro-PCG,35721.0,189.0,,448.0,,,,387.0,0.684623012999964,2.747546113999761,0.0029685558941245,0.3000157104657378,3.820875388954865,ok,group_c
synthetic_true_func_2d_ntrain100000000,100000000,Matern-1.5,matern,Matern-1.5,1.5,0.1,1e-05,0.1,btab_auto_topk_2048,Active inverse,35721.0,189.0,2048.0,,2048.0,2601.0,,392.0,0.8194180890000098,1.3462397120001697,0.0029680427957229,0.300015702113684,7.798040150964542,ok,group_c
synthetic_true_func_2d_ntrain100000000,100000000,Matern-1.5,matern,Matern-1.5,1.5,0.1,1e-05,0.1,btab_auto_topk_4096,Active inverse,35721.0,189.0,4096.0,,4096.0,5329.0,,187.0,1.2257324239999434,1.7527817459999824,0.0029679827986103,0.3000157021256962,5.989354550820596,ok,group_c
synthetic_true_func_2d_ntrain100000000,100000000,Matern-1.5,matern,Matern-1.5,1.5,0.1,1e-05,0.1,btab_boxeig_topk_20480_q320,Box-EigenPro,35721.0,189.0,20480.0,320.0,20480.0,25921.0,320.0,769.0,2.030465525000181,2.557630281999991,0.0029680143895472,0.3000157086468457,4.104592990192122,ok,group_c
synthetic_true_func_2d_ntrain100000000,100000000,Matern-1.5,matern,Matern-1.5,1.5,0.1,1e-05,0.1,btab_boxeig_topk_20480_q384,Box-EigenPro,35721.0,189.0,20480.0,384.0,20480.0,25921.0,384.0,613.0,1.852340136999828,2.379184342999906,0.0029679468129577,0.3000157088552158,4.4124497363509585,ok,group_c
synthetic_true_func_2d_ntrain100000000,100000000,Matern-1.5,matern,Matern-1.5,1.5,0.1,1e-05,0.1,btab_boxeig_topk_32768_q192,Box-EigenPro,35721.0,189.0,32768.0,192.0,32768.0,35721.0,192.0,916.0,2.0192712899997787,2.5455669459997807,0.002968349466973,0.3000157081380328,4.124044485845225,ok,group_c
synthetic_true_func_2d_ntrain100000000,100000000,Matern-1.5,matern,Matern-1.5,1.5,0.1,1e-05,0.1,btab_boxeig_topk_32768_q256,Box-EigenPro,35721.0,189.0,32768.0,256.0,32768.0,35721.0,256.0,636.0,1.6131166969998958,2.1400467369999205,0.0029685184983384,0.3000157104740278,4.905514980349073,ok,group_c
synthetic_true_func_2d_ntrain100000000,100000000,Matern-1.5,matern,Matern-1.5,1.5,0.1,1e-05,0.1,btab_boxeig_topk_32768_q320,Box-EigenPro,35721.0,189.0,32768.0,320.0,32768.0,35721.0,320.0,500.0,1.5264806499999397,2.05359766499987,0.0029685465606072,0.3000157104381098,5.112019508943553,ok,group_c
synthetic_true_func_2d_ntrain100000000,100000000,Matern-1.5,matern,Matern-1.5,1.5,0.1,1e-05,0.1,btab_boxeig_topk_32768_q384,Box-EigenPro,35721.0,189.0,32768.0,384.0,32768.0,35721.0,384.0,394.0,1.4827068260001397,2.0093748439999217,0.0029685113782742,0.3000157120095615,5.22452610489667,ok,group_c
synthetic_true_func_2d_ntrain100000000,100000000,Matern-1.5,matern,Matern-1.5,1.5,0.1,1e-05,0.1,btab_boxeig_topk_32768_q448,Box-EigenPro,35721.0,189.0,32768.0,448.0,32768.0,35721.0,448.0,326.0,1.5453941109999505,2.07214293800007,0.0029685138300128,0.3000157126874829,5.066267936676437,ok,group_c
synthetic_true_func_2d_ntrain100000000,100000000,Matern-1.5,matern,Matern-1.5,1.5,0.1,1e-05,0.1,btab_boxeig_topk_35721_q192,Box-EigenPro,35721.0,189.0,35721.0,192.0,35721.0,35721.0,192.0,921.0,3.482179166999685,4.009207382000113,0.0029682591836794,0.3000157079528359,2.6184804942075623,ok,group_c
synthetic_true_func_2d_ntrain100000000,100000000,Matern-1.5,matern,Matern-1.5,1.5,0.1,1e-05,0.1,btab_boxeig_topk_35721_q256,Box-EigenPro,35721.0,189.0,35721.0,256.0,35721.0,35721.0,256.0,647.0,1.643019613999968,2.169490675000361,0.0029683225125549,0.3000157096992605,4.838938211614353,ok,group_c
synthetic_true_func_2d_ntrain100000000,100000000,Matern-1.5,matern,Matern-1.5,1.5,0.1,1e-05,0.1,btab_boxeig_topk_35721_q320,Box-EigenPro,35721.0,189.0,35721.0,320.0,35721.0,35721.0,320.0,491.0,1.502183049999985,2.0292846369998188,0.0029685525304946,0.3000157112870532,5.173267039818033,ok,group_c
synthetic_true_func_2d_ntrain100000000,100000000,Matern-1.5,matern,Matern-1.5,1.5,0.1,1e-05,0.1,btab_boxeig_topk_35721_q384,Box-EigenPro,35721.0,189.0,35721.0,384.0,35721.0,35721.0,384.0,415.0,1.565813372000321,2.0924968490003266,0.0029682819259582,0.3000157095508349,5.016987878388258,ok,group_c
synthetic_true_func_2d_ntrain100000000,100000000,Matern-1.5,matern,Matern-1.5,1.5,0.1,1e-05,0.1,btab_boxeig_topk_35721_q448,Box-EigenPro,35721.0,189.0,35721.0,448.0,35721.0,35721.0,448.0,326.0,1.5406416319997334,2.067602000000079,0.0029685056276772,0.3000157126802452,5.077394647035486,ok,group_c
USGS_LPC_IL_Winnebago_2018_ground_elevation_regression_ntrain300000000,300000000,Matern-1.5,matern,Matern-1.5,1.5,0.1,1e-05,0.1,plain_cg,EFGP-CG,35721.0,189.0,,,,,,22152.0,23.702691517999934,27.10588420399972,0.1106107161420081,0.1106034432320669,1.0,ok,group_c
USGS_LPC_IL_Winnebago_2018_ground_elevation_regression_ntrain300000000,300000000,Matern-1.5,matern,Matern-1.5,1.5,0.1,1e-05,0.1,eigenpro_pcg_q64,EigenPro-PCG,35721.0,189.0,,64.0,,,,3000.0,4.390104971000255,6.166642738000064,0.1105829596752235,0.1105759190723724,4.395565846058819,ok,group_c
USGS_LPC_IL_Winnebago_2018_ground_elevation_regression_ntrain300000000,300000000,Matern-1.5,matern,Matern-1.5,1.5,0.1,1e-05,0.1,eigenpro_pcg_q128,EigenPro-PCG,35721.0,189.0,,128.0,,,,1456.0,2.184438867999688,4.156777052000052,0.110582871302248,0.1105758376119227,6.520889589437471,ok,group_c
USGS_LPC_IL_Winnebago_2018_ground_elevation_regression_ntrain300000000,300000000,Matern-1.5,matern,Matern-1.5,1.5,0.1,1e-05,0.1,eigenpro_pcg_q256,EigenPro-PCG,35721.0,189.0,,256.0,,,,606.0,0.9766042880000896,3.369653827000093,0.1105830451734917,0.1105759989658538,8.044115388592104,ok,group_c
USGS_LPC_IL_Winnebago_2018_ground_elevation_regression_ntrain300000000,300000000,Matern-1.5,matern,Matern-1.5,1.5,0.1,1e-05,0.1,eigenpro_pcg_q320,EigenPro-PCG,35721.0,189.0,,320.0,,,,468.0,0.7720311360003507,3.3996621660003257,0.110582998651061,0.1105759590307878,7.973111115299309,ok,group_c
USGS_LPC_IL_Winnebago_2018_ground_elevation_regression_ntrain300000000,300000000,Matern-1.5,matern,Matern-1.5,1.5,0.1,1e-05,0.1,eigenpro_pcg_q384,EigenPro-PCG,35721.0,189.0,,384.0,,,,364.0,0.6228527339999346,3.477214774999993,0.1105830737676074,0.1105760251560693,7.795286158014147,ok,group_c
USGS_LPC_IL_Winnebago_2018_ground_elevation_regression_ntrain300000000,300000000,Matern-1.5,matern,Matern-1.5,1.5,0.1,1e-05,0.1,eigenpro_pcg_q448,EigenPro-PCG,35721.0,189.0,,448.0,,,,297.0,0.5331941409999672,3.621427600000061,0.1105830681510083,0.1105760221387709,7.484861551284158,ok,group_c
USGS_LPC_IL_Winnebago_2018_ground_elevation_regression_ntrain300000000,300000000,Matern-1.5,matern,Matern-1.5,1.5,0.1,1e-05,0.1,btab_auto_topk_2048,Active inverse,35721.0,189.0,2048.0,,2048.0,2601.0,,3000.0,4.982791094000277,6.53735217600024,0.1799634555031248,0.1800868999323533,4.146309312126421,ok,group_c
USGS_LPC_IL_Winnebago_2018_ground_elevation_regression_ntrain300000000,300000000,Matern-1.5,matern,Matern-1.5,1.5,0.1,1e-05,0.1,btab_auto_topk_4096,Active inverse,35721.0,189.0,4096.0,,4096.0,5329.0,,3000.0,6.475940098000137,8.029818822999914,0.2647329504712652,0.2647704308477465,3.3756532745620595,ok,group_c
USGS_LPC_IL_Winnebago_2018_ground_elevation_regression_ntrain300000000,300000000,Matern-1.5,matern,Matern-1.5,1.5,0.1,1e-05,0.1,btab_boxeig_topk_20480_q320,Box-EigenPro,35721.0,189.0,20480.0,320.0,20480.0,25921.0,320.0,2784.0,6.379817696999908,7.935033434000161,0.1105827557223082,0.1105757069915006,3.415976054726624,ok,group_c
USGS_LPC_IL_Winnebago_2018_ground_elevation_regression_ntrain300000000,300000000,Matern-1.5,matern,Matern-1.5,1.5,0.1,1e-05,0.1,btab_boxeig_topk_20480_q384,Box-EigenPro,35721.0,189.0,20480.0,384.0,20480.0,25921.0,384.0,2244.0,4.764704270000038,6.3194977489997655,0.1105827652169564,0.1105757161658649,4.289246595315264,ok,group_c
USGS_LPC_IL_Winnebago_2018_ground_elevation_regression_ntrain300000000,300000000,Matern-1.5,matern,Matern-1.5,1.5,0.1,1e-05,0.1,btab_boxeig_topk_32768_q192,Box-EigenPro,35721.0,189.0,32768.0,192.0,32768.0,35721.0,192.0,789.0,1.70428382900036,3.2591034120000586,0.1105829641460114,0.110575924090083,8.316975798986778,ok,group_c
USGS_LPC_IL_Winnebago_2018_ground_elevation_regression_ntrain300000000,300000000,Matern-1.5,matern,Matern-1.5,1.5,0.1,1e-05,0.1,btab_boxeig_topk_32768_q256,Box-EigenPro,35721.0,189.0,32768.0,256.0,32768.0,35721.0,256.0,544.0,1.4634777370001757,3.019020585999897,0.1105830396159182,0.1105759935547587,8.978370114366834,ok,group_c
USGS_LPC_IL_Winnebago_2018_ground_elevation_regression_ntrain300000000,300000000,Matern-1.5,matern,Matern-1.5,1.5,0.1,1e-05,0.1,btab_boxeig_topk_32768_q320,Box-EigenPro,35721.0,189.0,32768.0,320.0,32768.0,35721.0,320.0,412.0,1.3604884799997308,2.915010467999764,0.110583065223367,0.110576014972519,9.298726197233648,ok,group_c
USGS_LPC_IL_Winnebago_2018_ground_elevation_regression_ntrain300000000,300000000,Matern-1.5,matern,Matern-1.5,1.5,0.1,1e-05,0.1,btab_boxeig_topk_32768_q384,Box-EigenPro,35721.0,189.0,32768.0,384.0,32768.0,35721.0,384.0,321.0,1.3448567699997511,2.899769573999947,0.1105830961537473,0.110576048032241,9.347599356527429,ok,group_c
USGS_LPC_IL_Winnebago_2018_ground_elevation_regression_ntrain300000000,300000000,Matern-1.5,matern,Matern-1.5,1.5,0.1,1e-05,0.1,btab_boxeig_topk_32768_q448,Box-EigenPro,35721.0,189.0,32768.0,448.0,32768.0,35721.0,448.0,270.0,1.448660676000145,3.0030584559999625,0.1105829774606412,0.1105759330197961,9.02609276547498,ok,group_c
USGS_LPC_IL_Winnebago_2018_ground_elevation_regression_ntrain300000000,300000000,Matern-1.5,matern,Matern-1.5,1.5,0.1,1e-05,0.1,btab_boxeig_topk_35721_q192,Box-EigenPro,35721.0,189.0,35721.0,192.0,35721.0,35721.0,192.0,807.0,1.97109411800011,3.526111028999821,0.1105829086818876,0.110575868446437,7.6871896491836464,ok,group_c
USGS_LPC_IL_Winnebago_2018_ground_elevation_regression_ntrain300000000,300000000,Matern-1.5,matern,Matern-1.5,1.5,0.1,1e-05,0.1,btab_boxeig_topk_35721_q256,Box-EigenPro,35721.0,189.0,35721.0,256.0,35721.0,35721.0,256.0,545.0,2.524076136000076,4.079217571999834,0.1105830232591138,0.1105759778434271,6.644873367397042,ok,group_c
USGS_LPC_IL_Winnebago_2018_ground_elevation_regression_ntrain300000000,300000000,Matern-1.5,matern,Matern-1.5,1.5,0.1,1e-05,0.1,btab_boxeig_topk_35721_q320,Box-EigenPro,35721.0,189.0,35721.0,320.0,35721.0,35721.0,320.0,409.0,1.3545577849999972,2.909183540000413,0.1105830791199116,0.1105760333942195,9.317351013197289,ok,group_c
USGS_LPC_IL_Winnebago_2018_ground_elevation_regression_ntrain300000000,300000000,Matern-1.5,matern,Matern-1.5,1.5,0.1,1e-05,0.1,btab_boxeig_topk_35721_q384,Box-EigenPro,35721.0,189.0,35721.0,384.0,35721.0,35721.0,384.0,320.0,1.3388173889998145,2.8935304959995847,0.1105831114276517,0.1105760599888434,9.367754803854542,ok,group_c
USGS_LPC_IL_Winnebago_2018_ground_elevation_regression_ntrain300000000,300000000,Matern-1.5,matern,Matern-1.5,1.5,0.1,1e-05,0.1,btab_boxeig_topk_35721_q448,Box-EigenPro,35721.0,189.0,35721.0,448.0,35721.0,35721.0,448.0,273.0,1.448190271000385,3.0027345420003257,0.1105829458299677,0.1105759030131386,9.027066437229129,ok,group_c
USGS_LPC_IL_Winnebago_2018_ground_elevation_regression_ntrain100000000,100000000,Matern-1.5,matern,Matern-1.5,1.5,0.1,1e-05,0.1,plain_cg,EFGP-CG,35721.0,189.0,,,,,,13558.0,14.482096638999792,15.481267398000456,0.0276200923886429,0.0276472303098078,1.0,ok,group_c
USGS_LPC_IL_Winnebago_2018_ground_elevation_regression_ntrain100000000,100000000,Matern-1.5,matern,Matern-1.5,1.5,0.1,1e-05,0.1,eigenpro_pcg_q64,EigenPro-PCG,35721.0,189.0,,64.0,,,,3000.0,4.406038860000081,5.148300157000449,0.0276154649561213,0.0276425966151242,3.007063870770949,ok,group_c
USGS_LPC_IL_Winnebago_2018_ground_elevation_regression_ntrain100000000,100000000,Matern-1.5,matern,Matern-1.5,1.5,0.1,1e-05,0.1,eigenpro_pcg_q128,EigenPro-PCG,35721.0,189.0,,128.0,,,,2322.0,3.457532369000546,4.397281534000285,0.0276137625196819,0.0276408956017063,3.5206450345054146,ok,group_c
USGS_LPC_IL_Winnebago_2018_ground_elevation_regression_ntrain100000000,100000000,Matern-1.5,matern,Matern-1.5,1.5,0.1,1e-05,0.1,eigenpro_pcg_q256,EigenPro-PCG,35721.0,189.0,,256.0,,,,1105.0,1.7817686090002098,3.1422556659999827,0.0276138171937681,0.027640944485219,4.926800694644858,ok,group_c
USGS_LPC_IL_Winnebago_2018_ground_elevation_regression_ntrain100000000,100000000,Matern-1.5,matern,Matern-1.5,1.5,0.1,1e-05,0.1,eigenpro_pcg_q320,EigenPro-PCG,35721.0,189.0,,320.0,,,,865.0,1.4291575070001272,3.0178130000003875,0.0276138198277814,0.0276409472663379,5.129962458905992,ok,group_c
USGS_LPC_IL_Winnebago_2018_ground_elevation_regression_ntrain100000000,100000000,Matern-1.5,matern,Matern-1.5,1.5,0.1,1e-05,0.1,eigenpro_pcg_q384,EigenPro-PCG,35721.0,189.0,,384.0,,,,689.0,1.1719433500002197,2.999990076999893,0.0276138614219373,0.0276409832623532,5.160439535014172,ok,group_c
USGS_LPC_IL_Winnebago_2018_ground_elevation_regression_ntrain100000000,100000000,Matern-1.5,matern,Matern-1.5,1.5,0.1,1e-05,0.1,eigenpro_pcg_q448,EigenPro-PCG,35721.0,189.0,,448.0,,,,584.0,1.0316867139999886,3.0892669590002697,0.027613847626299,0.0276409715308502,5.011307732048645,ok,group_c
USGS_LPC_IL_Winnebago_2018_ground_elevation_regression_ntrain100000000,100000000,Matern-1.5,matern,Matern-1.5,1.5,0.1,1e-05,0.1,btab_auto_topk_2048,Active inverse,35721.0,189.0,2048.0,,2048.0,2601.0,,820.0,1.4969730269995123,2.021599065999908,0.0276136850459415,0.0276408173241516,7.657931613825331,ok,group_c
USGS_LPC_IL_Winnebago_2018_ground_elevation_regression_ntrain100000000,100000000,Matern-1.5,matern,Matern-1.5,1.5,0.1,1e-05,0.1,btab_auto_topk_4096,Active inverse,35721.0,189.0,4096.0,,4096.0,5329.0,,388.0,1.5996481629999837,2.1245382460001565,0.0276136829668018,0.0276408158813193,7.286885716059412,ok,group_c
USGS_LPC_IL_Winnebago_2018_ground_elevation_regression_ntrain100000000,100000000,Matern-1.5,matern,Matern-1.5,1.5,0.1,1e-05,0.1,btab_boxeig_topk_20480_q320,Box-EigenPro,35721.0,189.0,20480.0,320.0,20480.0,25921.0,320.0,1921.0,4.007841915999961,4.532397834000221,0.0276137180962825,0.02764085355149,3.4156903177973983,ok,group_c
USGS_LPC_IL_Winnebago_2018_ground_elevation_regression_ntrain100000000,100000000,Matern-1.5,matern,Matern-1.5,1.5,0.1,1e-05,0.1,btab_boxeig_topk_20480_q384,Box-EigenPro,35721.0,189.0,20480.0,384.0,20480.0,25921.0,384.0,1599.0,3.646258608000608,4.171356202999959,0.0276136994702543,0.0276408339118525,3.7113271187118055,ok,group_c
USGS_LPC_IL_Winnebago_2018_ground_elevation_regression_ntrain100000000,100000000,Matern-1.5,matern,Matern-1.5,1.5,0.1,1e-05,0.1,btab_boxeig_topk_32768_q192,Box-EigenPro,35721.0,189.0,32768.0,192.0,32768.0,35721.0,192.0,1355.0,2.682394048999413,3.207528607999848,0.0276137998251235,0.0276409298477645,4.826540707817497,ok,group_c
USGS_LPC_IL_Winnebago_2018_ground_elevation_regression_ntrain100000000,100000000,Matern-1.5,matern,Matern-1.5,1.5,0.1,1e-05,0.1,btab_boxeig_topk_32768_q256,Box-EigenPro,35721.0,189.0,32768.0,256.0,32768.0,35721.0,256.0,991.0,2.246311144000174,2.771398769999905,0.02761380919908,0.0276409367061149,5.5860843865500405,ok,group_c
USGS_LPC_IL_Winnebago_2018_ground_elevation_regression_ntrain100000000,100000000,Matern-1.5,matern,Matern-1.5,1.5,0.1,1e-05,0.1,btab_boxeig_topk_32768_q320,Box-EigenPro,35721.0,189.0,32768.0,320.0,32768.0,35721.0,320.0,772.0,1.998598483999558,2.523644250999496,0.0276138139057399,0.0276409421516404,6.134488802004903,ok,group_c
USGS_LPC_IL_Winnebago_2018_ground_elevation_regression_ntrain100000000,100000000,Matern-1.5,matern,Matern-1.5,1.5,0.1,1e-05,0.1,btab_boxeig_topk_32768_q384,Box-EigenPro,35721.0,189.0,32768.0,384.0,32768.0,35721.0,384.0,608.0,1.893800647999342,2.418500488999598,0.0276138662282865,0.0276409870707981,6.40118431582547,ok,group_c
USGS_LPC_IL_Winnebago_2018_ground_elevation_regression_ntrain100000000,100000000,Matern-1.5,matern,Matern-1.5,1.5,0.1,1e-05,0.1,btab_boxeig_topk_32768_q448,Box-EigenPro,35721.0,189.0,32768.0,448.0,32768.0,35721.0,448.0,505.0,1.9279859030002624,2.452482350000537,0.0276138816632136,0.0276410105785577,6.3124888128132985,ok,group_c
USGS_LPC_IL_Winnebago_2018_ground_elevation_regression_ntrain100000000,100000000,Matern-1.5,matern,Matern-1.5,1.5,0.1,1e-05,0.1,btab_boxeig_topk_35721_q192,Box-EigenPro,35721.0,189.0,35721.0,192.0,35721.0,35721.0,192.0,1345.0,2.6561828740004785,3.180873588000395,0.0276138111993806,0.027640938767031,4.866986055781143,ok,group_c
USGS_LPC_IL_Winnebago_2018_ground_elevation_regression_ntrain100000000,100000000,Matern-1.5,matern,Matern-1.5,1.5,0.1,1e-05,0.1,btab_boxeig_topk_35721_q256,Box-EigenPro,35721.0,189.0,35721.0,256.0,35721.0,35721.0,256.0,978.0,2.426315245999831,2.951126896999994,0.0276138239697261,0.027640952774076,5.245883331461665,ok,group_c
USGS_LPC_IL_Winnebago_2018_ground_elevation_regression_ntrain100000000,100000000,Matern-1.5,matern,Matern-1.5,1.5,0.1,1e-05,0.1,btab_boxeig_topk_35721_q320,Box-EigenPro,35721.0,189.0,35721.0,320.0,35721.0,35721.0,320.0,770.0,1.9970547430002623,2.521850903000086,0.0276138173443217,0.0276409452627928,6.138851182511772,ok,group_c
USGS_LPC_IL_Winnebago_2018_ground_elevation_regression_ntrain100000000,100000000,Matern-1.5,matern,Matern-1.5,1.5,0.1,1e-05,0.1,btab_boxeig_topk_35721_q384,Box-EigenPro,35721.0,189.0,35721.0,384.0,35721.0,35721.0,384.0,608.0,3.4576240349997533,3.982323749999523,0.0276138668166132,0.0276409874797002,3.8874959370147417,ok,group_c
USGS_LPC_IL_Winnebago_2018_ground_elevation_regression_ntrain100000000,100000000,Matern-1.5,matern,Matern-1.5,1.5,0.1,1e-05,0.1,btab_boxeig_topk_35721_q448,Box-EigenPro,35721.0,189.0,35721.0,448.0,35721.0,35721.0,448.0,504.0,1.87221617600062,2.397169820000272,0.0276138840338211,0.0276410140473832,6.458143794751554,ok,group_c
