dataset_stem,eps,method,route,precompute_mode,selector_tag,S_kind,btab_active_size_raw,btab_box_size,active_size,box_size,tail_size,rho_max_T,tail_energy,btab_diagnostic_mode,time_post_diagnostics,time_total_with_diagnostics,diagnostic_n_matvec,diagnostic_n_A_matvec,diagnostic_n_ASS_matvec,diagnostic_n_precond,diagnostic_n_eig_matvec,diagnostic_n_power_iter
USGS_LPC_IL_Winnebago_2018_ground_elevation_regression_ntrain1000000,1e-05,btab_boxeig_topk_1024_q64,boxeig,c1,topk_1024,expanded_box,1024.0,1369.0,1024.0,1369.0,34352.0,240.15196295342736,159243.74207647605,cheap,0.0261806430000888,2.224955929000089,64.0,0.0,64.0,0.0,64.0,0.0
USGS_LPC_IL_Winnebago_2018_ground_elevation_regression_ntrain1000000,1e-05,btab_boxeig_topk_1024_q128,boxeig,c1,topk_1024,expanded_box,1024.0,1369.0,1024.0,1369.0,34352.0,240.15196295342736,159243.74207647605,cheap,0.0500220690000787,1.4256444170000575,128.0,0.0,128.0,0.0,128.0,0.0
USGS_LPC_IL_Winnebago_2018_ground_elevation_regression_ntrain1000000,1e-05,btab_auto_topk_1024,inverse,c1,topk_1024,expanded_box,1024.0,1369.0,1024.0,1369.0,34352.0,240.15196295342733,159243.74207647605,cheap,0.0002641899998252,0.3914030419996379,0.0,0.0,0.0,0.0,0.0,0.0
USGS_LPC_IL_Winnebago_2018_ground_elevation_regression_ntrain1000000,1e-05,btab_auto_topk_1024,inverse,c1,topk_1024,expanded_box,1024.0,1225.0,1024.0,1225.0,0.0,0.0,0.0,cheap,3.826600004686043e-05,0.0876176750002741,0.0,0.0,0.0,0.0,0.0,0.0
USGS_LPC_IL_Winnebago_2018_ground_elevation_regression_ntrain1000000,1e-05,btab_boxeig_topk_128_q16,boxeig,c1,topk_128,expanded_box,128.0,169.0,128.0,169.0,1056.0,6198.5253403715615,232202.8553024684,cheap,0.0070971390000522,3.1999948980001136,16.0,0.0,16.0,0.0,16.0,0.0
USGS_LPC_IL_Winnebago_2018_ground_elevation_regression_ntrain1000000,1e-05,btab_boxeig_topk_128_q32,boxeig,c1,topk_128,expanded_box,128.0,169.0,128.0,169.0,1056.0,6198.5253403715615,232202.8553024684,cheap,0.0134918950002429,2.4899771420000434,32.0,0.0,32.0,0.0,32.0,0.0
USGS_LPC_IL_Winnebago_2018_ground_elevation_regression_ntrain1000000,1e-05,btab_boxeig_topk_128_q64,boxeig,c1,topk_128,expanded_box,128.0,169.0,128.0,169.0,1056.0,6198.5253403715615,232202.8553024684,cheap,0.0253224369998861,1.3505277350000142,64.0,0.0,64.0,0.0,64.0,0.0
USGS_LPC_IL_Winnebago_2018_ground_elevation_regression_ntrain1000000,1e-05,btab_auto_topk_128,inverse,c1,topk_128,expanded_box,128.0,169.0,128.0,169.0,1056.0,6198.5253403715615,232202.8553024684,cheap,9.32739999370824e-05,0.9036688450000838,0.0,0.0,0.0,0.0,0.0,0.0
USGS_LPC_IL_Winnebago_2018_ground_elevation_regression_ntrain1000000,1e-05,btab_boxeig_topk_16384_q128,boxeig,c1,topk_16384,expanded_box,16384.0,21025.0,16384.0,21025.0,14696.0,0.3418047257904595,1608.5644281362056,cheap,0.0527890799999113,1.1961823679998815,128.0,0.0,128.0,0.0,128.0,0.0
USGS_LPC_IL_Winnebago_2018_ground_elevation_regression_ntrain1000000,1e-05,btab_boxeig_topk_16384_q192,boxeig,c1,topk_16384,expanded_box,16384.0,21025.0,16384.0,21025.0,14696.0,0.3418047257904595,1608.5644281362056,cheap,0.0776036639999802,1.0455038350000905,192.0,0.0,192.0,0.0,192.0,0.0
USGS_LPC_IL_Winnebago_2018_ground_elevation_regression_ntrain1000000,1e-05,btab_boxeig_topk_16384_q256,boxeig,c1,topk_16384,expanded_box,16384.0,21025.0,16384.0,21025.0,14696.0,0.3418047257904594,1608.5644281362052,cheap,0.1024062920000687,1.024275679000084,256.0,0.0,256.0,0.0,256.0,0.0
USGS_LPC_IL_Winnebago_2018_ground_elevation_regression_ntrain1000000,1e-05,btab_boxeig_topk_2048_q64,boxeig,c1,topk_2048,expanded_box,2048.0,2601.0,2048.0,2601.0,33120.0,54.5477451243749,63021.1201277645,cheap,0.0255243899998731,2.526973539999972,64.0,0.0,64.0,0.0,64.0,0.0
USGS_LPC_IL_Winnebago_2018_ground_elevation_regression_ntrain1000000,1e-05,btab_boxeig_topk_2048_q128,boxeig,c1,topk_2048,expanded_box,2048.0,2601.0,2048.0,2601.0,33120.0,54.5477451243749,63021.1201277645,cheap,0.0504787390000274,1.5243266689999473,128.0,0.0,128.0,0.0,128.0,0.0
USGS_LPC_IL_Winnebago_2018_ground_elevation_regression_ntrain1000000,1e-05,btab_boxeig_topk_2048_q192,boxeig,c1,topk_2048,expanded_box,2048.0,2601.0,2048.0,2601.0,33120.0,54.5477451243749,63021.1201277645,cheap,0.075137623000046,1.262717758000008,192.0,0.0,192.0,0.0,192.0,0.0
USGS_LPC_IL_Winnebago_2018_ground_elevation_regression_ntrain1000000,1e-05,btab_auto_topk_2048,inverse,c1,topk_2048,expanded_box,2048.0,2601.0,2048.0,2601.0,33120.0,54.5477451243749,63021.1201277645,cheap,0.0002515859998766,0.4296830809998937,0.0,0.0,0.0,0.0,0.0,0.0
USGS_LPC_IL_Winnebago_2018_ground_elevation_regression_ntrain1000000,1e-05,btab_boxeig_topk_256_q32,boxeig,c1,topk_256,expanded_box,256.0,361.0,256.0,361.0,864.0,139.9656127358365,4566.653112632366,cheap,0.0132701189995714,2.5579546759995537,32.0,0.0,32.0,0.0,32.0,0.0
USGS_LPC_IL_Winnebago_2018_ground_elevation_regression_ntrain1000000,1e-05,btab_boxeig_topk_256_q64,boxeig,c1,topk_256,expanded_box,256.0,361.0,256.0,361.0,864.0,139.9656127358365,4566.653112632366,cheap,0.0253646799997113,1.4252030049997302,64.0,0.0,64.0,0.0,64.0,0.0
USGS_LPC_IL_Winnebago_2018_ground_elevation_regression_ntrain1000000,1e-05,btab_boxeig_topk_256_q128,boxeig,c1,topk_256,expanded_box,256.0,361.0,256.0,361.0,864.0,139.9656127358365,4566.653112632366,cheap,0.050758678999955,0.6636766619999435,128.0,0.0,128.0,0.0,128.0,0.0
USGS_LPC_IL_Winnebago_2018_ground_elevation_regression_ntrain1000000,1e-05,btab_auto_topk_256,inverse,c1,topk_256,expanded_box,256.0,361.0,256.0,361.0,864.0,139.9656127358365,4566.653112632366,cheap,9.207300035996012e-05,0.2082090890003201,0.0,0.0,0.0,0.0,0.0,0.0
USGS_LPC_IL_Winnebago_2018_ground_elevation_regression_ntrain1000000,1e-05,btab_boxeig_topk_4096_q128,boxeig,c1,topk_4096,expanded_box,4096.0,5329.0,4096.0,5329.0,30392.0,9.838544680288264,21241.399621101573,cheap,0.0554566769999382,1.563024569999925,128.0,0.0,128.0,0.0,128.0,0.0
USGS_LPC_IL_Winnebago_2018_ground_elevation_regression_ntrain1000000,1e-05,btab_boxeig_topk_4096_q192,boxeig,c1,topk_4096,expanded_box,4096.0,5329.0,4096.0,5329.0,30392.0,9.838544680288264,21241.399621101573,cheap,0.077396434000093,2.144457421000197,192.0,0.0,192.0,0.0,192.0,0.0
USGS_LPC_IL_Winnebago_2018_ground_elevation_regression_ntrain1000000,1e-05,btab_boxeig_topk_4096_q256,boxeig,c1,topk_4096,expanded_box,4096.0,5329.0,4096.0,5329.0,30392.0,9.838544680288264,21241.399621101573,cheap,0.1033592940000289,1.1843461870000738,256.0,0.0,256.0,0.0,256.0,0.0
USGS_LPC_IL_Winnebago_2018_ground_elevation_regression_ntrain1000000,1e-05,btab_auto_topk_4096,inverse,c1,topk_4096,expanded_box,4096.0,5329.0,4096.0,5329.0,30392.0,9.838544680288264,21241.399621101573,cheap,0.0002494590000878,1.049337370000103,0.0,0.0,0.0,0.0,0.0,0.0
USGS_LPC_IL_Winnebago_2018_ground_elevation_regression_ntrain1000000,1e-05,btab_boxeig_topk_512_q64,boxeig,c1,topk_512,expanded_box,512.0,625.0,512.0,625.0,600.0,0.8293138065601489,24.837653492246226,cheap,0.0255600450000201,1.0537107679997462,64.0,0.0,64.0,0.0,64.0,0.0
USGS_LPC_IL_Winnebago_2018_ground_elevation_regression_ntrain1000000,1e-05,btab_boxeig_topk_512_q128,boxeig,c1,topk_512,expanded_box,512.0,625.0,512.0,625.0,600.0,0.8293138065601489,24.837653492246226,cheap,0.0506354650001412,0.5750402170001507,128.0,0.0,128.0,0.0,128.0,0.0
USGS_LPC_IL_Winnebago_2018_ground_elevation_regression_ntrain1000000,1e-05,btab_boxeig_topk_512_q256,boxeig,c1,topk_512,expanded_box,512.0,625.0,512.0,625.0,600.0,0.8293138065601489,24.837653492246226,cheap,0.112791763000132,0.6227170920001299,256.0,0.0,256.0,0.0,256.0,0.0
USGS_LPC_IL_Winnebago_2018_ground_elevation_regression_ntrain1000000,1e-05,btab_auto_topk_512,inverse,c1,topk_512,expanded_box,512.0,625.0,512.0,625.0,35096.0,1313.518777417592,462890.8004708774,cheap,0.0002724749999742,0.6676629539999794,0.0,0.0,0.0,0.0,0.0,0.0
USGS_LPC_IL_Winnebago_2018_ground_elevation_regression_ntrain1000000,1e-05,btab_auto_topk_512,inverse,c1,topk_512,expanded_box,512.0,625.0,512.0,625.0,600.0,0.8293138065601489,24.837653492246226,cheap,8.60840000314056e-05,0.0635535470000832,0.0,0.0,0.0,0.0,0.0,0.0
USGS_LPC_IL_Winnebago_2018_ground_elevation_regression_ntrain1000000,1e-05,btab_boxeig_topk_64_q16,boxeig,c1,topk_64,expanded_box,64.0,81.0,64.0,81.0,1144.0,36897.95340241619,1551393.5975681008,cheap,0.0071537300000272,3.8253376890002073,16.0,0.0,16.0,0.0,16.0,0.0
USGS_LPC_IL_Winnebago_2018_ground_elevation_regression_ntrain1000000,1e-05,btab_boxeig_topk_64_q32,boxeig,c1,topk_64,expanded_box,64.0,81.0,64.0,81.0,1144.0,36897.95340241619,1551393.5975681008,cheap,0.013278936000006,2.376443707999897,32.0,0.0,32.0,0.0,32.0,0.0
USGS_LPC_IL_Winnebago_2018_ground_elevation_regression_ntrain1000000,1e-05,btab_auto_topk_64,inverse,c1,topk_64,expanded_box,64.0,81.0,64.0,81.0,1144.0,36897.95340241619,1551393.5975681008,cheap,8.368900034838589e-05,1.814344787000664,0.0,0.0,0.0,0.0,0.0,0.0
USGS_LPC_IL_Winnebago_2018_ground_elevation_regression_ntrain1000000,1e-05,btab_auto_topk_728,inverse,c1,topk_728,expanded_box,728.0,961.0,728.0,961.0,34760.0,526.9586962169344,260478.2938681179,cheap,0.0002669450000212,0.4795651729998553,0.0,0.0,0.0,0.0,0.0,0.0
USGS_LPC_IL_Winnebago_2018_ground_elevation_regression_ntrain1000000,1e-05,btab_boxeig_topk_8192_q128,boxeig,c1,topk_8192,expanded_box,8192.0,10609.0,8192.0,10609.0,25112.0,1.8400350798236111,6814.838536121377,cheap,0.0538640280001345,1.4464419880000603,128.0,0.0,128.0,0.0,128.0,0.0
USGS_LPC_IL_Winnebago_2018_ground_elevation_regression_ntrain1000000,1e-05,btab_boxeig_topk_8192_q192,boxeig,c1,topk_8192,expanded_box,8192.0,10609.0,8192.0,10609.0,25112.0,1.8400350798236111,6814.838536121375,cheap,0.0797956649998923,1.2298498059999474,192.0,0.0,192.0,0.0,192.0,0.0
USGS_LPC_IL_Winnebago_2018_ground_elevation_regression_ntrain1000000,1e-05,btab_boxeig_topk_8192_q256,boxeig,c1,topk_8192,expanded_box,8192.0,10609.0,8192.0,10609.0,25112.0,1.8400350798236111,6814.838536121375,cheap,0.1048555019999639,1.1373558299999331,256.0,0.0,256.0,0.0,256.0,0.0
USGS_LPC_IL_Winnebago_2018_ground_elevation_regression_ntrain10000000,1e-05,btab_boxeig_topk_1024_q64,boxeig,c1,topk_1024,expanded_box,1024.0,1369.0,1024.0,1369.0,34352.0,2401.5196295323567,1592437.420763489,cheap,0.0261924900000849,5.134345001000156,64.0,0.0,64.0,0.0,64.0,0.0
USGS_LPC_IL_Winnebago_2018_ground_elevation_regression_ntrain10000000,1e-05,btab_boxeig_topk_1024_q128,boxeig,c1,topk_1024,expanded_box,1024.0,1369.0,1024.0,1369.0,34352.0,2401.5196295323567,1592437.420763489,cheap,0.0505595100000846,3.135573578000276,128.0,0.0,128.0,0.0,128.0,0.0
USGS_LPC_IL_Winnebago_2018_ground_elevation_regression_ntrain10000000,1e-05,btab_auto_topk_1024,inverse,c1,topk_1024,expanded_box,1024.0,1369.0,1024.0,1369.0,34352.0,2401.5196295323567,1592437.420763489,cheap,0.0002838410000549,0.96112432599989,0.0,0.0,0.0,0.0,0.0,0.0
USGS_LPC_IL_Winnebago_2018_ground_elevation_regression_ntrain10000000,1e-05,btab_auto_topk_1024,inverse,c1,topk_1024,expanded_box,1024.0,1225.0,1024.0,1225.0,0.0,0.0,0.0,cheap,3.371999991941266e-05,0.1298949629999697,0.0,0.0,0.0,0.0,0.0,0.0
USGS_LPC_IL_Winnebago_2018_ground_elevation_regression_ntrain10000000,1e-05,btab_boxeig_topk_128_q16,boxeig,c1,topk_128,expanded_box,128.0,169.0,128.0,169.0,1056.0,61985.25340371784,2322028.553024768,cheap,0.0072273850000783,5.178240088000166,16.0,0.0,16.0,0.0,16.0,0.0
USGS_LPC_IL_Winnebago_2018_ground_elevation_regression_ntrain10000000,1e-05,btab_boxeig_topk_128_q32,boxeig,c1,topk_128,expanded_box,128.0,169.0,128.0,169.0,1056.0,61985.25340371784,2322028.553024768,cheap,0.0136414300000069,5.209671760000219,32.0,0.0,32.0,0.0,32.0,0.0
USGS_LPC_IL_Winnebago_2018_ground_elevation_regression_ntrain10000000,1e-05,btab_boxeig_topk_128_q64,boxeig,c1,topk_128,expanded_box,128.0,169.0,128.0,169.0,1056.0,61985.25340371784,2322028.553024768,cheap,0.0260764139998173,3.107764735999808,64.0,0.0,64.0,0.0,64.0,0.0
USGS_LPC_IL_Winnebago_2018_ground_elevation_regression_ntrain10000000,1e-05,btab_auto_topk_128,inverse,c1,topk_128,expanded_box,128.0,169.0,128.0,169.0,1056.0,61985.25340371784,2322028.553024768,cheap,9.853000028670068e-05,2.417124731000058,0.0,0.0,0.0,0.0,0.0,0.0
USGS_LPC_IL_Winnebago_2018_ground_elevation_regression_ntrain10000000,1e-05,btab_boxeig_topk_16384_q128,boxeig,c1,topk_16384,expanded_box,16384.0,21025.0,16384.0,21025.0,14696.0,3.418047257901867,16085.644281349216,cheap,0.0512365649999537,3.656141999000056,128.0,0.0,128.0,0.0,128.0,0.0
USGS_LPC_IL_Winnebago_2018_ground_elevation_regression_ntrain10000000,1e-05,btab_boxeig_topk_16384_q192,boxeig,c1,topk_16384,expanded_box,16384.0,21025.0,16384.0,21025.0,14696.0,3.418047257901867,16085.644281349216,cheap,0.0789572060000409,2.625686621000113,192.0,0.0,192.0,0.0,192.0,0.0
USGS_LPC_IL_Winnebago_2018_ground_elevation_regression_ntrain10000000,1e-05,btab_boxeig_topk_16384_q256,boxeig,c1,topk_16384,expanded_box,16384.0,21025.0,16384.0,21025.0,14696.0,3.418047257901867,16085.644281349216,cheap,0.1032396859998243,2.1935192050000296,256.0,0.0,256.0,0.0,256.0,0.0
USGS_LPC_IL_Winnebago_2018_ground_elevation_regression_ntrain10000000,1e-05,btab_boxeig_topk_2048_q64,boxeig,c1,topk_2048,expanded_box,2048.0,2601.0,2048.0,2601.0,33120.0,545.4774512433136,630211.2012771419,cheap,0.0264520359999096,5.299948107999853,64.0,0.0,64.0,0.0,64.0,0.0
USGS_LPC_IL_Winnebago_2018_ground_elevation_regression_ntrain10000000,1e-05,btab_boxeig_topk_2048_q128,boxeig,c1,topk_2048,expanded_box,2048.0,2601.0,2048.0,2601.0,33120.0,545.4774512433136,630211.2012771419,cheap,0.0526852980001422,3.3158259110002746,128.0,0.0,128.0,0.0,128.0,0.0
USGS_LPC_IL_Winnebago_2018_ground_elevation_regression_ntrain10000000,1e-05,btab_boxeig_topk_2048_q192,boxeig,c1,topk_2048,expanded_box,2048.0,2601.0,2048.0,2601.0,33120.0,545.4774512433136,630211.2012771419,cheap,0.0757664999998724,2.516087931999664,192.0,0.0,192.0,0.0,192.0,0.0
USGS_LPC_IL_Winnebago_2018_ground_elevation_regression_ntrain10000000,1e-05,btab_auto_topk_2048,inverse,c1,topk_2048,expanded_box,2048.0,2601.0,2048.0,2601.0,33120.0,545.4774512433136,630211.2012771419,cheap,0.0002721790001487,0.7614607160001015,0.0,0.0,0.0,0.0,0.0,0.0
USGS_LPC_IL_Winnebago_2018_ground_elevation_regression_ntrain10000000,1e-05,btab_boxeig_topk_256_q32,boxeig,c1,topk_256,expanded_box,256.0,361.0,256.0,361.0,864.0,1399.6561273584157,45666.53112632532,cheap,0.0134358830000564,5.217849285999819,32.0,0.0,32.0,0.0,32.0,0.0
USGS_LPC_IL_Winnebago_2018_ground_elevation_regression_ntrain10000000,1e-05,btab_boxeig_topk_256_q64,boxeig,c1,topk_256,expanded_box,256.0,361.0,256.0,361.0,864.0,1399.6561273584157,45666.53112632532,cheap,0.0260507369998777,3.2839946529998087,64.0,0.0,64.0,0.0,64.0,0.0
USGS_LPC_IL_Winnebago_2018_ground_elevation_regression_ntrain10000000,1e-05,btab_boxeig_topk_256_q128,boxeig,c1,topk_256,expanded_box,256.0,361.0,256.0,361.0,864.0,1399.6561273584157,45666.53112632532,cheap,0.0509699289996206,1.2894195619996935,128.0,0.0,128.0,0.0,128.0,0.0
USGS_LPC_IL_Winnebago_2018_ground_elevation_regression_ntrain10000000,1e-05,btab_auto_topk_256,inverse,c1,topk_256,expanded_box,256.0,361.0,256.0,361.0,864.0,1399.6561273584157,45666.53112632532,cheap,0.0001087959999495,0.5929912169999625,0.0,0.0,0.0,0.0,0.0,0.0
USGS_LPC_IL_Winnebago_2018_ground_elevation_regression_ntrain10000000,1e-05,btab_boxeig_topk_4096_q128,boxeig,c1,topk_4096,expanded_box,4096.0,5329.0,4096.0,5329.0,30392.0,98.38544680280414,212413.99621084624,cheap,0.0519672010000249,3.363179329000104,128.0,0.0,128.0,0.0,128.0,0.0
USGS_LPC_IL_Winnebago_2018_ground_elevation_regression_ntrain10000000,1e-05,btab_boxeig_topk_4096_q192,boxeig,c1,topk_4096,expanded_box,4096.0,5329.0,4096.0,5329.0,30392.0,98.38544680280414,212413.99621084624,cheap,0.0811386000000311,2.606765274000054,192.0,0.0,192.0,0.0,192.0,0.0
USGS_LPC_IL_Winnebago_2018_ground_elevation_regression_ntrain10000000,1e-05,btab_boxeig_topk_4096_q256,boxeig,c1,topk_4096,expanded_box,4096.0,5329.0,4096.0,5329.0,30392.0,98.38544680280414,212413.99621084624,cheap,0.1056518350001169,2.8328248310001527,256.0,0.0,256.0,0.0,256.0,0.0
USGS_LPC_IL_Winnebago_2018_ground_elevation_regression_ntrain10000000,1e-05,btab_auto_topk_4096,inverse,c1,topk_4096,expanded_box,4096.0,5329.0,4096.0,5329.0,30392.0,98.38544680280414,212413.99621084624,cheap,0.0002792130001125,1.251280742000063,0.0,0.0,0.0,0.0,0.0,0.0
USGS_LPC_IL_Winnebago_2018_ground_elevation_regression_ntrain10000000,1e-05,btab_boxeig_topk_512_q64,boxeig,c1,topk_512,expanded_box,512.0,625.0,512.0,625.0,600.0,8.293138065601788,248.37653492247125,cheap,0.0265421700000842,2.834712513000341,64.0,0.0,64.0,0.0,64.0,0.0
USGS_LPC_IL_Winnebago_2018_ground_elevation_regression_ntrain10000000,1e-05,btab_boxeig_topk_512_q128,boxeig,c1,topk_512,expanded_box,512.0,625.0,512.0,625.0,600.0,8.293138065601788,248.37653492247125,cheap,0.0499623350001456,1.1110893740001302,128.0,0.0,128.0,0.0,128.0,0.0
USGS_LPC_IL_Winnebago_2018_ground_elevation_regression_ntrain10000000,1e-05,btab_boxeig_topk_512_q256,boxeig,c1,topk_512,expanded_box,512.0,625.0,512.0,625.0,600.0,8.293138065601788,248.37653492247125,cheap,0.0991039840000667,0.7080745210000714,256.0,0.0,256.0,0.0,256.0,0.0
USGS_LPC_IL_Winnebago_2018_ground_elevation_regression_ntrain10000000,1e-05,btab_auto_topk_512,inverse,c1,topk_512,expanded_box,512.0,625.0,512.0,625.0,35096.0,13135.187774165435,4628908.00470508,cheap,0.0002940750000561,1.7064363449999291,0.0,0.0,0.0,0.0,0.0,0.0
USGS_LPC_IL_Winnebago_2018_ground_elevation_regression_ntrain10000000,1e-05,btab_auto_topk_512,inverse,c1,topk_512,expanded_box,512.0,625.0,512.0,625.0,600.0,8.293138065601788,248.37653492247125,cheap,0.000112713999897,0.1381035720000909,0.0,0.0,0.0,0.0,0.0,0.0
USGS_LPC_IL_Winnebago_2018_ground_elevation_regression_ntrain10000000,1e-05,btab_boxeig_topk_64_q16,boxeig,c1,topk_64,expanded_box,64.0,81.0,64.0,81.0,1144.0,368979.5340241752,15513935.97568157,cheap,0.0074765720000868,5.112133580999853,16.0,0.0,16.0,0.0,16.0,0.0
USGS_LPC_IL_Winnebago_2018_ground_elevation_regression_ntrain10000000,1e-05,btab_boxeig_topk_64_q32,boxeig,c1,topk_64,expanded_box,64.0,81.0,64.0,81.0,1144.0,368979.5340241752,15513935.97568157,cheap,0.0135129170002983,5.129391366000618,32.0,0.0,32.0,0.0,32.0,0.0
USGS_LPC_IL_Winnebago_2018_ground_elevation_regression_ntrain10000000,1e-05,btab_auto_topk_64,inverse,c1,topk_64,expanded_box,64.0,81.0,64.0,81.0,1144.0,368979.5340241752,15513935.97568157,cheap,0.0001029350000862,4.541819701999884,0.0,0.0,0.0,0.0,0.0,0.0
USGS_LPC_IL_Winnebago_2018_ground_elevation_regression_ntrain10000000,1e-05,btab_auto_topk_728,inverse,c1,topk_728,expanded_box,728.0,961.0,728.0,961.0,34760.0,5269.586962165138,2604782.9386791,cheap,0.0002890719999868,1.2288302290000956,0.0,0.0,0.0,0.0,0.0,0.0
USGS_LPC_IL_Winnebago_2018_ground_elevation_regression_ntrain10000000,1e-05,btab_boxeig_topk_8192_q128,boxeig,c1,topk_8192,expanded_box,8192.0,10609.0,8192.0,10609.0,25112.0,18.400350798221424,68148.38536115935,cheap,0.0534741510000458,3.689579232999904,128.0,0.0,128.0,0.0,128.0,0.0
USGS_LPC_IL_Winnebago_2018_ground_elevation_regression_ntrain10000000,1e-05,btab_boxeig_topk_8192_q192,boxeig,c1,topk_8192,expanded_box,8192.0,10609.0,8192.0,10609.0,25112.0,18.400350798221424,68148.38536115935,cheap,0.0782578690000264,2.6620488070000192,192.0,0.0,192.0,0.0,192.0,0.0
USGS_LPC_IL_Winnebago_2018_ground_elevation_regression_ntrain10000000,1e-05,btab_boxeig_topk_8192_q256,boxeig,c1,topk_8192,expanded_box,8192.0,10609.0,8192.0,10609.0,25112.0,18.400350798221424,68148.38536115935,cheap,0.1052537299999585,2.2050115649999498,256.0,0.0,256.0,0.0,256.0,0.0
USGS_LPC_IL_Winnebago_2018_ground_elevation_regression_ntrain100000000,1e-05,btab_auto_topk_1024,inverse,c1,topk_1024,expanded_box,1024.0,1225.0,1024.0,1225.0,0.0,0.0,0.0,cheap,4.6722000206500525e-05,0.5796666710002683,0.0,0.0,0.0,0.0,0.0,0.0
USGS_LPC_IL_Winnebago_2018_ground_elevation_regression_ntrain100000000,1e-05,btab_boxeig_topk_128_q16,boxeig,c1,topk_128,expanded_box,128.0,169.0,128.0,169.0,1056.0,619852.5340371819,23220285.5302478,cheap,0.0074922369999512,5.612033341999904,16.0,0.0,16.0,0.0,16.0,0.0
USGS_LPC_IL_Winnebago_2018_ground_elevation_regression_ntrain100000000,1e-05,btab_boxeig_topk_128_q32,boxeig,c1,topk_128,expanded_box,128.0,169.0,128.0,169.0,1056.0,619852.5340371819,23220285.5302478,cheap,0.0137555169999359,5.632221020999623,32.0,0.0,32.0,0.0,32.0,0.0
USGS_LPC_IL_Winnebago_2018_ground_elevation_regression_ntrain100000000,1e-05,btab_boxeig_topk_128_q64,boxeig,c1,topk_128,expanded_box,128.0,169.0,128.0,169.0,1056.0,619852.5340371819,23220285.5302478,cheap,0.0262191530000563,5.660810997999761,64.0,0.0,64.0,0.0,64.0,0.0
USGS_LPC_IL_Winnebago_2018_ground_elevation_regression_ntrain100000000,1e-05,btab_auto_topk_128,inverse,c1,topk_128,expanded_box,128.0,169.0,128.0,169.0,1056.0,619852.5340371819,23220285.5302478,cheap,0.0001679070001046,5.4637246080001205,0.0,0.0,0.0,0.0,0.0,0.0
USGS_LPC_IL_Winnebago_2018_ground_elevation_regression_ntrain100000000,1e-05,btab_boxeig_topk_16384_q192,boxeig,c1,topk_16384,expanded_box,16384.0,21025.0,16384.0,21025.0,14696.0,34.18047257901823,160856.4428134901,cheap,0.0767747210002198,7.003977273000146,192.0,0.0,192.0,0.0,192.0,0.0
USGS_LPC_IL_Winnebago_2018_ground_elevation_regression_ntrain100000000,1e-05,btab_boxeig_topk_16384_q256,boxeig,c1,topk_16384,expanded_box,16384.0,21025.0,16384.0,21025.0,14696.0,34.18047257901823,160856.4428134901,cheap,0.1005977320000965,5.231986949000202,256.0,0.0,256.0,0.0,256.0,0.0
USGS_LPC_IL_Winnebago_2018_ground_elevation_regression_ntrain100000000,1e-05,btab_auto_topk_2048,inverse,c1,topk_2048,expanded_box,2048.0,2601.0,2048.0,2601.0,33120.0,5454.774512433066,6302112.012771339,cheap,0.0003479329998299,2.0362151439994705,0.0,0.0,0.0,0.0,0.0,0.0
USGS_LPC_IL_Winnebago_2018_ground_elevation_regression_ntrain100000000,1e-05,btab_boxeig_topk_20480_q192,boxeig,c1,topk_20480,expanded_box,20480.0,25921.0,20480.0,25921.0,9800.0,20.372483964692517,81911.1977723939,cheap,0.0797744709998369,6.0874906199996985,192.0,0.0,192.0,0.0,192.0,0.0
USGS_LPC_IL_Winnebago_2018_ground_elevation_regression_ntrain100000000,1e-05,btab_boxeig_topk_20480_q256,boxeig,c1,topk_20480,expanded_box,20480.0,25921.0,20480.0,25921.0,9800.0,20.372483964692517,81911.1977723939,cheap,0.106572996000068,5.734882983000261,256.0,0.0,256.0,0.0,256.0,0.0
USGS_LPC_IL_Winnebago_2018_ground_elevation_regression_ntrain100000000,1e-05,btab_boxeig_topk_20480_q320,boxeig,c1,topk_20480,expanded_box,20480.0,25921.0,20480.0,25921.0,9800.0,20.372483964692517,81911.1977723939,cheap,0.1379599679999046,4.680337218000204,320.0,0.0,320.0,0.0,320.0,0.0
USGS_LPC_IL_Winnebago_2018_ground_elevation_regression_ntrain100000000,1e-05,btab_boxeig_topk_256_q32,boxeig,c1,topk_256,expanded_box,256.0,361.0,256.0,361.0,864.0,13996.561273584231,456665.31126325566,cheap,0.0137734989998534,5.647177808999459,32.0,0.0,32.0,0.0,32.0,0.0
USGS_LPC_IL_Winnebago_2018_ground_elevation_regression_ntrain100000000,1e-05,btab_boxeig_topk_256_q64,boxeig,c1,topk_256,expanded_box,256.0,361.0,256.0,361.0,864.0,13996.561273584231,456665.31126325566,cheap,0.0261996790000011,5.6759031910000886,64.0,0.0,64.0,0.0,64.0,0.0
USGS_LPC_IL_Winnebago_2018_ground_elevation_regression_ntrain100000000,1e-05,btab_boxeig_topk_256_q128,boxeig,c1,topk_256,expanded_box,256.0,361.0,256.0,361.0,864.0,13996.561273584231,456665.31126325566,cheap,0.0502373610001996,3.0175528860004306,128.0,0.0,128.0,0.0,128.0,0.0
USGS_LPC_IL_Winnebago_2018_ground_elevation_regression_ntrain100000000,1e-05,btab_auto_topk_256,inverse,c1,topk_256,expanded_box,256.0,361.0,256.0,361.0,864.0,13996.561273584231,456665.31126325566,cheap,0.0001503870003034,1.7041618730004302,0.0,0.0,0.0,0.0,0.0,0.0
USGS_LPC_IL_Winnebago_2018_ground_elevation_regression_ntrain100000000,1e-05,btab_boxeig_topk_32768_q192,boxeig,c1,topk_32768,expanded_box,32768.0,35721.0,32768.0,35721.0,0.0,0.0,0.0,cheap,0.0815228520000346,3.308319508000295,192.0,0.0,192.0,0.0,192.0,0.0
USGS_LPC_IL_Winnebago_2018_ground_elevation_regression_ntrain100000000,1e-05,btab_boxeig_topk_32768_q256,boxeig,c1,topk_32768,expanded_box,32768.0,35721.0,32768.0,35721.0,0.0,0.0,0.0,cheap,0.1088241229999766,2.864298186000269,256.0,0.0,256.0,0.0,256.0,0.0
USGS_LPC_IL_Winnebago_2018_ground_elevation_regression_ntrain100000000,1e-05,btab_boxeig_topk_32768_q320,boxeig,c1,topk_32768,expanded_box,32768.0,35721.0,32768.0,35721.0,0.0,0.0,0.0,cheap,0.1347836039999492,2.673081461000038,320.0,0.0,320.0,0.0,320.0,0.0
USGS_LPC_IL_Winnebago_2018_ground_elevation_regression_ntrain100000000,1e-05,btab_boxeig_topk_35721_q192,boxeig,c1,topk_35721,expanded_box,35721.0,35721.0,35721.0,35721.0,0.0,0.0,0.0,cheap,0.0810910760001206,3.304400088999955,192.0,0.0,192.0,0.0,192.0,0.0
USGS_LPC_IL_Winnebago_2018_ground_elevation_regression_ntrain100000000,1e-05,btab_boxeig_topk_35721_q256,boxeig,c1,topk_35721,expanded_box,35721.0,35721.0,35721.0,35721.0,0.0,0.0,0.0,cheap,0.108469425000294,2.8864914180003325,256.0,0.0,256.0,0.0,256.0,0.0
USGS_LPC_IL_Winnebago_2018_ground_elevation_regression_ntrain100000000,1e-05,btab_boxeig_topk_35721_q320,boxeig,c1,topk_35721,expanded_box,35721.0,35721.0,35721.0,35721.0,0.0,0.0,0.0,cheap,0.1357273849998819,2.655781714999648,320.0,0.0,320.0,0.0,320.0,0.0
USGS_LPC_IL_Winnebago_2018_ground_elevation_regression_ntrain100000000,1e-05,btab_boxeig_topk_4096_q128,boxeig,c1,topk_4096,expanded_box,4096.0,5329.0,4096.0,5329.0,30392.0,983.8544680280286,2124139.962108435,cheap,0.0524288879996674,5.93585276299973,128.0,0.0,128.0,0.0,128.0,0.0
USGS_LPC_IL_Winnebago_2018_ground_elevation_regression_ntrain100000000,1e-05,btab_boxeig_topk_4096_q192,boxeig,c1,topk_4096,expanded_box,4096.0,5329.0,4096.0,5329.0,30392.0,983.8544680280286,2124139.962108435,cheap,0.0777918439998757,6.2153516059997855,192.0,0.0,192.0,0.0,192.0,0.0
USGS_LPC_IL_Winnebago_2018_ground_elevation_regression_ntrain100000000,1e-05,btab_auto_topk_4096,inverse,c1,topk_4096,expanded_box,4096.0,5329.0,4096.0,5329.0,30392.0,983.8544680280286,2124139.962108435,cheap,0.0003035130002899,2.15535051400002,0.0,0.0,0.0,0.0,0.0,0.0
USGS_LPC_IL_Winnebago_2018_ground_elevation_regression_ntrain100000000,1e-05,btab_boxeig_topk_512_q64,boxeig,c1,topk_512,expanded_box,512.0,625.0,512.0,625.0,600.0,82.93138065601833,2483.7653492247264,cheap,0.026160118000007,5.731664746999741,64.0,0.0,64.0,0.0,64.0,0.0
USGS_LPC_IL_Winnebago_2018_ground_elevation_regression_ntrain100000000,1e-05,btab_boxeig_topk_512_q128,boxeig,c1,topk_512,expanded_box,512.0,625.0,512.0,625.0,600.0,82.93138065601833,2483.7653492247264,cheap,0.0511824909999631,2.8134086999998544,128.0,0.0,128.0,0.0,128.0,0.0
USGS_LPC_IL_Winnebago_2018_ground_elevation_regression_ntrain100000000,1e-05,btab_boxeig_topk_512_q256,boxeig,c1,topk_512,expanded_box,512.0,625.0,512.0,625.0,600.0,82.93138065601833,2483.7653492247264,cheap,0.1008645009997053,2.248614509999697,256.0,0.0,256.0,0.0,256.0,0.0
USGS_LPC_IL_Winnebago_2018_ground_elevation_regression_ntrain100000000,1e-05,btab_auto_topk_512,inverse,c1,topk_512,expanded_box,512.0,625.0,512.0,625.0,600.0,82.93138065601833,2483.7653492247264,cheap,0.0001475659996685,0.668061265999313,0.0,0.0,0.0,0.0,0.0,0.0
USGS_LPC_IL_Winnebago_2018_ground_elevation_regression_ntrain100000000,1e-05,btab_boxeig_topk_64_q16,boxeig,c1,topk_64,expanded_box,64.0,81.0,64.0,81.0,1144.0,3689795.340241772,155139359.7568165,cheap,0.007559866000065,5.579409510000005,16.0,0.0,16.0,0.0,16.0,0.0
USGS_LPC_IL_Winnebago_2018_ground_elevation_regression_ntrain100000000,1e-05,btab_boxeig_topk_64_q32,boxeig,c1,topk_64,expanded_box,64.0,81.0,64.0,81.0,1144.0,3689795.340241772,155139359.7568165,cheap,0.0142285629999605,5.596496257000126,32.0,0.0,32.0,0.0,32.0,0.0
USGS_LPC_IL_Winnebago_2018_ground_elevation_regression_ntrain100000000,1e-05,btab_auto_topk_64,inverse,c1,topk_64,expanded_box,64.0,81.0,64.0,81.0,1144.0,3689795.340241772,155139359.7568165,cheap,0.0002025050002885,5.440684181000052,0.0,0.0,0.0,0.0,0.0,0.0
USGS_LPC_IL_Winnebago_2018_ground_elevation_regression_ntrain100000000,1e-05,btab_boxeig_topk_8192_q128,boxeig,c1,topk_8192,expanded_box,8192.0,10609.0,8192.0,10609.0,25112.0,184.0035079822119,681483.853611585,cheap,0.0521794589999444,5.972465779000231,128.0,0.0,128.0,0.0,128.0,0.0
USGS_LPC_IL_Winnebago_2018_ground_elevation_regression_ntrain100000000,1e-05,btab_boxeig_topk_8192_q192,boxeig,c1,topk_8192,expanded_box,8192.0,10609.0,8192.0,10609.0,25112.0,184.0035079822119,681483.853611585,cheap,0.0785932349999711,5.994420999999875,192.0,0.0,192.0,0.0,192.0,0.0
USGS_LPC_IL_Winnebago_2018_ground_elevation_regression_ntrain3000000,1e-05,btab_boxeig_topk_1024_q64,boxeig,c1,topk_1024,expanded_box,1024.0,1369.0,1024.0,1369.0,34352.0,720.4558888598436,477731.2262291375,cheap,0.0268183059999955,3.53371010900014,64.0,0.0,64.0,0.0,64.0,0.0
USGS_LPC_IL_Winnebago_2018_ground_elevation_regression_ntrain3000000,1e-05,btab_boxeig_topk_1024_q128,boxeig,c1,topk_1024,expanded_box,1024.0,1369.0,1024.0,1369.0,34352.0,720.4558888598436,477731.2262291375,cheap,0.0536638930000208,2.159325964000118,128.0,0.0,128.0,0.0,128.0,0.0
USGS_LPC_IL_Winnebago_2018_ground_elevation_regression_ntrain3000000,1e-05,btab_auto_topk_1024,inverse,c1,topk_1024,expanded_box,1024.0,1369.0,1024.0,1369.0,34352.0,720.4558888598436,477731.2262291375,cheap,0.0002650830001584,0.5800385290001486,0.0,0.0,0.0,0.0,0.0,0.0
USGS_LPC_IL_Winnebago_2018_ground_elevation_regression_ntrain3000000,1e-05,btab_auto_topk_1024,inverse,c1,topk_1024,expanded_box,1024.0,1225.0,1024.0,1225.0,0.0,0.0,0.0,cheap,2.957699962280458e-05,0.1000059479997617,0.0,0.0,0.0,0.0,0.0,0.0
USGS_LPC_IL_Winnebago_2018_ground_elevation_regression_ntrain3000000,1e-05,btab_boxeig_topk_128_q16,boxeig,c1,topk_128,expanded_box,128.0,169.0,128.0,169.0,1056.0,18595.576021115037,696608.5659074183,cheap,0.0072348240000792,5.116634236000209,16.0,0.0,16.0,0.0,16.0,0.0
USGS_LPC_IL_Winnebago_2018_ground_elevation_regression_ntrain3000000,1e-05,btab_boxeig_topk_128_q32,boxeig,c1,topk_128,expanded_box,128.0,169.0,128.0,169.0,1056.0,18595.576021115037,696608.5659074183,cheap,0.0132598089999191,3.724778911999693,32.0,0.0,32.0,0.0,32.0,0.0
USGS_LPC_IL_Winnebago_2018_ground_elevation_regression_ntrain3000000,1e-05,btab_boxeig_topk_128_q64,boxeig,c1,topk_128,expanded_box,128.0,169.0,128.0,169.0,1056.0,18595.576021115037,696608.5659074183,cheap,0.0258208049999666,1.9690254109996204,64.0,0.0,64.0,0.0,64.0,0.0
USGS_LPC_IL_Winnebago_2018_ground_elevation_regression_ntrain3000000,1e-05,btab_auto_topk_128,inverse,c1,topk_128,expanded_box,128.0,169.0,128.0,169.0,1056.0,18595.57602111504,696608.5659074185,cheap,9.416799957762124e-05,1.4001332629995886,0.0,0.0,0.0,0.0,0.0,0.0
USGS_LPC_IL_Winnebago_2018_ground_elevation_regression_ntrain3000000,1e-05,btab_boxeig_topk_16384_q128,boxeig,c1,topk_16384,expanded_box,16384.0,21025.0,16384.0,21025.0,14696.0,1.0254141773707546,4825.693284405681,cheap,0.0519283369999357,2.039585114999909,128.0,0.0,128.0,0.0,128.0,0.0
USGS_LPC_IL_Winnebago_2018_ground_elevation_regression_ntrain3000000,1e-05,btab_boxeig_topk_16384_q192,boxeig,c1,topk_16384,expanded_box,16384.0,21025.0,16384.0,21025.0,14696.0,1.0254141773707546,4825.693284405681,cheap,0.0771955899999738,1.648880269000074,192.0,0.0,192.0,0.0,192.0,0.0
USGS_LPC_IL_Winnebago_2018_ground_elevation_regression_ntrain3000000,1e-05,btab_boxeig_topk_16384_q256,boxeig,c1,topk_16384,expanded_box,16384.0,21025.0,16384.0,21025.0,14696.0,1.0254141773707546,4825.693284405681,cheap,0.104803818000164,2.4052249300002586,256.0,0.0,256.0,0.0,256.0,0.0
USGS_LPC_IL_Winnebago_2018_ground_elevation_regression_ntrain3000000,1e-05,btab_boxeig_topk_2048_q64,boxeig,c1,topk_2048,expanded_box,2048.0,2601.0,2048.0,2601.0,33120.0,163.64323537302514,189063.3603831785,cheap,0.0267123260000516,3.6993305310002143,64.0,0.0,64.0,0.0,64.0,0.0
USGS_LPC_IL_Winnebago_2018_ground_elevation_regression_ntrain3000000,1e-05,btab_boxeig_topk_2048_q128,boxeig,c1,topk_2048,expanded_box,2048.0,2601.0,2048.0,2601.0,33120.0,163.64323537302514,189063.3603831785,cheap,0.0501509170001099,2.135082968000006,128.0,0.0,128.0,0.0,128.0,0.0
USGS_LPC_IL_Winnebago_2018_ground_elevation_regression_ntrain3000000,1e-05,btab_boxeig_topk_2048_q192,boxeig,c1,topk_2048,expanded_box,2048.0,2601.0,2048.0,2601.0,33120.0,163.64323537302514,189063.3603831785,cheap,0.0747049450001213,1.676904967000155,192.0,0.0,192.0,0.0,192.0,0.0
USGS_LPC_IL_Winnebago_2018_ground_elevation_regression_ntrain3000000,1e-05,btab_auto_topk_2048,inverse,c1,topk_2048,expanded_box,2048.0,2601.0,2048.0,2601.0,33120.0,163.64323537302514,189063.3603831785,cheap,0.0002732820000801,0.5474956030000158,0.0,0.0,0.0,0.0,0.0,0.0
USGS_LPC_IL_Winnebago_2018_ground_elevation_regression_ntrain3000000,1e-05,btab_boxeig_topk_256_q32,boxeig,c1,topk_256,expanded_box,256.0,361.0,256.0,361.0,864.0,419.89683820751736,13699.959337897357,cheap,0.013531745000364,4.008024518000184,32.0,0.0,32.0,0.0,32.0,0.0
USGS_LPC_IL_Winnebago_2018_ground_elevation_regression_ntrain3000000,1e-05,btab_boxeig_topk_256_q64,boxeig,c1,topk_256,expanded_box,256.0,361.0,256.0,361.0,864.0,419.89683820751736,13699.959337897357,cheap,0.0256509750001896,2.1017401770004653,64.0,0.0,64.0,0.0,64.0,0.0
USGS_LPC_IL_Winnebago_2018_ground_elevation_regression_ntrain3000000,1e-05,btab_boxeig_topk_256_q128,boxeig,c1,topk_256,expanded_box,256.0,361.0,256.0,361.0,864.0,419.89683820751736,13699.959337897357,cheap,0.0506829669998296,0.8962715739999112,128.0,0.0,128.0,0.0,128.0,0.0
USGS_LPC_IL_Winnebago_2018_ground_elevation_regression_ntrain3000000,1e-05,btab_auto_topk_256,inverse,c1,topk_256,expanded_box,256.0,361.0,256.0,361.0,864.0,419.8968382075174,13699.959337897357,cheap,9.53710000430874e-05,0.3347675529998923,0.0,0.0,0.0,0.0,0.0,0.0
USGS_LPC_IL_Winnebago_2018_ground_elevation_regression_ntrain3000000,1e-05,btab_boxeig_topk_4096_q128,boxeig,c1,topk_4096,expanded_box,4096.0,5329.0,4096.0,5329.0,30392.0,29.51563404084684,63724.19886326596,cheap,0.0532418239999969,2.22945112299999,128.0,0.0,128.0,0.0,128.0,0.0
USGS_LPC_IL_Winnebago_2018_ground_elevation_regression_ntrain3000000,1e-05,btab_boxeig_topk_4096_q192,boxeig,c1,topk_4096,expanded_box,4096.0,5329.0,4096.0,5329.0,30392.0,29.51563404084684,63724.19886326596,cheap,0.0799174030000813,2.5838659319999806,192.0,0.0,192.0,0.0,192.0,0.0
USGS_LPC_IL_Winnebago_2018_ground_elevation_regression_ntrain3000000,1e-05,btab_boxeig_topk_4096_q256,boxeig,c1,topk_4096,expanded_box,4096.0,5329.0,4096.0,5329.0,30392.0,29.51563404084684,63724.19886326596,cheap,0.1018790690000059,1.5306913819999863,256.0,0.0,256.0,0.0,256.0,0.0
USGS_LPC_IL_Winnebago_2018_ground_elevation_regression_ntrain3000000,1e-05,btab_auto_topk_4096,inverse,c1,topk_4096,expanded_box,4096.0,5329.0,4096.0,5329.0,30392.0,29.51563404084684,63724.19886326596,cheap,0.0002912120000928,1.1203263380002682,0.0,0.0,0.0,0.0,0.0,0.0
USGS_LPC_IL_Winnebago_2018_ground_elevation_regression_ntrain3000000,1e-05,btab_boxeig_topk_512_q64,boxeig,c1,topk_512,expanded_box,512.0,625.0,512.0,625.0,600.0,2.487941419680494,74.51296047674009,cheap,0.0256991950000156,1.773971414999778,64.0,0.0,64.0,0.0,64.0,0.0
USGS_LPC_IL_Winnebago_2018_ground_elevation_regression_ntrain3000000,1e-05,btab_boxeig_topk_512_q128,boxeig,c1,topk_512,expanded_box,512.0,625.0,512.0,625.0,600.0,2.4879414196804945,74.51296047674012,cheap,0.0503410520000215,0.767955886999971,128.0,0.0,128.0,0.0,128.0,0.0
USGS_LPC_IL_Winnebago_2018_ground_elevation_regression_ntrain3000000,1e-05,btab_boxeig_topk_512_q256,boxeig,c1,topk_512,expanded_box,512.0,625.0,512.0,625.0,600.0,2.487941419680494,74.51296047674009,cheap,0.1091960970002219,0.6551745040001151,256.0,0.0,256.0,0.0,256.0,0.0
USGS_LPC_IL_Winnebago_2018_ground_elevation_regression_ntrain3000000,1e-05,btab_auto_topk_512,inverse,c1,topk_512,expanded_box,512.0,625.0,512.0,625.0,35096.0,3940.556332250379,1388672.4014117874,cheap,0.0002669259999947,1.0613641789998385,0.0,0.0,0.0,0.0,0.0,0.0
USGS_LPC_IL_Winnebago_2018_ground_elevation_regression_ntrain3000000,1e-05,btab_auto_topk_512,inverse,c1,topk_512,expanded_box,512.0,625.0,512.0,625.0,600.0,2.4879414196804936,74.51296047674009,cheap,9.086999989449396e-05,0.089483810999809,0.0,0.0,0.0,0.0,0.0,0.0
USGS_LPC_IL_Winnebago_2018_ground_elevation_regression_ntrain3000000,1e-05,btab_boxeig_topk_64_q16,boxeig,c1,topk_64,expanded_box,64.0,81.0,64.0,81.0,1144.0,110693.86020725063,4654180.79270439,cheap,0.0071515760000693,5.103158135000285,16.0,0.0,16.0,0.0,16.0,0.0
USGS_LPC_IL_Winnebago_2018_ground_elevation_regression_ntrain3000000,1e-05,btab_boxeig_topk_64_q32,boxeig,c1,topk_64,expanded_box,64.0,81.0,64.0,81.0,1144.0,110693.86020725063,4654180.79270439,cheap,0.0132760490000691,3.574640711000029,32.0,0.0,32.0,0.0,32.0,0.0
USGS_LPC_IL_Winnebago_2018_ground_elevation_regression_ntrain3000000,1e-05,btab_auto_topk_64,inverse,c1,topk_64,expanded_box,64.0,81.0,64.0,81.0,1144.0,110693.86020725063,4654180.79270439,cheap,9.255499981009052e-05,2.9617954850000388,0.0,0.0,0.0,0.0,0.0,0.0
USGS_LPC_IL_Winnebago_2018_ground_elevation_regression_ntrain3000000,1e-05,btab_auto_topk_728,inverse,c1,topk_728,expanded_box,728.0,961.0,728.0,961.0,34760.0,1580.8760886498414,781434.8816038783,cheap,0.0002831819999755,0.752693342999919,0.0,0.0,0.0,0.0,0.0,0.0
USGS_LPC_IL_Winnebago_2018_ground_elevation_regression_ntrain3000000,1e-05,btab_boxeig_topk_8192_q128,boxeig,c1,topk_8192,expanded_box,8192.0,10609.0,8192.0,10609.0,25112.0,5.520105239467475,20444.51560835169,cheap,0.0562461939998684,2.292571362999752,128.0,0.0,128.0,0.0,128.0,0.0
USGS_LPC_IL_Winnebago_2018_ground_elevation_regression_ntrain3000000,1e-05,btab_boxeig_topk_8192_q192,boxeig,c1,topk_8192,expanded_box,8192.0,10609.0,8192.0,10609.0,25112.0,5.520105239467475,20444.51560835169,cheap,0.0806828639999821,1.7373447719999149,192.0,0.0,192.0,0.0,192.0,0.0
USGS_LPC_IL_Winnebago_2018_ground_elevation_regression_ntrain3000000,1e-05,btab_boxeig_topk_8192_q256,boxeig,c1,topk_8192,expanded_box,8192.0,10609.0,8192.0,10609.0,25112.0,5.520105239467475,20444.51560835169,cheap,0.1042889210000339,1.5437613870001314,256.0,0.0,256.0,0.0,256.0,0.0
USGS_LPC_IL_Winnebago_2018_ground_elevation_regression_ntrain30000000,1e-05,btab_boxeig_topk_1024_q64,boxeig,c1,topk_1024,expanded_box,1024.0,1369.0,1024.0,1369.0,34352.0,7204.558888596942,4777312.262290385,cheap,0.0270287280000047,5.452836369999886,64.0,0.0,64.0,0.0,64.0,0.0
USGS_LPC_IL_Winnebago_2018_ground_elevation_regression_ntrain30000000,1e-05,btab_boxeig_topk_1024_q128,boxeig,c1,topk_1024,expanded_box,1024.0,1369.0,1024.0,1369.0,34352.0,7204.558888596942,4777312.262290385,cheap,0.0523333789999469,4.658889231999865,128.0,0.0,128.0,0.0,128.0,0.0
USGS_LPC_IL_Winnebago_2018_ground_elevation_regression_ntrain30000000,1e-05,btab_auto_topk_1024,inverse,c1,topk_1024,expanded_box,1024.0,1369.0,1024.0,1369.0,34352.0,7204.558888596942,4777312.262290385,cheap,0.0003112240001428,1.5404251610002575,0.0,0.0,0.0,0.0,0.0,0.0
USGS_LPC_IL_Winnebago_2018_ground_elevation_regression_ntrain30000000,1e-05,btab_auto_topk_1024,inverse,c1,topk_1024,expanded_box,1024.0,1225.0,1024.0,1225.0,0.0,0.0,0.0,cheap,3.966100030083908e-05,0.2321898760001204,0.0,0.0,0.0,0.0,0.0,0.0
USGS_LPC_IL_Winnebago_2018_ground_elevation_regression_ntrain30000000,1e-05,btab_boxeig_topk_128_q16,boxeig,c1,topk_128,expanded_box,128.0,169.0,128.0,169.0,1056.0,185955.7602111541,6966085.659074323,cheap,0.00776744399991,5.202127630999712,16.0,0.0,16.0,0.0,16.0,0.0
USGS_LPC_IL_Winnebago_2018_ground_elevation_regression_ntrain30000000,1e-05,btab_boxeig_topk_128_q32,boxeig,c1,topk_128,expanded_box,128.0,169.0,128.0,169.0,1056.0,185955.7602111541,6966085.659074323,cheap,0.0136405959997318,5.256092118999732,32.0,0.0,32.0,0.0,32.0,0.0
USGS_LPC_IL_Winnebago_2018_ground_elevation_regression_ntrain30000000,1e-05,btab_boxeig_topk_128_q64,boxeig,c1,topk_128,expanded_box,128.0,169.0,128.0,169.0,1056.0,185955.76021115403,6966085.659074321,cheap,0.0261428959997829,4.8797636489998695,64.0,0.0,64.0,0.0,64.0,0.0
USGS_LPC_IL_Winnebago_2018_ground_elevation_regression_ntrain30000000,1e-05,btab_auto_topk_128,inverse,c1,topk_128,expanded_box,128.0,169.0,128.0,169.0,1056.0,185955.760211154,6966085.65907432,cheap,0.0001295859997298,3.732680743999936,0.0,0.0,0.0,0.0,0.0,0.0
USGS_LPC_IL_Winnebago_2018_ground_elevation_regression_ntrain30000000,1e-05,btab_boxeig_topk_16384_q128,boxeig,c1,topk_16384,expanded_box,16384.0,21025.0,16384.0,21025.0,14696.0,10.25414177370542,48256.9328440468,cheap,0.0515434719998211,5.477407303999826,128.0,0.0,128.0,0.0,128.0,0.0
USGS_LPC_IL_Winnebago_2018_ground_elevation_regression_ntrain30000000,1e-05,btab_boxeig_topk_16384_q192,boxeig,c1,topk_16384,expanded_box,16384.0,21025.0,16384.0,21025.0,14696.0,10.25414177370542,48256.9328440468,cheap,0.0770990119999623,4.190578828000071,192.0,0.0,192.0,0.0,192.0,0.0
USGS_LPC_IL_Winnebago_2018_ground_elevation_regression_ntrain30000000,1e-05,btab_boxeig_topk_16384_q256,boxeig,c1,topk_16384,expanded_box,16384.0,21025.0,16384.0,21025.0,14696.0,10.25414177370542,48256.9328440468,cheap,0.1018610690000514,3.2843460009999035,256.0,0.0,256.0,0.0,256.0,0.0
USGS_LPC_IL_Winnebago_2018_ground_elevation_regression_ntrain30000000,1e-05,btab_boxeig_topk_2048_q64,boxeig,c1,topk_2048,expanded_box,2048.0,2601.0,2048.0,2601.0,33120.0,1636.4323537299117,1890633.603831393,cheap,0.0274688290000995,5.4931839299999865,64.0,0.0,64.0,0.0,64.0,0.0
USGS_LPC_IL_Winnebago_2018_ground_elevation_regression_ntrain30000000,1e-05,btab_boxeig_topk_2048_q128,boxeig,c1,topk_2048,expanded_box,2048.0,2601.0,2048.0,2601.0,33120.0,1636.4323537299117,1890633.603831393,cheap,0.0522186329999385,4.732145229000025,128.0,0.0,128.0,0.0,128.0,0.0
USGS_LPC_IL_Winnebago_2018_ground_elevation_regression_ntrain30000000,1e-05,btab_boxeig_topk_2048_q192,boxeig,c1,topk_2048,expanded_box,2048.0,2601.0,2048.0,2601.0,33120.0,1636.4323537299117,1890633.603831393,cheap,0.0784493149999434,3.609284478999825,192.0,0.0,192.0,0.0,192.0,0.0
USGS_LPC_IL_Winnebago_2018_ground_elevation_regression_ntrain30000000,1e-05,btab_auto_topk_2048,inverse,c1,topk_2048,expanded_box,2048.0,2601.0,2048.0,2601.0,33120.0,1636.4323537299117,1890633.603831393,cheap,0.0003245810000862,1.1772619810001288,0.0,0.0,0.0,0.0,0.0,0.0
USGS_LPC_IL_Winnebago_2018_ground_elevation_regression_ntrain30000000,1e-05,btab_boxeig_topk_256_q32,boxeig,c1,topk_256,expanded_box,256.0,361.0,256.0,361.0,864.0,4198.968382075257,136999.59337897628,cheap,0.0136300069998469,5.312898920999942,32.0,0.0,32.0,0.0,32.0,0.0
USGS_LPC_IL_Winnebago_2018_ground_elevation_regression_ntrain30000000,1e-05,btab_boxeig_topk_256_q64,boxeig,c1,topk_256,expanded_box,256.0,361.0,256.0,361.0,864.0,4198.968382075257,136999.5933789763,cheap,0.0259806039998693,5.125315893999868,64.0,0.0,64.0,0.0,64.0,0.0
USGS_LPC_IL_Winnebago_2018_ground_elevation_regression_ntrain30000000,1e-05,btab_boxeig_topk_256_q128,boxeig,c1,topk_256,expanded_box,256.0,361.0,256.0,361.0,864.0,4198.968382075257,136999.5933789763,cheap,0.0518949120000797,2.377432486000089,128.0,0.0,128.0,0.0,128.0,0.0
USGS_LPC_IL_Winnebago_2018_ground_elevation_regression_ntrain30000000,1e-05,btab_auto_topk_256,inverse,c1,topk_256,expanded_box,256.0,361.0,256.0,361.0,864.0,4198.968382075257,136999.59337897628,cheap,0.0001266619997295,0.9540512539997508,0.0,0.0,0.0,0.0,0.0,0.0
USGS_LPC_IL_Winnebago_2018_ground_elevation_regression_ntrain30000000,1e-05,btab_boxeig_topk_4096_q128,boxeig,c1,topk_4096,expanded_box,4096.0,5329.0,4096.0,5329.0,30392.0,295.1563404084071,637241.9886325274,cheap,0.0525792569999339,5.272431430999859,128.0,0.0,128.0,0.0,128.0,0.0
USGS_LPC_IL_Winnebago_2018_ground_elevation_regression_ntrain30000000,1e-05,btab_boxeig_topk_4096_q192,boxeig,c1,topk_4096,expanded_box,4096.0,5329.0,4096.0,5329.0,30392.0,295.1563404084071,637241.9886325274,cheap,0.0790378419999342,3.809859902999961,192.0,0.0,192.0,0.0,192.0,0.0
USGS_LPC_IL_Winnebago_2018_ground_elevation_regression_ntrain30000000,1e-05,btab_boxeig_topk_4096_q256,boxeig,c1,topk_4096,expanded_box,4096.0,5329.0,4096.0,5329.0,30392.0,295.1563404084071,637241.9886325274,cheap,0.1079242769999382,3.1009735669999827,256.0,0.0,256.0,0.0,256.0,0.0
USGS_LPC_IL_Winnebago_2018_ground_elevation_regression_ntrain30000000,1e-05,btab_auto_topk_4096,inverse,c1,topk_4096,expanded_box,4096.0,5329.0,4096.0,5329.0,30392.0,295.1563404084071,637241.9886325274,cheap,0.0002952110000933,1.5119960970000648,0.0,0.0,0.0,0.0,0.0,0.0
USGS_LPC_IL_Winnebago_2018_ground_elevation_regression_ntrain30000000,1e-05,btab_boxeig_topk_512_q64,boxeig,c1,topk_512,expanded_box,512.0,625.0,512.0,625.0,600.0,24.87941419680543,745.1296047674157,cheap,0.0261107679998531,4.707857544000035,64.0,0.0,64.0,0.0,64.0,0.0
USGS_LPC_IL_Winnebago_2018_ground_elevation_regression_ntrain30000000,1e-05,btab_boxeig_topk_512_q128,boxeig,c1,topk_512,expanded_box,512.0,625.0,512.0,625.0,600.0,24.87941419680543,745.1296047674157,cheap,0.0516715850003492,1.7061920920000375,128.0,0.0,128.0,0.0,128.0,0.0
USGS_LPC_IL_Winnebago_2018_ground_elevation_regression_ntrain30000000,1e-05,btab_boxeig_topk_512_q256,boxeig,c1,topk_512,expanded_box,512.0,625.0,512.0,625.0,600.0,24.87941419680544,745.1296047674159,cheap,0.100314421999883,1.897846773999845,256.0,0.0,256.0,0.0,256.0,0.0
USGS_LPC_IL_Winnebago_2018_ground_elevation_regression_ntrain30000000,1e-05,btab_auto_topk_512,inverse,c1,topk_512,expanded_box,512.0,625.0,512.0,625.0,35096.0,39405.56332249561,13886724.014114993,cheap,0.0003106390001903,2.794521985000074,0.0,0.0,0.0,0.0,0.0,0.0
USGS_LPC_IL_Winnebago_2018_ground_elevation_regression_ntrain30000000,1e-05,btab_auto_topk_512,inverse,c1,topk_512,expanded_box,512.0,625.0,512.0,625.0,600.0,24.87941419680543,745.1296047674157,cheap,0.0001145609999184,0.2697472019999622,0.0,0.0,0.0,0.0,0.0,0.0
USGS_LPC_IL_Winnebago_2018_ground_elevation_regression_ntrain30000000,1e-05,btab_boxeig_topk_64_q16,boxeig,c1,topk_64,expanded_box,64.0,81.0,64.0,81.0,1144.0,1106938.6020725286,46541807.92704482,cheap,0.0073320040000908,5.2229490650001935,16.0,0.0,16.0,0.0,16.0,0.0
USGS_LPC_IL_Winnebago_2018_ground_elevation_regression_ntrain30000000,1e-05,btab_boxeig_topk_64_q32,boxeig,c1,topk_64,expanded_box,64.0,81.0,64.0,81.0,1144.0,1106938.6020725286,46541807.92704482,cheap,0.013369245999911,5.180494222000107,32.0,0.0,32.0,0.0,32.0,0.0
USGS_LPC_IL_Winnebago_2018_ground_elevation_regression_ntrain30000000,1e-05,btab_auto_topk_64,inverse,c1,topk_64,expanded_box,64.0,81.0,64.0,81.0,1144.0,1106938.6020725286,46541807.92704482,cheap,0.0001389799999742,5.080856004999987,0.0,0.0,0.0,0.0,0.0,0.0
USGS_LPC_IL_Winnebago_2018_ground_elevation_regression_ntrain30000000,1e-05,btab_auto_topk_728,inverse,c1,topk_728,expanded_box,728.0,961.0,728.0,961.0,34760.0,15808.760886495138,7814348.816037162,cheap,0.000343249000025,2.0631885370000878,0.0,0.0,0.0,0.0,0.0,0.0
USGS_LPC_IL_Winnebago_2018_ground_elevation_regression_ntrain30000000,1e-05,btab_boxeig_topk_8192_q128,boxeig,c1,topk_8192,expanded_box,8192.0,10609.0,8192.0,10609.0,25112.0,55.2010523946633,204445.1560834745,cheap,0.0532021530000292,5.875278036000054,128.0,0.0,128.0,0.0,128.0,0.0
USGS_LPC_IL_Winnebago_2018_ground_elevation_regression_ntrain30000000,1e-05,btab_boxeig_topk_8192_q192,boxeig,c1,topk_8192,expanded_box,8192.0,10609.0,8192.0,10609.0,25112.0,55.2010523946633,204445.1560834745,cheap,0.0847458210000695,3.965857059999962,192.0,0.0,192.0,0.0,192.0,0.0
USGS_LPC_IL_Winnebago_2018_ground_elevation_regression_ntrain30000000,1e-05,btab_boxeig_topk_8192_q256,boxeig,c1,topk_8192,expanded_box,8192.0,10609.0,8192.0,10609.0,25112.0,55.2010523946633,204445.1560834745,cheap,0.1048488280000583,4.765729718000102,256.0,0.0,256.0,0.0,256.0,0.0
USGS_LPC_IL_Winnebago_2018_ground_elevation_regression_ntrain300000000,1e-05,btab_auto_topk_1024,inverse,c1,topk_1024,expanded_box,1024.0,1225.0,1024.0,1225.0,0.0,0.0,0.0,cheap,6.354599963742658e-05,7.610326465999606,0.0,0.0,0.0,0.0,0.0,0.0
USGS_LPC_IL_Winnebago_2018_ground_elevation_regression_ntrain300000000,1e-05,btab_boxeig_topk_128_q16,boxeig,c1,topk_128,expanded_box,128.0,169.0,128.0,169.0,1056.0,1859557.6021137312,69660856.59082527,cheap,0.0074867149996862,6.801367626999763,16.0,0.0,16.0,0.0,16.0,0.0
USGS_LPC_IL_Winnebago_2018_ground_elevation_regression_ntrain300000000,1e-05,btab_boxeig_topk_128_q32,boxeig,c1,topk_128,expanded_box,128.0,169.0,128.0,169.0,1056.0,1859557.6021137312,69660856.59082527,cheap,0.0138346259996069,6.796421476999512,32.0,0.0,32.0,0.0,32.0,0.0
USGS_LPC_IL_Winnebago_2018_ground_elevation_regression_ntrain300000000,1e-05,btab_boxeig_topk_128_q64,boxeig,c1,topk_128,expanded_box,128.0,169.0,128.0,169.0,1056.0,1859557.6021137312,69660856.59082527,cheap,0.0262367840000479,6.946580477000225,64.0,0.0,64.0,0.0,64.0,0.0
USGS_LPC_IL_Winnebago_2018_ground_elevation_regression_ntrain300000000,1e-05,btab_auto_topk_128,inverse,c1,topk_128,expanded_box,128.0,169.0,128.0,169.0,1056.0,1859557.6021137312,69660856.59082527,cheap,0.0001572780001879,6.751908227000058,0.0,0.0,0.0,0.0,0.0,0.0
USGS_LPC_IL_Winnebago_2018_ground_elevation_regression_ntrain300000000,1e-05,btab_boxeig_topk_16384_q192,boxeig,c1,topk_16384,expanded_box,16384.0,21025.0,16384.0,21025.0,14696.0,102.54141773704696,482569.3284404339,cheap,0.078126228000201,7.286438083000121,192.0,0.0,192.0,0.0,192.0,0.0
USGS_LPC_IL_Winnebago_2018_ground_elevation_regression_ntrain300000000,1e-05,btab_boxeig_topk_16384_q256,boxeig,c1,topk_16384,expanded_box,16384.0,21025.0,16384.0,21025.0,14696.0,102.54141773704696,482569.3284404339,cheap,0.1063598820001061,7.371648028999971,256.0,0.0,256.0,0.0,256.0,0.0
USGS_LPC_IL_Winnebago_2018_ground_elevation_regression_ntrain300000000,1e-05,btab_auto_topk_2048,inverse,c1,topk_2048,expanded_box,2048.0,2601.0,2048.0,2601.0,33120.0,16364.323537297962,18906336.03831259,cheap,0.0003738219998012,6.602312336000068,0.0,0.0,0.0,0.0,0.0,0.0
USGS_LPC_IL_Winnebago_2018_ground_elevation_regression_ntrain300000000,1e-05,btab_boxeig_topk_20480_q192,boxeig,c1,topk_20480,expanded_box,20480.0,25921.0,20480.0,25921.0,9800.0,61.11745189407293,245733.59331716324,cheap,0.0804171370000403,7.199480235999999,192.0,0.0,192.0,0.0,192.0,0.0
USGS_LPC_IL_Winnebago_2018_ground_elevation_regression_ntrain300000000,1e-05,btab_boxeig_topk_20480_q256,boxeig,c1,topk_20480,expanded_box,20480.0,25921.0,20480.0,25921.0,9800.0,61.11745189407293,245733.59331716324,cheap,0.1072264559998075,7.435132886999781,256.0,0.0,256.0,0.0,256.0,0.0
USGS_LPC_IL_Winnebago_2018_ground_elevation_regression_ntrain300000000,1e-05,btab_boxeig_topk_20480_q320,boxeig,c1,topk_20480,expanded_box,20480.0,25921.0,20480.0,25921.0,9800.0,61.11745189407293,245733.59331716324,cheap,0.1336632239999744,7.234068628999921,320.0,0.0,320.0,0.0,320.0,0.0
USGS_LPC_IL_Winnebago_2018_ground_elevation_regression_ntrain300000000,1e-05,btab_boxeig_topk_256_q32,boxeig,c1,topk_256,expanded_box,256.0,361.0,256.0,361.0,864.0,41989.68382080204,1369995.933791377,cheap,0.0134791259997655,6.916501659000005,32.0,0.0,32.0,0.0,32.0,0.0
USGS_LPC_IL_Winnebago_2018_ground_elevation_regression_ntrain300000000,1e-05,btab_boxeig_topk_256_q64,boxeig,c1,topk_256,expanded_box,256.0,361.0,256.0,361.0,864.0,41989.68382080204,1369995.933791377,cheap,0.0264058689999728,6.96344107699997,64.0,0.0,64.0,0.0,64.0,0.0
USGS_LPC_IL_Winnebago_2018_ground_elevation_regression_ntrain300000000,1e-05,btab_boxeig_topk_256_q128,boxeig,c1,topk_256,,,,,,,,,cheap,,,,,,,,
USGS_LPC_IL_Winnebago_2018_ground_elevation_regression_ntrain300000000,1e-05,btab_auto_topk_256,inverse,c1,topk_256,expanded_box,256.0,361.0,256.0,361.0,864.0,41989.68382080204,1369995.933791377,cheap,0.0001726840000628,6.780292595999981,0.0,0.0,0.0,0.0,0.0,0.0
USGS_LPC_IL_Winnebago_2018_ground_elevation_regression_ntrain300000000,1e-05,btab_boxeig_topk_32768_q192,boxeig,c1,topk_32768,expanded_box,32768.0,35721.0,32768.0,35721.0,0.0,0.0,0.0,cheap,0.0806134909998945,3.3562951670000984,192.0,0.0,192.0,0.0,192.0,0.0
USGS_LPC_IL_Winnebago_2018_ground_elevation_regression_ntrain300000000,1e-05,btab_boxeig_topk_32768_q256,boxeig,c1,topk_32768,expanded_box,32768.0,35721.0,32768.0,35721.0,0.0,0.0,0.0,cheap,0.1073641689999931,3.1172739229996296,256.0,0.0,256.0,0.0,256.0,0.0
USGS_LPC_IL_Winnebago_2018_ground_elevation_regression_ntrain300000000,1e-05,btab_boxeig_topk_32768_q320,boxeig,c1,topk_32768,expanded_box,32768.0,35721.0,32768.0,35721.0,0.0,0.0,0.0,cheap,0.1350960569998278,3.071462488999714,320.0,0.0,320.0,0.0,320.0,0.0
USGS_LPC_IL_Winnebago_2018_ground_elevation_regression_ntrain300000000,1e-05,btab_boxeig_topk_35721_q192,boxeig,c1,topk_35721,expanded_box,35721.0,35721.0,35721.0,35721.0,0.0,0.0,0.0,cheap,0.0815951360000326,3.3843765719998373,192.0,0.0,192.0,0.0,192.0,0.0
USGS_LPC_IL_Winnebago_2018_ground_elevation_regression_ntrain300000000,1e-05,btab_boxeig_topk_35721_q256,boxeig,c1,topk_35721,expanded_box,35721.0,35721.0,35721.0,35721.0,0.0,0.0,0.0,cheap,0.1110293020001336,3.857521934000488,256.0,0.0,256.0,0.0,256.0,0.0
USGS_LPC_IL_Winnebago_2018_ground_elevation_regression_ntrain300000000,1e-05,btab_boxeig_topk_35721_q320,boxeig,c1,topk_35721,expanded_box,35721.0,35721.0,35721.0,35721.0,0.0,0.0,0.0,cheap,0.1361588419999861,3.686125594999794,320.0,0.0,320.0,0.0,320.0,0.0
USGS_LPC_IL_Winnebago_2018_ground_elevation_regression_ntrain300000000,1e-05,btab_boxeig_topk_4096_q128,boxeig,c1,topk_4096,expanded_box,4096.0,5329.0,4096.0,5329.0,30392.0,2951.563404083863,6372419.886324823,cheap,0.0527407959998527,6.940471859999889,128.0,0.0,128.0,0.0,128.0,0.0
USGS_LPC_IL_Winnebago_2018_ground_elevation_regression_ntrain300000000,1e-05,btab_boxeig_topk_4096_q192,boxeig,c1,topk_4096,expanded_box,4096.0,5329.0,4096.0,5329.0,30392.0,2951.563404083863,6372419.886324823,cheap,0.0796405090000007,7.082150073000321,192.0,0.0,192.0,0.0,192.0,0.0
USGS_LPC_IL_Winnebago_2018_ground_elevation_regression_ntrain300000000,1e-05,btab_auto_topk_4096,inverse,c1,topk_4096,expanded_box,4096.0,5329.0,4096.0,5329.0,30392.0,2951.563404083863,6372419.886324823,cheap,0.0003858069999296,8.173075559000154,0.0,0.0,0.0,0.0,0.0,0.0
USGS_LPC_IL_Winnebago_2018_ground_elevation_regression_ntrain300000000,1e-05,btab_boxeig_topk_512_q64,boxeig,c1,topk_512,expanded_box,512.0,625.0,512.0,625.0,600.0,248.79414196834745,7451.296047682936,cheap,0.0266556250003304,3.946878178000589,64.0,0.0,64.0,0.0,64.0,0.0
USGS_LPC_IL_Winnebago_2018_ground_elevation_regression_ntrain300000000,1e-05,btab_boxeig_topk_512_q128,boxeig,c1,topk_512,expanded_box,512.0,625.0,512.0,625.0,600.0,248.79414196834745,7451.296047682936,cheap,0.0507640499999979,2.6586535220003498,128.0,0.0,128.0,0.0,128.0,0.0
USGS_LPC_IL_Winnebago_2018_ground_elevation_regression_ntrain300000000,1e-05,btab_boxeig_topk_512_q256,boxeig,c1,topk_512,,,,,,,,,cheap,,,,,,,,
USGS_LPC_IL_Winnebago_2018_ground_elevation_regression_ntrain300000000,1e-05,btab_auto_topk_512,inverse,c1,topk_512,expanded_box,512.0,625.0,512.0,625.0,600.0,248.79414196834745,7451.296047682936,cheap,0.0001707759997771,6.935084439999628,0.0,0.0,0.0,0.0,0.0,0.0
USGS_LPC_IL_Winnebago_2018_ground_elevation_regression_ntrain300000000,1e-05,btab_boxeig_topk_64_q16,boxeig,c1,topk_64,expanded_box,64.0,81.0,64.0,81.0,1144.0,11069386.020738326,465418079.2709966,cheap,0.0074591829998098,6.816606812999908,16.0,0.0,16.0,0.0,16.0,0.0
USGS_LPC_IL_Winnebago_2018_ground_elevation_regression_ntrain300000000,1e-05,btab_boxeig_topk_64_q32,boxeig,c1,topk_64,expanded_box,64.0,81.0,64.0,81.0,1144.0,11069386.020738326,465418079.2709966,cheap,0.0136930249996112,6.830627426999399,32.0,0.0,32.0,0.0,32.0,0.0
USGS_LPC_IL_Winnebago_2018_ground_elevation_regression_ntrain300000000,1e-05,btab_auto_topk_64,inverse,c1,topk_64,expanded_box,64.0,81.0,64.0,81.0,1144.0,11069386.020738326,465418079.2709966,cheap,0.0002020880001509,6.693615968000358,0.0,0.0,0.0,0.0,0.0,0.0
USGS_LPC_IL_Winnebago_2018_ground_elevation_regression_ntrain300000000,1e-05,btab_boxeig_topk_8192_q128,boxeig,c1,topk_8192,expanded_box,8192.0,10609.0,8192.0,10609.0,25112.0,552.010523946594,2044451.5608346004,cheap,0.0532776499999272,6.978818876999867,128.0,0.0,128.0,0.0,128.0,0.0
USGS_LPC_IL_Winnebago_2018_ground_elevation_regression_ntrain300000000,1e-05,btab_boxeig_topk_8192_q192,boxeig,c1,topk_8192,expanded_box,8192.0,10609.0,8192.0,10609.0,25112.0,552.010523946594,2044451.5608346004,cheap,0.0791491009999845,7.111071330999948,192.0,0.0,192.0,0.0,192.0,0.0
synthetic_true_func_2d_n1000000,1e-05,btab_boxeig_topk_1024_q64,boxeig,c1,topk_1024,expanded_box,1024.0,1369.0,1024.0,1369.0,34352.0,240.1514296249552,159243.36646233394,cheap,0.0261360540000623,1.1911115650000283,64.0,0.0,64.0,0.0,64.0,0.0
synthetic_true_func_2d_n1000000,1e-05,btab_boxeig_topk_1024_q128,boxeig,c1,topk_1024,expanded_box,1024.0,1369.0,1024.0,1369.0,34352.0,240.1514296249552,159243.36646233394,cheap,0.0509263890000966,0.8288033400001495,128.0,0.0,128.0,0.0,128.0,0.0
synthetic_true_func_2d_n1000000,1e-05,btab_auto_topk_1024,inverse,c1,topk_1024,expanded_box,1024.0,1369.0,1024.0,1369.0,34352.0,240.1514296249552,159243.36646233394,cheap,0.0003004529999088,0.2713901049999094,0.0,0.0,0.0,0.0,0.0,0.0
synthetic_true_func_2d_n1000000,1e-05,btab_auto_topk_1024,inverse,c1,topk_1024,expanded_box,1024.0,1225.0,1024.0,1225.0,0.0,0.0,0.0,cheap,2.79930000033346e-05,0.0710793580001336,0.0,0.0,0.0,0.0,0.0,0.0
synthetic_true_func_2d_n1000000,1e-05,btab_boxeig_topk_128_q16,boxeig,c1,topk_128,expanded_box,128.0,169.0,128.0,169.0,1056.0,6198.492685445211,232201.1852476976,cheap,0.0070377520000874,1.7907965640001748,16.0,0.0,16.0,0.0,16.0,0.0
synthetic_true_func_2d_n1000000,1e-05,btab_boxeig_topk_128_q32,boxeig,c1,topk_128,expanded_box,128.0,169.0,128.0,169.0,1056.0,6198.49268544521,232201.1852476976,cheap,0.0132371869999587,1.38827342400009,32.0,0.0,32.0,0.0,32.0,0.0
synthetic_true_func_2d_n1000000,1e-05,btab_boxeig_topk_128_q64,boxeig,c1,topk_128,expanded_box,128.0,169.0,128.0,169.0,1056.0,6198.492685445211,232201.1852476976,cheap,0.025657721999778,0.8179087669996079,64.0,0.0,64.0,0.0,64.0,0.0
synthetic_true_func_2d_n1000000,1e-05,btab_auto_topk_128,inverse,c1,topk_128,expanded_box,128.0,169.0,128.0,169.0,1056.0,6198.492685445211,232201.1852476976,cheap,9.092000027521864e-05,0.5549258619998909,0.0,0.0,0.0,0.0,0.0,0.0
synthetic_true_func_2d_n1000000,1e-05,btab_boxeig_topk_16384_q128,boxeig,c1,topk_16384,expanded_box,16384.0,21025.0,16384.0,21025.0,14696.0,0.3418038697450546,1608.560388813903,cheap,0.0525025699998877,0.8017093299997669,128.0,0.0,128.0,0.0,128.0,0.0
synthetic_true_func_2d_n1000000,1e-05,btab_boxeig_topk_16384_q192,boxeig,c1,topk_16384,expanded_box,16384.0,21025.0,16384.0,21025.0,14696.0,0.3418038697450546,1608.560388813903,cheap,0.0782977390001633,0.7969710570002917,192.0,0.0,192.0,0.0,192.0,0.0
synthetic_true_func_2d_n1000000,1e-05,btab_boxeig_topk_16384_q256,boxeig,c1,topk_16384,expanded_box,16384.0,21025.0,16384.0,21025.0,14696.0,0.3418038697450546,1608.560388813903,cheap,0.103216434999922,0.8306422910000038,256.0,0.0,256.0,0.0,256.0,0.0
synthetic_true_func_2d_n1000000,1e-05,btab_boxeig_topk_2048_q64,boxeig,c1,topk_2048,expanded_box,2048.0,2601.0,2048.0,2601.0,33120.0,54.54761652132973,63020.96672492494,cheap,0.0262701230001312,1.1728327560001617,64.0,0.0,64.0,0.0,64.0,0.0
synthetic_true_func_2d_n1000000,1e-05,btab_boxeig_topk_2048_q128,boxeig,c1,topk_2048,expanded_box,2048.0,2601.0,2048.0,2601.0,33120.0,54.54761652132973,63020.96672492494,cheap,0.0509954970000308,0.8166709550000633,128.0,0.0,128.0,0.0,128.0,0.0
synthetic_true_func_2d_n1000000,1e-05,btab_boxeig_topk_2048_q192,boxeig,c1,topk_2048,expanded_box,2048.0,2601.0,2048.0,2601.0,33120.0,54.54761652132973,63020.96672492494,cheap,0.0752060299998902,0.7891154829999323,192.0,0.0,192.0,0.0,192.0,0.0
synthetic_true_func_2d_n1000000,1e-05,btab_auto_topk_2048,inverse,c1,topk_2048,expanded_box,2048.0,2601.0,2048.0,2601.0,33120.0,54.54761652132973,63020.96672492494,cheap,0.0002565779998349,0.3423723519997566,0.0,0.0,0.0,0.0,0.0,0.0
synthetic_true_func_2d_n1000000,1e-05,btab_boxeig_topk_256_q32,boxeig,c1,topk_256,expanded_box,256.0,361.0,256.0,361.0,864.0,139.96381743671242,4566.5864435256,cheap,0.0131263329999455,1.361689873999694,32.0,0.0,32.0,0.0,32.0,0.0
synthetic_true_func_2d_n1000000,1e-05,btab_boxeig_topk_256_q64,boxeig,c1,topk_256,expanded_box,256.0,361.0,256.0,361.0,864.0,139.96381743671242,4566.5864435256,cheap,0.0258091480000075,0.8321365239999068,64.0,0.0,64.0,0.0,64.0,0.0
synthetic_true_func_2d_n1000000,1e-05,btab_boxeig_topk_256_q128,boxeig,c1,topk_256,expanded_box,256.0,361.0,256.0,361.0,864.0,139.96381743671242,4566.5864435256,cheap,0.0541193069998371,0.7872648629995638,128.0,0.0,128.0,0.0,128.0,0.0
synthetic_true_func_2d_n1000000,1e-05,btab_auto_topk_256,inverse,c1,topk_256,expanded_box,256.0,361.0,256.0,361.0,864.0,139.96381743671242,4566.5864435256,cheap,8.991200002128608e-05,0.1498252549999961,0.0,0.0,0.0,0.0,0.0,0.0
synthetic_true_func_2d_n1000000,1e-05,btab_boxeig_topk_4096_q128,boxeig,c1,topk_4096,expanded_box,4096.0,5329.0,4096.0,5329.0,30392.0,9.83852065960661,21241.346961770272,cheap,0.0520565950000673,0.8042848109998886,128.0,0.0,128.0,0.0,128.0,0.0
synthetic_true_func_2d_n1000000,1e-05,btab_boxeig_topk_4096_q192,boxeig,c1,topk_4096,expanded_box,4096.0,5329.0,4096.0,5329.0,30392.0,9.83852065960661,21241.346961770272,cheap,0.0767039479999311,0.783209381000006,192.0,0.0,192.0,0.0,192.0,0.0
synthetic_true_func_2d_n1000000,1e-05,btab_boxeig_topk_4096_q256,boxeig,c1,topk_4096,expanded_box,4096.0,5329.0,4096.0,5329.0,30392.0,9.83852065960661,21241.346961770272,cheap,0.1034644650001155,0.832083005000186,256.0,0.0,256.0,0.0,256.0,0.0
synthetic_true_func_2d_n1000000,1e-05,btab_auto_topk_4096,inverse,c1,topk_4096,expanded_box,4096.0,5329.0,4096.0,5329.0,30392.0,9.83852065960661,21241.346961770272,cheap,0.0002773700000489,1.005416422000053,0.0,0.0,0.0,0.0,0.0,0.0
synthetic_true_func_2d_n1000000,1e-05,btab_boxeig_topk_512_q64,boxeig,c1,topk_512,expanded_box,512.0,625.0,512.0,625.0,600.0,0.829294688485552,24.837041279880182,cheap,0.0255876900000657,0.600238186000297,64.0,0.0,64.0,0.0,64.0,0.0
synthetic_true_func_2d_n1000000,1e-05,btab_boxeig_topk_512_q128,boxeig,c1,topk_512,expanded_box,512.0,625.0,512.0,625.0,600.0,0.829294688485552,24.837041279880182,cheap,0.0507607489998918,0.5602889140000116,128.0,0.0,128.0,0.0,128.0,0.0
synthetic_true_func_2d_n1000000,1e-05,btab_boxeig_topk_512_q256,boxeig,c1,topk_512,expanded_box,512.0,625.0,512.0,625.0,600.0,0.829294688485552,24.837041279880182,cheap,0.1133905800002139,0.6101758080003492,256.0,0.0,256.0,0.0,256.0,0.0
synthetic_true_func_2d_n1000000,1e-05,btab_auto_topk_512,inverse,c1,topk_512,expanded_box,512.0,625.0,512.0,625.0,35096.0,1313.5162514399249,462889.78707640665,cheap,0.000283348000039,0.4112842849999651,0.0,0.0,0.0,0.0,0.0,0.0
synthetic_true_func_2d_n1000000,1e-05,btab_auto_topk_512,inverse,c1,topk_512,expanded_box,512.0,625.0,512.0,625.0,600.0,0.8292946884855519,24.83704127988017,cheap,8.647099957670434e-05,0.0522425279996241,0.0,0.0,0.0,0.0,0.0,0.0
synthetic_true_func_2d_n1000000,1e-05,btab_boxeig_topk_64_q16,boxeig,c1,topk_64,expanded_box,64.0,81.0,64.0,81.0,1144.0,36897.890262738125,1551387.9664721382,cheap,0.0070259399999486,1.832673992999844,16.0,0.0,16.0,0.0,16.0,0.0
synthetic_true_func_2d_n1000000,1e-05,btab_boxeig_topk_64_q32,boxeig,c1,topk_64,expanded_box,64.0,81.0,64.0,81.0,1144.0,36897.890262738125,1551387.9664721382,cheap,0.0131300570001258,1.2597325849997103,32.0,0.0,32.0,0.0,32.0,0.0
synthetic_true_func_2d_n1000000,1e-05,btab_auto_topk_64,inverse,c1,topk_64,expanded_box,64.0,81.0,64.0,81.0,1144.0,36897.890262738125,1551387.9664721382,cheap,7.909299984021345e-05,1.0191637100001572,0.0,0.0,0.0,0.0,0.0,0.0
synthetic_true_func_2d_n1000000,1e-05,btab_auto_topk_728,inverse,c1,topk_728,expanded_box,728.0,961.0,728.0,961.0,34760.0,526.957585492075,260477.6960270361,cheap,0.0003109409999524,0.3122381840000798,0.0,0.0,0.0,0.0,0.0,0.0
synthetic_true_func_2d_n1000000,1e-05,btab_boxeig_topk_8192_q128,boxeig,c1,topk_8192,expanded_box,8192.0,10609.0,8192.0,10609.0,25112.0,1.840030510776764,6814.82149469016,cheap,0.0535279309999623,0.899643388999948,128.0,0.0,128.0,0.0,128.0,0.0
synthetic_true_func_2d_n1000000,1e-05,btab_boxeig_topk_8192_q192,boxeig,c1,topk_8192,expanded_box,8192.0,10609.0,8192.0,10609.0,25112.0,1.840030510776764,6814.82149469016,cheap,0.079579011000078,0.9519123310001304,192.0,0.0,192.0,0.0,192.0,0.0
synthetic_true_func_2d_n1000000,1e-05,btab_boxeig_topk_8192_q256,boxeig,c1,topk_8192,expanded_box,8192.0,10609.0,8192.0,10609.0,25112.0,1.840030510776764,6814.82149469016,cheap,0.1092322859999512,1.1966608139998698,256.0,0.0,256.0,0.0,256.0,0.0
synthetic_true_func_2d_n10000000,1e-05,btab_boxeig_topk_1024_q64,boxeig,c1,topk_1024,expanded_box,1024.0,1369.0,1024.0,1369.0,34352.0,2401.5191371138226,1592437.0739614717,cheap,0.0265345819998401,1.7330586759999278,64.0,0.0,64.0,0.0,64.0,0.0
synthetic_true_func_2d_n10000000,1e-05,btab_boxeig_topk_1024_q128,boxeig,c1,topk_1024,expanded_box,1024.0,1369.0,1024.0,1369.0,34352.0,2401.5191371138226,1592437.0739614717,cheap,0.051624128999947,1.0119505379998373,128.0,0.0,128.0,0.0,128.0,0.0
synthetic_true_func_2d_n10000000,1e-05,btab_auto_topk_1024,inverse,c1,topk_1024,expanded_box,1024.0,1369.0,1024.0,1369.0,34352.0,2401.5191371138226,1592437.0739614717,cheap,0.0003142979999211,0.6152115009999761,0.0,0.0,0.0,0.0,0.0,0.0
synthetic_true_func_2d_n10000000,1e-05,btab_auto_topk_1024,inverse,c1,topk_1024,expanded_box,1024.0,1225.0,1024.0,1225.0,0.0,0.0,0.0,cheap,5.201400017540436e-05,0.1133850579999489,0.0,0.0,0.0,0.0,0.0,0.0
synthetic_true_func_2d_n10000000,1e-05,btab_boxeig_topk_128_q16,boxeig,c1,topk_128,expanded_box,128.0,169.0,128.0,169.0,1056.0,61985.223253621865,2322027.011071484,cheap,0.007284878000064,3.271186366000165,16.0,0.0,16.0,0.0,16.0,0.0
synthetic_true_func_2d_n10000000,1e-05,btab_boxeig_topk_128_q32,boxeig,c1,topk_128,expanded_box,128.0,169.0,128.0,169.0,1056.0,61985.223253621865,2322027.011071484,cheap,0.0135072769999169,2.2768575830000373,32.0,0.0,32.0,0.0,32.0,0.0
synthetic_true_func_2d_n10000000,1e-05,btab_boxeig_topk_128_q64,boxeig,c1,topk_128,expanded_box,128.0,169.0,128.0,169.0,1056.0,61985.223253621865,2322027.011071484,cheap,0.0263056349999715,1.2665331299999707,64.0,0.0,64.0,0.0,64.0,0.0
synthetic_true_func_2d_n10000000,1e-05,btab_auto_topk_128,inverse,c1,topk_128,expanded_box,128.0,169.0,128.0,169.0,1056.0,61985.223253621865,2322027.011071484,cheap,0.0001100380000025,1.0185035479998987,0.0,0.0,0.0,0.0,0.0,0.0
synthetic_true_func_2d_n10000000,1e-05,btab_boxeig_topk_16384_q128,boxeig,c1,topk_16384,expanded_box,16384.0,21025.0,16384.0,21025.0,14696.0,3.4180464675207816,16085.64055186952,cheap,0.0532069199998659,2.1098674179997943,128.0,0.0,128.0,0.0,128.0,0.0
synthetic_true_func_2d_n10000000,1e-05,btab_boxeig_topk_16384_q192,boxeig,c1,topk_16384,expanded_box,16384.0,21025.0,16384.0,21025.0,14696.0,3.4180464675207816,16085.64055186952,cheap,0.0781623529999251,1.196142312999882,192.0,0.0,192.0,0.0,192.0,0.0
synthetic_true_func_2d_n10000000,1e-05,btab_boxeig_topk_16384_q256,boxeig,c1,topk_16384,expanded_box,16384.0,21025.0,16384.0,21025.0,14696.0,3.4180464675207816,16085.64055186952,cheap,0.1030582849998609,1.0930749769997874,256.0,0.0,256.0,0.0,256.0,0.0
synthetic_true_func_2d_n10000000,1e-05,btab_boxeig_topk_2048_q64,boxeig,c1,topk_2048,expanded_box,2048.0,2601.0,2048.0,2601.0,33120.0,545.477332504985,630211.0596413196,cheap,0.0259018419999392,1.6671582079998188,64.0,0.0,64.0,0.0,64.0,0.0
synthetic_true_func_2d_n10000000,1e-05,btab_boxeig_topk_2048_q128,boxeig,c1,topk_2048,expanded_box,2048.0,2601.0,2048.0,2601.0,33120.0,545.477332504985,630211.0596413196,cheap,0.0523707950001153,2.041299729000229,128.0,0.0,128.0,0.0,128.0,0.0
synthetic_true_func_2d_n10000000,1e-05,btab_boxeig_topk_2048_q192,boxeig,c1,topk_2048,expanded_box,2048.0,2601.0,2048.0,2601.0,33120.0,545.477332504985,630211.0596413196,cheap,0.0768973189999542,0.9992083039999216,192.0,0.0,192.0,0.0,192.0,0.0
synthetic_true_func_2d_n10000000,1e-05,btab_auto_topk_2048,inverse,c1,topk_2048,expanded_box,2048.0,2601.0,2048.0,2601.0,33120.0,545.477332504985,630211.0596413196,cheap,0.0002751649999481,0.5539892110000437,0.0,0.0,0.0,0.0,0.0,0.0
synthetic_true_func_2d_n10000000,1e-05,btab_boxeig_topk_256_q32,boxeig,c1,topk_256,expanded_box,256.0,361.0,256.0,361.0,864.0,1399.6544697638838,45666.4695708712,cheap,0.013445591999698,2.643181051999818,32.0,0.0,32.0,0.0,32.0,0.0
synthetic_true_func_2d_n10000000,1e-05,btab_boxeig_topk_256_q64,boxeig,c1,topk_256,expanded_box,256.0,361.0,256.0,361.0,864.0,1399.6544697638838,45666.4695708712,cheap,0.026232519000132,1.4577969130000383,64.0,0.0,64.0,0.0,64.0,0.0
synthetic_true_func_2d_n10000000,1e-05,btab_boxeig_topk_256_q128,boxeig,c1,topk_256,expanded_box,256.0,361.0,256.0,361.0,864.0,1399.6544697638838,45666.4695708712,cheap,0.0499641500000507,0.7809890660000747,128.0,0.0,128.0,0.0,128.0,0.0
synthetic_true_func_2d_n10000000,1e-05,btab_auto_topk_256,inverse,c1,topk_256,expanded_box,256.0,361.0,256.0,361.0,864.0,1399.6544697638838,45666.4695708712,cheap,0.0001080259999071,0.2954424909999034,0.0,0.0,0.0,0.0,0.0,0.0
synthetic_true_func_2d_n10000000,1e-05,btab_boxeig_topk_4096_q128,boxeig,c1,topk_4096,expanded_box,4096.0,5329.0,4096.0,5329.0,30392.0,98.38542462466822,212413.9475908336,cheap,0.052556837999873,1.3764793259999806,128.0,0.0,128.0,0.0,128.0,0.0
synthetic_true_func_2d_n10000000,1e-05,btab_boxeig_topk_4096_q192,boxeig,c1,topk_4096,expanded_box,4096.0,5329.0,4096.0,5329.0,30392.0,98.38542462466822,212413.9475908336,cheap,0.0781815899999855,1.1800671630001034,192.0,0.0,192.0,0.0,192.0,0.0
synthetic_true_func_2d_n10000000,1e-05,btab_boxeig_topk_4096_q256,boxeig,c1,topk_4096,expanded_box,4096.0,5329.0,4096.0,5329.0,30392.0,98.38542462466822,212413.9475908336,cheap,0.1034119179998924,1.0839164629999232,256.0,0.0,256.0,0.0,256.0,0.0
synthetic_true_func_2d_n10000000,1e-05,btab_auto_topk_4096,inverse,c1,topk_4096,expanded_box,4096.0,5329.0,4096.0,5329.0,30392.0,98.38542462466822,212413.9475908336,cheap,0.0002695910000056,1.1487622880001709,0.0,0.0,0.0,0.0,0.0,0.0
synthetic_true_func_2d_n10000000,1e-05,btab_boxeig_topk_512_q64,boxeig,c1,topk_512,expanded_box,512.0,625.0,512.0,625.0,600.0,8.29312041385632,248.37596966546403,cheap,0.0257463439997991,1.2610498849999203,64.0,0.0,64.0,0.0,64.0,0.0
synthetic_true_func_2d_n10000000,1e-05,btab_boxeig_topk_512_q128,boxeig,c1,topk_512,expanded_box,512.0,625.0,512.0,625.0,600.0,8.29312041385632,248.37596966546403,cheap,0.0500400450000597,0.6660808020001241,128.0,0.0,128.0,0.0,128.0,0.0
synthetic_true_func_2d_n10000000,1e-05,btab_boxeig_topk_512_q256,boxeig,c1,topk_512,expanded_box,512.0,625.0,512.0,625.0,600.0,8.29312041385632,248.37596966546403,cheap,0.1014698320000206,0.6759776449998753,256.0,0.0,256.0,0.0,256.0,0.0
synthetic_true_func_2d_n10000000,1e-05,btab_auto_topk_512,inverse,c1,topk_512,expanded_box,512.0,625.0,512.0,625.0,35096.0,13135.185441948206,4628907.069044906,cheap,0.0002913530001933,0.9541935560002912,0.0,0.0,0.0,0.0,0.0,0.0
synthetic_true_func_2d_n10000000,1e-05,btab_auto_topk_512,inverse,c1,topk_512,expanded_box,512.0,625.0,512.0,625.0,600.0,8.29312041385632,248.37596966546403,cheap,0.0001074699998753,0.1176652519998242,0.0,0.0,0.0,0.0,0.0,0.0
synthetic_true_func_2d_n10000000,1e-05,btab_boxeig_topk_64_q16,boxeig,c1,topk_64,expanded_box,64.0,81.0,64.0,81.0,1144.0,368979.47572778986,15513930.7765259,cheap,0.0072283059998881,3.490151005999905,16.0,0.0,16.0,0.0,16.0,0.0
synthetic_true_func_2d_n10000000,1e-05,btab_boxeig_topk_64_q32,boxeig,c1,topk_64,expanded_box,64.0,81.0,64.0,81.0,1144.0,368979.47572778986,15513930.7765259,cheap,0.0154661869996743,2.190223493999838,32.0,0.0,32.0,0.0,32.0,0.0
synthetic_true_func_2d_n10000000,1e-05,btab_auto_topk_64,inverse,c1,topk_64,expanded_box,64.0,81.0,64.0,81.0,1144.0,368979.47572778986,15513930.7765259,cheap,0.000120758000321,1.650975581000239,0.0,0.0,0.0,0.0,0.0,0.0
synthetic_true_func_2d_n10000000,1e-05,btab_auto_topk_728,inverse,c1,topk_728,expanded_box,728.0,961.0,728.0,961.0,34760.0,5269.585936640571,2604782.386696471,cheap,0.0002895039999657,0.6912074090000715,0.0,0.0,0.0,0.0,0.0,0.0
synthetic_true_func_2d_n10000000,1e-05,btab_boxeig_topk_8192_q128,boxeig,c1,topk_8192,expanded_box,8192.0,10609.0,8192.0,10609.0,25112.0,18.400346579650652,68148.36962691823,cheap,0.0534837929999412,1.263639588999922,128.0,0.0,128.0,0.0,128.0,0.0
synthetic_true_func_2d_n10000000,1e-05,btab_boxeig_topk_8192_q192,boxeig,c1,topk_8192,expanded_box,8192.0,10609.0,8192.0,10609.0,25112.0,18.400346579650652,68148.36962691823,cheap,0.0792480089999116,1.118623057999912,192.0,0.0,192.0,0.0,192.0,0.0
synthetic_true_func_2d_n10000000,1e-05,btab_boxeig_topk_8192_q256,boxeig,c1,topk_8192,expanded_box,8192.0,10609.0,8192.0,10609.0,25112.0,18.400346579650652,68148.36962691823,cheap,0.1084545840001283,1.092643728000212,256.0,0.0,256.0,0.0,256.0,0.0
synthetic_true_func_2d_n100000000,1e-05,btab_auto_topk_1024,inverse,c1,topk_1024,expanded_box,1024.0,1225.0,1024.0,1225.0,0.0,0.0,0.0,cheap,5.070899987913435e-05,0.5575013400002717,0.0,0.0,0.0,0.0,0.0,0.0
synthetic_true_func_2d_n100000000,1e-05,btab_boxeig_topk_128_q16,boxeig,c1,topk_128,expanded_box,128.0,169.0,128.0,169.0,1056.0,619852.5245380028,23220285.04443669,cheap,0.0074675559999377,3.896570983999936,16.0,0.0,16.0,0.0,16.0,0.0
synthetic_true_func_2d_n100000000,1e-05,btab_boxeig_topk_128_q32,boxeig,c1,topk_128,expanded_box,128.0,169.0,128.0,169.0,1056.0,619852.5245380029,23220285.04443669,cheap,0.0135315080001419,2.746713043999989,32.0,0.0,32.0,0.0,32.0,0.0
synthetic_true_func_2d_n100000000,1e-05,btab_boxeig_topk_128_q64,boxeig,c1,topk_128,expanded_box,128.0,169.0,128.0,169.0,1056.0,619852.5245380028,23220285.04443669,cheap,0.0258470710000437,2.089754749999884,64.0,0.0,64.0,0.0,64.0,0.0
synthetic_true_func_2d_n100000000,1e-05,btab_auto_topk_128,inverse,c1,topk_128,expanded_box,128.0,169.0,128.0,169.0,1056.0,619852.5245380028,23220285.04443669,cheap,0.0001332759998149,2.100362159999804,0.0,0.0,0.0,0.0,0.0,0.0
synthetic_true_func_2d_n100000000,1e-05,btab_boxeig_topk_16384_q192,boxeig,c1,topk_16384,expanded_box,16384.0,21025.0,16384.0,21025.0,14696.0,34.18047233000268,160856.4416384892,cheap,0.078115438000168,1.8041235100004087,192.0,0.0,192.0,0.0,192.0,0.0
synthetic_true_func_2d_n100000000,1e-05,btab_boxeig_topk_16384_q256,boxeig,c1,topk_16384,expanded_box,16384.0,21025.0,16384.0,21025.0,14696.0,34.18047233000268,160856.4416384892,cheap,0.1003688430000693,1.6826920439998505,256.0,0.0,256.0,0.0,256.0,0.0
synthetic_true_func_2d_n100000000,1e-05,btab_auto_topk_2048,inverse,c1,topk_2048,expanded_box,2048.0,2601.0,2048.0,2601.0,33120.0,5454.774475023667,6302111.968147907,cheap,0.0003951410003537,1.3991807220004375,0.0,0.0,0.0,0.0,0.0,0.0
synthetic_true_func_2d_n100000000,1e-05,btab_boxeig_topk_20480_q192,boxeig,c1,topk_20480,expanded_box,20480.0,25921.0,20480.0,25921.0,9800.0,20.372483816026225,81911.19717359895,cheap,0.0793352299997423,1.7205330289998528,192.0,0.0,192.0,0.0,192.0,0.0
synthetic_true_func_2d_n100000000,1e-05,btab_boxeig_topk_20480_q256,boxeig,c1,topk_20480,expanded_box,20480.0,25921.0,20480.0,25921.0,9800.0,20.372483816026225,81911.19717359895,cheap,0.1088713560002361,1.6852426280001964,256.0,0.0,256.0,0.0,256.0,0.0
synthetic_true_func_2d_n100000000,1e-05,btab_boxeig_topk_20480_q320,boxeig,c1,topk_20480,expanded_box,20480.0,25921.0,20480.0,25921.0,9800.0,20.372483816026225,81911.19717359895,cheap,0.1342220350002207,1.7040034020001258,320.0,0.0,320.0,0.0,320.0,0.0
synthetic_true_func_2d_n100000000,1e-05,btab_boxeig_topk_256_q32,boxeig,c1,topk_256,expanded_box,256.0,361.0,256.0,361.0,864.0,13996.56075134058,456665.2918695312,cheap,0.0136289960000794,4.682010300999991,32.0,0.0,32.0,0.0,32.0,0.0
synthetic_true_func_2d_n100000000,1e-05,btab_boxeig_topk_256_q64,boxeig,c1,topk_256,expanded_box,256.0,361.0,256.0,361.0,864.0,13996.56075134058,456665.2918695312,cheap,0.0268255739997584,2.671926466000059,64.0,0.0,64.0,0.0,64.0,0.0
synthetic_true_func_2d_n100000000,1e-05,btab_boxeig_topk_256_q128,boxeig,c1,topk_256,expanded_box,256.0,361.0,256.0,361.0,864.0,13996.56075134058,456665.2918695312,cheap,0.0509811400002035,1.5562204090001617,128.0,0.0,128.0,0.0,128.0,0.0
synthetic_true_func_2d_n100000000,1e-05,btab_auto_topk_256,inverse,c1,topk_256,expanded_box,256.0,361.0,256.0,361.0,864.0,13996.56075134058,456665.2918695312,cheap,0.0001343300000371,0.7656378500000756,0.0,0.0,0.0,0.0,0.0,0.0
synthetic_true_func_2d_n100000000,1e-05,btab_boxeig_topk_32768_q192,boxeig,c1,topk_32768,expanded_box,32768.0,35721.0,32768.0,35721.0,0.0,0.0,0.0,cheap,0.0813037150001037,1.554752505000124,192.0,0.0,192.0,0.0,192.0,0.0
synthetic_true_func_2d_n100000000,1e-05,btab_boxeig_topk_32768_q256,boxeig,c1,topk_32768,expanded_box,32768.0,35721.0,32768.0,35721.0,0.0,0.0,0.0,cheap,0.1100304749998031,1.523732142999961,256.0,0.0,256.0,0.0,256.0,0.0
synthetic_true_func_2d_n100000000,1e-05,btab_boxeig_topk_32768_q320,boxeig,c1,topk_32768,expanded_box,32768.0,35721.0,32768.0,35721.0,0.0,0.0,0.0,cheap,0.1369882520002647,1.5540796620002766,320.0,0.0,320.0,0.0,320.0,0.0
synthetic_true_func_2d_n100000000,1e-05,btab_boxeig_topk_35721_q192,boxeig,c1,topk_35721,expanded_box,35721.0,35721.0,35721.0,35721.0,0.0,0.0,0.0,cheap,0.0811675119998653,1.510752119999779,192.0,0.0,192.0,0.0,192.0,0.0
synthetic_true_func_2d_n100000000,1e-05,btab_boxeig_topk_35721_q256,boxeig,c1,topk_35721,expanded_box,35721.0,35721.0,35721.0,35721.0,0.0,0.0,0.0,cheap,0.1067093990000103,1.501846306999596,256.0,0.0,256.0,0.0,256.0,0.0
synthetic_true_func_2d_n100000000,1e-05,btab_boxeig_topk_35721_q320,boxeig,c1,topk_35721,expanded_box,35721.0,35721.0,35721.0,35721.0,0.0,0.0,0.0,cheap,0.1329085480001595,1.5435064590001275,320.0,0.0,320.0,0.0,320.0,0.0
synthetic_true_func_2d_n100000000,1e-05,btab_boxeig_topk_4096_q128,boxeig,c1,topk_4096,expanded_box,4096.0,5329.0,4096.0,5329.0,30392.0,983.85446104064,2124139.946790332,cheap,0.0523157699999501,2.0388956369997686,128.0,0.0,128.0,0.0,128.0,0.0
synthetic_true_func_2d_n100000000,1e-05,btab_boxeig_topk_4096_q192,boxeig,c1,topk_4096,expanded_box,4096.0,5329.0,4096.0,5329.0,30392.0,983.85446104064,2124139.946790332,cheap,0.0784747089996926,2.3100367469996854,192.0,0.0,192.0,0.0,192.0,0.0
synthetic_true_func_2d_n100000000,1e-05,btab_auto_topk_4096,inverse,c1,topk_4096,expanded_box,4096.0,5329.0,4096.0,5329.0,30392.0,983.85446104064,2124139.946790332,cheap,0.0003011409999089,1.753566326000055,0.0,0.0,0.0,0.0,0.0,0.0
synthetic_true_func_2d_n100000000,1e-05,btab_boxeig_topk_512_q64,boxeig,c1,topk_512,expanded_box,512.0,625.0,512.0,625.0,600.0,82.93137509464714,2483.7651711344743,cheap,0.0257196840002507,2.4394061890002376,64.0,0.0,64.0,0.0,64.0,0.0
synthetic_true_func_2d_n100000000,1e-05,btab_boxeig_topk_512_q128,boxeig,c1,topk_512,expanded_box,512.0,625.0,512.0,625.0,600.0,82.93137509464714,2483.7651711344743,cheap,0.0515723759999673,2.030489552999825,128.0,0.0,128.0,0.0,128.0,0.0
synthetic_true_func_2d_n100000000,1e-05,btab_boxeig_topk_512_q256,boxeig,c1,topk_512,expanded_box,512.0,625.0,512.0,625.0,600.0,82.93137509464714,2483.7651711344733,cheap,0.0995402489998014,1.1925391589998071,256.0,0.0,256.0,0.0,256.0,0.0
synthetic_true_func_2d_n100000000,1e-05,btab_auto_topk_512,inverse,c1,topk_512,expanded_box,512.0,625.0,512.0,625.0,600.0,82.93137509464714,2483.7651711344733,cheap,0.0001406179999321,0.6098034429996915,0.0,0.0,0.0,0.0,0.0,0.0
synthetic_true_func_2d_n100000000,1e-05,btab_boxeig_topk_64_q16,boxeig,c1,topk_64,expanded_box,64.0,81.0,64.0,81.0,1144.0,3689795.321874343,155139358.11874732,cheap,0.0074808069998653,4.566089400999772,16.0,0.0,16.0,0.0,16.0,0.0
synthetic_true_func_2d_n100000000,1e-05,btab_boxeig_topk_64_q32,boxeig,c1,topk_64,expanded_box,64.0,81.0,64.0,81.0,1144.0,3689795.321874343,155139358.11874732,cheap,0.0133931149998716,2.7483426669996334,32.0,0.0,32.0,0.0,32.0,0.0
synthetic_true_func_2d_n100000000,1e-05,btab_auto_topk_64,inverse,c1,topk_64,expanded_box,64.0,81.0,64.0,81.0,1144.0,3689795.321874344,155139358.11874735,cheap,0.0001374489997942,2.227108682999642,0.0,0.0,0.0,0.0,0.0,0.0
synthetic_true_func_2d_n100000000,1e-05,btab_boxeig_topk_8192_q128,boxeig,c1,topk_8192,expanded_box,8192.0,10609.0,8192.0,10609.0,25112.0,184.0035066531191,681483.8486543928,cheap,0.0531757730000208,1.7783732600000803,128.0,0.0,128.0,0.0,128.0,0.0
synthetic_true_func_2d_n100000000,1e-05,btab_boxeig_topk_8192_q192,boxeig,c1,topk_8192,expanded_box,8192.0,10609.0,8192.0,10609.0,25112.0,184.0035066531191,681483.8486543928,cheap,0.0796666239998558,1.6186154889996942,192.0,0.0,192.0,0.0,192.0,0.0
synthetic_true_func_2d_n3000000,1e-05,btab_boxeig_topk_1024_q64,boxeig,c1,topk_1024,expanded_box,1024.0,1369.0,1024.0,1369.0,34352.0,720.4550297588038,477730.6211788942,cheap,0.0267813469999964,1.3871746180000173,64.0,0.0,64.0,0.0,64.0,0.0
synthetic_true_func_2d_n3000000,1e-05,btab_boxeig_topk_1024_q128,boxeig,c1,topk_1024,expanded_box,1024.0,1369.0,1024.0,1369.0,34352.0,720.4550297588038,477730.6211788942,cheap,0.0517612099999951,1.0376214020000134,128.0,0.0,128.0,0.0,128.0,0.0
synthetic_true_func_2d_n3000000,1e-05,btab_auto_topk_1024,inverse,c1,topk_1024,expanded_box,1024.0,1369.0,1024.0,1369.0,34352.0,720.4550297588038,477730.6211788942,cheap,0.0002724610001223,0.3940699390000191,0.0,0.0,0.0,0.0,0.0,0.0
synthetic_true_func_2d_n3000000,1e-05,btab_auto_topk_1024,inverse,c1,topk_1024,expanded_box,1024.0,1225.0,1024.0,1225.0,0.0,0.0,0.0,cheap,2.8238000140845543e-05,0.0826265300001978,0.0,0.0,0.0,0.0,0.0,0.0
synthetic_true_func_2d_n3000000,1e-05,btab_boxeig_topk_128_q16,boxeig,c1,topk_128,expanded_box,128.0,169.0,128.0,169.0,1056.0,18595.523419591827,696605.8757319889,cheap,0.007218477999686,2.625411642999552,16.0,0.0,16.0,0.0,16.0,0.0
synthetic_true_func_2d_n3000000,1e-05,btab_boxeig_topk_128_q32,boxeig,c1,topk_128,expanded_box,128.0,169.0,128.0,169.0,1056.0,18595.523419591827,696605.8757319889,cheap,0.0140116949996809,1.865575171999808,32.0,0.0,32.0,0.0,32.0,0.0
synthetic_true_func_2d_n3000000,1e-05,btab_boxeig_topk_128_q64,boxeig,c1,topk_128,expanded_box,128.0,169.0,128.0,169.0,1056.0,18595.523419591827,696605.8757319889,cheap,0.0260957299997244,1.0106965729996773,64.0,0.0,64.0,0.0,64.0,0.0
synthetic_true_func_2d_n3000000,1e-05,btab_auto_topk_128,inverse,c1,topk_128,expanded_box,128.0,169.0,128.0,169.0,1056.0,18595.523419591827,696605.8757319889,cheap,0.0001068470000973,0.8127517620000617,0.0,0.0,0.0,0.0,0.0,0.0
synthetic_true_func_2d_n3000000,1e-05,btab_boxeig_topk_16384_q128,boxeig,c1,topk_16384,expanded_box,16384.0,21025.0,16384.0,21025.0,14696.0,1.0254127984276915,4825.686777746747,cheap,0.0529233230001864,1.2304422570000495,128.0,0.0,128.0,0.0,128.0,0.0
synthetic_true_func_2d_n3000000,1e-05,btab_boxeig_topk_16384_q192,boxeig,c1,topk_16384,expanded_box,16384.0,21025.0,16384.0,21025.0,14696.0,1.0254127984276915,4825.686777746747,cheap,0.0780960279998908,2.369494924999799,192.0,0.0,192.0,0.0,192.0,0.0
synthetic_true_func_2d_n3000000,1e-05,btab_boxeig_topk_16384_q256,boxeig,c1,topk_16384,expanded_box,16384.0,21025.0,16384.0,21025.0,14696.0,1.0254127984276915,4825.686777746747,cheap,0.1026761860000533,0.9667433199999778,256.0,0.0,256.0,0.0,256.0,0.0
synthetic_true_func_2d_n3000000,1e-05,btab_boxeig_topk_2048_q64,boxeig,c1,topk_2048,expanded_box,2048.0,2601.0,2048.0,2601.0,33120.0,163.6430282154797,189063.11327739028,cheap,0.0266779099999894,1.5591829410000173,64.0,0.0,64.0,0.0,64.0,0.0
synthetic_true_func_2d_n3000000,1e-05,btab_boxeig_topk_2048_q128,boxeig,c1,topk_2048,expanded_box,2048.0,2601.0,2048.0,2601.0,33120.0,163.6430282154797,189063.11327739028,cheap,0.0514372390000517,0.9083832530000108,128.0,0.0,128.0,0.0,128.0,0.0
synthetic_true_func_2d_n3000000,1e-05,btab_boxeig_topk_2048_q192,boxeig,c1,topk_2048,expanded_box,2048.0,2601.0,2048.0,2601.0,33120.0,163.6430282154797,189063.11327739028,cheap,0.0767832950000411,0.916352077000056,192.0,0.0,192.0,0.0,192.0,0.0
synthetic_true_func_2d_n3000000,1e-05,btab_auto_topk_2048,inverse,c1,topk_2048,expanded_box,2048.0,2601.0,2048.0,2601.0,33120.0,163.6430282154797,189063.11327739028,cheap,0.0002813539999806,0.4448785629999747,0.0,0.0,0.0,0.0,0.0,0.0
synthetic_true_func_2d_n3000000,1e-05,btab_boxeig_topk_256_q32,boxeig,c1,topk_256,expanded_box,256.0,361.0,256.0,361.0,864.0,419.8939462811797,13699.851945074246,cheap,0.0132796769999004,1.915913671999988,32.0,0.0,32.0,0.0,32.0,0.0
synthetic_true_func_2d_n3000000,1e-05,btab_boxeig_topk_256_q64,boxeig,c1,topk_256,expanded_box,256.0,361.0,256.0,361.0,864.0,419.8939462811797,13699.851945074246,cheap,0.0257358310000199,1.1033886189998157,64.0,0.0,64.0,0.0,64.0,0.0
synthetic_true_func_2d_n3000000,1e-05,btab_boxeig_topk_256_q128,boxeig,c1,topk_256,expanded_box,256.0,361.0,256.0,361.0,864.0,419.8939462811797,13699.851945074246,cheap,0.0510327160000088,0.5968191460001435,128.0,0.0,128.0,0.0,128.0,0.0
synthetic_true_func_2d_n3000000,1e-05,btab_auto_topk_256,inverse,c1,topk_256,expanded_box,256.0,361.0,256.0,361.0,864.0,419.8939462811797,13699.851945074246,cheap,9.256700013793306e-05,0.2056698510004935,0.0,0.0,0.0,0.0,0.0,0.0
synthetic_true_func_2d_n3000000,1e-05,btab_boxeig_topk_4096_q128,boxeig,c1,topk_4096,expanded_box,4096.0,5329.0,4096.0,5329.0,30392.0,29.51559534762896,63724.11403807059,cheap,0.051499860000149,1.0021763240001746,128.0,0.0,128.0,0.0,128.0,0.0
synthetic_true_func_2d_n3000000,1e-05,btab_boxeig_topk_4096_q192,boxeig,c1,topk_4096,expanded_box,4096.0,5329.0,4096.0,5329.0,30392.0,29.51559534762896,63724.11403807059,cheap,0.0775506139998469,0.909844948999762,192.0,0.0,192.0,0.0,192.0,0.0
synthetic_true_func_2d_n3000000,1e-05,btab_boxeig_topk_4096_q256,boxeig,c1,topk_4096,expanded_box,4096.0,5329.0,4096.0,5329.0,30392.0,29.51559534762896,63724.11403807059,cheap,0.10412261700003,1.1517178699998567,256.0,0.0,256.0,0.0,256.0,0.0
synthetic_true_func_2d_n3000000,1e-05,btab_auto_topk_4096,inverse,c1,topk_4096,expanded_box,4096.0,5329.0,4096.0,5329.0,30392.0,29.51559534762896,63724.11403807059,cheap,0.0002879520000078,1.0709412409999004,0.0,0.0,0.0,0.0,0.0,0.0
synthetic_true_func_2d_n3000000,1e-05,btab_boxeig_topk_512_q64,boxeig,c1,topk_512,expanded_box,512.0,625.0,512.0,625.0,600.0,2.487910623589181,74.51197430233907,cheap,0.0260015909998401,0.879239589000008,64.0,0.0,64.0,0.0,64.0,0.0
synthetic_true_func_2d_n3000000,1e-05,btab_boxeig_topk_512_q128,boxeig,c1,topk_512,expanded_box,512.0,625.0,512.0,625.0,600.0,2.487910623589181,74.51197430233907,cheap,0.0513856329998816,0.5553908769998088,128.0,0.0,128.0,0.0,128.0,0.0
synthetic_true_func_2d_n3000000,1e-05,btab_boxeig_topk_512_q256,boxeig,c1,topk_512,expanded_box,512.0,625.0,512.0,625.0,600.0,2.487910623589182,74.51197430233907,cheap,0.111337487000128,0.6452039559999321,256.0,0.0,256.0,0.0,256.0,0.0
synthetic_true_func_2d_n3000000,1e-05,btab_auto_topk_512,inverse,c1,topk_512,expanded_box,512.0,625.0,512.0,625.0,35096.0,3940.552263332592,1388670.769006471,cheap,0.000292945999945,0.5907537929999762,0.0,0.0,0.0,0.0,0.0,0.0
synthetic_true_func_2d_n3000000,1e-05,btab_auto_topk_512,inverse,c1,topk_512,expanded_box,512.0,625.0,512.0,625.0,600.0,2.487910623589181,74.51197430233907,cheap,8.949999983087764e-05,0.0728604430000814,0.0,0.0,0.0,0.0,0.0,0.0
synthetic_true_func_2d_n3000000,1e-05,btab_boxeig_topk_64_q16,boxeig,c1,topk_64,expanded_box,64.0,81.0,64.0,81.0,1144.0,110693.75850009914,4654171.721969675,cheap,0.0071527249997416,2.480151896999814,16.0,0.0,16.0,0.0,16.0,0.0
synthetic_true_func_2d_n3000000,1e-05,btab_boxeig_topk_64_q32,boxeig,c1,topk_64,expanded_box,64.0,81.0,64.0,81.0,1144.0,110693.75850009914,4654171.721969675,cheap,0.0134982300000956,1.7649114860000736,32.0,0.0,32.0,0.0,32.0,0.0
synthetic_true_func_2d_n3000000,1e-05,btab_auto_topk_64,inverse,c1,topk_64,expanded_box,64.0,81.0,64.0,81.0,1144.0,110693.75850009914,4654171.721969675,cheap,0.0001001209998321,1.3328965399996378,0.0,0.0,0.0,0.0,0.0,0.0
synthetic_true_func_2d_n3000000,1e-05,btab_auto_topk_728,inverse,c1,topk_728,expanded_box,728.0,961.0,728.0,961.0,34760.0,1580.8742994619804,781433.9185840107,cheap,0.0003087109998887,0.5107111549998535,0.0,0.0,0.0,0.0,0.0,0.0
synthetic_true_func_2d_n3000000,1e-05,btab_boxeig_topk_8192_q128,boxeig,c1,topk_8192,expanded_box,8192.0,10609.0,8192.0,10609.0,25112.0,5.520097879512786,20444.488157514184,cheap,0.0535897629999908,1.1052596330000597,128.0,0.0,128.0,0.0,128.0,0.0
synthetic_true_func_2d_n3000000,1e-05,btab_boxeig_topk_8192_q192,boxeig,c1,topk_8192,expanded_box,8192.0,10609.0,8192.0,10609.0,25112.0,5.520097879512786,20444.488157514184,cheap,0.078216809999958,1.138771972000086,192.0,0.0,192.0,0.0,192.0,0.0
synthetic_true_func_2d_n3000000,1e-05,btab_boxeig_topk_8192_q256,boxeig,c1,topk_8192,expanded_box,8192.0,10609.0,8192.0,10609.0,25112.0,5.520097879512786,20444.488157514184,cheap,0.1398124510001253,1.5718847720002032,256.0,0.0,256.0,0.0,256.0,0.0
synthetic_true_func_2d_n30000000,1e-05,btab_boxeig_topk_1024_q64,boxeig,c1,topk_1024,expanded_box,1024.0,1369.0,1024.0,1369.0,34352.0,7204.5585500542375,4777312.023860485,cheap,0.0266407239998898,1.9695228969999332,64.0,0.0,64.0,0.0,64.0,0.0
synthetic_true_func_2d_n30000000,1e-05,btab_boxeig_topk_1024_q128,boxeig,c1,topk_1024,expanded_box,1024.0,1369.0,1024.0,1369.0,34352.0,7204.558550054237,4777312.023860484,cheap,0.0519161639999765,2.0804882359998373,128.0,0.0,128.0,0.0,128.0,0.0
synthetic_true_func_2d_n30000000,1e-05,btab_auto_topk_1024,inverse,c1,topk_1024,expanded_box,1024.0,1369.0,1024.0,1369.0,34352.0,7204.5585500542375,4777312.023860485,cheap,0.0003102649998254,0.8855196319998413,0.0,0.0,0.0,0.0,0.0,0.0
synthetic_true_func_2d_n30000000,1e-05,btab_auto_topk_1024,inverse,c1,topk_1024,expanded_box,1024.0,1225.0,1024.0,1225.0,0.0,0.0,0.0,cheap,4.9682999815559015e-05,0.2127998399996613,0.0,0.0,0.0,0.0,0.0,0.0
synthetic_true_func_2d_n30000000,1e-05,btab_boxeig_topk_128_q16,boxeig,c1,topk_128,expanded_box,128.0,169.0,128.0,169.0,1056.0,185955.7394826137,6966084.598963795,cheap,0.0077046759997756,3.407749209999565,16.0,0.0,16.0,0.0,16.0,0.0
synthetic_true_func_2d_n30000000,1e-05,btab_boxeig_topk_128_q32,boxeig,c1,topk_128,expanded_box,128.0,169.0,128.0,169.0,1056.0,185955.7394826137,6966084.598963795,cheap,0.0134688690000075,2.9918757190002907,32.0,0.0,32.0,0.0,32.0,0.0
synthetic_true_func_2d_n30000000,1e-05,btab_boxeig_topk_128_q64,boxeig,c1,topk_128,expanded_box,128.0,169.0,128.0,169.0,1056.0,185955.7394826137,6966084.598963795,cheap,0.0258666750000884,1.4988696340001295,64.0,0.0,64.0,0.0,64.0,0.0
synthetic_true_func_2d_n30000000,1e-05,btab_auto_topk_128,inverse,c1,topk_128,expanded_box,128.0,169.0,128.0,169.0,1056.0,185955.7394826137,6966084.598963795,cheap,0.0001491140001235,1.3130136790005054,0.0,0.0,0.0,0.0,0.0,0.0
synthetic_true_func_2d_n30000000,1e-05,btab_boxeig_topk_16384_q128,boxeig,c1,topk_16384,expanded_box,16384.0,21025.0,16384.0,21025.0,14696.0,10.254141230310388,48256.93027999156,cheap,0.0520053180000559,1.5213449700002002,128.0,0.0,128.0,0.0,128.0,0.0
synthetic_true_func_2d_n30000000,1e-05,btab_boxeig_topk_16384_q192,boxeig,c1,topk_16384,expanded_box,16384.0,21025.0,16384.0,21025.0,14696.0,10.254141230310388,48256.93027999157,cheap,0.0799218869999549,1.3086874399998578,192.0,0.0,192.0,0.0,192.0,0.0
synthetic_true_func_2d_n30000000,1e-05,btab_boxeig_topk_16384_q256,boxeig,c1,topk_16384,expanded_box,16384.0,21025.0,16384.0,21025.0,14696.0,10.254141230310388,48256.93027999157,cheap,0.1038712950000899,2.6222241099999337,256.0,0.0,256.0,0.0,256.0,0.0
synthetic_true_func_2d_n30000000,1e-05,btab_boxeig_topk_2048_q64,boxeig,c1,topk_2048,expanded_box,2048.0,2601.0,2048.0,2601.0,33120.0,1636.432272096108,1890633.506455327,cheap,0.026043257000083,2.159601778000024,64.0,0.0,64.0,0.0,64.0,0.0
synthetic_true_func_2d_n30000000,1e-05,btab_boxeig_topk_2048_q128,boxeig,c1,topk_2048,expanded_box,2048.0,2601.0,2048.0,2601.0,33120.0,1636.432272096108,1890633.506455327,cheap,0.0506941319999896,1.487094393999996,128.0,0.0,128.0,0.0,128.0,0.0
synthetic_true_func_2d_n30000000,1e-05,btab_boxeig_topk_2048_q192,boxeig,c1,topk_2048,expanded_box,2048.0,2601.0,2048.0,2601.0,33120.0,1636.4322720961084,1890633.506455327,cheap,0.0750534090000201,1.3436275940000542,192.0,0.0,192.0,0.0,192.0,0.0
synthetic_true_func_2d_n30000000,1e-05,btab_auto_topk_2048,inverse,c1,topk_2048,expanded_box,2048.0,2601.0,2048.0,2601.0,33120.0,1636.432272096108,1890633.506455327,cheap,0.0003244520000862,0.8031978750002509,0.0,0.0,0.0,0.0,0.0,0.0
synthetic_true_func_2d_n30000000,1e-05,btab_boxeig_topk_256_q32,boxeig,c1,topk_256,expanded_box,256.0,361.0,256.0,361.0,864.0,4198.967242460273,136999.55105890476,cheap,0.0136347699999532,3.3235681999999542,32.0,0.0,32.0,0.0,32.0,0.0
synthetic_true_func_2d_n30000000,1e-05,btab_boxeig_topk_256_q64,boxeig,c1,topk_256,expanded_box,256.0,361.0,256.0,361.0,864.0,4198.967242460273,136999.55105890476,cheap,0.0261174140000548,2.051661492000221,64.0,0.0,64.0,0.0,64.0,0.0
synthetic_true_func_2d_n30000000,1e-05,btab_boxeig_topk_256_q128,boxeig,c1,topk_256,expanded_box,256.0,361.0,256.0,361.0,864.0,4198.967242460273,136999.55105890476,cheap,0.0507916919996205,1.024126270999659,128.0,0.0,128.0,0.0,128.0,0.0
synthetic_true_func_2d_n30000000,1e-05,btab_auto_topk_256,inverse,c1,topk_256,expanded_box,256.0,361.0,256.0,361.0,864.0,4198.967242460273,136999.55105890476,cheap,0.000125429000036,0.449655507999978,0.0,0.0,0.0,0.0,0.0,0.0
synthetic_true_func_2d_n30000000,1e-05,btab_boxeig_topk_4096_q128,boxeig,c1,topk_4096,expanded_box,4096.0,5329.0,4096.0,5329.0,30392.0,295.1563251607136,637241.9552057745,cheap,0.051819850000129,1.405693487000235,128.0,0.0,128.0,0.0,128.0,0.0
synthetic_true_func_2d_n30000000,1e-05,btab_boxeig_topk_4096_q192,boxeig,c1,topk_4096,expanded_box,4096.0,5329.0,4096.0,5329.0,30392.0,295.15632516071355,637241.9552057744,cheap,0.0782442790000459,1.2454912700000025,192.0,0.0,192.0,0.0,192.0,0.0
synthetic_true_func_2d_n30000000,1e-05,btab_boxeig_topk_4096_q256,boxeig,c1,topk_4096,expanded_box,4096.0,5329.0,4096.0,5329.0,30392.0,295.15632516071355,637241.9552057744,cheap,0.1033232219999717,2.251482589000034,256.0,0.0,256.0,0.0,256.0,0.0
synthetic_true_func_2d_n30000000,1e-05,btab_auto_topk_4096,inverse,c1,topk_4096,expanded_box,4096.0,5329.0,4096.0,5329.0,30392.0,295.1563251607136,637241.9552057745,cheap,0.0002766140000858,1.3032128330000887,0.0,0.0,0.0,0.0,0.0,0.0
synthetic_true_func_2d_n30000000,1e-05,btab_boxeig_topk_512_q64,boxeig,c1,topk_512,expanded_box,512.0,625.0,512.0,625.0,600.0,24.879402061028987,745.1292161467543,cheap,0.0259775690001333,1.6794350390000543,64.0,0.0,64.0,0.0,64.0,0.0
synthetic_true_func_2d_n30000000,1e-05,btab_boxeig_topk_512_q128,boxeig,c1,topk_512,expanded_box,512.0,625.0,512.0,625.0,600.0,24.879402061028987,745.1292161467543,cheap,0.0502721570001085,0.904286374000094,128.0,0.0,128.0,0.0,128.0,0.0
synthetic_true_func_2d_n30000000,1e-05,btab_boxeig_topk_512_q256,boxeig,c1,topk_512,expanded_box,512.0,625.0,512.0,625.0,600.0,24.879402061028987,745.1292161467543,cheap,0.1002252709999993,0.7996675190001952,256.0,0.0,256.0,0.0,256.0,0.0
synthetic_true_func_2d_n30000000,1e-05,btab_auto_topk_512,inverse,c1,topk_512,expanded_box,512.0,625.0,512.0,625.0,35096.0,39405.56171907305,13886723.3708392,cheap,0.0003455319999829,1.450364714999978,0.0,0.0,0.0,0.0,0.0,0.0
synthetic_true_func_2d_n30000000,1e-05,btab_auto_topk_512,inverse,c1,topk_512,expanded_box,512.0,625.0,512.0,625.0,600.0,24.879402061028987,745.1292161467543,cheap,0.0001390510001328,0.2332105049999882,0.0,0.0,0.0,0.0,0.0,0.0
synthetic_true_func_2d_n30000000,1e-05,btab_boxeig_topk_64_q16,boxeig,c1,topk_64,expanded_box,64.0,81.0,64.0,81.0,1144.0,1106938.5619929968,46541804.35256325,cheap,0.0076763860001847,4.640350916000443,16.0,0.0,16.0,0.0,16.0,0.0
synthetic_true_func_2d_n30000000,1e-05,btab_boxeig_topk_64_q32,boxeig,c1,topk_64,expanded_box,64.0,81.0,64.0,81.0,1144.0,1106938.5619929968,46541804.35256325,cheap,0.0135799829999996,2.6647626949998084,32.0,0.0,32.0,0.0,32.0,0.0
synthetic_true_func_2d_n30000000,1e-05,btab_auto_topk_64,inverse,c1,topk_64,expanded_box,64.0,81.0,64.0,81.0,1144.0,1106938.5619929968,46541804.35256325,cheap,0.0001350090001324,2.2663227980001466,0.0,0.0,0.0,0.0,0.0,0.0
synthetic_true_func_2d_n30000000,1e-05,btab_auto_topk_728,inverse,c1,topk_728,expanded_box,728.0,961.0,728.0,961.0,34760.0,15808.760181436695,7814348.436543525,cheap,0.000322707000123,1.0399653190002027,0.0,0.0,0.0,0.0,0.0,0.0
synthetic_true_func_2d_n30000000,1e-05,btab_boxeig_topk_8192_q128,boxeig,c1,topk_8192,expanded_box,8192.0,10609.0,8192.0,10609.0,25112.0,55.20104949435302,204445.1452660237,cheap,0.0535276819998671,1.5455155160000231,128.0,0.0,128.0,0.0,128.0,0.0
synthetic_true_func_2d_n30000000,1e-05,btab_boxeig_topk_8192_q192,boxeig,c1,topk_8192,expanded_box,8192.0,10609.0,8192.0,10609.0,25112.0,55.20104949435302,204445.1452660237,cheap,0.0803068130001065,1.1495095940001647,192.0,0.0,192.0,0.0,192.0,0.0
synthetic_true_func_2d_n30000000,1e-05,btab_boxeig_topk_8192_q256,boxeig,c1,topk_8192,expanded_box,8192.0,10609.0,8192.0,10609.0,25112.0,55.20104949435302,204445.1452660237,cheap,0.1044261049999022,1.1330229580000832,256.0,0.0,256.0,0.0,256.0,0.0
synthetic_true_func_2d_n300000000,1e-05,btab_auto_topk_1024,inverse,c1,topk_1024,expanded_box,1024.0,1225.0,1024.0,1225.0,0.0,0.0,0.0,cheap,7.049600003483647e-05,1.5493649940001433,0.0,0.0,0.0,0.0,0.0,0.0
synthetic_true_func_2d_n300000000,1e-05,btab_boxeig_topk_128_q16,boxeig,c1,topk_128,expanded_box,128.0,169.0,128.0,169.0,1056.0,1859557.598424082,69660856.40216123,cheap,0.0075995089998741,5.694073218999847,16.0,0.0,16.0,0.0,16.0,0.0
synthetic_true_func_2d_n300000000,1e-05,btab_boxeig_topk_128_q32,boxeig,c1,topk_128,expanded_box,128.0,169.0,128.0,169.0,1056.0,1859557.598424082,69660856.40216123,cheap,0.0138874770000256,4.50317115200005,32.0,0.0,32.0,0.0,32.0,0.0
synthetic_true_func_2d_n300000000,1e-05,btab_boxeig_topk_128_q64,boxeig,c1,topk_128,expanded_box,128.0,169.0,128.0,169.0,1056.0,1859557.598424082,69660856.40216123,cheap,0.0262400760000218,3.5442907340000147,64.0,0.0,64.0,0.0,64.0,0.0
synthetic_true_func_2d_n300000000,1e-05,btab_auto_topk_128,inverse,c1,topk_128,expanded_box,128.0,169.0,128.0,169.0,1056.0,1859557.598424082,69660856.40216123,cheap,0.0001966629999969,2.559228530999917,0.0,0.0,0.0,0.0,0.0,0.0
synthetic_true_func_2d_n300000000,1e-05,btab_boxeig_topk_16384_q192,boxeig,c1,topk_16384,expanded_box,16384.0,21025.0,16384.0,21025.0,14696.0,102.54141764040138,482569.3279844036,cheap,0.0780690289998347,3.066550090999499,192.0,0.0,192.0,0.0,192.0,0.0
synthetic_true_func_2d_n300000000,1e-05,btab_boxeig_topk_16384_q256,boxeig,c1,topk_16384,expanded_box,16384.0,21025.0,16384.0,21025.0,14696.0,102.54141764040138,482569.3279844036,cheap,0.1020044209999468,3.828078800000185,256.0,0.0,256.0,0.0,256.0,0.0
synthetic_true_func_2d_n300000000,1e-05,btab_auto_topk_2048,inverse,c1,topk_2048,expanded_box,2048.0,2601.0,2048.0,2601.0,33120.0,16364.323522779092,18906336.020993832,cheap,0.0003660309998849,2.5754359520001344,0.0,0.0,0.0,0.0,0.0,0.0
synthetic_true_func_2d_n300000000,1e-05,btab_boxeig_topk_20480_q192,boxeig,c1,topk_20480,expanded_box,20480.0,25921.0,20480.0,25921.0,9800.0,61.117451836374016,245733.59308476455,cheap,0.0793358860000807,2.938813675999881,192.0,0.0,192.0,0.0,192.0,0.0
synthetic_true_func_2d_n300000000,1e-05,btab_boxeig_topk_20480_q256,boxeig,c1,topk_20480,expanded_box,20480.0,25921.0,20480.0,25921.0,9800.0,61.117451836374016,245733.59308476455,cheap,0.1064708490002885,2.7756779000005736,256.0,0.0,256.0,0.0,256.0,0.0
synthetic_true_func_2d_n300000000,1e-05,btab_boxeig_topk_20480_q320,boxeig,c1,topk_20480,expanded_box,20480.0,25921.0,20480.0,25921.0,9800.0,61.117451836374016,245733.59308476455,cheap,0.1336925139999039,2.735316942999816,320.0,0.0,320.0,0.0,320.0,0.0
synthetic_true_func_2d_n300000000,1e-05,btab_boxeig_topk_256_q32,boxeig,c1,topk_256,expanded_box,256.0,361.0,256.0,361.0,864.0,41989.683618032905,1369995.926261714,cheap,0.0137151909998465,6.848816822999879,32.0,0.0,32.0,0.0,32.0,0.0
synthetic_true_func_2d_n300000000,1e-05,btab_boxeig_topk_256_q64,boxeig,c1,topk_256,expanded_box,256.0,361.0,256.0,361.0,864.0,41989.683618032905,1369995.926261714,cheap,0.0264545780000844,4.2696440570000505,64.0,0.0,64.0,0.0,64.0,0.0
synthetic_true_func_2d_n300000000,1e-05,btab_boxeig_topk_256_q128,boxeig,c1,topk_256,expanded_box,256.0,361.0,256.0,361.0,864.0,41989.683618032905,1369995.926261714,cheap,0.0512292039998101,2.722502663999876,128.0,0.0,128.0,0.0,128.0,0.0
synthetic_true_func_2d_n300000000,1e-05,btab_auto_topk_256,inverse,c1,topk_256,expanded_box,256.0,361.0,256.0,361.0,864.0,41989.683618032905,1369995.926261714,cheap,0.000203971000019,1.884232955000016,0.0,0.0,0.0,0.0,0.0,0.0
synthetic_true_func_2d_n300000000,1e-05,btab_boxeig_topk_32768_q192,boxeig,c1,topk_32768,expanded_box,32768.0,35721.0,32768.0,35721.0,0.0,0.0,0.0,cheap,0.0818054249998567,2.5486463489996822,192.0,0.0,192.0,0.0,192.0,0.0
synthetic_true_func_2d_n300000000,1e-05,btab_boxeig_topk_32768_q256,boxeig,c1,topk_32768,expanded_box,32768.0,35721.0,32768.0,35721.0,0.0,0.0,0.0,cheap,0.1078150829998776,2.472412062999865,256.0,0.0,256.0,0.0,256.0,0.0
synthetic_true_func_2d_n300000000,1e-05,btab_boxeig_topk_32768_q320,boxeig,c1,topk_32768,expanded_box,32768.0,35721.0,32768.0,35721.0,0.0,0.0,0.0,cheap,0.133835179000016,2.622058475999893,320.0,0.0,320.0,0.0,320.0,0.0
synthetic_true_func_2d_n300000000,1e-05,btab_boxeig_topk_35721_q192,boxeig,c1,topk_35721,expanded_box,35721.0,35721.0,35721.0,35721.0,0.0,0.0,0.0,cheap,0.0815511809996678,3.766620519999833,192.0,0.0,192.0,0.0,192.0,0.0
synthetic_true_func_2d_n300000000,1e-05,btab_boxeig_topk_35721_q256,boxeig,c1,topk_35721,expanded_box,35721.0,35721.0,35721.0,35721.0,0.0,0.0,0.0,cheap,0.1096050490000379,2.458639549000054,256.0,0.0,256.0,0.0,256.0,0.0
synthetic_true_func_2d_n300000000,1e-05,btab_boxeig_topk_35721_q320,boxeig,c1,topk_35721,expanded_box,35721.0,35721.0,35721.0,35721.0,0.0,0.0,0.0,cheap,0.1346428799997738,2.5430638639995777,320.0,0.0,320.0,0.0,320.0,0.0
synthetic_true_func_2d_n300000000,1e-05,btab_boxeig_topk_4096_q128,boxeig,c1,topk_4096,expanded_box,4096.0,5329.0,4096.0,5329.0,30392.0,2951.5634013719923,6372419.880379716,cheap,0.0526964219998262,2.837637674999769,128.0,0.0,128.0,0.0,128.0,0.0
synthetic_true_func_2d_n300000000,1e-05,btab_boxeig_topk_4096_q192,boxeig,c1,topk_4096,expanded_box,4096.0,5329.0,4096.0,5329.0,30392.0,2951.5634013719923,6372419.880379716,cheap,0.0773573429996759,2.7827653189992816,192.0,0.0,192.0,0.0,192.0,0.0
synthetic_true_func_2d_n300000000,1e-05,btab_auto_topk_4096,inverse,c1,topk_4096,expanded_box,4096.0,5329.0,4096.0,5329.0,30392.0,2951.5634013719923,6372419.880379716,cheap,0.0003397140003471,2.89427020300036,0.0,0.0,0.0,0.0,0.0,0.0
synthetic_true_func_2d_n300000000,1e-05,btab_boxeig_topk_512_q64,boxeig,c1,topk_512,expanded_box,512.0,625.0,512.0,625.0,600.0,248.79413980932117,7451.295978545703,cheap,0.0261743039998236,4.045695363999812,64.0,0.0,64.0,0.0,64.0,0.0
synthetic_true_func_2d_n300000000,1e-05,btab_boxeig_topk_512_q128,boxeig,c1,topk_512,expanded_box,512.0,625.0,512.0,625.0,600.0,248.79413980932117,7451.295978545703,cheap,0.0503241399999296,2.529734221999888,128.0,0.0,128.0,0.0,128.0,0.0
synthetic_true_func_2d_n300000000,1e-05,btab_boxeig_topk_512_q256,boxeig,c1,topk_512,expanded_box,512.0,625.0,512.0,625.0,600.0,248.79413980932117,7451.295978545703,cheap,0.1000337539999236,2.226223461000018,256.0,0.0,256.0,0.0,256.0,0.0
synthetic_true_func_2d_n300000000,1e-05,btab_auto_topk_512,inverse,c1,topk_512,expanded_box,512.0,625.0,512.0,625.0,600.0,248.79413980932117,7451.295978545703,cheap,0.0001837049999267,1.6463983619999,0.0,0.0,0.0,0.0,0.0,0.0
synthetic_true_func_2d_n300000000,1e-05,btab_boxeig_topk_64_q16,boxeig,c1,topk_64,expanded_box,64.0,81.0,64.0,81.0,1144.0,11069386.013594236,465418078.63455087,cheap,0.0075884219997988,4.359567458999663,16.0,0.0,16.0,0.0,16.0,0.0
synthetic_true_func_2d_n300000000,1e-05,btab_boxeig_topk_64_q32,boxeig,c1,topk_64,expanded_box,64.0,81.0,64.0,81.0,1144.0,11069386.013594236,465418078.63455087,cheap,0.0137222129999372,3.9668463450000218,32.0,0.0,32.0,0.0,32.0,0.0
synthetic_true_func_2d_n300000000,1e-05,btab_auto_topk_64,inverse,c1,topk_64,expanded_box,64.0,81.0,64.0,81.0,1144.0,11069386.013594236,465418078.63455087,cheap,0.0002078670001992,3.370231582000088,0.0,0.0,0.0,0.0,0.0,0.0
synthetic_true_func_2d_n300000000,1e-05,btab_boxeig_topk_8192_q128,boxeig,c1,topk_8192,expanded_box,8192.0,10609.0,8192.0,10609.0,25112.0,552.0105234307598,2044451.5589106623,cheap,0.0528239609998308,3.1086866259997805,128.0,0.0,128.0,0.0,128.0,0.0
synthetic_true_func_2d_n300000000,1e-05,btab_boxeig_topk_8192_q192,boxeig,c1,topk_8192,expanded_box,8192.0,10609.0,8192.0,10609.0,25112.0,552.0105234307598,2044451.5589106623,cheap,0.0786007250003422,2.834404939000251,192.0,0.0,192.0,0.0,192.0,0.0
