dataset_stem,eps,method,precompute_mode,selector_tag,btab_eig_q,btab_active_size_raw,btab_box_size,btab_eig_size_S,btab_eig_size_T,rho_max_T,tail_energy,btab_eig_theta_q1,btab_eig_theta_q1_over_sigma2,theta_q1_over_sigma2,btab_eig_eig_residual_max,btab_eig_eig_residual_median,btab_eig_storage_bytes,btab_eig_n_eig_matvec,btab_eig_n_ABB_matvec_cols,btab_eig_ncv_actual,btab_eig_backend,cg_iters,outer_iters,time_eig_setup,time_precond_build,time_solve,time_total,time_post_diagnostics,time_total_with_diagnostics,rmse_train,rmse_test
USGS_LPC_IL_Winnebago_2018_ground_elevation_regression_ntrain1000000,1e-05,btab_boxeig_topk_1024_q64,c1,topk_1024,64.0,1024.0,1225.0,1225.0,0.0,0.0,0.0,1511.385263059597,15113.85263059597,15113.85263059597,7.570555679246413e-15,1.178409292962159e-15,1255424.0,162.0,162.0,162.0,cupy,367,367.0,0.1251643709999825,0.1269090769999366,0.7341729269999178,0.7518208319999076,0.0268769229999179,0.7786977549998255,0.1488842539098592,0.1495132876213227
USGS_LPC_IL_Winnebago_2018_ground_elevation_regression_ntrain1000000,1e-05,btab_boxeig_topk_1024_q64,c1,topk_1024,64.0,1024.0,1369.0,1369.0,34352.0,240.15196295342733,159243.74207647605,2562.4915762100864,25624.915762100864,25624.915762100864,3.3601129385356844e-15,1.0070938639866818e-15,1402880.0,162.0,162.0,162.0,cupy,1210,1210.0,0.1276889310000797,0.1305797889999667,2.1658708759999854,2.1950073460000112,0.0261572570000225,2.221164603000034,0.0349148372533601,0.0355266502300395
USGS_LPC_IL_Winnebago_2018_ground_elevation_regression_ntrain1000000,1e-05,btab_boxeig_topk_1024_q128,c1,topk_1024,128.0,1024.0,1225.0,1225.0,0.0,0.0,0.0,64.62607511877214,646.2607511877213,646.2607511877213,1.0841867494319214e-13,3.783987743270005e-15,2510848.0,290.0,290.0,290.0,cupy,88,88.0,0.2358323820000123,0.2376427519999424,0.4096689980000292,0.4278364660000306,0.0513817039999366,0.4792181699999673,0.1488842556486144,0.1495132595241259
USGS_LPC_IL_Winnebago_2018_ground_elevation_regression_ntrain1000000,1e-05,btab_boxeig_topk_1024_q128,c1,topk_1024,128.0,1024.0,1369.0,1369.0,34352.0,240.15196295342736,159243.74207647605,654.8670269578814,6548.6702695788135,6548.6702695788135,9.549129958164576e-15,2.1441687959409285e-15,2805760.0,290.0,290.0,290.0,cupy,658,658.0,0.6050651189999599,0.6080773649999855,1.7142866579999918,1.7447553350000362,0.0509321120000549,1.7956874470000912,0.0349148350724908,0.0355266431301709
USGS_LPC_IL_Winnebago_2018_ground_elevation_regression_ntrain1000000,1e-05,btab_boxeig_topk_16384_q128,c1,topk_16384,128.0,1225.0,1225.0,1225.0,0.0,0.0,0.0,64.62607511877215,646.2607511877214,646.2607511877214,1.2190622617541582e-13,4.145626028178863e-15,2510848.0,290.0,290.0,290.0,cupy,88,88.0,0.2366971290000492,0.2386575120000316,0.3986542539998936,0.4166179059999422,0.051272928000003,0.4678908339999452,0.1488842554552233,0.1495132598594348
USGS_LPC_IL_Winnebago_2018_ground_elevation_regression_ntrain1000000,1e-05,btab_boxeig_topk_16384_q128,c1,topk_16384,128.0,16384.0,21025.0,21025.0,14696.0,0.3418047257904595,1608.5644281362056,657.6814201800298,6576.814201800298,6576.814201800298,9.568041983373652e-15,1.5303432450607809e-15,43061248.0,290.0,290.0,290.0,cupy,505,505.0,0.2825897520000353,0.2874879119999605,1.2944707460000018,1.3236953789999006,0.0523941850000255,1.3760895639999262,0.034914808614356,0.0355265984050401
USGS_LPC_IL_Winnebago_2018_ground_elevation_regression_ntrain1000000,1e-05,btab_boxeig_topk_16384_q192,c1,topk_16384,192.0,1225.0,1225.0,1225.0,0.0,0.0,0.0,3.474533058475926,34.74533058475926,34.74533058475926,9.721999049570181e-13,1.730098873727441e-14,3766272.0,418.0,418.0,418.0,cupy,29,29.0,0.3534460260000287,0.3553132060000052,0.4118140720000838,0.4297604890000457,0.0870801270000356,0.5168406160000814,0.1488842505752607,0.1495132740339504
USGS_LPC_IL_Winnebago_2018_ground_elevation_regression_ntrain1000000,1e-05,btab_boxeig_topk_16384_q192,c1,topk_16384,192.0,16384.0,21025.0,21025.0,14696.0,0.3418047257904595,1608.5644281362056,271.80262985152933,2718.026298515293,2718.026298515293,1.2307374146143099e-14,2.598633015087374e-15,64591872.0,418.0,418.0,418.0,cupy,328,328.0,0.4958220930000152,0.5008871649999946,1.2206209349999426,1.2505307569999786,0.0788102930000604,1.329341050000039,0.034914813589155,0.0355266062449418
USGS_LPC_IL_Winnebago_2018_ground_elevation_regression_ntrain1000000,1e-05,btab_boxeig_topk_16384_q256,c1,topk_16384,256.0,1225.0,1225.0,1225.0,0.0,0.0,0.0,0.282832299573059,2.82832299573059,2.82832299573059,1.5693636994726703e-11,4.7297783614784976e-14,5021696.0,546.0,546.0,546.0,cupy,6,6.0,0.4653190739999218,0.4671137189999399,0.4800908060000211,0.4977566560000923,0.117523821000077,0.6152804770001694,0.1488841832863046,0.1495132303369538
USGS_LPC_IL_Winnebago_2018_ground_elevation_regression_ntrain1000000,1e-05,btab_boxeig_topk_16384_q256,c1,topk_16384,256.0,16384.0,21025.0,21025.0,14696.0,0.3418047257904595,1608.5644281362056,140.01313874940058,1400.1313874940058,1400.1313874940058,8.473870042418059e-14,4.592725718575263e-15,86122496.0,546.0,546.0,546.0,cupy,239,239.0,0.7603194459999258,0.7658502880000242,1.3345376120000765,1.364218847000075,0.1035255680000091,1.4677444150000838,0.0349148115973117,0.0355266052049806
USGS_LPC_IL_Winnebago_2018_ground_elevation_regression_ntrain1000000,1e-05,btab_boxeig_topk_2048_q64,c1,topk_2048,64.0,1225.0,1225.0,1225.0,0.0,0.0,0.0,1511.3852630595973,15113.852630595971,15113.852630595971,9.391811080226617e-15,1.199597389131921e-15,1255424.0,162.0,162.0,162.0,cupy,366,366.0,0.1248160049999569,0.126750496999989,0.7510170140000128,0.7689706510000178,0.0328804709999985,0.8018511220000164,0.1488842540336947,0.1495132898648988
USGS_LPC_IL_Winnebago_2018_ground_elevation_regression_ntrain1000000,1e-05,btab_boxeig_topk_2048_q64,c1,topk_2048,64.0,2048.0,2601.0,2601.0,33120.0,54.5477451243749,63021.1201277645,2567.477850254032,25674.77850254032,25674.77850254032,3.5006458290946497e-15,1.0238074359993073e-15,2664448.0,162.0,162.0,162.0,cupy,1378,1378.0,0.1253915009999673,0.1284773389999145,2.413039010000034,2.442770300999996,0.0257227790000342,2.46849308000003,0.0349148306848104,0.0355266429539398
USGS_LPC_IL_Winnebago_2018_ground_elevation_regression_ntrain1000000,1e-05,btab_boxeig_topk_2048_q128,c1,topk_2048,128.0,1225.0,1225.0,1225.0,0.0,0.0,0.0,64.6260751187721,646.260751187721,646.260751187721,9.065446699529024e-14,3.258367708439843e-15,2510848.0,290.0,290.0,290.0,cupy,88,88.0,1.1974192090000315,1.1992232000000058,1.3614908600000035,1.379765066999994,0.0520426189999625,1.4318076859999564,0.1488842556755289,0.1495132600267018
USGS_LPC_IL_Winnebago_2018_ground_elevation_regression_ntrain1000000,1e-05,btab_boxeig_topk_2048_q128,c1,topk_2048,128.0,2048.0,2601.0,2601.0,33120.0,54.5477451243749,63021.1201277645,657.3944520243647,6573.944520243646,6573.944520243646,1.082571603712394e-14,1.963581434649961e-15,5328896.0,290.0,290.0,290.0,cupy,700,700.0,0.2362542600000097,0.2392435859999295,1.421925528000088,1.4512829480000846,0.0499616289999949,1.5012445770000795,0.0349148302205473,0.0355266303096496
USGS_LPC_IL_Winnebago_2018_ground_elevation_regression_ntrain1000000,1e-05,btab_boxeig_topk_2048_q192,c1,topk_2048,192.0,1225.0,1225.0,1225.0,0.0,0.0,0.0,3.474533058475885,34.74533058475885,34.74533058475885,8.933278931569788e-13,1.87056838938792e-14,3766272.0,418.0,418.0,418.0,cupy,29,29.0,1.028344451999942,1.0302106010000216,1.0871049090000042,1.105127209000102,0.0845745320000332,1.1897017410001354,0.1488842505741458,0.149513273824638
USGS_LPC_IL_Winnebago_2018_ground_elevation_regression_ntrain1000000,1e-05,btab_boxeig_topk_2048_q192,c1,topk_2048,192.0,2048.0,2601.0,2601.0,33120.0,54.54774512437489,63021.1201277645,270.6305521967504,2706.305521967503,2706.305521967503,1.2972627605525067e-14,2.7215061792274814e-15,7993344.0,418.0,418.0,418.0,cupy,462,462.0,0.3565330740000263,0.3594976279999855,1.1437150859999292,1.1733087919999434,0.0745319339999923,1.2478407259999358,0.0349148244912126,0.0355266300991973
USGS_LPC_IL_Winnebago_2018_ground_elevation_regression_ntrain1000000,1e-05,btab_boxeig_topk_4096_q128,c1,topk_4096,128.0,1225.0,1225.0,1225.0,0.0,0.0,0.0,64.62607511877218,646.2607511877218,646.2607511877218,2.102855115607416e-13,3.526258288630162e-15,2510848.0,290.0,290.0,290.0,cupy,88,88.0,0.2465793329999996,0.2483365250000133,0.4084287800000084,0.4263245219999589,0.0515782029999627,0.4779027249999217,0.1488842556459616,0.1495132594946501
USGS_LPC_IL_Winnebago_2018_ground_elevation_regression_ntrain1000000,1e-05,btab_boxeig_topk_4096_q128,c1,topk_4096,128.0,4096.0,5329.0,5329.0,30392.0,9.838544680288264,21241.399621101573,657.5664981475209,6575.664981475208,6575.664981475208,8.680800177385786e-15,2.264237252201689e-15,10915840.0,290.0,290.0,290.0,cupy,703,703.0,0.2437618139999813,0.2469729299999699,1.4349208309999997,1.4638952929999505,0.0527749940000603,1.5166702870000108,0.034914840497692,0.035526651961922
USGS_LPC_IL_Winnebago_2018_ground_elevation_regression_ntrain1000000,1e-05,btab_boxeig_topk_4096_q192,c1,topk_4096,192.0,1225.0,1225.0,1225.0,0.0,0.0,0.0,3.474533058475909,34.745330584759095,34.745330584759095,5.590472191567695e-12,1.4430490055769214e-14,3766272.0,418.0,418.0,418.0,cupy,29,29.0,0.3542553700000326,0.3560216519999812,0.4125733019999416,0.4308741599999166,0.0845941730000277,0.5154683329999443,0.1488842505753319,0.1495132738218515
USGS_LPC_IL_Winnebago_2018_ground_elevation_regression_ntrain1000000,1e-05,btab_boxeig_topk_4096_q192,c1,topk_4096,192.0,4096.0,5329.0,5329.0,30392.0,9.838544680288264,21241.399621101573,271.6911292688934,2716.911292688934,2716.911292688934,1.421794225993919e-14,3.0309381312844638e-15,16373760.0,418.0,418.0,418.0,cupy,455,455.0,0.3723166760000822,0.3756857240000499,1.154090434000068,1.183541175000073,0.0784878500001013,1.2620290250001744,0.0349148465090588,0.0355266600826362
USGS_LPC_IL_Winnebago_2018_ground_elevation_regression_ntrain1000000,1e-05,btab_boxeig_topk_4096_q256,c1,topk_4096,256.0,1225.0,1225.0,1225.0,0.0,0.0,0.0,0.282832299573056,2.82832299573056,2.82832299573056,1.3739754352052792e-11,4.792624191490099e-14,5021696.0,546.0,546.0,546.0,cupy,6,6.0,0.470878606000042,0.4727557839999008,0.4859122469999875,0.5040095299999621,0.1166280579999465,0.6206375879999086,0.1488841832862976,0.1495132303369553
USGS_LPC_IL_Winnebago_2018_ground_elevation_regression_ntrain1000000,1e-05,btab_boxeig_topk_4096_q256,c1,topk_4096,256.0,4096.0,5329.0,5329.0,30392.0,9.838544680288264,21241.399621101573,139.91373578701598,1399.1373578701598,1399.1373578701598,6.258602415233454e-14,4.903666156945749e-15,21831680.0,546.0,546.0,546.0,cupy,334,334.0,0.491517511999973,0.4949103320000176,1.0725217499999644,1.101379857999973,0.1045641220000561,1.2059439800000291,0.0349148368702513,0.0355266317575355
USGS_LPC_IL_Winnebago_2018_ground_elevation_regression_ntrain1000000,1e-05,btab_boxeig_topk_8192_q128,c1,topk_8192,128.0,1225.0,1225.0,1225.0,0.0,0.0,0.0,64.62607511877218,646.2607511877218,646.2607511877218,1.3653083012253081e-13,3.067947030963284e-15,2510848.0,290.0,290.0,290.0,cupy,88,88.0,0.2394403179999926,0.2412374709999767,0.4019366450000916,0.420393224999998,0.0516422570000258,0.4720354820000239,0.1488842560657744,0.1495132578309838
USGS_LPC_IL_Winnebago_2018_ground_elevation_regression_ntrain1000000,1e-05,btab_boxeig_topk_8192_q128,c1,topk_8192,128.0,8192.0,10609.0,10609.0,25112.0,1.8400350798236111,6814.838536121375,657.6696424896606,6576.696424896606,6576.696424896606,1.0137397538744876e-14,1.798242215581769e-15,21729280.0,290.0,290.0,290.0,cupy,649,649.0,0.2468270939999683,0.2505375959999583,1.359927354999968,1.3892335599999797,0.0533643960000063,1.442597955999986,0.0349148204225448,0.0355266096490074
USGS_LPC_IL_Winnebago_2018_ground_elevation_regression_ntrain1000000,1e-05,btab_boxeig_topk_8192_q192,c1,topk_8192,192.0,1225.0,1225.0,1225.0,0.0,0.0,0.0,3.474533058475965,34.74533058475965,34.74533058475965,4.14651073963374e-12,1.6099415002388687e-14,3766272.0,418.0,418.0,418.0,cupy,29,29.0,0.3574341170000252,0.3592563409999911,0.4158570320000763,0.4340099109999755,0.0841343839999808,0.5181442949999564,0.1488842505752828,0.149513273799239
USGS_LPC_IL_Winnebago_2018_ground_elevation_regression_ntrain1000000,1e-05,btab_boxeig_topk_8192_q192,c1,topk_8192,192.0,8192.0,10609.0,10609.0,25112.0,1.8400350798236111,6814.838536121377,271.78777009364023,2717.877700936402,2717.877700936402,1.5022799378908803e-14,2.9689658246331968e-15,32593920.0,418.0,418.0,418.0,cupy,415,415.0,0.7370680830000538,0.7410369179999634,1.5335532530000364,1.5630707630000416,0.080537712000023,1.6436084750000646,0.0349148214918008,0.0355266089427499
USGS_LPC_IL_Winnebago_2018_ground_elevation_regression_ntrain1000000,1e-05,btab_boxeig_topk_8192_q256,c1,topk_8192,256.0,1225.0,1225.0,1225.0,0.0,0.0,0.0,0.2828322995730922,2.8283229957309217,2.8283229957309217,9.044924627937062e-12,4.9348243780178286e-14,5021696.0,546.0,546.0,546.0,cupy,6,6.0,0.4663488809999307,0.4681826989999536,0.4813772960000051,0.4995904870000913,0.1179623030000129,0.6175527900001043,0.1488841832863056,0.1495132303369581
USGS_LPC_IL_Winnebago_2018_ground_elevation_regression_ntrain1000000,1e-05,btab_boxeig_topk_8192_q256,c1,topk_8192,256.0,8192.0,10609.0,10609.0,25112.0,1.8400350798236111,6814.838536121377,140.00363672567175,1400.0363672567175,1400.0363672567175,4.9998289134801486e-14,5.3569295066525604e-15,43458560.0,546.0,546.0,546.0,cupy,302,302.0,0.5249260340000319,0.5290726079999786,1.137179113000002,1.1671450170000526,0.1059873050000987,1.2731323220001514,0.0349148167053363,0.0355266100461114
USGS_LPC_IL_Winnebago_2018_ground_elevation_regression_ntrain10000000,1e-05,btab_boxeig_topk_1024_q64,c1,topk_1024,64.0,1024.0,1225.0,1225.0,0.0,0.0,0.0,15077.760276489356,150777.60276489356,150777.60276489356,1.1363354293222743e-14,1.0661153024999417e-15,1255424.0,162.0,162.0,162.0,cupy,871,871.0,0.1257286090001343,0.1275418909999643,1.5358894130001772,1.5944422300001406,0.0265942409998842,1.621036471000025,0.1370908828272201,0.1371765040327213
USGS_LPC_IL_Winnebago_2018_ground_elevation_regression_ntrain10000000,1e-05,btab_boxeig_topk_1024_q64,c1,topk_1024,64.0,1024.0,1369.0,1369.0,34352.0,2401.5196295323567,1592437.420763489,25653.123625574084,256531.23625574083,256531.23625574083,4.084838832215059e-15,1.034827344205435e-15,1402880.0,162.0,162.0,162.0,cupy,2882,2882.0,0.1244793110001865,0.1274180579998756,4.916357946000062,5.018860274999952,0.026335151000012,5.045195425999964,0.0284772693797279,0.0286149987877617
USGS_LPC_IL_Winnebago_2018_ground_elevation_regression_ntrain10000000,1e-05,btab_boxeig_topk_1024_q128,c1,topk_1024,128.0,1024.0,1225.0,1225.0,0.0,0.0,0.0,643.563037667575,6435.63037667575,6435.63037667575,1.0249583614056257e-13,3.725863195197325e-15,2510848.0,290.0,290.0,290.0,cupy,222,222.0,0.235582303000001,0.2373572460001014,0.6130649790000007,0.6720017289999305,0.0538566959999116,0.7258584249998421,0.1370908894738372,0.1371765083351132
USGS_LPC_IL_Winnebago_2018_ground_elevation_regression_ntrain10000000,1e-05,btab_boxeig_topk_1024_q128,c1,topk_1024,128.0,1024.0,1369.0,1369.0,34352.0,2401.5196295323567,1592437.420763489,6537.876525704512,65378.76525704511,65378.76525704511,9.085979256839044e-15,1.5948906315813165e-15,2805760.0,290.0,290.0,290.0,cupy,1638,1638.0,0.2489080870000179,0.2519198469999537,2.975404686999809,3.0776102719999017,0.0514876830000048,3.1290979549999065,0.0284772656232117,0.0286149982512054
USGS_LPC_IL_Winnebago_2018_ground_elevation_regression_ntrain10000000,1e-05,btab_boxeig_topk_16384_q128,c1,topk_16384,128.0,1225.0,1225.0,1225.0,0.0,0.0,0.0,643.5630376675747,6435.630376675746,6435.630376675746,7.93589845170483e-14,5.202441650127728e-15,2510848.0,290.0,290.0,290.0,cupy,222,222.0,0.2332609379998302,0.2350782590001472,0.6028339939998659,0.6614740620000248,0.0514602399998693,0.7129343019998942,0.1370908896418241,0.1371765090618658
USGS_LPC_IL_Winnebago_2018_ground_elevation_regression_ntrain10000000,1e-05,btab_boxeig_topk_16384_q128,c1,topk_16384,128.0,16384.0,21025.0,21025.0,14696.0,3.418047257901867,16085.644281349216,6566.420044161966,65664.20044161966,65664.20044161966,9.640690450172824e-15,1.7118432466845973e-15,43061248.0,290.0,290.0,290.0,cupy,1928,1928.0,0.3164517389998309,0.3214408349999758,4.125556135999887,4.227932733999978,0.0573329460000877,4.285265680000066,0.028477302745647,0.0286150469370258
USGS_LPC_IL_Winnebago_2018_ground_elevation_regression_ntrain10000000,1e-05,btab_boxeig_topk_16384_q192,c1,topk_16384,192.0,1225.0,1225.0,1225.0,0.0,0.0,0.0,33.78139901997929,337.8139901997929,337.8139901997929,3.497709067993547e-12,1.4079982464464907e-14,3766272.0,418.0,418.0,418.0,cupy,57,57.0,0.3503182079998623,0.3521296569999776,0.4597934099999747,0.5182763119998981,0.0763832030002049,0.5946595150001031,0.137090930810752,0.1371765461164943
USGS_LPC_IL_Winnebago_2018_ground_elevation_regression_ntrain10000000,1e-05,btab_boxeig_topk_16384_q192,c1,topk_16384,192.0,16384.0,21025.0,21025.0,14696.0,3.418047257901867,16085.644281349216,2719.696634607458,27196.966346074576,27196.966346074576,1.4080099264965871e-14,2.79347905784714e-15,64591872.0,418.0,418.0,418.0,cupy,1229,1229.0,0.671962135000058,0.6771596020000743,3.339312573000143,3.442197490000126,0.07711425399998,3.519311744000106,0.0284773035732116,0.0286150512360424
USGS_LPC_IL_Winnebago_2018_ground_elevation_regression_ntrain10000000,1e-05,btab_boxeig_topk_16384_q256,c1,topk_16384,256.0,1225.0,1225.0,1225.0,0.0,0.0,0.0,1.920053968127985,19.20053968127985,19.20053968127985,1.4898197009239906e-11,5.285927386751688e-14,5021696.0,546.0,546.0,546.0,cupy,15,15.0,1.4035191590000975,1.405374744000028,1.4365726059997996,1.495651129999942,0.1020552439999846,1.5977063739999269,0.1370909742587834,0.1371765854740173
USGS_LPC_IL_Winnebago_2018_ground_elevation_regression_ntrain10000000,1e-05,btab_boxeig_topk_16384_q256,c1,topk_16384,256.0,16384.0,21025.0,21025.0,14696.0,3.418047257901867,16085.644281349216,1399.6316767999256,13996.316767999257,13996.316767999257,7.871513015741074e-14,3.80119806808637e-15,86122496.0,546.0,546.0,546.0,cupy,891,891.0,0.7601408499999707,0.7655698580001626,2.830673539999907,2.934118959999978,0.1046086199999081,3.038727579999886,0.0284773041994934,0.0286150488919143
USGS_LPC_IL_Winnebago_2018_ground_elevation_regression_ntrain10000000,1e-05,btab_boxeig_topk_2048_q64,c1,topk_2048,64.0,1225.0,1225.0,1225.0,0.0,0.0,0.0,15077.76027648936,150777.6027648936,150777.6027648936,1.0283703247549732e-14,1.0679632371896605e-15,1255424.0,162.0,162.0,162.0,cupy,889,889.0,0.1299932199999602,0.131839927999863,1.5835337850000997,1.6423880290001307,0.0275075480001305,1.6698955770002613,0.1370908645930871,0.1371764856955024
USGS_LPC_IL_Winnebago_2018_ground_elevation_regression_ntrain10000000,1e-05,btab_boxeig_topk_2048_q64,c1,topk_2048,64.0,2048.0,2601.0,2601.0,33120.0,545.4774512433136,630211.2012771419,25703.1392502534,257031.392502534,257031.392502534,4.917904827562531e-15,1.0914741488525125e-15,2664448.0,162.0,162.0,162.0,cupy,3277,3277.0,0.1262647960002141,0.1293772989999979,5.60546612600001,5.707866338000031,0.0262123449999762,5.734078683000007,0.028477255508144,0.0286149914229797
USGS_LPC_IL_Winnebago_2018_ground_elevation_regression_ntrain10000000,1e-05,btab_boxeig_topk_2048_q128,c1,topk_2048,128.0,1225.0,1225.0,1225.0,0.0,0.0,0.0,643.5630376675762,6435.630376675761,6435.630376675761,8.557396290996615e-14,3.300957949449308e-15,2510848.0,290.0,290.0,290.0,cupy,222,222.0,0.2319683050000094,0.2338245770001776,0.6012521410000318,0.6603502689999914,0.0512953740001194,0.7116456430001108,0.1370908897487513,0.1371765083135768
USGS_LPC_IL_Winnebago_2018_ground_elevation_regression_ntrain10000000,1e-05,btab_boxeig_topk_2048_q128,c1,topk_2048,128.0,2048.0,2601.0,2601.0,33120.0,545.4774512433136,630211.2012771419,6563.621645651568,65636.21645651567,65636.21645651567,7.559113127034243e-15,1.5372573957551637e-15,5328896.0,290.0,290.0,290.0,cupy,1703,1703.0,0.2393158170000333,0.2424381160001303,3.1238986649998424,3.226850920999823,0.0515630479999345,3.2784139689997573,0.028477256512566,0.0286149901319472
USGS_LPC_IL_Winnebago_2018_ground_elevation_regression_ntrain10000000,1e-05,btab_boxeig_topk_2048_q192,c1,topk_2048,192.0,1225.0,1225.0,1225.0,0.0,0.0,0.0,33.78139901997985,337.81399019979847,337.81399019979847,1.575402068861026e-12,1.31810517797138e-14,3766272.0,418.0,418.0,418.0,cupy,57,57.0,0.352622440999994,0.3544569059999958,0.4622932499999024,0.520719151999856,0.0761699829999997,0.5968891349998557,0.1370909309735408,0.1371765461844054
USGS_LPC_IL_Winnebago_2018_ground_elevation_regression_ntrain10000000,1e-05,btab_boxeig_topk_2048_q192,c1,topk_2048,192.0,2048.0,2601.0,2601.0,33120.0,545.4774512433136,630211.2012771419,2708.372103575351,27083.721035753508,27083.721035753508,2.8356865941998164e-14,2.8481195199621306e-15,7993344.0,418.0,418.0,418.0,cupy,1172,1172.0,0.3617436780000389,0.3647789520000515,2.360410940000065,2.463126212000134,0.0765685359999679,2.5396947480001018,0.0284772681665867,0.0286150066328822
USGS_LPC_IL_Winnebago_2018_ground_elevation_regression_ntrain10000000,1e-05,btab_boxeig_topk_4096_q128,c1,topk_4096,128.0,1225.0,1225.0,1225.0,0.0,0.0,0.0,643.5630376675759,6435.630376675759,6435.630376675759,1.0178742011507827e-13,3.7352111586432515e-15,2510848.0,290.0,290.0,290.0,cupy,222,222.0,0.2328495239999028,0.2346629529999973,0.6026391939999485,0.6611778379999578,0.0511117099999864,0.7122895479999443,0.1370908883145561,0.1371765078903155
USGS_LPC_IL_Winnebago_2018_ground_elevation_regression_ntrain10000000,1e-05,btab_boxeig_topk_4096_q128,c1,topk_4096,128.0,4096.0,5329.0,5329.0,30392.0,98.38544680280414,212413.99621084624,6565.271098656907,65652.71098656907,65652.71098656907,9.881720895672046e-15,1.6710021160315559e-15,10915840.0,290.0,290.0,290.0,cupy,1785,1785.0,0.2579647969998859,0.2613731199999165,3.299599373999854,3.4019161159999385,0.0532159150000097,3.4551320309999483,0.0284773275812646,0.028615060287376
USGS_LPC_IL_Winnebago_2018_ground_elevation_regression_ntrain10000000,1e-05,btab_boxeig_topk_4096_q192,c1,topk_4096,192.0,1225.0,1225.0,1225.0,0.0,0.0,0.0,33.78139901997896,337.8139901997896,337.8139901997896,1.1957131203290589e-12,1.9783458587676327e-14,3766272.0,418.0,418.0,418.0,cupy,57,57.0,0.3494944910000868,0.3513177559998439,0.4594352569999955,0.5181675569999697,0.0765100769999662,0.594677633999936,0.1370909309533278,0.137176546230286
USGS_LPC_IL_Winnebago_2018_ground_elevation_regression_ntrain10000000,1e-05,btab_boxeig_topk_4096_q192,c1,topk_4096,192.0,4096.0,5329.0,5329.0,30392.0,98.38544680280414,212413.99621084624,2718.6302328394663,27186.30232839466,27186.30232839466,1.3637800054727212e-14,2.3897351707601477e-15,16373760.0,418.0,418.0,418.0,cupy,1216,1216.0,0.3717784230000234,0.3751374880000639,2.454843806000099,2.557619351000085,0.0789886089999072,2.636607959999992,0.0284773181237527,0.0286150516001904
USGS_LPC_IL_Winnebago_2018_ground_elevation_regression_ntrain10000000,1e-05,btab_boxeig_topk_4096_q256,c1,topk_4096,256.0,1225.0,1225.0,1225.0,0.0,0.0,0.0,1.9200539681289197,19.200539681289197,19.200539681289197,2.624240601361111e-11,4.7811211037599714e-14,5021696.0,546.0,546.0,546.0,cupy,15,15.0,0.4634629579998091,0.4652575780000916,0.4950642030000836,0.5535937239999384,0.1015657999998893,0.6551595239998278,0.1370909742587908,0.1371765854740151
USGS_LPC_IL_Winnebago_2018_ground_elevation_regression_ntrain10000000,1e-05,btab_boxeig_topk_4096_q256,c1,topk_4096,256.0,4096.0,5329.0,5329.0,30392.0,98.38544680280414,212413.99621084624,1398.703078969328,13987.03078969328,13987.03078969328,6.092282176019656e-14,4.0510980601458535e-15,21831680.0,546.0,546.0,546.0,cupy,873,873.0,0.5048734229999354,0.508501749000061,2.003438337000034,2.1075419249998504,0.106752527000026,2.2142944519998764,0.028477321849544,0.0286150579596515
USGS_LPC_IL_Winnebago_2018_ground_elevation_regression_ntrain10000000,1e-05,btab_boxeig_topk_8192_q128,c1,topk_8192,128.0,1225.0,1225.0,1225.0,0.0,0.0,0.0,643.5630376675758,6435.630376675758,6435.630376675758,1.4651634978147114e-13,3.838905057711766e-15,2510848.0,290.0,290.0,290.0,cupy,221,221.0,0.2328328769999643,0.2346980239999538,0.600206106999849,0.6591637049998553,0.0514337749998503,0.7105974799997057,0.1370908906584334,0.1371765076938345
USGS_LPC_IL_Winnebago_2018_ground_elevation_regression_ntrain10000000,1e-05,btab_boxeig_topk_8192_q128,c1,topk_8192,128.0,8192.0,10609.0,10609.0,25112.0,18.400350798221424,68148.38536115935,6566.314809846631,65663.1480984663,65663.1480984663,1.0943869105895473e-14,1.856561690867851e-15,21729280.0,290.0,290.0,290.0,cupy,1948,1948.0,0.2481530449999809,0.2518792890000441,3.540374445999987,3.642625112000133,0.0539860599999428,3.6966111720000754,0.0284772984266476,0.0286150371160497
USGS_LPC_IL_Winnebago_2018_ground_elevation_regression_ntrain10000000,1e-05,btab_boxeig_topk_8192_q192,c1,topk_8192,192.0,1225.0,1225.0,1225.0,0.0,0.0,0.0,33.78139901997989,337.81399019979887,337.81399019979887,1.2190885253626688e-12,2.094681582890275e-14,3766272.0,418.0,418.0,418.0,cupy,56,56.0,0.3507322739999381,0.3525252019999243,0.4592126079999161,0.5177298819999123,0.0766887890001726,0.5944186710000849,0.137090961518797,0.1371765636350356
USGS_LPC_IL_Winnebago_2018_ground_elevation_regression_ntrain10000000,1e-05,btab_boxeig_topk_8192_q192,c1,topk_8192,192.0,8192.0,10609.0,10609.0,25112.0,18.400350798221424,68148.38536115935,2719.5581356177336,27195.581356177336,27195.581356177336,4.2765621574678e-14,3.063025223202017e-15,32593920.0,418.0,418.0,418.0,cupy,1229,1229.0,0.7777052530000219,0.7818040219999602,3.1097039940000286,3.2124193919999016,0.0797990089999984,3.2922184009999,0.0284773036679972,0.028615040490341
USGS_LPC_IL_Winnebago_2018_ground_elevation_regression_ntrain10000000,1e-05,btab_boxeig_topk_8192_q256,c1,topk_8192,256.0,1225.0,1225.0,1225.0,0.0,0.0,0.0,1.920053968127605,19.200539681276048,19.200539681276048,2.3893412868612008e-11,4.956353213954361e-14,5021696.0,546.0,546.0,546.0,cupy,15,15.0,0.4661096310001085,0.4679564630000641,0.4975935150000623,0.5562260910000987,0.101000064000118,0.6572261550002167,0.1370909742588006,0.1371765854739754
USGS_LPC_IL_Winnebago_2018_ground_elevation_regression_ntrain10000000,1e-05,btab_boxeig_topk_8192_q256,c1,topk_8192,256.0,8192.0,10609.0,10609.0,25112.0,18.400350798221424,68148.38536115935,1399.5381047977164,13995.381047977164,13995.381047977164,7.62651532435571e-14,6.047141579107469e-15,43458560.0,546.0,546.0,546.0,cupy,906,906.0,0.5209418280001046,0.5250136720001137,2.336554189000026,2.439219863999824,0.1066713969999,2.545891260999724,0.0284772987206917,0.0286150383977793
USGS_LPC_IL_Winnebago_2018_ground_elevation_regression_ntrain3000000,1e-05,btab_boxeig_topk_1024_q64,c1,topk_1024,64.0,1024.0,1225.0,1225.0,0.0,0.0,0.0,4524.466591962816,45244.66591962816,45244.66591962816,1.0147901094416932e-14,1.1174370419209446e-15,1255424.0,162.0,162.0,162.0,cupy,558,558.0,0.1276854389999471,0.129410742999994,1.0374906739999687,1.0647302080000145,0.0260351430000582,1.0907653510000728,0.1431809904192916,0.1431379846814045
USGS_LPC_IL_Winnebago_2018_ground_elevation_regression_ntrain3000000,1e-05,btab_boxeig_topk_1024_q64,c1,topk_1024,64.0,1024.0,1369.0,1369.0,34352.0,720.4558888598436,477731.2262291375,7691.245806811313,76912.45806811312,76912.45806811312,4.711384649699976e-15,1.0353709214254712e-15,1402880.0,162.0,162.0,162.0,cupy,1957,1957.0,0.1243280109999886,0.1272975139999062,3.3843105400000013,3.4413819620000368,0.0261744879999241,3.467556449999961,0.0306542860211942,0.0310974101409865
USGS_LPC_IL_Winnebago_2018_ground_elevation_regression_ntrain3000000,1e-05,btab_boxeig_topk_1024_q128,c1,topk_1024,128.0,1024.0,1225.0,1225.0,0.0,0.0,0.0,193.2958017180856,1932.958017180856,1932.958017180856,8.563317283331827e-14,3.965838135237159e-15,2510848.0,290.0,290.0,290.0,cupy,132,132.0,0.2346964680000383,0.2364760359999991,0.4650111949999882,0.4923582119999992,0.0515114229999653,0.5438696349999645,0.1431809963008734,0.1431379756147397
USGS_LPC_IL_Winnebago_2018_ground_elevation_regression_ntrain3000000,1e-05,btab_boxeig_topk_1024_q128,c1,topk_1024,128.0,1024.0,1369.0,1369.0,34352.0,720.4558888598436,477731.2262291375,1959.5849402133429,19595.849402133423,19595.849402133423,1.0504838203735649e-14,2.1359175512099638e-15,2805760.0,290.0,290.0,290.0,cupy,1044,1044.0,0.475798736999991,0.4787678639999058,2.2299187380000376,2.2876721200000247,0.0501430159999927,2.337815136000017,0.0306542949996423,0.0310974155487694
USGS_LPC_IL_Winnebago_2018_ground_elevation_regression_ntrain3000000,1e-05,btab_boxeig_topk_16384_q128,c1,topk_16384,128.0,1225.0,1225.0,1225.0,0.0,0.0,0.0,193.29580171808675,1932.9580171808675,1932.9580171808675,7.854725788933693e-14,4.229793468641986e-15,2510848.0,290.0,290.0,290.0,cupy,132,132.0,0.3839867670000103,0.3858332999999447,0.615661302000035,0.6429294350000418,0.0508692749999681,0.69379871000001,0.1431809969011457,0.1431379771386894
USGS_LPC_IL_Winnebago_2018_ground_elevation_regression_ntrain3000000,1e-05,btab_boxeig_topk_16384_q128,c1,topk_16384,128.0,16384.0,21025.0,21025.0,14696.0,1.0254141773707546,4825.693284405681,1968.150060075407,19681.50060075407,19681.50060075407,1.0866700671586684e-14,1.6181096529440577e-15,43061248.0,290.0,290.0,290.0,cupy,988,988.0,0.2834416540000575,0.2883427759999222,2.238855801999989,2.295911187000001,0.0528440189999628,2.3487552059999643,0.0306543316169577,0.0310974392135958
USGS_LPC_IL_Winnebago_2018_ground_elevation_regression_ntrain3000000,1e-05,btab_boxeig_topk_16384_q192,c1,topk_16384,192.0,1225.0,1225.0,1225.0,0.0,0.0,0.0,10.20345553542752,102.03455535427518,102.03455535427518,1.765138387910343e-12,1.578697111990474e-14,3766272.0,418.0,418.0,418.0,cupy,36,36.0,0.3780017999999927,0.3797546609999926,0.4524170060000188,0.47931746200004,0.0786531539999941,0.5579706160000342,0.1431810069475974,0.1431379907404582
USGS_LPC_IL_Winnebago_2018_ground_elevation_regression_ntrain3000000,1e-05,btab_boxeig_topk_16384_q192,c1,topk_16384,192.0,16384.0,21025.0,21025.0,14696.0,1.0254141773707546,4825.693284405681,816.1012992696191,8161.01299269619,8161.01299269619,4.1098740930225735e-14,2.557096903806373e-15,64591872.0,418.0,418.0,418.0,cupy,654,654.0,0.5211588690000326,0.5263448530000687,1.9432279070000504,2.0006352530000413,0.0776978709999411,2.0783331239999825,0.0306543184683549,0.0310974225079309
USGS_LPC_IL_Winnebago_2018_ground_elevation_regression_ntrain3000000,1e-05,btab_boxeig_topk_16384_q256,c1,topk_16384,256.0,1225.0,1225.0,1225.0,0.0,0.0,0.0,0.6465511192367712,6.465511192367712,6.465511192367712,3.3885260591839537e-11,4.423063157146352e-14,5021696.0,546.0,546.0,546.0,cupy,9,9.0,0.4915939190000244,0.493527591999964,0.5144748520000348,0.5418299680000018,0.1121762559999979,0.6540062239999997,0.1431810440738454,0.143138016834088
USGS_LPC_IL_Winnebago_2018_ground_elevation_regression_ntrain3000000,1e-05,btab_boxeig_topk_16384_q256,c1,topk_16384,256.0,16384.0,21025.0,21025.0,14696.0,1.0254141773707546,4825.693284405681,419.6517374843304,4196.517374843304,4196.517374843304,7.119014178242875e-14,5.658804598377034e-15,86122496.0,546.0,546.0,546.0,cupy,459,459.0,0.7629064459999881,0.7682459949999156,1.8394260769999848,1.896642552000003,0.1032036710000738,1.9998462230000769,0.0306543322587758,0.0310974433404869
USGS_LPC_IL_Winnebago_2018_ground_elevation_regression_ntrain3000000,1e-05,btab_boxeig_topk_2048_q64,c1,topk_2048,64.0,1225.0,1225.0,1225.0,0.0,0.0,0.0,4524.466591962817,45244.66591962817,45244.66591962817,9.376553322886326e-15,1.1099148433200858e-15,1255424.0,162.0,162.0,162.0,cupy,534,534.0,0.1283532380000451,0.1301178580000623,0.9940277169999944,1.0214230819999557,0.0261671890000343,1.04759027099999,0.1431809964394723,0.1431379898018774
USGS_LPC_IL_Winnebago_2018_ground_elevation_regression_ntrain3000000,1e-05,btab_boxeig_topk_2048_q64,c1,topk_2048,64.0,2048.0,2601.0,2601.0,33120.0,163.64323537302514,189063.3603831785,7706.185759565413,77061.85759565412,77061.85759565412,4.911321305584751e-15,1.0252076291640153e-15,2664448.0,162.0,162.0,162.0,cupy,2077,2077.0,0.1235684549999405,0.1265932190000285,3.571399751999934,3.627850979999948,0.0256603000000268,3.653511279999975,0.0306542946299664,0.0310974095449503
USGS_LPC_IL_Winnebago_2018_ground_elevation_regression_ntrain3000000,1e-05,btab_boxeig_topk_2048_q128,c1,topk_2048,128.0,1225.0,1225.0,1225.0,0.0,0.0,0.0,193.29580171808672,1932.958017180867,1932.958017180867,1.667982050214172e-13,4.132928710052412e-15,2510848.0,290.0,290.0,290.0,cupy,132,132.0,0.2348371140000154,0.2366673020000007,0.4657336159999659,0.4929774030000544,0.0514319840000325,0.544409387000087,0.1431809960663069,0.1431379758613175
USGS_LPC_IL_Winnebago_2018_ground_elevation_regression_ntrain3000000,1e-05,btab_boxeig_topk_2048_q128,c1,topk_2048,128.0,2048.0,2601.0,2601.0,33120.0,163.64323537302514,189063.3603831785,1967.2935852199516,19672.935852199516,19672.935852199516,9.365381059581363e-15,1.4322621533706125e-15,5328896.0,290.0,290.0,290.0,cupy,1065,1065.0,0.2372742640000069,0.240344948000029,2.043824066999946,2.101788003000024,0.0525522620000629,2.154340265000087,0.0306542916178446,0.0310974119148752
USGS_LPC_IL_Winnebago_2018_ground_elevation_regression_ntrain3000000,1e-05,btab_boxeig_topk_2048_q192,c1,topk_2048,192.0,1225.0,1225.0,1225.0,0.0,0.0,0.0,10.20345553542732,102.0345553542732,102.0345553542732,1.6662529967250668e-12,1.5902064265774214e-14,3766272.0,418.0,418.0,418.0,cupy,36,36.0,0.3539073569999118,0.3556745670000509,0.4249707120000039,0.4522415420000243,0.0789585539999961,0.5312000960000205,0.1431810069475659,0.1431379907404057
USGS_LPC_IL_Winnebago_2018_ground_elevation_regression_ntrain3000000,1e-05,btab_boxeig_topk_2048_q192,c1,topk_2048,192.0,2048.0,2601.0,2601.0,33120.0,163.64323537302514,189063.3603831785,812.8403230441644,8128.403230441643,8128.403230441643,2.0408650895197612e-14,3.081034380112093e-15,7993344.0,418.0,418.0,418.0,cupy,717,717.0,0.359003715999961,0.3620243010000195,1.5760000499999478,1.63298898000005,0.0753095909999501,1.7082985710000005,0.0306542912275641,0.0310974120163357
USGS_LPC_IL_Winnebago_2018_ground_elevation_regression_ntrain3000000,1e-05,btab_boxeig_topk_4096_q128,c1,topk_4096,128.0,1225.0,1225.0,1225.0,0.0,0.0,0.0,193.2958017180856,1932.9580171808557,1932.9580171808557,2.497971758656131e-13,5.368464232583036e-15,2510848.0,290.0,290.0,290.0,cupy,132,132.0,0.234535514000072,0.2363869960000784,0.4652406940000446,0.4923921280000058,0.0518609160000096,0.5442530440000155,0.1431809962841999,0.1431379759948213
USGS_LPC_IL_Winnebago_2018_ground_elevation_regression_ntrain3000000,1e-05,btab_boxeig_topk_4096_q128,c1,topk_4096,128.0,4096.0,5329.0,5329.0,30392.0,29.51563404084684,63724.19886326596,1967.808164618142,19678.081646181417,19678.081646181417,8.620888650407771e-15,1.739246932025311e-15,10915840.0,290.0,290.0,290.0,cupy,1116,1116.0,0.2449219559999846,0.2482713110000531,2.137649517,2.195037301999946,0.0527716199999304,2.2478089219998765,0.030654341070569,0.0310974557150803
USGS_LPC_IL_Winnebago_2018_ground_elevation_regression_ntrain3000000,1e-05,btab_boxeig_topk_4096_q192,c1,topk_4096,192.0,1225.0,1225.0,1225.0,0.0,0.0,0.0,10.203455535427242,102.0345553542724,102.0345553542724,2.2945952059511097e-12,1.54051557304962e-14,3766272.0,418.0,418.0,418.0,cupy,36,36.0,0.3537233740000829,0.3554863709999836,0.4248652930000389,0.4520364560000871,0.0787398679999569,0.530776324000044,0.1431810069476101,0.1431379907404471
USGS_LPC_IL_Winnebago_2018_ground_elevation_regression_ntrain3000000,1e-05,btab_boxeig_topk_4096_q192,c1,topk_4096,192.0,4096.0,5329.0,5329.0,30392.0,29.51563404084684,63724.19886326596,815.7913459002125,8157.913459002125,8157.913459002125,5.548971479310939e-14,3.2454456649452064e-15,16373760.0,418.0,418.0,418.0,cupy,720,720.0,0.4138112210000599,0.4171676879999495,1.6782732049999822,1.7356616349999283,0.0793645919999335,1.815026226999862,0.0306543373438372,0.0310974505346725
USGS_LPC_IL_Winnebago_2018_ground_elevation_regression_ntrain3000000,1e-05,btab_boxeig_topk_4096_q256,c1,topk_4096,256.0,1225.0,1225.0,1225.0,0.0,0.0,0.0,0.646551119236673,6.465511192366729,6.465511192366729,1.1684676787677707e-11,4.3603423182879504e-14,5021696.0,546.0,546.0,546.0,cupy,9,9.0,0.4654874819999577,0.4672966210000595,0.4859554149999212,0.5132360960000142,0.1130572019999363,0.6262932979999505,0.1431810440738402,0.1431380168340826
USGS_LPC_IL_Winnebago_2018_ground_elevation_regression_ntrain3000000,1e-05,btab_boxeig_topk_4096_q256,c1,topk_4096,256.0,4096.0,5329.0,5329.0,30392.0,29.51563404084684,63724.19886326596,419.37129560937154,4193.712956093716,4193.712956093716,6.556970463403041e-14,5.603710850884269e-15,21831680.0,546.0,546.0,546.0,cupy,530,530.0,0.4928225480000492,0.496180177000042,1.4047675690000003,1.461788849999948,0.1081536110000342,1.5699424609999824,0.0306543313257939,0.031097454629209
USGS_LPC_IL_Winnebago_2018_ground_elevation_regression_ntrain3000000,1e-05,btab_boxeig_topk_8192_q128,c1,topk_8192,128.0,1225.0,1225.0,1225.0,0.0,0.0,0.0,193.29580171808664,1932.9580171808664,1932.9580171808664,9.896482534891788e-14,3.4673034990518688e-15,2510848.0,290.0,290.0,290.0,cupy,133,133.0,0.2419070969999666,0.24374830499994,0.4752775360000214,0.5027028119999386,0.0514578330000858,0.5541606450000245,0.1431809964230571,0.1431379795117698
USGS_LPC_IL_Winnebago_2018_ground_elevation_regression_ntrain3000000,1e-05,btab_boxeig_topk_8192_q128,c1,topk_8192,128.0,8192.0,10609.0,10609.0,25112.0,5.520105239467475,20444.51560835169,1968.1178244832265,19681.178244832263,19681.178244832263,8.928780416769375e-15,1.6867606409337529e-15,21729280.0,290.0,290.0,290.0,cupy,1139,1139.0,0.2655359159999761,0.2692918740000323,2.1955248819999724,2.253573670000037,0.0536243409999315,2.307198010999969,0.0306542927023478,0.0310973919473669
USGS_LPC_IL_Winnebago_2018_ground_elevation_regression_ntrain3000000,1e-05,btab_boxeig_topk_8192_q192,c1,topk_8192,192.0,1225.0,1225.0,1225.0,0.0,0.0,0.0,10.203455535428056,102.03455535428056,102.03455535428056,1.6791292745723193e-12,1.4829229069014274e-14,3766272.0,418.0,418.0,418.0,cupy,36,36.0,0.3546738220001089,0.3564924049999263,0.4258416479999596,0.4528241449999086,0.0784953820000282,0.5313195269999369,0.1431810069476418,0.1431379907404647
USGS_LPC_IL_Winnebago_2018_ground_elevation_regression_ntrain3000000,1e-05,btab_boxeig_topk_8192_q192,c1,topk_8192,192.0,8192.0,10609.0,10609.0,25112.0,5.520105239467475,20444.51560835169,816.0590567221963,8160.590567221962,8160.590567221962,3.0804638414250927e-14,2.6955887832177557e-15,32593920.0,418.0,418.0,418.0,cupy,731,731.0,0.3761735289999706,0.3801222600000074,1.7535871689999567,1.8110644800000275,0.0789016330001004,1.889966113000128,0.0306542933995394,0.0310973877842011
USGS_LPC_IL_Winnebago_2018_ground_elevation_regression_ntrain3000000,1e-05,btab_boxeig_topk_8192_q256,c1,topk_8192,256.0,1225.0,1225.0,1225.0,0.0,0.0,0.0,0.6465511192369116,6.465511192369116,6.465511192369116,2.59304567378584e-11,4.6852140659899935e-14,5021696.0,546.0,546.0,546.0,cupy,9,9.0,1.594678389999899,1.596489879999922,1.6193719059999694,1.646426736999956,0.1235582159999921,1.7699849529999483,0.1431810440738486,0.1431380168340827
USGS_LPC_IL_Winnebago_2018_ground_elevation_regression_ntrain3000000,1e-05,btab_boxeig_topk_8192_q256,c1,topk_8192,256.0,8192.0,10609.0,10609.0,25112.0,5.520105239467475,20444.51560835169,419.62313071503854,4196.231307150385,4196.231307150385,7.807039187390838e-14,4.4211527745540955e-15,43458560.0,546.0,546.0,546.0,cupy,534,534.0,0.5203865869999618,0.5244673910000301,1.5844034310000552,1.6412128590000066,0.1058383549999462,1.7470512139999528,0.0306542979610783,0.0310974154932642
USGS_LPC_IL_Winnebago_2018_ground_elevation_regression_ntrain30000000,1e-05,btab_boxeig_topk_1024_q64,c1,topk_1024,64.0,1024.0,1225.0,1225.0,0.0,0.0,0.0,45268.322850988414,452683.2285098841,452683.2285098841,9.678503243950438e-15,1.079001189593733e-15,1255424.0,162.0,162.0,162.0,cupy,1387,1387.0,0.1263514259999283,0.1281869389999883,2.375371346999941,2.5231927539999788,0.0265361240000174,2.5497288779999963,0.1326596290716668,0.1326567282527206
USGS_LPC_IL_Winnebago_2018_ground_elevation_regression_ntrain30000000,1e-05,btab_boxeig_topk_1024_q64,c1,topk_1024,64.0,1024.0,1369.0,1369.0,34352.0,7204.558888596942,4777312.262290385,76954.83640194332,769548.3640194332,769548.3640194332,4.176411345182729e-15,1.0156808338871725e-15,1402880.0,162.0,162.0,162.0,cupy,4095,4095.0,0.1246200530000578,0.1275401100000408,6.9005814810000174,7.096050614999967,0.0263081150000061,7.1223587299999735,0.0278759664223312,0.027856803060003
USGS_LPC_IL_Winnebago_2018_ground_elevation_regression_ntrain30000000,1e-05,btab_boxeig_topk_1024_q128,c1,topk_1024,128.0,1024.0,1225.0,1225.0,0.0,0.0,0.0,1932.1951307333425,19321.951307333424,19321.951307333424,8.080366155648887e-14,3.942825808513419e-15,2510848.0,290.0,290.0,290.0,cupy,331,331.0,0.2439807490000021,0.2458116169999584,0.8092420130000164,0.9568870880000304,0.0522122700000409,1.0090993580000711,0.1326597000912286,0.1326568005826172
USGS_LPC_IL_Winnebago_2018_ground_elevation_regression_ntrain30000000,1e-05,btab_boxeig_topk_1024_q128,c1,topk_1024,128.0,1024.0,1369.0,1369.0,34352.0,7204.558888596942,4777312.262290385,19614.934991014645,196149.34991014644,196149.34991014644,7.820106747098317e-15,1.5170729527128996e-15,2805760.0,290.0,290.0,290.0,cupy,2450,2450.0,0.2369561159999875,0.2399879450000526,4.322606003000033,4.519579322000027,0.0512544940000907,4.570833816000118,0.0278759294012184,0.0278567670987079
USGS_LPC_IL_Winnebago_2018_ground_elevation_regression_ntrain30000000,1e-05,btab_boxeig_topk_16384_q128,c1,topk_16384,128.0,1225.0,1225.0,1225.0,0.0,0.0,0.0,1932.1951307333493,19321.951307333493,19321.951307333493,9.616535332372223e-14,4.130249512044293e-15,2510848.0,290.0,290.0,290.0,cupy,331,331.0,0.2355856770000173,0.2373949909999737,0.7981149920000234,0.9458369050000784,0.0520633790000601,0.9979002840001384,0.1326597009679647,0.132656800905467
USGS_LPC_IL_Winnebago_2018_ground_elevation_regression_ntrain30000000,1e-05,btab_boxeig_topk_16384_q128,c1,topk_16384,128.0,16384.0,21025.0,21025.0,14696.0,10.25414177370542,48256.9328440468,19700.54780726816,197005.4780726816,197005.4780726816,8.564829541995364e-15,1.6067067304878346e-15,43061248.0,290.0,290.0,290.0,cupy,3138,3138.0,0.7245519190000778,0.7296528999997918,6.95611750199987,7.152091996999843,0.0529125749999366,7.20500457199978,0.0278759321629507,0.0278567603767067
USGS_LPC_IL_Winnebago_2018_ground_elevation_regression_ntrain30000000,1e-05,btab_boxeig_topk_16384_q192,c1,topk_16384,192.0,1225.0,1225.0,1225.0,0.0,0.0,0.0,101.19712285995202,1011.97122859952,1011.97122859952,8.665096559715125e-13,2.317557376467661e-14,3766272.0,418.0,418.0,418.0,cupy,89,89.0,0.631172289999995,0.6331516989999955,0.8007869110000456,0.949417767,0.0774362440000686,1.0268540110000686,0.1326597413419123,0.1326568452012273
USGS_LPC_IL_Winnebago_2018_ground_elevation_regression_ntrain30000000,1e-05,btab_boxeig_topk_16384_q192,c1,topk_16384,192.0,16384.0,21025.0,21025.0,14696.0,10.25414177370542,48256.9328440468,8161.583017237359,81615.83017237358,81615.83017237358,1.3152957474274994e-14,2.4667796487595666e-15,64591872.0,418.0,418.0,418.0,cupy,2075,2075.0,0.4964654230000178,0.5016404729999522,4.995381112999894,5.191229022000016,0.0808121899999605,5.272041211999976,0.0278759233753413,0.0278567581627801
USGS_LPC_IL_Winnebago_2018_ground_elevation_regression_ntrain30000000,1e-05,btab_boxeig_topk_16384_q256,c1,topk_16384,256.0,1225.0,1225.0,1225.0,0.0,0.0,0.0,5.563044596623811,55.63044596623811,55.63044596623811,5.645223606062842e-11,4.5758866277303485e-14,5021696.0,546.0,546.0,546.0,cupy,23,23.0,0.459436654000001,0.4613139769999179,0.5057639859999199,0.6536749819999841,0.1012745409999524,0.7549495229999366,0.1326599169243034,0.1326570279368536
USGS_LPC_IL_Winnebago_2018_ground_elevation_regression_ntrain30000000,1e-05,btab_boxeig_topk_16384_q256,c1,topk_16384,256.0,16384.0,21025.0,21025.0,14696.0,10.25414177370542,48256.9328440468,4196.318237929804,41963.18237929804,41963.18237929804,6.623984132134438e-14,4.120384058524771e-15,86122496.0,546.0,546.0,546.0,cupy,1495,1495.0,0.7658655630000339,0.7712443830000666,4.278271119999999,4.474199693000173,0.1055186859998684,4.579718379000042,0.027875923299657,0.0278567583329502
USGS_LPC_IL_Winnebago_2018_ground_elevation_regression_ntrain30000000,1e-05,btab_boxeig_topk_2048_q64,c1,topk_2048,64.0,1225.0,1225.0,1225.0,0.0,0.0,0.0,45268.32285098839,452683.2285098838,452683.2285098838,1.0937553701338656e-14,1.0655732138486191e-15,1255424.0,162.0,162.0,162.0,cupy,1378,1378.0,0.1272835050000367,0.1291860970000016,2.36943438600008,2.5171381220000058,0.0268894309999723,2.544027552999978,0.1326596294796447,0.1326567282435644
USGS_LPC_IL_Winnebago_2018_ground_elevation_regression_ntrain30000000,1e-05,btab_boxeig_topk_2048_q64,c1,topk_2048,64.0,2048.0,2601.0,2601.0,33120.0,1636.4323537299117,1890633.603831393,77105.3387273672,771053.3872736719,771053.3872736719,4.0878994310880665e-15,1.039131629683086e-15,2664448.0,162.0,162.0,162.0,cupy,4697,4697.0,0.124113894000061,0.127162515000009,7.856131572000095,8.051881115000015,0.0260961980000047,8.07797731300002,0.0278759078883219,0.0278567484273389
USGS_LPC_IL_Winnebago_2018_ground_elevation_regression_ntrain30000000,1e-05,btab_boxeig_topk_2048_q128,c1,topk_2048,128.0,1225.0,1225.0,1225.0,0.0,0.0,0.0,1932.195130733344,19321.951307333435,19321.951307333435,1.2681721952482884e-13,4.7445422494834704e-15,2510848.0,290.0,290.0,290.0,cupy,344,344.0,0.2381054319999975,0.2399650940000128,0.8095242859999416,0.9571644269999524,0.0528500670000084,1.010014493999961,0.1326596639981228,0.132656780430135
USGS_LPC_IL_Winnebago_2018_ground_elevation_regression_ntrain30000000,1e-05,btab_boxeig_topk_2048_q128,c1,topk_2048,128.0,2048.0,2601.0,2601.0,33120.0,1636.4323537299117,1890633.603831393,19692.15834060477,196921.5834060477,196921.5834060477,9.283926261563197e-15,1.6662551507907065e-15,5328896.0,290.0,290.0,290.0,cupy,2536,2536.0,0.2361805819999745,0.2393058209999026,4.489337786999954,4.6850008269999535,0.050892570999963,4.7358933979999165,0.0278759087894282,0.0278567443295476
USGS_LPC_IL_Winnebago_2018_ground_elevation_regression_ntrain30000000,1e-05,btab_boxeig_topk_2048_q192,c1,topk_2048,192.0,1225.0,1225.0,1225.0,0.0,0.0,0.0,101.19712285995026,1011.9712285995024,1011.9712285995024,1.3234829454908578e-12,1.7510620439627817e-14,3766272.0,418.0,418.0,418.0,cupy,89,89.0,0.361673878999909,0.3635225240000181,0.5314674339999783,0.6794610649999413,0.0786667429999852,0.7581278079999265,0.1326597412434345,0.1326568438950779
USGS_LPC_IL_Winnebago_2018_ground_elevation_regression_ntrain30000000,1e-05,btab_boxeig_topk_2048_q192,c1,topk_2048,192.0,2048.0,2601.0,2601.0,33120.0,1636.4323537299117,1890633.603831393,8126.282213578631,81262.82213578631,81262.82213578631,4.994456304405072e-14,2.822046670716148e-15,7993344.0,418.0,418.0,418.0,cupy,1758,1758.0,0.7004869190000136,0.7035399369999595,3.679619392999939,3.87509396300004,0.075369935000026,3.9504638980000655,0.0278759152857947,0.0278567508409416
USGS_LPC_IL_Winnebago_2018_ground_elevation_regression_ntrain30000000,1e-05,btab_boxeig_topk_4096_q128,c1,topk_4096,128.0,1225.0,1225.0,1225.0,0.0,0.0,0.0,1932.195130733341,19321.951307333413,19321.951307333413,1.0302121414936116e-13,4.0273141080156e-15,2510848.0,290.0,290.0,290.0,cupy,331,331.0,0.2376745440000149,0.2394872229999691,0.7982092589999183,0.9458866190000208,0.0529745689999572,0.998861187999978,0.1326597006497524,0.1326568009468046
USGS_LPC_IL_Winnebago_2018_ground_elevation_regression_ntrain30000000,1e-05,btab_boxeig_topk_4096_q128,c1,topk_4096,128.0,4096.0,5329.0,5329.0,30392.0,295.1563404084071,637241.9886325274,19697.10618238361,196971.0618238361,196971.0618238361,9.504417997504104e-15,1.7672341143249857e-15,10915840.0,290.0,290.0,290.0,cupy,2740,2740.0,0.2518730289999666,0.2552573939999547,4.8487330909999855,5.044270016000041,0.0534838959999888,5.09775391200003,0.0278759457731797,0.0278567768009437
USGS_LPC_IL_Winnebago_2018_ground_elevation_regression_ntrain30000000,1e-05,btab_boxeig_topk_4096_q192,c1,topk_4096,192.0,1225.0,1225.0,1225.0,0.0,0.0,0.0,101.1971228599489,1011.971228599489,1011.971228599489,2.570690299166006e-12,1.9717796619419483e-14,3766272.0,418.0,418.0,418.0,cupy,89,89.0,0.7886848910000026,0.7905663349999941,0.9599436500000138,1.1076215129999127,0.0775722759999553,1.185193788999868,0.1326597394794751,0.1326568431659632
USGS_LPC_IL_Winnebago_2018_ground_elevation_regression_ntrain30000000,1e-05,btab_boxeig_topk_4096_q192,c1,topk_4096,192.0,4096.0,5329.0,5329.0,30392.0,295.1563404084071,637241.9886325274,8158.3194684064465,81583.19468406447,81583.19468406447,1.3770372108488566e-14,2.617802061340985e-15,16373760.0,418.0,418.0,418.0,cupy,1872,1872.0,0.3715267029999722,0.3749179090000325,3.5309683730000643,3.726472340999976,0.0787097679999533,3.80518210899993,0.0278759361028486,0.0278567727907468
USGS_LPC_IL_Winnebago_2018_ground_elevation_regression_ntrain30000000,1e-05,btab_boxeig_topk_4096_q256,c1,topk_4096,256.0,1225.0,1225.0,1225.0,0.0,0.0,0.0,5.563044596624167,55.63044596624167,55.63044596624167,1.8329893050463503e-11,4.8035220089464424e-14,5021696.0,546.0,546.0,546.0,cupy,23,23.0,0.4694861229999105,0.4713539729999638,0.5167633560000695,0.6643664080000917,0.1032451410000021,0.7676115490000939,0.1326599168924873,0.1326570279227406
USGS_LPC_IL_Winnebago_2018_ground_elevation_regression_ntrain30000000,1e-05,btab_boxeig_topk_4096_q256,c1,topk_4096,256.0,4096.0,5329.0,5329.0,30392.0,295.1563404084071,637241.9886325274,4193.561029380047,41935.61029380047,41935.61029380047,7.244660637293926e-14,5.199887312191876e-15,21831680.0,546.0,546.0,546.0,cupy,1368,1368.0,0.514176063999912,0.5175614309999901,2.8171793280000657,3.0129408680001006,0.1048011609999548,3.1177420290000555,0.0278759356217369,0.0278567724018247
USGS_LPC_IL_Winnebago_2018_ground_elevation_regression_ntrain30000000,1e-05,btab_boxeig_topk_8192_q128,c1,topk_8192,128.0,1225.0,1225.0,1225.0,0.0,0.0,0.0,1932.195130733343,19321.951307333427,19321.951307333427,9.324337167764437e-14,5.408428320554915e-15,2510848.0,290.0,290.0,290.0,cupy,331,331.0,0.2370435660000112,0.2388974949999465,0.7810459739999942,0.9294728920000352,0.0522451299999602,0.9817180219999956,0.1326596986338456,0.1326567984843506
USGS_LPC_IL_Winnebago_2018_ground_elevation_regression_ntrain30000000,1e-05,btab_boxeig_topk_8192_q128,c1,topk_8192,128.0,8192.0,10609.0,10609.0,25112.0,55.2010523946633,204445.1560834745,19700.23255928972,197002.3255928972,197002.3255928972,1.0476462822781381e-14,1.834844953290968e-15,21729280.0,290.0,290.0,290.0,cupy,3020,3020.0,0.2465780509999149,0.250407301999985,5.290015647000018,5.486088806999987,0.0539684620000571,5.5400572690000445,0.0278759070557203,0.0278567461992185
USGS_LPC_IL_Winnebago_2018_ground_elevation_regression_ntrain30000000,1e-05,btab_boxeig_topk_8192_q192,c1,topk_8192,192.0,1225.0,1225.0,1225.0,0.0,0.0,0.0,101.19712285995308,1011.9712285995308,1011.9712285995308,1.214961274906105e-12,1.511415810596211e-14,3766272.0,418.0,418.0,418.0,cupy,89,89.0,0.354228906000003,0.3560800100000278,0.5178038320000269,0.6660479370000303,0.0771421089999648,0.7431900459999952,0.132659740434695,0.1326568436578666
USGS_LPC_IL_Winnebago_2018_ground_elevation_regression_ntrain30000000,1e-05,btab_boxeig_topk_8192_q192,c1,topk_8192,192.0,8192.0,10609.0,10609.0,25112.0,55.2010523946633,204445.1560834745,8161.170502662889,81611.70502662889,81611.70502662889,1.6153208998827114e-14,2.529951647774493e-15,32593920.0,418.0,418.0,418.0,cupy,1988,1988.0,0.3810267149999617,0.3851383549999809,4.108821081000087,4.305535846999987,0.0795591809999223,4.38509502799991,0.0278759051504187,0.0278567434363632
USGS_LPC_IL_Winnebago_2018_ground_elevation_regression_ntrain30000000,1e-05,btab_boxeig_topk_8192_q256,c1,topk_8192,256.0,1225.0,1225.0,1225.0,0.0,0.0,0.0,5.563044596627788,55.63044596627788,55.63044596627788,1.9727953757894003e-11,5.3548860382631624e-14,5021696.0,546.0,546.0,546.0,cupy,36,36.0,0.4571614139999838,0.4590134839999109,0.5277526810000381,0.6750372910000806,0.10094651899999,0.7759838100000707,0.1326596189988726,0.1326567232914908
USGS_LPC_IL_Winnebago_2018_ground_elevation_regression_ntrain30000000,1e-05,btab_boxeig_topk_8192_q256,c1,topk_8192,256.0,8192.0,10609.0,10609.0,25112.0,55.2010523946633,204445.1560834745,4196.034102532511,41960.34102532511,41960.34102532511,1.0330808774772524e-13,5.740970155096969e-15,43458560.0,546.0,546.0,546.0,cupy,1428,1428.0,0.5230435989999478,0.5272157089998473,3.35183314699998,3.5479477689998475,0.106917783000199,3.654865552000047,0.0278759058000251,0.0278567423310304
synthetic_true_func_2d_n1000000,1e-05,btab_boxeig_topk_1024_q64,c1,topk_1024,64.0,1024.0,1225.0,1225.0,0.0,0.0,0.0,1509.2846745806498,15092.846745806495,15092.846745806495,1.1037614138006154e-14,1.289068297050609e-15,1255424.0,162.0,162.0,162.0,cupy,179,179.0,0.125847527000019,0.1277098260000002,0.4363351749999538,0.4545276540000031,0.0263084760000538,0.480836130000057,0.0200051296833777,0.0004192448524107
synthetic_true_func_2d_n1000000,1e-05,btab_boxeig_topk_1024_q64,c1,topk_1024,64.0,1024.0,1369.0,1369.0,34352.0,240.1514296249552,159243.36646233394,2521.069931628679,25210.69931628679,25210.69931628679,4.040704838145649e-15,1.0760890464467846e-15,1402880.0,162.0,162.0,162.0,cupy,592,592.0,0.1324165910000374,0.1353702970000085,1.1408833460000096,1.169634833000032,0.0270935329999701,1.196728366000002,0.0199360456016564,0.0012657066854215
synthetic_true_func_2d_n1000000,1e-05,btab_boxeig_topk_1024_q128,c1,topk_1024,128.0,1024.0,1225.0,1225.0,0.0,0.0,0.0,70.92674491875367,709.2674491875366,709.2674491875366,2.3868873106319066e-13,3.024746194611668e-15,2510848.0,290.0,290.0,290.0,cupy,49,49.0,0.2365197320000334,0.2383585169999378,0.3331828289999521,0.3514533190000293,0.0536818179999727,0.405135137000002,0.0200051312527223,0.0004198514625054
synthetic_true_func_2d_n1000000,1e-05,btab_boxeig_topk_1024_q128,c1,topk_1024,128.0,1024.0,1369.0,1369.0,34352.0,240.1514296249552,159243.36646233394,691.2003545512331,6912.003545512331,6912.003545512331,1.2106496284355978e-14,1.5076310415257392e-15,2805760.0,290.0,290.0,290.0,cupy,287,287.0,0.2370016979999718,0.2399682400000529,0.7345384980000063,0.7643248660000381,0.0504004269999995,0.8147252930000377,0.0199360478864529,0.0012659985267707
synthetic_true_func_2d_n1000000,1e-05,btab_boxeig_topk_16384_q128,c1,topk_16384,128.0,1225.0,1225.0,1225.0,0.0,0.0,0.0,70.92674491875364,709.2674491875364,709.2674491875364,8.830864571478496e-14,3.520700523485602e-15,2510848.0,290.0,290.0,290.0,cupy,49,49.0,0.2375686509999468,0.2393787800000382,0.3343887500000164,0.352210358000093,0.0532297529999823,0.4054401110000754,0.0200051312295568,0.0004198507833216
synthetic_true_func_2d_n1000000,1e-05,btab_boxeig_topk_16384_q128,c1,topk_16384,128.0,16384.0,21025.0,21025.0,14696.0,0.3418038697450546,1608.560388813903,692.0938465194346,6920.938465194346,6920.938465194346,1.0205112997329271e-14,1.3046171143468869e-15,43061248.0,290.0,290.0,290.0,cupy,276,276.0,0.2832318400000986,0.2881191900000885,0.845699391999915,0.8751945679999835,0.0530021130000477,0.9281966810000312,0.019936047509122,0.0012657978164252
synthetic_true_func_2d_n1000000,1e-05,btab_boxeig_topk_16384_q192,c1,topk_16384,192.0,1225.0,1225.0,1225.0,0.0,0.0,0.0,4.10727485221263,41.0727485221263,41.0727485221263,1.4468631066830934e-12,1.1678640220494754e-14,3766272.0,418.0,418.0,418.0,cupy,11,11.0,1.6800899300000085,1.6819252989999995,1.704642382999964,1.7224499029999834,0.0967332090000354,1.8191831120000188,0.0200051314907074,0.0004188526491014
synthetic_true_func_2d_n1000000,1e-05,btab_boxeig_topk_16384_q192,c1,topk_16384,192.0,16384.0,21025.0,21025.0,14696.0,0.3418038697450546,1608.560388813903,298.81947700812964,2988.194770081296,2988.194770081296,2.0288097854388e-14,1.7696011849618298e-15,64591872.0,418.0,418.0,418.0,cupy,173,173.0,1.0636056399999916,1.0688677360000156,1.454812414999992,1.4842219250000426,0.0770914569999376,1.5613133819999805,0.0199360484624488,0.0012654607162461
synthetic_true_func_2d_n1000000,1e-05,btab_boxeig_topk_16384_q256,c1,topk_16384,256.0,1225.0,1225.0,1225.0,0.0,0.0,0.0,0.3043345684599854,3.043345684599854,3.043345684599854,2.3907547888591636e-11,4.0232038434607746e-14,5021696.0,546.0,546.0,546.0,cupy,2,2.0,1.197717171000022,1.1996294320000516,1.2054169660000298,1.2238744170000473,0.120544218999953,1.3444186360000003,0.0200050929449413,0.0004180199150081
synthetic_true_func_2d_n1000000,1e-05,btab_boxeig_topk_16384_q256,c1,topk_16384,256.0,16384.0,21025.0,21025.0,14696.0,0.3418038697450546,1608.560388813903,150.19382444064215,1501.9382444064215,1501.9382444064215,3.1128157863811475e-14,3.258251933844996e-15,86122496.0,546.0,546.0,546.0,cupy,122,122.0,0.8745453830000542,0.8798744740000757,1.1693009599999868,1.1987424049999618,0.1029765719999886,1.3017189769999504,0.0199360486184955,0.0012655785219073
synthetic_true_func_2d_n1000000,1e-05,btab_boxeig_topk_2048_q64,c1,topk_2048,64.0,1225.0,1225.0,1225.0,0.0,0.0,0.0,1509.2846745806498,15092.846745806495,15092.846745806495,5.470039398655736e-15,1.2574284934824954e-15,1255424.0,162.0,162.0,162.0,cupy,179,179.0,0.1256778560000384,0.1275622919999932,0.435868361999951,0.453759899999909,0.026350395999998,0.480110295999907,0.020005129631319,0.0004192302590833
synthetic_true_func_2d_n1000000,1e-05,btab_boxeig_topk_2048_q64,c1,topk_2048,64.0,2048.0,2601.0,2601.0,33120.0,54.54761652132973,63020.96672492494,2521.603655035042,25216.036550350414,25216.036550350414,5.121889703518174e-15,1.1135389276718578e-15,2664448.0,162.0,162.0,162.0,cupy,567,567.0,0.1243735049999941,0.1273819820000881,1.0811126600000307,1.109956927999974,0.0258949440000151,1.1358518719999893,0.0199360455334554,0.0012658721720429
synthetic_true_func_2d_n1000000,1e-05,btab_boxeig_topk_2048_q128,c1,topk_2048,128.0,1225.0,1225.0,1225.0,0.0,0.0,0.0,70.92674491875368,709.2674491875368,709.2674491875368,1.6790486989134476e-13,3.3657387199006848e-15,2510848.0,290.0,290.0,290.0,cupy,49,49.0,0.2365210660000229,0.2383480900000449,0.3330012080000415,0.3511373200000207,0.0537005950000093,0.4048379150000301,0.0200051312490536,0.0004198518312578
synthetic_true_func_2d_n1000000,1e-05,btab_boxeig_topk_2048_q128,c1,topk_2048,128.0,2048.0,2601.0,2601.0,33120.0,54.54761652132973,63020.96672492494,691.9820422213622,6919.820422213622,6919.820422213622,1.0661813008176168e-14,1.6416338192695841e-15,5328896.0,290.0,290.0,290.0,cupy,284,284.0,0.2372974020000811,0.2402375929999607,0.7343528650000053,0.7628958560000001,0.0507369250000238,0.8136327810000239,0.0199360476510569,0.0012658921796354
synthetic_true_func_2d_n1000000,1e-05,btab_boxeig_topk_2048_q192,c1,topk_2048,192.0,1225.0,1225.0,1225.0,0.0,0.0,0.0,4.107274852212597,41.07274852212596,41.07274852212596,1.0238365726056785e-12,1.3146841495328031e-14,3766272.0,418.0,418.0,418.0,cupy,11,11.0,0.3570073939999929,0.3588212120000662,0.3816063379999832,0.3992465490000541,0.0922178509999867,0.4914644000000407,0.0200051314908404,0.0004188527609427
synthetic_true_func_2d_n1000000,1e-05,btab_boxeig_topk_2048_q192,c1,topk_2048,192.0,2048.0,2601.0,2601.0,33120.0,54.54761652132973,63020.96672492494,298.69774733530977,2986.9774733530976,2986.9774733530976,3.312626990135015e-14,1.9220817870081065e-15,7993344.0,418.0,418.0,418.0,cupy,188,188.0,0.3629230880000023,0.3659900070000503,0.6995235200000707,0.7292054130000452,0.0754210690000718,0.804626482000117,0.0199360476047921,0.0012656408868445
synthetic_true_func_2d_n1000000,1e-05,btab_boxeig_topk_4096_q128,c1,topk_4096,128.0,1225.0,1225.0,1225.0,0.0,0.0,0.0,70.92674491875367,709.2674491875366,709.2674491875366,8.981742370085815e-14,3.319627800305201e-15,2510848.0,290.0,290.0,290.0,cupy,49,49.0,0.2367283160000397,0.2385477260000925,0.3333975980000332,0.3514394710000488,0.053626400999974,0.4050658720000228,0.0200051312836282,0.0004198517499337
synthetic_true_func_2d_n1000000,1e-05,btab_boxeig_topk_4096_q128,c1,topk_4096,128.0,4096.0,5329.0,5329.0,30392.0,9.83852065960661,21241.346961770272,692.0767201498466,6920.7672014984655,6920.7672014984655,1.0285496984695172e-14,1.5167515284051705e-15,10915840.0,290.0,290.0,290.0,cupy,275,275.0,0.2454168710000885,0.2487405200000694,0.7284435620000522,0.7581007400000317,0.0531462520000332,0.8112469920000649,0.0199360561501403,0.0012661379558198
synthetic_true_func_2d_n1000000,1e-05,btab_boxeig_topk_4096_q192,c1,topk_4096,192.0,1225.0,1225.0,1225.0,0.0,0.0,0.0,4.107274852212617,41.07274852212617,41.07274852212617,1.2902706117625829e-12,1.120614970643644e-14,3766272.0,418.0,418.0,418.0,cupy,11,11.0,0.3587929710000708,0.3606288700000277,0.3832765910000262,0.4012140790000558,0.0963162479999937,0.4975303270000495,0.0200051314892144,0.0004188527870207
synthetic_true_func_2d_n1000000,1e-05,btab_boxeig_topk_4096_q192,c1,topk_4096,192.0,4096.0,5329.0,5329.0,30392.0,9.83852065960661,21241.346961770272,298.80136316594013,2988.013631659401,2988.013631659401,3.681351315608049e-14,1.9176242627156503e-15,16373760.0,418.0,418.0,418.0,cupy,180,180.0,0.3751422600000751,0.3784565219999649,0.7022390390000055,0.7321658570000409,0.0789225349999469,0.8110883919999878,0.0199360542706857,0.001265996864001
synthetic_true_func_2d_n1000000,1e-05,btab_boxeig_topk_4096_q256,c1,topk_4096,256.0,1225.0,1225.0,1225.0,0.0,0.0,0.0,0.3043345684598464,3.043345684598464,3.043345684598464,3.7462635682810384e-11,4.8961541115671597e-14,5021696.0,546.0,546.0,546.0,cupy,2,2.0,0.4686781120000205,0.4705585290000726,0.4760473420000153,0.4941725759999826,0.1189425019999816,0.6131150779999643,0.020005092944987,0.0004180199157219
synthetic_true_func_2d_n1000000,1e-05,btab_boxeig_topk_4096_q256,c1,topk_4096,256.0,4096.0,5329.0,5329.0,30392.0,9.83852065960661,21241.346961770272,150.17769986621354,1501.7769986621354,1501.7769986621354,2.7263676120382603e-14,3.3867878497737475e-15,21831680.0,546.0,546.0,546.0,cupy,129,129.0,0.4946751520000134,0.4979705099999592,0.7322793739999724,0.7621761299999434,0.1049689850000277,0.8671451149999712,0.019936050053871,0.0012657998401154
synthetic_true_func_2d_n1000000,1e-05,btab_boxeig_topk_8192_q128,c1,topk_8192,128.0,1225.0,1225.0,1225.0,0.0,0.0,0.0,70.92674491875361,709.267449187536,709.267449187536,1.3480529330336013e-13,3.329516136412093e-15,2510848.0,290.0,290.0,290.0,cupy,49,49.0,0.2358404210000344,0.2376814110000396,0.3326114499999448,0.3507821299999705,0.0537222680000013,0.4045043979999718,0.0200051312598382,0.0004198507006202
synthetic_true_func_2d_n1000000,1e-05,btab_boxeig_topk_8192_q128,c1,topk_8192,128.0,8192.0,10609.0,10609.0,25112.0,1.840030510776764,6814.82149469016,692.0915484633265,6920.915484633265,6920.915484633265,1.0267926232829685e-14,1.7350091437675712e-15,21729280.0,290.0,290.0,290.0,cupy,311,311.0,0.2476912780000475,0.2513980479999418,0.7869465420000097,0.8170368639999879,0.0551526149999972,0.8721894789999851,0.0199360461774056,0.0012661173951591
synthetic_true_func_2d_n1000000,1e-05,btab_boxeig_topk_8192_q192,c1,topk_8192,192.0,1225.0,1225.0,1225.0,0.0,0.0,0.0,4.107274852212586,41.072748522125856,41.072748522125856,1.5642640542193517e-12,1.237576488519442e-14,3766272.0,418.0,418.0,418.0,cupy,11,11.0,0.3668412779999244,0.368708115000004,0.3911438110000063,0.4091608789999554,0.0910164549999308,0.5001773339998863,0.0200051314911687,0.0004188527810066
synthetic_true_func_2d_n1000000,1e-05,btab_boxeig_topk_8192_q192,c1,topk_8192,192.0,8192.0,10609.0,10609.0,25112.0,1.840030510776764,6814.82149469016,298.8170415471586,2988.1704154715862,2988.1704154715862,4.7601506346882493e-14,2.0619857339893917e-15,32593920.0,418.0,418.0,418.0,cupy,202,202.0,0.3774382809999679,0.3813669179999124,0.772811268000055,0.8023321590000023,0.0802075299999387,0.8825396889999411,0.0199360439259589,0.0012661660612552
synthetic_true_func_2d_n1000000,1e-05,btab_boxeig_topk_8192_q256,c1,topk_8192,256.0,1225.0,1225.0,1225.0,0.0,0.0,0.0,0.3043345684598726,3.0433456845987266,3.0433456845987266,1.778294883021377e-11,4.2793717767088237e-14,5021696.0,546.0,546.0,546.0,cupy,2,2.0,0.46467932500002,0.4665549469999632,0.4731695929999659,0.4911857269999018,0.1252967940000644,0.6164825209999663,0.0200050929449429,0.0004180199142729
synthetic_true_func_2d_n1000000,1e-05,btab_boxeig_topk_8192_q256,c1,topk_8192,256.0,8192.0,10609.0,10609.0,25112.0,1.840030510776764,6814.82149469016,150.19158097286063,1501.9158097286063,1501.9158097286063,3.3306511975225623e-14,3.201726067661331e-15,43458560.0,546.0,546.0,546.0,cupy,140,140.0,0.5204798390000178,0.5245466190000343,0.8120411059999242,0.8418410519999497,0.105268959,0.9471100109999496,0.0199360408920308,0.0012661424741597
synthetic_true_func_2d_n10000000,1e-05,btab_boxeig_topk_1024_q64,c1,topk_1024,64.0,1024.0,1225.0,1225.0,0.0,0.0,0.0,15048.652938134275,150486.52938134276,150486.52938134276,8.689851988050088e-15,1.2625859360589357e-15,1255424.0,162.0,162.0,162.0,cupy,353,353.0,0.1267709050000576,0.1285732940000343,0.7158363539999755,0.7745558609999534,0.026587137999968,0.8011429989999215,0.0200081418512213,0.0003533709487576
synthetic_true_func_2d_n10000000,1e-05,btab_boxeig_topk_1024_q64,c1,topk_1024,64.0,1024.0,1369.0,1369.0,34352.0,2401.5191371138226,1592437.0739614717,25155.104903338663,251551.0490333866,251551.0490333866,4.5713425957454e-15,9.823900430352017e-16,1402880.0,162.0,162.0,162.0,cupy,897,897.0,0.1239559820000977,0.1269296609999628,1.6279378200000565,1.7313509589999967,0.0259250020000081,1.7572759610000048,0.0199956674440444,0.0005601465820197
synthetic_true_func_2d_n10000000,1e-05,btab_boxeig_topk_1024_q128,c1,topk_1024,128.0,1024.0,1225.0,1225.0,0.0,0.0,0.0,708.360949552309,7083.609495523089,7083.609495523089,3.672905772804873e-13,4.229378625608974e-15,2510848.0,290.0,290.0,290.0,cupy,93,93.0,0.2364033889999746,0.2382720939999671,0.4059928740000487,0.4647572740000214,0.0523345919999655,0.517091865999987,0.0200081421119147,0.0003535247525204
synthetic_true_func_2d_n10000000,1e-05,btab_boxeig_topk_1024_q128,c1,topk_1024,128.0,1024.0,1369.0,1369.0,34352.0,2401.5191371138226,1592437.0739614717,6911.195760736614,69111.95760736613,69111.95760736613,1.2922900614385396e-14,1.2725270269118558e-15,2805760.0,290.0,290.0,290.0,cupy,365,365.0,0.4411290689999987,0.4441066320000573,1.0743350809999583,1.1777773699999443,0.0510744480000084,1.2288518179999528,0.0199956686389278,0.0005599963991279
synthetic_true_func_2d_n10000000,1e-05,btab_boxeig_topk_16384_q128,c1,topk_16384,128.0,1225.0,1225.0,1225.0,0.0,0.0,0.0,708.3609495523056,7083.609495523056,7083.609495523056,2.552952526949477e-13,4.094823018444199e-15,2510848.0,290.0,290.0,290.0,cupy,91,91.0,0.3177037689999906,0.3195627730000296,0.4897791329999563,0.548643929999912,0.0552986840000357,0.6039426139999478,0.0200081413261015,0.0003541044295516
synthetic_true_func_2d_n10000000,1e-05,btab_boxeig_topk_16384_q128,c1,topk_16384,128.0,16384.0,21025.0,21025.0,14696.0,3.4180464675207816,16085.64055186952,6920.03731925855,69200.3731925855,69200.3731925855,1.2212602211571024e-14,1.350677088379055e-15,43061248.0,290.0,290.0,290.0,cupy,610,610.0,0.2846763630000168,0.2899419249999937,1.501710719000016,1.605641420999973,0.0524833589998934,1.6581247799998664,0.0199956771540384,0.0005602918697235
synthetic_true_func_2d_n10000000,1e-05,btab_boxeig_topk_16384_q192,c1,topk_16384,192.0,1225.0,1225.0,1225.0,0.0,0.0,0.0,40.18434797353224,401.8434797353224,401.8434797353224,4.325945866310692e-12,1.1906051165390158e-14,3766272.0,418.0,418.0,418.0,cupy,24,24.0,0.3550799789999246,0.356931196000005,0.4041780469999594,0.4628525619999664,0.0771520639999607,0.5400046259999272,0.0200081455620023,0.0003545655971121
synthetic_true_func_2d_n10000000,1e-05,btab_boxeig_topk_16384_q192,c1,topk_16384,192.0,16384.0,21025.0,21025.0,14696.0,3.4180464675207816,16085.64055186952,2983.893855603429,29838.938556034293,29838.938556034293,2.7845884932175287e-14,1.7121564971049133e-15,64591872.0,418.0,418.0,418.0,cupy,385,385.0,0.4965713620000542,0.5016937149999876,1.3389766300000474,1.442901063000022,0.0847938570000224,1.5276949200000445,0.019995680306054,0.0005603422475452
synthetic_true_func_2d_n10000000,1e-05,btab_boxeig_topk_16384_q256,c1,topk_16384,256.0,1225.0,1225.0,1225.0,0.0,0.0,0.0,2.14905832639271,21.490583263927096,21.490583263927096,6.221851874097369e-11,4.277720973572563e-14,5021696.0,546.0,546.0,546.0,cupy,4,4.0,0.466088318000061,0.4679637770000227,0.477189046000035,0.535807335999948,0.1028986080000322,0.6387059439999803,0.0200082743750623,0.0003638514257642
synthetic_true_func_2d_n10000000,1e-05,btab_boxeig_topk_16384_q256,c1,topk_16384,256.0,16384.0,21025.0,21025.0,14696.0,3.4180464675207816,16085.64055186952,1502.1633460820349,15021.633460820349,15021.633460820349,2.920317641217102e-14,2.5208756295234295e-15,86122496.0,546.0,546.0,546.0,cupy,254,254.0,0.7618206700000201,0.7671992669999099,1.36739262399999,1.4708567010000024,0.1047575770001003,1.5756142780001028,0.0199956849157509,0.0005600729237407
synthetic_true_func_2d_n10000000,1e-05,btab_boxeig_topk_2048_q64,c1,topk_2048,64.0,1225.0,1225.0,1225.0,0.0,0.0,0.0,15048.652938134266,150486.52938134264,150486.52938134264,7.855924402733252e-15,1.3062570069044824e-15,1255424.0,162.0,162.0,162.0,cupy,353,353.0,0.1269901239999171,0.1288207630000215,0.7134207290000631,0.7720425530000057,0.0265653469999733,0.798607899999979,0.0200081418342862,0.000353384030072
synthetic_true_func_2d_n10000000,1e-05,btab_boxeig_topk_2048_q64,c1,topk_2048,64.0,2048.0,2601.0,2601.0,33120.0,545.477332504985,630211.0596413196,25160.16418479989,251601.6418479989,251601.6418479989,4.30865575181762e-15,1.0362322033111086e-15,2664448.0,162.0,162.0,162.0,cupy,823,823.0,0.1300776069999756,0.1331684449999102,1.5119662949999793,1.61510888600003,0.0260720219999939,1.641180908000024,0.0199956708916823,0.000560046130531
synthetic_true_func_2d_n10000000,1e-05,btab_boxeig_topk_2048_q128,c1,topk_2048,128.0,1225.0,1225.0,1225.0,0.0,0.0,0.0,708.3609495523071,7083.609495523071,7083.609495523071,2.829106392757853e-13,3.899439306505419e-15,2510848.0,290.0,290.0,290.0,cupy,91,91.0,0.2359907320000047,0.2378125249999811,0.4028933380000126,0.4614211599999862,0.0518070499999794,0.5132282099999657,0.0200081413560777,0.0003540657652949
synthetic_true_func_2d_n10000000,1e-05,btab_boxeig_topk_2048_q128,c1,topk_2048,128.0,2048.0,2601.0,2601.0,33120.0,545.477332504985,630211.0596413196,6918.965435282154,69189.65435282154,69189.65435282154,1.3315260165137283e-14,1.3077371210853716e-15,5328896.0,290.0,290.0,290.0,cupy,418,418.0,0.2379717150000715,0.2410921580000149,0.9518354320000526,1.0553948740000578,0.0507455670000354,1.1061404410000932,0.0199956686150727,0.0005600892643872
synthetic_true_func_2d_n10000000,1e-05,btab_boxeig_topk_2048_q192,c1,topk_2048,192.0,1225.0,1225.0,1225.0,0.0,0.0,0.0,40.18434797353236,401.8434797353236,401.8434797353236,5.744466666240903e-12,1.1505507752962219e-14,3766272.0,418.0,418.0,418.0,cupy,22,22.0,0.3551107239999282,0.3569895959999485,0.4027962809999508,0.4614959860000454,0.0783948090000876,0.539890795000133,0.020008152491282,0.0003564806259715
synthetic_true_func_2d_n10000000,1e-05,btab_boxeig_topk_2048_q192,c1,topk_2048,192.0,2048.0,2601.0,2601.0,33120.0,545.477332504985,630211.0596413196,2982.758913484681,29827.58913484681,29827.58913484681,4.4216119520386786e-14,1.852163656149961e-15,7993344.0,418.0,418.0,418.0,cupy,275,275.0,0.3608886900000243,0.3639469250000502,0.8393723110000337,0.94240077500001,0.0757166759999563,1.0181174509999664,0.0199956670600922,0.0005601127313572
synthetic_true_func_2d_n10000000,1e-05,btab_boxeig_topk_4096_q128,c1,topk_4096,128.0,1225.0,1225.0,1225.0,0.0,0.0,0.0,708.3609495523054,7083.609495523054,7083.609495523054,1.0883261379924449e-13,4.151297055972207e-15,2510848.0,290.0,290.0,290.0,cupy,91,91.0,0.2343210400000543,0.2361688649999678,0.4016467250000914,0.4602862180000784,0.0530447630000026,0.513330981000081,0.0200081412838757,0.00035406725464
synthetic_true_func_2d_n10000000,1e-05,btab_boxeig_topk_4096_q128,c1,topk_4096,128.0,4096.0,5329.0,5329.0,30392.0,98.38542462466822,212413.9475908336,6919.887974009592,69198.87974009592,69198.87974009592,1.2448408841498272e-14,1.411104401067881e-15,10915840.0,290.0,290.0,290.0,cupy,566,566.0,0.2450944100000924,0.2484148039999354,1.2107994140000071,1.3135394539999652,0.0529199869999956,1.3664594409999609,0.0199956685132746,0.0005601432167538
synthetic_true_func_2d_n10000000,1e-05,btab_boxeig_topk_4096_q192,c1,topk_4096,192.0,1225.0,1225.0,1225.0,0.0,0.0,0.0,40.18434797353248,401.8434797353247,401.8434797353247,4.760650774462409e-12,1.1583477133029251e-14,3766272.0,418.0,418.0,418.0,cupy,24,24.0,0.3556421770000497,0.3574384769999597,0.4046758559999261,0.46309281799995,0.078210442999989,0.5413032609999391,0.0200081455594456,0.0003545657997375
synthetic_true_func_2d_n10000000,1e-05,btab_boxeig_topk_4096_q192,c1,topk_4096,192.0,4096.0,5329.0,5329.0,30392.0,98.38542462466822,212413.9475908336,2983.7351513250505,29837.351513250505,29837.351513250505,4.3181728327710784e-14,1.99033598553325e-15,16373760.0,418.0,418.0,418.0,cupy,372,372.0,0.3774344480000309,0.3808310529999517,1.01971357299999,1.1236032519999526,0.0785867370000232,1.202189988999976,0.0199956681008314,0.0005601603018979
synthetic_true_func_2d_n10000000,1e-05,btab_boxeig_topk_4096_q256,c1,topk_4096,256.0,1225.0,1225.0,1225.0,0.0,0.0,0.0,2.149058326392998,21.49058326392998,21.49058326392998,2.4857216767525944e-11,9.043953224021454e-14,5021696.0,546.0,546.0,546.0,cupy,4,4.0,0.4673487029999705,0.4692810789999839,0.4785985830000072,0.5372932470000933,0.1051210990000299,0.6424143460001233,0.020008274374818,0.0003638514058997
synthetic_true_func_2d_n10000000,1e-05,btab_boxeig_topk_4096_q256,c1,topk_4096,256.0,4096.0,5329.0,5329.0,30392.0,98.38542462466822,212413.9475908336,1502.0202656440115,15020.202656440117,15020.202656440117,2.940120714801159e-14,3.824765609330462e-15,21831680.0,546.0,546.0,546.0,cupy,242,242.0,0.4901391289999992,0.4935945370000354,0.9136604230000104,1.017882138999994,0.1045945949999804,1.1224767339999744,0.019995667146138,0.0005596594668328
synthetic_true_func_2d_n10000000,1e-05,btab_boxeig_topk_8192_q128,c1,topk_8192,128.0,1225.0,1225.0,1225.0,0.0,0.0,0.0,708.3609495523057,7083.6094955230565,7083.6094955230565,2.968836951627345e-13,3.535208355976788e-15,2510848.0,290.0,290.0,290.0,cupy,91,91.0,0.2335023489999912,0.2353243779999729,0.4003537599999163,0.4592588209999348,0.0522082720000298,0.5114670929999647,0.0200081411356992,0.0003541590976084
synthetic_true_func_2d_n10000000,1e-05,btab_boxeig_topk_8192_q128,c1,topk_8192,128.0,8192.0,10609.0,10609.0,25112.0,18.400346579650652,68148.36962691823,6920.019734500265,69200.19734500264,69200.19734500264,9.919988497145288e-15,1.4660272158086384e-15,21729280.0,290.0,290.0,290.0,cupy,518,518.0,0.2465475899999774,0.2503600420000111,1.1399448420000908,1.2434942580000552,0.0536752890000116,1.2971695470000668,0.0199956709699616,0.0005603188108544
synthetic_true_func_2d_n10000000,1e-05,btab_boxeig_topk_8192_q192,c1,topk_8192,192.0,1225.0,1225.0,1225.0,0.0,0.0,0.0,40.184347973532006,401.8434797353201,401.8434797353201,3.339020138527845e-12,1.2256780023657126e-14,3766272.0,418.0,418.0,418.0,cupy,22,22.0,0.3550136630000224,0.3568704450000268,0.4001427680000233,0.4585304649999671,0.0813054569999849,0.539835921999952,0.0200081525364985,0.0003564814904078
synthetic_true_func_2d_n10000000,1e-05,btab_boxeig_topk_8192_q192,c1,topk_8192,192.0,8192.0,10609.0,10609.0,25112.0,18.400346579650652,68148.36962691823,2983.8751559467173,29838.75155946717,29838.75155946717,2.7704218936512972e-14,1.8262079817157197e-15,32593920.0,418.0,418.0,418.0,cupy,344,344.0,0.5719749619998993,0.5759932749999734,1.2467147500000235,1.3495430410000608,0.0791245440000238,1.4286675850000847,0.0199956701627731,0.0005603061326248
synthetic_true_func_2d_n10000000,1e-05,btab_boxeig_topk_8192_q256,c1,topk_8192,256.0,1225.0,1225.0,1225.0,0.0,0.0,0.0,2.1490583263922285,21.49058326392228,21.49058326392228,2.0359550491372216e-11,6.62201953643331e-14,5021696.0,546.0,546.0,546.0,cupy,4,4.0,1.0733311379999575,1.0754132350000418,1.084834328999932,1.1447169439999243,0.1051612779999686,1.249878221999893,0.0200082743747459,0.0003638514101914
synthetic_true_func_2d_n10000000,1e-05,btab_boxeig_topk_8192_q256,c1,topk_8192,256.0,8192.0,10609.0,10609.0,25112.0,18.400346579650652,68148.36962691823,1502.1465870801755,15021.465870801754,15021.465870801754,3.6322921325662274e-14,4.1009318489960244e-15,43458560.0,546.0,546.0,546.0,cupy,247,247.0,0.5177688119999857,0.5219792710000775,1.0179436439999563,1.1213684570000169,0.105893960000003,1.22726241700002,0.0199956696390663,0.0005603716818972
synthetic_true_func_2d_n3000000,1e-05,btab_boxeig_topk_1024_q64,c1,topk_1024,64.0,1024.0,1225.0,1225.0,0.0,0.0,0.0,4517.951721417816,45179.51721417816,45179.51721417816,9.375264193051648e-15,1.416398600912061e-15,1255424.0,162.0,162.0,162.0,cupy,269,269.0,1.2306812960000002,1.3383526319999532,1.7686036430000058,1.7955801770000337,0.7491880379999998,2.5447682150000333,0.0200012462074837,0.0003462696191729
synthetic_true_func_2d_n3000000,1e-05,btab_boxeig_topk_1024_q64,c1,topk_1024,64.0,1024.0,1369.0,1369.0,34352.0,720.4550297588038,477730.6211788942,7551.573531100978,75515.73531100978,75515.73531100978,4.73479744155086e-15,1.037024678612746e-15,1402880.0,162.0,162.0,162.0,cupy,693,693.0,0.1274489659999744,0.1777460639999617,1.3517065109999749,1.4091418349999003,0.0263965240000061,1.4355383589999064,0.0199708027381609,0.0008843386626556
synthetic_true_func_2d_n3000000,1e-05,btab_boxeig_topk_1024_q128,c1,topk_1024,128.0,1024.0,1225.0,1225.0,0.0,0.0,0.0,212.57110044798816,2125.711004479881,2125.711004479881,2.207534951379653e-13,3.3349296572326625e-15,2510848.0,290.0,290.0,290.0,cupy,71,71.0,0.2461562279999611,0.2480108279999626,0.3801802130000169,0.4070842650000372,0.0516486239999949,0.4587328890000322,0.0200012464041967,0.0003461722949344
synthetic_true_func_2d_n3000000,1e-05,btab_boxeig_topk_1024_q128,c1,topk_1024,128.0,1024.0,1369.0,1369.0,34352.0,720.4550297588038,477730.6211788942,2073.568407717054,20735.68407717054,20735.68407717054,1.0942462169506216e-14,1.3639013564799432e-15,2805760.0,290.0,290.0,290.0,cupy,403,403.0,0.2438792059999741,0.2468923090000316,0.924806837999995,0.9812072610000088,0.0502687700000024,1.031476031000011,0.0199708038837698,0.0008844635488964
synthetic_true_func_2d_n3000000,1e-05,btab_boxeig_topk_16384_q128,c1,topk_16384,128.0,1225.0,1225.0,1225.0,0.0,0.0,0.0,212.57110044798804,2125.71100447988,2125.71100447988,2.4037525536664817e-13,3.396846494436874e-15,2510848.0,290.0,290.0,290.0,cupy,66,66.0,0.2472363129999735,0.2490649939999798,0.3727788909999958,0.4002073369999834,0.0512054589999593,0.4514127959999428,0.0200012593284685,0.0003476088261823
synthetic_true_func_2d_n3000000,1e-05,btab_boxeig_topk_16384_q128,c1,topk_16384,128.0,16384.0,21025.0,21025.0,14696.0,1.0254127984276915,4825.686777746747,2076.2100616449966,20762.100616449963,20762.100616449963,1.0926274965572872e-14,1.3601422794424448e-15,43061248.0,290.0,290.0,290.0,cupy,436,436.0,0.3052882839999711,0.4595703399999138,1.3198410319999994,1.37700638299998,0.0519029119999459,1.4289092949999258,0.019970807071823,0.0008840967289208
synthetic_true_func_2d_n3000000,1e-05,btab_boxeig_topk_16384_q192,c1,topk_16384,192.0,1225.0,1225.0,1225.0,0.0,0.0,0.0,12.137522119663393,121.3752211966339,121.3752211966339,1.4865080976038617e-12,1.2043220165750683e-14,3766272.0,418.0,418.0,418.0,cupy,13,13.0,0.3548936509999976,0.3567767760000038,0.3828633850000074,0.4102382250000005,0.0858371690000012,0.4960753940000018,0.0200012941026578,0.0003488074145975
synthetic_true_func_2d_n3000000,1e-05,btab_boxeig_topk_16384_q192,c1,topk_16384,192.0,16384.0,21025.0,21025.0,14696.0,1.0254127984276915,4825.686777746747,894.9418298151963,8949.418298151963,8949.418298151963,5.0089582088573445e-14,1.976836128246462e-15,64591872.0,418.0,418.0,418.0,cupy,272,272.0,0.5063926289999472,0.5117628209999339,1.10977926999999,1.1685368610000069,0.0807390510000232,1.24927591200003,0.0199708096747968,0.0008841665745384
synthetic_true_func_2d_n3000000,1e-05,btab_boxeig_topk_16384_q256,c1,topk_16384,256.0,1225.0,1225.0,1225.0,0.0,0.0,0.0,0.7149467193811412,7.149467193811412,7.149467193811412,2.8859582477634228e-11,4.618824385353799e-14,5021696.0,546.0,546.0,546.0,cupy,3,3.0,0.4729911360000187,0.4748240359999727,0.4820317880000289,0.5091031499999872,0.1136479790000066,0.6227511289999939,0.0200013255265584,0.0003505667946034
synthetic_true_func_2d_n3000000,1e-05,btab_boxeig_topk_16384_q256,c1,topk_16384,256.0,16384.0,21025.0,21025.0,14696.0,1.0254127984276915,4825.686777746747,451.1156546113695,4511.156546113694,4511.156546113694,3.996363201065199e-14,3.3465677621793054e-15,86122496.0,546.0,546.0,546.0,cupy,194,194.0,2.9329325879999715,2.9383425060000263,3.4064541739999186,3.4635933469999145,0.1059017710000489,3.5694951179999634,0.0199708093324366,0.0008842045095565
synthetic_true_func_2d_n3000000,1e-05,btab_boxeig_topk_2048_q64,c1,topk_2048,64.0,1225.0,1225.0,1225.0,0.0,0.0,0.0,4517.951721417814,45179.51721417814,45179.51721417814,9.017423893850516e-15,1.1072797911795194e-15,1255424.0,162.0,162.0,162.0,cupy,269,269.0,0.1245546490000037,0.1263181439999812,0.5728780050000069,0.599937132999969,0.0262359060000108,0.6261730389999798,0.0200012460513967,0.0003462642388503
synthetic_true_func_2d_n3000000,1e-05,btab_boxeig_topk_2048_q64,c1,topk_2048,64.0,2048.0,2601.0,2601.0,33120.0,163.6430282154797,189063.11327739028,7553.109138378079,75531.09138378077,75531.09138378077,5.1556686785426724e-15,1.076016074436334e-15,2664448.0,162.0,162.0,162.0,cupy,791,791.0,0.1315072069999132,0.1817589510000061,1.5248685289999455,1.5812796249999792,0.0271220370000264,1.6084016620000057,0.0199708064317234,0.000884357603726
synthetic_true_func_2d_n3000000,1e-05,btab_boxeig_topk_2048_q128,c1,topk_2048,128.0,1225.0,1225.0,1225.0,0.0,0.0,0.0,212.57110044798813,2125.711004479881,2125.711004479881,2.1611153984022255e-13,3.716313631676879e-15,2510848.0,290.0,290.0,290.0,cupy,71,71.0,0.2369637009999792,0.2387976520000165,0.3706845490000319,0.3976544030000468,0.053361174000031,0.4510155770000779,0.0200012464033687,0.0003461668711594
synthetic_true_func_2d_n3000000,1e-05,btab_boxeig_topk_2048_q128,c1,topk_2048,128.0,2048.0,2601.0,2601.0,33120.0,163.6430282154797,189063.11327739028,2075.8850797797054,20758.85079779705,20758.85079779705,1.441845070815771e-14,1.4213646054840662e-15,5328896.0,290.0,290.0,290.0,cupy,326,326.0,0.8860201910000569,0.8891963930000202,1.4790816839999934,1.5363564030000134,0.0518330170000354,1.5881894200000488,0.0199708107169472,0.0008843999359034
synthetic_true_func_2d_n3000000,1e-05,btab_boxeig_topk_2048_q192,c1,topk_2048,192.0,1225.0,1225.0,1225.0,0.0,0.0,0.0,12.137522119663426,121.37522119663426,121.37522119663426,1.966035059136072e-12,1.2544152832027446e-14,3766272.0,418.0,418.0,418.0,cupy,13,13.0,0.488685538000027,0.4905765319999773,0.5191235249999977,0.5466544260000319,0.0863866060000191,0.633041032000051,0.0200012941370213,0.000348808324709
synthetic_true_func_2d_n3000000,1e-05,btab_boxeig_topk_2048_q192,c1,topk_2048,192.0,2048.0,2601.0,2601.0,33120.0,163.6430282154797,189063.11327739028,894.5960814328686,8945.960814328686,8945.960814328686,2.9478098834362086e-14,1.829771167592703e-15,7993344.0,418.0,418.0,418.0,cupy,251,251.0,0.62009828500004,0.6232376230000227,1.0739188229999854,1.13133291500003,0.0764060960000279,1.207739011000058,0.0199708051401169,0.0008841402579485
synthetic_true_func_2d_n3000000,1e-05,btab_boxeig_topk_4096_q128,c1,topk_4096,128.0,1225.0,1225.0,1225.0,0.0,0.0,0.0,212.57110044798807,2125.711004479881,2125.711004479881,1.7601488279903397e-13,3.7159809124902484e-15,2510848.0,290.0,290.0,290.0,cupy,71,71.0,0.8810170419999963,0.8829052230000229,1.0173283130000073,1.04459063500002,0.0551426810000066,1.0997333160000269,0.0200012464127284,0.0003461693723517
synthetic_true_func_2d_n3000000,1e-05,btab_boxeig_topk_4096_q128,c1,topk_4096,128.0,4096.0,5329.0,5329.0,30392.0,29.51559534762896,63724.11403807059,2076.1633870444334,20761.633870444333,20761.633870444333,1.1098636164806175e-14,1.6886246189559672e-15,10915840.0,290.0,290.0,290.0,cupy,378,378.0,0.2516944679999824,0.2554911800000354,0.9112717880000218,0.968216333999976,0.053060445999904,1.02127677999988,0.0199708070691646,0.0008841600156708
synthetic_true_func_2d_n3000000,1e-05,btab_boxeig_topk_4096_q192,c1,topk_4096,192.0,1225.0,1225.0,1225.0,0.0,0.0,0.0,12.137522119663354,121.37522119663352,121.37522119663352,2.601897427001366e-12,1.1305086208297554e-14,3766272.0,418.0,418.0,418.0,cupy,13,13.0,1.501235946999998,1.5031670949999807,1.5299496819999945,1.5575340859999756,0.0888818170000149,1.6464159029999903,0.0200012941113122,0.0003488074517873
synthetic_true_func_2d_n3000000,1e-05,btab_boxeig_topk_4096_q192,c1,topk_4096,192.0,4096.0,5329.0,5329.0,30392.0,29.51559534762896,63724.11403807059,894.8925003561329,8948.92500356133,8948.92500356133,4.821387422843863e-14,2.1323979836890438e-15,16373760.0,418.0,418.0,418.0,cupy,245,245.0,0.3790574869999545,0.3824037470000121,0.8139141460000019,0.8713123819999282,0.0785254889999578,0.949837870999886,0.0199708070572385,0.0008840425980672
synthetic_true_func_2d_n3000000,1e-05,btab_boxeig_topk_4096_q256,c1,topk_4096,256.0,1225.0,1225.0,1225.0,0.0,0.0,0.0,0.7149467193809803,7.149467193809802,7.149467193809802,1.3122107964241948e-11,5.048142666302039e-14,5021696.0,546.0,546.0,546.0,cupy,3,3.0,0.4869702610000104,0.4888156549999962,0.4963219680000179,0.5241487010000014,0.1143175249999899,0.6384662259999914,0.0200013255264679,0.000350566791258
synthetic_true_func_2d_n3000000,1e-05,btab_boxeig_topk_4096_q256,c1,topk_4096,256.0,4096.0,5329.0,5329.0,30392.0,29.51559534762896,63724.11403807059,451.07122404222616,4510.712240422261,4510.712240422261,4.08354302365096e-14,3.475163243985849e-15,21831680.0,546.0,546.0,546.0,cupy,182,182.0,0.5145614769999156,0.5179176639999241,0.8452182430000903,0.90240191700002,0.1048122050000301,1.0072141220000503,0.0199708052468301,0.0008841631078243
synthetic_true_func_2d_n3000000,1e-05,btab_boxeig_topk_8192_q128,c1,topk_8192,128.0,1225.0,1225.0,1225.0,0.0,0.0,0.0,212.57110044798807,2125.711004479881,2125.711004479881,2.516019714179116e-13,3.251896117003524e-15,2510848.0,290.0,290.0,290.0,cupy,66,66.0,0.2394042810000201,0.2412802300000294,0.3661167440000099,0.3931205470000236,0.0512842480000017,0.4444047950000254,0.020001259297117,0.0003476081122012
synthetic_true_func_2d_n3000000,1e-05,btab_boxeig_topk_8192_q128,c1,topk_8192,128.0,8192.0,10609.0,10609.0,25112.0,5.520097879512786,20444.488157514184,2076.204391118636,20762.04391118636,20762.04391118636,1.0957779192463316e-14,1.5613040113251712e-15,21729280.0,290.0,290.0,290.0,cupy,432,432.0,0.2820456590000049,0.286477135000041,1.0316869179999912,1.0881738719999705,0.053828664999969,1.1420025369999394,0.0199708058068772,0.0008845344547251
synthetic_true_func_2d_n3000000,1e-05,btab_boxeig_topk_8192_q192,c1,topk_8192,192.0,1225.0,1225.0,1225.0,0.0,0.0,0.0,12.13752211966336,121.3752211966336,121.3752211966336,1.7380321052735713e-12,1.4062966611748696e-14,3766272.0,418.0,418.0,418.0,cupy,13,13.0,0.3619251090000261,0.3637882350000154,0.3900456569999733,0.4170361139999841,0.0862806250000289,0.5033167390000131,0.0200012940925506,0.0003488064020665
synthetic_true_func_2d_n3000000,1e-05,btab_boxeig_topk_8192_q192,c1,topk_8192,192.0,8192.0,10609.0,10609.0,25112.0,5.520097879512786,20444.488157514184,894.9358114842853,8949.358114842853,8949.358114842853,2.7453004275643823e-14,1.8326517677754324e-15,32593920.0,418.0,418.0,418.0,cupy,268,268.0,0.4353556879999587,0.4393347310000308,0.965147760999912,1.022035002999928,0.0800268840000626,1.1020618869999907,0.019970806192121,0.0008844905602467
synthetic_true_func_2d_n3000000,1e-05,btab_boxeig_topk_8192_q256,c1,topk_8192,256.0,1225.0,1225.0,1225.0,0.0,0.0,0.0,0.7149467193808564,7.149467193808563,7.149467193808563,3.496670467388551e-11,5.95727220616663e-14,5021696.0,546.0,546.0,546.0,cupy,3,3.0,0.5042149260000315,0.5060714600000438,0.5134558999999967,0.5406653180000376,0.1159849890000259,0.6566503070000635,0.0200013255262282,0.0003505667809438
synthetic_true_func_2d_n3000000,1e-05,btab_boxeig_topk_8192_q256,c1,topk_8192,256.0,8192.0,10609.0,10609.0,25112.0,5.520097879512786,20444.488157514184,451.1102193351625,4511.102193351625,4511.102193351625,3.80488869078789e-14,3.547526213773835e-15,43458560.0,546.0,546.0,546.0,cupy,188,188.0,0.5330469699999867,0.5372821029999386,0.9258577370000012,0.9837157770000432,0.10455604699996,1.088271824000003,0.0199708052032888,0.0008843480542566
synthetic_true_func_2d_n30000000,1e-05,btab_boxeig_topk_1024_q64,c1,topk_1024,64.0,1024.0,1225.0,1225.0,0.0,0.0,0.0,45116.22790598035,451162.27905980346,451162.27905980346,8.943780957768942e-15,1.0932335277080037e-15,1255424.0,162.0,162.0,162.0,cupy,426,426.0,0.1300677389999691,0.1319034090000741,0.8359105260000206,0.9834439150000662,0.0267153830000097,1.010159298000076,0.020007512498161,0.0003365435912046
synthetic_true_func_2d_n30000000,1e-05,btab_boxeig_topk_1024_q64,c1,topk_1024,64.0,1024.0,1369.0,1369.0,34352.0,7204.5585500542375,4777312.023860485,75408.70112856368,754087.0112856368,754087.0112856368,4.444945502004188e-15,1.0348540707929512e-15,1402880.0,162.0,162.0,162.0,cupy,938,938.0,0.1236589119999962,0.1266195749999497,1.68423313400001,1.8809061900000188,0.0258857289999241,1.906791918999943,0.0200005058357928,0.0003480243213667
synthetic_true_func_2d_n30000000,1e-05,btab_boxeig_topk_1024_q128,c1,topk_1024,128.0,1024.0,1225.0,1225.0,0.0,0.0,0.0,2125.839144545957,21258.39144545957,21258.39144545957,1.3902022618167638e-13,3.323948346852168e-15,2510848.0,290.0,290.0,290.0,cupy,111,111.0,0.2422399579999137,0.2441252849999955,0.4432372129999748,0.5911356770000111,0.0532053289999794,0.6443410059999906,0.020007513724239,0.0003357895410892
synthetic_true_func_2d_n30000000,1e-05,btab_boxeig_topk_1024_q128,c1,topk_1024,128.0,1024.0,1369.0,1369.0,34352.0,7204.558550054237,4777312.023860484,20736.44117624452,207364.41176244515,207364.41176244515,1.1122455183617668e-14,1.3634935623115048e-15,2805760.0,290.0,290.0,290.0,cupy,586,586.0,0.2378315099999781,0.2408048129999542,1.2259231730000693,1.4227803770000946,0.0510725090000505,1.4738528860001452,0.020000499664139,0.0003474454483979
synthetic_true_func_2d_n30000000,1e-05,btab_boxeig_topk_16384_q128,c1,topk_16384,128.0,1225.0,1225.0,1225.0,0.0,0.0,0.0,2125.839144545959,21258.391445459587,21258.391445459587,1.8067270497524934e-13,3.506005482937333e-15,2510848.0,290.0,290.0,290.0,cupy,112,112.0,0.2953190209999548,0.2971864290000212,0.4962224719999994,0.6441760819999445,0.0517082960000152,0.6958843779999597,0.0200075119440864,0.00033646699699
synthetic_true_func_2d_n30000000,1e-05,btab_boxeig_topk_16384_q128,c1,topk_16384,128.0,16384.0,21025.0,21025.0,14696.0,10.254141230310388,48256.93027999157,20763.02904619498,207630.2904619498,207630.2904619498,1.0784548900095152e-14,1.2201136909083194e-15,43061248.0,290.0,290.0,290.0,cupy,609,609.0,0.3100602359999129,0.3150753049999366,1.5167705200000228,1.7140975700000354,0.0536272179999741,1.7677247880000095,0.0200005170429571,0.0003483338896583
synthetic_true_func_2d_n30000000,1e-05,btab_boxeig_topk_16384_q192,c1,topk_16384,192.0,1225.0,1225.0,1225.0,0.0,0.0,0.0,120.38865823307316,1203.8865823307317,1203.8865823307317,4.791368921741668e-12,1.0276309716925626e-14,3766272.0,418.0,418.0,418.0,cupy,28,28.0,0.3543978010000046,0.356241921999981,0.4107401710000431,0.5582968560000836,0.0772710680000727,0.6355679240001564,0.0200075169711589,0.0003349702458037
synthetic_true_func_2d_n30000000,1e-05,btab_boxeig_topk_16384_q192,c1,topk_16384,192.0,16384.0,21025.0,21025.0,14696.0,10.254141230310388,48256.93027999156,8947.578201963188,89475.78201963188,89475.78201963188,1.7687783885600502e-14,1.887617356161014e-15,64591872.0,418.0,418.0,418.0,cupy,402,402.0,0.4971336239999573,0.5023403089999192,1.3760471220000454,1.573149016000002,0.0794041319999223,1.6525531479999245,0.0200005169079998,0.0003483999750841
synthetic_true_func_2d_n30000000,1e-05,btab_boxeig_topk_16384_q256,c1,topk_16384,256.0,1225.0,1225.0,1225.0,0.0,0.0,0.0,6.249993072523762,62.49993072523762,62.49993072523762,1.7803190992460814e-11,4.1943120652637396e-14,5021696.0,546.0,546.0,546.0,cupy,5,5.0,0.4783190670000294,0.4802064330000348,0.4912897819999671,0.6383753409999144,0.1021412710000504,0.7405166119999649,0.0200074927040693,0.0003388913657772
synthetic_true_func_2d_n30000000,1e-05,btab_boxeig_topk_16384_q256,c1,topk_16384,256.0,16384.0,21025.0,21025.0,14696.0,10.254141230310388,48256.93027999156,4505.957800820121,45059.578008201206,45059.578008201206,3.718907635550041e-14,2.4666223570616416e-15,86122496.0,546.0,546.0,546.0,cupy,270,270.0,0.7596387030000642,0.7649884490000431,1.4028092710000235,1.599493925000047,0.1040676449999864,1.7035615700000335,0.0200005166857792,0.0003479270115402
synthetic_true_func_2d_n30000000,1e-05,btab_boxeig_topk_2048_q64,c1,topk_2048,64.0,1225.0,1225.0,1225.0,0.0,0.0,0.0,45116.22790598033,451162.2790598033,451162.2790598033,8.608788399770171e-15,1.137161195496529e-15,1255424.0,162.0,162.0,162.0,cupy,426,426.0,0.1264255569999477,0.1282902069999636,0.8402671390000478,0.9880495290000226,0.0269252600000982,1.0149747890001208,0.0200075124850424,0.0003365440200701
synthetic_true_func_2d_n30000000,1e-05,btab_boxeig_topk_2048_q64,c1,topk_2048,64.0,2048.0,2601.0,2601.0,33120.0,1636.432272096108,1890633.506455327,75423.87381182247,754238.7381182247,754238.7381182247,4.6644971594105526e-15,9.938953154995133e-16,2664448.0,162.0,162.0,162.0,cupy,1067,1067.0,0.1401563919999944,0.1432967030000327,1.915473275000068,2.11283318400001,0.0260710940000308,2.138904278000041,0.0200005010731667,0.000347590725722
synthetic_true_func_2d_n30000000,1e-05,btab_boxeig_topk_2048_q128,c1,topk_2048,128.0,1225.0,1225.0,1225.0,0.0,0.0,0.0,2125.839144545959,21258.391445459587,21258.391445459587,2.417925636775744e-13,4.065347829627197e-15,2510848.0,290.0,290.0,290.0,cupy,111,111.0,0.2642074509999474,0.2660794950000991,0.4653290390000393,0.6129067280000982,0.0533735630000364,0.6662802910001346,0.0200075136944737,0.0003357754705051
synthetic_true_func_2d_n30000000,1e-05,btab_boxeig_topk_2048_q128,c1,topk_2048,128.0,2048.0,2601.0,2601.0,33120.0,1636.432272096108,1890633.506455327,20759.83432671952,207598.3432671952,207598.3432671952,1.2778974760716991e-14,1.3149643314720077e-15,5328896.0,290.0,290.0,290.0,cupy,599,599.0,0.2376363700000183,0.2407591319999937,1.257622146000017,1.4540948759999992,0.0509375689999842,1.5050324449999837,0.0200005007011787,0.0003477694907251
synthetic_true_func_2d_n30000000,1e-05,btab_boxeig_topk_2048_q192,c1,topk_2048,192.0,1225.0,1225.0,1225.0,0.0,0.0,0.0,120.38865823307312,1203.886582330731,1203.886582330731,5.044619949741779e-12,1.3162735633614552e-14,3766272.0,418.0,418.0,418.0,cupy,28,28.0,0.3570690429999104,0.3589921770000046,0.4142451010000059,0.5618906969999671,0.0773902680000446,0.6392809650000117,0.0200075169711907,0.0003349702466812
synthetic_true_func_2d_n30000000,1e-05,btab_boxeig_topk_2048_q192,c1,topk_2048,192.0,2048.0,2601.0,2601.0,33120.0,1636.4322720961084,1890633.506455327,8944.225489729017,89442.25489729016,89442.25489729016,1.7814840692435112e-14,1.696699597377413e-15,7993344.0,418.0,418.0,418.0,cupy,439,439.0,0.3632449300000644,0.3663958309999771,1.1228260450000107,1.3196940159999713,0.0766859800000929,1.3963799960000642,0.0200004992426324,0.0003475688080838
synthetic_true_func_2d_n30000000,1e-05,btab_boxeig_topk_4096_q128,c1,topk_4096,128.0,1225.0,1225.0,1225.0,0.0,0.0,0.0,2125.83914454596,21258.391445459594,21258.391445459594,1.3794223289257293e-13,2.9930519430475488e-15,2510848.0,290.0,290.0,290.0,cupy,111,111.0,0.2360002919999715,0.2378387679999605,0.4354118160000553,0.5828985309999553,0.0524158089999673,0.6353143399999226,0.0200075137313231,0.000335739369391
synthetic_true_func_2d_n30000000,1e-05,btab_boxeig_topk_4096_q128,c1,topk_4096,128.0,4096.0,5329.0,5329.0,30392.0,295.15632516071355,637241.9552057744,20762.586806567782,207625.86806567785,207625.86806567785,1.1735995082339511e-14,1.3840586247326593e-15,10915840.0,290.0,290.0,290.0,cupy,553,553.0,0.2445510750000039,0.2478919339999947,1.1853884769999468,1.3823677220000263,0.0528186839999307,1.435186405999957,0.0200005007285871,0.0003474034975202
synthetic_true_func_2d_n30000000,1e-05,btab_boxeig_topk_4096_q192,c1,topk_4096,192.0,1225.0,1225.0,1225.0,0.0,0.0,0.0,120.38865823307344,1203.8865823307342,1203.8865823307342,6.0699279538664056e-12,1.1342211975037022e-14,3766272.0,418.0,418.0,418.0,cupy,28,28.0,0.356446539999979,0.3583403209999005,0.4130986239999856,0.5606694980000384,0.0774915370000144,0.6381610350000528,0.0200075169712165,0.0003349702485472
synthetic_true_func_2d_n30000000,1e-05,btab_boxeig_topk_4096_q192,c1,topk_4096,192.0,4096.0,5329.0,5329.0,30392.0,295.15632516071355,637241.9552057744,8947.113544134465,89471.13544134464,89471.13544134464,4.0706734263215424e-14,1.965043079807762e-15,16373760.0,418.0,418.0,418.0,cupy,361,361.0,1.8463317780000352,1.849700827000106,2.479292894000082,2.676311370999997,0.079996006999977,2.756307377999974,0.0200005000405564,0.0003472497442307
synthetic_true_func_2d_n30000000,1e-05,btab_boxeig_topk_4096_q256,c1,topk_4096,256.0,1225.0,1225.0,1225.0,0.0,0.0,0.0,6.249993072526619,62.49993072526619,62.49993072526619,1.4767017951729625e-11,6.8737546549229e-14,5021696.0,546.0,546.0,546.0,cupy,5,5.0,0.4713641910000206,0.4732035770000493,0.4843842699999641,0.6320180960000243,0.1024514030000318,0.7344694990000562,0.0200074927050967,0.0003388914121226
synthetic_true_func_2d_n30000000,1e-05,btab_boxeig_topk_4096_q256,c1,topk_4096,256.0,4096.0,5329.0,5329.0,30392.0,295.1563251607136,637241.9552057745,4505.5363233644175,45055.36323364417,45055.36323364417,4.3983710115516e-14,2.696372523906055e-15,21831680.0,546.0,546.0,546.0,cupy,172,172.0,0.514693161000082,0.5181601049999927,0.8256050269999378,1.0220823889999338,0.1078553190000093,1.129937707999943,0.0200005077282974,0.0003475294377094
synthetic_true_func_2d_n30000000,1e-05,btab_boxeig_topk_8192_q128,c1,topk_8192,128.0,1225.0,1225.0,1225.0,0.0,0.0,0.0,2125.839144545956,21258.39144545956,21258.39144545956,1.3357107917977026e-13,3.271873307956303e-15,2510848.0,290.0,290.0,290.0,cupy,112,112.0,0.2349902619999966,0.2368322539999781,0.4362076170000364,0.5837013300000535,0.0520379470000307,0.6357392770000843,0.0200075119519863,0.0003364609567935
synthetic_true_func_2d_n30000000,1e-05,btab_boxeig_topk_8192_q128,c1,topk_8192,128.0,8192.0,10609.0,10609.0,25112.0,55.20104949435302,204445.1452660237,20762.977070625817,207629.77070625816,207629.77070625816,1.0119349560216612e-14,1.502345467183496e-15,21729280.0,290.0,290.0,290.0,cupy,620,620.0,0.2518513300000222,0.2557176860000254,1.3145823590000418,1.5122880129999885,0.0543860040000936,1.566674017000082,0.0200005078093706,0.000347379704743
synthetic_true_func_2d_n30000000,1e-05,btab_boxeig_topk_8192_q192,c1,topk_8192,192.0,1225.0,1225.0,1225.0,0.0,0.0,0.0,120.38865823307232,1203.8865823307233,1203.8865823307233,2.57194707175732e-12,1.2350252929079632e-14,3766272.0,418.0,418.0,418.0,cupy,28,28.0,0.3583021680000229,0.3601571250000006,0.4152702889999773,0.5627720219999901,0.0787556960000301,0.6415277180000203,0.0200075169711445,0.0003349702443962
synthetic_true_func_2d_n30000000,1e-05,btab_boxeig_topk_8192_q192,c1,topk_8192,192.0,8192.0,10609.0,10609.0,25112.0,55.201049494353015,204445.14526602367,8947.523684330741,89475.2368433074,89475.2368433074,3.936134335598823e-14,1.982274375014458e-15,32593920.0,418.0,418.0,418.0,cupy,299,299.0,0.3819364579999273,0.3859607790000154,0.9644018660000028,1.161987694000004,0.0803099620000011,1.2422976560000052,0.0200005148628701,0.0003489933869777
synthetic_true_func_2d_n30000000,1e-05,btab_boxeig_topk_8192_q256,c1,topk_8192,256.0,1225.0,1225.0,1225.0,0.0,0.0,0.0,6.249993072524843,62.499930725248426,62.499930725248426,3.132394900213732e-11,4.420851939866039e-14,5021696.0,546.0,546.0,546.0,cupy,5,5.0,1.8206393350000096,1.8225979070000449,1.8343813079999336,1.983362166999996,0.1036555929999849,2.0870177599999806,0.0200074927040388,0.0003388913973999
synthetic_true_func_2d_n30000000,1e-05,btab_boxeig_topk_8192_q256,c1,topk_8192,256.0,8192.0,10609.0,10609.0,25112.0,55.20104949435302,204445.1452660237,4505.908715207564,45059.087152075634,45059.087152075634,4.1560716683464455e-14,2.6238527899243795e-15,43458560.0,546.0,546.0,546.0,cupy,213,213.0,0.5239830489999804,0.5281595579999703,0.9630598479999436,1.1610267280000244,0.1056028810000953,1.2666296090001197,0.020000512127434,0.0003486547663325
