run_id,timestamp,mode,precompute_method,N,eps,top_q,reg_lambda,cg_tol,wall_s_outer_s,rmse_test,peak_mem_gb,status,error,cg_iters,cg_relres,n_matvec,t_matvec_total,n_precond,t_precond_total,time_eigenspace,time_precond_build,time_solve,time_predict,nufft_stage,device_name,eig_nystrom_kernel_s,surrogate_tag,t_original_exact_gpu_precompute_v1_s,time_precompute_NUFFT,time_precompute_binned,time_precompute,time_train,wall_s_total,repeat_idx,repeat_count,precompute_benchmark_note,binned_theta_actual,binned_G,binned_num_occupied_bins,effective_work_ratio,binned_used_exact_dense_point_nufft,binned_order_bins_final,binned_allow_exact_nufft_fallback,t_h2d_xy_s,t_gpu_fused_bin_moments_s,t_compact_occupied_s,t_binned_cufinufft_on_centers_s,t_rhs_D_multiply_s
20260506_060518_gpu_v1_topq0_pcmoriginal_q0_N100000_20260421,2026-05-06T06:06:04.624429,gpu_v1_topq0,original,100000,1e-07,0,0.1,1e-06,5.192411471000014,0.0025972317977920305,0.57421875,ok,,416,8.828363426732938e-07,417,4.899867153998912,0,,0.0,0.0,5.141786445999969,0.006944833000034123,cufinufft,NVIDIA L4,,,0.03750613500005784,0.03750613500005784,,0.03750613500005784,5.179292581000027,5.186237414000061,0,3,,,,,,,,,,,,,
20260506_060518_gpu_v1_topq0_pcmoriginal_q0_N100000_20260422,2026-05-06T06:06:10.085738,gpu_v1_topq0,original,100000,1e-07,0,0.1,1e-06,5.136978531000295,0.002700765953570616,0.57421875,ok,,411,9.6122967242811e-07,412,4.843877184999201,0,,0.0,0.0,5.085771060999832,0.0069407860000865185,cufinufft,NVIDIA L4,,,0.03797205799992298,0.03797205799992298,,0.03797205799992298,5.123743118999755,5.130683904999842,1,3,,,,,,,,,,,,,
20260506_060518_gpu_v1_topq0_pcmoriginal_q0_N100000_20260423,2026-05-06T06:06:15.487441,gpu_v1_topq0,original,100000,1e-07,0,0.1,1e-06,5.0931597470003,0.0025209847596277097,0.57421875,ok,,408,8.868917662064364e-07,409,4.809312419000435,0,,0.0,0.0,5.0420901649999905,0.007039138999971328,cufinufft,NVIDIA L4,,,0.03779764699993393,0.03779764699993393,,0.03779764699993393,5.0798878119999245,5.086926950999896,2,3,,,,,,,,,,,,,
20260506_060518_gpu_v1_topq0_pcmc1_q0_N100000_20260421,2026-05-06T06:06:21.210533,gpu_v1_topq0,c1,100000,1e-07,0,0.1,1e-06,5.395365282000057,0.0028703572042568523,0.625,ok,,424,8.694957174718269e-07,425,4.9977976449999915,0,,0.0,0.0,5.247214692999933,0.006728018000103475,binned_c1,NVIDIA L4,,,,,0.1220656370001052,0.1220656370001052,5.369280330000038,5.376008348000141,0,3,"binned pcm: build_binned_efgp_system provides XtXcol + rhs, then Gf=FFTN(XtXcol); no exact gpu_precompute_v1 is executed in this path.",17.41947884979242,12321.0,12320.0,0.7392,0.0,C1,0.0,0.00013606900029117242,0.00013669399959326256,0.0011040429999411572,0.11360409300004903,0.0012554609998005617
20260506_060518_gpu_v1_topq0_pcmc1_q0_N100000_20260422,2026-05-06T06:06:27.054343,gpu_v1_topq0,c1,100000,1e-07,0,0.1,1e-06,5.511674212000344,0.0029455664773721086,0.662109375,ok,,434,7.541647016447789e-07,435,5.116273912007273,0,,0.0,0.0,5.363080065000304,0.006898098999954527,binned_c1,NVIDIA L4,,,,,0.12244019200034018,0.12244019200034018,5.485520257000644,5.492418356000599,1,3,"binned pcm: build_binned_efgp_system provides XtXcol + rhs, then Gf=FFTN(XtXcol); no exact gpu_precompute_v1 is executed in this path.",17.41956772595925,12321.0,12317.0,0.73902,0.0,C1,0.0,0.00013534599975173478,0.00013601199998447555,0.0011011040000994399,0.1139854429998195,0.001274453999940306
20260506_060518_gpu_v1_topq0_pcmc1_q0_N100000_20260423,2026-05-06T06:06:32.867125,gpu_v1_topq0,c1,100000,1e-07,0,0.1,1e-06,5.46432792700034,0.002723356371682683,0.69921875,ok,,429,7.56688052025581e-07,430,5.060374072007562,0,,0.0,0.0,5.315312748999986,0.007326005999857443,binned_c1,NVIDIA L4,,,,,0.12216780899962032,0.12216780899962032,5.437480557999606,5.444806563999464,2,3,"binned pcm: build_binned_efgp_system provides XtXcol + rhs, then Gf=FFTN(XtXcol); no exact gpu_precompute_v1 is executed in this path.",17.419434727832034,12321.0,12316.0,0.73896,0.0,C1,0.0,0.00015666499984945403,0.00015745900009278557,0.0011020840001947363,0.11372750200007431,0.0012520669997684308
20260506_060518_gpu_v3_topq_eigenpro_nystrom_pcmoriginal_q36_N100000_20260421,2026-05-06T06:06:36.230338,gpu_v3_topq_eigenpro_nystrom,original,100000,1e-07,36,0.1,1e-06,3.02394546000005,0.0025981307468758387,0.736328125,ok,,219,8.347204888846496e-07,220,2.580827947997477,219,0.09115510400351923,0.12898043299992423,0.00033584299990252475,2.843561382000189,0.007041487000151392,cufinufft,NVIDIA L4,0.1288367100000869,coordinate_nystrom_s1600_q36_oversample10_low0.25,0.03775803200005612,0.03775803200005612,,0.03775803200005612,3.010635690000072,3.0176771770002233,0,3,,,,,,,,,,,,,
20260506_060518_gpu_v3_topq_eigenpro_nystrom_pcmoriginal_q36_N100000_20260422,2026-05-06T06:06:39.584787,gpu_v3_topq_eigenpro_nystrom,original,100000,1e-07,36,0.1,1e-06,3.039105544999984,0.0027008420077849183,0.751953125,ok,,220,9.837901844059795e-07,221,2.598097806998794,220,0.09256981999760683,0.12631285999987085,0.00034445200026311795,2.862620054999752,0.007211575999917841,cufinufft,NVIDIA L4,0.12613232699959553,coordinate_nystrom_s1600_q36_oversample10_low0.25,0.03687239199962278,0.03687239199962278,,0.03687239199962278,3.0261497589995088,3.0333613349994266,1,3,,,,,,,,,,,,,
20260506_060518_gpu_v3_topq_eigenpro_nystrom_pcmoriginal_q36_N100000_20260423,2026-05-06T06:06:42.959730,gpu_v3_topq_eigenpro_nystrom,original,100000,1e-07,36,0.1,1e-06,3.0639980290002313,0.002520889971609266,0.751953125,ok,,222,7.735487463161899e-07,223,2.6215825859958386,222,0.0919957969999814,0.12566463499979363,0.00035690400000021327,2.8889161609999974,0.006899563000388298,cufinufft,NVIDIA L4,0.1255240670002422,coordinate_nystrom_s1600_q36_oversample10_low0.25,0.03628754100009246,0.03628754100009246,,0.03628754100009246,3.0512252409998837,3.058124804000272,2,3,,,,,,,,,,,,,
20260506_060518_gpu_v3_topq_eigenpro_nystrom_pcmc1_q36_N100000_20260421,2026-05-06T06:06:46.485271,gpu_v3_topq_eigenpro_nystrom,c1,100000,1e-07,36,0.1,1e-06,3.207291429000179,0.002870448543956626,0.734375,ok,,229,9.217086759742402e-07,230,2.703251022001041,229,0.09878929100113965,0.13297741900032634,0.0003301719998489716,2.987843127999895,0.006927580000137823,binned_c1,NVIDIA L4,0.13282733000005464,coordinate_nystrom_s1600_q36_oversample10_low0.25,,,0.06043137000006027,0.06043137000006027,3.1815820890001305,3.1885096690002683,0,3,"binned pcm: build_binned_efgp_system provides XtXcol + rhs, then Gf=FFTN(XtXcol); no exact gpu_precompute_v1 is executed in this path.",17.41947884979242,12321.0,12320.0,0.7392,0.0,C1,0.0,0.0001330589998360665,0.0001335510000899376,0.0008325119997607544,0.052294729000095685,0.00125546499975826
20260506_060518_gpu_v3_topq_eigenpro_nystrom_pcmc1_q36_N100000_20260422,2026-05-06T06:06:49.989122,gpu_v3_topq_eigenpro_nystrom,c1,100000,1e-07,36,0.1,1e-06,3.1923953999998957,0.0029456061003696947,0.734375,ok,,229,8.924198542765413e-07,230,2.705552450003779,229,0.09534134299701691,0.12652067299995906,0.0003416690001358802,2.9792985479998606,0.007035199000256398,binned_c1,NVIDIA L4,0.12637657400000535,coordinate_nystrom_s1600_q36_oversample10_low0.25,,,0.060665223999876616,0.060665223999876616,3.166826113999832,3.1738613130000886,1,3,"binned pcm: build_binned_efgp_system provides XtXcol + rhs, then Gf=FFTN(XtXcol); no exact gpu_precompute_v1 is executed in this path.",17.41956772595925,12321.0,12317.0,0.73902,0.0,C1,0.0,0.0001340019998679054,0.00013450699998429627,0.0008415469997089531,0.05256856699998025,0.0012503010002546944
20260506_060518_gpu_v3_topq_eigenpro_nystrom_pcmc1_q36_N100000_20260423,2026-05-06T06:06:53.589458,gpu_v3_topq_eigenpro_nystrom,c1,100000,1e-07,36,0.1,1e-06,3.2801692429998184,0.002723584141769644,0.734375,ok,,236,8.007251568402259e-07,237,2.788648193004974,236,0.09721756099861523,0.1252672599998732,0.00032011300027079415,3.068249363999712,0.00749106400007804,binned_c1,NVIDIA L4,0.12511560900020413,coordinate_nystrom_s1600_q36_oversample10_low0.25,,,0.060402750999855925,0.060402750999855925,3.254239487999712,3.26173055199979,2,3,"binned pcm: build_binned_efgp_system provides XtXcol + rhs, then Gf=FFTN(XtXcol); no exact gpu_precompute_v1 is executed in this path.",17.419434727832034,12321.0,12316.0,0.73896,0.0,C1,0.0,0.00013776400010101497,0.00013827700013280264,0.0008627659999547177,0.052256928000133485,0.0012469240000427817
20260506_060518_gpu_v3_topq_eigenpro_nystrom_pcmoriginal_q72_N100000_20260421,2026-05-06T06:06:55.910715,gpu_v3_topq_eigenpro_nystrom,original,100000,1e-07,72,0.1,1e-06,1.9926458499999171,0.0025977810218666183,0.751953125,ok,,137,8.233385969934765e-07,138,1.6211609109977871,137,0.057325547998061666,0.15423964300043735,0.00032352899961551884,1.7878485360001832,0.006836345000010624,cufinufft,NVIDIA L4,0.1540928160002295,coordinate_nystrom_s1600_q72_oversample10_low0.25,0.03727206100029434,0.03727206100029434,,0.03727206100029434,1.9796837690005304,1.986520114000541,0,3,,,,,,,,,,,,,
20260506_060518_gpu_v3_topq_eigenpro_nystrom_pcmoriginal_q72_N100000_20260422,2026-05-06T06:06:58.300182,gpu_v3_topq_eigenpro_nystrom,original,100000,1e-07,72,0.1,1e-06,2.070943690000149,0.0027009419634715166,0.751953125,ok,,134,9.946551890635708e-07,135,1.5850702689990612,134,0.05807981899852166,0.2686421000003065,0.00033641099980741274,1.7525433069999963,0.006848259999969741,cufinufft,NVIDIA L4,0.2684781869998005,coordinate_nystrom_s1600_q72_oversample10_low0.25,0.03635912700019617,0.03635912700019617,,0.03635912700019617,2.0578809450003064,2.064729205000276,1,3,,,,,,,,,,,,,
20260506_060518_gpu_v3_topq_eigenpro_nystrom_pcmoriginal_q72_N100000_20260423,2026-05-06T06:07:00.657134,gpu_v3_topq_eigenpro_nystrom,original,100000,1e-07,72,0.1,1e-06,2.044854550999844,0.0025210568297212833,0.751953125,ok,,141,8.897076155491014e-07,142,1.6678631390032024,141,0.059247960001812316,0.1549254500000643,0.0003503749999254069,1.8394976230001703,0.007196236999789107,cufinufft,NVIDIA L4,0.15477207799995085,coordinate_nystrom_s1600_q72_oversample10_low0.25,0.03666033299987248,0.03666033299987248,,0.03666033299987248,2.0314337810000325,2.0386300179998216,2,3,,,,,,,,,,,,,
20260506_060518_gpu_v3_topq_eigenpro_nystrom_pcmc1_q72_N100000_20260421,2026-05-06T06:07:03.113317,gpu_v3_topq_eigenpro_nystrom,c1,100000,1e-07,72,0.1,1e-06,2.1461817229996996,0.002870987835480722,0.734375,ok,,145,8.448351591874497e-07,146,1.7171633239972834,145,0.05925439099519281,0.1684176320000006,0.00036904299986417755,1.8900837940000201,0.006839055000000371,binned_c1,NVIDIA L4,0.16827335500011031,coordinate_nystrom_s1600_q72_oversample10_low0.25,,,0.06120217599982425,0.06120217599982425,2.120072644999709,2.1269116999997095,0,3,"binned pcm: build_binned_efgp_system provides XtXcol + rhs, then Gf=FFTN(XtXcol); no exact gpu_precompute_v1 is executed in this path.",17.41947884979242,12321.0,12320.0,0.7392,0.0,C1,0.0,0.0001426230001015938,0.00014311799986899132,0.0008574879998377583,0.052989857000284246,0.001250341999821103
20260506_060518_gpu_v3_topq_eigenpro_nystrom_pcmc1_q72_N100000_20260422,2026-05-06T06:07:05.534382,gpu_v3_topq_eigenpro_nystrom,c1,100000,1e-07,72,0.1,1e-06,2.1020176850001917,0.002945284029789108,0.734375,ok,,143,9.887631876545355e-07,144,1.6924833149982987,143,0.05885714700025346,0.152236491000167,0.00033622000000832486,1.8630924619997131,0.007047395999961736,binned_c1,NVIDIA L4,0.15208776400004353,coordinate_nystrom_s1600_q72_oversample10_low0.25,,,0.06077108199997383,0.06077108199997383,2.0764362549998623,2.083483650999824,1,3,"binned pcm: build_binned_efgp_system provides XtXcol + rhs, then Gf=FFTN(XtXcol); no exact gpu_precompute_v1 is executed in this path.",17.41956772595925,12321.0,12317.0,0.73902,0.0,C1,0.0,0.00013014299975111498,0.000130666000131896,0.0008256410001195036,0.05266467699993882,0.001260989000002155
20260506_060518_gpu_v3_topq_eigenpro_nystrom_pcmc1_q72_N100000_20260423,2026-05-06T06:07:07.994602,gpu_v3_topq_eigenpro_nystrom,c1,100000,1e-07,72,0.1,1e-06,2.1405307859999994,0.0027235375791055468,0.734375,ok,,146,8.963151302441394e-07,147,1.727490654999201,146,0.06015194700194115,0.1520049589998962,0.0003256780000810977,1.9017025029997967,0.006881081000301492,binned_c1,NVIDIA L4,0.1518615499999214,coordinate_nystrom_s1600_q72_oversample10_low0.25,,,0.06045049200020003,0.06045049200020003,2.114483631999974,2.1213647130002755,2,3,"binned pcm: build_binned_efgp_system provides XtXcol + rhs, then Gf=FFTN(XtXcol); no exact gpu_precompute_v1 is executed in this path.",17.419434727832034,12321.0,12316.0,0.73896,0.0,C1,0.0,0.00013370799979384174,0.00013435699975161697,0.000834142000257998,0.052329284000279586,0.0012680810000347265
20260506_060518_gpu_v3_topq_eigenpro_nystrom_pcmoriginal_q144_N100000_20260421,2026-05-06T06:07:09.742842,gpu_v3_topq_eigenpro_nystrom,original,100000,1e-07,144,0.1,1e-06,1.4269411880000007,0.0025978433440967783,0.751953125,ok,,79,9.163905382112166e-07,80,0.9413586270015912,79,0.03567277199772434,0.32674896600019565,0.0003772619998017035,1.0503119260001768,0.007187745999999606,cufinufft,NVIDIA L4,0.32658384199976354,coordinate_nystrom_s1600_q144_oversample10_low0.25,0.03652723599998353,0.03652723599998353,,0.03652723599998353,1.4139653900001576,1.4211531360001572,0,3,,,,,,,,,,,,,
20260506_060518_gpu_v3_topq_eigenpro_nystrom_pcmoriginal_q144_N100000_20260422,2026-05-06T06:07:11.676815,gpu_v3_topq_eigenpro_nystrom,original,100000,1e-07,144,0.1,1e-06,1.60609377999981,0.0027006657192142126,0.751953125,ok,,80,9.537825612263717e-07,81,0.953011476998654,80,0.03782405799802291,0.49370426999985284,0.0003436520000832388,1.061449360000097,0.006943449000118562,cufinufft,NVIDIA L4,0.4935330560001603,coordinate_nystrom_s1600_q144_oversample10_low0.25,0.03752970899995489,0.03752970899995489,,0.03752970899995489,1.593026990999988,1.5999704400001065,1,3,,,,,,,,,,,,,
20260506_060518_gpu_v3_topq_eigenpro_nystrom_pcmoriginal_q144_N100000_20260423,2026-05-06T06:07:13.317410,gpu_v3_topq_eigenpro_nystrom,original,100000,1e-07,144,0.1,1e-06,1.3238506560001042,0.0025212969040210517,0.751953125,ok,,80,9.484287068616715e-07,81,0.9516499140008818,80,0.03363185699845417,0.2239698030002728,0.0003521599996929581,1.0487050279998584,0.007159750000027998,cufinufft,NVIDIA L4,0.22380809200012663,coordinate_nystrom_s1600_q144_oversample10_low0.25,0.037530914999933884,0.037530914999933884,,0.037530914999933884,1.310557905999758,1.317717655999786,2,3,,,,,,,,,,,,,
20260506_060518_gpu_v3_topq_eigenpro_nystrom_pcmc1_q144_N100000_20260421,2026-05-06T06:07:15.028018,gpu_v3_topq_eigenpro_nystrom,c1,100000,1e-07,144,0.1,1e-06,1.3893470570001227,0.002871023482159175,0.734375,ok,,80,9.378261593255271e-07,81,0.9534495520010751,80,0.03442119899818863,0.2514110340002844,0.00031804299987925333,1.051791657999729,0.006870315000014671,binned_c1,NVIDIA L4,0.25126528000009785,coordinate_nystrom_s1600_q144_oversample10_low0.25,,,0.06049119499994049,0.06049119499994049,1.3640119299998332,1.370882244999848,0,3,"binned pcm: build_binned_efgp_system provides XtXcol + rhs, then Gf=FFTN(XtXcol); no exact gpu_precompute_v1 is executed in this path.",17.41947884979242,12321.0,12320.0,0.7392,0.0,C1,0.0,0.0001314360001742898,0.0001319659995715483,0.0008249960001194268,0.052413489000173286,0.0012513060000856058
20260506_060518_gpu_v3_topq_eigenpro_nystrom_pcmc1_q144_N100000_20260422,2026-05-06T06:07:16.699946,gpu_v3_topq_eigenpro_nystrom,c1,100000,1e-07,144,0.1,1e-06,1.3594375869997748,0.0029458388885350985,0.734375,ok,,80,8.814602154624182e-07,81,0.9516855170018061,80,0.03339550400050939,0.2235560220001389,0.00033900799962793826,1.0496768360003443,0.006838038999831042,binned_c1,NVIDIA L4,0.22339333999980227,coordinate_nystrom_s1600_q144_oversample10_low0.25,,,0.0606076080002822,0.0606076080002822,1.3341794740003934,1.3410175130002244,1,3,"binned pcm: build_binned_efgp_system provides XtXcol + rhs, then Gf=FFTN(XtXcol); no exact gpu_precompute_v1 is executed in this path.",17.41956772595925,12321.0,12317.0,0.73902,0.0,C1,0.0,0.00012946900005772477,0.00012999199998375843,0.0008046130001275742,0.052488093999727425,0.0012597689997164707
20260506_060518_gpu_v3_topq_eigenpro_nystrom_pcmc1_q144_N100000_20260423,2026-05-06T06:07:18.442597,gpu_v3_topq_eigenpro_nystrom,c1,100000,1e-07,144,0.1,1e-06,1.4271527330001845,0.0027241290311454725,0.734375,ok,,85,9.925864615897352e-07,86,1.0118490929985455,85,0.03666507899879434,0.22182450699983747,0.00035409600013736053,1.1188012109996635,0.006657189000179642,binned_c1,NVIDIA L4,0.2216845499997362,coordinate_nystrom_s1600_q144_oversample10_low0.25,,,0.06063820000008491,0.06063820000008491,1.4016180139997232,1.4082752029999028,2,3,"binned pcm: build_binned_efgp_system provides XtXcol + rhs, then Gf=FFTN(XtXcol); no exact gpu_precompute_v1 is executed in this path.",17.419434727832034,12321.0,12316.0,0.73896,0.0,C1,0.0,0.00013914600003772648,0.00013962000002720742,0.0008153610001500056,0.05249535700022534,0.001247996000074636
20260506_060518_gpu_v3_topq_eigenpro_nystrom_pcmoriginal_q180_N100000_20260421,2026-05-06T06:07:20.063888,gpu_v3_topq_eigenpro_nystrom,original,100000,1e-07,180,0.1,1e-06,1.2990437250000468,0.002597347480772568,0.751953125,ok,,74,9.331283559805005e-07,75,0.8813028540012056,74,0.03135531699990679,0.2761954330003391,0.00036076799960937933,0.9717726580001909,0.0071523289998367545,cufinufft,NVIDIA L4,0.27604590900000403,coordinate_nystrom_s1600_q180_oversample10_low0.25,0.03751512799999546,0.03751512799999546,,0.03751512799999546,1.2858439870001348,1.2929963159999716,0,3,,,,,,,,,,,,,
20260506_060518_gpu_v3_topq_eigenpro_nystrom_pcmoriginal_q180_N100000_20260422,2026-05-06T06:07:21.675669,gpu_v3_topq_eigenpro_nystrom,original,100000,1e-07,180,0.1,1e-06,1.2913364460000594,0.002699068967411231,0.751953125,ok,,74,9.007894256710843e-07,75,0.8826130479974381,74,0.03342915200028074,0.2610832179998397,0.00036570100019162055,0.9802857359995869,0.007125013000404579,cufinufft,NVIDIA L4,0.26093131100014944,coordinate_nystrom_s1600_q180_oversample10_low0.25,0.036573986999883346,0.036573986999883346,,0.036573986999883346,1.2783086419995016,1.2854336549999061,1,3,,,,,,,,,,,,,
20260506_060518_gpu_v3_topq_eigenpro_nystrom_pcmoriginal_q180_N100000_20260423,2026-05-06T06:07:23.352992,gpu_v3_topq_eigenpro_nystrom,original,100000,1e-07,180,0.1,1e-06,1.3506597989999136,0.0025214875176050398,0.751953125,ok,,70,8.881305845188574e-07,71,0.8339262050026264,70,0.031944296999427024,0.37227874300015174,0.00037635499984389753,0.9274583119999988,0.007216338000034739,cufinufft,NVIDIA L4,0.3721162959996036,coordinate_nystrom_s1600_q180_oversample10_low0.25,0.03716690400005973,0.03716690400005973,,0.03716690400005973,1.3372803140000542,1.344496652000089,2,3,,,,,,,,,,,,,
20260506_060518_gpu_v3_topq_eigenpro_nystrom_pcmc1_q180_N100000_20260421,2026-05-06T06:07:25.020145,gpu_v3_topq_eigenpro_nystrom,c1,100000,1e-07,180,0.1,1e-06,1.3398882689998572,0.002870175090854002,0.734375,ok,,75,9.839079757206506e-07,76,0.8932847600003697,75,0.0321807889995398,0.26611711299983654,0.00032339800009140163,0.986443847999908,0.00724274999993213,binned_c1,NVIDIA L4,0.26596681599994554,coordinate_nystrom_s1600_q180_oversample10_low0.25,,,0.060600933999921835,0.060600933999921835,1.3134852929997578,1.32072804299969,0,3,"binned pcm: build_binned_efgp_system provides XtXcol + rhs, then Gf=FFTN(XtXcol); no exact gpu_precompute_v1 is executed in this path.",17.41947884979242,12321.0,12320.0,0.7392,0.0,C1,0.0,0.00013450200003717327,0.00013511399993149098,0.0008945459999267769,0.05242600199972003,0.0012620749998859537
20260506_060518_gpu_v3_topq_eigenpro_nystrom_pcmc1_q180_N100000_20260422,2026-05-06T06:07:26.662201,gpu_v3_topq_eigenpro_nystrom,c1,100000,1e-07,180,0.1,1e-06,1.3214916019996963,0.002943429576743409,0.734375,ok,,74,9.444142454733234e-07,75,0.881472873000348,74,0.03085047400190888,0.2630244499996479,0.00034697099999903003,0.971161738000319,0.007113908000064839,binned_c1,NVIDIA L4,0.2628683399998408,coordinate_nystrom_s1600_q180_oversample10_low0.25,,,0.06092335199991794,0.06092335199991794,1.295456510999884,1.3025704189999487,1,3,"binned pcm: build_binned_efgp_system provides XtXcol + rhs, then Gf=FFTN(XtXcol); no exact gpu_precompute_v1 is executed in this path.",17.41956772595925,12321.0,12317.0,0.73902,0.0,C1,0.0,0.00013678300001629395,0.00013743099998464459,0.0008526579999852402,0.05266936599991823,0.0013375389999055187
20260506_060518_gpu_v3_topq_eigenpro_nystrom_pcmc1_q180_N100000_20260423,2026-05-06T06:07:28.277239,gpu_v3_topq_eigenpro_nystrom,c1,100000,1e-07,180,0.1,1e-06,1.2985882369998762,0.0027247436009822197,0.734375,ok,,72,9.570768967907654e-07,73,0.8617188720004378,72,0.030662177999602136,0.260874086000058,0.0003297449998171942,0.9513934040001004,0.0069581689999722585,binned_c1,NVIDIA L4,0.2607152450000285,coordinate_nystrom_s1600_q180_oversample10_low0.25,,,0.060096804999830056,0.060096804999830056,1.2726940399998057,1.279652208999778,2,3,"binned pcm: build_binned_efgp_system provides XtXcol + rhs, then Gf=FFTN(XtXcol); no exact gpu_precompute_v1 is executed in this path.",17.419434727832034,12321.0,12316.0,0.73896,0.0,C1,0.0,0.00014063700018596137,0.0001411429998370295,0.0008174680001502566,0.05205556900000374,0.0012210820000291278
20260506_060518_gpu_v1_topq0_pcmoriginal_q0_N300000_20260421,2026-05-06T06:07:36.367137,gpu_v1_topq0,original,300000,1e-07,0,0.1,1e-06,7.592842159000156,0.0018169175170682527,0.70703125,ok,,610,8.044215400395487e-07,611,7.17176540301125,0,,0.0,0.0,7.528563204999955,0.008631810999759182,cufinufft,NVIDIA L4,,,0.044605106999824784,0.044605106999824784,,0.044605106999824784,7.57316831199978,7.581800122999539,0,3,,,,,,,,,,,,,
20260506_060518_gpu_v1_topq0_pcmoriginal_q0_N300000_20260422,2026-05-06T06:07:44.360393,gpu_v1_topq0,original,300000,1e-07,0,0.1,1e-06,7.596579517000009,0.001873082842690754,0.70703125,ok,,610,9.52720182160894e-07,611,7.178263918000994,0,,0.0,0.0,7.529881027000101,0.00855056299997159,cufinufft,NVIDIA L4,,,0.047449662999952125,0.047449662999952125,,0.047449662999952125,7.577330690000053,7.585881253000025,1,3,,,,,,,,,,,,,
20260506_060518_gpu_v1_topq0_pcmoriginal_q0_N300000_20260423,2026-05-06T06:07:52.345547,gpu_v1_topq0,original,300000,1e-07,0,0.1,1e-06,7.606277523000244,0.0018451882530330485,0.70703125,ok,,610,9.864375865384264e-07,611,7.175967129998298,0,,0.0,0.0,7.539823204000186,0.008533552999779204,cufinufft,NVIDIA L4,,,0.047057807999863144,0.047057807999863144,,0.047057807999863144,7.586881012000049,7.595414564999828,2,3,,,,,,,,,,,,,
20260506_060518_gpu_v1_topq0_pcmc1_q0_N300000_20260421,2026-05-06T06:08:00.602834,gpu_v1_topq0,c1,300000,1e-07,0,0.1,1e-06,7.8751579960003255,0.0018835862567779561,0.75,ok,,624,9.91546338120355e-07,625,7.350920925992796,0,,0.0,0.0,7.710683271000107,0.008880682999915734,binned_c1,NVIDIA L4,,,,,0.1284713519999059,0.1284713519999059,7.839154623000013,7.848035305999929,0,3,"binned pcm: build_binned_efgp_system provides XtXcol + rhs, then Gf=FFTN(XtXcol); no exact gpu_precompute_v1 is executed in this path.",10.018434446508753,37249.0,37243.0,0.74486,0.0,C1,0.0,0.0001948539998011256,0.00019551800005501718,0.001256007999927533,0.11957227999982933,0.0012808260003112082
20260506_060518_gpu_v1_topq0_pcmc1_q0_N300000_20260422,2026-05-06T06:08:08.816660,gpu_v1_topq0,c1,300000,1e-07,0,0.1,1e-06,7.815157323999756,0.00194073054711403,0.787109375,ok,,619,9.736147359036722e-07,620,7.293842109995239,0,,0.0,0.0,7.650204767000105,0.008681111999976565,binned_c1,NVIDIA L4,,,,,0.1298376930003542,0.1298376930003542,7.780042460000459,7.7887235720004355,1,3,"binned pcm: build_binned_efgp_system provides XtXcol + rhs, then Gf=FFTN(XtXcol); no exact gpu_precompute_v1 is executed in this path.",10.018401192270261,37249.0,37235.0,0.7447,0.0,C1,0.0,0.00019484200038277777,0.00019584100027714157,0.0012765970000145899,0.1208078370000294,0.001343083000392653
20260506_060518_gpu_v1_topq0_pcmc1_q0_N300000_20260423,2026-05-06T06:08:17.104934,gpu_v1_topq0,c1,300000,1e-07,0,0.1,1e-06,7.900624008999785,0.0019111524760478582,0.82421875,ok,,625,9.211798083610654e-07,626,7.367190913997092,0,,0.0,0.0,7.73585469200043,0.008617198999672837,binned_c1,NVIDIA L4,,,,,0.12922114000002694,0.12922114000002694,7.865075832000457,7.87369303100013,2,3,"binned pcm: build_binned_efgp_system provides XtXcol + rhs, then Gf=FFTN(XtXcol); no exact gpu_precompute_v1 is executed in this path.",10.018398519564878,37249.0,37239.0,0.74478,0.0,C1,0.0,0.00020177100032015005,0.00020266599995011347,0.0012559150000015507,0.1203428429998894,0.001274913000088418
20260506_060518_gpu_v3_topq_eigenpro_nystrom_pcmoriginal_q36_N300000_20260421,2026-05-06T06:08:21.695485,gpu_v3_topq_eigenpro_nystrom,original,300000,1e-07,36,0.1,1e-06,4.201192986000024,0.0018176277319431292,0.869140625,ok,,307,9.665279937060598e-07,308,3.622486279001805,307,0.12926636800420965,0.14211237200015603,0.0003164979998473427,3.9912854990002415,0.008383888000025763,cufinufft,NVIDIA L4,0.14197600100033014,coordinate_nystrom_s1600_q36_oversample10_low0.25,0.0479738650001309,0.0479738650001309,,0.0479738650001309,4.181688234000376,4.190072122000402,0,3,,,,,,,,,,,,,
20260506_060518_gpu_v3_topq_eigenpro_nystrom_pcmoriginal_q36_N300000_20260422,2026-05-06T06:08:26.445810,gpu_v3_topq_eigenpro_nystrom,original,300000,1e-07,36,0.1,1e-06,4.347963485000037,0.0018733028861467132,0.87109375,ok,,318,9.64457042805352e-07,319,3.7458345679983722,318,0.13661704399737573,0.14188204099991708,0.00031570400005875854,4.139969025000028,0.008905529999992723,cufinufft,NVIDIA L4,0.14174031200036552,coordinate_nystrom_s1600_q36_oversample10_low0.25,0.046448410999801126,0.046448410999801126,,0.046448410999801126,4.328615180999805,4.337520710999797,1,3,,,,,,,,,,,,,
20260506_060518_gpu_v3_topq_eigenpro_nystrom_pcmoriginal_q36_N300000_20260423,2026-05-06T06:08:31.323822,gpu_v3_topq_eigenpro_nystrom,original,300000,1e-07,36,0.1,1e-06,4.475585165000211,0.0018453810798405468,0.87109375,ok,,329,7.55083421342164e-07,330,3.8722306009999556,329,0.1364696919963535,0.14254241100024956,0.00031920299988996703,4.266987844000141,0.008444922999842674,cufinufft,NVIDIA L4,0.14239628599989373,coordinate_nystrom_s1600_q36_oversample10_low0.25,0.04676665699980731,0.04676665699980731,,0.04676665699980731,4.456616115000088,4.465061037999931,2,3,,,,,,,,,,,,,
20260506_060518_gpu_v3_topq_eigenpro_nystrom_pcmc1_q36_N300000_20260421,2026-05-06T06:08:36.098690,gpu_v3_topq_eigenpro_nystrom,c1,300000,1e-07,36,0.1,1e-06,4.391307445999701,0.0018831179542448243,0.853515625,ok,,320,9.110072492843857e-07,321,3.7706187059989134,320,0.13425035199907143,0.13771874899975955,0.00032830899999680696,4.1563217340003575,0.008329187000072125,binned_c1,NVIDIA L4,0.13755094199996165,coordinate_nystrom_s1600_q36_oversample10_low0.25,,,0.06338996100021177,0.06338996100021177,4.357758753000326,4.366087940000398,0,3,"binned pcm: build_binned_efgp_system provides XtXcol + rhs, then Gf=FFTN(XtXcol); no exact gpu_precompute_v1 is executed in this path.",10.018434446508753,37249.0,37243.0,0.74486,0.0,C1,0.0,0.00017438400027458556,0.0001750910000737349,0.0007904459998826496,0.055343046999951184,0.0012359249999462918
20260506_060518_gpu_v3_topq_eigenpro_nystrom_pcmc1_q36_N300000_20260422,2026-05-06T06:08:40.970102,gpu_v3_topq_eigenpro_nystrom,c1,300000,1e-07,36,0.1,1e-06,4.492868081999859,0.001940884972822557,0.853515625,ok,,326,7.752188357426848e-07,327,3.84831449499643,326,0.139453884998602,0.14550227900008394,0.0003588820000004489,4.248974040000121,0.008515109999734705,binned_c1,NVIDIA L4,0.14534766099995977,coordinate_nystrom_s1600_q36_oversample10_low0.25,,,0.06370323100009045,0.06370323100009045,4.458538432000296,4.467053542000031,1,3,"binned pcm: build_binned_efgp_system provides XtXcol + rhs, then Gf=FFTN(XtXcol); no exact gpu_precompute_v1 is executed in this path.",10.018401192270261,37249.0,37235.0,0.7447,0.0,C1,0.0,0.00017896399958772236,0.0001795859998310334,0.0008537910002814897,0.055431792000035784,0.0013135200001670455
20260506_060518_gpu_v3_topq_eigenpro_nystrom_pcmc1_q36_N300000_20260423,2026-05-06T06:08:45.863301,gpu_v3_topq_eigenpro_nystrom,c1,300000,1e-07,36,0.1,1e-06,4.507034525999643,0.001911864977392399,0.853515625,ok,,329,6.867644412371551e-07,330,3.8786943150043953,329,0.13505064699847935,0.13973511199992572,0.00033201199994437047,4.26899740700037,0.008536316999652627,binned_c1,NVIDIA L4,0.13956216200040217,coordinate_nystrom_s1600_q36_oversample10_low0.25,,,0.06367288699993878,0.06367288699993878,4.472737418000179,4.4812737349998315,2,3,"binned pcm: build_binned_efgp_system provides XtXcol + rhs, then Gf=FFTN(XtXcol); no exact gpu_precompute_v1 is executed in this path.",10.018398519564878,37249.0,37239.0,0.74478,0.0,C1,0.0,0.00017608300004212651,0.0001768140000422136,0.0008275109998976404,0.05551533500010919,0.0012748250001095585
20260506_060518_gpu_v3_topq_eigenpro_nystrom_pcmoriginal_q72_N300000_20260421,2026-05-06T06:08:49.083151,gpu_v3_topq_eigenpro_nystrom,original,300000,1e-07,72,0.1,1e-06,2.8379244530001415,0.001817060348935799,0.87109375,ok,,200,7.316015087364864e-07,201,2.3616183870017267,200,0.08525014399947395,0.16884256799994546,0.00032882499999686843,2.6040730180002356,0.008478341999762051,cufinufft,NVIDIA L4,0.16869103799990626,coordinate_nystrom_s1600_q72_oversample10_low0.25,0.045793698000125005,0.045793698000125005,,0.045793698000125005,2.819038109000303,2.827516451000065,0,3,,,,,,,,,,,,,
20260506_060518_gpu_v3_topq_eigenpro_nystrom_pcmoriginal_q72_N300000_20260422,2026-05-06T06:08:52.246755,gpu_v3_topq_eigenpro_nystrom,original,300000,1e-07,72,0.1,1e-06,2.7751339750002444,0.0018732615849742314,0.87109375,ok,,189,9.972735989282013e-07,190,2.2336898579965236,189,0.08589112600566295,0.23041678200024762,0.0003232219996789354,2.4787722940000094,0.008621091000350134,cufinufft,NVIDIA L4,0.2302648390000286,coordinate_nystrom_s1600_q72_oversample10_low0.25,0.04641262100039967,0.04641262100039967,,0.04641262100039967,2.7559249190003356,2.764546010000686,1,3,,,,,,,,,,,,,
20260506_060518_gpu_v3_topq_eigenpro_nystrom_pcmoriginal_q72_N300000_20260423,2026-05-06T06:08:55.491763,gpu_v3_topq_eigenpro_nystrom,original,300000,1e-07,72,0.1,1e-06,2.8474933989996316,0.001845918618170523,0.87109375,ok,,201,9.111867475197696e-07,202,2.372767593001754,201,0.08345329599751494,0.16923204199974862,0.0003202970001439098,2.6126917460001096,0.008549616999971477,cufinufft,NVIDIA L4,0.16908681499990053,coordinate_nystrom_s1600_q72_oversample10_low0.25,0.04619490699997186,0.04619490699997186,,0.04619490699997186,2.828438991999974,2.8369886089999454,2,3,,,,,,,,,,,,,
20260506_060518_gpu_v3_topq_eigenpro_nystrom_pcmc1_q72_N300000_20260421,2026-05-06T06:08:58.755090,gpu_v3_topq_eigenpro_nystrom,c1,300000,1e-07,72,0.1,1e-06,2.873641307000071,0.0018834865580045484,0.845703125,ok,,201,8.515352289957422e-07,202,2.3724707070000477,201,0.08305238599859877,0.16349216899970997,0.0003526680002323701,2.612483090999831,0.008909066999876813,binned_c1,NVIDIA L4,0.16335153299996819,coordinate_nystrom_s1600_q72_oversample10_low0.25,,,0.06342466099977173,0.06342466099977173,2.839752588999545,2.848661655999422,0,3,"binned pcm: build_binned_efgp_system provides XtXcol + rhs, then Gf=FFTN(XtXcol); no exact gpu_precompute_v1 is executed in this path.",10.018434446508753,37249.0,37243.0,0.74486,0.0,C1,0.0,0.00017306600011579576,0.00017367899999953806,0.0008368980002160242,0.05534886700024799,0.0012148249998062965
20260506_060518_gpu_v3_topq_eigenpro_nystrom_pcmc1_q72_N300000_20260422,2026-05-06T06:09:01.994182,gpu_v3_topq_eigenpro_nystrom,c1,300000,1e-07,72,0.1,1e-06,2.852474976999929,0.00194085052573524,0.845703125,ok,,199,9.424863059481102e-07,200,2.3500319380027577,199,0.08234187699918039,0.16534393500023725,0.0003451859997767315,2.588278747000004,0.008802656000170828,binned_c1,NVIDIA L4,0.16520437199960725,coordinate_nystrom_s1600_q72_oversample10_low0.25,,,0.06350897899983465,0.06350897899983465,2.8174768469998526,2.8262795030000234,1,3,"binned pcm: build_binned_efgp_system provides XtXcol + rhs, then Gf=FFTN(XtXcol); no exact gpu_precompute_v1 is executed in this path.",10.018401192270261,37249.0,37235.0,0.7447,0.0,C1,0.0,0.00019135899992761551,0.0001919090000228607,0.0008616590002930025,0.05531154000027527,0.0012627460000658175
20260506_060518_gpu_v3_topq_eigenpro_nystrom_pcmc1_q72_N300000_20260423,2026-05-06T06:09:05.380125,gpu_v3_topq_eigenpro_nystrom,c1,300000,1e-07,72,0.1,1e-06,3.001425594000011,0.0019119062443906255,0.845703125,ok,,205,9.075758078526229e-07,206,2.4214010010050515,205,0.08584354200138478,0.23312198599978728,0.00034968199997820193,2.670197126000403,0.008429262999925413,binned_c1,NVIDIA L4,0.2329770940000344,coordinate_nystrom_s1600_q72_oversample10_low0.25,,,0.06352165599992077,0.06352165599992077,2.967190450000089,2.9756197130000146,2,3,"binned pcm: build_binned_efgp_system provides XtXcol + rhs, then Gf=FFTN(XtXcol); no exact gpu_precompute_v1 is executed in this path.",10.018398519564878,37249.0,37239.0,0.74478,0.0,C1,0.0,0.00017389499998898827,0.00017443599972466473,0.0007958369997140835,0.05530267299991465,0.0013336629999685101
20260506_060518_gpu_v3_topq_eigenpro_nystrom_pcmoriginal_q144_N300000_20260421,2026-05-06T06:09:07.530093,gpu_v3_topq_eigenpro_nystrom,original,300000,1e-07,144,0.1,1e-06,1.7661062659999516,0.0018180460590119616,0.857421875,ok,,112,8.583731474238474e-07,113,1.32925967400206,112,0.045181856998624426,0.2386821510003756,0.0003234050000173738,1.4611227569998846,0.00844815899972673,cufinufft,NVIDIA L4,0.23853254200002993,coordinate_nystrom_s1600_q144_oversample10_low0.25,0.04700098800003616,0.04700098800003616,,0.04700098800003616,1.7471293010003137,1.7555774600000404,0,3,,,,,,,,,,,,,
20260506_060518_gpu_v3_topq_eigenpro_nystrom_pcmoriginal_q144_N300000_20260422,2026-05-06T06:09:09.732062,gpu_v3_topq_eigenpro_nystrom,original,300000,1e-07,144,0.1,1e-06,1.8192496809997465,0.0018733835584943247,0.857421875,ok,,116,8.785411265405259e-07,117,1.3763053250027042,116,0.04777159100740391,0.23751931000015247,0.0003353389997755585,1.515750847000163,0.008479086000079405,cufinufft,NVIDIA L4,0.23737004599979628,coordinate_nystrom_s1600_q144_oversample10_low0.25,0.04678584700013744,0.04678584700013744,,0.04678584700013744,1.8003913430002285,1.808870429000308,1,3,,,,,,,,,,,,,
20260506_060518_gpu_v3_topq_eigenpro_nystrom_pcmoriginal_q144_N300000_20260423,2026-05-06T06:09:11.950137,gpu_v3_topq_eigenpro_nystrom,original,300000,1e-07,144,0.1,1e-06,1.8369435219997285,0.0018441238430861751,0.857421875,ok,,116,9.168310862938056e-07,117,1.3750090680023277,116,0.04665932899888503,0.2596609150000404,0.000323556999774155,1.511453925999831,0.008398553999995784,cufinufft,NVIDIA L4,0.2595152459998644,coordinate_nystrom_s1600_q144_oversample10_low0.25,0.046588557999712066,0.046588557999712066,,0.046588557999712066,1.8180269559993576,1.8264255099993534,2,3,,,,,,,,,,,,,
20260506_060518_gpu_v3_topq_eigenpro_nystrom_pcmc1_q144_N300000_20260421,2026-05-06T06:09:14.181734,gpu_v3_topq_eigenpro_nystrom,c1,300000,1e-07,144,0.1,1e-06,1.8553550340002403,0.0018833778224126355,0.845703125,ok,,117,9.602969916500795e-07,118,1.3857949470002495,117,0.04751120300488765,0.2331818130001011,0.00032558200018684147,1.5240759299999809,0.008663655999953335,binned_c1,NVIDIA L4,0.23303969400012647,coordinate_nystrom_s1600_q144_oversample10_low0.25,,,0.06321666800022285,0.06321666800022285,1.8207999930004917,1.829463649000445,0,3,"binned pcm: build_binned_efgp_system provides XtXcol + rhs, then Gf=FFTN(XtXcol); no exact gpu_precompute_v1 is executed in this path.",10.018434446508753,37249.0,37243.0,0.74486,0.0,C1,0.0,0.000200047999896924,0.00020072600000275997,0.0007934830000522197,0.05506587899981241,0.001273137000225688
20260506_060518_gpu_v3_topq_eigenpro_nystrom_pcmc1_q144_N300000_20260422,2026-05-06T06:09:17.507452,gpu_v3_topq_eigenpro_nystrom,c1,300000,1e-07,144,0.1,1e-06,2.9342590940000264,0.0019409831139729978,0.845703125,ok,,116,9.402861626740996e-07,117,1.3745998800018242,116,0.05072732500548227,1.3098234180001782,0.00034551999988252646,1.5248661629998423,0.00858120200018675,binned_c1,NVIDIA L4,1.3096836699996857,coordinate_nystrom_s1600_q144_oversample10_low0.25,,,0.0639487119997284,0.0639487119997284,2.8989838129996315,2.9075650149998182,1,3,"binned pcm: build_binned_efgp_system provides XtXcol + rhs, then Gf=FFTN(XtXcol); no exact gpu_precompute_v1 is executed in this path.",10.018401192270261,37249.0,37235.0,0.7447,0.0,C1,0.0,0.00022962799994274974,0.00023043400005917647,0.000833255000088684,0.05565304199990351,0.0013012910003453726
20260506_060518_gpu_v3_topq_eigenpro_nystrom_pcmc1_q144_N300000_20260423,2026-05-06T06:09:19.743988,gpu_v3_topq_eigenpro_nystrom,c1,300000,1e-07,144,0.1,1e-06,1.8499126910000996,0.0019106110572401126,0.845703125,ok,,116,9.88083227815596e-07,117,1.3741605199998048,116,0.04861231200038674,0.23418665200006217,0.00033034800026143785,1.5172670159995505,0.008829641000374977,binned_c1,NVIDIA L4,0.23404250399971716,coordinate_nystrom_s1600_q144_oversample10_low0.25,,,0.06351472200003627,0.06351472200003627,1.8152987379999104,1.8241283790002853,2,3,"binned pcm: build_binned_efgp_system provides XtXcol + rhs, then Gf=FFTN(XtXcol); no exact gpu_precompute_v1 is executed in this path.",10.018398519564878,37249.0,37239.0,0.74478,0.0,C1,0.0,0.0001751049999256793,0.000175701999978628,0.0008319329999721958,0.05528903000003993,0.0013307860003806127
20260506_060518_gpu_v3_topq_eigenpro_nystrom_pcmoriginal_q180_N300000_20260421,2026-05-06T06:09:21.761290,gpu_v3_topq_eigenpro_nystrom,original,300000,1e-07,180,0.1,1e-06,1.6250686950002091,0.0018176013691339643,0.857421875,ok,,98,7.24959390169524e-07,99,1.163314368999636,98,0.04020201400226142,0.2772447160000411,0.000333617999785929,1.2819263989999854,0.008367343999907462,cufinufft,NVIDIA L4,0.2770886950002023,coordinate_nystrom_s1600_q180_oversample10_low0.25,0.046446296000340226,0.046446296000340226,,0.046446296000340226,1.6059510290001526,1.61431837300006,0,3,,,,,,,,,,,,,
20260506_060518_gpu_v3_topq_eigenpro_nystrom_pcmoriginal_q180_N300000_20260422,2026-05-06T06:09:23.823857,gpu_v3_topq_eigenpro_nystrom,original,300000,1e-07,180,0.1,1e-06,1.675532433999706,0.0018717382964580447,0.857421875,ok,,102,8.929562169452132e-07,103,1.2093192939996698,102,0.042852431997289386,0.2762119139997594,0.00035336900009497185,1.3325066359998345,0.008375558000352612,cufinufft,NVIDIA L4,0.2760641869999745,coordinate_nystrom_s1600_q180_oversample10_low0.25,0.047450508999645535,0.047450508999645535,,0.047450508999645535,1.6565224279993345,1.664897985999687,1,3,,,,,,,,,,,,,
20260506_060518_gpu_v3_topq_eigenpro_nystrom_pcmoriginal_q180_N300000_20260423,2026-05-06T06:09:25.820215,gpu_v3_topq_eigenpro_nystrom,original,300000,1e-07,180,0.1,1e-06,1.611868989999948,0.001844233495259051,0.857421875,ok,,97,9.542080538772606e-07,98,1.1514827849996436,97,0.039567320997321076,0.2767607549999411,0.0003345280001667561,1.2689255029999913,0.008463246999781404,cufinufft,NVIDIA L4,0.2766015199999856,coordinate_nystrom_s1600_q180_oversample10_low0.25,0.04667761300015627,0.04667761300015627,,0.04667761300015627,1.5926983990002554,1.6011616460000369,2,3,,,,,,,,,,,,,
20260506_060518_gpu_v3_topq_eigenpro_nystrom_pcmc1_q180_N300000_20260421,2026-05-06T06:09:27.860968,gpu_v3_topq_eigenpro_nystrom,c1,300000,1e-07,180,0.1,1e-06,1.6570566020000115,0.0018836728697594644,0.845703125,ok,,98,7.620748955973083e-07,99,1.1628649049985142,98,0.04160057399849393,0.27454539599966665,0.0003291090001766861,1.2832502149999527,0.008582172999922477,binned_c1,NVIDIA L4,0.27439208799978587,coordinate_nystrom_s1600_q180_oversample10_low0.25,,,0.06368810699996175,0.06368810699996175,1.6218128269997578,1.6303949999996803,0,3,"binned pcm: build_binned_efgp_system provides XtXcol + rhs, then Gf=FFTN(XtXcol); no exact gpu_precompute_v1 is executed in this path.",10.018434446508753,37249.0,37243.0,0.74486,0.0,C1,0.0,0.00018396099994788528,0.00018425000007482595,0.0008446719998573826,0.055479810000178986,0.0012500650000220048
20260506_060518_gpu_v3_topq_eigenpro_nystrom_pcmc1_q180_N300000_20260422,2026-05-06T06:09:30.098481,gpu_v3_topq_eigenpro_nystrom,c1,300000,1e-07,180,0.1,1e-06,1.8517029730001013,0.001939122360128594,0.845703125,ok,,102,9.304757498968648e-07,103,1.2103248829998847,102,0.04537792900282511,0.41227845899993554,0.0003449870000622468,1.3417283570001928,0.008374390999961179,binned_c1,NVIDIA L4,0.4121025340000415,coordinate_nystrom_s1600_q180_oversample10_low0.25,,,0.06352577500001644,0.06352577500001644,1.817877578000207,1.8262519690001682,1,3,"binned pcm: build_binned_efgp_system provides XtXcol + rhs, then Gf=FFTN(XtXcol); no exact gpu_precompute_v1 is executed in this path.",10.018401192270261,37249.0,37235.0,0.7447,0.0,C1,0.0,0.00018297099995834287,0.0001835300004131568,0.0008057730001382879,0.055350180999994336,0.001287528999910137
20260506_060518_gpu_v3_topq_eigenpro_nystrom_pcmc1_q180_N300000_20260423,2026-05-06T06:09:32.140434,gpu_v3_topq_eigenpro_nystrom,c1,300000,1e-07,180,0.1,1e-06,1.6540420589999485,0.0019102933185916578,0.845703125,ok,,98,7.526503722993952e-07,99,1.1635314899999685,98,0.040945521999219636,0.27324788699979763,0.0003557300001375552,1.2825680249998186,0.008491680000133783,binned_c1,NVIDIA L4,0.27309827599992786,coordinate_nystrom_s1600_q180_oversample10_low0.25,,,0.0636071300000367,0.0636071300000367,1.6197787719997905,1.6282704519999243,2,3,"binned pcm: build_binned_efgp_system provides XtXcol + rhs, then Gf=FFTN(XtXcol); no exact gpu_precompute_v1 is executed in this path.",10.018398519564878,37249.0,37239.0,0.74478,0.0,C1,0.0,0.00018048700030703912,0.0001810750000004191,0.0008399429998462438,0.05546091599990177,0.001242473000274913
20260506_060518_gpu_v1_topq0_pcmoriginal_q0_N1000000_20260421,2026-05-06T06:09:43.866074,gpu_v1_topq0,original,1000000,1e-07,0,0.1,1e-06,11.037883102999785,0.001265958975176325,0.81640625,ok,,888,8.909607369091877e-07,889,10.432382682001844,0,,0.0,0.0,10.94386062500007,0.013870884999960253,cufinufft,NVIDIA L4,,,0.05998060499996427,0.05998060499996427,,0.05998060499996427,11.003841230000035,11.017712114999995,0,3,,,,,,,,,,,,,
20260506_060518_gpu_v1_topq0_pcmoriginal_q0_N1000000_20260422,2026-05-06T06:09:55.573219,gpu_v1_topq0,original,1000000,1e-07,0,0.1,1e-06,11.141948093999872,0.001280691304396969,0.81640625,ok,,895,9.669315433262485e-07,896,10.527046419006183,0,,0.0,0.0,11.046697426999799,0.014009053999870957,cufinufft,NVIDIA L4,,,0.06060703400044076,0.06060703400044076,,0.06060703400044076,11.10730446100024,11.12131351500011,1,3,,,,,,,,,,,,,
20260506_060518_gpu_v1_topq0_pcmoriginal_q0_N1000000_20260423,2026-05-06T06:10:07.882555,gpu_v1_topq0,original,1000000,1e-07,0,0.1,1e-06,11.74192697999979,0.001274987894792283,0.81640625,ok,,944,8.221165367226435e-07,945,11.102496854010496,0,,0.0,0.0,11.646165368999846,0.014283728000009432,cufinufft,NVIDIA L4,,,0.061084177999873646,0.061084177999873646,,0.061084177999873646,11.70724954699972,11.721533274999729,2,3,,,,,,,,,,,,,
20260506_060518_gpu_v1_topq0_pcmc1_q0_N1000000_20260421,2026-05-06T06:10:20.019103,gpu_v1_topq0,c1,1000000,1e-07,0,0.1,1e-06,11.55928110800005,0.0012847949874944737,0.90234375,ok,,921,9.724488164537952e-07,922,10.843753117005235,0,,0.0,0.0,11.37585436900008,0.013775091999832512,binned_c1,NVIDIA L4,,,,,0.13326172999995833,0.13326172999995833,11.509116099000039,11.522891190999871,0,3,"binned pcm: build_binned_efgp_system provides XtXcol + rhs, then Gf=FFTN(XtXcol); no exact gpu_precompute_v1 is executed in this path.",5.477481668468869,124609.0,124574.0,0.747444,0.0,C1,0.0,0.00034640600006241584,0.0003469919997769466,0.001796046999970713,0.12358509900013814,0.001270742000087921
20260506_060518_gpu_v1_topq0_pcmc1_q0_N1000000_20260422,2026-05-06T06:10:32.090690,gpu_v1_topq0,c1,1000000,1e-07,0,0.1,1e-06,11.482884116999685,0.0012973916917271362,0.939453125,ok,,915,9.621910578692976e-07,916,10.770078598014152,0,,0.0,0.0,11.298326879999877,0.013819789000081073,binned_c1,NVIDIA L4,,,,,0.13473821100023997,0.13473821100023997,11.433065091000117,11.446884880000198,1,3,"binned pcm: build_binned_efgp_system provides XtXcol + rhs, then Gf=FFTN(XtXcol); no exact gpu_precompute_v1 is executed in this path.",5.477480928722774,124609.0,124578.0,0.747468,0.0,C1,0.0,0.00034347600012551993,0.0003441560002102051,0.0017759110000952205,0.12513972399983686,0.0012441369999578455
20260506_060518_gpu_v1_topq0_pcmc1_q0_N1000000_20260423,2026-05-06T06:10:44.601452,gpu_v1_topq0,c1,1000000,1e-07,0,0.1,1e-06,11.92936957999973,0.0012861076696217574,0.9765625,ok,,952,9.311722412587471e-07,953,11.198355625989734,0,,0.0,0.0,11.745334828000068,0.013823563999721955,binned_c1,NVIDIA L4,,,,,0.133682312000019,0.133682312000019,11.879017140000087,11.89284070399981,2,3,"binned pcm: build_binned_efgp_system provides XtXcol + rhs, then Gf=FFTN(XtXcol); no exact gpu_precompute_v1 is executed in this path.",5.4774809368176385,124609.0,124572.0,0.747432,0.0,C1,0.0,0.00036001599983137567,0.00036076999958822853,0.0018509930000618624,0.1237459349999881,0.001323777999914455
20260506_060518_gpu_v3_topq_eigenpro_nystrom_pcmoriginal_q36_N1000000_20260421,2026-05-06T06:10:51.814479,gpu_v3_topq_eigenpro_nystrom,original,1000000,1e-07,36,0.1,1e-06,6.640311787999963,0.0012650933204595611,1.009765625,ok,,491,8.62587994294221e-07,492,5.794600094001453,491,0.20600355499664147,0.14459747299997616,0.00037156700000195997,6.401289104999705,0.013598732999980712,cufinufft,NVIDIA L4,0.14443670299988298,coordinate_nystrom_s1600_q36_oversample10_low0.25,0.06037214899970422,0.06037214899970422,,0.06037214899970422,6.6066302939993875,6.620229026999368,0,3,,,,,,,,,,,,,
20260506_060518_gpu_v3_topq_eigenpro_nystrom_pcmoriginal_q36_N1000000_20260422,2026-05-06T06:10:58.642433,gpu_v3_topq_eigenpro_nystrom,original,1000000,1e-07,36,0.1,1e-06,6.25612424999963,0.0012806993866553678,0.98046875,ok,,463,9.819602124879733e-07,464,5.465413493997858,463,0.19363192300306764,0.13858937200029686,0.00035232899972470477,6.0248111129999415,0.013885590000427328,cufinufft,NVIDIA L4,0.1384447939999518,coordinate_nystrom_s1600_q36_oversample10_low0.25,0.059437386999888986,0.059437386999888986,,0.059437386999888986,6.223190200999852,6.237075791000279,1,3,,,,,,,,,,,,,
20260506_060518_gpu_v3_topq_eigenpro_nystrom_pcmoriginal_q36_N1000000_20260423,2026-05-06T06:11:05.592772,gpu_v3_topq_eigenpro_nystrom,original,1000000,1e-07,36,0.1,1e-06,6.384572766000019,0.0012779125336124428,0.98046875,ok,,474,9.97036370226258e-07,475,5.590941276004287,474,0.19335435099765164,0.1384242889998859,0.00034850100018957164,6.15259755399984,0.014141127000129927,cufinufft,NVIDIA L4,0.13827587200012204,coordinate_nystrom_s1600_q36_oversample10_low0.25,0.059791954000047554,0.059791954000047554,,0.059791954000047554,6.351162297999963,6.365303425000093,2,3,,,,,,,,,,,,,
20260506_060518_gpu_v3_topq_eigenpro_nystrom_pcmc1_q36_N1000000_20260421,2026-05-06T06:11:12.618899,gpu_v3_topq_eigenpro_nystrom,c1,1000000,1e-07,36,0.1,1e-06,6.460125590000189,0.0012854045299232593,0.982421875,ok,,477,9.60664740575411e-07,478,5.621105949000594,477,0.19893987399427715,0.1365234199997758,0.00032366899995395215,6.202431441000044,0.01347931600002994,binned_c1,NVIDIA L4,0.1363783029996739,coordinate_nystrom_s1600_q36_oversample10_low0.25,,,0.0722132139999303,0.0722132139999303,6.411491743999704,6.424971059999734,0,3,"binned pcm: build_binned_efgp_system provides XtXcol + rhs, then Gf=FFTN(XtXcol); no exact gpu_precompute_v1 is executed in this path.",5.477481668468869,124609.0,124574.0,0.747444,0.0,C1,0.0,0.0003234030000385246,0.00032404900002802606,0.0008232709997173515,0.06383736799989492,0.001301173999763705
20260506_060518_gpu_v3_topq_eigenpro_nystrom_pcmc1_q36_N1000000_20260422,2026-05-06T06:11:19.409383,gpu_v3_topq_eigenpro_nystrom,c1,1000000,1e-07,36,0.1,1e-06,6.225704541000141,0.001299236006189931,1.00390625,ok,,460,9.833711237547762e-07,461,5.420338079993144,460,0.1876778710011422,0.13611996999998155,0.0003245939997214009,5.968256637000195,0.013895102999867959,binned_c1,NVIDIA L4,0.1359776240001338,coordinate_nystrom_s1600_q36_oversample10_low0.25,,,0.07133983699986857,0.07133983699986857,6.176041037999767,6.1899361409996345,1,3,"binned pcm: build_binned_efgp_system provides XtXcol + rhs, then Gf=FFTN(XtXcol); no exact gpu_precompute_v1 is executed in this path.",5.477480928722774,124609.0,124578.0,0.747468,0.0,C1,0.0,0.00032595399989077123,0.0003266080002504168,0.0008383150002373441,0.0630228499999248,0.0012628790000235313
20260506_060518_gpu_v3_topq_eigenpro_nystrom_pcmc1_q36_N1000000_20260423,2026-05-06T06:11:26.411055,gpu_v3_topq_eigenpro_nystrom,c1,1000000,1e-07,36,0.1,1e-06,6.4298358190003455,0.0012891528137210866,1.00390625,ok,,474,9.81749422590914e-07,475,5.593801431999509,474,0.2018071389989018,0.13550765899981343,0.00031711700012238,6.173350691999985,0.014015304000167816,binned_c1,NVIDIA L4,0.1353655279999657,coordinate_nystrom_s1600_q36_oversample10_low0.25,,,0.070968191999782,0.070968191999782,6.380143659999703,6.394158963999871,2,3,"binned pcm: build_binned_efgp_system provides XtXcol + rhs, then Gf=FFTN(XtXcol); no exact gpu_precompute_v1 is executed in this path.",5.4774809368176385,124609.0,124572.0,0.747432,0.0,C1,0.0,0.00032761099964773166,0.00032825400012370665,0.0007959909999044612,0.0626171419999082,0.0013025529997321428
20260506_060518_gpu_v3_topq_eigenpro_nystrom_pcmoriginal_q72_N1000000_20260421,2026-05-06T06:11:31.048366,gpu_v3_topq_eigenpro_nystrom,original,1000000,1e-07,72,0.1,1e-06,4.072946579000018,0.001266070640239764,0.97265625,ok,,292,8.635073121507954e-07,293,3.455516421000084,292,0.12054143899467817,0.1666759390000152,0.0003193749998899875,3.8134800809998524,0.013468287000250712,cufinufft,NVIDIA L4,0.1665292520001458,coordinate_nystrom_s1600_q72_oversample10_low0.25,0.059800840000207245,0.059800840000207245,,0.059800840000207245,4.040276234999965,4.0537445220002155,0,3,,,,,,,,,,,,,
20260506_060518_gpu_v3_topq_eigenpro_nystrom_pcmoriginal_q72_N1000000_20260422,2026-05-06T06:11:35.641165,gpu_v3_topq_eigenpro_nystrom,original,1000000,1e-07,72,0.1,1e-06,4.015365819000181,0.0012806711753562338,0.97265625,ok,,288,9.70296120391588e-07,289,3.4010253850010486,288,0.12102858499929425,0.16572141899996495,0.00031398999999510124,3.7559865630000786,0.01377391300002273,cufinufft,NVIDIA L4,0.16558188399994833,coordinate_nystrom_s1600_q72_oversample10_low0.25,0.060605084000144416,0.060605084000144416,,0.060605084000144416,3.982627056000183,3.996400969000206,1,3,,,,,,,,,,,,,
20260506_060518_gpu_v3_topq_eigenpro_nystrom_pcmoriginal_q72_N1000000_20260423,2026-05-06T06:11:40.244586,gpu_v3_topq_eigenpro_nystrom,original,1000000,1e-07,72,0.1,1e-06,4.026877780000177,0.0012775771916812046,0.97265625,ok,,288,9.844737374578768e-07,289,3.403794973998174,288,0.12169816100777098,0.16565959699983068,0.00033571500034668134,3.767833196999618,0.014014694000252348,cufinufft,NVIDIA L4,0.16548445799980982,coordinate_nystrom_s1600_q72_oversample10_low0.25,0.05982931100015776,0.05982931100015776,,0.05982931100015776,3.993657819999953,4.007672514000205,2,3,,,,,,,,,,,,,
20260506_060518_gpu_v3_topq_eigenpro_nystrom_pcmc1_q72_N1000000_20260421,2026-05-06T06:11:44.852877,gpu_v3_topq_eigenpro_nystrom,c1,1000000,1e-07,72,0.1,1e-06,4.0332227569997485,0.0012861727071763604,1.00390625,ok,,288,9.779188884631378e-07,289,3.3991426429997773,288,0.11950739699796031,0.16364169200005563,0.0003309069998067571,3.7480396400001155,0.013839434999681544,binned_c1,NVIDIA L4,0.16349860699983765,coordinate_nystrom_s1600_q72_oversample10_low0.25,,,0.07196885399980602,0.07196885399980602,3.983981092999784,3.9978205279994654,0,3,"binned pcm: build_binned_efgp_system provides XtXcol + rhs, then Gf=FFTN(XtXcol); no exact gpu_precompute_v1 is executed in this path.",5.477481668468869,124609.0,124574.0,0.747444,0.0,C1,0.0,0.00032617199985907064,0.00032687700013411813,0.0010104689999934635,0.06346215999974447,0.0012577719999171677
20260506_060518_gpu_v3_topq_eigenpro_nystrom_pcmc1_q72_N1000000_20260422,2026-05-06T06:11:49.499176,gpu_v3_topq_eigenpro_nystrom,c1,1000000,1e-07,72,0.1,1e-06,4.089558190999924,0.0012986473682042698,1.00390625,ok,,293,9.675936432609537e-07,294,3.4534609110028214,293,0.12283649499704552,0.16163291299972116,0.0003431770001043333,3.8079423959998167,0.013729486000102042,binned_c1,NVIDIA L4,0.16149028800009546,coordinate_nystrom_s1600_q72_oversample10_low0.25,,,0.07112531499979013,0.07112531499979013,4.041043800999432,4.054773286999534,1,3,"binned pcm: build_binned_efgp_system provides XtXcol + rhs, then Gf=FFTN(XtXcol); no exact gpu_precompute_v1 is executed in this path.",5.477480928722774,124609.0,124578.0,0.747468,0.0,C1,0.0,0.0003251359999012493,0.00032576300009168335,0.0008095349999166501,0.0628623559996413,0.001245946999915759
20260506_060518_gpu_v3_topq_eigenpro_nystrom_pcmc1_q72_N1000000_20260423,2026-05-06T06:11:54.128510,gpu_v3_topq_eigenpro_nystrom,c1,1000000,1e-07,72,0.1,1e-06,4.069204140999773,0.0012896100944379725,1.00390625,ok,,292,8.654744464085989e-07,293,3.4409885889976977,292,0.1194294169990826,0.16272359100003086,0.0003399659999558935,3.7857164540000667,0.013680228999874089,binned_c1,NVIDIA L4,0.16257880599960117,coordinate_nystrom_s1600_q72_oversample10_low0.25,,,0.0713179700001092,0.0713179700001092,4.020097981000163,4.033778210000037,2,3,"binned pcm: build_binned_efgp_system provides XtXcol + rhs, then Gf=FFTN(XtXcol); no exact gpu_precompute_v1 is executed in this path.",5.4774809368176385,124609.0,124572.0,0.747432,0.0,C1,0.0,0.0003281720000813948,0.0003287439999439812,0.0008680539999659231,0.06288190800023585,0.0012940999999955238
20260506_060518_gpu_v3_topq_eigenpro_nystrom_pcmoriginal_q144_N1000000_20260421,2026-05-06T06:11:57.221440,gpu_v3_topq_eigenpro_nystrom,original,1000000,1e-07,144,0.1,1e-06,2.5240012120002575,0.0012661562068022483,0.97265625,ok,,168,8.439629256442427e-07,169,1.9880331710000974,168,0.06964800799778459,0.236749226000029,0.0003231220002817281,2.194426201999704,0.013765322999915952,cufinufft,NVIDIA L4,0.23660410999991655,coordinate_nystrom_s1600_q144_oversample10_low0.25,0.05936949899978572,0.05936949899978572,,0.05936949899978572,2.4908680489998005,2.5046333719997165,0,3,,,,,,,,,,,,,
20260506_060518_gpu_v3_topq_eigenpro_nystrom_pcmoriginal_q144_N1000000_20260422,2026-05-06T06:12:00.289065,gpu_v3_topq_eigenpro_nystrom,original,1000000,1e-07,144,0.1,1e-06,2.5033625370001573,0.00128059447037048,0.97265625,ok,,166,9.723456845716847e-07,167,1.9671552549993976,166,0.07025563199795215,0.23485130300014134,0.00032678499974281294,2.174843581999994,0.014356758000303671,cufinufft,NVIDIA L4,0.2347043519998806,coordinate_nystrom_s1600_q144_oversample10_low0.25,0.05971850000014456,0.05971850000014456,,0.05971850000014456,2.4697401700000228,2.4840969280003264,1,3,,,,,,,,,,,,,
20260506_060518_gpu_v3_topq_eigenpro_nystrom_pcmoriginal_q144_N1000000_20260423,2026-05-06T06:12:03.493500,gpu_v3_topq_eigenpro_nystrom,original,1000000,1e-07,144,0.1,1e-06,2.6321433800003433,0.001276046000868251,0.97265625,ok,,176,9.078945058879169e-07,177,2.0852464870035874,176,0.07466138199970374,0.23817791800001942,0.0004347710000729421,2.3011178189999555,0.013984886999878654,cufinufft,NVIDIA L4,0.23802290399999038,coordinate_nystrom_s1600_q144_oversample10_low0.25,0.05960897900013151,0.05960897900013151,,0.05960897900013151,2.5993394870001794,2.613324374000058,2,3,,,,,,,,,,,,,
20260506_060518_gpu_v3_topq_eigenpro_nystrom_pcmc1_q144_N1000000_20260421,2026-05-06T06:12:06.611642,gpu_v3_topq_eigenpro_nystrom,c1,1000000,1e-07,144,0.1,1e-06,2.5527777409997725,0.001285837080085201,1.00390625,ok,,168,8.653433278388872e-07,169,1.9861378360001254,168,0.06846155899484074,0.24491248599997562,0.000327716000356304,2.1869859059997907,0.014038851999885082,binned_c1,NVIDIA L4,0.24476619000006394,coordinate_nystrom_s1600_q144_oversample10_low0.25,,,0.0713822220000111,0.0713822220000111,2.5036083300001337,2.517647182000019,0,3,"binned pcm: build_binned_efgp_system provides XtXcol + rhs, then Gf=FFTN(XtXcol); no exact gpu_precompute_v1 is executed in this path.",5.477481668468869,124609.0,124574.0,0.747444,0.0,C1,0.0,0.0003263930002503912,0.0003271309997217031,0.0007970859996930812,0.0631276029998844,0.0012480509999477363
20260506_060518_gpu_v3_topq_eigenpro_nystrom_pcmc1_q144_N1000000_20260422,2026-05-06T06:12:09.751624,gpu_v3_topq_eigenpro_nystrom,c1,1000000,1e-07,144,0.1,1e-06,2.5736181669999496,0.0012968797893543364,1.00390625,ok,,169,8.988057671923004e-07,170,1.9997977180037196,169,0.06933422500515007,0.2520163570002296,0.0003342209997754253,2.2012893000000986,0.013753905000157829,binned_c1,NVIDIA L4,0.25186257500035936,coordinate_nystrom_s1600_q144_oversample10_low0.25,,,0.071259512999859,0.071259512999859,2.5248993909999626,2.5386532960001205,1,3,"binned pcm: build_binned_efgp_system provides XtXcol + rhs, then Gf=FFTN(XtXcol); no exact gpu_precompute_v1 is executed in this path.",5.477480928722774,124609.0,124578.0,0.747468,0.0,C1,0.0,0.0003260759999648144,0.00032671899998604204,0.0007897820000835054,0.06307686099989951,0.0012078039999323664
20260506_060518_gpu_v3_topq_eigenpro_nystrom_pcmc1_q144_N1000000_20260423,2026-05-06T06:12:12.992541,gpu_v3_topq_eigenpro_nystrom,c1,1000000,1e-07,144,0.1,1e-06,2.660527412999727,0.0012872057189214576,1.00390625,ok,,176,9.367940123916067e-07,177,2.081575946999237,176,0.07435566100093638,0.23967926800014538,0.0003240760001972376,2.2999927809996734,0.014147870000215335,binned_c1,NVIDIA L4,0.2395337110001492,coordinate_nystrom_s1600_q144_oversample10_low0.25,,,0.07129375999966214,0.07129375999966214,2.611289884999678,2.6254377549998935,2,3,"binned pcm: build_binned_efgp_system provides XtXcol + rhs, then Gf=FFTN(XtXcol); no exact gpu_precompute_v1 is executed in this path.",5.4774809368176385,124609.0,124572.0,0.747432,0.0,C1,0.0,0.00032577599995420314,0.00032636200012348127,0.0008331300000463671,0.06294585099976757,0.0012549390003187
20260506_060518_gpu_v3_topq_eigenpro_nystrom_pcmoriginal_q180_N1000000_20260421,2026-05-06T06:12:15.852812,gpu_v3_topq_eigenpro_nystrom,original,1000000,1e-07,180,0.1,1e-06,2.2746826110001166,0.0012658343861842879,0.97265625,ok,,146,9.858048268402286e-07,147,1.7256605200004742,146,0.06316193799693792,0.2743217110000842,0.00033192199998666183,1.9079230389997974,0.013831547000336286,cufinufft,NVIDIA L4,0.2741716739997173,coordinate_nystrom_s1600_q180_oversample10_low0.25,0.05963589499970112,0.05963589499970112,,0.05963589499970112,2.2422125669995694,2.2560441139999057,0,3,,,,,,,,,,,,,
20260506_060518_gpu_v3_topq_eigenpro_nystrom_pcmoriginal_q180_N1000000_20260422,2026-05-06T06:12:18.685875,gpu_v3_topq_eigenpro_nystrom,original,1000000,1e-07,180,0.1,1e-06,2.268867990000217,0.0012793218609649674,0.97265625,ok,,146,9.485912645390359e-07,147,1.7252412850016299,146,0.0605010859981121,0.2745304939999187,0.00036609300013878965,1.900561345999904,0.01369247999991785,cufinufft,NVIDIA L4,0.2743837129996791,coordinate_nystrom_s1600_q180_oversample10_low0.25,0.06008001600002899,0.06008001600002899,,0.06008001600002899,2.2355379489999905,2.2492304289999083,1,3,,,,,,,,,,,,,
20260506_060518_gpu_v3_topq_eigenpro_nystrom_pcmoriginal_q180_N1000000_20260423,2026-05-06T06:12:21.547283,gpu_v3_topq_eigenpro_nystrom,original,1000000,1e-07,180,0.1,1e-06,2.2944052389998433,0.0012766946266031685,0.97265625,ok,,148,9.576622549326703e-07,149,1.7513306019991433,148,0.06161949100169295,0.27241791100004775,0.0003342209997754253,1.9297629620000407,0.013537096000163729,cufinufft,NVIDIA L4,0.27226147500005027,coordinate_nystrom_s1600_q180_oversample10_low0.25,0.0593852169999991,0.0593852169999991,,0.0593852169999991,2.261900310999863,2.2754374070000267,2,3,,,,,,,,,,,,,
20260506_060518_gpu_v3_topq_eigenpro_nystrom_pcmc1_q180_N1000000_20260421,2026-05-06T06:12:24.422637,gpu_v3_topq_eigenpro_nystrom,c1,1000000,1e-07,180,0.1,1e-06,2.3011208670000087,0.0012854756590100264,1.00390625,ok,,146,9.722234655749012e-07,147,1.7295408889976898,146,0.061613636001311534,0.26904516400009015,0.00032575800014456036,1.9099513669998487,0.013904586000080599,binned_c1,NVIDIA L4,0.26890044699985083,coordinate_nystrom_s1600_q180_oversample10_low0.25,,,0.07253789900005359,0.07253789900005359,2.251860188000137,2.2657647740002176,0,3,"binned pcm: build_binned_efgp_system provides XtXcol + rhs, then Gf=FFTN(XtXcol); no exact gpu_precompute_v1 is executed in this path.",5.477481668468869,124609.0,124574.0,0.747444,0.0,C1,0.0,0.00032599399992250255,0.0003267700003561913,0.0008195890000024519,0.06426039500001934,0.0012511380000432837
20260506_060518_gpu_v3_topq_eigenpro_nystrom_pcmc1_q180_N1000000_20260422,2026-05-06T06:12:27.706229,gpu_v3_topq_eigenpro_nystrom,c1,1000000,1e-07,180,0.1,1e-06,2.7193964520001828,0.001297553975656817,1.00390625,ok,,146,9.89431351301608e-07,147,1.7294967680031732,146,0.0640143289988373,0.6857954080001036,0.0003415559999666584,1.9143638979999196,0.013747481999871525,binned_c1,NVIDIA L4,0.6856339959999787,coordinate_nystrom_s1600_q180_oversample10_low0.25,,,0.07040879699979996,0.07040879699979996,2.67090965899979,2.6846571409996614,1,3,"binned pcm: build_binned_efgp_system provides XtXcol + rhs, then Gf=FFTN(XtXcol); no exact gpu_precompute_v1 is executed in this path.",5.477480928722774,124609.0,124578.0,0.747468,0.0,C1,0.0,0.0003259289997004089,0.0003265720001763839,0.0008047279998208978,0.062157573999684246,0.0012401680000948545
20260506_060518_gpu_v3_topq_eigenpro_nystrom_pcmc1_q180_N1000000_20260423,2026-05-06T06:12:30.655264,gpu_v3_topq_eigenpro_nystrom,c1,1000000,1e-07,180,0.1,1e-06,2.377136918999895,0.0012865205418646393,1.00390625,ok,,152,9.522508853777151e-07,153,1.7971821950027334,152,0.06432512500032317,0.2740765880002982,0.0003420640000513231,1.9809971189997668,0.013563205000082235,binned_c1,NVIDIA L4,0.27392118199986726,coordinate_nystrom_s1600_q180_oversample10_low0.25,,,0.07270555499962938,0.07270555499962938,2.3281213259997457,2.341684530999828,2,3,"binned pcm: build_binned_efgp_system provides XtXcol + rhs, then Gf=FFTN(XtXcol); no exact gpu_precompute_v1 is executed in this path.",5.4774809368176385,124609.0,124572.0,0.747432,0.0,C1,0.0,0.00032897400024012313,0.000329627999690274,0.0008273739999822283,0.06432218400004786,0.0013180920000195329
20260506_060518_gpu_v1_topq0_pcmoriginal_q0_N3000000_20260421,2026-05-06T06:12:48.022999,gpu_v1_topq0,original,3000000,1e-07,0,0.1,1e-06,16.149162592000266,0.0009185572046528654,1.0625,ok,,1293,9.111579408213443e-07,1294,15.200416406006752,0,,0.0,0.0,15.949284603999786,0.03025964100015699,cufinufft,NVIDIA L4,,,0.10923414599983516,0.10923414599983516,,0.10923414599983516,16.05851874999962,16.088778390999778,0,3,,,,,,,,,,,,,
20260506_060518_gpu_v1_topq0_pcmoriginal_q0_N3000000_20260422,2026-05-06T06:13:05.250331,gpu_v1_topq0,original,3000000,1e-07,0,0.1,1e-06,16.123183136999614,0.0009231541704611569,1.0625,ok,,1287,8.595858803408185e-07,1288,15.161797547000333,0,,0.0,0.0,15.923930221999854,0.030739773000277637,cufinufft,NVIDIA L4,,,0.10937162500022168,0.10937162500022168,,0.10937162500022168,16.033301847000075,16.064041620000353,1,3,,,,,,,,,,,,,
20260506_060518_gpu_v1_topq0_pcmoriginal_q0_N3000000_20260423,2026-05-06T06:13:22.345829,gpu_v1_topq0,original,3000000,1e-07,0,0.1,1e-06,15.998040966999724,0.0009044842483193706,1.0625,ok,,1279,9.847063161798904e-07,1280,15.05196457200509,0,,0.0,0.0,15.798235544999898,0.030619311000009475,cufinufft,NVIDIA L4,,,0.1088104610003029,0.1088104610003029,,0.1088104610003029,15.9070460060002,15.93766531700021,2,3,,,,,,,,,,,,,
20260506_060518_gpu_v1_topq0_pcmc1_q0_N3000000_20260421,2026-05-06T06:13:39.673461,gpu_v1_topq0,c1,3000000,1e-07,0,0.1,1e-06,16.199472180000157,0.0009241592757482162,1.19140625,ok,,1284,7.663616307806675e-07,1285,15.076835386998027,0,,0.0,0.0,15.814154661999964,0.030399470000247675,binned_c1,NVIDIA L4,,,,,0.2698784159997558,0.2698784159997558,16.08403307799972,16.114432547999968,0,3,"binned pcm: build_binned_efgp_system provides XtXcol + rhs, then Gf=FFTN(XtXcol); no exact gpu_precompute_v1 is executed in this path.",3.159396049109779,374544.0,374416.0,0.748832,0.0,C1,0.0,0.0008089809998637065,0.0008096709998426377,0.12484816200003479,0.136601316999986,0.0012693759999820031
20260506_060518_gpu_v1_topq0_pcmc1_q0_N3000000_20260422,2026-05-06T06:13:56.903008,gpu_v1_topq0,c1,3000000,1e-07,0,0.1,1e-06,16.091229489999932,0.0009275080750577809,1.228515625,ok,,1281,9.57337373445037e-07,1282,15.076699395996002,0,,0.0,0.0,15.829367676999937,0.03048503400032132,binned_c1,NVIDIA L4,,,,,0.1459743109999181,0.1459743109999181,15.975341987999855,16.005827022000176,1,3,"binned pcm: build_binned_efgp_system provides XtXcol + rhs, then Gf=FFTN(XtXcol); no exact gpu_precompute_v1 is executed in this path.",3.1593965518645737,374544.0,374429.0,0.748858,0.0,C1,0.0,0.0008052000002862769,0.0008059030001277279,0.0020243349999873317,0.13542574199982482,0.0013196999998399406
20260506_060518_gpu_v1_topq0_pcmc1_q0_N3000000_20260423,2026-05-06T06:14:14.800368,gpu_v1_topq0,c1,3000000,1e-07,0,0.1,1e-06,16.760342747999857,0.0009085368036803483,1.265625,ok,,1338,7.764937811977446e-07,1339,15.733209145993442,0,,0.0,0.0,16.498556477999955,0.031182880999949703,binned_c1,NVIDIA L4,,,,,0.14529409500028123,0.14529409500028123,16.643850573000236,16.675033454000186,2,3,"binned pcm: build_binned_efgp_system provides XtXcol + rhs, then Gf=FFTN(XtXcol); no exact gpu_precompute_v1 is executed in this path.",3.159394997757321,374544.0,374434.0,0.748868,0.0,C1,0.0,0.0008003510001799441,0.0008009250000213797,0.001965475999895716,0.13487392900015038,0.0012592949997269898
20260506_060518_gpu_v3_topq_eigenpro_nystrom_pcmoriginal_q36_N3000000_20260421,2026-05-06T06:14:24.753483,gpu_v3_topq_eigenpro_nystrom,original,3000000,1e-07,36,0.1,1e-06,8.820113438000135,0.0009181714002333517,1.2109375,ok,,655,9.582727923900595e-07,656,7.706918686990775,655,0.2780644429963104,0.1145679889996245,0.0003374370003257354,8.506231309999748,0.031120697999995173,cufinufft,NVIDIA L4,0.11442543100019975,coordinate_nystrom_s1600_q36_oversample10_low0.25,0.10872606800012363,0.10872606800012363,,0.10872606800012363,8.729862803999822,8.760983501999817,0,3,,,,,,,,,,,,,
20260506_060518_gpu_v3_topq_eigenpro_nystrom_pcmoriginal_q36_N3000000_20260422,2026-05-06T06:14:34.390712,gpu_v3_topq_eigenpro_nystrom,original,3000000,1e-07,36,0.1,1e-06,8.53769291000026,0.0009228729396691808,1.208984375,ok,,634,8.219530351907705e-07,635,7.463199794006869,634,0.26393359499343205,0.1147679219998281,0.00036073899991606595,8.224597957000242,0.030862722999700054,cufinufft,NVIDIA L4,0.1146224419999271,coordinate_nystrom_s1600_q36_oversample10_low0.25,0.10853911200001676,0.10853911200001676,,0.10853911200001676,8.448265730000003,8.479128452999703,1,3,,,,,,,,,,,,,
20260506_060518_gpu_v3_topq_eigenpro_nystrom_pcmoriginal_q36_N3000000_20260423,2026-05-06T06:14:43.908049,gpu_v3_topq_eigenpro_nystrom,original,3000000,1e-07,36,0.1,1e-06,8.409049960000175,0.0009075531351759395,1.208984375,ok,,623,9.765469489335205e-07,624,7.331234426002084,623,0.26705054999911226,0.11399622299995826,0.000322292000419111,8.09636260499974,0.031509633000041504,cufinufft,NVIDIA L4,0.11384952300022633,coordinate_nystrom_s1600_q36_oversample10_low0.25,0.10839318300031664,0.10839318300031664,,0.10839318300031664,8.319074303000434,8.350583936000476,2,3,,,,,,,,,,,,,
20260506_060518_gpu_v3_topq_eigenpro_nystrom_pcmc1_q36_N3000000_20260421,2026-05-06T06:14:53.654079,gpu_v3_topq_eigenpro_nystrom,c1,3000000,1e-07,36,0.1,1e-06,8.644437597999968,0.0009263372730392381,1.25,ok,,637,9.948032890980862e-07,638,7.520204300002206,637,0.27584356499983187,0.1118310710003243,0.00031958399995346554,8.319465506000142,0.030970241999966674,binned_c1,NVIDIA L4,0.1116898170002969,coordinate_nystrom_s1600_q36_oversample10_low0.25,,,0.09819261299981008,0.09819261299981008,8.52980877400023,8.560779016000197,0,3,"binned pcm: build_binned_efgp_system provides XtXcol + rhs, then Gf=FFTN(XtXcol); no exact gpu_precompute_v1 is executed in this path.",3.159396049109779,374544.0,374416.0,0.748832,0.0,C1,0.0,0.0007751680000183114,0.0007761629999549768,0.0008831469999677211,0.08931234499959828,0.00126421200002369
20260506_060518_gpu_v3_topq_eigenpro_nystrom_pcmc1_q36_N3000000_20260422,2026-05-06T06:15:03.133115,gpu_v3_topq_eigenpro_nystrom,c1,3000000,1e-07,36,0.1,1e-06,8.375178945000243,0.0009299948080415804,1.25,ok,,618,9.567154222321202e-07,619,7.277436046993898,618,0.26647499499586047,0.11605267200002345,0.00032771699989098124,8.044365946000198,0.031199545999697875,binned_c1,NVIDIA L4,0.11589564499990956,coordinate_nystrom_s1600_q36_oversample10_low0.25,,,0.09857866999982434,0.09857866999982434,8.259325004999937,8.290524550999635,1,3,"binned pcm: build_binned_efgp_system provides XtXcol + rhs, then Gf=FFTN(XtXcol); no exact gpu_precompute_v1 is executed in this path.",3.1593965518645737,374544.0,374429.0,0.748858,0.0,C1,0.0,0.0007790860004206479,0.0007800280000083148,0.0009323169997514924,0.08958885400033978,0.001280541000141966
20260506_060518_gpu_v3_topq_eigenpro_nystrom_pcmc1_q36_N3000000_20260423,2026-05-06T06:15:13.130769,gpu_v3_topq_eigenpro_nystrom,c1,3000000,1e-07,36,0.1,1e-06,8.898036920000322,0.0009088759678732352,1.255859375,ok,,659,9.01308658515018e-07,660,7.760825392003426,659,0.2823282770068545,0.1127916590003224,0.00032561399984842865,8.57166179700016,0.03103130699992107,binned_c1,NVIDIA L4,0.11263937600006102,coordinate_nystrom_s1600_q36_oversample10_low0.25,,,0.09852051100006065,0.09852051100006065,8.783299581000392,8.814330888000313,2,3,"binned pcm: build_binned_efgp_system provides XtXcol + rhs, then Gf=FFTN(XtXcol); no exact gpu_precompute_v1 is executed in this path.",3.159394997757321,374544.0,374434.0,0.748868,0.0,C1,0.0,0.000774204000208556,0.0007748390003143868,0.0009090039998227439,0.08959969599982287,0.0012726770000881515
20260506_060518_gpu_v3_topq_eigenpro_nystrom_pcmoriginal_q72_N3000000_20260421,2026-05-06T06:15:19.561511,gpu_v3_topq_eigenpro_nystrom,original,3000000,1e-07,72,0.1,1e-06,5.316380838999976,0.000921869724182174,1.212890625,ok,,383,9.963452228697921e-07,384,4.508311549001519,383,0.16281746700224176,0.1420584519996737,0.0003913069999725849,4.975300964000326,0.031226466999669356,cufinufft,NVIDIA L4,0.14189443800023582,coordinate_nystrom_s1600_q72_oversample10_low0.25,0.10851480999963314,0.10851480999963314,,0.10851480999963314,5.226265532999605,5.257491999999274,0,3,,,,,,,,,,,,,
20260506_060518_gpu_v3_topq_eigenpro_nystrom_pcmoriginal_q72_N3000000_20260422,2026-05-06T06:15:25.975835,gpu_v3_topq_eigenpro_nystrom,original,3000000,1e-07,72,0.1,1e-06,5.315675842000019,0.0009253743311303964,1.212890625,ok,,382,9.026960016463565e-07,383,4.501880806998088,382,0.16207637299930866,0.1434637960001055,0.0003533459998834587,4.972530586000175,0.03203360999987126,cufinufft,NVIDIA L4,0.14332104899995102,coordinate_nystrom_s1600_q72_oversample10_low0.25,0.10849005500040221,0.10849005500040221,,0.10849005500040221,5.224837783000567,5.256871393000438,1,3,,,,,,,,,,,,,
20260506_060518_gpu_v3_topq_eigenpro_nystrom_pcmoriginal_q72_N3000000_20260423,2026-05-06T06:15:32.458690,gpu_v3_topq_eigenpro_nystrom,original,3000000,1e-07,72,0.1,1e-06,5.371865227000399,0.0009081042301981966,1.212890625,ok,,386,9.204247657941279e-07,387,4.555673994999324,386,0.1673715589981839,0.142134231,0.00035342899991519516,5.031703195000318,0.030901550999715255,cufinufft,NVIDIA L4,0.14198793300010948,coordinate_nystrom_s1600_q72_oversample10_low0.25,0.1081426239998109,0.1081426239998109,,0.1081426239998109,5.2823334790000445,5.31323502999976,2,3,,,,,,,,,,,,,
20260506_060518_gpu_v3_topq_eigenpro_nystrom_pcmc1_q72_N3000000_20260421,2026-05-06T06:15:39.152289,gpu_v3_topq_eigenpro_nystrom,c1,3000000,1e-07,72,0.1,1e-06,5.585364144999858,0.0009262321082483646,1.25390625,ok,,397,9.81134451687001e-07,398,4.685005107000052,397,0.17155172399816365,0.18507010099983745,0.00035587599995778874,5.185908737000318,0.03075656499959223,binned_c1,NVIDIA L4,0.18492030600009457,coordinate_nystrom_s1600_q72_oversample10_low0.25,,,0.09932070100012425,0.09932070100012425,5.4706554150002376,5.50141197999983,0,3,"binned pcm: build_binned_efgp_system provides XtXcol + rhs, then Gf=FFTN(XtXcol); no exact gpu_precompute_v1 is executed in this path.",3.159396049109779,374544.0,374416.0,0.748832,0.0,C1,0.0,0.0007909870000730734,0.0007918149999568413,0.0008680629998707445,0.09042813600035515,0.0012768940000569273
20260506_060518_gpu_v3_topq_eigenpro_nystrom_pcmc1_q72_N3000000_20260422,2026-05-06T06:15:45.761917,gpu_v3_topq_eigenpro_nystrom,c1,3000000,1e-07,72,0.1,1e-06,5.49687141000004,0.0009275253446016334,1.255859375,ok,,395,9.33478841980134e-07,396,4.653054514002633,395,0.1703729139967436,0.1396759569997812,0.00034800899993570056,5.144389872999909,0.03045985800008566,binned_c1,NVIDIA L4,0.1394929019998017,coordinate_nystrom_s1600_q72_oversample10_low0.25,,,0.09835309599975517,0.09835309599975517,5.382766934999381,5.413226792999467,1,3,"binned pcm: build_binned_efgp_system provides XtXcol + rhs, then Gf=FFTN(XtXcol); no exact gpu_precompute_v1 is executed in this path.",3.1593965518645737,374544.0,374429.0,0.748858,0.0,C1,0.0,0.0007754719999866211,0.0007763480002722645,0.0008898249998310348,0.0894990299998426,0.0012534090001281584
20260506_060518_gpu_v3_topq_eigenpro_nystrom_pcmc1_q72_N3000000_20260423,2026-05-06T06:15:52.424569,gpu_v3_topq_eigenpro_nystrom,c1,3000000,1e-07,72,0.1,1e-06,5.556290112999704,0.0009096536794810973,1.25390625,ok,,398,9.517596714297694e-07,399,4.698466842000471,398,0.1715731669996785,0.1431664990000172,0.0003365439997651265,5.198879673000192,0.03042878899987045,binned_c1,NVIDIA L4,0.14301629300007335,coordinate_nystrom_s1600_q72_oversample10_low0.25,,,0.09899567599995862,0.09899567599995862,5.441378391999933,5.471807180999804,2,3,"binned pcm: build_binned_efgp_system provides XtXcol + rhs, then Gf=FFTN(XtXcol); no exact gpu_precompute_v1 is executed in this path.",3.159394997757321,374544.0,374434.0,0.748868,0.0,C1,0.0,0.000772604000303545,0.000773305999700824,0.0009147290002147201,0.09008963599990238,0.0012854330002483039
20260506_060518_gpu_v3_topq_eigenpro_nystrom_pcmoriginal_q144_N3000000_20260421,2026-05-06T06:15:56.721510,gpu_v3_topq_eigenpro_nystrom,original,3000000,1e-07,144,0.1,1e-06,3.1840227160000723,0.0009227156899674539,1.205078125,ok,,213,8.613673872483121e-07,214,2.516039358998569,213,0.08954679299904456,0.20682178599963663,0.00035076800031674793,2.778014125000027,0.03163492999965456,cufinufft,NVIDIA L4,0.20664167199993244,coordinate_nystrom_s1600_q144_oversample10_low0.25,0.10858968200000163,0.10858968200000163,,0.10858968200000163,3.093776360999982,3.1254112909996365,0,3,,,,,,,,,,,,,
20260506_060518_gpu_v3_topq_eigenpro_nystrom_pcmoriginal_q144_N3000000_20260422,2026-05-06T06:16:01.524667,gpu_v3_topq_eigenpro_nystrom,original,3000000,1e-07,144,0.1,1e-06,3.700543488999756,0.0009232744224697859,1.205078125,ok,,225,8.71234099025303e-07,226,2.6581071199998405,225,0.09707889699848238,0.5612183420003021,0.0003452889995969599,2.9412786160000906,0.03123911600005158,cufinufft,NVIDIA L4,0.5610495680002714,coordinate_nystrom_s1600_q144_oversample10_low0.25,0.10817317000010007,0.10817317000010007,,0.10817317000010007,3.6110154170000897,3.6422545330001412,1,3,,,,,,,,,,,,,
20260506_060518_gpu_v3_topq_eigenpro_nystrom_pcmoriginal_q144_N3000000_20260423,2026-05-06T06:16:05.888026,gpu_v3_topq_eigenpro_nystrom,original,3000000,1e-07,144,0.1,1e-06,3.2620987029999924,0.0009095493492063648,1.205078125,ok,,219,9.97788062879661e-07,220,2.585219080996467,219,0.09372686299775523,0.20769551000012143,0.00032016000022849767,2.8569143770000665,0.030741008999939368,cufinufft,NVIDIA L4,0.207546991000072,coordinate_nystrom_s1600_q144_oversample10_low0.25,0.10802392999994481,0.10802392999994481,,0.10802392999994481,3.172953977000361,3.2036949860003006,2,3,,,,,,,,,,,,,
20260506_060518_gpu_v3_topq_eigenpro_nystrom_pcmc1_q144_N3000000_20260421,2026-05-06T06:16:10.198804,gpu_v3_topq_eigenpro_nystrom,c1,3000000,1e-07,144,0.1,1e-06,3.206311037999967,0.0009287790925458375,1.255859375,ok,,213,9.662988632430338e-07,214,2.5208942439981,213,0.09166205500196156,0.20489295699962895,0.00031900900012260536,2.7870482580001408,0.030773249000048963,binned_c1,NVIDIA L4,0.20472991599990564,coordinate_nystrom_s1600_q144_oversample10_low0.25,,,0.09959826199974486,0.09959826199974486,3.091858485999637,3.122631734999686,0,3,"binned pcm: build_binned_efgp_system provides XtXcol + rhs, then Gf=FFTN(XtXcol); no exact gpu_precompute_v1 is executed in this path.",3.159396049109779,374544.0,374416.0,0.748832,0.0,C1,0.0,0.0008041209998737031,0.0008050860001276305,0.0009798129999580851,0.09038308399976813,0.0013640210004268738
20260506_060518_gpu_v3_topq_eigenpro_nystrom_pcmc1_q144_N3000000_20260422,2026-05-06T06:16:14.852943,gpu_v3_topq_eigenpro_nystrom,c1,3000000,1e-07,144,0.1,1e-06,3.5542276470000616,0.0009276183775520153,1.25390625,ok,,225,9.730691144724708e-07,226,2.66101257299988,225,0.09560531599890965,0.4038476000000628,0.00035412100032772287,2.937587977000021,0.03090639799984274,binned_c1,NVIDIA L4,0.4036880220000967,coordinate_nystrom_s1600_q144_oversample10_low0.25,,,0.09790833800025212,0.09790833800025212,3.4396980360006637,3.4706044340005064,1,3,"binned pcm: build_binned_efgp_system provides XtXcol + rhs, then Gf=FFTN(XtXcol); no exact gpu_precompute_v1 is executed in this path.",3.1593965518645737,374544.0,374429.0,0.748858,0.0,C1,0.0,0.0007746830001451599,0.0007752480000817741,0.0008908680001695757,0.08909204600013254,0.0012572509999699832
20260506_060518_gpu_v3_topq_eigenpro_nystrom_pcmc1_q144_N3000000_20260423,2026-05-06T06:16:19.288317,gpu_v3_topq_eigenpro_nystrom,c1,3000000,1e-07,144,0.1,1e-06,3.344471849999991,0.000911741143668196,1.255859375,ok,,224,8.979689658786065e-07,225,2.648037873998419,224,0.09521597800176096,0.20693946600022173,0.00033113200015577604,2.922976254999867,0.03134198399993693,binned_c1,NVIDIA L4,0.20678372099973785,coordinate_nystrom_s1600_q144_oversample10_low0.25,,,0.0982837550000113,0.0982837550000113,3.2285306080002556,3.2598725920001925,2,3,"binned pcm: build_binned_efgp_system provides XtXcol + rhs, then Gf=FFTN(XtXcol); no exact gpu_precompute_v1 is executed in this path.",3.159394997757321,374544.0,374434.0,0.748868,0.0,C1,0.0,0.0007913630001894489,0.0007923150001261092,0.0008775410001362616,0.0893905419998191,0.0012693450003098405
20260506_060518_gpu_v3_topq_eigenpro_nystrom_pcmoriginal_q180_N3000000_20260421,2026-05-06T06:16:23.437756,gpu_v3_topq_eigenpro_nystrom,original,3000000,1e-07,180,0.1,1e-06,3.0381456680001975,0.0009176772344376679,1.212890625,ok,,199,8.698723525668098e-07,200,2.348662608000268,199,0.08344299900272745,0.24941369599991958,0.00032610600010229973,2.590783202000239,0.031088241999896127,cufinufft,NVIDIA L4,0.24925523199999589,coordinate_nystrom_s1600_q180_oversample10_low0.25,0.10829552100040019,0.10829552100040019,,0.10829552100040019,2.948818525000661,2.979906767000557,0,3,,,,,,,,,,,,,
20260506_060518_gpu_v3_topq_eigenpro_nystrom_pcmoriginal_q180_N3000000_20260422,2026-05-06T06:16:27.796294,gpu_v3_topq_eigenpro_nystrom,original,3000000,1e-07,180,0.1,1e-06,3.2569962120001037,0.0009251248581756051,1.212890625,ok,,205,9.261343396006334e-07,206,2.4191407890016308,205,0.08637192100104585,0.38752990399962073,0.00032803400017655804,2.670408094999857,0.03090411099992707,cufinufft,NVIDIA L4,0.38737436500014155,coordinate_nystrom_s1600_q180_oversample10_low0.25,0.10880924799994318,0.10880924799994318,,0.10880924799994318,3.1670752809995975,3.1979793919995245,1,3,,,,,,,,,,,,,
20260506_060518_gpu_v3_topq_eigenpro_nystrom_pcmoriginal_q180_N3000000_20260423,2026-05-06T06:16:32.034557,gpu_v3_topq_eigenpro_nystrom,original,3000000,1e-07,180,0.1,1e-06,3.1379473269998925,0.0009070971847102108,1.212890625,ok,,207,9.455945906189066e-07,208,2.4396339409977372,207,0.08741689400267205,0.2485507090000283,0.0003399950001039542,2.691222700000253,0.03120589199988899,cufinufft,NVIDIA L4,0.24837442899979578,coordinate_nystrom_s1600_q180_oversample10_low0.25,0.10814255600007527,0.10814255600007527,,0.10814255600007527,3.0482559600004606,3.0794618520003496,2,3,,,,,,,,,,,,,
20260506_060518_gpu_v3_topq_eigenpro_nystrom_pcmc1_q180_N3000000_20260421,2026-05-06T06:16:36.189428,gpu_v3_topq_eigenpro_nystrom,c1,3000000,1e-07,180,0.1,1e-06,3.0532313649996468,0.0009233103365734794,1.25390625,ok,,199,9.016459226995191e-07,200,2.3509637540041695,199,0.08392607399446206,0.24568611200038504,0.0003306899998278823,2.5933928089998517,0.030660381999950914,binned_c1,NVIDIA L4,0.24553390300025058,coordinate_nystrom_s1600_q180_oversample10_low0.25,,,0.09929227900011028,0.09929227900011028,2.938701890000175,2.969362272000126,0,3,"binned pcm: build_binned_efgp_system provides XtXcol + rhs, then Gf=FFTN(XtXcol); no exact gpu_precompute_v1 is executed in this path.",3.159396049109779,374544.0,374416.0,0.748832,0.0,C1,0.0,0.0007732779999969353,0.000773978999859537,0.0008726569999453204,0.09039740299976984,0.0012907609998364933
20260506_060518_gpu_v3_topq_eigenpro_nystrom_pcmc1_q180_N3000000_20260422,2026-05-06T06:16:40.525875,gpu_v3_topq_eigenpro_nystrom,c1,3000000,1e-07,180,0.1,1e-06,3.2337935369996558,0.0009294836397187166,1.255859375,ok,,205,9.379176957817541e-07,206,2.4193860209975355,205,0.08608137500095836,0.3522166829998241,0.00034850100018957164,2.669423808999909,0.03050056600022799,binned_c1,NVIDIA L4,0.3520558879999953,coordinate_nystrom_s1600_q180_oversample10_low0.25,,,0.09804667000025802,0.09804667000025802,3.1200356630001806,3.1505362290004086,1,3,"binned pcm: build_binned_efgp_system provides XtXcol + rhs, then Gf=FFTN(XtXcol); no exact gpu_precompute_v1 is executed in this path.",3.1593965518645737,374544.0,374429.0,0.748858,0.0,C1,0.0,0.0007813609995537263,0.000782247000188363,0.0008767620001890464,0.08915969999998197,0.0013193960003263783
20260506_060518_gpu_v3_topq_eigenpro_nystrom_pcmc1_q180_N3000000_20260423,2026-05-06T06:16:44.778549,gpu_v3_topq_eigenpro_nystrom,c1,3000000,1e-07,180,0.1,1e-06,3.1524180060000617,0.0009108241103115035,1.25390625,ok,,207,9.321670861914939e-07,208,2.443472456998734,207,0.0867413839969231,0.24561794800001735,0.0003519020001476747,2.6935339040001054,0.03070746399998825,binned_c1,NVIDIA L4,0.24546772099984082,coordinate_nystrom_s1600_q180_oversample10_low0.25,,,0.0985672019996855,0.0985672019996855,3.038070955999956,3.068778419999944,2,3,"binned pcm: build_binned_efgp_system provides XtXcol + rhs, then Gf=FFTN(XtXcol); no exact gpu_precompute_v1 is executed in this path.",3.159394997757321,374544.0,374434.0,0.748868,0.0,C1,0.0,0.0007729470003141614,0.000773665999986406,0.0008796920001259423,0.08972930300024018,0.0012645880001400656
20260506_060518_gpu_v1_topq0_pcmoriginal_q0_N10000000_20260421,2026-05-06T06:17:10.318477,gpu_v1_topq0,original,10000000,1e-07,0,0.1,1e-06,22.365863288000128,0.0006613329103641037,1.818359375,ok,,1766,8.971604443206224e-07,1767,20.770890597000744,0,,0.0,0.0,21.774964254000224,0.09367585800009692,cufinufft,NVIDIA L4,,,0.28420155000003433,0.28420155000003433,,0.28420155000003433,22.05916580400026,22.152841662000355,0,3,,,,,,,,,,,,,
20260506_060518_gpu_v1_topq0_pcmoriginal_q0_N10000000_20260422,2026-05-06T06:17:36.796893,gpu_v1_topq0,original,10000000,1e-07,0,0.1,1e-06,23.41016277300014,0.0006541982547433336,1.818359375,ok,,1850,8.730660719900677e-07,1851,21.746139059008783,0,,0.0,0.0,22.821934435999992,0.09425081100016541,cufinufft,NVIDIA L4,,,0.28090553099991666,0.28090553099991666,,0.28090553099991666,23.10283996699991,23.197090778000074,1,3,,,,,,,,,,,,,
20260506_060518_gpu_v1_topq0_pcmoriginal_q0_N10000000_20260423,2026-05-06T06:18:02.837634,gpu_v1_topq0,original,10000000,1e-07,0,0.1,1e-06,22.97468072399988,0.0006249511035508262,1.818359375,ok,,1816,9.476101451462666e-07,1817,21.345338844003436,0,,0.0,0.0,22.38601087699999,0.09395960499978173,cufinufft,NVIDIA L4,,,0.2813335470000311,0.2813335470000311,,0.2813335470000311,22.66734442400002,22.761304028999803,2,3,,,,,,,,,,,,,
20260506_060518_gpu_v1_topq0_pcmc1_q0_N10000000_20260421,2026-05-06T06:18:29.105857,gpu_v1_topq0,c1,10000000,1e-07,0,0.1,1e-06,23.16365155199992,0.0006612923078791234,2.162109375,ok,,1832,7.307292183555526e-07,1833,21.505454707018544,0,,0.0,0.0,22.556311021000056,0.09339695500011658,binned_c1,NVIDIA L4,,,,,0.24624451699992278,0.24624451699992278,22.80255553799998,22.895952493000095,0,3,"binned pcm: build_binned_efgp_system provides XtXcol + rhs, then Gf=FFTN(XtXcol); no exact gpu_precompute_v1 is executed in this path.",1.7294720580567888,1249924.0,1249497.0,0.7496982,0.0,C1,0.0,0.018161876999784,0.01816331200006971,0.0026295630000277015,0.21775441499994486,0.0012630580004042713
20260506_060518_gpu_v1_topq0_pcmc1_q0_N10000000_20260422,2026-05-06T06:18:54.653471,gpu_v1_topq0,c1,10000000,1e-07,0,0.1,1e-06,22.442420973000026,0.0006606866244709198,2.205078125,ok,,1757,9.325426448844573e-07,1758,20.6745426929956,0,,0.0,0.0,21.834762486999807,0.09450165099997321,binned_c1,NVIDIA L4,,,,,0.24613835799982553,0.24613835799982553,22.080900844999633,22.175402495999606,1,3,"binned pcm: build_binned_efgp_system provides XtXcol + rhs, then Gf=FFTN(XtXcol); no exact gpu_precompute_v1 is executed in this path.",1.7294721704946592,1249924.0,1249543.0,0.7497258,0.0,C1,0.0,0.01816168799996376,0.018163805999847682,0.002536859999963781,0.21768006100001003,0.0012507409996942442
20260506_060518_gpu_v1_topq0_pcmc1_q0_N10000000_20260423,2026-05-06T06:19:20.976487,gpu_v1_topq0,c1,10000000,1e-07,0,0.1,1e-06,23.220664042999942,0.0006276943330525526,2.244140625,ok,,1819,9.621037397859119e-07,1820,21.422211536997565,0,,0.0,0.0,22.616269364000345,0.0937338999997337,binned_c1,NVIDIA L4,,,,,0.24488078700005644,0.24488078700005644,22.861150151000402,22.954884051000136,2,3,"binned pcm: build_binned_efgp_system provides XtXcol + rhs, then Gf=FFTN(XtXcol); no exact gpu_precompute_v1 is executed in this path.",1.7294719837812595,1249924.0,1249509.0,0.7497054,0.0,C1,0.0,0.018144203000247217,0.01814578200037431,0.0023284510002667957,0.2167263810001714,0.0012434509999366128
20260506_060518_gpu_v3_topq_eigenpro_nystrom_pcmoriginal_q36_N10000000_20260421,2026-05-06T06:19:36.562671,gpu_v3_topq_eigenpro_nystrom,original,10000000,1e-07,36,0.1,1e-06,12.493289767000078,0.0006606341090377628,1.95703125,ok,,909,8.169295167703022e-07,910,10.707185563005169,909,0.3729114280022259,0.12701640200020847,0.00032176499962588423,11.781884359000287,0.09347985699969286,cufinufft,NVIDIA L4,0.12686183999994682,coordinate_nystrom_s1600_q36_oversample10_low0.25,0.28005768299999545,0.28005768299999545,,0.28005768299999545,12.189280209000117,12.28276006599981,0,3,,,,,,,,,,,,,
20260506_060518_gpu_v3_topq_eigenpro_nystrom_pcmoriginal_q36_N10000000_20260422,2026-05-06T06:19:52.284375,gpu_v3_topq_eigenpro_nystrom,original,10000000,1e-07,36,0.1,1e-06,12.681038426999748,0.0006564043842961342,1.95703125,ok,,923,7.071089796804394e-07,924,10.869035647990586,923,0.3809379999911471,0.12594614799991177,0.0003369119999661052,11.969174729000315,0.09325449199968716,cufinufft,NVIDIA L4,0.1257894390000729,coordinate_nystrom_s1600_q36_oversample10_low0.25,0.2806583680003314,0.2806583680003314,,0.2806583680003314,12.376116157000524,12.469370649000211,1,3,,,,,,,,,,,,,
20260506_060518_gpu_v3_topq_eigenpro_nystrom_pcmoriginal_q36_N10000000_20260423,2026-05-06T06:20:07.401531,gpu_v3_topq_eigenpro_nystrom,original,10000000,1e-07,36,0.1,1e-06,12.076924875000259,0.0006257197955917666,1.95703125,ok,,876,9.531550662972263e-07,877,10.31758171800675,876,0.3610212740004499,0.12498042699962753,0.0003266359999543056,11.364886243,0.09395668900015153,cufinufft,NVIDIA L4,0.12484132899999167,coordinate_nystrom_s1600_q36_oversample10_low0.25,0.28119397599994045,0.28119397599994045,,0.28119397599994045,11.771387281999523,11.865343970999675,2,3,,,,,,,,,,,,,
20260506_060518_gpu_v3_topq_eigenpro_nystrom_pcmc1_q36_N10000000_20260421,2026-05-06T06:20:22.941494,gpu_v3_topq_eigenpro_nystrom,c1,10000000,1e-07,36,0.1,1e-06,12.487093280999943,0.0006627170336302254,2.177734375,ok,,909,8.785553804400998e-07,910,10.718796213004225,909,0.37844152199704695,0.1317238050000924,0.0003470340002422745,11.807709526000053,0.09449435199985601,binned_c1,NVIDIA L4,0.13157087599984152,coordinate_nystrom_s1600_q36_oversample10_low0.25,,,0.18496557100024802,0.18496557100024802,12.124745936000636,12.219240288000492,0,3,"binned pcm: build_binned_efgp_system provides XtXcol + rhs, then Gf=FFTN(XtXcol); no exact gpu_precompute_v1 is executed in this path.",1.7294720580567888,1249924.0,1249497.0,0.7496982,0.0,C1,0.0,0.018161150000196358,0.01816278699971008,0.001962527000159753,0.15754178299994237,0.001262554000277305
20260506_060518_gpu_v3_topq_eigenpro_nystrom_pcmc1_q36_N10000000_20260422,2026-05-06T06:20:37.866805,gpu_v3_topq_eigenpro_nystrom,c1,10000000,1e-07,36,0.1,1e-06,11.862057212000309,0.0006628244932928388,2.2734375,ok,,859,9.455856161278689e-07,860,10.134586198998022,859,0.35703047500237517,0.12352405100000396,0.0003161839999847871,11.191872802000034,0.09587649100012641,binned_c1,NVIDIA L4,0.12338488599971242,coordinate_nystrom_s1600_q36_oversample10_low0.25,,,0.1841301080003177,0.1841301080003177,11.49984314500034,11.595719636000467,1,3,"binned pcm: build_binned_efgp_system provides XtXcol + rhs, then Gf=FFTN(XtXcol); no exact gpu_precompute_v1 is executed in this path.",1.7294721704946592,1249924.0,1249543.0,0.7497258,0.0,C1,0.0,0.018103400000200054,0.018105010999988735,0.002320675999726518,0.1564202539998405,0.0012567919998218713
20260506_060518_gpu_v3_topq_eigenpro_nystrom_pcmc1_q36_N10000000_20260423,2026-05-06T06:20:53.010024,gpu_v3_topq_eigenpro_nystrom,c1,10000000,1e-07,36,0.1,1e-06,12.097669821000181,0.0006284923431854386,2.25390625,ok,,878,9.676256214528638e-07,879,10.354848326997399,878,0.36545835500055546,0.12328076900030283,0.0003209900000911148,11.430856276999748,0.0933487279999099,binned_c1,NVIDIA L4,0.12313826599984168,coordinate_nystrom_s1600_q36_oversample10_low0.25,,,0.18444481400001678,0.18444481400001678,11.738902850000159,11.832251578000069,2,3,"binned pcm: build_binned_efgp_system provides XtXcol + rhs, then Gf=FFTN(XtXcol); no exact gpu_precompute_v1 is executed in this path.",1.7294719837812595,1249924.0,1249509.0,0.7497054,0.0,C1,0.0,0.018129175000012765,0.018130815999938932,0.002247058999728324,0.15683494099994277,0.0012246060000506986
20260506_060518_gpu_v3_topq_eigenpro_nystrom_pcmoriginal_q72_N10000000_20260421,2026-05-06T06:21:03.241662,gpu_v3_topq_eigenpro_nystrom,original,10000000,1e-07,72,0.1,1e-06,7.172177366000142,0.0006657517490996162,1.9296875,ok,,496,9.118532474042773e-07,497,5.838035235998177,496,0.20725550199995268,0.15223015599985956,0.0003420390003157081,6.433716372999697,0.09262812400038456,cufinufft,NVIDIA L4,0.152052303000346,coordinate_nystrom_s1600_q72_oversample10_low0.25,0.28207617400039453,0.28207617400039453,,0.28207617400039453,6.868364742000267,6.960992866000652,0,3,,,,,,,,,,,,,
20260506_060518_gpu_v3_topq_eigenpro_nystrom_pcmoriginal_q72_N10000000_20260422,2026-05-06T06:21:13.799017,gpu_v3_topq_eigenpro_nystrom,original,10000000,1e-07,72,0.1,1e-06,7.498447176999889,0.0006612914041548957,1.986328125,ok,,521,9.643085271727716e-07,522,6.132247577007092,521,0.21667059700075697,0.15194998400011173,0.00031585900023856084,6.759874705999664,0.0945217850003246,cufinufft,NVIDIA L4,0.15180316300029517,coordinate_nystrom_s1600_q72_oversample10_low0.25,0.27983125599985215,0.27983125599985215,,0.27983125599985215,7.191971804999866,7.286493590000191,1,3,,,,,,,,,,,,,
20260506_060518_gpu_v3_topq_eigenpro_nystrom_pcmoriginal_q72_N10000000_20260423,2026-05-06T06:21:24.617591,gpu_v3_topq_eigenpro_nystrom,original,10000000,1e-07,72,0.1,1e-06,7.7558778610000445,0.0006256067871808523,1.986328125,ok,,541,8.389408590347801e-07,542,6.3683299219997025,541,0.2237845320123597,0.15166226600013033,0.00034215799996673013,7.017712875999678,0.09448203000010835,cufinufft,NVIDIA L4,0.15148085400005584,coordinate_nystrom_s1600_q72_oversample10_low0.25,0.27995515600014187,0.27995515600014187,,0.27995515600014187,7.449672455999917,7.544154486000025,2,3,,,,,,,,,,,,,
20260506_060518_gpu_v3_topq_eigenpro_nystrom_pcmc1_q72_N10000000_20260421,2026-05-06T06:21:35.570104,gpu_v3_topq_eigenpro_nystrom,c1,10000000,1e-07,72,0.1,1e-06,7.895113886999752,0.000664077514633882,2.244140625,ok,,555,7.902632621144469e-07,556,6.54185961500616,555,0.22801882300564102,0.15011470599984023,0.0003393390002202068,7.201198118999855,0.09275815299997703,binned_c1,NVIDIA L4,0.1499462639999365,coordinate_nystrom_s1600_q72_oversample10_low0.25,,,0.1847172729999329,0.1847172729999329,7.536369436999848,7.629127589999825,0,3,"binned pcm: build_binned_efgp_system provides XtXcol + rhs, then Gf=FFTN(XtXcol); no exact gpu_precompute_v1 is executed in this path.",1.7294720580567888,1249924.0,1249497.0,0.7496982,0.0,C1,0.0,0.018140000999665062,0.018141389999982493,0.00200701800031311,0.1568808239999271,0.0012969899999006884
20260506_060518_gpu_v3_topq_eigenpro_nystrom_pcmc1_q72_N10000000_20260422,2026-05-06T06:21:46.121208,gpu_v3_topq_eigenpro_nystrom,c1,10000000,1e-07,72,0.1,1e-06,7.497522886000297,0.0006640386037810975,2.2734375,ok,,521,9.974370929611925e-07,522,6.153560464993461,521,0.21713608099480552,0.15716551300010906,0.00033700899984978605,6.794714187000409,0.09448958899974969,binned_c1,NVIDIA L4,0.1570019730002059,coordinate_nystrom_s1600_q72_oversample10_low0.25,,,0.18447881100019003,0.18447881100019003,7.136695520000558,7.231185109000307,1,3,"binned pcm: build_binned_efgp_system provides XtXcol + rhs, then Gf=FFTN(XtXcol); no exact gpu_precompute_v1 is executed in this path.",1.7294721704946592,1249924.0,1249543.0,0.7497258,0.0,C1,0.0,0.01814425599968672,0.01814560100001472,0.0020590809999703197,0.15672106700003496,0.0012637599998015503
20260506_060518_gpu_v3_topq_eigenpro_nystrom_pcmc1_q72_N10000000_20260423,2026-05-06T06:21:56.694399,gpu_v3_topq_eigenpro_nystrom,c1,10000000,1e-07,72,0.1,1e-06,7.506261548000111,0.0006305229869121236,2.244140625,ok,,524,9.50832612914865e-07,525,6.1758957549973275,524,0.21999656899924958,0.1515266179999344,0.0003498219998618879,6.808669974000168,0.0926389719998042,binned_c1,NVIDIA L4,0.15138476899983289,coordinate_nystrom_s1600_q72_oversample10_low0.25,,,0.18503993099966465,0.18503993099966465,7.145586344999629,7.238225316999433,2,3,"binned pcm: build_binned_efgp_system provides XtXcol + rhs, then Gf=FFTN(XtXcol); no exact gpu_precompute_v1 is executed in this path.",1.7294719837812595,1249924.0,1249509.0,0.7497054,0.0,C1,0.0,0.018146293999961927,0.018147984000279394,0.0020326290000411973,0.15727622699978383,0.0012529830000858055
20260506_060518_gpu_v3_topq_eigenpro_nystrom_pcmoriginal_q144_N10000000_20260421,2026-05-06T06:22:04.299309,gpu_v3_topq_eigenpro_nystrom,original,10000000,1e-07,144,0.1,1e-06,4.532615915999941,0.0006659453422683948,1.99609375,ok,,286,9.435114536320689e-07,287,3.374124436001239,286,0.12002482199977749,0.22282245799988232,0.00032260900024994044,3.721299096999701,0.09458235000010973,cufinufft,NVIDIA L4,0.22267064500010747,coordinate_nystrom_s1600_q144_oversample10_low0.25,0.2806877399998484,0.2806877399998484,,0.2806877399998484,4.2251319039996815,4.319714253999791,0,3,,,,,,,,,,,,,
20260506_060518_gpu_v3_topq_eigenpro_nystrom_pcmoriginal_q144_N10000000_20260422,2026-05-06T06:22:11.838180,gpu_v3_topq_eigenpro_nystrom,original,10000000,1e-07,144,0.1,1e-06,4.4954422329997215,0.0006642969556447124,1.99609375,ok,,284,9.903846138124315e-07,285,3.350682254000276,284,0.11632340899905103,0.22137834600016504,0.00034648399969228194,3.687125844000093,0.09457384100005584,cufinufft,NVIDIA L4,0.22120576299994354,coordinate_nystrom_s1600_q144_oversample10_low0.25,0.2802609300001677,0.2802609300001677,,0.2802609300001677,4.189111604000118,4.283685445000174,1,3,,,,,,,,,,,,,
20260506_060518_gpu_v3_topq_eigenpro_nystrom_pcmoriginal_q144_N10000000_20260423,2026-05-06T06:22:19.687565,gpu_v3_topq_eigenpro_nystrom,original,10000000,1e-07,144,0.1,1e-06,4.787154610000016,0.0006272047776314903,1.986328125,ok,,304,9.561742631135039e-07,305,3.586657206997643,304,0.12571291999756795,0.24544592099982765,0.0003233320003346307,3.9519649689996186,0.09479439000006096,cufinufft,NVIDIA L4,0.2452912200001265,coordinate_nystrom_s1600_q144_oversample10_low0.25,0.2814441549999174,0.2814441549999174,,0.2814441549999174,4.479178376999698,4.573972766999759,2,3,,,,,,,,,,,,,
20260506_060518_gpu_v3_topq_eigenpro_nystrom_pcmc1_q144_N10000000_20260421,2026-05-06T06:22:27.329304,gpu_v3_topq_eigenpro_nystrom,c1,10000000,1e-07,144,0.1,1e-06,4.5726669739997305,0.0006676882167849454,2.244140625,ok,,292,9.375963937573828e-07,293,3.4516338600014933,292,0.12091936500246447,0.21846008900001834,0.0003540070001690765,3.8088304540001445,0.09375458399972558,binned_c1,NVIDIA L4,0.2182817879997856,coordinate_nystrom_s1600_q144_oversample10_low0.25,,,0.18522908999966603,0.18522908999966603,4.212873639999998,4.306628223999724,0,3,"binned pcm: build_binned_efgp_system provides XtXcol + rhs, then Gf=FFTN(XtXcol); no exact gpu_precompute_v1 is executed in this path.",1.7294720580567888,1249924.0,1249497.0,0.7496982,0.0,C1,0.0,0.018152880999878107,0.01815470000019559,0.0022184150002431124,0.15724745600027745,0.0012466789999052708
20260506_060518_gpu_v3_topq_eigenpro_nystrom_pcmc1_q144_N10000000_20260422,2026-05-06T06:22:35.103763,gpu_v3_topq_eigenpro_nystrom,c1,10000000,1e-07,144,0.1,1e-06,4.713434112999948,0.0006655896719745007,2.2734375,ok,,304,9.079796103489405e-07,305,3.5845163759986463,304,0.12530258699598562,0.22017308799968305,0.0003308320001451648,3.9476364130000547,0.09387683900013144,binned_c1,NVIDIA L4,0.22001438600000256,coordinate_nystrom_s1600_q144_oversample10_low0.25,,,0.18505663699988872,0.18505663699988872,4.353196969999772,4.447073808999903,1,3,"binned pcm: build_binned_efgp_system provides XtXcol + rhs, then Gf=FFTN(XtXcol); no exact gpu_precompute_v1 is executed in this path.",1.7294721704946592,1249924.0,1249543.0,0.7497258,0.0,C1,0.0,0.018156556000121782,0.018157743999836384,0.0021106730000610696,0.1572801590000381,0.0012271539999346714
20260506_060518_gpu_v3_topq_eigenpro_nystrom_pcmc1_q144_N10000000_20260423,2026-05-06T06:22:42.975331,gpu_v3_topq_eigenpro_nystrom,c1,10000000,1e-07,144,0.1,1e-06,4.801278045999879,0.0006290687658934122,2.25390625,ok,,310,9.507539064371478e-07,311,3.65665163899439,310,0.13218798100569984,0.21786848700003247,0.0003351109999130131,4.037940870000057,0.09350108900025589,binned_c1,NVIDIA L4,0.2177230900001632,coordinate_nystrom_s1600_q144_oversample10_low0.25,,,0.18552601200008212,0.18552601200008212,4.441670480000084,4.53517156900034,2,3,"binned pcm: build_binned_efgp_system provides XtXcol + rhs, then Gf=FFTN(XtXcol); no exact gpu_precompute_v1 is executed in this path.",1.7294719837812595,1249924.0,1249509.0,0.7497054,0.0,C1,0.0,0.01817864800023017,0.018179884999881324,0.002261149000332807,0.15780512600031216,0.0012438880003173836
20260506_060518_gpu_v3_topq_eigenpro_nystrom_pcmoriginal_q180_N10000000_20260421,2026-05-06T06:22:50.063037,gpu_v3_topq_eigenpro_nystrom,original,10000000,1e-07,180,0.1,1e-06,4.022614379000061,0.0006694738606877707,1.939453125,ok,,245,9.755065004383515e-07,246,2.8884795800013308,245,0.09937293299390149,0.2595144279998749,0.0003621360001488938,3.1766873860001397,0.09297585499962224,cufinufft,NVIDIA L4,0.25936691400011114,coordinate_nystrom_s1600_q180_oversample10_low0.25,0.2810492529997646,0.2810492529997646,,0.2810492529997646,3.717613202999928,3.8105890579995503,0,3,,,,,,,,,,,,,
20260506_060518_gpu_v3_topq_eigenpro_nystrom_pcmoriginal_q180_N10000000_20260422,2026-05-06T06:22:58.074874,gpu_v3_topq_eigenpro_nystrom,original,10000000,1e-07,180,0.1,1e-06,4.945255572000406,0.0006627945130938341,1.986328125,ok,,270,9.327442568687042e-07,271,3.186280262998025,270,0.11351436299537454,0.8430584799998542,0.0003382230001989228,3.515840202000163,0.09346447699999771,cufinufft,NVIDIA L4,0.8429025929999625,coordinate_nystrom_s1600_q180_oversample10_low0.25,0.28062906100012697,0.28062906100012697,,0.28062906100012697,4.639865966000343,4.733330443000341,1,3,,,,,,,,,,,,,
20260506_060518_gpu_v3_topq_eigenpro_nystrom_pcmoriginal_q180_N10000000_20260423,2026-05-06T06:23:05.491361,gpu_v3_topq_eigenpro_nystrom,original,10000000,1e-07,180,0.1,1e-06,4.357556103999741,0.000626902000349017,1.986328125,ok,,270,9.70882332059463e-07,271,3.1867660190005154,270,0.1127811179985656,0.2589896209997278,0.00033710200023051584,3.5124369639997894,0.09406350200015368,cufinufft,NVIDIA L4,0.2588278690000152,coordinate_nystrom_s1600_q180_oversample10_low0.25,0.2803320069997426,0.2803320069997426,,0.2803320069997426,4.05209569399949,4.146159195999644,2,3,,,,,,,,,,,,,
20260506_060518_gpu_v3_topq_eigenpro_nystrom_pcmc1_q180_N10000000_20260421,2026-05-06T06:23:12.541822,gpu_v3_topq_eigenpro_nystrom,c1,10000000,1e-07,180,0.1,1e-06,3.99840623099999,0.0006716638512837758,2.244140625,ok,,245,9.761172658046653e-07,246,2.8974836650004363,245,0.10149288200182127,0.2576290569995763,0.00037277400042512454,3.1961620749998474,0.09300650499972107,binned_c1,NVIDIA L4,0.25748323600009826,coordinate_nystrom_s1600_q180_oversample10_low0.25,,,0.18436365800016574,0.18436365800016574,3.6385275640000145,3.7315340689997356,0,3,"binned pcm: build_binned_efgp_system provides XtXcol + rhs, then Gf=FFTN(XtXcol); no exact gpu_precompute_v1 is executed in this path.",1.7294720580567888,1249924.0,1249497.0,0.7496982,0.0,C1,0.0,0.018155136000132188,0.018156318999899668,0.0019556940001166367,0.1566855360001682,0.0012460640000426793
20260506_060518_gpu_v3_topq_eigenpro_nystrom_pcmc1_q180_N10000000_20260422,2026-05-06T06:23:19.968551,gpu_v3_topq_eigenpro_nystrom,c1,10000000,1e-07,180,0.1,1e-06,4.337474828999802,0.0006654372618703854,2.263671875,ok,,270,9.418647395780781e-07,271,3.19370040900003,270,0.11729297599868005,0.25863332600010835,0.0003772629997911281,3.5340165100001286,0.09392838499979916,binned_c1,NVIDIA L4,0.25848788299981607,coordinate_nystrom_s1600_q180_oversample10_low0.25,,,0.18523359800019534,0.18523359800019534,3.9782606970002234,4.072189082000023,1,3,"binned pcm: build_binned_efgp_system provides XtXcol + rhs, then Gf=FFTN(XtXcol); no exact gpu_precompute_v1 is executed in this path.",1.7294721704946592,1249924.0,1249543.0,0.7497258,0.0,C1,0.0,0.018167199999879813,0.018168961999890598,0.0021590900000774127,0.15719783199983794,0.0013548189999710303
20260506_060518_gpu_v3_topq_eigenpro_nystrom_pcmc1_q180_N10000000_20260423,2026-05-06T06:23:27.350888,gpu_v3_topq_eigenpro_nystrom,c1,10000000,1e-07,180,0.1,1e-06,4.329991484999937,0.0006296999899692824,2.244140625,ok,,270,9.486040504419296e-07,271,3.191926111997418,270,0.11116251699922941,0.26257552500010206,0.0003293330000815331,3.522492549999697,0.0938427609999053,binned_c1,NVIDIA L4,0.26241883500006224,coordinate_nystrom_s1600_q180_oversample10_low0.25,,,0.18491963800033773,0.18491963800033773,3.9703170460002184,4.064159807000124,2,3,"binned pcm: build_binned_efgp_system provides XtXcol + rhs, then Gf=FFTN(XtXcol); no exact gpu_precompute_v1 is executed in this path.",1.7294719837812595,1249924.0,1249509.0,0.7497054,0.0,C1,0.0,0.018192511000052036,0.018193630000041594,0.0019687750000230153,0.1571664929997496,0.001246629999968718
