M,S_kind,active_mode,active_size,active_tau,active_topk,box_memory_bytes,box_radii,box_shape,box_size,btab_active_mode,btab_active_size_raw,btab_active_tau,btab_active_topk,btab_box_budget,btab_box_size,btab_diagnostic_mode,btab_diagnostic_power_iter,btab_diagnostic_tol,btab_eig_apply_batch_cols,btab_eig_backend,btab_eig_eig_residual_max,btab_eig_eig_residual_median,btab_eig_maxiter,btab_eig_n_ABB_matvec_cols,btab_eig_n_eig_matvec,btab_eig_ncv,btab_eig_ncv_actual,btab_eig_q,btab_eig_size_S,btab_eig_size_T,btab_eig_storage_bytes,btab_eig_theta_q1,btab_eig_theta_q1_over_sigma2,btab_eig_tol,btab_exact_apply_mode,btab_exact_box_max_size,btab_experiment_route,btab_inner_maxiter,btab_inner_precond,btab_inner_tol,btab_outer_gmres_restart,btab_outer_solver,btab_solve_mode,cg_iters,cg_n_matvec,cg_relres,chol_memory_bytes,chunk_size,dataset_dim,dataset_stem,debug_finite_checks,device_name,diagnostic_mode,diagnostic_n_ASS_matvec,diagnostic_n_A_matvec,diagnostic_n_eig_matvec,diagnostic_n_matvec,diagnostic_n_power_iter,diagnostic_n_precond,dim,efgp_matrix_dim,eig_residual_max,eig_residual_median,eps,error_message,error_type,exact_apply_mode,gamma,has_nufft,inner_last_relres,inner_max_iters,inner_maxiter,inner_precond,inner_tol,inner_total_iters,inner_total_matvec,inner_total_precond,inverse_memory_bytes,is_warmup,iterations,kernel_family,kernel_lengthscale,kernel_nu,kernel_variance,local_fft_memory_bytes,maxiter,method,mtot,n_matvec,n_precond,n_test,n_train,nufft_backend,nufft_stage,outer_gmres_restart,outer_iters,outer_relres,outer_solver,outer_status,precond_apply_calls,profile_components,reg_lambda,repeat_idx,rho_max_T,rmse_test,rmse_train,run_seed,sigma2_equiv_reg_lambda,solve_mode,status,t_matvec_avg,t_matvec_total,t_precond_avg,t_precond_total,tail_energy,tail_size,theta_q1_over_sigma2,time_active_set,time_box_gather_avg,time_box_gather_total,time_box_scatter_avg,time_box_scatter_total,time_box_solve_avg,time_box_solve_total,time_build_Ag,time_build_box_matrix,time_build_inverse,time_build_local_fft,time_cholesky,time_diag_avg,time_diag_total,time_eig_setup,time_post_diagnostics,time_precompute,time_precond_build,time_predict,time_solve,time_symmetrize_regularize,time_total,time_total_with_diagnostics,tol,traceback,version
1225,expanded_box,topk,1225,,2048,0,"[17, 17]","[35, 35]",1225,topk,1225,,2048,80000,1225,cheap,30,0.01,,,,,,,,,,,,,,,,,inverse,20000,group_c,50,diag,0.001,50,auto,auto,3,4,2.390280117989094e-09,0,,2,synthetic_true_func_2d_n300000000,False,NVIDIA A100-SXM4-40GB,cheap,0,0,0,0,0,0,2,1225,,,1e-05,,,inverse,299999999.9993526,True,nan,0,50,diag,0.001,0,0,0,24010000,False,3.0,SE,0.1,1.5,1.0,0,20000,btab_auto_topk_2048,35,4,3,1000,300000000,cufinufft,binned_c1,50,3,2.390280117989094e-09,pcg,converged,3,True,0.1,0,0.0,0.00039149507515883326,0.020005528770133018,0,0.1,exact,ok,0.0007086642499700702,0.0028346569998802806,0.00026784666662630724,0.0008035399998789217,0.0,0,,0.0054260260000091876,1.8143666655608588e-05,5.4430999966825766e-05,4.222666666464647e-05,0.00012667999999393942,0.0001002580000128243,0.0003007740000384729,0.7883025419999967,0.4259537379999756,0.12719148500002575,0.0,0.13291674899994632,6.126766667572762e-05,0.00018380300002718286,,7.384899993212457e-05,1.4911039260000507,1.2707535519999738,1.5253201630000603,1.2768056679999518,0.10224057000004905,2.7679095940000025,2.7679834429999346,1e-07,,v6_btab
1225,expanded_box,topk,1225,,4096,0,"[17, 17]","[35, 35]",1225,topk,1225,,4096,80000,1225,cheap,30,0.01,,,,,,,,,,,,,,,,,inverse,20000,group_c,50,diag,0.001,50,auto,auto,3,4,2.3902763463763316e-09,0,,2,synthetic_true_func_2d_n300000000,False,NVIDIA A100-SXM4-40GB,cheap,0,0,0,0,0,0,2,1225,,,1e-05,,,inverse,299999999.9993526,True,nan,0,50,diag,0.001,0,0,0,24010000,False,3.0,SE,0.1,1.5,1.0,0,20000,btab_auto_topk_4096,35,4,3,1000,300000000,cufinufft,binned_c1,50,3,2.3902763463763316e-09,pcg,converged,3,True,0.1,0,0.0,0.00039149507514347895,0.020005528770132272,0,0.1,exact,ok,0.0006918362499845898,0.0027673449999383593,0.00023986633334516227,0.0007195990000354868,0.0,0,,0.0005700389999674371,1.660166666776301e-05,4.9805000003289024e-05,3.357866664070267e-05,0.00010073599992210802,9.08716666572218e-05,0.0002726149999716654,0.04382147499995881,0.03769308199991883,0.0030290139999351595,0.0,0.002673320000099011,5.4431666664337776e-05,0.00016329499999301333,,4.6987000018816616e-05,1.490769994999937,0.045194720000040434,1.5081686390000186,0.05100004300004457,0.0004260590000058073,1.5417700379999815,1.5418170250000003,1e-07,,v6_btab
1225,expanded_box,topk,1225,,8192,0,"[17, 17]","[35, 35]",1225,topk,1225,,8192,80000,1225,cheap,30,0.01,,,,,,,,,,,,,,,,,inverse,20000,group_c,50,diag,0.001,50,auto,auto,3,4,2.390276030336963e-09,0,,2,synthetic_true_func_2d_n300000000,False,NVIDIA A100-SXM4-40GB,cheap,0,0,0,0,0,0,2,1225,,,1e-05,,,inverse,299999999.9993526,True,nan,0,50,diag,0.001,0,0,0,24010000,False,3.0,SE,0.1,1.5,1.0,0,20000,btab_auto_topk_8192,35,4,3,1000,300000000,cufinufft,binned_c1,50,3,2.390276030336963e-09,pcg,converged,3,True,0.1,0,0.0,0.0003914950750786959,0.02000552877013138,0,0.1,exact,ok,0.0006843064999486614,0.0027372259997946458,0.0002428966666532991,0.0007286899999598972,0.0,0,,0.000565228999903411,1.6541666658061633e-05,4.96249999741849e-05,3.32670000110132e-05,9.98010000330396e-05,9.342333335856286e-05,0.0002802700000756886,0.039888184999995246,0.033766521000075045,0.0030220169999211066,0.0,0.0026700650000748283,5.871300000611276e-05,0.00017613900001833827,,3.881199995703355e-05,1.4910010680000596,0.04121116600003916,1.5187305220000553,0.047025872999938656,0.0004295819999242667,1.5380269409999983,1.5380657529999553,1e-07,,v6_btab
1225,expanded_box,topk,1225,,16384,0,"[17, 17]","[35, 35]",1225,topk,1225,,16384,80000,1225,cheap,30,0.01,,,,,,,,,,,,,,,,,inverse,20000,group_c,50,diag,0.001,50,auto,auto,3,4,2.3902671106552143e-09,0,,2,synthetic_true_func_2d_n300000000,False,NVIDIA A100-SXM4-40GB,cheap,0,0,0,0,0,0,2,1225,,,1e-05,,,inverse,299999999.9993526,True,nan,0,50,diag,0.001,0,0,0,24010000,False,3.0,SE,0.1,1.5,1.0,0,20000,btab_auto_topk_16384,35,4,3,1000,300000000,cufinufft,binned_c1,50,3,2.3902671106552143e-09,pcg,converged,3,True,0.1,0,0.0,0.0003914950751634912,0.0200055287701332,0,0.1,exact,ok,0.0006751555000050757,0.002700622000020303,0.00023913733336182,0.00071741200008546,0.0,0,,0.0005405299999665658,1.6566333329137706e-05,4.969899998741312e-05,3.405033332152622e-05,0.00010215099996457866,9.407266664614629e-05,0.0002822179999384389,0.03985801800001809,0.033745728999974745,0.0030216919999475067,0.0,0.0026654350000399063,5.3133333305292275e-05,0.00015939999991587683,,6.053499998870393e-05,1.4908408539999982,0.04116758600002868,1.5234677639999745,0.046952040999940436,0.0004251620000559342,1.5377928949999387,1.5378534299999274,1e-07,,v6_btab
1225,expanded_box,topk,1225,,16384,0,"[17, 17]","[35, 35]",1225,topk,1225,,16384,80000,1225,cheap,30,0.01,,cupy,9.762780571794907e-13,1.119360155919995e-14,960,418,418,,418,192,1225,0,3766272,1203.6937486448958,12036.937486448956,0.001,boxeig,20000,group_c,50,diag,0.001,50,auto,boxeig,40,41,7.78417187595389e-08,0,,2,synthetic_true_func_2d_n300000000,False,NVIDIA A100-SXM4-40GB,cheap,192,0,192,192,0,0,2,1225,9.762780571794907e-13,1.119360155919995e-14,1e-05,,,boxeig,299999999.9993526,True,nan,0,0,,nan,0,0,0,0,False,40.0,SE,0.1,1.5,1.0,76176,20000,btab_boxeig_topk_16384_q192,35,41,40,1000,300000000,cufinufft,binned_c1,50,40,7.78417187595389e-08,pcg,converged,40,True,0.1,0,0.0,0.0003895083183316174,0.020005385921788733,0,0.1,boxeig,ok,0.000633363414627505,0.025967899999727706,0.00037586834999956407,0.015034733999982564,0.0,0,12036.937486448956,0.0005768309999893972,1.7157924997945883e-05,0.0006863169999178353,3.0017399993198524e-05,0.001200695999727941,0.00023218115000247507,0.009287246000099003,1.4160918979999906,0.0,0.0,0.0008544370000436174,0.0,5.556717500496688e-05,0.0022226870001986754,1.415237460999947,0.7709469919999492,1.4909082689999877,1.518527574000018,1.5194158689999995,1.5847127309999678,0.0,3.0756209999999555,3.8465679919999047,1e-07,,v7_btab_boxeig
1225,expanded_box,topk,1225,,16384,0,"[17, 17]","[35, 35]",1225,topk,1225,,16384,80000,1225,cheap,30,0.01,,cupy,2.529069776076542e-11,6.176649048260735e-14,1280,546,546,,546,256,1225,0,5021696,61.61548814255022,616.1548814255021,0.001,boxeig,20000,group_c,50,diag,0.001,50,auto,boxeig,7,8,6.547649864210581e-08,0,,2,synthetic_true_func_2d_n300000000,False,NVIDIA A100-SXM4-40GB,cheap,256,0,256,256,0,0,2,1225,2.529069776076542e-11,6.176649048260735e-14,1e-05,,,boxeig,299999999.9993526,True,nan,0,0,,nan,0,0,0,0,False,7.0,SE,0.1,1.5,1.0,76176,20000,btab_boxeig_topk_16384_q256,35,8,7,1000,300000000,cufinufft,binned_c1,50,7,6.547649864210581e-08,pcg,converged,7,True,0.1,0,0.0,0.000373647947544653,0.02000506786695222,0,0.1,boxeig,ok,0.0007841884999919557,0.006273507999935646,0.0004540059999921401,0.0031780419999449805,0.0,0,616.1548814255021,0.0005415450000327837,2.1100857143859946e-05,0.0001477060000070196,3.4304285739900866e-05,0.00024013000017930608,0.0002835232857023584,0.001984662999916509,0.4654768899999908,0.0,0.0,0.0008997429999908491,0.0,6.726428570605744e-05,0.00047084999994240206,0.46457714699999997,0.10244230699993295,1.4911644300000262,0.46648144200003117,1.5177464959999725,0.4815179380000245,0.0,1.9726823680000507,2.0751246749999837,1e-07,,v7_btab_boxeig
1225,expanded_box,topk,1225,,16384,0,"[17, 17]","[35, 35]",1225,topk,1225,,16384,80000,1225,cheap,30,0.01,,cupy,3.623488979119802e-10,1.6042330695403867e-13,1600,674,674,,674,320,1225,0,6277120,4.1084242465736835,41.084242465736835,0.001,boxeig,20000,group_c,50,diag,0.001,50,auto,boxeig,1,2,7.240274789172577e-08,0,,2,synthetic_true_func_2d_n300000000,False,NVIDIA A100-SXM4-40GB,cheap,320,0,320,320,0,0,2,1225,3.623488979119802e-10,1.6042330695403867e-13,1e-05,,,boxeig,299999999.9993526,True,nan,0,0,,nan,0,0,0,0,False,1.0,SE,0.1,1.5,1.0,76176,20000,btab_boxeig_topk_16384_q320,35,2,1,1000,300000000,cufinufft,binned_c1,50,1,7.240274789172577e-08,pcg,converged,1,True,0.1,0,0.0,0.0003377553589190398,0.02000412675528851,0,0.1,boxeig,ok,0.0008612740000444319,0.0017225480000888638,0.0004895060000080775,0.0004895060000080775,0.0,0,41.084242465736835,0.0006840889999466526,1.977300007638405e-05,1.977300007638405e-05,4.710400003204995e-05,4.710400003204995e-05,0.00030730299999959243,0.00030730299999959243,0.5889617739999267,0.0,0.0,0.0008599809999623176,0.0,6.372400002874201e-05,6.372400002874201e-05,0.5881017929999643,0.12790769500008992,1.491575240999964,0.5901216709999062,1.524452211000039,0.5936384020000105,0.0,2.0852136429999746,2.2131213380000645,1e-07,,v7_btab_boxeig
1225,expanded_box,topk,1225,,20480,0,"[17, 17]","[35, 35]",1225,topk,1225,,20480,80000,1225,cheap,30,0.01,,cupy,1.2467024587197167e-12,1.2527703766238077e-14,960,418,418,,418,192,1225,0,3766272,1203.6937486448871,12036.937486448871,0.001,boxeig,20000,group_c,50,diag,0.001,50,auto,boxeig,40,41,7.198400817172425e-08,0,,2,synthetic_true_func_2d_n300000000,False,NVIDIA A100-SXM4-40GB,cheap,192,0,192,192,0,0,2,1225,1.2467024587197167e-12,1.2527703766238077e-14,1e-05,,,boxeig,299999999.9993526,True,nan,0,0,,nan,0,0,0,0,False,40.0,SE,0.1,1.5,1.0,76176,20000,btab_boxeig_topk_20480_q192,35,41,40,1000,300000000,cufinufft,binned_c1,50,40,7.198400817172425e-08,pcg,converged,40,True,0.1,0,0.0,0.0003895072934851185,0.020005385917443858,0,0.1,boxeig,ok,0.0007482404146397063,0.03067785700022796,0.0004335195750229559,0.017340783000918236,0.0,0,12036.937486448871,0.0005606879999504599,2.094244999568673e-05,0.0008376979998274692,3.295577499500269e-05,0.0013182309998001074,0.00026693980000231933,0.010677592000092773,0.3568890479999709,0.0,0.0,0.00085997500002577,0.0,6.401604999553e-05,0.0025606419998212004,0.35602907299994513,0.08045689100003983,1.4906206150000116,0.358048374999953,1.5190566899999567,0.4355399229999648,0.0,1.9261605379999764,2.0066174290000163,1e-07,,v7_btab_boxeig
1225,expanded_box,topk,1225,,20480,0,"[17, 17]","[35, 35]",1225,topk,1225,,20480,80000,1225,cheap,30,0.01,,cupy,6.695264198415084e-11,3.9964876466708016e-14,1280,546,546,,546,256,1225,0,5021696,61.61548814251757,616.1548814251756,0.001,boxeig,20000,group_c,50,diag,0.001,50,auto,boxeig,7,8,6.550415749616257e-08,0,,2,synthetic_true_func_2d_n300000000,False,NVIDIA A100-SXM4-40GB,cheap,256,0,256,256,0,0,2,1225,6.695264198415084e-11,3.9964876466708016e-14,1e-05,,,boxeig,299999999.9993526,True,nan,0,0,,nan,0,0,0,0,False,7.0,SE,0.1,1.5,1.0,76176,20000,btab_boxeig_topk_20480_q256,35,8,7,1000,300000000,cufinufft,binned_c1,50,7,6.550415749616257e-08,pcg,converged,7,True,0.1,0,0.0,0.00037364798591141464,0.020005067869515537,0,0.1,boxeig,ok,0.0007655148749989849,0.006124118999991879,0.00043147385716630585,0.003020317000164141,0.0,0,616.1548814251756,0.0005362629999581259,1.954114285191671e-05,0.00013678799996341695,3.259285709386209e-05,0.00022814999965703464,0.00026806271427761075,0.0018764389999432751,0.4561908120000453,0.0,0.0,0.0008835380000391524,0.0,6.394414284776368e-05,0.0004476089999343458,0.45530727400000615,0.10151125599998068,1.4915205339999602,0.45716540000000805,1.5171446949999563,0.47204775099999097,0.0,1.9635682849999512,2.065079540999932,1e-07,,v7_btab_boxeig
1225,expanded_box,topk,1225,,20480,0,"[17, 17]","[35, 35]",1225,topk,1225,,20480,80000,1225,cheap,30,0.01,,cupy,7.088403023084896e-10,1.6060890021940232e-13,1600,674,674,,674,320,1225,0,6277120,4.10842424657102,41.0842424657102,0.001,boxeig,20000,group_c,50,diag,0.001,50,auto,boxeig,1,2,7.224597152470783e-08,0,,2,synthetic_true_func_2d_n300000000,False,NVIDIA A100-SXM4-40GB,cheap,320,0,320,320,0,0,2,1225,7.088403023084896e-10,1.6060890021940232e-13,1e-05,,,boxeig,299999999.9993526,True,nan,0,0,,nan,0,0,0,0,False,1.0,SE,0.1,1.5,1.0,76176,20000,btab_boxeig_topk_20480_q320,35,2,1,1000,300000000,cufinufft,binned_c1,50,1,7.224597152470783e-08,pcg,converged,1,True,0.1,0,0.0,0.00033775548649262745,0.02000412675851901,0,0.1,boxeig,ok,0.0008672344999922643,0.0017344689999845286,0.000459567000007155,0.000459567000007155,0.0,0,41.0842424657102,0.0005562510000345355,2.0051999968018208e-05,2.0051999968018208e-05,3.2742000030339113e-05,3.2742000030339113e-05,0.00029485499999282183,0.00029485499999282183,0.5698997640000698,0.0,0.0,0.0008475739999767029,0.0,6.108500008394913e-05,6.108500008394913e-05,0.5690521900000931,0.12678633400003037,1.4913420540000288,0.5709147190000294,1.5184003620000794,0.5744041179999613,0.0,2.06574617199999,2.1925325060000205,1e-07,,v7_btab_boxeig
1225,expanded_box,topk,1225,,32768,0,"[17, 17]","[35, 35]",1225,topk,1225,,32768,80000,1225,cheap,30,0.01,,cupy,2.1327873253214844e-12,1.3165746135481736e-14,960,418,418,,418,192,1225,0,3766272,1203.6937486448928,12036.937486448927,0.001,boxeig,20000,group_c,50,diag,0.001,50,auto,boxeig,40,41,7.862378773752002e-08,0,,2,synthetic_true_func_2d_n300000000,False,NVIDIA A100-SXM4-40GB,cheap,192,0,192,192,0,0,2,1225,2.1327873253214844e-12,1.3165746135481736e-14,1e-05,,,boxeig,299999999.9993526,True,nan,0,0,,nan,0,0,0,0,False,40.0,SE,0.1,1.5,1.0,76176,20000,btab_boxeig_topk_32768_q192,35,41,40,1000,300000000,cufinufft,binned_c1,50,40,7.862378773752002e-08,pcg,converged,40,True,0.1,0,0.0,0.0003895092015131527,0.020005385957045315,0,0.1,boxeig,ok,0.0008184197804910848,0.03355521100013448,0.0005044885000074828,0.020179540000299312,0.0,0,12036.937486448927,0.0005440070000304331,2.091537500064078e-05,0.0008366150000256312,3.6204324996447215e-05,0.0014481729998578885,0.00028556887500315044,0.011422755000126017,1.9302152799999703,0.0,0.0,0.0009574619999739298,0.0,0.0001131067250042861,0.004524269000171444,1.9292578179999964,0.07696921199999451,1.4907215910000104,1.9312258170000405,1.5281134130000282,2.0154830280000624,0.0,3.506204619000073,3.5831738310000674,1e-07,,v7_btab_boxeig
1225,expanded_box,topk,1225,,32768,0,"[17, 17]","[35, 35]",1225,topk,1225,,32768,80000,1225,cheap,30,0.01,,cupy,1.8905186684780936e-11,5.31408878605469e-14,1280,546,546,,546,256,1225,0,5021696,61.61548814257429,616.1548814257429,0.001,boxeig,20000,group_c,50,diag,0.001,50,auto,boxeig,7,8,6.574948931238452e-08,0,,2,synthetic_true_func_2d_n300000000,False,NVIDIA A100-SXM4-40GB,cheap,256,0,256,256,0,0,2,1225,1.8905186684780936e-11,5.31408878605469e-14,1e-05,,,boxeig,299999999.9993526,True,nan,0,0,,nan,0,0,0,0,False,7.0,SE,0.1,1.5,1.0,76176,20000,btab_boxeig_topk_32768_q256,35,8,7,1000,300000000,cufinufft,binned_c1,50,7,6.574948931238452e-08,pcg,converged,7,True,0.1,0,0.0,0.0003736475731108894,0.020005067855808675,0,0.1,boxeig,ok,0.0007735926250092007,0.006188741000073605,0.00044716914287943964,0.0031301840001560777,0.0,0,616.1548814257429,0.000613746999988507,2.186771428114298e-05,0.00015307399996800086,3.390271430297227e-05,0.00023731900012080587,0.0002761768571417633,0.0019332379999923432,0.458269337000047,0.0,0.0,0.0008741710000776948,0.0,6.446871426695517e-05,0.0004512809998686862,0.4573951659999693,0.102631448000011,1.4908371759999,0.45931896599995525,1.5171070950000285,0.47426790100007565,0.0,1.9651050769999756,2.0677365249999866,1e-07,,v7_btab_boxeig
1225,expanded_box,topk,1225,,32768,0,"[17, 17]","[35, 35]",1225,topk,1225,,32768,80000,1225,cheap,30,0.01,,cupy,3.278216379691555e-10,1.7733941361976717e-13,1600,674,674,,674,320,1225,0,6277120,4.1084242465742715,41.08424246574271,0.001,boxeig,20000,group_c,50,diag,0.001,50,auto,boxeig,1,2,7.211640902221071e-08,0,,2,synthetic_true_func_2d_n300000000,False,NVIDIA A100-SXM4-40GB,cheap,320,0,320,320,0,0,2,1225,3.278216379691555e-10,1.7733941361976717e-13,1e-05,,,boxeig,299999999.9993526,True,nan,0,0,,nan,0,0,0,0,False,1.0,SE,0.1,1.5,1.0,76176,20000,btab_boxeig_topk_32768_q320,35,2,1,1000,300000000,cufinufft,binned_c1,50,1,7.211640902221071e-08,pcg,converged,1,True,0.1,0,0.0,0.0003377557509176498,0.02000412676347323,0,0.1,boxeig,ok,0.0008780174999856172,0.0017560349999712344,0.0004767200000515004,0.0004767200000515004,0.0,0,41.08424246574271,0.0005364050000480347,2.0704999997178675e-05,2.0704999997178675e-05,3.301900005681091e-05,3.301900005681091e-05,0.0003108509999947273,0.0003108509999947273,0.5796683790000543,0.0,0.0,0.0008618350000233477,0.0,6.239999993340462e-05,6.239999993340462e-05,0.578806544000031,0.1261057220000339,1.4910969459999706,0.5806617760000563,1.5188681759999554,0.5841989719999674,0.0,2.075295917999938,2.201401639999972,1e-07,,v7_btab_boxeig
1225,expanded_box,topk,1225,,36864,0,"[17, 17]","[35, 35]",1225,topk,1225,,36864,80000,1225,cheap,30,0.01,,cupy,1.9492763704541e-12,1.1974189553543109e-14,960,418,418,,418,192,1225,0,3766272,1203.6937486448844,12036.937486448844,0.001,boxeig,20000,group_c,50,diag,0.001,50,auto,boxeig,40,41,7.427822190348833e-08,0,,2,synthetic_true_func_2d_n300000000,False,NVIDIA A100-SXM4-40GB,cheap,192,0,192,192,0,0,2,1225,1.9492763704541e-12,1.1974189553543109e-14,1e-05,,,boxeig,299999999.9993526,True,nan,0,0,,nan,0,0,0,0,False,40.0,SE,0.1,1.5,1.0,76176,20000,btab_boxeig_topk_36864_q192,35,41,40,1000,300000000,cufinufft,binned_c1,50,40,7.427822190348833e-08,pcg,converged,40,True,0.1,0,0.0,0.00038950879222485624,0.02000538593978575,0,0.1,boxeig,ok,0.0007521443658611022,0.03083791900030519,0.0004317691500119736,0.017270766000478943,0.0,0,12036.937486448844,0.0006531930000619468,1.99753750138143e-05,0.000799015000552572,3.312354999707168e-05,0.001324941999882867,0.000266611699993291,0.010664467999731642,0.35791845500000363,0.0,0.0,0.0009034299999939321,0.0,6.416152500037242e-05,0.002566461000014897,0.3570150250000097,0.07636360200001491,1.4919572089999065,0.3590199139999868,1.5241004839999732,0.4368598240000665,0.0,1.928817032999973,2.005180634999988,1e-07,,v7_btab_boxeig
1225,expanded_box,topk,1225,,36864,0,"[17, 17]","[35, 35]",1225,topk,1225,,36864,80000,1225,cheap,30,0.01,,cupy,5.386169817305352e-11,6.128943872796538e-14,1280,546,546,,546,256,1225,0,5021696,61.615488142506045,616.1548814250605,0.001,boxeig,20000,group_c,50,diag,0.001,50,auto,boxeig,7,8,6.539180433731212e-08,0,,2,synthetic_true_func_2d_n300000000,False,NVIDIA A100-SXM4-40GB,cheap,256,0,256,256,0,0,2,1225,5.386169817305352e-11,6.128943872796538e-14,1e-05,,,boxeig,299999999.9993526,True,nan,0,0,,nan,0,0,0,0,False,7.0,SE,0.1,1.5,1.0,76176,20000,btab_boxeig_topk_36864_q256,35,8,7,1000,300000000,cufinufft,binned_c1,50,7,6.539180433731212e-08,pcg,converged,7,True,0.1,0,0.0,0.0003736478505926613,0.020005067865328748,0,0.1,boxeig,ok,0.0007614672500011466,0.0060917380000091725,0.0004386437142816898,0.0030705059999718287,0.0,0,616.1548814250605,0.0005386150000958878,1.939285714667806e-05,0.00013575000002674642,3.298314285465105e-05,0.00023088199998255732,0.00027355157146757847,0.0019148610002730493,0.45748913499994615,0.0,0.0,0.0008643539999866334,0.0,6.389328570678896e-05,0.00044725299994752277,0.4566247809999595,0.10487415299996883,1.4908331619999444,0.45844835900004455,1.517785355000001,0.4732571749999579,0.0,1.9640903369999023,2.068964489999871,1e-07,,v7_btab_boxeig
1225,expanded_box,topk,1225,,36864,0,"[17, 17]","[35, 35]",1225,topk,1225,,36864,80000,1225,cheap,30,0.01,,cupy,1.1224635985905165e-09,2.1183047533816313e-13,1600,674,674,,674,320,1225,0,6277120,4.108424246575696,41.08424246575696,0.001,boxeig,20000,group_c,50,diag,0.001,50,auto,boxeig,1,2,7.215433926572117e-08,0,,2,synthetic_true_func_2d_n300000000,False,NVIDIA A100-SXM4-40GB,cheap,320,0,320,320,0,0,2,1225,1.1224635985905165e-09,2.1183047533816313e-13,1e-05,,,boxeig,299999999.9993526,True,nan,0,0,,nan,0,0,0,0,False,1.0,SE,0.1,1.5,1.0,76176,20000,btab_boxeig_topk_36864_q320,35,2,1,1000,300000000,cufinufft,binned_c1,50,1,7.215433926572117e-08,pcg,converged,1,True,0.1,0,0.0,0.00033775564416834255,0.0200041267602633,0,0.1,boxeig,ok,0.000861897999982375,0.00172379599996475,0.0004743660000485761,0.0004743660000485761,0.0,0,41.08424246575696,0.0005673230000411422,1.9261999909758742e-05,1.9261999909758742e-05,3.2515999919269234e-05,3.2515999919269234e-05,0.00030999000000520027,0.00030999000000520027,0.5710637609998912,0.0,0.0,0.0008662549998916802,0.0,6.30959999625702e-05,6.30959999625702e-05,0.5701975059999995,0.12602392600001622,1.4911430430000792,0.5720686849999765,1.5193219669999962,0.5755541549999634,0.0,2.0666971980000426,2.192721124000059,1e-07,,v7_btab_boxeig
35721,expanded_box,topk,2048,,2048,0,"[25, 25]","[51, 51]",2601,topk,2048,,2048,80000,2601,cheap,30,0.01,,,,,,,,,,,,,,,,,inverse,20000,group_c,50,diag,0.001,50,auto,auto,513,514,9.690104588102358e-08,0,,2,synthetic_true_func_2d_n300000000,False,NVIDIA A100-SXM4-40GB,cheap,0,0,0,0,0,0,2,35721,,,1e-05,,,inverse,299999999.9996127,True,nan,0,50,diag,0.001,0,0,0,108243216,False,513.0,matern,0.1,1.5,1.0,0,20000,btab_auto_topk_2048,189,514,513,1000,300000000,cufinufft,binned_c1,50,513,9.690104588102358e-08,pcg,converged,513,True,0.1,0,16364.323522779092,0.00012339029629609844,0.019999996833252973,0,0.1,exact,ok,0.0006353000739279642,0.3265442379989736,0.00033776025731035845,0.1732710120002139,18906336.020993832,33120,,0.00169744200002242,4.4176113060990995e-05,0.02266234600028838,4.0891019492178297e-05,0.020977092999487468,0.0001539456803113768,0.0789741339997363,0.23151067899993905,0.20807642099998702,0.014115464999918004,0.0,0.007713582000064889,5.576492007689009e-05,0.028607403999444614,,0.0003775650000079622,1.522923907000063,0.23410207299991725,1.5340611380000837,1.0505071199999065,0.001605210999969131,2.5734310269999696,2.5738085919999776,1e-07,,v6_btab
35721,expanded_box,topk,4096,,4096,0,"[36, 36]","[73, 73]",5329,topk,4096,,4096,80000,5329,cheap,30,0.01,,,,,,,,,,,,,,,,,inverse,20000,group_c,50,diag,0.001,50,auto,auto,243,244,8.505801772568207e-08,0,,2,synthetic_true_func_2d_n300000000,False,NVIDIA A100-SXM4-40GB,cheap,0,0,0,0,0,0,2,35721,,,1e-05,,,inverse,299999999.9996127,True,nan,0,50,diag,0.001,0,0,0,454371856,False,243.0,matern,0.1,1.5,1.0,0,20000,btab_auto_topk_4096,189,244,243,1000,300000000,cufinufft,binned_c1,50,243,8.505801772568207e-08,pcg,converged,243,True,0.1,0,2951.5634013719923,0.00012316751913819284,0.01999999768900734,0,0.1,exact,ok,0.00063744630328443,0.15553689800140091,0.0006036085925921321,0.1466768879998881,6372419.880379716,30392,,0.0018385439999519804,4.376574897430704e-05,0.01063507700075661,4.3200041149989205e-05,0.010497609999447377,0.00041735198765720883,0.10141653300070175,1.020677581999962,0.895101484999941,0.09478058700005931,0.0,0.02473019599995041,5.5799074075291805e-05,0.013559175000295909,,0.00029457499999807624,1.5228962770000862,1.0234990279999465,1.5309254129999772,1.4766389909999589,0.006065314000011313,2.999535268000045,2.999829843000043,1e-07,,v6_btab
35721,expanded_box,topk,8192,,8192,0,"[51, 51]","[103, 103]",10609,topk,8192,,8192,80000,10609,cheap,30,0.01,,,,,,,,,,,,,,,,,inverse,20000,group_c,50,diag,0.001,50,auto,auto,135,136,8.646064055965849e-08,0,,2,synthetic_true_func_2d_n300000000,False,NVIDIA A100-SXM4-40GB,cheap,0,0,0,0,0,0,2,35721,,,1e-05,,,inverse,299999999.9996127,True,nan,0,50,diag,0.001,0,0,0,1800814096,False,135.0,matern,0.1,1.5,1.0,0,20000,btab_auto_topk_8192,189,136,135,1000,300000000,cufinufft,binned_c1,50,135,8.646064055965849e-08,pcg,converged,135,True,0.1,0,552.0105234307598,0.0001231168253311493,0.019999996874321056,0,0.1,exact,ok,0.0006437725220561172,0.08755306299963195,0.0016385605111121618,0.22120566900014182,2044451.5589106625,25112,,0.002211681999938264,4.4400562963649766e-05,0.0059940760000927185,4.829773334020299e-05,0.006520194000927404,0.001444655496298866,0.1950284920003469,4.1717784469999515,3.385558113000002,0.6187409269999762,0.0,0.14392241099994862,5.6303377777179845e-05,0.007600955999919279,,0.0002626059999784047,1.5222397119999869,4.1750089169999,1.5317606610000212,4.5688035030000265,0.02355699600002481,6.091043215000013,6.091305820999992,1e-07,,v6_btab
35721,expanded_box,topk,16384,,16384,0,"[72, 72]","[145, 145]",21025,topk,16384,,16384,80000,21025,cheap,30,0.01,,,,,,,,,,,,,,,,,inverse,20000,group_c,50,diag,0.001,50,auto,auto,63,65,9.685135011367722e-08,0,,2,synthetic_true_func_2d_n300000000,False,NVIDIA A100-SXM4-40GB,cheap,0,0,0,0,0,0,2,35721,,,1e-05,,,inverse,299999999.9996127,True,0.4902634034138381,50,50,diag,0.001,3102,3165,3164,0,False,63.0,matern,0.1,1.5,1.0,1336336,20000,btab_auto_topk_16384,189,65,63,1000,300000000,cufinufft,binned_c1,50,63,9.685135011367722e-08,fgmres,converged,63,True,0.1,0,102.54141764040138,0.00013661690376538203,0.020000063365879613,0,0.1,inner_pcg,ok,0.0006382942922982693,0.0414891289993875,0.05535163139681088,3.4871527779990856,482569.3279844036,14696,,0.002983650000032867,4.416158729702782e-05,0.0027821799997127528,4.8618412697867336e-05,0.003062959999965642,0.05346369850793861,3.3682130060001327,0.14350421599999663,0.0,0.0,0.14350421599999663,0.0,0.001753825063495978,0.11049097900024663,,0.00022260100001858518,1.522654985000031,0.14738184600003024,1.5321649590000561,5.523839297999984,0.0,7.0464942830000155,7.046716884000034,1e-07,,v6_btab
35721,expanded_box,topk,16384,,16384,0,"[72, 72]","[145, 145]",21025,topk,16384,,16384,80000,21025,cheap,30,0.01,,cupy,1.8401709672674017e-14,2.1088871118891096e-15,960,418,418,,418,192,21025,14696,64591872,89456.59198378712,894565.9198378711,0.001,boxeig,20000,group_c,50,diag,0.001,50,auto,boxeig,409,410,9.876078769482228e-08,0,,2,synthetic_true_func_2d_n300000000,False,NVIDIA A100-SXM4-40GB,cheap,192,0,192,192,0,0,2,35721,1.8401709672674017e-14,2.1088871118891096e-15,1e-05,,,boxeig,299999999.9996127,True,nan,0,0,,nan,0,0,0,0,False,409.0,matern,0.1,1.5,1.0,1336336,20000,btab_boxeig_topk_16384_q192,189,410,409,1000,300000000,cufinufft,binned_c1,50,409,9.876078769482228e-08,pcg,converged,409,True,0.1,0,102.54141764040138,0.00012185755488988036,0.01999998759956171,0,0.1,boxeig,ok,0.0006491132878029309,0.26613644799920166,0.00043890833740885054,0.17951351000021987,482569.3279844036,14696,894565.9198378711,0.0029837299999826428,4.6661092910142226e-05,0.01908438700024817,4.101888263980392e-05,0.016776722999679805,0.00025053057701707453,0.10246700599998348,0.42561894499999653,0.0,0.0,0.0010002980000081152,0.0,5.792541320152118e-05,0.023691493999422164,0.4246186469999884,0.0752767590000758,1.5226382879999392,0.42920791199992436,1.5278043539999544,1.1319389120000096,0.0,2.654577199999949,2.7298539590000246,1e-07,,v7_btab_boxeig
35721,expanded_box,topk,16384,,16384,0,"[72, 72]","[145, 145]",21025,topk,16384,,16384,80000,21025,cheap,30,0.01,,cupy,3.1192797666019314e-14,3.9495286419194796e-15,1280,546,546,,546,256,21025,14696,86122496,45062.599058963366,450625.99058963364,0.001,boxeig,20000,group_c,50,diag,0.001,50,auto,boxeig,291,292,9.409788742408182e-08,0,,2,synthetic_true_func_2d_n300000000,False,NVIDIA A100-SXM4-40GB,cheap,256,0,256,256,0,0,2,35721,3.1192797666019314e-14,3.9495286419194796e-15,1e-05,,,boxeig,299999999.9996127,True,nan,0,0,,nan,0,0,0,0,False,291.0,matern,0.1,1.5,1.0,1336336,20000,btab_boxeig_topk_16384_q256,189,292,291,1000,300000000,cufinufft,binned_c1,50,291,9.409788742408182e-08,pcg,converged,291,True,0.1,0,102.54141764040138,0.00012175878605152828,0.01999998781759396,0,0.1,boxeig,ok,0.0006561318390387354,0.19159049699931074,0.0004448368487967002,0.12944752299983975,482569.3279844036,14696,450625.99058963364,0.0030458339999768214,4.514003093198571e-05,0.013135749001207842,4.056157044833276e-05,0.011803417000464833,0.00025704259106342197,0.07479939399945579,0.48784940100006224,0.0,0.0,0.0010057739999638216,0.0,5.885579381259477e-05,0.01712703599946508,0.4868436270000984,0.10084047599991663,1.5220103320000362,0.4916066780000392,1.5293630240000766,0.9961503649999486,0.0,2.518160696999985,2.6190011729999014,1e-07,,v7_btab_boxeig
35721,expanded_box,topk,16384,,16384,0,"[72, 72]","[145, 145]",21025,topk,16384,,16384,80000,21025,cheap,30,0.01,,cupy,1.8332936326566557e-13,6.5232768633151204e-15,1600,674,674,,674,320,21025,14696,107653120,26922.061242913678,269220.61242913676,0.001,boxeig,20000,group_c,50,diag,0.001,50,auto,boxeig,220,221,9.764300542202398e-08,0,,2,synthetic_true_func_2d_n300000000,False,NVIDIA A100-SXM4-40GB,cheap,320,0,320,320,0,0,2,35721,1.8332936326566557e-13,6.5232768633151204e-15,1e-05,,,boxeig,299999999.9996127,True,nan,0,0,,nan,0,0,0,0,False,220.0,matern,0.1,1.5,1.0,1336336,20000,btab_boxeig_topk_16384_q320,189,221,220,1000,300000000,cufinufft,binned_c1,50,220,9.764300542202398e-08,pcg,converged,220,True,0.1,0,102.54141764040138,0.00012228927895912675,0.01999998880749317,0,0.1,boxeig,ok,0.000664315687783952,0.1468137670002534,0.00046795572271879463,0.10295025899813481,482569.3279844036,14696,269220.61242913676,0.003216839000060645,4.532150454265734e-05,0.009970730999384614,4.0780195449356555e-05,0.008971642998858442,0.0002802503454580057,0.061655076000761255,1.8717861349999794,0.0,0.0,0.001057398999932957,0.0,5.858984999297883e-05,0.012889766998455343,1.8707287360000464,0.12351642399994489,1.5235784230000036,1.8758057730000246,1.524259896999979,2.2676410170000736,0.0,3.791219440000077,3.914735864000022,1e-07,,v7_btab_boxeig
35721,expanded_box,topk,20480,,20480,0,"[80, 80]","[161, 161]",25921,topk,20480,,20480,80000,25921,cheap,30,0.01,,cupy,7.226735272454203e-14,2.512258975964412e-15,960,418,418,,418,192,25921,9800,79632384,89456.6280743095,894566.280743095,0.001,boxeig,20000,group_c,50,diag,0.001,50,auto,boxeig,510,511,9.16440618871371e-08,0,,2,synthetic_true_func_2d_n300000000,False,NVIDIA A100-SXM4-40GB,cheap,192,0,192,192,0,0,2,35721,7.226735272454203e-14,2.512258975964412e-15,1e-05,,,boxeig,299999999.9996127,True,nan,0,0,,nan,0,0,0,0,False,510.0,matern,0.1,1.5,1.0,1648656,20000,btab_boxeig_topk_20480_q192,189,511,510,1000,300000000,cufinufft,binned_c1,50,510,9.16440618871371e-08,pcg,converged,510,True,0.1,0,61.117451836374016,0.0001225315310739714,0.019999995386946485,0,0.1,boxeig,ok,0.0006424310802324489,0.3282822819987814,0.0004444767450979948,0.22668313999997736,245733.59308476458,9800,894566.280743095,0.0033260190000419243,4.5680058823180325e-05,0.023296829999821966,3.993090000159439e-05,0.020364759000813137,0.00026012752156604765,0.1326650359986843,0.4273294109999597,0.0,0.0,0.0031411310000066806,0.0,5.669110391796922e-05,0.0289124629981643,0.424188279999953,0.07994853799993962,1.5223247999999785,0.43131672000004073,1.5314449360000708,1.3038918739999872,0.0,2.8262166739999657,2.9061652119999053,1e-07,,v7_btab_boxeig
35721,expanded_box,topk,20480,,20480,0,"[80, 80]","[161, 161]",25921,topk,20480,,20480,80000,25921,cheap,30,0.01,,cupy,3.329865638683089e-14,3.658644371078044e-15,1280,546,546,,546,256,25921,9800,106176512,45062.63596412847,450626.3596412847,0.001,boxeig,20000,group_c,50,diag,0.001,50,auto,boxeig,357,358,8.61732930212573e-08,0,,2,synthetic_true_func_2d_n300000000,False,NVIDIA A100-SXM4-40GB,cheap,256,0,256,256,0,0,2,35721,3.329865638683089e-14,3.658644371078044e-15,1e-05,,,boxeig,299999999.9996127,True,nan,0,0,,nan,0,0,0,0,False,357.0,matern,0.1,1.5,1.0,1648656,20000,btab_boxeig_topk_20480_q256,189,358,357,1000,300000000,cufinufft,binned_c1,50,357,8.61732930212573e-08,pcg,converged,357,True,0.1,0,61.117451836374016,0.00012226799019686028,0.019999994028776752,0,0.1,boxeig,ok,0.0006510955893851367,0.23309222099987892,0.000464579787111082,0.16585498399865628,245733.59308476458,9800,450626.3596412847,0.0033658449999620643,4.508315126300857e-05,0.01609468500089406,3.972908683301605e-05,0.014183283999386731,0.00028030610924068125,0.1000692809989232,0.49646278699992763,0.0,0.0,0.001036828999986028,0.0,5.726322409399847e-05,0.020442971001557453,0.4954259579999416,0.1047436150000749,1.5226531109999542,0.5005919339999991,1.532205251999926,1.1251227100000278,0.0,2.647775820999982,2.752519436000057,1e-07,,v7_btab_boxeig
35721,expanded_box,topk,20480,,20480,0,"[80, 80]","[161, 161]",25921,topk,20480,,20480,80000,25921,cheap,30,0.01,,cupy,9.919285265601796e-14,6.7025580377645324e-15,1600,674,674,,674,320,25921,9800,132720640,26922.10069590423,269221.0069590423,0.001,boxeig,20000,group_c,50,diag,0.001,50,auto,boxeig,227,228,9.986989748316491e-08,0,,2,synthetic_true_func_2d_n300000000,False,NVIDIA A100-SXM4-40GB,cheap,320,0,320,320,0,0,2,35721,9.919285265601796e-14,6.7025580377645324e-15,1e-05,,,boxeig,299999999.9996127,True,nan,0,0,,nan,0,0,0,0,False,227.0,matern,0.1,1.5,1.0,1648656,20000,btab_boxeig_topk_20480_q320,189,228,227,1000,300000000,cufinufft,binned_c1,50,227,9.986989748316491e-08,pcg,converged,227,True,0.1,0,61.117451836374016,0.00012237103843028597,0.019999991141035834,0,0.1,boxeig,ok,0.000658670416669338,0.15017685500060907,0.000497011823785964,0.11282168399941384,245733.59308476458,9800,269221.0069590423,0.0033413730000120268,4.6309731275933234e-05,0.010512308999636844,4.024561233279405e-05,0.00913575399954425,0.0003098650969162205,0.07033937699998205,0.6132387839999183,0.0,0.0,0.001009700999929919,0.0,5.774301321493401e-05,0.01310766399979002,0.6122290829999883,0.13085374799993588,1.5223415919999752,0.6174507450000419,1.530884189999938,1.0264255560000493,0.0,2.5487671480000245,2.6796208959999603,1e-07,,v7_btab_boxeig
35721,expanded_box,topk,32768,,32768,0,"[94, 94]","[189, 189]",35721,topk,32768,,32768,80000,35721,cheap,30,0.01,,cupy,4.425210494332051e-14,2.712334437978975e-15,960,418,418,,418,192,35721,0,109737984,89456.65521530209,894566.5521530209,0.001,boxeig,20000,group_c,50,diag,0.001,50,auto,boxeig,253,254,9.266202935129486e-08,0,,2,synthetic_true_func_2d_n300000000,False,NVIDIA A100-SXM4-40GB,cheap,192,0,192,192,0,0,2,35721,4.425210494332051e-14,2.712334437978975e-15,1e-05,,,boxeig,299999999.9996127,True,nan,0,0,,nan,0,0,0,0,False,253.0,matern,0.1,1.5,1.0,2274064,20000,btab_boxeig_topk_32768_q192,189,254,253,1000,300000000,cufinufft,binned_c1,50,253,9.266202935129486e-08,pcg,converged,253,True,0.1,0,0.0,0.00012348078170363246,0.020000011044299083,0,0.1,boxeig,ok,0.000657391393701353,0.16697741400014365,0.00044555316996005564,0.11272495199989407,0.0,0,894566.5521530209,0.004426257999966765,1.8416778654391095e-05,0.004659444999560947,3.434690119151336e-05,0.008689766001452881,0.0002904479248984255,0.07348332499930166,0.6118804110000156,0.0,0.0,0.0009117399999922782,0.0,5.938405929069998e-05,0.015024167000547095,0.6109686710000233,0.07928205799998977,1.5223772800000006,0.6170955310000181,1.5293826380000155,1.0576447459999372,0.0,2.580022025999938,2.6593040839999276,1e-07,,v7_btab_boxeig
35721,expanded_box,topk,32768,,32768,0,"[94, 94]","[189, 189]",35721,topk,32768,,32768,80000,35721,cheap,30,0.01,,cupy,3.7545041212655757e-14,4.196174891240463e-15,1280,546,546,,546,256,35721,0,146317312,45062.66074797461,450626.60747974605,0.001,boxeig,20000,group_c,50,diag,0.001,50,auto,boxeig,176,177,9.627038789340229e-08,0,,2,synthetic_true_func_2d_n300000000,False,NVIDIA A100-SXM4-40GB,cheap,256,0,256,256,0,0,2,35721,3.7545041212655757e-14,4.196174891240463e-15,1e-05,,,boxeig,299999999.9996127,True,nan,0,0,,nan,0,0,0,0,False,176.0,matern,0.1,1.5,1.0,2274064,20000,btab_boxeig_topk_32768_q256,189,177,176,1000,300000000,cufinufft,binned_c1,50,176,9.627038789340229e-08,pcg,converged,176,True,0.1,0,0.0,0.000123402323833548,0.02000001125779797,0,0.1,boxeig,ok,0.0006686445536695437,0.11835008599950925,0.0004985704715843233,0.0877484029988409,0.0,0,450626.60747974605,0.004441229999997631,1.7853619318295635e-05,0.0031422370000200317,3.2215232955934425e-05,0.005669881000244459,0.0003488065056771461,0.061389944999177715,0.5579920959999072,0.0,0.0,0.0009034049999172566,0.0,5.742882954380816e-05,0.010107473999710237,0.5570886909999899,0.10597320899989882,1.5220267720000038,0.5633412160000262,1.5325180669999554,0.8847192409999707,0.0,2.4067460129999745,2.5127192219998733,1e-07,,v7_btab_boxeig
35721,expanded_box,topk,32768,,32768,0,"[94, 94]","[189, 189]",35721,topk,32768,,32768,80000,35721,cheap,30,0.01,,cupy,1.222137244917922e-13,7.46458708897763e-15,1600,674,674,,674,320,35721,0,182896640,26922.127470872503,269221.274708725,0.001,boxeig,20000,group_c,50,diag,0.001,50,auto,boxeig,144,145,9.121132358393685e-08,0,,2,synthetic_true_func_2d_n300000000,False,NVIDIA A100-SXM4-40GB,cheap,320,0,320,320,0,0,2,35721,1.222137244917922e-13,7.46458708897763e-15,1e-05,,,boxeig,299999999.9996127,True,nan,0,0,,nan,0,0,0,0,False,144.0,matern,0.1,1.5,1.0,2274064,20000,btab_boxeig_topk_32768_q320,189,145,144,1000,300000000,cufinufft,binned_c1,50,144,9.121132358393685e-08,pcg,converged,144,True,0.1,0,0.0,0.00012336523822355412,0.020000011004213336,0,0.1,boxeig,ok,0.0006774867793120425,0.09823558300024615,0.0005511056944453369,0.07935922000012852,0.0,0,269221.274708725,0.004568753999933506,1.7796680553140555e-05,0.00256272199965224,3.2390680551941387e-05,0.00466425799947956,0.0003993539791701374,0.057506973000499784,0.6149497919999476,0.0,0.0,0.0009282940000048256,0.0,5.837271527929665e-05,0.008405671000218717,0.6140214979999428,0.1299345989999665,1.5225877090000495,0.620583197999963,1.5312575880000168,0.8936102639999035,0.0,2.416197972999953,2.5461325719999195,1e-07,,v7_btab_boxeig
35721,expanded_box,topk,35721,,36864,0,"[94, 94]","[189, 189]",35721,topk,35721,,36864,80000,35721,cheap,30,0.01,,cupy,4.868613641979576e-14,2.5623016333524935e-15,960,418,418,,418,192,35721,0,109737984,89456.65521530207,894566.5521530207,0.001,boxeig,20000,group_c,50,diag,0.001,50,auto,boxeig,253,254,9.075996501011301e-08,0,,2,synthetic_true_func_2d_n300000000,False,NVIDIA A100-SXM4-40GB,cheap,192,0,192,192,0,0,2,35721,4.868613641979576e-14,2.5623016333524935e-15,1e-05,,,boxeig,299999999.9996127,True,nan,0,0,,nan,0,0,0,0,False,253.0,matern,0.1,1.5,1.0,2274064,20000,btab_boxeig_topk_36864_q192,189,254,253,1000,300000000,cufinufft,binned_c1,50,253,9.075996501011301e-08,pcg,converged,253,True,0.1,0,0.0,0.0001234857228313444,0.020000011045896028,0,0.1,boxeig,ok,0.000654854960628665,0.1663331599996809,0.00043863497232806645,0.11097464799900081,0.0,0,894566.5521530207,0.00446764000002986,1.7761833993897195e-05,0.00449374400045599,3.09741976302881e-05,0.00783647200046289,0.00029201418182114673,0.07387958800075012,0.3495022039999185,0.0,0.0,0.0008808659999886004,0.0,5.6548221345750385e-05,0.014306700000474848,0.3486213379999299,0.07850245300005554,1.521686523000085,0.35473661399998946,1.528641251999943,0.7936677540000119,0.0,2.3153542770000968,2.3938567300001523,1e-07,,v7_btab_boxeig
35721,expanded_box,topk,35721,,36864,0,"[94, 94]","[189, 189]",35721,topk,35721,,36864,80000,35721,cheap,30,0.01,,cupy,4.0486178457507007e-14,4.895505669106719e-15,1280,546,546,,546,256,35721,0,146317312,45062.660747974594,450626.60747974593,0.001,boxeig,20000,group_c,50,diag,0.001,50,auto,boxeig,176,177,9.701722360613458e-08,0,,2,synthetic_true_func_2d_n300000000,False,NVIDIA A100-SXM4-40GB,cheap,256,0,256,256,0,0,2,35721,4.0486178457507007e-14,4.895505669106719e-15,1e-05,,,boxeig,299999999.9996127,True,nan,0,0,,nan,0,0,0,0,False,176.0,matern,0.1,1.5,1.0,2274064,20000,btab_boxeig_topk_36864_q256,189,177,176,1000,300000000,cufinufft,binned_c1,50,176,9.701722360613458e-08,pcg,converged,176,True,0.1,0,0.0,0.00012340245795870562,0.02000001125693376,0,0.1,boxeig,ok,0.000676623389825176,0.11976233999905617,0.0005013943977251694,0.08824541399962982,0.0,0,450626.60747974593,0.004529056000023957,1.797943750083484e-05,0.003164381000146932,3.272090340996928e-05,0.005758879000154593,0.00034915031817981594,0.0614504559996476,0.9418231180000021,0.0,0.0,0.0009031910000203425,0.0,5.843694885628152e-05,0.010284902998705547,0.9409199269999817,0.10531252099997346,1.5218255820000195,0.9472835419999228,1.530641744000036,1.2711867559999064,0.0,2.793012337999926,2.8983248589998993,1e-07,,v7_btab_boxeig
35721,expanded_box,topk,35721,,36864,0,"[94, 94]","[189, 189]",35721,topk,35721,,36864,80000,35721,cheap,30,0.01,,cupy,1.0389076628274938e-13,7.007639121946676e-15,1600,674,674,,674,320,35721,0,182896640,26922.12747087239,269221.2747087239,0.001,boxeig,20000,group_c,50,diag,0.001,50,auto,boxeig,142,143,9.754985356562422e-08,0,,2,synthetic_true_func_2d_n300000000,False,NVIDIA A100-SXM4-40GB,cheap,320,0,320,320,0,0,2,35721,1.0389076628274938e-13,7.007639121946676e-15,1e-05,,,boxeig,299999999.9996127,True,nan,0,0,,nan,0,0,0,0,False,142.0,matern,0.1,1.5,1.0,2274064,20000,btab_boxeig_topk_36864_q320,189,143,142,1000,300000000,cufinufft,binned_c1,50,142,9.754985356562422e-08,pcg,converged,142,True,0.1,0,0.0,0.0001232668909844961,0.020000010943645674,0,0.1,boxeig,ok,0.000675793832162806,0.09663851799928125,0.0005487965352059086,0.07792910799923902,0.0,0,269221.2747087239,0.004487244000074497,1.7921838027120083e-05,0.002544900999851052,3.1789070423566416e-05,0.004514048000146431,0.0003985224788735509,0.056590192000044226,0.591178555999818,0.0,0.0,0.0008982459999060666,0.0,5.786448592199493e-05,0.00821675700092328,0.5902803099999119,0.131282887999987,1.521735532999969,0.5967296390000456,1.5295966720000251,0.8650952400000733,0.0,2.3868307730000424,2.5181136610000294,1e-07,,v7_btab_boxeig
1225,expanded_box,topk,1225,,2048,0,"[17, 17]","[35, 35]",1225,topk,1225,,2048,80000,1225,cheap,30,0.01,,,,,,,,,,,,,,,,,inverse,20000,group_c,50,diag,0.001,50,auto,auto,3,4,1.1963732979433113e-08,0,,2,synthetic_true_func_2d_n100000000,False,NVIDIA A100-SXM4-40GB,cheap,0,0,0,0,0,0,2,1225,,,1e-05,,,inverse,99999999.99978417,True,nan,0,50,diag,0.001,0,0,0,24010000,False,3.0,SE,0.1,1.5,1.0,0,20000,btab_auto_topk_2048,35,4,3,1000,100000000,cufinufft,binned_c1,50,3,1.1963732979433113e-08,pcg,converged,3,True,0.1,0,0.0,0.00036313076039461774,0.020003022286077397,0,0.1,exact,ok,0.0006801682500281458,0.0027206730001125834,0.00024334766662074495,0.0007300429998622349,0.0,0,,0.0006133240000281148,1.6878666656339192e-05,5.0635999969017575e-05,3.368000000136817e-05,0.00010104000000410451,9.533066664365226e-05,0.0002859919999309568,0.04068862799999806,0.034479167999961646,0.0030330140000387473,0.0,0.0027293609999787805,5.6645333340081074e-05,0.00016993600002024323,,4.1152999983751215e-05,0.507312895000041,0.042098390999967705,0.5078844530000879,0.0478898809999464,0.0004470850000188875,0.5552027759999874,0.5552439289999711,1e-07,,v6_btab
1225,expanded_box,topk,1225,,4096,0,"[17, 17]","[35, 35]",1225,topk,1225,,4096,80000,1225,cheap,30,0.01,,,,,,,,,,,,,,,,,inverse,20000,group_c,50,diag,0.001,50,auto,auto,3,4,1.19637341434097e-08,0,,2,synthetic_true_func_2d_n100000000,False,NVIDIA A100-SXM4-40GB,cheap,0,0,0,0,0,0,2,1225,,,1e-05,,,inverse,99999999.99978417,True,nan,0,50,diag,0.001,0,0,0,24010000,False,3.0,SE,0.1,1.5,1.0,0,20000,btab_auto_topk_4096,35,4,3,1000,100000000,cufinufft,binned_c1,50,3,1.19637341434097e-08,pcg,converged,3,True,0.1,0,0.0,0.0003631307604062231,0.020003022286077893,0,0.1,exact,ok,0.0007168090000106986,0.0028672360000427943,0.00024190933334011788,0.0007257280000203536,0.0,0,,0.0005595710000534382,1.704699999057387e-05,5.114099997172161e-05,3.504666665321565e-05,0.00010513999995964696,9.054800000285468e-05,0.00027164400000856403,0.040750765000098,0.03452698099999907,0.0031075180000925684,0.0,0.0026746749999801978,5.775266671056064e-05,0.0001732580001316819,,4.171600005520304e-05,0.5071622870000283,0.042121597999994265,0.5087669260000212,0.04814634100000603,0.0004415910000261647,0.5553086280000343,0.5553503440000895,1e-07,,v6_btab
1225,expanded_box,topk,1225,,8192,0,"[17, 17]","[35, 35]",1225,topk,1225,,8192,80000,1225,cheap,30,0.01,,,,,,,,,,,,,,,,,inverse,20000,group_c,50,diag,0.001,50,auto,auto,3,4,1.196373407659669e-08,0,,2,synthetic_true_func_2d_n100000000,False,NVIDIA A100-SXM4-40GB,cheap,0,0,0,0,0,0,2,1225,,,1e-05,,,inverse,99999999.99978417,True,nan,0,50,diag,0.001,0,0,0,24010000,False,3.0,SE,0.1,1.5,1.0,0,20000,btab_auto_topk_8192,35,4,3,1000,100000000,cufinufft,binned_c1,50,3,1.196373407659669e-08,pcg,converged,3,True,0.1,0,0.0,0.00036313076038251756,0.020003022286077497,0,0.1,exact,ok,0.0006674189999955615,0.002669675999982246,0.00023892966669336602,0.000716789000080098,0.0,0,,0.0005761069999152824,1.6575666677454137e-05,4.972700003236241e-05,3.329699995902047e-05,9.98909998770614e-05,9.50180000245382e-05,0.0002850540000736146,0.03978523000000678,0.03366085599998314,0.0030261370000062016,0.0,0.0026687350000429433,5.330033335818977e-05,0.0001599010000745693,,3.321300005154626e-05,0.5072255420000147,0.04111026300006415,0.5038912559999744,0.04684441099993819,0.0004295019999744909,0.5540699529999529,0.5541031660000044,1e-07,,v6_btab
1225,expanded_box,topk,1225,,16384,0,"[17, 17]","[35, 35]",1225,topk,1225,,16384,80000,1225,cheap,30,0.01,,,,,,,,,,,,,,,,,inverse,20000,group_c,50,diag,0.001,50,auto,auto,3,4,1.1963735225305068e-08,0,,2,synthetic_true_func_2d_n100000000,False,NVIDIA A100-SXM4-40GB,cheap,0,0,0,0,0,0,2,1225,,,1e-05,,,inverse,99999999.99978417,True,nan,0,50,diag,0.001,0,0,0,24010000,False,3.0,SE,0.1,1.5,1.0,0,20000,btab_auto_topk_16384,35,4,3,1000,100000000,cufinufft,binned_c1,50,3,1.1963735225305068e-08,pcg,converged,3,True,0.1,0,0.0,0.00036313076038686537,0.020003022286077622,0,0.1,exact,ok,0.0006777572500027418,0.002711029000010967,0.00024161566667165366,0.0007248470000149609,0.0,0,,0.0005332160000079966,1.6515333337944565e-05,4.954600001383369e-05,3.321466670058726e-05,9.964400010176178e-05,9.076066665632727e-05,0.00027228199996898184,0.03999500099996567,0.03388069000004634,0.003017349999936414,0.0,0.0026730210000778243,5.633266668307139e-05,0.00016899800004921417,,3.323900000395952e-05,0.5071818090000306,0.04131761600001482,0.5072045670000307,0.04709695299993655,0.00042393999990508746,0.5542787619999672,0.5543120009999711,1e-07,,v6_btab
1225,expanded_box,topk,1225,,16384,0,"[17, 17]","[35, 35]",1225,topk,1225,,16384,80000,1225,cheap,30,0.01,,cupy,5.391425714593934e-12,1.4204313747416414e-14,960,418,418,,418,192,1225,0,3766272,401.30889879153415,4013.0889879153415,0.001,boxeig,20000,group_c,50,diag,0.001,50,auto,boxeig,30,31,9.554537064528577e-08,0,,2,synthetic_true_func_2d_n100000000,False,NVIDIA A100-SXM4-40GB,cheap,192,0,192,192,0,0,2,1225,5.391425714593934e-12,1.4204313747416414e-14,1e-05,,,boxeig,99999999.99978419,True,nan,0,0,,nan,0,0,0,0,False,30.0,SE,0.1,1.5,1.0,76176,20000,btab_boxeig_topk_16384_q192,35,31,30,1000,100000000,cufinufft,binned_c1,50,30,9.554537064528577e-08,pcg,converged,30,True,0.1,0,0.0,0.00035477306251192447,0.020002898580074584,0,0.1,boxeig,ok,0.0007461501290487333,0.02313065400051073,0.0004316704999951071,0.012950114999853213,0.0,0,4013.0889879153415,0.0005353760000161856,1.9555266654454802e-05,0.0005866579996336441,3.288836665736501e-05,0.0009866509997209505,0.0002673949333370729,0.008021848000112186,0.34757318499998746,0.0,0.0,0.0008932590000085838,0.0,6.418769999451494e-05,0.0019256309998354482,0.3466799259999789,0.07521926700007953,0.5072578609999709,0.3485427239999126,0.5081853880000153,0.40678831799993986,0.0,0.9140461789999108,0.9892654459999903,1e-07,,v7_btab_boxeig
1225,expanded_box,topk,1225,,16384,0,"[17, 17]","[35, 35]",1225,topk,1225,,16384,80000,1225,cheap,30,0.01,,cupy,1.5260653135511846e-11,5.377615125720326e-14,1280,546,546,,546,256,1225,0,5021696,20.606646606923285,206.06646606923283,0.001,boxeig,20000,group_c,50,diag,0.001,50,auto,boxeig,6,7,9.39247125453347e-08,0,,2,synthetic_true_func_2d_n100000000,False,NVIDIA A100-SXM4-40GB,cheap,256,0,256,256,0,0,2,1225,1.5260653135511846e-11,5.377615125720326e-14,1e-05,,,boxeig,99999999.99978417,True,nan,0,0,,nan,0,0,0,0,False,6.0,SE,0.1,1.5,1.0,76176,20000,btab_boxeig_topk_16384_q256,35,7,6,1000,100000000,cufinufft,binned_c1,50,6,9.39247125453347e-08,pcg,converged,6,True,0.1,0,0.0,0.0003512158568680616,0.020002739910847847,0,0.1,boxeig,ok,0.000774821571440043,0.005423751000080301,0.0004350928333186251,0.0026105569999117506,0.0,0,206.06646606923283,0.0005511260000048424,1.9645500003662164e-05,0.00011787300002197298,3.2624833371149485e-05,0.0001957490002268969,0.00027081216666147157,0.0016248729999688294,0.45410921299992424,0.0,0.0,0.0008642669999971986,0.0,6.219849999903697e-05,0.0003731909999942218,0.45324494599992704,0.10341031100006148,0.5072107229999574,0.4550793009999552,0.5049754259999872,0.46802273699995567,0.0,0.9752334599999131,1.0786437709999745,1e-07,,v7_btab_boxeig
1225,expanded_box,topk,1225,,16384,0,"[17, 17]","[35, 35]",1225,topk,1225,,16384,80000,1225,cheap,30,0.01,,cupy,1.164255232603766e-09,2.783116082746681e-13,1600,674,674,,674,320,1225,0,6277120,1.436397272146771,14.363972721467709,0.001,boxeig,20000,group_c,50,diag,0.001,50,auto,boxeig,1,2,6.860003517822301e-08,0,,2,synthetic_true_func_2d_n100000000,False,NVIDIA A100-SXM4-40GB,cheap,320,0,320,320,0,0,2,1225,1.164255232603766e-09,2.783116082746681e-13,1e-05,,,boxeig,99999999.99978417,True,nan,0,0,,nan,0,0,0,0,False,1.0,SE,0.1,1.5,1.0,76176,20000,btab_boxeig_topk_16384_q320,35,2,1,1000,100000000,cufinufft,binned_c1,50,1,6.860003517822301e-08,pcg,converged,1,True,0.1,0,0.0,0.0003321851584749765,0.020002213689720934,0,0.1,boxeig,ok,0.0008689864999951169,0.0017379729999902338,0.0004674179999710759,0.0004674179999710759,0.0,0,14.363972721467709,0.0005386789999874964,1.897899994673935e-05,1.897899994673935e-05,3.283600005943299e-05,3.283600005943299e-05,0.00030511400007071643,0.00030511400007071643,0.5674280919998864,0.0,0.0,0.0008687239999289886,0.0,6.0824999991382356e-05,6.0824999991382356e-05,0.5665593679999574,0.12570163100008358,0.5072339769999417,0.5684021679999205,0.5048385279999366,0.5718843850000894,0.0,1.079118362000031,1.2048199930001147,1e-07,,v7_btab_boxeig
1225,expanded_box,topk,1225,,20480,0,"[17, 17]","[35, 35]",1225,topk,1225,,20480,80000,1225,cheap,30,0.01,,cupy,3.782681083744463e-12,1.1690207670124407e-14,960,418,418,,418,192,1225,0,3766272,401.30889879153136,4013.0889879153133,0.001,boxeig,20000,group_c,50,diag,0.001,50,auto,boxeig,30,31,9.55555093840892e-08,0,,2,synthetic_true_func_2d_n100000000,False,NVIDIA A100-SXM4-40GB,cheap,192,0,192,192,0,0,2,1225,3.782681083744463e-12,1.1690207670124407e-14,1e-05,,,boxeig,99999999.99978417,True,nan,0,0,,nan,0,0,0,0,False,30.0,SE,0.1,1.5,1.0,76176,20000,btab_boxeig_topk_20480_q192,35,31,30,1000,100000000,cufinufft,binned_c1,50,30,9.55555093840892e-08,pcg,converged,30,True,0.1,0,0.0,0.0003547730862992523,0.02000289858061803,0,0.1,boxeig,ok,0.000745197612896816,0.023101125999801297,0.0004320247999961187,0.012960743999883562,0.0,0,4013.0889879153133,0.0005626159999110314,2.0017599994541038e-05,0.0006005279998362312,3.319486666365871e-05,0.0009958459999097613,0.0002672899333371485,0.008018698000114455,0.345914013999959,0.0,0.0,0.0008385500000258617,0.0,6.397343333143605e-05,0.0019192029999430815,0.34507546399993316,0.07608858500009319,0.5070217290000301,0.34689955400006056,0.5056775119999202,0.40504906800003937,0.0,0.9120707970000694,0.9881593820001626,1e-07,,v7_btab_boxeig
1225,expanded_box,topk,1225,,20480,0,"[17, 17]","[35, 35]",1225,topk,1225,,20480,80000,1225,cheap,30,0.01,,cupy,2.1033666042214998e-11,6.262431263303909e-14,1280,546,546,,546,256,1225,0,5021696,20.606646606935822,206.0664660693582,0.001,boxeig,20000,group_c,50,diag,0.001,50,auto,boxeig,6,7,9.391427418060053e-08,0,,2,synthetic_true_func_2d_n100000000,False,NVIDIA A100-SXM4-40GB,cheap,256,0,256,256,0,0,2,1225,2.1033666042214998e-11,6.262431263303909e-14,1e-05,,,boxeig,99999999.99978417,True,nan,0,0,,nan,0,0,0,0,False,6.0,SE,0.1,1.5,1.0,76176,20000,btab_boxeig_topk_20480_q256,35,7,6,1000,100000000,cufinufft,binned_c1,50,6,9.391427418060053e-08,pcg,converged,6,True,0.1,0,0.0,0.000351215613316636,0.020002739904781044,0,0.1,boxeig,ok,0.0007810297142733751,0.005467207999913626,0.00044611849998924907,0.0026767109999354943,0.0,0,206.0664660693582,0.0005278969999835681,1.9464833314941643e-05,0.00011678899988964986,3.308583330863257e-05,0.00019851499985179544,0.0002756846666519171,0.0016541079999115027,0.4533828400000175,0.0,0.0,0.0008683710000241263,0.0,6.4919999980854e-05,0.000389519999885124,0.45251446899999337,0.1002684089999093,0.5068409220000376,0.45432630200002677,0.5045209630000045,0.4673080809999419,0.0,0.9741490029999795,1.0744174119998888,1e-07,,v7_btab_boxeig
1225,expanded_box,topk,1225,,20480,0,"[17, 17]","[35, 35]",1225,topk,1225,,20480,80000,1225,cheap,30,0.01,,cupy,2.78795960312252e-10,2.0052556685973117e-13,1600,674,674,,674,320,1225,0,6277120,1.436397272147321,14.36397272147321,0.001,boxeig,20000,group_c,50,diag,0.001,50,auto,boxeig,1,2,6.846070668952558e-08,0,,2,synthetic_true_func_2d_n100000000,False,NVIDIA A100-SXM4-40GB,cheap,320,0,320,320,0,0,2,1225,2.78795960312252e-10,2.0052556685973117e-13,1e-05,,,boxeig,99999999.99978417,True,nan,0,0,,nan,0,0,0,0,False,1.0,SE,0.1,1.5,1.0,76176,20000,btab_boxeig_topk_20480_q320,35,2,1,1000,100000000,cufinufft,binned_c1,50,1,6.846070668952558e-08,pcg,converged,1,True,0.1,0,0.0,0.00033218531538714894,0.020002213692362682,0,0.1,boxeig,ok,0.0008776855000292016,0.0017553710000584033,0.0004728309999109115,0.0004728309999109115,0.0,0,14.36397272147321,0.0005176070000061372,1.9632000089586654e-05,1.9632000089586654e-05,3.257899993514002e-05,3.257899993514002e-05,0.00030961799996021,0.00030961799996021,1.747779186999992,0.0,0.0,0.0008415539999759858,0.0,6.070500000987522e-05,6.070500000987522e-05,1.746937633000016,0.1265913959999807,0.5068986390000418,1.7487328020000632,0.5249189539999861,1.752270545999977,0.0,2.259169185000019,2.3857605809999995,1e-07,,v7_btab_boxeig
1225,expanded_box,topk,1225,,32768,0,"[17, 17]","[35, 35]",1225,topk,1225,,32768,80000,1225,cheap,30,0.01,,cupy,3.691855602978356e-12,1.6440846004242743e-14,960,418,418,,418,192,1225,0,3766272,401.3088987915306,4013.088987915306,0.001,boxeig,20000,group_c,50,diag,0.001,50,auto,boxeig,30,31,9.554362927730345e-08,0,,2,synthetic_true_func_2d_n100000000,False,NVIDIA A100-SXM4-40GB,cheap,192,0,192,192,0,0,2,1225,3.691855602978356e-12,1.6440846004242743e-14,1e-05,,,boxeig,99999999.99978417,True,nan,0,0,,nan,0,0,0,0,False,30.0,SE,0.1,1.5,1.0,76176,20000,btab_boxeig_topk_32768_q192,35,31,30,1000,100000000,cufinufft,binned_c1,50,30,9.554362927730345e-08,pcg,converged,30,True,0.1,0,0.0,0.00035477304928421317,0.020002898579790564,0,0.1,boxeig,ok,0.0007451644193584036,0.02310009700011051,0.0004304857000041314,0.012914571000123942,0.0,0,4013.088987915306,0.0005358869999554372,1.9714333325282497e-05,0.0005914299997584749,3.38370333452076e-05,0.001015111000356228,0.00026612376666813967,0.00798371300004419,0.34725822500013237,0.0,0.0,0.0008568680000280438,0.0,6.388930000487866e-05,0.0019166790001463596,0.3464013570001043,0.07578803600006268,0.5074249509999618,0.3482108489999973,0.5056733589999567,0.4064473390000103,0.0,0.913872289999972,0.9896603260000347,1e-07,,v7_btab_boxeig
1225,expanded_box,topk,1225,,32768,0,"[17, 17]","[35, 35]",1225,topk,1225,,32768,80000,1225,cheap,30,0.01,,cupy,1.4329831732023593e-11,6.281819190912033e-14,1280,546,546,,546,256,1225,0,5021696,20.606646606930497,206.06646606930497,0.001,boxeig,20000,group_c,50,diag,0.001,50,auto,boxeig,6,7,9.392143229277572e-08,0,,2,synthetic_true_func_2d_n100000000,False,NVIDIA A100-SXM4-40GB,cheap,256,0,256,256,0,0,2,1225,1.4329831732023593e-11,6.281819190912033e-14,1e-05,,,boxeig,99999999.99978417,True,nan,0,0,,nan,0,0,0,0,False,6.0,SE,0.1,1.5,1.0,76176,20000,btab_boxeig_topk_32768_q256,35,7,6,1000,100000000,cufinufft,binned_c1,50,6,9.392143229277572e-08,pcg,converged,6,True,0.1,0,0.0,0.00035121569739405943,0.020002739906153744,0,0.1,boxeig,ok,0.0007838257142793736,0.0054867799999556155,0.0004431409999862505,0.002658845999917503,0.0,0,206.06646606930497,0.0005257679999886022,2.0017666656713118e-05,0.00012010599994027871,3.457933331674212e-05,0.00020747599990045273,0.00027456633335987135,0.001647398000159228,0.45863161099998706,0.0,0.0,0.0008606620000364273,0.0,6.412350001028244e-05,0.00038474100006169465,0.45777094899995063,0.10067962300001909,0.5070428850000326,0.45959243899994817,0.5046126559999493,0.47260804300003656,0.0,0.9796509280000691,1.0803305510000882,1e-07,,v7_btab_boxeig
1225,expanded_box,topk,1225,,32768,0,"[17, 17]","[35, 35]",1225,topk,1225,,32768,80000,1225,cheap,30,0.01,,cupy,1.7551964093592382e-09,1.6323557757590426e-13,1600,674,674,,674,320,1225,0,6277120,1.436397272148407,14.36397272148407,0.001,boxeig,20000,group_c,50,diag,0.001,50,auto,boxeig,1,2,6.84094610423543e-08,0,,2,synthetic_true_func_2d_n100000000,False,NVIDIA A100-SXM4-40GB,cheap,320,0,320,320,0,0,2,1225,1.7551964093592382e-09,1.6323557757590426e-13,1e-05,,,boxeig,99999999.99978417,True,nan,0,0,,nan,0,0,0,0,False,1.0,SE,0.1,1.5,1.0,76176,20000,btab_boxeig_topk_32768_q320,35,2,1,1000,100000000,cufinufft,binned_c1,50,1,6.84094610423543e-08,pcg,converged,1,True,0.1,0,0.0,0.0003321854674642654,0.020002213693506157,0,0.1,boxeig,ok,0.0008639119999998002,0.0017278239999996003,0.0004652259999602393,0.0004652259999602393,0.0,0,14.36397272148407,0.0005316090000633267,1.9994000012957258e-05,1.9994000012957258e-05,3.275799997481954e-05,3.275799997481954e-05,0.0003002450000622048,0.0003002450000622048,0.5666986159999396,0.0,0.0,0.000878966999948716,0.0,6.186600001001352e-05,6.186600001001352e-05,0.5658196489999909,0.12496689300007802,0.5069348020000461,0.5676741490000268,0.5047919779999575,0.5711430159999509,0.0,1.078077817999997,1.203044711000075,1e-07,,v7_btab_boxeig
1225,expanded_box,topk,1225,,36864,0,"[17, 17]","[35, 35]",1225,topk,1225,,36864,80000,1225,cheap,30,0.01,,cupy,4.1314871789143045e-12,1.1198058173931187e-14,960,418,418,,418,192,1225,0,3766272,401.3088987915277,4013.088987915277,0.001,boxeig,20000,group_c,50,diag,0.001,50,auto,boxeig,30,31,9.556046758394155e-08,0,,2,synthetic_true_func_2d_n100000000,False,NVIDIA A100-SXM4-40GB,cheap,192,0,192,192,0,0,2,1225,4.1314871789143045e-12,1.1198058173931187e-14,1e-05,,,boxeig,99999999.99978417,True,nan,0,0,,nan,0,0,0,0,False,30.0,SE,0.1,1.5,1.0,76176,20000,btab_boxeig_topk_36864_q192,35,31,30,1000,100000000,cufinufft,binned_c1,50,30,9.556046758394155e-08,pcg,converged,30,True,0.1,0,0.0,0.0003547730459020802,0.020002898579422945,0,0.1,boxeig,ok,0.0007550983548408992,0.023408049000067876,0.00043420136668525323,0.013026041000557598,0.0,0,4013.088987915277,0.0005594689999952607,2.1115599986387677e-05,0.0006334679995916304,3.3001466654999e-05,0.00099004399964997,0.000268442266663745,0.00805326799991235,0.6428058629999214,0.0,0.0,0.0008653239999603102,0.0,6.331900000683769e-05,0.0018995700002051308,0.6419405389999611,0.07555206399990766,0.5074682320000647,0.6437988290000476,0.5085885839999946,0.7025752849999662,0.0,1.210043517000031,1.2855955809999386,1e-07,,v7_btab_boxeig
1225,expanded_box,topk,1225,,36864,0,"[17, 17]","[35, 35]",1225,topk,1225,,36864,80000,1225,cheap,30,0.01,,cupy,1.4157357683582921e-11,4.069860318348758e-14,1280,546,546,,546,256,1225,0,5021696,20.606646606926617,206.06646606926617,0.001,boxeig,20000,group_c,50,diag,0.001,50,auto,boxeig,6,7,9.391908466661823e-08,0,,2,synthetic_true_func_2d_n100000000,False,NVIDIA A100-SXM4-40GB,cheap,256,0,256,256,0,0,2,1225,1.4157357683582921e-11,4.069860318348758e-14,1e-05,,,boxeig,99999999.99978417,True,nan,0,0,,nan,0,0,0,0,False,6.0,SE,0.1,1.5,1.0,76176,20000,btab_boxeig_topk_36864_q256,35,7,6,1000,100000000,cufinufft,binned_c1,50,6,9.391908466661823e-08,pcg,converged,6,True,0.1,0,0.0,0.0003512157617534487,0.02000273990760569,0,0.1,boxeig,ok,0.0007704594285412116,0.005393215999788481,0.0004437150000361119,0.0026622900002166716,0.0,0,206.06646606926617,0.0005628609999348555,1.977983331850434e-05,0.00011867899991102604,3.230033331647064e-05,0.00019380199989882385,0.00027724566666620376,0.0016634739999972226,0.4511025530000552,0.0,0.0,0.0008403230000340045,0.0,6.67461666997345e-05,0.00040047700019840704,0.4502622300000212,0.10069277499997042,0.5068990749999784,0.4520846599999686,0.5059013160000632,0.46499657399999705,0.0,0.9718956489999755,1.072588423999946,1e-07,,v7_btab_boxeig
1225,expanded_box,topk,1225,,36864,0,"[17, 17]","[35, 35]",1225,topk,1225,,36864,80000,1225,cheap,30,0.01,,cupy,1.0630275125571725e-09,1.8675432912393758e-13,1600,674,674,,674,320,1225,0,6277120,1.4363972721465201,14.3639727214652,0.001,boxeig,20000,group_c,50,diag,0.001,50,auto,boxeig,1,2,6.836591090368219e-08,0,,2,synthetic_true_func_2d_n100000000,False,NVIDIA A100-SXM4-40GB,cheap,320,0,320,320,0,0,2,1225,1.0630275125571725e-09,1.8675432912393758e-13,1e-05,,,boxeig,99999999.99978417,True,nan,0,0,,nan,0,0,0,0,False,1.0,SE,0.1,1.5,1.0,76176,20000,btab_boxeig_topk_36864_q320,35,2,1,1000,100000000,cufinufft,binned_c1,50,1,6.836591090368219e-08,pcg,converged,1,True,0.1,0,0.0,0.00033218538543967755,0.020002213692652687,0,0.1,boxeig,ok,0.0008675029999949402,0.0017350059999898804,0.00047521599981337204,0.00047521599981337204,0.0,0,14.3639727214652,0.0005283290001898422,1.9166999891240266e-05,1.9166999891240266e-05,3.307999986645882e-05,3.307999986645882e-05,0.0003132190001906565,0.0003132190001906565,0.5692328199997974,0.0,0.0,0.0008517259998370719,0.0,5.977399996481836e-05,5.977399996481836e-05,0.5683810939999603,0.12613463499997124,0.5070622959999582,0.5702101599999878,0.5046285879998322,0.5737012670001604,0.0,1.0807635630001187,1.20689819800009,1e-07,,v7_btab_boxeig
35721,expanded_box,topk,2048,,2048,0,"[25, 25]","[51, 51]",2601,topk,2048,,2048,80000,2601,cheap,30,0.01,,,,,,,,,,,,,,,,,inverse,20000,group_c,50,diag,0.001,50,auto,auto,398,399,9.899299116281724e-08,0,,2,synthetic_true_func_2d_n100000000,False,NVIDIA A100-SXM4-40GB,cheap,0,0,0,0,0,0,2,35721,,,1e-05,,,inverse,99999999.9998712,True,nan,0,50,diag,0.001,0,0,0,108243216,False,398.0,matern,0.1,1.5,1.0,0,20000,btab_auto_topk_2048,189,399,398,1000,100000000,cufinufft,binned_c1,50,398,9.899299116281724e-08,pcg,converged,398,True,0.1,0,5454.774452079139,0.0001979169073027546,0.019997488802543303,0,0.1,exact,ok,0.0006325287142874714,0.2523789570007011,0.00033527773869013454,0.13344053999867356,6302111.940778754,33120,,0.0017157079998924019,4.3726856784956704e-05,0.01740328900041277,4.0333809042338306e-05,0.016052855998850646,0.00015402616080581396,0.06130241200071396,0.20089878199996747,0.17823364000014408,0.014088884999864604,0.0,0.006969409000021187,5.510610050928952e-05,0.02193222800269723,,0.00026502900004743424,0.5238262230000146,0.2035000549999495,0.5103033949999372,0.8325522550001097,0.0016068479999375995,1.3563784780001242,1.3566435070001717,1e-07,,v6_btab
35721,expanded_box,topk,4096,,4096,0,"[36, 36]","[73, 73]",5329,topk,4096,,4096,80000,5329,cheap,30,0.01,,,,,,,,,,,,,,,,,inverse,20000,group_c,50,diag,0.001,50,auto,auto,176,177,9.535258299101014e-08,0,,2,synthetic_true_func_2d_n100000000,False,NVIDIA A100-SXM4-40GB,cheap,0,0,0,0,0,0,2,35721,,,1e-05,,,inverse,99999999.99987121,True,nan,0,50,diag,0.001,0,0,0,454371856,False,176.0,matern,0.1,1.5,1.0,0,20000,btab_auto_topk_4096,189,177,176,1000,100000000,cufinufft,binned_c1,50,176,9.535258299101014e-08,pcg,converged,176,True,0.1,0,983.8544567550231,0.00019757176627508636,0.019997488590644333,0,0.1,exact,ok,0.0006327494124336822,0.11199664600076176,0.0006006218977293285,0.1057094540003618,2124139.937395191,30392,,0.0018172370000684168,4.4005613640313804e-05,0.00774498800069523,4.191977841246212e-05,0.007377881000593334,0.00041690441476822053,0.07337517699920681,0.8735882700000275,0.7480425689998356,0.09476509800015265,0.0,0.02473021599985259,5.4964085217596384e-05,0.009673678998296964,,0.00025417400001970236,0.5238234149999244,0.8763098809999974,0.5106288740000764,1.2022383440000795,0.006050387000186674,1.7260617590000038,1.7263159330000235,1e-07,,v6_btab
35721,expanded_box,topk,8192,,8192,0,"[51, 51]","[103, 103]",10609,topk,8192,,8192,80000,10609,cheap,30,0.01,,,,,,,,,,,,,,,,,inverse,20000,group_c,50,diag,0.001,50,auto,auto,86,87,9.212101351171012e-08,0,,2,synthetic_true_func_2d_n100000000,False,NVIDIA A100-SXM4-40GB,cheap,0,0,0,0,0,0,2,35721,,,1e-05,,,inverse,99999999.9998712,True,nan,0,50,diag,0.001,0,0,0,1800814096,False,86.0,matern,0.1,1.5,1.0,0,20000,btab_auto_topk_8192,189,87,86,1000,100000000,cufinufft,binned_c1,50,86,9.212101351171012e-08,pcg,converged,86,True,0.1,0,184.00350583793914,0.00019768322388812918,0.019997488325284727,0,0.1,exact,ok,0.0006427981034490565,0.05592343500006791,0.0016347375116400906,0.1405874260010478,681483.8456139695,25112,,0.002205633999892598,4.387540698295451e-05,0.003773285000534088,4.7040558144523624e-05,0.004045488000429032,0.001443201174416826,0.12411530099984702,3.7232622000001356,2.953294552999978,0.6186404290001519,0.0,0.12764960699996664,5.6558604646217944e-05,0.004864039999574743,,0.0002735719999691355,0.5238717869999618,3.7265770479998537,0.5107711619998554,3.97742560100005,0.023677611000039178,4.501297388000012,4.501570959999981,1e-07,,v6_btab
35721,expanded_box,topk,16384,,16384,0,"[72, 72]","[145, 145]",21025,topk,16384,,16384,80000,21025,cheap,30,0.01,,,,,,,,,,,,,,,,,inverse,20000,group_c,50,diag,0.001,50,auto,auto,37,38,9.528629669548307e-08,0,,2,synthetic_true_func_2d_n100000000,False,NVIDIA A100-SXM4-40GB,cheap,0,0,0,0,0,0,2,35721,,,1e-05,,,inverse,99999999.99987121,True,0.7191963860798689,50,50,diag,0.001,1802,1839,1838,0,False,37.0,matern,0.1,1.5,1.0,1336336,20000,btab_auto_topk_16384,189,38,37,1000,100000000,cufinufft,binned_c1,50,37,9.528629669548307e-08,fgmres,converged,37,True,0.1,0,34.18047217727249,0.00019913963872379993,0.019997499716206065,0,0.1,inner_pcg,ok,0.0006302928157933103,0.02395112700014579,0.05237106678379024,1.9377294710002388,160856.4409178191,14696,,0.0029398950000540935,4.052286487569438e-05,0.001499346000400692,4.559721620549877e-05,0.0016870969996034546,0.05218383272973075,1.9308018110000376,0.0002459580000504502,0.0,0.0,0.0002459580000504502,0.0,6.187637838003277e-05,0.002289426000061212,,0.00017761300000529445,0.5235804730000382,0.0040235060000668454,0.5265320660000725,2.189495803,0.0,2.713076276000038,2.7132538890000433,1e-07,,v6_btab
35721,expanded_box,topk,16384,,16384,0,"[72, 72]","[145, 145]",21025,topk,16384,,16384,80000,21025,cheap,30,0.01,,cupy,4.2906351355322444e-14,2.275379081681276e-15,960,418,418,,418,192,21025,14696,64591872,29820.64950125004,298206.4950125004,0.001,boxeig,20000,group_c,50,diag,0.001,50,auto,boxeig,464,465,9.364890442763994e-08,0,,2,synthetic_true_func_2d_n100000000,False,NVIDIA A100-SXM4-40GB,cheap,192,0,192,192,0,0,2,35721,4.2906351355322444e-14,2.275379081681276e-15,1e-05,,,boxeig,99999999.99987121,True,nan,0,0,,nan,0,0,0,0,False,464.0,matern,0.1,1.5,1.0,1336336,20000,btab_boxeig_topk_16384_q192,189,465,464,1000,100000000,cufinufft,binned_c1,50,464,9.364890442763994e-08,pcg,converged,464,True,0.1,0,34.18047217727249,0.00019734519216538617,0.019997493512146473,0,0.1,boxeig,ok,0.0006404735440869004,0.2978201980004087,0.0004330483987110977,0.20093445700194934,160856.4409178191,14696,298206.4950125004,0.0029661190001206705,4.464693533487536e-05,0.020716177995382168,3.856107758449839e-05,0.017892339999207252,0.0002525025819016162,0.11716119800234992,0.34800031199984005,0.0,0.0,0.0009991629999603902,0.0,5.583639870110346e-05,0.025908088997312007,0.34700114899987966,0.07496382999988782,0.5238009059999058,0.35158906499987097,0.510589310000114,1.1390602229998876,0.0,1.6628611289997934,1.7378249589996813,1e-07,,v7_btab_boxeig
35721,expanded_box,topk,16384,,16384,0,"[72, 72]","[145, 145]",21025,topk,16384,,16384,80000,21025,cheap,30,0.01,,cupy,3.489111565949075e-14,4.112101224360324e-15,1280,546,546,,546,256,21025,14696,86122496,15021.010483978456,150210.10483978456,0.001,boxeig,20000,group_c,50,diag,0.001,50,auto,boxeig,327,328,9.841278539271614e-08,0,,2,synthetic_true_func_2d_n100000000,False,NVIDIA A100-SXM4-40GB,cheap,256,0,256,256,0,0,2,35721,3.489111565949075e-14,4.112101224360324e-15,1e-05,,,boxeig,99999999.9998712,True,nan,0,0,,nan,0,0,0,0,False,327.0,matern,0.1,1.5,1.0,1336336,20000,btab_boxeig_topk_16384_q256,189,328,327,1000,100000000,cufinufft,binned_c1,50,327,9.841278539271614e-08,pcg,converged,327,True,0.1,0,34.18047217727249,0.00019715973031479893,0.01999749268620996,0,0.1,boxeig,ok,0.0006491733628114694,0.21292886300216196,0.00045075982874806275,0.1473984640006165,160856.4409178191,14696,150210.10483978456,0.0030020480000985117,4.76941437333342e-05,0.015595985000800283,4.228901223232743e-05,0.013828506999971069,0.000258434538225779,0.08450809399982973,1.9033054650001304,0.0,0.0,0.0009968510000817332,0.0,5.894744342132886e-05,0.019275813998774538,1.9023086140000487,0.09878687300010824,0.5239854090000335,1.9070788709998396,0.5101876549999815,2.4732220289999987,0.0,2.997207438000032,3.0959943110001404,1e-07,,v7_btab_boxeig
35721,expanded_box,topk,16384,,16384,0,"[72, 72]","[145, 145]",21025,topk,16384,,16384,80000,21025,cheap,30,0.01,,cupy,1.7070838788429978e-13,6.504084154892647e-15,1600,674,674,,674,320,21025,14696,107653120,8974.854900697961,89748.5490069796,0.001,boxeig,20000,group_c,50,diag,0.001,50,auto,boxeig,189,190,9.93775407148651e-08,0,,2,synthetic_true_func_2d_n100000000,False,NVIDIA A100-SXM4-40GB,cheap,320,0,320,320,0,0,2,35721,1.7070838788429978e-13,6.504084154892647e-15,1e-05,,,boxeig,99999999.9998712,True,nan,0,0,,nan,0,0,0,0,False,189.0,matern,0.1,1.5,1.0,1336336,20000,btab_boxeig_topk_16384_q320,189,190,189,1000,100000000,cufinufft,binned_c1,50,189,9.93775407148651e-08,pcg,converged,189,True,0.1,0,34.18047217727249,0.00019780996256752936,0.01999749151816535,0,0.1,boxeig,ok,0.0006727281105225445,0.12781834099928346,0.0004695763809613998,0.08874993600170455,160856.4409178191,14696,89748.5490069796,0.003004481000061787,4.687692064190362e-05,0.008859738001319784,4.0632317462248025e-05,0.007679508000364876,0.00027987430687505157,0.05289624399938475,0.580360206000023,0.0,0.0,0.0009980610000184242,0.0,5.8593518509970785e-05,0.011074174998384478,0.5793621450000046,0.12698786900000414,0.5235076989999925,0.5841341249999914,0.5102685790000123,0.9236331140000402,0.0,1.4471408130000327,1.5741286820000369,1e-07,,v7_btab_boxeig
35721,expanded_box,topk,20480,,20480,0,"[80, 80]","[161, 161]",25921,topk,20480,,20480,80000,25921,cheap,30,0.01,,cupy,3.129988605244947e-14,2.3781670825578806e-15,960,418,418,,418,192,25921,9800,79632384,29820.661552368103,298206.615523681,0.001,boxeig,20000,group_c,50,diag,0.001,50,auto,boxeig,428,429,8.945956104300478e-08,0,,2,synthetic_true_func_2d_n100000000,False,NVIDIA A100-SXM4-40GB,cheap,192,0,192,192,0,0,2,35721,3.129988605244947e-14,2.3781670825578806e-15,1e-05,,,boxeig,99999999.9998712,True,nan,0,0,,nan,0,0,0,0,False,428.0,matern,0.1,1.5,1.0,1648656,20000,btab_boxeig_topk_20480_q192,189,429,428,1000,100000000,cufinufft,binned_c1,50,428,8.945956104300478e-08,pcg,converged,428,True,0.1,0,20.37248372484387,0.00019834485234583905,0.019997496794622614,0,0.1,boxeig,ok,0.000649719881125737,0.2787298290029412,0.0004506043014075488,0.1928586410024309,81911.19680633658,9800,298206.615523681,0.0033646890001364227,4.571867756669371e-05,0.019567593998544908,4.137951869008129e-05,0.01771043399935479,0.00026121631775403986,0.11180058399872905,0.3557485649998853,0.0,0.0,0.0010070379998978751,0.0,5.9179385512222416e-05,0.025328776999231195,0.3547415269999874,0.07991527599983783,0.5237359580000884,0.3597775199998523,0.5109109850000095,1.1007485789998555,0.0,1.6244845369999439,1.7043998129997817,1e-07,,v7_btab_boxeig
35721,expanded_box,topk,20480,,20480,0,"[80, 80]","[161, 161]",25921,topk,20480,,20480,80000,25921,cheap,30,0.01,,cupy,4.1539104355089135e-14,3.8927112419435536e-15,1280,546,546,,546,256,25921,9800,106176512,15021.022895973814,150210.22895973813,0.001,boxeig,20000,group_c,50,diag,0.001,50,auto,boxeig,291,292,9.714789491521955e-08,0,,2,synthetic_true_func_2d_n100000000,False,NVIDIA A100-SXM4-40GB,cheap,256,0,256,256,0,0,2,35721,4.1539104355089135e-14,3.8927112419435536e-15,1e-05,,,boxeig,99999999.99987121,True,nan,0,0,,nan,0,0,0,0,False,291.0,matern,0.1,1.5,1.0,1648656,20000,btab_boxeig_topk_20480_q256,189,292,291,1000,100000000,cufinufft,binned_c1,50,291,9.714789491521955e-08,pcg,converged,291,True,0.1,0,20.372483724843875,0.0001979672207611432,0.019997497374204354,0,0.1,boxeig,ok,0.0006643309828735268,0.1939846469990698,0.0004787744020674283,0.13932335100162163,81911.1968063366,9800,150210.22895973813,0.003363347000004069,4.6644487977501705e-05,0.013573546001452996,4.1427302409088556e-05,0.01205534500104477,0.0002880830687246805,0.08383217299888202,1.8926432980001664,0.0,0.0,0.001004060000013851,0.0,5.87944776652188e-05,0.01710919300057867,1.8916392380001525,0.10657452000009471,0.5246160510000664,1.8970003689998975,0.5299662730001273,2.4183858789999704,0.0,2.9430019300000367,3.0495764500001314,1e-07,,v7_btab_boxeig
35721,expanded_box,topk,20480,,20480,0,"[80, 80]","[161, 161]",25921,topk,20480,,20480,80000,25921,cheap,30,0.01,,cupy,1.000541216362146e-13,7.08289040492388e-15,1600,674,674,,674,320,25921,9800,132720640,8974.86805958734,89748.68059587339,0.001,boxeig,20000,group_c,50,diag,0.001,50,auto,boxeig,243,244,8.08380450575171e-08,0,,2,synthetic_true_func_2d_n100000000,False,NVIDIA A100-SXM4-40GB,cheap,320,0,320,320,0,0,2,35721,1.000541216362146e-13,7.08289040492388e-15,1e-05,,,boxeig,99999999.99987121,True,nan,0,0,,nan,0,0,0,0,False,243.0,matern,0.1,1.5,1.0,1648656,20000,btab_boxeig_topk_20480_q320,189,244,243,1000,100000000,cufinufft,binned_c1,50,243,8.08380450575171e-08,pcg,converged,243,True,0.1,0,20.372483724843875,0.00019774392045823278,0.019997495914115447,0,0.1,boxeig,ok,0.0006617483811381686,0.16146660499771315,0.0004957000987637481,0.1204551239995908,81911.1968063366,9800,89748.68059587339,0.003361975999951028,4.614400823725509e-05,0.011212994001652987,4.0549958847105204e-05,0.009853639999846564,0.0003083238353814777,0.07492269199769908,0.5953014690001055,0.0,0.0,0.0010114399999565649,0.0,5.7714292175106446e-05,0.014024572998550866,0.5942900290001489,0.13130384100008996,0.5236709409998639,0.599553786000115,0.5092930449998221,1.038875561000168,0.0,1.562546502000032,1.693850343000122,1e-07,,v7_btab_boxeig
35721,expanded_box,topk,32768,,32768,0,"[94, 94]","[189, 189]",35721,topk,32768,,32768,80000,35721,cheap,30,0.01,,cupy,4.148807697831375e-14,2.430051574783281e-15,960,418,418,,418,192,35721,0,109737984,29820.670720188482,298206.7072018848,0.001,boxeig,20000,group_c,50,diag,0.001,50,auto,boxeig,301,302,9.52256854527195e-08,0,,2,synthetic_true_func_2d_n100000000,False,NVIDIA A100-SXM4-40GB,cheap,192,0,192,192,0,0,2,35721,4.148807697831375e-14,2.430051574783281e-15,1e-05,,,boxeig,99999999.9998712,True,nan,0,0,,nan,0,0,0,0,False,301.0,matern,0.1,1.5,1.0,2274064,20000,btab_boxeig_topk_32768_q192,189,302,301,1000,100000000,cufinufft,binned_c1,50,301,9.52256854527195e-08,pcg,converged,301,True,0.1,0,0.0,0.00019845006220329506,0.019997512492056068,0,0.1,boxeig,ok,0.0006539450000003167,0.19749139000009563,0.00044377439202317355,0.13357609199897524,0.0,0,298206.7072018848,0.004333471999871108,1.7589073086490927e-05,0.005294310999033769,3.3452142858861586e-05,0.010069095000517336,0.0002901892026577503,0.08734694999998283,0.35649408500012214,0.0,0.0,0.0008936890001223219,0.0,6.014638538590438e-05,0.018104062001157217,0.3556003959999998,0.07896502199992028,0.5238696639999034,0.3616061710001759,0.5105367339999702,0.8837625339999704,0.0,1.4076321979998738,1.486597219999794,1e-07,,v7_btab_boxeig
35721,expanded_box,topk,32768,,32768,0,"[94, 94]","[189, 189]",35721,topk,32768,,32768,80000,35721,cheap,30,0.01,,cupy,9.592648554645587e-14,4.018909135454966e-15,1280,546,546,,546,256,35721,0,146317312,15021.031255093247,150210.31255093246,0.001,boxeig,20000,group_c,50,diag,0.001,50,auto,boxeig,208,209,9.662643156541905e-08,0,,2,synthetic_true_func_2d_n100000000,False,NVIDIA A100-SXM4-40GB,cheap,256,0,256,256,0,0,2,35721,9.592648554645587e-14,4.018909135454966e-15,1e-05,,,boxeig,99999999.99987118,True,nan,0,0,,nan,0,0,0,0,False,208.0,matern,0.1,1.5,1.0,2274064,20000,btab_boxeig_topk_32768_q256,189,209,208,1000,100000000,cufinufft,binned_c1,50,208,9.662643156541905e-08,pcg,converged,208,True,0.1,0,0.0,0.0001989606036712281,0.019997515003071807,0,0.1,boxeig,ok,0.0006707673684272059,0.14019038000128603,0.0004991009134585056,0.10381298999936917,0.0,0,150210.31255093246,0.004390684000100009,1.7988197114959803e-05,0.003741544999911639,3.161138461503189e-05,0.006575167999926634,0.0003497562499887863,0.07274929999766755,0.588992300999962,0.0,0.0,0.0008826139999200677,0.0,5.7882716349083166e-05,0.0120396050006093,0.588109687000042,0.10741743999983555,0.5244316769999386,0.5943165860001045,0.512767353000072,0.9754048249999414,0.0,1.49983650199988,1.6072539419997156,1e-07,,v7_btab_boxeig
35721,expanded_box,topk,32768,,32768,0,"[94, 94]","[189, 189]",35721,topk,32768,,32768,80000,35721,cheap,30,0.01,,cupy,7.438736344810791e-14,7.254031389927802e-15,1600,674,674,,674,320,35721,0,182896640,8974.877047293252,89748.77047293252,0.001,boxeig,20000,group_c,50,diag,0.001,50,auto,boxeig,145,146,9.704689119208806e-08,0,,2,synthetic_true_func_2d_n100000000,False,NVIDIA A100-SXM4-40GB,cheap,320,0,320,320,0,0,2,35721,7.438736344810791e-14,7.254031389927802e-15,1e-05,,,boxeig,99999999.9998712,True,nan,0,0,,nan,0,0,0,0,False,145.0,matern,0.1,1.5,1.0,2274064,20000,btab_boxeig_topk_32768_q320,189,146,145,1000,100000000,cufinufft,binned_c1,50,145,9.704689119208806e-08,pcg,converged,145,True,0.1,0,0.0,0.00019890866527085075,0.01999751951333415,0,0.1,boxeig,ok,0.0006770185068552103,0.0988447020008607,0.000549354062066978,0.0796563389997118,0.0,0,89748.77047293252,0.004382017999887466,1.7908958611299347e-05,0.0025967989986384055,3.2068889656549234e-05,0.004649989000199639,0.00039850453792245516,0.057783157998755996,0.5918197250000503,0.0,0.0,0.000904063000007227,0.0,5.846360000948058e-05,0.008477222001374685,0.5909156620000431,0.13083018699990134,0.5239793289999852,0.597257615999979,0.509938257000158,0.8713116209999043,0.0,1.3952909499998896,1.526121136999791,1e-07,,v7_btab_boxeig
35721,expanded_box,topk,35721,,36864,0,"[94, 94]","[189, 189]",35721,topk,35721,,36864,80000,35721,cheap,30,0.01,,cupy,3.9549533345951367e-14,2.296840950708977e-15,960,418,418,,418,192,35721,0,109737984,29820.670720188482,298206.7072018848,0.001,boxeig,20000,group_c,50,diag,0.001,50,auto,boxeig,301,302,9.825983254052566e-08,0,,2,synthetic_true_func_2d_n100000000,False,NVIDIA A100-SXM4-40GB,cheap,192,0,192,192,0,0,2,35721,3.9549533345951367e-14,2.296840950708977e-15,1e-05,,,boxeig,99999999.9998712,True,nan,0,0,,nan,0,0,0,0,False,301.0,matern,0.1,1.5,1.0,2274064,20000,btab_boxeig_topk_36864_q192,189,302,301,1000,100000000,cufinufft,binned_c1,50,301,9.825983254052566e-08,pcg,converged,301,True,0.1,0,0.0,0.0001984338560497567,0.019997512501137817,0,0.1,boxeig,ok,0.0006526804437099835,0.197109494000415,0.0004410790166130511,0.13276478400052838,0.0,0,298206.7072018848,0.004529805999936798,1.8069524921098683e-05,0.005438927001250704,3.251272757017396e-05,0.009786330998622361,0.0002912433588054255,0.08766425100043307,0.35757898099996055,0.0,0.0,0.0008748870000090392,0.0,5.749391362147084e-05,0.017305668000062724,0.3567040939999515,0.07895961500003068,0.5237250919999497,0.3628815649999524,0.5102258760000495,0.883536112999991,0.0,1.4072612049999407,1.4862208199999714,1e-07,,v7_btab_boxeig
35721,expanded_box,topk,35721,,36864,0,"[94, 94]","[189, 189]",35721,topk,35721,,36864,80000,35721,cheap,30,0.01,,cupy,3.9870125105940657e-14,3.785270192371254e-15,1280,546,546,,546,256,35721,0,146317312,15021.03125509325,150210.3125509325,0.001,boxeig,20000,group_c,50,diag,0.001,50,auto,boxeig,208,209,9.624779930950355e-08,0,,2,synthetic_true_func_2d_n100000000,False,NVIDIA A100-SXM4-40GB,cheap,256,0,256,256,0,0,2,35721,3.9870125105940657e-14,3.785270192371254e-15,1e-05,,,boxeig,99999999.99987121,True,nan,0,0,,nan,0,0,0,0,False,208.0,matern,0.1,1.5,1.0,2274064,20000,btab_boxeig_topk_36864_q256,189,209,208,1000,100000000,cufinufft,binned_c1,50,208,9.624779930950355e-08,pcg,converged,208,True,0.1,0,0.0,0.00019895521923203743,0.019997515002935777,0,0.1,boxeig,ok,0.0006710706794228174,0.14025377199936884,0.0004983163269236876,0.10364979600012703,0.0,0,150210.3125509325,0.004553893999855063,1.7983240389604853e-05,0.003740514001037809,3.2496846147777294e-05,0.006759343998737677,0.0003478284903884252,0.07234832600079244,0.5030588649999572,0.0,0.0,0.0008882879999418947,0.0,5.800650000345251e-05,0.012065352000718121,0.5021705770000153,0.10601260799990087,0.5238584399999127,0.5085190460001741,0.5141913620000196,0.8892330210001091,0.0,1.4130914610000218,1.5191040689999227,1e-07,,v7_btab_boxeig
35721,expanded_box,topk,35721,,36864,0,"[94, 94]","[189, 189]",35721,topk,35721,,36864,80000,35721,cheap,30,0.01,,cupy,1.3996178035531757e-13,7.122451445469756e-15,1600,674,674,,674,320,35721,0,182896640,8974.877047293217,89748.77047293217,0.001,boxeig,20000,group_c,50,diag,0.001,50,auto,boxeig,145,146,9.704599873238029e-08,0,,2,synthetic_true_func_2d_n100000000,False,NVIDIA A100-SXM4-40GB,cheap,320,0,320,320,0,0,2,35721,1.3996178035531757e-13,7.122451445469756e-15,1e-05,,,boxeig,99999999.9998712,True,nan,0,0,,nan,0,0,0,0,False,145.0,matern,0.1,1.5,1.0,2274064,20000,btab_boxeig_topk_36864_q320,189,146,145,1000,100000000,cufinufft,binned_c1,50,145,9.704599873238029e-08,pcg,converged,145,True,0.1,0,0.0,0.000198910204249811,0.01999751951330354,0,0.1,boxeig,ok,0.0006784512534130493,0.0990538829983052,0.0005505800689692917,0.0798341100005473,0.0,0,89748.77047293217,0.004547147000039331,1.7997786205247895e-05,0.002609678999760945,3.241406207209742e-05,0.004700039000454126,0.00039883689655339523,0.05783135000024231,0.6136469509999642,0.0,0.0,0.0008906089999527467,0.0,5.8941979325717164e-05,0.00854658700222899,0.6127563420000115,0.13079042300000765,0.5239986039998712,0.6192490630000975,0.5116850409999643,0.8940333640000517,0.0,1.418031967999923,1.5488223909999306,1e-07,,v7_btab_boxeig
1225,expanded_box,topk,1225,,2048,0,"[17, 17]","[35, 35]",1225,topk,1225,,2048,80000,1225,cheap,30,0.01,,,,,,,,,,,,,,,,,inverse,20000,group_c,50,diag,0.001,50,auto,auto,20000,20001,0.0005338790045221717,0,,2,USGS_LPC_IL_Winnebago_2018_ground_elevation_regression_ntrain300000000,False,NVIDIA A100-SXM4-40GB,cheap,0,0,0,0,0,0,2,1225,,,1e-05,,,inverse,299999999.99975467,True,nan,0,50,diag,0.001,0,0,0,24010000,False,20000.0,SE,0.1,1.5,1.0,0,20000,btab_auto_topk_2048,35,20001,20001,75000000,300000000,cufinufft,binned_c1,50,20000,0.0005338790045221717,pcg,maxiter,20001,True,0.1,0,0.0,0.3586626306629556,0.35865803542186575,0,0.1,exact,ok,0.0006159369789999169,12.319355516977339,0.00023162512939313488,4.632734212992091,0.0,0,,0.0006873009999708302,1.6781878806312603e-05,0.3356543580050584,3.4498521724616364e-05,0.6900049330140519,8.441625063737096e-05,1.6884094289980567,0.03963897300013741,0.03344929400009278,0.003022352000016326,0.0,0.0027158650000274065,5.548586600687705e-05,1.1097728060035479,,4.5629000169356004e-05,1.7723022719999335,0.041121125000017855,1.666045780999866,29.238687893000133,0.00045146200000090175,31.010990165000067,31.011035794000236,1e-07,,v6_btab
1225,expanded_box,topk,1225,,4096,0,"[17, 17]","[35, 35]",1225,topk,1225,,4096,80000,1225,cheap,30,0.01,,,,,,,,,,,,,,,,,inverse,20000,group_c,50,diag,0.001,50,auto,auto,20000,20001,0.0006421827489690116,0,,2,USGS_LPC_IL_Winnebago_2018_ground_elevation_regression_ntrain300000000,False,NVIDIA A100-SXM4-40GB,cheap,0,0,0,0,0,0,2,1225,,,1e-05,,,inverse,299999999.99975467,True,nan,0,50,diag,0.001,0,0,0,24010000,False,20000.0,SE,0.1,1.5,1.0,0,20000,btab_auto_topk_4096,35,20001,20001,75000000,300000000,cufinufft,binned_c1,50,20000,0.0006421827489690116,pcg,maxiter,20001,True,0.1,0,0.0,0.35864980981833605,0.3586450184153814,0,0.1,exact,ok,0.000614138353482396,12.283381208001401,0.00023097001294882354,4.6196312289894195,0.0,0,,0.0005869530000381928,1.6810564870557088e-05,0.3362281079760123,3.4587418828349355e-05,0.6917829639858155,8.390284585698859e-05,1.6781408199856287,0.04016262799996184,0.03402104099995995,0.0030288909999853786,0.0,0.0026676259999476315,5.526417684009015e-05,1.1053388009786431,,4.829199997402611e-05,1.7727615269998296,0.041513384999916525,1.6693923719999475,29.114536760000192,0.0004450700000688812,30.88729828700002,30.887346578999995,1e-07,,v6_btab
1225,expanded_box,topk,1225,,8192,0,"[17, 17]","[35, 35]",1225,topk,1225,,8192,80000,1225,cheap,30,0.01,,,,,,,,,,,,,,,,,inverse,20000,group_c,50,diag,0.001,50,auto,auto,20000,20001,0.000372230649878801,0,,2,USGS_LPC_IL_Winnebago_2018_ground_elevation_regression_ntrain300000000,False,NVIDIA A100-SXM4-40GB,cheap,0,0,0,0,0,0,2,1225,,,1e-05,,,inverse,299999999.99975467,True,nan,0,50,diag,0.001,0,0,0,24010000,False,20000.0,SE,0.1,1.5,1.0,0,20000,btab_auto_topk_8192,35,20001,20001,75000000,300000000,cufinufft,binned_c1,50,20000,0.000372230649878801,pcg,maxiter,20001,True,0.1,0,0.0,0.35860957455603876,0.35860485343155835,0,0.1,exact,ok,0.0006157388887568522,12.3153935140258,0.00023103450017566225,4.620921038013421,0.0,0,,0.0006410520002191333,1.6705767411598573e-05,0.33413205399938306,3.4401662965003884e-05,0.6880676609630427,8.402541607912291e-05,1.6805923469985373,0.04014214199992239,0.03392278899991652,0.0030265000000326836,0.0,0.002751103000036892,5.5586417878643987e-05,1.1117839439907584,,4.64090001059958e-05,1.7713767249999819,0.04156417199988027,1.6751573500000632,29.17652087700003,0.0004417499999362917,30.947897602000012,30.947944011000118,1e-07,,v6_btab
1225,expanded_box,topk,1225,,16384,0,"[17, 17]","[35, 35]",1225,topk,1225,,16384,80000,1225,cheap,30,0.01,,,,,,,,,,,,,,,,,inverse,20000,group_c,50,diag,0.001,50,auto,auto,20000,20001,0.00043005017328676847,0,,2,USGS_LPC_IL_Winnebago_2018_ground_elevation_regression_ntrain300000000,False,NVIDIA A100-SXM4-40GB,cheap,0,0,0,0,0,0,2,1225,,,1e-05,,,inverse,299999999.99975467,True,nan,0,50,diag,0.001,0,0,0,24010000,False,20000.0,SE,0.1,1.5,1.0,0,20000,btab_auto_topk_16384,35,20001,20001,75000000,300000000,cufinufft,binned_c1,50,20000,0.00043005017328676847,pcg,maxiter,20001,True,0.1,0,0.0,0.3586064294515109,0.35860179894610544,0,0.1,exact,ok,0.0006139928402570838,12.280470797981934,0.0002301282426374469,4.602794980991575,0.0,0,,0.0005717820001791551,1.6737869556006853e-05,0.33477412898969305,3.4361745311047334e-05,0.6872692679662578,8.368283525868892e-05,1.673740388009037,0.03962221300002966,0.03347115400015355,0.003022592999968765,0.0,0.002666285000032076,5.517481155954465e-05,1.1035514060024525,,4.008899986729375e-05,1.7717130439998527,0.04096103300003051,1.6679968979999558,29.05387272200005,0.0004621809998752724,30.825585765999904,30.82562585499977,1e-07,,v6_btab
,,,,,,,,,,topk,,,16384,80000,,cheap,30,0.01,,,,,,,,,,192,,,,,,0.001,boxeig,20000,group_c,50,diag,0.001,50,auto,boxeig,,,,,,2,USGS_LPC_IL_Winnebago_2018_ground_elevation_regression_ntrain300000000,,,,,,,,,,,,,,1e-05,PCG denominator is non-positive or non-finite (denom=nan). A may be non-SPD numerically.,RuntimeError,,,,,,,,,,,,,False,nan,SE,0.1,1.5,1.0,,20000,btab_boxeig_topk_16384_q192,,,,75000000,300000000,,,,,,,,,,0.1,0,,,,0,,,failed,,,,,,,,,,,,,,,,,,,,,,,,,,,,,,,1e-07,"Traceback (most recent call last):
  File ""/content/EFGP-Eigenpro/efgp_eigenpro_py/gpu/box_toeplitz_active_block/run_experiments.py"", line 382, in _run_case
    out = fn()
          ^^^^
  File ""/content/EFGP-Eigenpro/efgp_eigenpro_py/gpu/box_toeplitz_active_block/run_experiments.py"", line 570, in <lambda>
    lambda btab_cfg=btab_cfg: run_v7_box_eigenpro_active_block(
                              ^^^^^^^^^^^^^^^^^^^^^^^^^^^^^^^^^
  File ""/tmp/ipykernel_610/1328016512.py"", line 71, in _wrapped
    return fn(*args, **kwargs)
           ^^^^^^^^^^^^^^^^^^^
  File ""/content/EFGP-Eigenpro/efgp_eigenpro_py/gpu/versions.py"", line 802, in run_v7_box_eigenpro_active_block
    beta_gpu, it, relres, stats, setup_diag, precond_data = solve_box_eigenpro_active_block(
                                                            ^^^^^^^^^^^^^^^^^^^^^^^^^^^^^^^^
  File ""/content/EFGP-Eigenpro/efgp_eigenpro_py/gpu/box_toeplitz_active_block/runner.py"", line 157, in solve_box_eigenpro_active_block
    beta_gpu, it, relres, stats = pcg_solve_gpu(
                                  ^^^^^^^^^^^^^^
  File ""/content/EFGP-Eigenpro/efgp_eigenpro_py/gpu/iterative_solvers.py"", line 275, in pcg_solve_gpu
    raise RuntimeError(
RuntimeError: PCG denominator is non-positive or non-finite (denom=nan). A may be non-SPD numerically.
",
,,,,,,,,,,topk,,,16384,80000,,cheap,30,0.01,,,,,,,,,,256,,,,,,0.001,boxeig,20000,group_c,50,diag,0.001,50,auto,boxeig,,,,,,2,USGS_LPC_IL_Winnebago_2018_ground_elevation_regression_ntrain300000000,,,,,,,,,,,,,,1e-05,PCG denominator is non-positive or non-finite (denom=nan). A may be non-SPD numerically.,RuntimeError,,,,,,,,,,,,,False,nan,SE,0.1,1.5,1.0,,20000,btab_boxeig_topk_16384_q256,,,,75000000,300000000,,,,,,,,,,0.1,0,,,,0,,,failed,,,,,,,,,,,,,,,,,,,,,,,,,,,,,,,1e-07,"Traceback (most recent call last):
  File ""/content/EFGP-Eigenpro/efgp_eigenpro_py/gpu/box_toeplitz_active_block/run_experiments.py"", line 382, in _run_case
    out = fn()
          ^^^^
  File ""/content/EFGP-Eigenpro/efgp_eigenpro_py/gpu/box_toeplitz_active_block/run_experiments.py"", line 570, in <lambda>
    lambda btab_cfg=btab_cfg: run_v7_box_eigenpro_active_block(
                              ^^^^^^^^^^^^^^^^^^^^^^^^^^^^^^^^^
  File ""/tmp/ipykernel_610/1328016512.py"", line 71, in _wrapped
    return fn(*args, **kwargs)
           ^^^^^^^^^^^^^^^^^^^
  File ""/content/EFGP-Eigenpro/efgp_eigenpro_py/gpu/versions.py"", line 802, in run_v7_box_eigenpro_active_block
    beta_gpu, it, relres, stats, setup_diag, precond_data = solve_box_eigenpro_active_block(
                                                            ^^^^^^^^^^^^^^^^^^^^^^^^^^^^^^^^
  File ""/content/EFGP-Eigenpro/efgp_eigenpro_py/gpu/box_toeplitz_active_block/runner.py"", line 157, in solve_box_eigenpro_active_block
    beta_gpu, it, relres, stats = pcg_solve_gpu(
                                  ^^^^^^^^^^^^^^
  File ""/content/EFGP-Eigenpro/efgp_eigenpro_py/gpu/iterative_solvers.py"", line 275, in pcg_solve_gpu
    raise RuntimeError(
RuntimeError: PCG denominator is non-positive or non-finite (denom=nan). A may be non-SPD numerically.
",
,,,,,,,,,,topk,,,16384,80000,,cheap,30,0.01,,,,,,,,,,320,,,,,,0.001,boxeig,20000,group_c,50,diag,0.001,50,auto,boxeig,,,,,,2,USGS_LPC_IL_Winnebago_2018_ground_elevation_regression_ntrain300000000,,,,,,,,,,,,,,1e-05,PCG denominator is non-positive or non-finite (denom=nan). A may be non-SPD numerically.,RuntimeError,,,,,,,,,,,,,False,nan,SE,0.1,1.5,1.0,,20000,btab_boxeig_topk_16384_q320,,,,75000000,300000000,,,,,,,,,,0.1,0,,,,0,,,failed,,,,,,,,,,,,,,,,,,,,,,,,,,,,,,,1e-07,"Traceback (most recent call last):
  File ""/content/EFGP-Eigenpro/efgp_eigenpro_py/gpu/box_toeplitz_active_block/run_experiments.py"", line 382, in _run_case
    out = fn()
          ^^^^
  File ""/content/EFGP-Eigenpro/efgp_eigenpro_py/gpu/box_toeplitz_active_block/run_experiments.py"", line 570, in <lambda>
    lambda btab_cfg=btab_cfg: run_v7_box_eigenpro_active_block(
                              ^^^^^^^^^^^^^^^^^^^^^^^^^^^^^^^^^
  File ""/tmp/ipykernel_610/1328016512.py"", line 71, in _wrapped
    return fn(*args, **kwargs)
           ^^^^^^^^^^^^^^^^^^^
  File ""/content/EFGP-Eigenpro/efgp_eigenpro_py/gpu/versions.py"", line 802, in run_v7_box_eigenpro_active_block
    beta_gpu, it, relres, stats, setup_diag, precond_data = solve_box_eigenpro_active_block(
                                                            ^^^^^^^^^^^^^^^^^^^^^^^^^^^^^^^^
  File ""/content/EFGP-Eigenpro/efgp_eigenpro_py/gpu/box_toeplitz_active_block/runner.py"", line 157, in solve_box_eigenpro_active_block
    beta_gpu, it, relres, stats = pcg_solve_gpu(
                                  ^^^^^^^^^^^^^^
  File ""/content/EFGP-Eigenpro/efgp_eigenpro_py/gpu/iterative_solvers.py"", line 275, in pcg_solve_gpu
    raise RuntimeError(
RuntimeError: PCG denominator is non-positive or non-finite (denom=nan). A may be non-SPD numerically.
",
,,,,,,,,,,topk,,,20480,80000,,cheap,30,0.01,,,,,,,,,,192,,,,,,0.001,boxeig,20000,group_c,50,diag,0.001,50,auto,boxeig,,,,,,2,USGS_LPC_IL_Winnebago_2018_ground_elevation_regression_ntrain300000000,,,,,,,,,,,,,,1e-05,PCG denominator is non-positive or non-finite (denom=nan). A may be non-SPD numerically.,RuntimeError,,,,,,,,,,,,,False,nan,SE,0.1,1.5,1.0,,20000,btab_boxeig_topk_20480_q192,,,,75000000,300000000,,,,,,,,,,0.1,0,,,,0,,,failed,,,,,,,,,,,,,,,,,,,,,,,,,,,,,,,1e-07,"Traceback (most recent call last):
  File ""/content/EFGP-Eigenpro/efgp_eigenpro_py/gpu/box_toeplitz_active_block/run_experiments.py"", line 382, in _run_case
    out = fn()
          ^^^^
  File ""/content/EFGP-Eigenpro/efgp_eigenpro_py/gpu/box_toeplitz_active_block/run_experiments.py"", line 570, in <lambda>
    lambda btab_cfg=btab_cfg: run_v7_box_eigenpro_active_block(
                              ^^^^^^^^^^^^^^^^^^^^^^^^^^^^^^^^^
  File ""/tmp/ipykernel_610/1328016512.py"", line 71, in _wrapped
    return fn(*args, **kwargs)
           ^^^^^^^^^^^^^^^^^^^
  File ""/content/EFGP-Eigenpro/efgp_eigenpro_py/gpu/versions.py"", line 802, in run_v7_box_eigenpro_active_block
    beta_gpu, it, relres, stats, setup_diag, precond_data = solve_box_eigenpro_active_block(
                                                            ^^^^^^^^^^^^^^^^^^^^^^^^^^^^^^^^
  File ""/content/EFGP-Eigenpro/efgp_eigenpro_py/gpu/box_toeplitz_active_block/runner.py"", line 157, in solve_box_eigenpro_active_block
    beta_gpu, it, relres, stats = pcg_solve_gpu(
                                  ^^^^^^^^^^^^^^
  File ""/content/EFGP-Eigenpro/efgp_eigenpro_py/gpu/iterative_solvers.py"", line 275, in pcg_solve_gpu
    raise RuntimeError(
RuntimeError: PCG denominator is non-positive or non-finite (denom=nan). A may be non-SPD numerically.
",
,,,,,,,,,,topk,,,20480,80000,,cheap,30,0.01,,,,,,,,,,256,,,,,,0.001,boxeig,20000,group_c,50,diag,0.001,50,auto,boxeig,,,,,,2,USGS_LPC_IL_Winnebago_2018_ground_elevation_regression_ntrain300000000,,,,,,,,,,,,,,1e-05,PCG denominator is non-positive or non-finite (denom=nan). A may be non-SPD numerically.,RuntimeError,,,,,,,,,,,,,False,nan,SE,0.1,1.5,1.0,,20000,btab_boxeig_topk_20480_q256,,,,75000000,300000000,,,,,,,,,,0.1,0,,,,0,,,failed,,,,,,,,,,,,,,,,,,,,,,,,,,,,,,,1e-07,"Traceback (most recent call last):
  File ""/content/EFGP-Eigenpro/efgp_eigenpro_py/gpu/box_toeplitz_active_block/run_experiments.py"", line 382, in _run_case
    out = fn()
          ^^^^
  File ""/content/EFGP-Eigenpro/efgp_eigenpro_py/gpu/box_toeplitz_active_block/run_experiments.py"", line 570, in <lambda>
    lambda btab_cfg=btab_cfg: run_v7_box_eigenpro_active_block(
                              ^^^^^^^^^^^^^^^^^^^^^^^^^^^^^^^^^
  File ""/tmp/ipykernel_610/1328016512.py"", line 71, in _wrapped
    return fn(*args, **kwargs)
           ^^^^^^^^^^^^^^^^^^^
  File ""/content/EFGP-Eigenpro/efgp_eigenpro_py/gpu/versions.py"", line 802, in run_v7_box_eigenpro_active_block
    beta_gpu, it, relres, stats, setup_diag, precond_data = solve_box_eigenpro_active_block(
                                                            ^^^^^^^^^^^^^^^^^^^^^^^^^^^^^^^^
  File ""/content/EFGP-Eigenpro/efgp_eigenpro_py/gpu/box_toeplitz_active_block/runner.py"", line 157, in solve_box_eigenpro_active_block
    beta_gpu, it, relres, stats = pcg_solve_gpu(
                                  ^^^^^^^^^^^^^^
  File ""/content/EFGP-Eigenpro/efgp_eigenpro_py/gpu/iterative_solvers.py"", line 275, in pcg_solve_gpu
    raise RuntimeError(
RuntimeError: PCG denominator is non-positive or non-finite (denom=nan). A may be non-SPD numerically.
",
,,,,,,,,,,topk,,,20480,80000,,cheap,30,0.01,,,,,,,,,,320,,,,,,0.001,boxeig,20000,group_c,50,diag,0.001,50,auto,boxeig,,,,,,2,USGS_LPC_IL_Winnebago_2018_ground_elevation_regression_ntrain300000000,,,,,,,,,,,,,,1e-05,PCG denominator is non-positive or non-finite (denom=nan). A may be non-SPD numerically.,RuntimeError,,,,,,,,,,,,,False,nan,SE,0.1,1.5,1.0,,20000,btab_boxeig_topk_20480_q320,,,,75000000,300000000,,,,,,,,,,0.1,0,,,,0,,,failed,,,,,,,,,,,,,,,,,,,,,,,,,,,,,,,1e-07,"Traceback (most recent call last):
  File ""/content/EFGP-Eigenpro/efgp_eigenpro_py/gpu/box_toeplitz_active_block/run_experiments.py"", line 382, in _run_case
    out = fn()
          ^^^^
  File ""/content/EFGP-Eigenpro/efgp_eigenpro_py/gpu/box_toeplitz_active_block/run_experiments.py"", line 570, in <lambda>
    lambda btab_cfg=btab_cfg: run_v7_box_eigenpro_active_block(
                              ^^^^^^^^^^^^^^^^^^^^^^^^^^^^^^^^^
  File ""/tmp/ipykernel_610/1328016512.py"", line 71, in _wrapped
    return fn(*args, **kwargs)
           ^^^^^^^^^^^^^^^^^^^
  File ""/content/EFGP-Eigenpro/efgp_eigenpro_py/gpu/versions.py"", line 802, in run_v7_box_eigenpro_active_block
    beta_gpu, it, relres, stats, setup_diag, precond_data = solve_box_eigenpro_active_block(
                                                            ^^^^^^^^^^^^^^^^^^^^^^^^^^^^^^^^
  File ""/content/EFGP-Eigenpro/efgp_eigenpro_py/gpu/box_toeplitz_active_block/runner.py"", line 157, in solve_box_eigenpro_active_block
    beta_gpu, it, relres, stats = pcg_solve_gpu(
                                  ^^^^^^^^^^^^^^
  File ""/content/EFGP-Eigenpro/efgp_eigenpro_py/gpu/iterative_solvers.py"", line 275, in pcg_solve_gpu
    raise RuntimeError(
RuntimeError: PCG denominator is non-positive or non-finite (denom=nan). A may be non-SPD numerically.
",
,,,,,,,,,,topk,,,32768,80000,,cheap,30,0.01,,,,,,,,,,192,,,,,,0.001,boxeig,20000,group_c,50,diag,0.001,50,auto,boxeig,,,,,,2,USGS_LPC_IL_Winnebago_2018_ground_elevation_regression_ntrain300000000,,,,,,,,,,,,,,1e-05,PCG denominator is non-positive or non-finite (denom=nan). A may be non-SPD numerically.,RuntimeError,,,,,,,,,,,,,False,nan,SE,0.1,1.5,1.0,,20000,btab_boxeig_topk_32768_q192,,,,75000000,300000000,,,,,,,,,,0.1,0,,,,0,,,failed,,,,,,,,,,,,,,,,,,,,,,,,,,,,,,,1e-07,"Traceback (most recent call last):
  File ""/content/EFGP-Eigenpro/efgp_eigenpro_py/gpu/box_toeplitz_active_block/run_experiments.py"", line 382, in _run_case
    out = fn()
          ^^^^
  File ""/content/EFGP-Eigenpro/efgp_eigenpro_py/gpu/box_toeplitz_active_block/run_experiments.py"", line 570, in <lambda>
    lambda btab_cfg=btab_cfg: run_v7_box_eigenpro_active_block(
                              ^^^^^^^^^^^^^^^^^^^^^^^^^^^^^^^^^
  File ""/tmp/ipykernel_610/1328016512.py"", line 71, in _wrapped
    return fn(*args, **kwargs)
           ^^^^^^^^^^^^^^^^^^^
  File ""/content/EFGP-Eigenpro/efgp_eigenpro_py/gpu/versions.py"", line 802, in run_v7_box_eigenpro_active_block
    beta_gpu, it, relres, stats, setup_diag, precond_data = solve_box_eigenpro_active_block(
                                                            ^^^^^^^^^^^^^^^^^^^^^^^^^^^^^^^^
  File ""/content/EFGP-Eigenpro/efgp_eigenpro_py/gpu/box_toeplitz_active_block/runner.py"", line 157, in solve_box_eigenpro_active_block
    beta_gpu, it, relres, stats = pcg_solve_gpu(
                                  ^^^^^^^^^^^^^^
  File ""/content/EFGP-Eigenpro/efgp_eigenpro_py/gpu/iterative_solvers.py"", line 275, in pcg_solve_gpu
    raise RuntimeError(
RuntimeError: PCG denominator is non-positive or non-finite (denom=nan). A may be non-SPD numerically.
",
,,,,,,,,,,topk,,,32768,80000,,cheap,30,0.01,,,,,,,,,,256,,,,,,0.001,boxeig,20000,group_c,50,diag,0.001,50,auto,boxeig,,,,,,2,USGS_LPC_IL_Winnebago_2018_ground_elevation_regression_ntrain300000000,,,,,,,,,,,,,,1e-05,PCG denominator is non-positive or non-finite (denom=nan). A may be non-SPD numerically.,RuntimeError,,,,,,,,,,,,,False,nan,SE,0.1,1.5,1.0,,20000,btab_boxeig_topk_32768_q256,,,,75000000,300000000,,,,,,,,,,0.1,0,,,,0,,,failed,,,,,,,,,,,,,,,,,,,,,,,,,,,,,,,1e-07,"Traceback (most recent call last):
  File ""/content/EFGP-Eigenpro/efgp_eigenpro_py/gpu/box_toeplitz_active_block/run_experiments.py"", line 382, in _run_case
    out = fn()
          ^^^^
  File ""/content/EFGP-Eigenpro/efgp_eigenpro_py/gpu/box_toeplitz_active_block/run_experiments.py"", line 570, in <lambda>
    lambda btab_cfg=btab_cfg: run_v7_box_eigenpro_active_block(
                              ^^^^^^^^^^^^^^^^^^^^^^^^^^^^^^^^^
  File ""/tmp/ipykernel_610/1328016512.py"", line 71, in _wrapped
    return fn(*args, **kwargs)
           ^^^^^^^^^^^^^^^^^^^
  File ""/content/EFGP-Eigenpro/efgp_eigenpro_py/gpu/versions.py"", line 802, in run_v7_box_eigenpro_active_block
    beta_gpu, it, relres, stats, setup_diag, precond_data = solve_box_eigenpro_active_block(
                                                            ^^^^^^^^^^^^^^^^^^^^^^^^^^^^^^^^
  File ""/content/EFGP-Eigenpro/efgp_eigenpro_py/gpu/box_toeplitz_active_block/runner.py"", line 157, in solve_box_eigenpro_active_block
    beta_gpu, it, relres, stats = pcg_solve_gpu(
                                  ^^^^^^^^^^^^^^
  File ""/content/EFGP-Eigenpro/efgp_eigenpro_py/gpu/iterative_solvers.py"", line 275, in pcg_solve_gpu
    raise RuntimeError(
RuntimeError: PCG denominator is non-positive or non-finite (denom=nan). A may be non-SPD numerically.
",
,,,,,,,,,,topk,,,32768,80000,,cheap,30,0.01,,,,,,,,,,320,,,,,,0.001,boxeig,20000,group_c,50,diag,0.001,50,auto,boxeig,,,,,,2,USGS_LPC_IL_Winnebago_2018_ground_elevation_regression_ntrain300000000,,,,,,,,,,,,,,1e-05,PCG denominator is non-positive or non-finite (denom=nan). A may be non-SPD numerically.,RuntimeError,,,,,,,,,,,,,False,nan,SE,0.1,1.5,1.0,,20000,btab_boxeig_topk_32768_q320,,,,75000000,300000000,,,,,,,,,,0.1,0,,,,0,,,failed,,,,,,,,,,,,,,,,,,,,,,,,,,,,,,,1e-07,"Traceback (most recent call last):
  File ""/content/EFGP-Eigenpro/efgp_eigenpro_py/gpu/box_toeplitz_active_block/run_experiments.py"", line 382, in _run_case
    out = fn()
          ^^^^
  File ""/content/EFGP-Eigenpro/efgp_eigenpro_py/gpu/box_toeplitz_active_block/run_experiments.py"", line 570, in <lambda>
    lambda btab_cfg=btab_cfg: run_v7_box_eigenpro_active_block(
                              ^^^^^^^^^^^^^^^^^^^^^^^^^^^^^^^^^
  File ""/tmp/ipykernel_610/1328016512.py"", line 71, in _wrapped
    return fn(*args, **kwargs)
           ^^^^^^^^^^^^^^^^^^^
  File ""/content/EFGP-Eigenpro/efgp_eigenpro_py/gpu/versions.py"", line 802, in run_v7_box_eigenpro_active_block
    beta_gpu, it, relres, stats, setup_diag, precond_data = solve_box_eigenpro_active_block(
                                                            ^^^^^^^^^^^^^^^^^^^^^^^^^^^^^^^^
  File ""/content/EFGP-Eigenpro/efgp_eigenpro_py/gpu/box_toeplitz_active_block/runner.py"", line 157, in solve_box_eigenpro_active_block
    beta_gpu, it, relres, stats = pcg_solve_gpu(
                                  ^^^^^^^^^^^^^^
  File ""/content/EFGP-Eigenpro/efgp_eigenpro_py/gpu/iterative_solvers.py"", line 275, in pcg_solve_gpu
    raise RuntimeError(
RuntimeError: PCG denominator is non-positive or non-finite (denom=nan). A may be non-SPD numerically.
",
,,,,,,,,,,topk,,,36864,80000,,cheap,30,0.01,,,,,,,,,,192,,,,,,0.001,boxeig,20000,group_c,50,diag,0.001,50,auto,boxeig,,,,,,2,USGS_LPC_IL_Winnebago_2018_ground_elevation_regression_ntrain300000000,,,,,,,,,,,,,,1e-05,PCG denominator is non-positive or non-finite (denom=nan). A may be non-SPD numerically.,RuntimeError,,,,,,,,,,,,,False,nan,SE,0.1,1.5,1.0,,20000,btab_boxeig_topk_36864_q192,,,,75000000,300000000,,,,,,,,,,0.1,0,,,,0,,,failed,,,,,,,,,,,,,,,,,,,,,,,,,,,,,,,1e-07,"Traceback (most recent call last):
  File ""/content/EFGP-Eigenpro/efgp_eigenpro_py/gpu/box_toeplitz_active_block/run_experiments.py"", line 382, in _run_case
    out = fn()
          ^^^^
  File ""/content/EFGP-Eigenpro/efgp_eigenpro_py/gpu/box_toeplitz_active_block/run_experiments.py"", line 570, in <lambda>
    lambda btab_cfg=btab_cfg: run_v7_box_eigenpro_active_block(
                              ^^^^^^^^^^^^^^^^^^^^^^^^^^^^^^^^^
  File ""/tmp/ipykernel_610/1328016512.py"", line 71, in _wrapped
    return fn(*args, **kwargs)
           ^^^^^^^^^^^^^^^^^^^
  File ""/content/EFGP-Eigenpro/efgp_eigenpro_py/gpu/versions.py"", line 802, in run_v7_box_eigenpro_active_block
    beta_gpu, it, relres, stats, setup_diag, precond_data = solve_box_eigenpro_active_block(
                                                            ^^^^^^^^^^^^^^^^^^^^^^^^^^^^^^^^
  File ""/content/EFGP-Eigenpro/efgp_eigenpro_py/gpu/box_toeplitz_active_block/runner.py"", line 157, in solve_box_eigenpro_active_block
    beta_gpu, it, relres, stats = pcg_solve_gpu(
                                  ^^^^^^^^^^^^^^
  File ""/content/EFGP-Eigenpro/efgp_eigenpro_py/gpu/iterative_solvers.py"", line 275, in pcg_solve_gpu
    raise RuntimeError(
RuntimeError: PCG denominator is non-positive or non-finite (denom=nan). A may be non-SPD numerically.
",
,,,,,,,,,,topk,,,36864,80000,,cheap,30,0.01,,,,,,,,,,256,,,,,,0.001,boxeig,20000,group_c,50,diag,0.001,50,auto,boxeig,,,,,,2,USGS_LPC_IL_Winnebago_2018_ground_elevation_regression_ntrain300000000,,,,,,,,,,,,,,1e-05,PCG denominator is non-positive or non-finite (denom=nan). A may be non-SPD numerically.,RuntimeError,,,,,,,,,,,,,False,nan,SE,0.1,1.5,1.0,,20000,btab_boxeig_topk_36864_q256,,,,75000000,300000000,,,,,,,,,,0.1,0,,,,0,,,failed,,,,,,,,,,,,,,,,,,,,,,,,,,,,,,,1e-07,"Traceback (most recent call last):
  File ""/content/EFGP-Eigenpro/efgp_eigenpro_py/gpu/box_toeplitz_active_block/run_experiments.py"", line 382, in _run_case
    out = fn()
          ^^^^
  File ""/content/EFGP-Eigenpro/efgp_eigenpro_py/gpu/box_toeplitz_active_block/run_experiments.py"", line 570, in <lambda>
    lambda btab_cfg=btab_cfg: run_v7_box_eigenpro_active_block(
                              ^^^^^^^^^^^^^^^^^^^^^^^^^^^^^^^^^
  File ""/tmp/ipykernel_610/1328016512.py"", line 71, in _wrapped
    return fn(*args, **kwargs)
           ^^^^^^^^^^^^^^^^^^^
  File ""/content/EFGP-Eigenpro/efgp_eigenpro_py/gpu/versions.py"", line 802, in run_v7_box_eigenpro_active_block
    beta_gpu, it, relres, stats, setup_diag, precond_data = solve_box_eigenpro_active_block(
                                                            ^^^^^^^^^^^^^^^^^^^^^^^^^^^^^^^^
  File ""/content/EFGP-Eigenpro/efgp_eigenpro_py/gpu/box_toeplitz_active_block/runner.py"", line 157, in solve_box_eigenpro_active_block
    beta_gpu, it, relres, stats = pcg_solve_gpu(
                                  ^^^^^^^^^^^^^^
  File ""/content/EFGP-Eigenpro/efgp_eigenpro_py/gpu/iterative_solvers.py"", line 275, in pcg_solve_gpu
    raise RuntimeError(
RuntimeError: PCG denominator is non-positive or non-finite (denom=nan). A may be non-SPD numerically.
",
,,,,,,,,,,topk,,,36864,80000,,cheap,30,0.01,,,,,,,,,,320,,,,,,0.001,boxeig,20000,group_c,50,diag,0.001,50,auto,boxeig,,,,,,2,USGS_LPC_IL_Winnebago_2018_ground_elevation_regression_ntrain300000000,,,,,,,,,,,,,,1e-05,PCG denominator is non-positive or non-finite (denom=nan). A may be non-SPD numerically.,RuntimeError,,,,,,,,,,,,,False,nan,SE,0.1,1.5,1.0,,20000,btab_boxeig_topk_36864_q320,,,,75000000,300000000,,,,,,,,,,0.1,0,,,,0,,,failed,,,,,,,,,,,,,,,,,,,,,,,,,,,,,,,1e-07,"Traceback (most recent call last):
  File ""/content/EFGP-Eigenpro/efgp_eigenpro_py/gpu/box_toeplitz_active_block/run_experiments.py"", line 382, in _run_case
    out = fn()
          ^^^^
  File ""/content/EFGP-Eigenpro/efgp_eigenpro_py/gpu/box_toeplitz_active_block/run_experiments.py"", line 570, in <lambda>
    lambda btab_cfg=btab_cfg: run_v7_box_eigenpro_active_block(
                              ^^^^^^^^^^^^^^^^^^^^^^^^^^^^^^^^^
  File ""/tmp/ipykernel_610/1328016512.py"", line 71, in _wrapped
    return fn(*args, **kwargs)
           ^^^^^^^^^^^^^^^^^^^
  File ""/content/EFGP-Eigenpro/efgp_eigenpro_py/gpu/versions.py"", line 802, in run_v7_box_eigenpro_active_block
    beta_gpu, it, relres, stats, setup_diag, precond_data = solve_box_eigenpro_active_block(
                                                            ^^^^^^^^^^^^^^^^^^^^^^^^^^^^^^^^
  File ""/content/EFGP-Eigenpro/efgp_eigenpro_py/gpu/box_toeplitz_active_block/runner.py"", line 157, in solve_box_eigenpro_active_block
    beta_gpu, it, relres, stats = pcg_solve_gpu(
                                  ^^^^^^^^^^^^^^
  File ""/content/EFGP-Eigenpro/efgp_eigenpro_py/gpu/iterative_solvers.py"", line 275, in pcg_solve_gpu
    raise RuntimeError(
RuntimeError: PCG denominator is non-positive or non-finite (denom=nan). A may be non-SPD numerically.
",
35721,expanded_box,topk,2048,,2048,0,"[25, 25]","[51, 51]",2601,topk,2048,,2048,80000,2601,cheap,30,0.01,,,,,,,,,,,,,,,,,inverse,20000,group_c,50,diag,0.001,50,auto,auto,20000,20001,0.001246411338364169,0,,2,USGS_LPC_IL_Winnebago_2018_ground_elevation_regression_ntrain300000000,False,NVIDIA A100-SXM4-40GB,cheap,0,0,0,0,0,0,2,35721,,,1e-05,,,inverse,299999999.99957526,True,nan,0,50,diag,0.001,0,0,0,108243216,False,20000.0,matern,0.1,1.5,1.0,0,20000,btab_auto_topk_2048,189,20001,20001,75000000,300000000,cufinufft,binned_c1,50,20000,0.001246411338364169,pcg,maxiter,20001,True,0.1,0,16364.323537297962,0.1116362464258569,0.1116292114505419,0,0.1,exact,ok,0.000631963468225529,12.639901327978805,0.00034182170521559053,6.836775926017026,18906336.03831259,33120,,0.0017186739999033307,4.4914549422237724e-05,0.8983359029941766,4.166632748412869e-05,0.833368216010058,0.0001558804796266421,3.1177654730124686,0.2021672429998489,0.17951133099995786,0.01410172199985027,0.0,0.00695473500013577,5.6724445277749874e-05,1.1345456300002752,,0.000310373000047548,1.547560183999849,0.20476608999979362,1.6773908279999432,31.956216664000067,0.0015994549999049923,33.503776847999916,33.50408722099996,1e-07,,v6_btab
35721,expanded_box,topk,4096,,4096,0,"[36, 36]","[73, 73]",5329,topk,4096,,4096,80000,5329,cheap,30,0.01,,,,,,,,,,,,,,,,,inverse,20000,group_c,50,diag,0.001,50,auto,auto,20000,20001,0.0021920033884657215,0,,2,USGS_LPC_IL_Winnebago_2018_ground_elevation_regression_ntrain300000000,False,NVIDIA A100-SXM4-40GB,cheap,0,0,0,0,0,0,2,35721,,,1e-05,,,inverse,299999999.99957526,True,nan,0,50,diag,0.001,0,0,0,454371856,False,20000.0,matern,0.1,1.5,1.0,0,20000,btab_auto_topk_4096,189,20001,20001,75000000,300000000,cufinufft,binned_c1,50,20000,0.0021920033884657215,pcg,maxiter,20001,True,0.1,0,2951.563404083863,0.1120579595562432,0.1120496992232438,0,0.1,exact,ok,0.0006286643804299387,12.573916272979204,0.0006105190631480509,12.210991782024166,6372419.886324823,30392,,0.0018241849998048565,4.4612305735204344e-05,0.8922907270098221,4.428913829260469e-05,0.8858270549903864,0.0004221149772015023,8.442721659007248,0.8820285930000864,0.7564150040000186,0.09477376200015897,0.0,0.024795818999791663,5.6587681915402535e-05,1.131810225989966,,0.0002959200000987039,1.548037359999853,0.8848121300000003,1.683129418000135,37.95437068000001,0.006044008000117174,39.502408039999864,39.50270395999996,1e-07,,v6_btab
35721,expanded_box,topk,8192,,8192,0,"[51, 51]","[103, 103]",10609,topk,8192,,8192,80000,10609,cheap,30,0.01,,,,,,,,,,,,,,,,,inverse,20000,group_c,50,diag,0.001,50,auto,auto,20000,20001,0.0005359621922793445,0,,2,USGS_LPC_IL_Winnebago_2018_ground_elevation_regression_ntrain300000000,False,NVIDIA A100-SXM4-40GB,cheap,0,0,0,0,0,0,2,35721,,,1e-05,,,inverse,299999999.99957526,True,nan,0,50,diag,0.001,0,0,0,1800814096,False,20000.0,matern,0.1,1.5,1.0,0,20000,btab_auto_topk_8192,189,20001,20001,75000000,300000000,cufinufft,binned_c1,50,20000,0.0005359621922793445,pcg,maxiter,20001,True,0.1,0,552.010523946594,0.1121917978793591,0.11218626754759908,0,0.1,exact,ok,0.0006304797442122508,12.61022536398923,0.0016257300943447442,32.51622761698923,2044451.5608346004,25112,,0.0022480959999029437,4.3812710764089864e-05,0.8762980279925614,4.7581776411905814e-05,0.9516831100145282,0.001434779862105191,28.697032021965924,3.7423090180000145,2.962281646000065,0.6159768029999668,0.0,0.14048949800007904,5.557920414018032e-05,1.1116396620077467,,0.0002773809999325749,1.5482653890001075,3.7456358379999983,1.680378663999818,61.20320611400007,0.023561070999903677,62.751471503000175,62.75174888400011,1e-07,,v6_btab
35721,expanded_box,topk,16384,,16384,0,"[72, 72]","[145, 145]",21025,topk,16384,,16384,80000,21025,cheap,30,0.01,,,,,,,,,,,,,,,,,inverse,20000,group_c,50,diag,0.001,50,auto,auto,20000,20401,1.6511860861966743e-07,0,,2,USGS_LPC_IL_Winnebago_2018_ground_elevation_regression_ntrain300000000,False,NVIDIA A100-SXM4-40GB,cheap,0,0,0,0,0,0,2,35721,,,1e-05,,,inverse,299999999.99957526,True,1.9863999599653968,50,50,diag,0.001,999970,1019970,1019969,0,False,20000.0,matern,0.1,1.5,1.0,1336336,20000,btab_auto_topk_16384,189,20401,20000,75000000,300000000,cufinufft,binned_c1,50,20000,1.6511860861966743e-07,fgmres,maxiter,20000,True,0.1,0,102.54141773704696,0.11059630461702762,0.11058928661916345,0,0.1,inner_pcg,ok,0.0006293375310545428,12.839114971043728,0.05394104090935235,1078.820818187047,482569.3284404339,14696,,0.0030417850000503677,4.275505680063816e-05,0.8551011360127632,4.768271580190913e-05,0.9536543160381825,0.0537477827725515,1074.95565545103,0.0002507060000880301,0.0,0.0,0.0002507060000880301,0.0,6.303458095192127e-05,1.2606916190384254,,0.00023410599987983005,1.5475877249998575,0.004131778000100894,1.6831499610002538,1251.326224303,0.0,1252.8738120279997,1252.8740461339996,1e-07,,v6_btab
35721,expanded_box,topk,16384,,16384,0,"[72, 72]","[145, 145]",21025,topk,16384,,16384,80000,21025,cheap,30,0.01,,cupy,2.0155270812335878e-12,3.378643519056127e-14,960,418,418,,418,192,21025,14696,64591872,7830.526288556997,78305.26288556997,0.001,boxeig,20000,group_c,50,diag,0.001,50,auto,boxeig,5270,5271,8.544067347592216e-08,0,,2,USGS_LPC_IL_Winnebago_2018_ground_elevation_regression_ntrain300000000,False,NVIDIA A100-SXM4-40GB,cheap,192,0,192,192,0,0,2,35721,2.0155270812335878e-12,3.378643519056127e-14,1e-05,,,boxeig,299999999.99957526,True,nan,0,0,,nan,0,0,0,0,False,5270.0,matern,0.1,1.5,1.0,1336336,20000,btab_boxeig_topk_16384_q192,189,5271,5270,75000000,300000000,cufinufft,binned_c1,50,5270,8.544067347592216e-08,pcg,converged,5270,True,0.1,0,102.54141773704696,0.11058272501861591,0.11057567608463752,0,0.1,boxeig,ok,0.0006318408558151528,3.330433151001671,0.00044107009924237837,2.324439423007334,482569.3284404339,14696,78305.26288556997,0.0031919859998197353,4.500617818075539e-05,0.2371825590125809,4.184669924143236e-05,0.22053210500234854,0.00025224556641529293,1.3293341350085939,0.793440926000585,0.0,0.0,0.0010444590002407494,0.0,5.968742865250885e-05,0.31455274899872165,0.7923964670003443,0.07566339899995,1.5476589679997232,0.7972746159998678,1.6773133020001296,9.681887468000241,0.0,11.229546435999964,11.305209834999914,1e-07,,v7_btab_boxeig
35721,expanded_box,topk,16384,,16384,0,"[72, 72]","[145, 145]",21025,topk,16384,,16384,80000,21025,cheap,30,0.01,,cupy,8.472639231064487e-13,3.483430723981792e-14,1280,546,546,,546,256,21025,14696,86122496,3642.583976258083,36425.83976258083,0.001,boxeig,20000,group_c,50,diag,0.001,50,auto,boxeig,3698,3699,9.406222403953296e-08,0,,2,USGS_LPC_IL_Winnebago_2018_ground_elevation_regression_ntrain300000000,False,NVIDIA A100-SXM4-40GB,cheap,256,0,256,256,0,0,2,35721,8.472639231064487e-13,3.483430723981792e-14,1e-05,,,boxeig,299999999.99957526,True,nan,0,0,,nan,0,0,0,0,False,3698.0,matern,0.1,1.5,1.0,1336336,20000,btab_boxeig_topk_16384_q256,189,3699,3698,75000000,300000000,cufinufft,binned_c1,50,3698,9.406222403953296e-08,pcg,converged,3698,True,0.1,0,102.54141773704696,0.1105827201805441,0.11057567015500357,0,0.1,boxeig,ok,0.000629460795888059,2.32837548398993,0.0004388476579222834,1.622858638996604,482569.3284404339,14696,36425.83976258083,0.0030137500002638262,4.474959275276219e-05,0.16548399399971458,3.9694202810733603e-05,0.14678916199409286,0.00025688191752137884,0.949949330994059,0.47854198100003487,0.0,0.0,0.0010119389999090345,0.0,5.631272796511141e-05,0.20824446801498198,0.47753004200012583,0.10016044599979068,1.5476796789998843,0.4822608230001606,1.6857951450001565,6.698382216000027,0.0,8.246061894999912,8.346222340999702,1e-07,,v7_btab_boxeig
35721,expanded_box,topk,16384,,16384,0,"[72, 72]","[145, 145]",21025,topk,16384,,16384,80000,21025,cheap,30,0.01,,cupy,4.806613601577438e-13,9.885515934587667e-14,1600,674,674,,674,320,21025,14696,107653120,2027.752533718189,20277.525337181887,0.001,boxeig,20000,group_c,50,diag,0.001,50,auto,boxeig,2820,2821,8.630815715063326e-08,0,,2,USGS_LPC_IL_Winnebago_2018_ground_elevation_regression_ntrain300000000,False,NVIDIA A100-SXM4-40GB,cheap,320,0,320,320,0,0,2,35721,4.806613601577438e-13,9.885515934587667e-14,1e-05,,,boxeig,299999999.99957526,True,nan,0,0,,nan,0,0,0,0,False,2820.0,matern,0.1,1.5,1.0,1336336,20000,btab_boxeig_topk_16384_q320,189,2821,2820,75000000,300000000,cufinufft,binned_c1,50,2820,8.630815715063326e-08,pcg,converged,2820,True,0.1,0,102.54141773704696,0.11058272750467948,0.11057567836802364,0,0.1,boxeig,ok,0.0006249362913838433,1.762945277993822,0.0004584803670269971,1.2929146350161318,482569.3284404339,14696,20277.525337181887,0.0030113090001577802,4.389579680203155e-05,0.12378614698172896,3.956356772989161e-05,0.11156926099829434,0.0002767658375852073,0.7804796619902845,0.574486880999757,0.0,0.0,0.0009997649999604619,0.0,5.7167823750089465e-05,0.1612132629752523,0.5734871159997965,0.12357430899965038,1.5478490269997565,0.5782830789999025,1.6829866299999594,5.3519452999998975,0.0,6.899794326999654,7.023368635999304,1e-07,,v7_btab_boxeig
35721,expanded_box,topk,20480,,20480,0,"[80, 80]","[161, 161]",25921,topk,20480,,20480,80000,25921,cheap,30,0.01,,cupy,2.192346895429833e-12,2.5540500310235312e-14,960,418,418,,418,192,25921,9800,79632384,7835.613000058355,78356.13000058355,0.001,boxeig,20000,group_c,50,diag,0.001,50,auto,boxeig,5228,5229,9.807451932888754e-08,0,,2,USGS_LPC_IL_Winnebago_2018_ground_elevation_regression_ntrain300000000,False,NVIDIA A100-SXM4-40GB,cheap,192,0,192,192,0,0,2,35721,2.192346895429833e-12,2.5540500310235312e-14,1e-05,,,boxeig,299999999.99957526,True,nan,0,0,,nan,0,0,0,0,False,5228.0,matern,0.1,1.5,1.0,1648656,20000,btab_boxeig_topk_20480_q192,189,5229,5228,75000000,300000000,cufinufft,binned_c1,50,5228,9.807451932888754e-08,pcg,converged,5228,True,0.1,0,61.11745189407293,0.11058275242268471,0.11057570455581371,0,0.1,boxeig,ok,0.0006223949225486442,3.2545030500068606,0.0004404382624334586,2.3026112360021216,245733.59331716324,9800,78356.13000058355,0.0035252310003670573,4.57255183660806e-05,0.23905301001786938,4.060525669557675e-05,0.21228428200447524,0.0002574700038258398,1.3460531800014905,0.9997842749999108,0.0,0.0,0.001126096999996662,0.0,5.552673661133504e-05,0.2902937790040596,0.9986581779999142,0.07831849200010765,1.5477938909998556,1.0040302299998984,1.6790366600002926,9.72197461199994,0.0,11.269768502999796,11.348086994999903,1e-07,,v7_btab_boxeig
35721,expanded_box,topk,20480,,20480,0,"[80, 80]","[161, 161]",25921,topk,20480,,20480,80000,25921,cheap,30,0.01,,cupy,2.2528330742880903e-12,4.332696578426591e-14,1280,546,546,,546,256,25921,9800,106176512,3646.7574825891234,36467.57482589123,0.001,boxeig,20000,group_c,50,diag,0.001,50,auto,boxeig,3741,3742,9.229513280834575e-08,0,,2,USGS_LPC_IL_Winnebago_2018_ground_elevation_regression_ntrain300000000,False,NVIDIA A100-SXM4-40GB,cheap,256,0,256,256,0,0,2,35721,2.2528330742880903e-12,4.332696578426591e-14,1e-05,,,boxeig,299999999.99957526,True,nan,0,0,,nan,0,0,0,0,False,3741.0,matern,0.1,1.5,1.0,1648656,20000,btab_boxeig_topk_20480_q256,189,3742,3741,75000000,300000000,cufinufft,binned_c1,50,3741,9.229513280834575e-08,pcg,converged,3741,True,0.1,0,61.11745189407293,0.11058275875090998,0.11057570925995056,0,0.1,boxeig,ok,0.0006254299195679516,2.3403587590232746,0.0004658954728722799,1.742914964015199,245733.59331716324,9800,36467.57482589123,0.003364103999956569,4.471155065452936e-05,0.16726591099859434,3.993235150975056e-05,0.14938692699797684,0.0002838290735086321,1.0618045639957927,0.46032707799986383,0.0,0.0,0.0010074460001305852,0.0,5.6104357924696524e-05,0.2098864029962897,0.45931963199973325,0.10496939199992994,1.5481105189996924,0.4644393039998249,1.679049716999998,6.822974363000412,0.0,8.371084882000105,8.476054274000035,1e-07,,v7_btab_boxeig
35721,expanded_box,topk,20480,,20480,0,"[80, 80]","[161, 161]",25921,topk,20480,,20480,80000,25921,cheap,30,0.01,,cupy,6.637445567518829e-13,1.138963504054602e-13,1600,674,674,,674,320,25921,9800,132720640,2031.1406555291978,20311.40655529198,0.001,boxeig,20000,group_c,50,diag,0.001,50,auto,boxeig,2783,2784,9.700797678464525e-08,0,,2,USGS_LPC_IL_Winnebago_2018_ground_elevation_regression_ntrain300000000,False,NVIDIA A100-SXM4-40GB,cheap,320,0,320,320,0,0,2,35721,6.637445567518829e-13,1.138963504054602e-13,1e-05,,,boxeig,299999999.99957526,True,nan,0,0,,nan,0,0,0,0,False,2783.0,matern,0.1,1.5,1.0,1648656,20000,btab_boxeig_topk_20480_q320,189,2784,2783,75000000,300000000,cufinufft,binned_c1,50,2783,9.700797678464525e-08,pcg,converged,2783,True,0.1,0,61.11745189407293,0.11058275547801708,0.11057570701767183,0,0.1,boxeig,ok,0.0006355952270104975,1.7694971119972251,0.0004971258871787428,1.3835013440184412,245733.59331716324,9800,20311.40655529198,0.0033491300000605406,4.516298814708342e-05,0.12568859601333315,4.066751203776812e-05,0.11317768600110867,0.0003128875688041961,0.8707661039820778,0.5859950240001126,0.0,0.0,0.001019701000132045,0.0,5.663202623213521e-05,0.15760692900403228,0.5849753229999806,0.13093156500008263,1.5476328959998682,0.5902265940003417,1.6785875430000488,5.470245719000104,0.0,7.017878614999972,7.148810180000055,1e-07,,v7_btab_boxeig
35721,expanded_box,topk,32768,,32768,0,"[94, 94]","[189, 189]",35721,topk,32768,,32768,80000,35721,cheap,30,0.01,,cupy,1.842843582692205e-12,2.4702352835242945e-14,960,418,418,,418,192,35721,0,109737984,7837.726795223469,78377.26795223469,0.001,boxeig,20000,group_c,50,diag,0.001,50,auto,boxeig,803,804,9.548352813176931e-08,0,,2,USGS_LPC_IL_Winnebago_2018_ground_elevation_regression_ntrain300000000,False,NVIDIA A100-SXM4-40GB,cheap,192,0,192,192,0,0,2,35721,1.842843582692205e-12,2.4702352835242945e-14,1e-05,,,boxeig,299999999.99957526,True,nan,0,0,,nan,0,0,0,0,False,803.0,matern,0.1,1.5,1.0,2274064,20000,btab_boxeig_topk_32768_q192,189,804,803,75000000,300000000,cufinufft,binned_c1,50,803,9.548352813176931e-08,pcg,converged,803,True,0.1,0,0.0,0.1105829280785192,0.11057588296314665,0,0.1,boxeig,ok,0.0006373979962805533,0.5124679890095649,0.0004320768269112201,0.3469576920097097,0.0,0,78377.26795223469,0.004506051000134903,1.7135317554912285e-05,0.013759659996594564,3.071943213173817e-05,0.02466770400178575,0.0002872527384736409,0.23066394899433362,0.3742651469997327,0.0,0.0,0.000911622999865358,0.0,5.624437608559067e-05,0.04516423399672931,0.3733535239998673,0.07935251699973378,1.548155726999994,0.37954919599997083,1.6828651939999872,1.7363389069996629,0.0,3.284494633999657,3.3638471509993906,1e-07,,v7_btab_boxeig
35721,expanded_box,topk,32768,,32768,0,"[94, 94]","[189, 189]",35721,topk,32768,,32768,80000,35721,cheap,30,0.01,,cupy,1.041309588819072e-12,9.4961852614653e-14,1280,546,546,,546,256,35721,0,146317312,3648.772282887766,36487.72282887765,0.001,boxeig,20000,group_c,50,diag,0.001,50,auto,boxeig,540,541,9.922167158387069e-08,0,,2,USGS_LPC_IL_Winnebago_2018_ground_elevation_regression_ntrain300000000,False,NVIDIA A100-SXM4-40GB,cheap,256,0,256,256,0,0,2,35721,1.041309588819072e-12,9.4961852614653e-14,1e-05,,,boxeig,299999999.99957526,True,nan,0,0,,nan,0,0,0,0,False,540.0,matern,0.1,1.5,1.0,2274064,20000,btab_boxeig_topk_32768_q256,189,541,540,75000000,300000000,cufinufft,binned_c1,50,540,9.922167158387069e-08,pcg,converged,540,True,0.1,0,0.0,0.11058306315598317,0.11057601477718201,0,0.1,boxeig,ok,0.0006529713752155147,0.35325751399159344,0.0004950164203566803,0.26730886699260736,0.0,0,36487.72282887765,0.004450076000011904,1.7370459259095866e-05,0.009380047999911767,3.190654258728669e-05,0.01722953299713481,0.00034834955185269117,0.18810875800045324,1.498831248999977,0.0,0.0,0.0009350209998046921,0.0,5.617853333340598e-05,0.030336408000039228,1.4978962280001724,0.10516598100002739,1.5484123969999928,1.5042228889997205,1.67989228200031,2.466293657999813,0.0,4.014706054999806,4.119872035999833,1e-07,,v7_btab_boxeig
35721,expanded_box,topk,32768,,32768,0,"[94, 94]","[189, 189]",35721,topk,32768,,32768,80000,35721,cheap,30,0.01,,cupy,1.6808296406127962e-12,1.0767371116376112e-13,1600,674,674,,674,320,35721,0,182896640,2033.6508694950758,20336.508694950757,0.001,boxeig,20000,group_c,50,diag,0.001,50,auto,boxeig,408,409,9.971342209600114e-08,0,,2,USGS_LPC_IL_Winnebago_2018_ground_elevation_regression_ntrain300000000,False,NVIDIA A100-SXM4-40GB,cheap,320,0,320,320,0,0,2,35721,1.6808296406127962e-12,1.0767371116376112e-13,1e-05,,,boxeig,299999999.99957526,True,nan,0,0,,nan,0,0,0,0,False,408.0,matern,0.1,1.5,1.0,2274064,20000,btab_boxeig_topk_32768_q320,189,409,408,75000000,300000000,cufinufft,binned_c1,50,408,9.971342209600114e-08,pcg,converged,408,True,0.1,0,0.0,0.11058308525471323,0.11057604052666496,0,0.1,boxeig,ok,0.0006536609657692248,0.26734733499961294,0.0005439420318691423,0.22192834900261005,0.0,0,20336.508694950757,0.004491103999953339,1.7232117634907183e-05,0.007030703995042131,3.177696811685653e-05,0.012965002991677466,0.00039709913479845114,0.16201644699776807,1.5346969180000087,0.0,0.0,0.0009474900002715003,0.0,5.6616186264042935e-05,0.023099403995729517,1.5337494279997372,0.1355113579998033,1.5480046109996692,1.5402572029997827,1.6889925890000086,2.290145172999928,0.0,3.8381497839995973,3.9736611419994006,1e-07,,v7_btab_boxeig
35721,expanded_box,topk,35721,,36864,0,"[94, 94]","[189, 189]",35721,topk,35721,,36864,80000,35721,cheap,30,0.01,,cupy,2.2346088675453656e-12,2.683694228365325e-14,960,418,418,,418,192,35721,0,109737984,7837.726795223468,78377.26795223467,0.001,boxeig,20000,group_c,50,diag,0.001,50,auto,boxeig,794,795,9.71115172784746e-08,0,,2,USGS_LPC_IL_Winnebago_2018_ground_elevation_regression_ntrain300000000,False,NVIDIA A100-SXM4-40GB,cheap,192,0,192,192,0,0,2,35721,2.2346088675453656e-12,2.683694228365325e-14,1e-05,,,boxeig,299999999.99957526,True,nan,0,0,,nan,0,0,0,0,False,794.0,matern,0.1,1.5,1.0,2274064,20000,btab_boxeig_topk_36864_q192,189,795,794,75000000,300000000,cufinufft,binned_c1,50,794,9.71115172784746e-08,pcg,converged,794,True,0.1,0,0.0,0.11058296248768759,0.11057591976774099,0,0.1,boxeig,ok,0.0006426942113276886,0.5109418980055125,0.0004378866095728845,0.34768196800087026,0.0,0,78377.26795223467,0.0045299020002858015,1.777131990623616e-05,0.014110428005551512,3.2709269516449666e-05,0.025971159996061033,0.00028665215868970627,0.22760181399962676,0.35666826400029095,0.0,0.0,0.000890360000084911,0.0,5.886035390311567e-05,0.04673512099907384,0.35577790400020604,0.07992586899990783,1.5482206140000017,0.3619650739997269,1.6880435759999273,1.7138969899997392,0.0,3.262117603999741,3.3420434729996487,1e-07,,v7_btab_boxeig
35721,expanded_box,topk,35721,,36864,0,"[94, 94]","[189, 189]",35721,topk,35721,,36864,80000,35721,cheap,30,0.01,,cupy,7.972785939368849e-13,3.9679366752200004e-14,1280,546,546,,546,256,35721,0,146317312,3648.772282887767,36487.72282887767,0.001,boxeig,20000,group_c,50,diag,0.001,50,auto,boxeig,544,545,8.609873480318766e-08,0,,2,USGS_LPC_IL_Winnebago_2018_ground_elevation_regression_ntrain300000000,False,NVIDIA A100-SXM4-40GB,cheap,256,0,256,256,0,0,2,35721,7.972785939368849e-13,3.9679366752200004e-14,1e-05,,,boxeig,299999999.99957526,True,nan,0,0,,nan,0,0,0,0,False,544.0,matern,0.1,1.5,1.0,2274064,20000,btab_boxeig_topk_36864_q256,189,545,544,75000000,300000000,cufinufft,binned_c1,50,544,8.609873480318766e-08,pcg,converged,544,True,0.1,0,0.0,0.11058303690270578,0.11057599227380817,0,0.1,boxeig,ok,0.0006489625706350008,0.35368460099607546,0.0004908376011042372,0.267015655000705,0.0,0,36487.72282887767,0.004597902999648795,1.712661763770698e-05,0.009316879994912597,3.127363971888077e-05,0.01701286000707114,0.0003452631838280909,0.18782317200248144,0.46685999700002867,0.0,0.0,0.0009012529999381513,0.0,5.6446935663998105e-05,0.03070713300121497,0.4659587440000905,0.10640777400021761,1.5479826809996666,0.4723604449995946,1.6825514189999922,1.4376095480001823,0.0,2.985592228999849,3.0920000030000665,1e-07,,v7_btab_boxeig
35721,expanded_box,topk,35721,,36864,0,"[94, 94]","[189, 189]",35721,topk,35721,,36864,80000,35721,cheap,30,0.01,,cupy,1.5735467297162915e-12,1.1848174536285062e-13,1600,674,674,,674,320,35721,0,182896640,2033.6508694951008,20336.508694951008,0.001,boxeig,20000,group_c,50,diag,0.001,50,auto,boxeig,408,409,9.460206021261192e-08,0,,2,USGS_LPC_IL_Winnebago_2018_ground_elevation_regression_ntrain300000000,False,NVIDIA A100-SXM4-40GB,cheap,320,0,320,320,0,0,2,35721,1.5735467297162915e-12,1.1848174536285062e-13,1e-05,,,boxeig,299999999.99957526,True,nan,0,0,,nan,0,0,0,0,False,408.0,matern,0.1,1.5,1.0,2274064,20000,btab_boxeig_topk_36864_q320,189,409,408,75000000,300000000,cufinufft,binned_c1,50,408,9.460206021261192e-08,pcg,converged,408,True,0.1,0,0.0,0.11058308650210628,0.11057604146284437,0,0.1,boxeig,ok,0.0006435306039278755,0.2632040170065011,0.0005389935000097217,0.21990934800396644,0.0,0,20336.508694951008,0.004529518999788706,1.7386808831717788e-05,0.007093818003340857,3.134702941184407e-05,0.012789588000032381,0.00039360405637848194,0.16059045500242064,0.5858053810002275,0.0,0.0,0.0008830390002003696,0.0,5.589852695738598e-05,0.02280659899861348,0.5849223420000271,0.1321139020001283,1.5474961670001903,0.5913924159999624,1.6797594780000509,1.3310773479997806,0.0,2.878573514999971,3.0106874170000992,1e-07,,v7_btab_boxeig
1225,expanded_box,topk,1225,,2048,0,"[17, 17]","[35, 35]",1225,topk,1225,,2048,80000,1225,cheap,30,0.01,,,,,,,,,,,,,,,,,inverse,20000,group_c,50,diag,0.001,50,auto,auto,15,16,4.779682181551125e-08,0,,2,USGS_LPC_IL_Winnebago_2018_ground_elevation_regression_ntrain100000000,False,NVIDIA A100-SXM4-40GB,cheap,0,0,0,0,0,0,2,1225,,,1e-05,,,inverse,99999999.9998007,True,nan,0,50,diag,0.001,0,0,0,24010000,False,15.0,SE,0.1,1.5,1.0,0,20000,btab_auto_topk_2048,35,16,15,25000000,100000000,cufinufft,binned_c1,50,15,4.779682181551125e-08,pcg,converged,15,True,0.1,0,0.0,0.12884406534234286,0.1288735751682121,0,0.1,exact,ok,0.000638746937426049,0.010219950998816785,0.0002337560667001526,0.003506341000502289,0.0,0,,0.0005802600003335101,1.7273799979496592e-05,0.0002591069996924489,3.4825266629923136e-05,0.000522378999448847,8.478833324261359e-05,0.0012718249986392038,0.039732418000312464,0.033569045000149345,0.0030229390004024026,0.0,0.0026836229999389616,5.6755466600103926e-05,0.0008513319990015589,,3.883899989887141e-05,0.5066410210001777,0.04108954699995593,0.5089083600000777,0.06453245100010463,0.0004568109998217551,0.5711734720002823,0.5712123110001812,1e-07,,v6_btab
1225,expanded_box,topk,1225,,4096,0,"[17, 17]","[35, 35]",1225,topk,1225,,4096,80000,1225,cheap,30,0.01,,,,,,,,,,,,,,,,,inverse,20000,group_c,50,diag,0.001,50,auto,auto,15,16,4.779682124262955e-08,0,,2,USGS_LPC_IL_Winnebago_2018_ground_elevation_regression_ntrain100000000,False,NVIDIA A100-SXM4-40GB,cheap,0,0,0,0,0,0,2,1225,,,1e-05,,,inverse,99999999.9998007,True,nan,0,50,diag,0.001,0,0,0,24010000,False,15.0,SE,0.1,1.5,1.0,0,20000,btab_auto_topk_4096,35,16,15,25000000,100000000,cufinufft,binned_c1,50,15,4.779682124262955e-08,pcg,converged,15,True,0.1,0,0.0,0.1288440653423535,0.12887357516822318,0,0.1,exact,ok,0.0006350268750736632,0.01016043000117861,0.0002304956667103397,0.003457435000655096,0.0,0,,0.0005560700001296937,1.6282666638289812e-05,0.00024423999957434717,3.480366673708583e-05,0.0005220550010562874,8.396466661603578e-05,0.0012594699992405367,0.039888118999897415,0.0337748689998989,0.0030089830001998052,0.0,0.0026779869999700168,5.4318933295386765e-05,0.0008147839994308015,,3.1274999855668284e-05,0.5064802970000528,0.04118444699997781,0.506117341999925,0.06447836200004531,0.0004262799998286937,0.5709586590000981,0.5709899339999538,1e-07,,v6_btab
1225,expanded_box,topk,1225,,8192,0,"[17, 17]","[35, 35]",1225,topk,1225,,8192,80000,1225,cheap,30,0.01,,,,,,,,,,,,,,,,,inverse,20000,group_c,50,diag,0.001,50,auto,auto,15,16,4.779682187190228e-08,0,,2,USGS_LPC_IL_Winnebago_2018_ground_elevation_regression_ntrain100000000,False,NVIDIA A100-SXM4-40GB,cheap,0,0,0,0,0,0,2,1225,,,1e-05,,,inverse,99999999.9998007,True,nan,0,50,diag,0.001,0,0,0,24010000,False,15.0,SE,0.1,1.5,1.0,0,20000,btab_auto_topk_8192,35,16,15,25000000,100000000,cufinufft,binned_c1,50,15,4.779682187190228e-08,pcg,converged,15,True,0.1,0,0.0,0.12884406534235673,0.1288735751682263,0,0.1,exact,ok,0.0006346414375855147,0.010154263001368236,0.00023351500000596087,0.003502725000089413,0.0,0,,0.0005555660000027274,1.69691999568992e-05,0.000254537999353488,3.3882666654487065e-05,0.0005082399998173059,8.616466660290219e-05,0.0012924699990435329,0.03968973000019105,0.03357147500037172,0.0030208769999262586,0.0,0.0026732750002338435,5.642059995807358e-05,0.0008463089993711037,,3.011700027855113e-05,0.505688882999948,0.04101682099963,0.5063401679999515,0.06429065400016043,0.00042410299965922604,0.5699795370001084,0.570009654000387,1e-07,,v6_btab
1225,expanded_box,topk,1225,,16384,0,"[17, 17]","[35, 35]",1225,topk,1225,,16384,80000,1225,cheap,30,0.01,,,,,,,,,,,,,,,,,inverse,20000,group_c,50,diag,0.001,50,auto,auto,15,16,4.779682132811892e-08,0,,2,USGS_LPC_IL_Winnebago_2018_ground_elevation_regression_ntrain100000000,False,NVIDIA A100-SXM4-40GB,cheap,0,0,0,0,0,0,2,1225,,,1e-05,,,inverse,99999999.9998007,True,nan,0,50,diag,0.001,0,0,0,24010000,False,15.0,SE,0.1,1.5,1.0,0,20000,btab_auto_topk_16384,35,16,15,25000000,100000000,cufinufft,binned_c1,50,15,4.779682132811892e-08,pcg,converged,15,True,0.1,0,0.0,0.12884406534233842,0.12887357516820755,0,0.1,exact,ok,0.0006327060000046458,0.010123296000074333,0.00023232480001145935,0.0034848720001718902,0.0,0,,0.0005308199997671181,1.7414133344573203e-05,0.000261212000168598,3.374419996665286e-05,0.0005061629994997929,8.4670933332139e-05,0.001270063999982085,0.03965858399988065,0.033548202000019955,0.003026141999725951,0.0,0.0026633410002432356,5.686399996799688e-05,0.0008529599995199533,,3.0466999760392355e-05,0.5066675820003184,0.0409728970003016,0.5061254319998625,0.0642001269998218,0.0004208989998915058,0.5708677090001402,0.5708981759999006,1e-07,,v6_btab
1225,expanded_box,topk,1225,,16384,0,"[17, 17]","[35, 35]",1225,topk,1225,,16384,80000,1225,cheap,30,0.01,,cupy,1.6898655556919661e-12,1.7717738019588927e-14,960,418,418,,418,192,1225,0,3766272,336.9370731483755,3369.3707314837548,0.001,boxeig,20000,group_c,50,diag,0.001,50,auto,boxeig,136,137,9.002057341854765e-08,0,,2,USGS_LPC_IL_Winnebago_2018_ground_elevation_regression_ntrain100000000,False,NVIDIA A100-SXM4-40GB,cheap,192,0,192,192,0,0,2,1225,1.6898655556919661e-12,1.7717738019588927e-14,1e-05,,,boxeig,99999999.9998007,True,nan,0,0,,nan,0,0,0,0,False,136.0,SE,0.1,1.5,1.0,76176,20000,btab_boxeig_topk_16384_q192,35,137,136,25000000,100000000,cufinufft,binned_c1,50,136,9.002057341854765e-08,pcg,converged,136,True,0.1,0,0.0,0.12884470142050328,0.1288742282572718,0,0.1,boxeig,ok,0.0006777246131625268,0.09284827200326617,0.0003936339632526356,0.05353421900235844,0.0,0,3369.3707314837548,0.0006662810001216712,1.834530147829462e-05,0.0024949610010480683,3.076677942919345e-05,0.00418428200237031,0.00024323877206664773,0.03308047300106409,0.9560335850001138,0.0,0.0,0.0008449450001535297,0.0,5.8169698541084526e-05,0.007911079001587495,0.9551886399999603,0.07550356899992039,0.5069715849999739,0.9572371459998976,0.5058573050000632,1.1937353860002986,0.0,1.7007069710002725,1.7762105400001929,1e-07,,v7_btab_boxeig
1225,expanded_box,topk,1225,,16384,0,"[17, 17]","[35, 35]",1225,topk,1225,,16384,80000,1225,cheap,30,0.01,,cupy,1.4894468014251166e-11,4.509475198038713e-14,1280,546,546,,546,256,1225,0,5021696,18.308037802027496,183.08037802027494,0.001,boxeig,20000,group_c,50,diag,0.001,50,auto,boxeig,39,40,7.482525169079937e-08,0,,2,USGS_LPC_IL_Winnebago_2018_ground_elevation_regression_ntrain100000000,False,NVIDIA A100-SXM4-40GB,cheap,256,0,256,256,0,0,2,1225,1.4894468014251166e-11,4.509475198038713e-14,1e-05,,,boxeig,99999999.9998007,True,nan,0,0,,nan,0,0,0,0,False,39.0,SE,0.1,1.5,1.0,76176,20000,btab_boxeig_topk_16384_q256,35,40,39,25000000,100000000,cufinufft,binned_c1,50,39,7.482525169079937e-08,pcg,converged,39,True,0.1,0,0.0,0.12884463538673124,0.12887416515120195,0,0.1,boxeig,ok,0.000742987875014478,0.029719515000579122,0.0004298237948975069,0.01676312800100277,0.0,0,183.08037802027494,0.0005612079999082198,1.9727282039802492e-05,0.0007693639995522972,3.2954641016821813e-05,0.0012852309996560507,0.00026657117950890097,0.010396276000847138,0.45347229000026346,0.0,0.0,0.0008495179999954416,0.0,6.355769233451634e-05,0.002478750001046137,0.452622772000268,0.09982891600020594,0.5069224200001372,0.4544628720000219,0.5053778609999426,0.5294894139997268,0.0,1.036411833999864,1.13624075000007,1e-07,,v7_btab_boxeig
1225,expanded_box,topk,1225,,16384,0,"[17, 17]","[35, 35]",1225,topk,1225,,16384,80000,1225,cheap,30,0.01,,cupy,1.5158881587209994e-09,1.9925140899283056e-13,1600,674,674,,674,320,1225,0,6277120,1.3553561026638141,13.55356102663814,0.001,boxeig,20000,group_c,50,diag,0.001,50,auto,boxeig,10,11,6.876953810679201e-08,0,,2,USGS_LPC_IL_Winnebago_2018_ground_elevation_regression_ntrain100000000,False,NVIDIA A100-SXM4-40GB,cheap,320,0,320,320,0,0,2,1225,1.5158881587209994e-09,1.9925140899283056e-13,1e-05,,,boxeig,99999999.9998007,True,nan,0,0,,nan,0,0,0,0,False,10.0,SE,0.1,1.5,1.0,76176,20000,btab_boxeig_topk_16384_q320,35,11,10,25000000,100000000,cufinufft,binned_c1,50,10,6.876953810679201e-08,pcg,converged,10,True,0.1,0,0.0,0.12884529873878436,0.12887484123154616,0,0.1,boxeig,ok,0.0007618965454722373,0.008380862000194611,0.0004355610999482451,0.004355610999482451,0.0,0,13.55356102663814,0.0005271150002954528,1.963720005733194e-05,0.00019637200057331938,3.5128900071867976e-05,0.00035128900071867974,0.00026747150009214237,0.0026747150009214238,0.568091104999894,0.0,0.0,0.0008548199998585915,0.0,6.480739989456197e-05,0.0006480739989456197,0.5672362850000354,0.12472117700008312,0.5067183370001658,0.569062077000126,0.505080019000161,0.5895907399999487,0.0,1.0963090770001145,1.2210302540001976,1e-07,,v7_btab_boxeig
1225,expanded_box,topk,1225,,20480,0,"[17, 17]","[35, 35]",1225,topk,1225,,20480,80000,1225,cheap,30,0.01,,cupy,1.7934208011540005e-12,1.6329846961041284e-14,960,418,418,,418,192,1225,0,3766272,336.93707314837087,3369.3707314837084,0.001,boxeig,20000,group_c,50,diag,0.001,50,auto,boxeig,144,145,6.562226326386952e-08,0,,2,USGS_LPC_IL_Winnebago_2018_ground_elevation_regression_ntrain100000000,False,NVIDIA A100-SXM4-40GB,cheap,192,0,192,192,0,0,2,1225,1.7934208011540005e-12,1.6329846961041284e-14,1e-05,,,boxeig,99999999.9998007,True,nan,0,0,,nan,0,0,0,0,False,144.0,SE,0.1,1.5,1.0,76176,20000,btab_boxeig_topk_20480_q192,35,145,144,25000000,100000000,cufinufft,binned_c1,50,144,6.562226326386952e-08,pcg,converged,144,True,0.1,0,0.0,0.12884430573675482,0.12887382810734463,0,0.1,boxeig,ok,0.000675553468923242,0.09795525299387009,0.0003979011249839459,0.05729776199768821,0.0,0,3369.3707314837084,0.0005687410002792603,1.8354854142267464e-05,0.002643098996486515,3.093441670090316e-05,0.004454556004930055,0.0002463819930464221,0.03547900699868478,0.5831973409995044,0.0,0.0,0.0008640189998914138,0.0,5.914501389270299e-05,0.00851688200054923,0.582333321999613,0.07685329600008117,0.5068383050002012,0.5842015440002797,0.5075809449999724,0.8350744239996857,0.0,1.341912728999887,1.418766024999968,1e-07,,v7_btab_boxeig
1225,expanded_box,topk,1225,,20480,0,"[17, 17]","[35, 35]",1225,topk,1225,,20480,80000,1225,cheap,30,0.01,,cupy,2.0680336904836926e-11,5.381805526934538e-14,1280,546,546,,546,256,1225,0,5021696,18.308037802016592,183.0803780201659,0.001,boxeig,20000,group_c,50,diag,0.001,50,auto,boxeig,39,40,7.533780904620183e-08,0,,2,USGS_LPC_IL_Winnebago_2018_ground_elevation_regression_ntrain100000000,False,NVIDIA A100-SXM4-40GB,cheap,256,0,256,256,0,0,2,1225,2.0680336904836926e-11,5.381805526934538e-14,1e-05,,,boxeig,99999999.9998007,True,nan,0,0,,nan,0,0,0,0,False,39.0,SE,0.1,1.5,1.0,76176,20000,btab_boxeig_topk_20480_q256,35,40,39,25000000,100000000,cufinufft,binned_c1,50,39,7.533780904620183e-08,pcg,converged,39,True,0.1,0,0.0,0.1288446353735339,0.1288741651374036,0,0.1,boxeig,ok,0.0007406005500456558,0.029624022001826233,0.00043050523079448164,0.016789704000984784,0.0,0,183.0803780201659,0.0006316770000012184,1.963261534817717e-05,0.0007656719985789096,3.2151871822022186e-05,0.0012539230010588653,0.000267183769222193,0.010420166999665526,0.45333742399952826,0.0,0.0,0.000991577999684523,0.0,6.363779487937558e-05,0.0024818740002956474,0.45234584599984373,0.10062812200021654,0.5070573999996668,0.4544148269997095,0.5054844219998813,0.5294609330003368,0.0,1.0365183330000036,1.1371464550002202,1e-07,,v7_btab_boxeig
1225,expanded_box,topk,1225,,20480,0,"[17, 17]","[35, 35]",1225,topk,1225,,20480,80000,1225,cheap,30,0.01,,cupy,1.3903387602329573e-09,2.2261902302630112e-13,1600,674,674,,674,320,1225,0,6277120,1.3553561026657737,13.553561026657736,0.001,boxeig,20000,group_c,50,diag,0.001,50,auto,boxeig,10,11,6.864898538971751e-08,0,,2,USGS_LPC_IL_Winnebago_2018_ground_elevation_regression_ntrain100000000,False,NVIDIA A100-SXM4-40GB,cheap,320,0,320,320,0,0,2,1225,1.3903387602329573e-09,2.2261902302630112e-13,1e-05,,,boxeig,99999999.9998007,True,nan,0,0,,nan,0,0,0,0,False,10.0,SE,0.1,1.5,1.0,76176,20000,btab_boxeig_topk_20480_q320,35,11,10,25000000,100000000,cufinufft,binned_c1,50,10,6.864898538971751e-08,pcg,converged,10,True,0.1,0,0.0,0.12884529873667624,0.12887484123041962,0,0.1,boxeig,ok,0.0007611263636549252,0.008372390000204177,0.0004328006000378082,0.004328006000378082,0.0,0,13.553561026657736,0.0005602240003099723,1.9630999986475217e-05,0.00019630999986475217,3.3201500082213896e-05,0.00033201500082213897,0.000268429500010825,0.00268429500010825,0.5665601079995213,0.0,0.0,0.0008352599998033838,0.0,6.437799997911497e-05,0.0006437799997911497,0.5657248479997179,0.12501851900015026,0.5064204259997496,0.5675774490000549,0.5044149159998597,0.5880824770001709,0.0,1.0945029029999205,1.2195214220000707,1e-07,,v7_btab_boxeig
1225,expanded_box,topk,1225,,32768,0,"[17, 17]","[35, 35]",1225,topk,1225,,32768,80000,1225,cheap,30,0.01,,cupy,2.1467123697267915e-12,1.684605353322172e-14,960,418,418,,418,192,1225,0,3766272,336.9370731483656,3369.3707314836556,0.001,boxeig,20000,group_c,50,diag,0.001,50,auto,boxeig,144,145,9.73387805420427e-08,0,,2,USGS_LPC_IL_Winnebago_2018_ground_elevation_regression_ntrain100000000,False,NVIDIA A100-SXM4-40GB,cheap,192,0,192,192,0,0,2,1225,2.1467123697267915e-12,1.684605353322172e-14,1e-05,,,boxeig,99999999.9998007,True,nan,0,0,,nan,0,0,0,0,False,144.0,SE,0.1,1.5,1.0,76176,20000,btab_boxeig_topk_32768_q192,35,145,144,25000000,100000000,cufinufft,binned_c1,50,144,9.73387805420427e-08,pcg,converged,144,True,0.1,0,0.0,0.12884429792958152,0.12887382210368792,0,0.1,boxeig,ok,0.0006712457241331416,0.09733062999930553,0.00039414061108939476,0.056756247996872844,0.0,0,3369.3707314836556,0.0005373320000217063,1.8158243051402678e-05,0.0026147869994019857,3.0757833330754795e-05,0.00442912799962869,0.00024378404169548654,0.03510490200415006,0.3429337029997441,0.0,0.0,0.0008557480000490614,0.0,5.8606034716351336e-05,0.008439268999154592,0.34207795499969507,0.07634300600011557,0.5063163300001179,0.34389366000004884,0.5077489840000453,0.5931337399997574,0.0,1.0994500699998753,1.1757930759999908,1e-07,,v7_btab_boxeig
1225,expanded_box,topk,1225,,32768,0,"[17, 17]","[35, 35]",1225,topk,1225,,32768,80000,1225,cheap,30,0.01,,cupy,1.8007653481682486e-11,4.6508538025375295e-14,1280,546,546,,546,256,1225,0,5021696,18.308037802033496,183.08037802033496,0.001,boxeig,20000,group_c,50,diag,0.001,50,auto,boxeig,39,40,7.45197201571278e-08,0,,2,USGS_LPC_IL_Winnebago_2018_ground_elevation_regression_ntrain100000000,False,NVIDIA A100-SXM4-40GB,cheap,256,0,256,256,0,0,2,1225,1.8007653481682486e-11,4.6508538025375295e-14,1e-05,,,boxeig,99999999.9998007,True,nan,0,0,,nan,0,0,0,0,False,39.0,SE,0.1,1.5,1.0,76176,20000,btab_boxeig_topk_32768_q256,35,40,39,25000000,100000000,cufinufft,binned_c1,50,39,7.45197201571278e-08,pcg,converged,39,True,0.1,0,0.0,0.12884463536663235,0.12887416512933547,0,0.1,boxeig,ok,0.0007410598749743258,0.029642394998973032,0.00042967364100686374,0.016757271999267687,0.0,0,183.08037802033496,0.000533082999936596,1.9477974372141314e-05,0.0007596410005135112,3.361864100252905e-05,0.001311126999098633,0.00026483756412814657,0.010328665000997717,0.45036026399975526,0.0,0.0,0.0008663230000820477,0.0,6.451589745036192e-05,0.002516120000564115,0.4494939409996732,0.10009685700015325,0.5068751730000258,0.4513199859998167,0.5048601459998281,0.5263131030001205,0.0,1.0331882760001463,1.1332851330002995,1e-07,,v7_btab_boxeig
1225,expanded_box,topk,1225,,32768,0,"[17, 17]","[35, 35]",1225,topk,1225,,32768,80000,1225,cheap,30,0.01,,cupy,1.6291228589664264e-09,2.2083884504761968e-13,1600,674,674,,674,320,1225,0,6277120,1.355356102660083,13.55356102660083,0.001,boxeig,20000,group_c,50,diag,0.001,50,auto,boxeig,10,11,6.855740648699679e-08,0,,2,USGS_LPC_IL_Winnebago_2018_ground_elevation_regression_ntrain100000000,False,NVIDIA A100-SXM4-40GB,cheap,320,0,320,320,0,0,2,1225,1.6291228589664264e-09,2.2083884504761968e-13,1e-05,,,boxeig,99999999.9998007,True,nan,0,0,,nan,0,0,0,0,False,10.0,SE,0.1,1.5,1.0,76176,20000,btab_boxeig_topk_32768_q320,35,11,10,25000000,100000000,cufinufft,binned_c1,50,10,6.855740648699679e-08,pcg,converged,10,True,0.1,0,0.0,0.12884529873629488,0.12887484123125448,0,0.1,boxeig,ok,0.0007670776363242608,0.008437853999566869,0.00043138689989064005,0.0043138689989064005,0.0,0,13.55356102660083,0.0005552349998652062,1.966300005733501e-05,0.00019663000057335012,3.348200007167179e-05,0.0003348200007167179,0.00026698300002863106,0.0026698300002863107,0.5713677069998084,0.0,0.0,0.0008616969998911372,0.0,6.451340000239725e-05,0.0006451340000239725,0.5705060099999173,0.12438555100015947,0.5069194590000734,0.5723837619998449,0.5173499019997507,0.5929286529999445,0.0,1.0998481120000179,1.2242336630001773,1e-07,,v7_btab_boxeig
1225,expanded_box,topk,1225,,36864,0,"[17, 17]","[35, 35]",1225,topk,1225,,36864,80000,1225,cheap,30,0.01,,cupy,1.538525235591303e-12,1.9798557831908722e-14,960,418,418,,418,192,1225,0,3766272,336.93707314837013,3369.370731483701,0.001,boxeig,20000,group_c,50,diag,0.001,50,auto,boxeig,145,146,6.462391092360479e-08,0,,2,USGS_LPC_IL_Winnebago_2018_ground_elevation_regression_ntrain100000000,False,NVIDIA A100-SXM4-40GB,cheap,192,0,192,192,0,0,2,1225,1.538525235591303e-12,1.9798557831908722e-14,1e-05,,,boxeig,99999999.9998007,True,nan,0,0,,nan,0,0,0,0,False,145.0,SE,0.1,1.5,1.0,76176,20000,btab_boxeig_topk_36864_q192,35,146,145,25000000,100000000,cufinufft,binned_c1,50,145,6.462391092360479e-08,pcg,converged,145,True,0.1,0,0.0,0.12884429876533776,0.12887382147954776,0,0.1,boxeig,ok,0.0006754309451903967,0.09861291799779792,0.0003954663724157556,0.05734262400028456,0.0,0,3369.370731483701,0.000541606000297179,1.8371972406573056e-05,0.002663935998953093,3.055002070109838e-05,0.0044297530016592646,0.0002450818965465667,0.03553687499925218,0.34472020199973485,0.0,0.0,0.0008537989997421391,0.0,5.8490103433071235e-05,0.008481064997795329,0.3438664029999927,0.07675721900022836,0.5065458850003779,0.3456751759999861,0.511197920000086,0.5975921109998126,0.0,1.1041379960001905,1.1808952150004188,1e-07,,v7_btab_boxeig
1225,expanded_box,topk,1225,,36864,0,"[17, 17]","[35, 35]",1225,topk,1225,,36864,80000,1225,cheap,30,0.01,,cupy,1.7235191413961277e-11,4.6356458168961155e-14,1280,546,546,,546,256,1225,0,5021696,18.30803780202177,183.08037802021767,0.001,boxeig,20000,group_c,50,diag,0.001,50,auto,boxeig,38,39,9.837668596498457e-08,0,,2,USGS_LPC_IL_Winnebago_2018_ground_elevation_regression_ntrain100000000,False,NVIDIA A100-SXM4-40GB,cheap,256,0,256,256,0,0,2,1225,1.7235191413961277e-11,4.6356458168961155e-14,1e-05,,,boxeig,99999999.9998007,True,nan,0,0,,nan,0,0,0,0,False,38.0,SE,0.1,1.5,1.0,76176,20000,btab_boxeig_topk_36864_q256,35,39,38,25000000,100000000,cufinufft,binned_c1,50,38,9.837668596498457e-08,pcg,converged,38,True,0.1,0,0.0,0.1288449164561528,0.128874438662969,0,0.1,boxeig,ok,0.0008004659487550014,0.031218172001445055,0.0004329917631869313,0.01645368700110339,0.0,0,183.08037802021767,0.0005635549996441114,2.0169473648485636e-05,0.0007664399986424542,3.2956236856606615e-05,0.0012523370005510515,0.00026871139471040806,0.010211032998995506,0.5878153869998641,0.0,0.0,0.0008566340002289508,0.0,6.29718684099077e-05,0.0023929309995764925,0.5869587529996352,0.1005738020003264,0.5068276160000096,0.5888188930002798,0.5070118779999575,0.6644287879998956,0.0,1.1712564039999052,1.2718302060002316,1e-07,,v7_btab_boxeig
1225,expanded_box,topk,1225,,36864,0,"[17, 17]","[35, 35]",1225,topk,1225,,36864,80000,1225,cheap,30,0.01,,cupy,1.0738795159723051e-09,2.189497236464629e-13,1600,674,674,,674,320,1225,0,6277120,1.3553561026624863,13.553561026624863,0.001,boxeig,20000,group_c,50,diag,0.001,50,auto,boxeig,10,11,6.828654147598812e-08,0,,2,USGS_LPC_IL_Winnebago_2018_ground_elevation_regression_ntrain100000000,False,NVIDIA A100-SXM4-40GB,cheap,320,0,320,320,0,0,2,1225,1.0738795159723051e-09,2.189497236464629e-13,1e-05,,,boxeig,99999999.9998007,True,nan,0,0,,nan,0,0,0,0,False,10.0,SE,0.1,1.5,1.0,76176,20000,btab_boxeig_topk_36864_q320,35,11,10,25000000,100000000,cufinufft,binned_c1,50,10,6.828654147598812e-08,pcg,converged,10,True,0.1,0,0.0,0.128845298734985,0.12887484122862577,0,0.1,boxeig,ok,0.0007616374545333118,0.00837801199986643,0.00043441170000733107,0.004344117000073311,0.0,0,13.553561026624863,0.00056485100003556,2.0541999947454315e-05,0.00020541999947454315,3.2480100026077706e-05,0.0003248010002607771,0.0002703228998598206,0.002703228998598206,0.5705437249998795,0.0,0.0,0.0008505949999744189,0.0,6.278700011534966e-05,0.0006278700011534966,0.5696931299999051,0.1294508539999697,0.5064055210000333,0.5715597990001697,0.5043557620001593,0.5920639070000107,0.0,1.098469428000044,1.2279202820000137,1e-07,,v7_btab_boxeig
35721,expanded_box,topk,2048,,2048,0,"[25, 25]","[51, 51]",2601,topk,2048,,2048,80000,2601,cheap,30,0.01,,,,,,,,,,,,,,,,,inverse,20000,group_c,50,diag,0.001,50,auto,auto,819,820,9.77547843416388e-08,0,,2,USGS_LPC_IL_Winnebago_2018_ground_elevation_regression_ntrain100000000,False,NVIDIA A100-SXM4-40GB,cheap,0,0,0,0,0,0,2,35721,,,1e-05,,,inverse,99999999.99986596,True,nan,0,50,diag,0.001,0,0,0,108243216,False,819.0,matern,0.1,1.5,1.0,0,20000,btab_auto_topk_2048,189,820,819,25000000,100000000,cufinufft,binned_c1,50,819,9.77547843416388e-08,pcg,converged,819,True,0.1,0,5454.774512433066,0.027613684920263813,0.02764081718754924,0,0.1,exact,ok,0.0006257223329268482,0.5130923130000156,0.0003340491526221527,0.27358625599754305,6302112.012771339,33120,,0.001641979999931209,4.334675580353772e-05,0.03550099300309739,3.988216237788563e-05,0.03266349098748833,0.0001537359072001528,0.12590970799692514,0.2008639390001008,0.1781573160001244,0.014087517999996635,0.0,0.006945567000002484,5.5203549442663194e-05,0.045211706993541156,,0.0002648399999998219,0.5219787849996465,0.20340662900025563,0.5238080980002451,1.4869537360000322,0.0016735379999772704,2.0089325209996787,2.0091973609996785,1e-07,,v6_btab
35721,expanded_box,topk,4096,,4096,0,"[36, 36]","[73, 73]",5329,topk,4096,,4096,80000,5329,cheap,30,0.01,,,,,,,,,,,,,,,,,inverse,20000,group_c,50,diag,0.001,50,auto,auto,388,389,9.898693112011102e-08,0,,2,USGS_LPC_IL_Winnebago_2018_ground_elevation_regression_ntrain100000000,False,NVIDIA A100-SXM4-40GB,cheap,0,0,0,0,0,0,2,35721,,,1e-05,,,inverse,99999999.99986596,True,nan,0,50,diag,0.001,0,0,0,454371856,False,388.0,matern,0.1,1.5,1.0,0,20000,btab_auto_topk_4096,189,389,388,25000000,100000000,cufinufft,binned_c1,50,388,9.898693112011102e-08,pcg,converged,388,True,0.1,0,983.8544680280286,0.0276136829767072,0.027640815803915482,0,0.1,exact,ok,0.0006297787326484537,0.2449839270002485,0.0005977567267887635,0.23192960999404022,2124139.962108435,30392,,0.001802858999781165,4.334926031741319e-05,0.016819513003156317,4.23264922674957e-05,0.01642267899978833,0.00041385811340843273,0.1605769480024719,0.874730831999841,0.7491820800000824,0.09473491900007502,0.0,0.02477770399991641,5.555602062847272e-05,0.021555736003847414,,0.00025102600011450704,0.5221778310001355,0.8774824609999996,0.5105481309997231,1.591829055999824,0.006036128999767243,2.1140068869999595,2.114257913000074,1e-07,,v6_btab
35721,expanded_box,topk,8192,,8192,0,"[51, 51]","[103, 103]",10609,topk,8192,,8192,80000,10609,cheap,30,0.01,,,,,,,,,,,,,,,,,inverse,20000,group_c,50,diag,0.001,50,auto,auto,203,204,9.55093242855081e-08,0,,2,USGS_LPC_IL_Winnebago_2018_ground_elevation_regression_ntrain100000000,False,NVIDIA A100-SXM4-40GB,cheap,0,0,0,0,0,0,2,35721,,,1e-05,,,inverse,99999999.99986596,True,nan,0,50,diag,0.001,0,0,0,1800814096,False,203.0,matern,0.1,1.5,1.0,0,20000,btab_auto_topk_8192,189,204,203,25000000,100000000,cufinufft,binned_c1,50,203,9.55093242855081e-08,pcg,converged,203,True,0.1,0,184.0035079822119,0.02761368221219816,0.027640814257128336,0,0.1,exact,ok,0.0006364243186199554,0.1298305609984709,0.001627253857135244,0.33033253299845455,681483.853611585,25112,,0.002221647000169469,4.3763364542182046e-05,0.008883963002062956,4.5469182249389585e-05,0.009230243996626086,0.0014386819704283293,0.29205243999695085,3.7497701399997823,2.954100145999746,0.6191434069996831,0.0,0.15297138500000074,5.554335467006124e-05,0.01127530099802243,,0.00023062999980538734,0.5223515760003465,3.75303248299997,0.5098430019997977,4.33936718599989,0.023555202000352438,4.861718762000237,4.861949392000042,1e-07,,v6_btab
35721,expanded_box,topk,16384,,16384,0,"[72, 72]","[145, 145]",21025,topk,16384,,16384,80000,21025,cheap,30,0.01,,,,,,,,,,,,,,,,,inverse,20000,group_c,50,diag,0.001,50,auto,auto,92,94,9.191058912688342e-08,0,,2,USGS_LPC_IL_Winnebago_2018_ground_elevation_regression_ntrain100000000,False,NVIDIA A100-SXM4-40GB,cheap,0,0,0,0,0,0,2,35721,,,1e-05,,,inverse,99999999.99986596,True,0.8184088248540201,50,50,diag,0.001,4561,4653,4652,0,False,92.0,matern,0.1,1.5,1.0,1336336,20000,btab_auto_topk_16384,189,94,92,25000000,100000000,cufinufft,binned_c1,50,92,9.191058912688342e-08,fgmres,converged,92,True,0.1,0,34.18047257901823,0.027613926943387376,0.027641048229590525,0,0.1,inner_pcg,ok,0.000628187053193192,0.059049583000160055,0.05306284763041138,4.881781981997847,160856.4428134901,14696,,0.0030105010000625043,4.196194569154297e-05,0.0038604990036219533,4.695906518068311e-05,0.0043202339966228465,0.052872350293460324,4.86425622699835,0.00025765400005184347,0.0,0.0,0.00025765400005184347,0.0,6.233320649916213e-05,0.005734654997922917,,0.0001778809996721975,0.522632509000232,0.004113345999940066,0.5286994009998125,5.628699480999785,0.0,6.151331990000017,6.151509870999689,1e-07,,v6_btab
35721,expanded_box,topk,16384,,16384,0,"[72, 72]","[145, 145]",21025,topk,16384,,16384,80000,21025,cheap,30,0.01,,cupy,1.4064348198029842e-14,2.8827720365498606e-15,960,418,418,,418,192,21025,14696,64591872,27210.132719030298,272101.32719030295,0.001,boxeig,20000,group_c,50,diag,0.001,50,auto,boxeig,3457,3458,8.847626340334436e-08,0,,2,USGS_LPC_IL_Winnebago_2018_ground_elevation_regression_ntrain100000000,False,NVIDIA A100-SXM4-40GB,cheap,192,0,192,192,0,0,2,35721,1.4064348198029842e-14,2.8827720365498606e-15,1e-05,,,boxeig,99999999.99986596,True,nan,0,0,,nan,0,0,0,0,False,3457.0,matern,0.1,1.5,1.0,1336336,20000,btab_boxeig_topk_16384_q192,189,3458,3457,25000000,100000000,cufinufft,binned_c1,50,3457,8.847626340334436e-08,pcg,converged,3457,True,0.1,0,34.18047257901823,0.02761375826507155,0.027640886747551156,0,0.1,boxeig,ok,0.0006268063322736681,2.1674962970023444,0.00043406684379240334,1.5005690789903383,160856.4428134901,14696,272101.32719030295,0.0029510340000342694,4.466574196919674e-05,0.15440946998751315,3.9078587505551404e-05,0.1350946770066912,0.00025419865548684245,0.8787647520180144,0.3534195579995867,0.0,0.0,0.001007628999559529,0.0,5.522680966357994e-05,0.19091908100699584,0.35241192900002716,0.07975311500013049,0.5220352659998753,0.3569684290000623,0.5097879190002459,6.137310954999975,0.0,6.659346220999851,6.739099335999981,1e-07,,v7_btab_boxeig
35721,expanded_box,topk,16384,,16384,0,"[72, 72]","[145, 145]",21025,topk,16384,,16384,80000,21025,cheap,30,0.01,,cupy,6.945293395954738e-14,5.238635774728465e-15,1280,546,546,,546,256,21025,14696,86122496,13991.901175870018,139919.01175870016,0.001,boxeig,20000,group_c,50,diag,0.001,50,auto,boxeig,2423,2424,9.886179950335927e-08,0,,2,USGS_LPC_IL_Winnebago_2018_ground_elevation_regression_ntrain100000000,False,NVIDIA A100-SXM4-40GB,cheap,256,0,256,256,0,0,2,35721,6.945293395954738e-14,5.238635774728465e-15,1e-05,,,boxeig,99999999.99986596,True,nan,0,0,,nan,0,0,0,0,False,2423.0,matern,0.1,1.5,1.0,1336336,20000,btab_boxeig_topk_16384_q256,189,2424,2423,25000000,100000000,cufinufft,binned_c1,50,2423,9.886179950335927e-08,pcg,converged,2423,True,0.1,0,34.18047257901823,0.027613769155705292,0.027640898140878917,0,0.1,boxeig,ok,0.0006291168865488705,1.5249793329944623,0.000438544529510196,1.062593395003205,160856.4428134901,14696,139919.01175870016,0.0030055510001147923,4.517259100677299e-05,0.10945318800941095,4.106967354645286e-05,0.09951181900305528,0.0002538083409016276,0.6149776100046438,0.4570731500002694,0.0,0.0,0.0010107930002050125,0.0,5.677955550521478e-05,0.1375768629891354,0.45606235700006437,0.10234530299976541,0.522174497999913,0.46077328799992756,0.5092531329996746,4.526023778000308,0.0,5.048198276000221,5.1505435789999865,1e-07,,v7_btab_boxeig
35721,expanded_box,topk,16384,,16384,0,"[72, 72]","[145, 145]",21025,topk,16384,,16384,80000,21025,cheap,30,0.01,,cupy,1.3247385121921274e-13,7.877457124390041e-15,1600,674,674,,674,320,21025,14696,107653120,8293.24058779718,82932.40587797179,0.001,boxeig,20000,group_c,50,diag,0.001,50,auto,boxeig,1937,1938,9.986066512140735e-08,0,,2,USGS_LPC_IL_Winnebago_2018_ground_elevation_regression_ntrain100000000,False,NVIDIA A100-SXM4-40GB,cheap,320,0,320,320,0,0,2,35721,1.3247385121921274e-13,7.877457124390041e-15,1e-05,,,boxeig,99999999.99986596,True,nan,0,0,,nan,0,0,0,0,False,1937.0,matern,0.1,1.5,1.0,1336336,20000,btab_boxeig_topk_16384_q320,189,1938,1937,25000000,100000000,cufinufft,binned_c1,50,1937,9.986066512140735e-08,pcg,converged,1937,True,0.1,0,34.18047257901823,0.027613748628774522,0.027640880430336832,0,0.1,boxeig,ok,0.0006305830139317325,1.2220698809996975,0.0004582769122401757,0.8876823790092203,160856.4428134901,14696,82932.40587797179,0.003012168000168458,4.405114352490037e-05,0.08532706500773202,3.952693340301136e-05,0.076563670001633,0.0002761613727356329,0.534924578988921,0.5759137639997789,0.0,0.0,0.0009818929997891246,0.0,5.734683118303887e-05,0.11108081200154629,0.5749318709999898,0.12911619100032112,0.521761910999885,0.5797297110002546,0.517483517999608,3.880017835000217,0.0,4.401779746000102,4.530895937000423,1e-07,,v7_btab_boxeig
35721,expanded_box,topk,20480,,20480,0,"[80, 80]","[161, 161]",25921,topk,20480,,20480,80000,25921,cheap,30,0.01,,cupy,3.4139450672414015e-14,3.0289618452534506e-15,960,418,418,,418,192,25921,9800,79632384,27210.278143335443,272102.7814333544,0.001,boxeig,20000,group_c,50,diag,0.001,50,auto,boxeig,3392,3393,9.670890470855345e-08,0,,2,USGS_LPC_IL_Winnebago_2018_ground_elevation_regression_ntrain100000000,False,NVIDIA A100-SXM4-40GB,cheap,192,0,192,192,0,0,2,35721,3.4139450672414015e-14,3.0289618452534506e-15,1e-05,,,boxeig,99999999.99986596,True,nan,0,0,,nan,0,0,0,0,False,3392.0,matern,0.1,1.5,1.0,1648656,20000,btab_boxeig_topk_20480_q192,189,3393,3392,25000000,100000000,cufinufft,binned_c1,50,3392,9.670890470855345e-08,pcg,converged,3392,True,0.1,0,20.372483964692513,0.027613736929538286,0.02764087300135272,0,0.1,boxeig,ok,0.0006280357161768267,2.130925184987973,0.000444498108493544,1.5077375840101013,81911.1977723939,9800,272102.7814333544,0.003364705999956641,4.434907488118524e-05,0.15043206199698034,4.0918884431615845e-05,0.13879685599204095,0.0002591109758288669,0.8789044300115165,0.36015897700053756,0.0,0.0,0.0010195090003435325,0.0,5.858847464692018e-05,0.19873210600235325,0.35913946800019403,0.07883586500020101,0.522403512999972,0.36420002899967585,0.5229515659998469,6.054456461999962,0.0,6.576859974999934,6.655695840000135,1e-07,,v7_btab_boxeig
35721,expanded_box,topk,20480,,20480,0,"[80, 80]","[161, 161]",25921,topk,20480,,20480,80000,25921,cheap,30,0.01,,cupy,9.656110757676442e-14,5.017256308714807e-15,1280,546,546,,546,256,25921,9800,106176512,13992.022359061242,139920.2235906124,0.001,boxeig,20000,group_c,50,diag,0.001,50,auto,boxeig,2517,2518,9.54485305089853e-08,0,,2,USGS_LPC_IL_Winnebago_2018_ground_elevation_regression_ntrain100000000,False,NVIDIA A100-SXM4-40GB,cheap,256,0,256,256,0,0,2,35721,9.656110757676442e-14,5.017256308714807e-15,1e-05,,,boxeig,99999999.99986596,True,nan,0,0,,nan,0,0,0,0,False,2517.0,matern,0.1,1.5,1.0,1648656,20000,btab_boxeig_topk_20480_q256,189,2518,2517,25000000,100000000,cufinufft,binned_c1,50,2517,9.54485305089853e-08,pcg,converged,2517,True,0.1,0,20.372483964692513,0.0276137133092371,0.027640849869601063,0,0.1,boxeig,ok,0.0006285559130290529,1.5827037890071551,0.0004660480274147059,1.1730428850028147,81911.1977723939,9800,139920.2235906124,0.0034429319998707797,4.417086213779847e-05,0.11117806000083874,3.958301231879249e-05,0.0996304420064007,0.0002851260949545239,0.7176623810005367,0.5671385350001401,0.0,0.0,0.0010168250000788248,0.0,5.60048390922052e-05,0.14096417999508049,0.5661217100000613,0.10410443399996439,0.5223128120001093,0.5713620299998183,0.5284323999999287,4.871681669999816,0.0,5.3939944819999255,5.49809891599989,1e-07,,v7_btab_boxeig
35721,expanded_box,topk,20480,,20480,0,"[80, 80]","[161, 161]",25921,topk,20480,,20480,80000,25921,cheap,30,0.01,,cupy,5.718320274004246e-14,7.710143103236083e-15,1600,674,674,,674,320,25921,9800,132720640,8293.327214657284,82933.27214657282,0.001,boxeig,20000,group_c,50,diag,0.001,50,auto,boxeig,1921,1922,9.655927067047692e-08,0,,2,USGS_LPC_IL_Winnebago_2018_ground_elevation_regression_ntrain100000000,False,NVIDIA A100-SXM4-40GB,cheap,320,0,320,320,0,0,2,35721,5.718320274004246e-14,7.710143103236083e-15,1e-05,,,boxeig,99999999.99986596,True,nan,0,0,,nan,0,0,0,0,False,1921.0,matern,0.1,1.5,1.0,1648656,20000,btab_boxeig_topk_20480_q320,189,1922,1921,25000000,100000000,cufinufft,binned_c1,50,1921,9.655927067047692e-08,pcg,converged,1921,True,0.1,0,20.372483964692513,0.027613717629824393,0.027640853122453832,0,0.1,boxeig,ok,0.0006336966076989869,1.217964879997453,0.0004929203102443672,0.9468999159794294,81911.1977723939,9800,82933.27214657282,0.0033705129999361816,4.425176991059896e-05,0.0850076499982606,3.9888729833483614e-05,0.07662625001012202,0.0003114795632524142,0.5983522410078876,0.5905718610001713,0.0,0.0,0.0010083850002047257,0.0,5.6135743362488735e-05,0.10783676299934086,0.5895634759999666,0.13135330700015402,0.5218970149999222,0.5948115090000101,0.5211994979999872,3.9435942780000914,0.0,4.465491293000014,4.596844600000168,1e-07,,v7_btab_boxeig
35721,expanded_box,topk,32768,,32768,0,"[94, 94]","[189, 189]",35721,topk,32768,,32768,80000,35721,cheap,30,0.01,,cupy,1.7698106254618965e-14,3.255985264022986e-15,960,418,418,,418,192,35721,0,109737984,27210.36504044332,272103.6504044332,0.001,boxeig,20000,group_c,50,diag,0.001,50,auto,boxeig,1355,1356,9.906216658158466e-08,0,,2,USGS_LPC_IL_Winnebago_2018_ground_elevation_regression_ntrain100000000,False,NVIDIA A100-SXM4-40GB,cheap,192,0,192,192,0,0,2,35721,1.7698106254618965e-14,3.255985264022986e-15,1e-05,,,boxeig,99999999.99986596,True,nan,0,0,,nan,0,0,0,0,False,1355.0,matern,0.1,1.5,1.0,2274064,20000,btab_boxeig_topk_32768_q192,189,1356,1355,25000000,100000000,cufinufft,binned_c1,50,1355,9.906216658158466e-08,pcg,converged,1355,True,0.1,0,0.0,0.027613800117395004,0.02764092994269397,0,0.1,boxeig,ok,0.0006308056703488187,0.8553724889929981,0.0004324313276690335,0.5859444489915404,0.0,0,272103.6504044332,0.004327710999859846,1.7011903322802156e-05,0.02305112900239692,3.0472105546856908e-05,0.04128970301599111,0.0002894472937263734,0.39220108299923595,0.36061000100016827,0.0,0.0,0.0008912180001061643,0.0,5.5511998531456505e-05,0.07521875801012357,0.3597187830000621,0.07847385300010501,0.5221027389998198,0.3657130629999301,0.5226653569998234,2.6443075430001954,0.0,3.1664102820000153,3.2448841350001203,1e-07,,v7_btab_boxeig
35721,expanded_box,topk,32768,,32768,0,"[94, 94]","[189, 189]",35721,topk,32768,,32768,80000,35721,cheap,30,0.01,,cupy,6.405977038469461e-14,5.1779923919653175e-15,1280,546,546,,546,256,35721,0,146317312,13992.087775830909,139920.87775830907,0.001,boxeig,20000,group_c,50,diag,0.001,50,auto,boxeig,984,985,9.447312201849197e-08,0,,2,USGS_LPC_IL_Winnebago_2018_ground_elevation_regression_ntrain100000000,False,NVIDIA A100-SXM4-40GB,cheap,256,0,256,256,0,0,2,35721,6.405977038469461e-14,5.1779923919653175e-15,1e-05,,,boxeig,99999999.99986596,True,nan,0,0,,nan,0,0,0,0,False,984.0,matern,0.1,1.5,1.0,2274064,20000,btab_boxeig_topk_32768_q256,189,985,984,25000000,100000000,cufinufft,binned_c1,50,984,9.447312201849197e-08,pcg,converged,984,True,0.1,0,0.0,0.02761381864012914,0.027640945120896335,0,0.1,boxeig,ok,0.0006362472507601242,0.6267035419987224,0.0004875925691031049,0.4797910879974552,0.0,0,139920.87775830907,0.004303933999835863,1.697426220024999e-05,0.016702674005045992,3.0436073168070057e-05,0.029949095997380937,0.0003443254837451405,0.33881627600521824,0.47065408299977207,0.0,0.0,0.0008933029998843267,0.0,5.579684755722946e-05,0.054904097996313794,0.46976077999988775,0.10587746700002754,0.5219373130003078,0.4758581599999161,0.5108764100000371,2.1957836509996014,0.0,2.717720963999909,2.8235984309999367,1e-07,,v7_btab_boxeig
35721,expanded_box,topk,32768,,32768,0,"[94, 94]","[189, 189]",35721,topk,32768,,32768,80000,35721,cheap,30,0.01,,cupy,6.133884716692651e-14,9.593085290169114e-15,1600,674,674,,674,320,35721,0,182896640,8293.400475173681,82934.00475173681,0.001,boxeig,20000,group_c,50,diag,0.001,50,auto,boxeig,765,766,9.589682036201072e-08,0,,2,USGS_LPC_IL_Winnebago_2018_ground_elevation_regression_ntrain100000000,False,NVIDIA A100-SXM4-40GB,cheap,320,0,320,320,0,0,2,35721,6.133884716692651e-14,9.593085290169114e-15,1e-05,,,boxeig,99999999.99986596,True,nan,0,0,,nan,0,0,0,0,False,765.0,matern,0.1,1.5,1.0,2274064,20000,btab_boxeig_topk_32768_q320,189,766,765,25000000,100000000,cufinufft,binned_c1,50,765,9.589682036201072e-08,pcg,converged,765,True,0.1,0,0.0,0.027613826721562654,0.02764095322581065,0,0.1,boxeig,ok,0.000644457403396693,0.4936543710018668,0.0005394238209185881,0.41265922300271995,0.0,0,82934.00475173681,0.004311438000058843,1.716960261748884e-05,0.01313474600237896,3.1131313728728615e-05,0.023815455002477393,0.00039398325490729605,0.3013971900040815,0.6133838689997901,0.0,0.0,0.0008615709998593957,0.0,5.64672117553272e-05,0.04319741699282531,0.6125222979999307,0.13032327299970348,0.522368330000063,0.6187629159999233,0.5229705010001453,2.0049215619997085,0.0,2.5272898919997715,2.657613164999475,1e-07,,v7_btab_boxeig
35721,expanded_box,topk,35721,,36864,0,"[94, 94]","[189, 189]",35721,topk,35721,,36864,80000,35721,cheap,30,0.01,,cupy,1.7505651500330116e-14,3.032315107817172e-15,960,418,418,,418,192,35721,0,109737984,27210.36504044332,272103.6504044332,0.001,boxeig,20000,group_c,50,diag,0.001,50,auto,boxeig,1334,1335,9.59109148819845e-08,0,,2,USGS_LPC_IL_Winnebago_2018_ground_elevation_regression_ntrain100000000,False,NVIDIA A100-SXM4-40GB,cheap,192,0,192,192,0,0,2,35721,1.7505651500330116e-14,3.032315107817172e-15,1e-05,,,boxeig,99999999.99986596,True,nan,0,0,,nan,0,0,0,0,False,1334.0,matern,0.1,1.5,1.0,2274064,20000,btab_boxeig_topk_36864_q192,189,1335,1334,25000000,100000000,cufinufft,binned_c1,50,1334,9.59109148819845e-08,pcg,converged,1334,True,0.1,0,0.0,0.02761382079617314,0.027640949157021807,0,0.1,boxeig,ok,0.0006293577977558425,0.8401926600040497,0.0004322859924983383,0.5766695139927833,0.0,0,272103.6504044332,0.0044830970000475645,1.6887209146004026e-05,0.02252753700076937,3.071607121752856e-05,0.040975239004183095,0.0002880993845552559,0.38432457899671135,0.35212472199964395,0.0,0.0,0.0008864479996191221,0.0,5.634920089853321e-05,0.0751698339986433,0.35123827400002483,0.07836071700012326,0.5221193940001285,0.3573943970000073,0.5290451389996633,2.593166389000089,0.0,3.1152857830002176,3.193646500000341,1e-07,,v7_btab_boxeig
35721,expanded_box,topk,35721,,36864,0,"[94, 94]","[189, 189]",35721,topk,35721,,36864,80000,35721,cheap,30,0.01,,cupy,6.348398046205238e-14,5.324459869336602e-15,1280,546,546,,546,256,35721,0,146317312,13992.087775830902,139920.877758309,0.001,boxeig,20000,group_c,50,diag,0.001,50,auto,boxeig,1000,1001,9.063544963800293e-08,0,,2,USGS_LPC_IL_Winnebago_2018_ground_elevation_regression_ntrain100000000,False,NVIDIA A100-SXM4-40GB,cheap,256,0,256,256,0,0,2,35721,6.348398046205238e-14,5.324459869336602e-15,1e-05,,,boxeig,99999999.99986596,True,nan,0,0,,nan,0,0,0,0,False,1000.0,matern,0.1,1.5,1.0,2274064,20000,btab_boxeig_topk_36864_q256,189,1001,1000,25000000,100000000,cufinufft,binned_c1,50,1000,9.063544963800293e-08,pcg,converged,1000,True,0.1,0,0.0,0.02761379782416936,0.027640926764089125,0,0.1,boxeig,ok,0.0006349701958069263,0.6356051660027333,0.0004860873840034401,0.4860873840034401,0.0,0,139920.877758309,0.004555556000013894,1.698489199998221e-05,0.01698489199998221,3.041722399802893e-05,0.03041722399802893,0.0003431244550033625,0.3431244550033625,0.46830352000006314,0.0,0.0,0.0008784619999460119,0.0,5.5574574000274876e-05,0.05557457400027488,0.46742505800011713,0.10462377100020603,0.5223984079998445,0.4737740579998899,0.5121864409998125,2.217088856000373,0.0,2.7394872640002177,2.8441110350004237,1e-07,,v7_btab_boxeig
35721,expanded_box,topk,35721,,36864,0,"[94, 94]","[189, 189]",35721,topk,35721,,36864,80000,35721,cheap,30,0.01,,cupy,5.505453486449445e-14,8.638393029968127e-15,1600,674,674,,674,320,35721,0,182896640,8293.400475173677,82934.00475173676,0.001,boxeig,20000,group_c,50,diag,0.001,50,auto,boxeig,767,768,9.094522296424954e-08,0,,2,USGS_LPC_IL_Winnebago_2018_ground_elevation_regression_ntrain100000000,False,NVIDIA A100-SXM4-40GB,cheap,320,0,320,320,0,0,2,35721,5.505453486449445e-14,8.638393029968127e-15,1e-05,,,boxeig,99999999.99986596,True,nan,0,0,,nan,0,0,0,0,False,767.0,matern,0.1,1.5,1.0,2274064,20000,btab_boxeig_topk_36864_q320,189,768,767,25000000,100000000,cufinufft,binned_c1,50,767,9.094522296424954e-08,pcg,converged,767,True,0.1,0,0.0,0.0276138225858693,0.02764095007273927,0,0.1,boxeig,ok,0.0006376393971289455,0.48970705699503014,0.0005373629230692367,0.4121573619941046,0.0,0,82934.00475173676,0.0045112489997336525,1.6847147322678945e-05,0.012921761996494752,3.1097176009488015e-05,0.023851533999277308,0.00039331466492949213,0.30167234800092046,0.5845716559997527,0.0,0.0,0.0008692229998814582,0.0,5.583007562669115e-05,0.04282166800567211,0.5837024329998712,0.13074282099978518,0.5219796800001859,0.5901490080000258,0.5140488329998334,1.970278831000087,0.0,2.492258511000273,2.623001332000058,1e-07,,v7_btab_boxeig
