M,S_kind,active_mode,active_size,active_tau,active_topk,box_memory_bytes,box_radii,box_shape,box_size,btab_active_mode,btab_active_size_raw,btab_active_tau,btab_active_topk,btab_box_budget,btab_box_size,btab_diagnostic_mode,btab_diagnostic_power_iter,btab_diagnostic_tol,btab_eig_apply_batch_cols,btab_eig_backend,btab_eig_eig_residual_max,btab_eig_eig_residual_median,btab_eig_maxiter,btab_eig_n_ABB_matvec_cols,btab_eig_n_eig_matvec,btab_eig_ncv,btab_eig_ncv_actual,btab_eig_q,btab_eig_size_S,btab_eig_size_T,btab_eig_storage_bytes,btab_eig_theta_q1,btab_eig_theta_q1_over_sigma2,btab_eig_tol,btab_exact_apply_mode,btab_exact_box_max_size,btab_experiment_route,btab_inner_maxiter,btab_inner_precond,btab_inner_tol,btab_outer_gmres_restart,btab_outer_solver,btab_route_group,btab_solve_mode,cg_iters,cg_n_matvec,cg_relres,chol_memory_bytes,chunk_size,coord_nystrom_gamma,dataset_dim,dataset_stem,debug_finite_checks,device_name,diagnostic_mode,diagnostic_n_ASS_matvec,diagnostic_n_A_matvec,diagnostic_n_eig_matvec,diagnostic_n_matvec,diagnostic_n_power_iter,diagnostic_n_precond,dim,efgp_matrix_dim,eig_block_size,eig_n_iter,eig_nystrom_kernel_s,eig_residual_cols_rel,eig_residual_fro,eig_residual_fro_rel,eig_residual_max,eig_residual_median,eigen_apply_A_block_calls,eigen_n_matvec,eigen_t_matvec_avg,eigen_t_matvec_total,eps,exact_apply_mode,gamma,has_nufft,injected_eps_coord_topq,inner_last_relres,inner_max_iters,inner_maxiter,inner_precond,inner_tol,inner_total_iters,inner_total_matvec,inner_total_precond,inverse_memory_bytes,is_warmup,iterations,kernel_family,kernel_lengthscale,kernel_nu,kernel_variance,lambda1_coord_nystrom,local_fft_memory_bytes,maxiter,method,mtot,n_matvec,n_precond,n_test,n_train,non_v1_maxiter,nufft_backend,nufft_stage,outer_gmres_restart,outer_iters,outer_relres,outer_solver,outer_status,precond_apply_calls,precond_kind,profile_components,reg_lambda,repeat_idx,rho_max_T,rmse_test,rmse_train,run_seed,sigma2_equiv_reg_lambda,solve_mode,status,surrogate_tag,t_matvec_avg,t_matvec_total,t_precond_avg,t_precond_total,tail_energy,tail_size,theta_coord_topq,theta_q1_over_sigma2,time_active_set,time_box_gather_avg,time_box_gather_total,time_box_scatter_avg,time_box_scatter_total,time_box_solve_avg,time_box_solve_total,time_build_Ag,time_build_box_matrix,time_build_inverse,time_build_local_fft,time_cholesky,time_diag_avg,time_diag_total,time_eig_setup,time_eigenspace,time_post_diagnostics,time_precompute,time_precond_build,time_predict,time_solve,time_symmetrize_regularize,time_total,time_total_with_diagnostics,tol,top_q,v1_maxiter,version
35721,,,,,,,,,,,,,,,,,,,,,,,,,,,,,,,,,,,,,group_a,,,,,,group_a,,2792,2793,8.950527653045738e-08,,,,2,synthetic_true_func_2d_ntrain3000000,False,NVIDIA A100-SXM4-40GB,,,,,,,,2,35721,,,,,,,,,0,0,,,1e-05,,,True,,,,,,,,,,,False,2792.0,matern,0.1,1.5,1.0,,,80000,plain_cg,189,2793,,750000,3000000,3000,cufinufft,cufinufft,,,,,,,,True,0.1,0,,0.01305981824785349,0.29956258057199464,0,,,ok,,0.0010397513086288668,2.904025405000425,,,,,,,,,,,,,,,,,,,,,,,,2.309346431999984,,0.01877177800008667,4.795207244999915,,7.104556110999965,,1e-07,,80000,v1
35721,,,,,,,,,,,,,,,,,,,,,,,,,,,,,,,,,,,,,group_a,,,,,,group_a,,966,967,7.601478453308457e-08,,,nan,2,synthetic_true_func_2d_ntrain3000000,False,NVIDIA A100-SXM4-40GB,,,,,,,,2,35721,72,3,nan,,4818.465106373192,0.011142831312162932,,,5,352,0.0011528727141293612,0.40581119537353516,1e-05,,,True,[],,,,,,,,,,False,966.0,matern,0.1,1.5,1.0,nan,,3000,eigenpro_pcg_q64,189,967,966,750000,3000000,3000,cufinufft,binned_c1,,,,,,,full_eigenpro,True,0.1,0,,0.013122050797041018,0.2995611848831959,0,,,ok,,0.0006415285015525313,0.6203580610012978,0.0001974997795035599,0.19078478700043888,,,[],,,,,,,,,,,,,,,,,1.938377484000057,,2.003785195999967,0.4418786400000272,0.018392705999985992,1.4229276799999298,,5.806968999999981,,1e-07,64,80000,v3
35721,,,,,,,,,,,,,,,,,,,,,,,,,,,,,,,,,,,,,group_a,,,,,,group_a,,529,530,9.906503258228383e-08,,,nan,2,synthetic_true_func_2d_ntrain3000000,False,NVIDIA A100-SXM4-40GB,,,,,,,,2,35721,136,3,nan,,1818.1750961524688,0.004189030246685361,,,5,672,0.000525819426491147,0.3533506546020508,1e-05,,,True,[],,,,,,,,,,False,529.0,matern,0.1,1.5,1.0,nan,,3000,eigenpro_pcg_q128,189,530,529,750000,3000000,3000,cufinufft,binned_c1,,,,,,,full_eigenpro,True,0.1,0,,0.013122021650672123,0.29956118517212366,0,,,ok,,0.0006442769660373175,0.34146679199977825,0.00020969945179229825,0.11093100999812577,,,[],,,,,,,,,,,,,,,,,0.4288073750000194,,0.0423445989999891,0.00031880999995337334,0.017420224000034068,0.7876720689999956,,1.2591428529999575,,1e-07,128,80000,v3
35721,,,,,,,,,,,,,,,,,,,,,,,,,,,,,,,,,,,,,group_a,,,,,,group_a,,257,258,9.537329816644004e-08,,,nan,2,synthetic_true_func_2d_ntrain3000000,False,NVIDIA A100-SXM4-40GB,,,,,,,,2,35721,264,3,nan,,564.2532863699521,0.0012994463398018534,,,5,1312,0.0005426739483344845,0.7119882202148438,1e-05,,,True,[],,,,,,,,,,False,257.0,matern,0.1,1.5,1.0,nan,,3000,eigenpro_pcg_q256,189,258,257,750000,3000000,3000,cufinufft,binned_c1,,,,,,,full_eigenpro,True,0.1,0,,0.013122017985345073,0.2995611855602507,0,,,ok,,0.0006492004844987126,0.16749372500066784,0.00032889167315041734,0.08452515999965726,,,[],,,,,,,,,,,,,,,,,0.8504257219999545,,0.03560996399994565,0.0003309270000499964,0.017632513999956245,0.4181642849999889,,1.304530897999939,,1e-07,256,80000,v3
35721,,,,,,,,,,,,,,,,,,,,,,,,,,,,,,,,,,,,,group_a,,,,,,group_a,,195,196,9.53875753251642e-08,,,nan,2,synthetic_true_func_2d_ntrain3000000,False,NVIDIA A100-SXM4-40GB,,,,,,,,2,35721,328,3,nan,,374.7592138019749,0.0008630305605405253,,,5,1632,0.0005608765471215343,0.9153505249023438,1e-05,,,True,[],,,,,,,,,,False,195.0,matern,0.1,1.5,1.0,nan,,3000,eigenpro_pcg_q320,189,196,195,750000,3000000,3000,cufinufft,binned_c1,,,,,,,full_eigenpro,True,0.1,0,,0.01312202642414246,0.29956118605446397,0,,,ok,,0.0006496331836674518,0.12732810399882055,0.00037367073846384394,0.07286579400044957,,,[],,,,,,,,,,,,,,,,,1.0931085520001034,,0.03646106399992277,0.00031236699999226403,0.01744801400002416,0.3274010489999455,,1.457283031999964,,1e-07,320,80000,v3
35721,,,,,,,,,,,,,,,,,,,,,,,,,,,,,,,,,,,,,group_a,,,,,,group_a,,157,158,9.66091748944331e-08,,,nan,2,synthetic_true_func_2d_ntrain3000000,False,NVIDIA A100-SXM4-40GB,,,,,,,,2,35721,392,3,nan,,272.5065127530874,0.0006275477932611379,,,5,1952,0.0005679784993656346,1.1086940307617188,1e-05,,,True,[],,,,,,,,,,False,157.0,matern,0.1,1.5,1.0,nan,,3000,eigenpro_pcg_q384,189,158,157,750000,3000000,3000,cufinufft,binned_c1,,,,,,,full_eigenpro,True,0.1,0,,0.013122048463165838,0.2995611863674695,0,,,ok,,0.0006513704303828594,0.10291652800049178,0.0004260878662409109,0.06689579499982301,,,[],,,,,,,,,,,,,,,,,1.3212251049999395,,0.036299095000003945,0.00031920200001422927,0.017484190999994098,0.27348133999998936,,1.631324741999947,,1e-07,384,80000,v3
35721,,,,,,,,,,,,,,,,,,,,,,,,,,,,,,,,,,,,,group_a,,,,,,group_a,,131,132,9.209980604687137e-08,,,nan,2,synthetic_true_func_2d_ntrain3000000,False,NVIDIA A100-SXM4-40GB,,,,,,,,2,35721,456,3,nan,,204.0505160781059,0.0004699004155864469,,,5,2272,0.0005656567828755983,1.2851722106933594,1e-05,,,True,[],,,,,,,,,,False,131.0,matern,0.1,1.5,1.0,nan,,3000,eigenpro_pcg_q448,189,132,131,750000,3000000,3000,cufinufft,binned_c1,,,,,,,full_eigenpro,True,0.1,0,,0.013122042393094228,0.29956118651411806,0,,,ok,,0.0006450609545495491,0.08514804600054049,0.0004824371679349858,0.06319926899948314,,,[],,,,,,,,,,,,,,,,,1.5405806659999826,,0.036457155999983115,0.00029862099995625613,0.017317402999992737,0.23531034200004797,,1.81264678499997,,1e-07,448,80000,v3
35721,expanded_box,topk,512,,512,0,"[12, 12]","[25, 25]",625,topk,512,,512,80000,625,cheap,30,0.01,,,,,,,,,,,,,,,,,inverse,20000,group_a,50,diag,0.001,50,auto,group_a,auto,359,360,9.646465250745902e-08,0,,,2,synthetic_true_func_2d_ntrain3000000,False,NVIDIA A100-SXM4-40GB,cheap,0,0,0,0,0,0,2,35721,,,,,,,,,,,,,1e-05,inverse,2999999.999996535,True,,nan,0,50,diag,0.001,0,0,0,6250000,False,359.0,matern,0.1,1.5,1.0,,0,3000,btab_auto_topk_512,189,360,359,750000,3000000,3000,cufinufft,binned_c1,50,359,9.646465250745902e-08,pcg,converged,359,,True,0.1,0,3940.5524016829067,0.01312197763957728,0.2995611848467963,0,0.1,exact,ok,,0.0006421490916633528,0.23117367299880698,0.0002647387938732006,0.09504122700047901,1388670.8245110956,35096,,,0.007265926999934891,4.573779387903065e-05,0.016419868002572002,4.1473908079569304e-05,0.01488913300056538,7.672037325690954e-05,0.027542613999230525,0.7491287439999041,0.38714622599991344,0.12553972899991095,0.0,0.13325756300002922,5.787380223093178e-05,0.02077669500090451,,,0.00031086499996035855,0.0361701560000256,1.22091969600001,0.018327133999946454,1.7721073090000345,0.10318522600005053,1.8082774650000601,1.8085883300000205,1e-07,,80000,v6_btab
35721,expanded_box,topk,728,,728,0,"[15, 15]","[31, 31]",961,topk,728,,728,80000,961,cheap,30,0.01,,,,,,,,,,,,,,,,,inverse,20000,group_a,50,diag,0.001,50,auto,group_a,auto,283,284,7.712086132756268e-08,0,,,2,synthetic_true_func_2d_ntrain3000000,False,NVIDIA A100-SXM4-40GB,cheap,0,0,0,0,0,0,2,35721,,,,,,,,,,,,,1e-05,inverse,2999999.999996535,True,,nan,0,50,diag,0.001,0,0,0,14776336,False,283.0,matern,0.1,1.5,1.0,,0,3000,btab_auto_topk_728,189,284,283,750000,3000000,3000,cufinufft,binned_c1,50,283,7.712086132756268e-08,pcg,converged,283,,True,0.1,0,1580.874360297487,0.013121993035210743,0.29956118433379053,0,0.1,exact,ok,,0.000642153130283058,0.18237148900038846,0.0002750234770316506,0.07783164399995712,781433.9513283625,34760,,,0.001486763000002611,4.613576678798622e-05,0.0130564220010001,4.242784099140781e-05,0.01200707900056841,8.53390353407446e-05,0.024150947001430723,0.0310570369999823,0.025697707999938757,0.0027116250000744913,0.0,0.002357046999918566,5.82728551206576e-05,0.0164912179991461,,,0.00027112199995826813,0.04267728700006046,0.033473237999942285,0.018264446999978645,0.47135975699995925,0.0002906570000504871,0.5140370440000197,0.514308165999978,1e-07,,80000,v6_btab
35721,expanded_box,topk,1024,,1024,0,"[18, 18]","[37, 37]",1369,topk,1024,,1024,80000,1369,cheap,30,0.01,,,,,,,,,,,,,,,,,inverse,20000,group_a,50,diag,0.001,50,auto,group_a,auto,188,189,8.55067522287291e-08,0,,,2,synthetic_true_func_2d_ntrain3000000,False,NVIDIA A100-SXM4-40GB,cheap,0,0,0,0,0,0,2,35721,,,,,,,,,,,,,1e-05,inverse,2999999.999996535,True,,nan,0,50,diag,0.001,0,0,0,29986576,False,188.0,matern,0.1,1.5,1.0,,0,3000,btab_auto_topk_1024,189,189,188,750000,3000000,3000,cufinufft,binned_c1,50,188,8.55067522287291e-08,pcg,converged,188,,True,0.1,0,720.4550589697357,0.01312200900576,0.29956118438100676,0,0.1,exact,ok,,0.0006469666296284448,0.12227669299977606,0.0002894664574449372,0.05441969399964819,477730.6417516551,34352,,,0.001497856000014508,4.678494148981585e-05,0.00879556900008538,4.2429877657076894e-05,0.007976816999530456,9.927889362024096e-05,0.018664432000605302,0.0551039160000073,0.046507405999932416,0.004495341000051667,0.0,0.0035152140000036525,5.787581914926298e-05,0.01088065400006144,,,0.0002885789999709232,0.04277117500009808,0.057552700999963236,0.018410611000035715,0.35248782499991194,0.0005859550000195668,0.39525900000001,0.39554757899998094,1e-07,,80000,v6_btab
35721,expanded_box,topk,2048,,2048,0,"[25, 25]","[51, 51]",2601,topk,2048,,2048,80000,2601,cheap,30,0.01,,,,,,,,,,,,,,,,,inverse,20000,group_a,50,diag,0.001,50,auto,group_a,auto,111,112,7.604007204311471e-08,0,,,2,synthetic_true_func_2d_ntrain3000000,False,NVIDIA A100-SXM4-40GB,cheap,0,0,0,0,0,0,2,35721,,,,,,,,,,,,,1e-05,inverse,2999999.999996535,True,,nan,0,50,diag,0.001,0,0,0,108243216,False,111.0,matern,0.1,1.5,1.0,,0,3000,btab_auto_topk_2048,189,112,111,750000,3000000,3000,cufinufft,binned_c1,50,111,7.604007204311471e-08,pcg,converged,111,,True,0.1,0,163.64303525919675,0.013121999153497538,0.29956118425555245,0,0.1,exact,ok,,0.0006351383660724455,0.0711354970001139,0.00034271253153534206,0.038041091000422966,189063.12167941674,33120,,,0.0017023099999278202,4.5654189187410557e-05,0.005067614999802572,4.1928342351933975e-05,0.004654046001064671,0.00015564590089135955,0.01727669499894091,0.21174690600003032,0.1834249930000169,0.017770909999967444,0.0,0.008990786000026674,5.71401621624187e-05,0.006342558000028475,,,0.0002572070000042004,0.04250603499997396,0.21440703700000086,0.01818785700004355,0.3929454249999935,0.0015602170000192928,0.4354514599999675,0.4357086669999717,1e-07,,80000,v6_btab
35721,expanded_box,topk,4096,,4096,0,"[36, 36]","[73, 73]",5329,topk,4096,,4096,80000,5329,cheap,30,0.01,,,,,,,,,,,,,,,,,inverse,20000,group_a,50,diag,0.001,50,auto,group_a,auto,54,55,9.800450095673366e-08,0,,,2,synthetic_true_func_2d_ntrain3000000,False,NVIDIA A100-SXM4-40GB,cheap,0,0,0,0,0,0,2,35721,,,,,,,,,,,,,1e-05,inverse,2999999.999996535,True,,nan,0,50,diag,0.001,0,0,0,454371856,False,54.0,matern,0.1,1.5,1.0,,0,3000,btab_auto_topk_4096,189,55,54,750000,3000000,3000,cufinufft,binned_c1,50,54,9.800450095673366e-08,pcg,converged,54,,True,0.1,0,29.515596663265637,0.013122027481067389,0.29956118408263716,0,0.1,exact,ok,,0.0006477288909164517,0.03562508900040484,0.0006081367962956898,0.032839386999967246,63724.11692227467,30392,,,0.0018266449999373435,4.522022222393692e-05,0.0024418920000925937,4.3485240744892644e-05,0.0023482030002242027,0.0004182284444532848,0.02258433600047738,1.0127161340000157,0.8649790260000145,0.11052784900005008,0.0,0.03122977099997115,5.7401074065587134e-05,0.003099657999541705,,,0.00024268599997867568,0.042356080999979895,1.0157044869999936,0.017427775000101065,1.11861029399995,0.005979487999979938,1.16096637499993,1.1612090609999086,1e-07,,80000,v6_btab
35721,expanded_box,topk,2048,,2048,0,"[25, 25]","[51, 51]",2601,topk,2048,,2048,80000,2601,cheap,30,0.01,,cupy,4.090128457417371e-14,1.782696071889743e-15,960,418,418,,418,192,2601,33120,7993344,894.596085211199,8945.96085211199,0.001,boxeig,20000,group_a,50,diag,0.001,50,auto,group_a,boxeig,376,377,9.436485119301668e-08,0,,,2,synthetic_true_func_2d_ntrain3000000,False,NVIDIA A100-SXM4-40GB,cheap,192,0,192,192,0,0,2,35721,,,,,,,4.090128457417371e-14,1.782696071889743e-15,,,,,1e-05,boxeig,2999999.999996535,True,,nan,0,0,,nan,0,0,0,0,False,376.0,matern,0.1,1.5,1.0,,163216,3000,btab_boxeig_topk_2048_q192,189,377,376,750000,3000000,3000,cufinufft,binned_c1,50,376,9.436485119301668e-08,pcg,converged,376,,True,0.1,0,163.64303525919675,0.013122015994462614,0.2995611858732368,0,0.1,boxeig,ok,,0.0006596536790488514,0.248689437001417,0.00042920938031927033,0.16138272700004563,189063.12167941674,33120,,8945.96085211199,0.0016015810000453712,4.728830851262201e-05,0.017780404000745875,4.1424114364323284e-05,0.015575467000985554,0.0002367701143642907,0.0890255630009733,2.194283757999983,0.0,0.0,0.04971788900002139,0.0,6.0596406912731877e-05,0.022784248999187184,2.144565868999962,,0.7808013430000074,0.03569769300008829,2.299027948999992,0.018244333999973605,2.9520009389999586,0.0,2.987698632000047,3.7684999750000543,1e-07,,80000,v7_btab_boxeig
35721,expanded_box,topk,4096,,4096,0,"[36, 36]","[73, 73]",5329,topk,4096,,4096,80000,5329,cheap,30,0.01,,cupy,3.988438755255184e-14,2.094109630181172e-15,960,418,418,,418,192,5329,30392,16373760,894.8925042257509,8948.92504225751,0.001,boxeig,20000,group_a,50,diag,0.001,50,auto,group_a,boxeig,432,433,9.823528398788542e-08,0,,,2,synthetic_true_func_2d_ntrain3000000,False,NVIDIA A100-SXM4-40GB,cheap,192,0,192,192,0,0,2,35721,,,,,,,3.988438755255184e-14,2.094109630181172e-15,,,,,1e-05,boxeig,2999999.999996535,True,,nan,0,0,,nan,0,0,0,0,False,432.0,matern,0.1,1.5,1.0,,336400,3000,btab_boxeig_topk_4096_q192,189,433,432,750000,3000000,3000,cufinufft,binned_c1,50,432,9.823528398788542e-08,pcg,converged,432,,True,0.1,0,29.515596663265637,0.013122052245936978,0.29956118548883265,0,0.1,boxeig,ok,,0.0006569882448044116,0.28447591000031025,0.0004381761782362838,0.18929210899807458,63724.11692227467,30392,,8948.92504225751,0.0018808639999861043,4.6972307871400245e-05,0.020292037000444907,4.0982405090938266e-05,0.01770439899928533,0.00024855273842634744,0.1073747830001821,0.5067897100000209,0.0,0.0,0.1375390470000184,0.0,5.8702284720861066e-05,0.02535938699941198,0.36925066300000253,,0.07667193099996439,0.04311236999990342,0.5091505420000431,0.01826292300006571,1.2589548509999986,0.0,1.302067220999902,1.3787391519998664,1e-07,,80000,v7_btab_boxeig
35721,expanded_box,topk,4096,,4096,0,"[36, 36]","[73, 73]",5329,topk,4096,,4096,80000,5329,cheap,30,0.01,,cupy,3.683828055666498e-14,3.257250476399932e-15,1280,546,546,,546,256,5329,30392,21831680,451.0712297157274,4510.7122971572735,0.001,boxeig,20000,group_a,50,diag,0.001,50,auto,group_a,boxeig,306,307,9.575755663262432e-08,0,,,2,synthetic_true_func_2d_ntrain3000000,False,NVIDIA A100-SXM4-40GB,cheap,256,0,256,256,0,0,2,35721,,,,,,,3.683828055666498e-14,3.257250476399932e-15,,,,,1e-05,boxeig,2999999.999996535,True,,nan,0,0,,nan,0,0,0,0,False,306.0,matern,0.1,1.5,1.0,,336400,3000,btab_boxeig_topk_4096_q256,189,307,306,750000,3000000,3000,cufinufft,binned_c1,50,306,9.575755663262432e-08,pcg,converged,306,,True,0.1,0,29.515596663265637,0.013121990342664711,0.2995611860027585,0,0.1,boxeig,ok,,0.0006689362182374585,0.20536341899889976,0.00044434385293932945,0.13596921899943482,63724.11692227467,30392,,4510.7122971572735,0.0018380970000180241,4.6947330063443695e-05,0.01436588299941377,4.1316562089089536e-05,0.012642867999261398,0.00025218631699124293,0.07716901299932033,0.4899965869999505,0.0,0.0,0.0009685919999355974,0.0,6.007298693059496e-05,0.018382334000762057,0.4890279950000149,,0.10207416399998692,0.04287936499997613,0.4923269779999373,0.018267082000079427,1.0320175109999354,0.0,1.0748968759999116,1.1769710399998985,1e-07,,80000,v7_btab_boxeig
35721,expanded_box,topk,8192,,8192,0,"[51, 51]","[103, 103]",10609,topk,8192,,8192,80000,10609,cheap,30,0.01,,cupy,4.3742737606326164e-14,2.240944835671095e-15,960,418,418,,418,192,10609,25112,32593920,894.9358153611586,8949.358153611585,0.001,boxeig,20000,group_a,50,diag,0.001,50,auto,group_a,boxeig,468,469,9.552373498120822e-08,0,,,2,synthetic_true_func_2d_ntrain3000000,False,NVIDIA A100-SXM4-40GB,cheap,192,0,192,192,0,0,2,35721,,,,,,,4.3742737606326164e-14,2.240944835671095e-15,,,,,1e-05,boxeig,2999999.999996535,True,,nan,0,0,,nan,0,0,0,0,False,468.0,matern,0.1,1.5,1.0,,672400,3000,btab_boxeig_topk_8192_q192,189,469,468,750000,3000000,3000,cufinufft,binned_c1,50,468,9.552373498120822e-08,pcg,converged,468,,True,0.1,0,5.520098129764041,0.013122004623400046,0.2995611856384414,0,0.1,boxeig,ok,,0.0006549770405094186,0.3071842319989173,0.0004378225726478497,0.20490096399919366,20444.489090890373,25112,,8949.358153611585,0.002223367000055987,4.743657692317442e-05,0.022200318000045627,4.074653205090462e-05,0.019069376999823362,0.0002475512521370963,0.11585398600016106,0.40892325699996945,0.0,0.0,0.00161028599995916,0.0,5.9022070510868965e-05,0.027622328999086676,0.4073129710000103,,0.0788893349999853,0.043075778000002174,0.41166436299999987,0.018279891000020143,1.2226349769999842,0.0,1.2657107549999864,1.3446000899999717,1e-07,,80000,v7_btab_boxeig
35721,expanded_box,topk,8192,,8192,0,"[51, 51]","[103, 103]",10609,topk,8192,,8192,80000,10609,cheap,30,0.01,,cupy,3.941788904013295e-14,4.792426755744844e-15,1280,546,546,,546,256,10609,25112,43458560,451.11022499823827,4511.102249982382,0.001,boxeig,20000,group_a,50,diag,0.001,50,auto,group_a,boxeig,334,335,9.686248575443238e-08,0,,,2,synthetic_true_func_2d_ntrain3000000,False,NVIDIA A100-SXM4-40GB,cheap,256,0,256,256,0,0,2,35721,,,,,,,3.941788904013295e-14,4.792426755744844e-15,,,,,1e-05,boxeig,2999999.999996535,True,,nan,0,0,,nan,0,0,0,0,False,334.0,matern,0.1,1.5,1.0,,672400,3000,btab_boxeig_topk_8192_q256,189,335,334,750000,3000000,3000,cufinufft,binned_c1,50,334,9.686248575443238e-08,pcg,converged,334,,True,0.1,0,5.520098129764041,0.013122024948411666,0.2995611855883193,0,0.1,boxeig,ok,,0.000659076937314348,0.22079077400030656,0.00042953172454767563,0.14346359599892367,20444.489090890373,25112,,4511.102249982382,0.0021692199999279183,4.71039999959697e-05,0.01573273599865388,4.1107245509263924e-05,0.01372982000009415,0.00023855458083632807,0.07967722999933358,0.4826938749999954,0.0,0.0,0.0010592510000151378,0.0,5.9128844308059035e-05,0.01974903399889172,0.48163462399998025,,0.10410938999996233,0.04247488099997554,0.4854418339999711,0.018219219999991765,1.0640492470000709,0.0,1.1065241280000464,1.2106335180000087,1e-07,,80000,v7_btab_boxeig
35721,expanded_box,topk,8192,,8192,0,"[51, 51]","[103, 103]",10609,topk,8192,,8192,80000,10609,cheap,30,0.01,,cupy,1.7816242444666285e-13,5.334185713803838e-15,1600,674,674,,674,320,10609,25112,54323200,269.4071985089767,2694.0719850897667,0.001,boxeig,20000,group_a,50,diag,0.001,50,auto,group_a,boxeig,253,254,9.497288405701169e-08,0,,,2,synthetic_true_func_2d_ntrain3000000,False,NVIDIA A100-SXM4-40GB,cheap,320,0,320,320,0,0,2,35721,,,,,,,1.7816242444666285e-13,5.334185713803838e-15,,,,,1e-05,boxeig,2999999.999996535,True,,nan,0,0,,nan,0,0,0,0,False,253.0,matern,0.1,1.5,1.0,,672400,3000,btab_boxeig_topk_8192_q320,189,254,253,750000,3000000,3000,cufinufft,binned_c1,50,253,9.497288405701169e-08,pcg,converged,253,,True,0.1,0,5.520098129764041,0.013122010180529173,0.299561186373285,0,0.1,boxeig,ok,,0.0006756871929128,0.1716245469998512,0.0004415731027683405,0.11171799500039015,20444.489090890373,25112,,2694.0719850897667,0.0021954290000394394,4.724439129997494e-05,0.01195283099889366,4.1707980232477055e-05,0.010552118998816695,0.00024835590514080667,0.06283404400062409,0.6074553509999987,0.0,0.0,0.0009950080000180606,0.0,6.001822529732215e-05,0.015184611000222503,0.6064603429999806,,0.131346968999992,0.04242898100005732,0.6102894630000719,0.018364934000032918,1.0597388899999487,0.0,1.102167871000006,1.233514839999998,1e-07,,80000,v7_btab_boxeig
35721,expanded_box,topk,16384,,16384,0,"[72, 72]","[145, 145]",21025,topk,16384,,16384,80000,21025,cheap,30,0.01,,cupy,2.2993716671438535e-14,2.0699421120838734e-15,960,418,418,,418,192,21025,14696,64591872,894.941833694102,8949.41833694102,0.001,boxeig,20000,group_a,50,diag,0.001,50,auto,group_a,boxeig,456,457,9.811877953909892e-08,0,,,2,synthetic_true_func_2d_ntrain3000000,False,NVIDIA A100-SXM4-40GB,cheap,192,0,192,192,0,0,2,35721,,,,,,,2.2993716671438535e-14,2.0699421120838734e-15,,,,,1e-05,boxeig,2999999.999996535,True,,nan,0,0,,nan,0,0,0,0,False,456.0,matern,0.1,1.5,1.0,,1336336,3000,btab_boxeig_topk_16384_q192,189,457,456,750000,3000000,3000,cufinufft,binned_c1,50,456,9.811877953909892e-08,pcg,converged,456,,True,0.1,0,1.0254128453141527,0.013121977150559056,0.2995611861563436,0,0.1,boxeig,ok,,0.0006632361838071241,0.3030989359998557,0.00045361774780996767,0.20684969300134526,4825.686998984456,14696,,8949.41833694102,0.0030138890000444007,4.795476535304133e-05,0.021867373000986845,4.1232131579498966e-05,0.01880185200025153,0.0002616096776359443,0.1192940130019906,0.6000369779999346,0.0,0.0,0.14440744299997732,0.0,5.9343120612784094e-05,0.027060462999429546,0.4556295349999573,,0.07711973400000716,0.042325242000060825,0.6037260049999986,0.0182584860000361,1.4093541639999785,0.0,1.4516794060000393,1.5287991400000465,1e-07,,80000,v7_btab_boxeig
35721,expanded_box,topk,16384,,16384,0,"[72, 72]","[145, 145]",21025,topk,16384,,16384,80000,21025,cheap,30,0.01,,cupy,6.054040359141958e-14,4.419863347595417e-15,1280,546,546,,546,256,21025,14696,86122496,451.1156602739535,4511.156602739535,0.001,boxeig,20000,group_a,50,diag,0.001,50,auto,group_a,boxeig,318,319,9.78584543862085e-08,0,,,2,synthetic_true_func_2d_ntrain3000000,False,NVIDIA A100-SXM4-40GB,cheap,256,0,256,256,0,0,2,35721,,,,,,,6.054040359141958e-14,4.419863347595417e-15,,,,,1e-05,boxeig,2999999.999996535,True,,nan,0,0,,nan,0,0,0,0,False,318.0,matern,0.1,1.5,1.0,,1336336,3000,btab_boxeig_topk_16384_q256,189,319,318,750000,3000000,3000,cufinufft,binned_c1,50,318,9.78584543862085e-08,pcg,converged,318,,True,0.1,0,1.0254128453141527,0.013121984034119702,0.29956118658508885,0,0.1,boxeig,ok,,0.0006705061630110297,0.21389146600051845,0.000454813757855545,0.14463077499806332,4825.686998984456,14696,,4511.156602739535,0.00305868099997042,4.6873396230044967e-05,0.0149057400011543,4.189541509116588e-05,0.01332274199899075,0.00026398282075713886,0.08394653700077015,0.48844127000006665,0.0,0.0,0.0010224730000345517,0.0,5.834063522085654e-05,0.01855232200023238,0.4874187970000321,,0.10251029100004416,0.04300221599999077,0.49223285000005035,0.017655951000051573,1.0565608069999826,0.0,1.0995630229999733,1.2020733140000175,1e-07,,80000,v7_btab_boxeig
35721,expanded_box,topk,16384,,16384,0,"[72, 72]","[145, 145]",21025,topk,16384,,16384,80000,21025,cheap,30,0.01,,cupy,1.1821525692742044e-13,5.6342185103689184e-15,1600,674,674,,674,320,21025,14696,107653120,269.4135011782784,2694.1350117827837,0.001,boxeig,20000,group_a,50,diag,0.001,50,auto,group_a,boxeig,243,244,9.475372831022677e-08,0,,,2,synthetic_true_func_2d_ntrain3000000,False,NVIDIA A100-SXM4-40GB,cheap,320,0,320,320,0,0,2,35721,,,,,,,1.1821525692742044e-13,5.6342185103689184e-15,,,,,1e-05,boxeig,2999999.999996535,True,,nan,0,0,,nan,0,0,0,0,False,243.0,matern,0.1,1.5,1.0,,1336336,3000,btab_boxeig_topk_16384_q320,189,244,243,750000,3000000,3000,cufinufft,binned_c1,50,243,9.475372831022677e-08,pcg,converged,243,,True,0.1,0,1.0254128453141527,0.013122006105454645,0.299561186632796,0,0.1,boxeig,ok,,0.0006688318729517073,0.16319497700021657,0.00046957310699835645,0.11410626500060062,4825.686998984456,14696,,2694.1350117827837,0.003045106000058695,4.685130452746659e-05,0.011384867000174381,4.080239505446838e-05,0.009914981998235817,0.000279137403294261,0.06783038900050542,0.9342183810000506,0.0,0.0,0.0010171100000206934,0.0,5.897593415478688e-05,0.014331151999613212,0.9332012710000299,,0.12686453100002382,0.03750192999996216,0.9380654790001017,0.01744058799999948,1.37350385000002,0.0,1.4110057799999822,1.537870311000006,1e-07,,80000,v7_btab_boxeig
35721,,,,,,,,,,,,,,,,,,,,,,,,,,,,,,,,,,,,,group_a,,,,,,group_a,,1816,1817,7.18837690161503e-08,,,,2,synthetic_true_func_2d_ntrain1000000,False,NVIDIA A100-SXM4-40GB,,,,,,,,2,35721,,,,,,,,,0,0,,,1e-05,,,True,,,,,,,,,,,False,1816.0,matern,0.1,1.5,1.0,,,80000,plain_cg,189,1817,,250000,1000000,3000,cufinufft,cufinufft,,,,,,,,True,0.1,0,,0.018743272242684513,0.29904557071853866,0,,,ok,,0.0006355436439173639,1.1547828009978502,,,,,,,,,,,,,,,,,,,,,,,,0.01667488099997172,,0.010541456999931142,1.963270749000003,,1.979947333000041,,1e-07,,80000,v1
35721,,,,,,,,,,,,,,,,,,,,,,,,,,,,,,,,,,,,,group_a,,,,,,group_a,,636,637,9.348498776669333e-08,,,nan,2,synthetic_true_func_2d_ntrain1000000,False,NVIDIA A100-SXM4-40GB,,,,,,,,2,35721,72,3,nan,,1605.6152295806148,0.011141791463651851,,,5,352,0.0005119010968641801,0.18018918609619142,1e-05,,,True,[],,,,,,,,,,False,636.0,matern,0.1,1.5,1.0,nan,,3000,eigenpro_pcg_q64,189,637,636,250000,1000000,3000,cufinufft,binned_c1,,,,,,,full_eigenpro,True,0.1,0,,0.018934718981814244,0.29903525882118204,0,,,ok,,0.000640409739400076,0.4079410039978484,0.00018208878616702586,0.11580846800222844,,,[],,,,,,,,,,,,,,,,,0.22421728599999824,,0.026125922999995055,0.0003170319999981075,0.008852531000002273,0.9245564950000471,,1.1752167360000385,,1e-07,64,80000,v3
35721,,,,,,,,,,,,,,,,,,,,,,,,,,,,,,,,,,,,,group_a,,,,,,group_a,,346,347,8.702612684564308e-08,,,nan,2,synthetic_true_func_2d_ntrain1000000,False,NVIDIA A100-SXM4-40GB,,,,,,,,2,35721,136,3,nan,,606.1771133751462,0.004190860289524472,,,5,672,0.0005043961945034208,0.3389542427062988,1e-05,,,True,[],,,,,,,,,,False,346.0,matern,0.1,1.5,1.0,nan,,3000,eigenpro_pcg_q128,189,347,346,250000,1000000,3000,cufinufft,binned_c1,,,,,,,full_eigenpro,True,0.1,0,,0.018934708126498563,0.2990352589944473,0,,,ok,,0.0006493273919294937,0.22531660499953432,0.00021004234104164246,0.07267465000040829,,,[],,,,,,,,,,,,,,,,,0.4187394310000627,,0.0224326249999649,0.00029570399999556685,0.008430995000026087,0.5214667139999847,,0.9629344740000079,,1e-07,128,80000,v3
35721,,,,,,,,,,,,,,,,,,,,,,,,,,,,,,,,,,,,,group_a,,,,,,group_a,,167,168,9.764091209894814e-08,,,nan,2,synthetic_true_func_2d_ntrain1000000,False,NVIDIA A100-SXM4-40GB,,,,,,,,2,35721,264,3,nan,,188.16236653000587,0.0013002973950749879,,,5,1312,0.0005377295540600288,0.7055011749267578,1e-05,,,True,[],,,,,,,,,,False,167.0,matern,0.1,1.5,1.0,nan,,3000,eigenpro_pcg_q256,189,168,167,250000,1000000,3000,cufinufft,binned_c1,,,,,,,full_eigenpro,True,0.1,0,,0.018934729377480516,0.29903525921664525,0,,,ok,,0.000645638232138405,0.10846722299925204,0.0003274462215645934,0.054683519001287095,,,[],,,,,,,,,,,,,,,,,0.8455647449999333,,0.0201935530000128,0.000306082000065544,0.008276362999936282,0.27096884200000204,,1.1370332220000137,,1e-07,256,80000,v3
35721,,,,,,,,,,,,,,,,,,,,,,,,,,,,,,,,,,,,,group_a,,,,,,group_a,,130,131,9.148262032741505e-08,,,nan,2,synthetic_true_func_2d_ntrain1000000,False,NVIDIA A100-SXM4-40GB,,,,,,,,2,35721,328,3,nan,,125.03964763214016,0.0008640666708433832,,,5,1632,0.000550925797107173,0.8991109008789062,1e-05,,,True,[],,,,,,,,,,False,130.0,matern,0.1,1.5,1.0,nan,,3000,eigenpro_pcg_q320,189,131,130,250000,1000000,3000,cufinufft,binned_c1,,,,,,,full_eigenpro,True,0.1,0,,0.018934724020008863,0.2990352593072608,0,,,ok,,0.0006452608396963628,0.08452917000022353,0.00037143357692544807,0.04828636500030825,,,[],,,,,,,,,,,,,,,,,1.0730211260000715,,0.0193881819999433,0.0003166760000112845,0.008207642000002124,0.2175235199999861,,1.3102495040000122,,1e-07,320,80000,v3
35721,,,,,,,,,,,,,,,,,,,,,,,,,,,,,,,,,,,,,group_a,,,,,,group_a,,104,105,9.345592395156102e-08,,,nan,2,synthetic_true_func_2d_ntrain1000000,False,NVIDIA A100-SXM4-40GB,,,,,,,,2,35721,392,3,nan,,90.95784850739513,0.0006285440926777861,,,5,1952,0.0005602203275336594,1.0935500793457031,1e-05,,,True,[],,,,,,,,,,False,104.0,matern,0.1,1.5,1.0,nan,,3000,eigenpro_pcg_q384,189,105,104,250000,1000000,3000,cufinufft,binned_c1,,,,,,,full_eigenpro,True,0.1,0,,0.018934699275251283,0.2990352595444112,0,,,ok,,0.0006526394000058558,0.06852713700061486,0.0004257260673101043,0.044275511000250845,,,[],,,,,,,,,,,,,,,,,1.3053404190000037,,0.01923695499999667,0.00030380099997273646,0.008184503999927983,0.18277900800001134,,1.5076601829999845,,1e-07,384,80000,v3
35721,,,,,,,,,,,,,,,,,,,,,,,,,,,,,,,,,,,,,group_a,,,,,,group_a,,86,87,9.577851263449767e-08,,,nan,2,synthetic_true_func_2d_ntrain1000000,False,NVIDIA A100-SXM4-40GB,,,,,,,,2,35721,456,3,nan,,68.18776959459873,0.0004711945516505473,,,5,2272,0.0005702985978462327,1.2957184143066407,1e-05,,,True,[],,,,,,,,,,False,86.0,matern,0.1,1.5,1.0,nan,,3000,eigenpro_pcg_q448,189,87,86,250000,1000000,3000,cufinufft,binned_c1,,,,,,,full_eigenpro,True,0.1,0,,0.018934695863948105,0.2990352597931069,0,,,ok,,0.0006462403678207774,0.05622291200040763,0.0004790052674392491,0.04119445299977542,,,[],,,,,,,,,,,,,,,,,1.5507481770000595,,0.01931564399990293,0.00030400499997540464,0.008202376999975058,0.15556283600005827,,1.7259306619999961,,1e-07,448,80000,v3
35721,expanded_box,topk,512,,512,0,"[12, 12]","[25, 25]",625,topk,512,,512,80000,625,cheap,30,0.01,,,,,,,,,,,,,,,,,inverse,20000,group_a,50,diag,0.001,50,auto,group_a,auto,250,251,9.578275683520172e-08,0,,,2,synthetic_true_func_2d_ntrain1000000,False,NVIDIA A100-SXM4-40GB,cheap,0,0,0,0,0,0,2,35721,,,,,,,,,,,,,1e-05,inverse,999999.9999990036,True,,nan,0,50,diag,0.001,0,0,0,6250000,False,250.0,matern,0.1,1.5,1.0,,0,3000,btab_auto_topk_512,189,251,250,250000,1000000,3000,cufinufft,binned_c1,50,250,9.578275683520172e-08,pcg,converged,250,,True,0.1,0,1313.5162625646642,0.01893470384651295,0.2990352585110991,0,0.1,exact,ok,,0.0006446677410364947,0.16181160300016018,0.00025892778800061934,0.06473194700015483,462889.79153952876,35096,,,0.0014854470000500442,4.520519599373074e-05,0.011301298998432685,3.990894400067191e-05,0.009977236000167977,7.432052399781242e-05,0.018580130999453104,0.011503446999995504,0.008829985000033957,0.0011158779999504986,0.0,0.0013345560000743717,5.743722800434625e-05,0.014359307001086563,,,0.00027431800003796525,0.019246668000050704,0.013880174000064471,0.008275722999997015,0.39592296799992255,0.00022302799993667577,0.41516963599997325,0.4154439540000112,1e-07,,80000,v6_btab
35721,expanded_box,topk,728,,728,0,"[15, 15]","[31, 31]",961,topk,728,,728,80000,961,cheap,30,0.01,,,,,,,,,,,,,,,,,inverse,20000,group_a,50,diag,0.001,50,auto,group_a,auto,176,177,7.628885013491607e-08,0,,,2,synthetic_true_func_2d_ntrain1000000,False,NVIDIA A100-SXM4-40GB,cheap,0,0,0,0,0,0,2,35721,,,,,,,,,,,,,1e-05,inverse,999999.9999990036,True,,nan,0,50,diag,0.001,0,0,0,14776336,False,176.0,matern,0.1,1.5,1.0,,0,3000,btab_auto_topk_728,189,177,176,250000,1000000,3000,cufinufft,binned_c1,50,176,7.628885013491607e-08,pcg,converged,176,,True,0.1,0,526.9575903838531,0.01893471091106019,0.2990352588724108,0,0.1,exact,ok,,0.0006457710395483508,0.11430147400005808,0.00026983811932397697,0.04749150900101995,260477.69866000637,34760,,,0.001481069999954343,4.493319317979492e-05,0.007908241999643906,4.119088067837269e-05,0.007249594999393594,8.36841988545571e-05,0.014728418998402049,0.02497466500005885,0.02072678700005781,0.0021682999999939057,0.0,0.0017954470000631773,5.7569397727971506e-05,0.010132214000122985,,,0.0002719539999134213,0.019820441999968352,0.027347405000000435,0.00811417900001743,0.3004439649999995,0.0002841309999439545,0.32026440699996783,0.32053636099988125,1e-07,,80000,v6_btab
35721,expanded_box,topk,1024,,1024,0,"[18, 18]","[37, 37]",1369,topk,1024,,1024,80000,1369,cheap,30,0.01,,,,,,,,,,,,,,,,,inverse,20000,group_a,50,diag,0.001,50,auto,group_a,auto,130,131,9.951442472835665e-08,0,,,2,synthetic_true_func_2d_ntrain1000000,False,NVIDIA A100-SXM4-40GB,cheap,0,0,0,0,0,0,2,35721,,,,,,,,,,,,,1e-05,inverse,999999.9999990035,True,,nan,0,50,diag,0.001,0,0,0,29986576,False,130.0,matern,0.1,1.5,1.0,,0,3000,btab_auto_topk_1024,189,131,130,250000,1000000,3000,cufinufft,binned_c1,50,130,9.951442472835665e-08,pcg,converged,130,,True,0.1,0,240.1514319738039,0.018934705737114022,0.29903525842901085,0,0.1,exact,ok,,0.0006431048549701637,0.08424673600109145,0.00027981716923215153,0.0363762320001797,159243.36811658772,34352,,,0.0014676219999500972,4.5147076921763914e-05,0.005869119999829309,4.0587176926447474e-05,0.0052763330004381714,9.540979230870597e-05,0.012403273000131776,0.04927787599990552,0.04242693099990902,0.0035945089999813717,0.0,0.00274094500002775,5.655503076171114e-05,0.007352153999022448,,,0.00026064600001518556,0.019323088999954052,0.05170339200003582,0.008236085999897114,0.25373368300006405,0.000515490999987378,0.2730567720000181,0.2733174180000333,1e-07,,80000,v6_btab
35721,expanded_box,topk,2048,,2048,0,"[25, 25]","[51, 51]",2601,topk,2048,,2048,80000,2601,cheap,30,0.01,,,,,,,,,,,,,,,,,inverse,20000,group_a,50,diag,0.001,50,auto,group_a,auto,72,73,8.676979398306208e-08,0,,,2,synthetic_true_func_2d_ntrain1000000,False,NVIDIA A100-SXM4-40GB,cheap,0,0,0,0,0,0,2,35721,,,,,,,,,,,,,1e-05,inverse,999999.9999990036,True,,nan,0,50,diag,0.001,0,0,0,108243216,False,72.0,matern,0.1,1.5,1.0,,0,3000,btab_auto_topk_2048,189,73,72,250000,1000000,3000,cufinufft,binned_c1,50,72,8.676979398306208e-08,pcg,converged,72,,True,0.1,0,54.547617087714336,0.018934713141418338,0.29903525892180627,0,0.1,exact,ok,,0.0006639709314989488,0.04846987799942326,0.0003526478472303375,0.0253906450005843,63020.96740053105,33120,,,0.001577661999931479,4.703699999058447e-05,0.0033866639993220815,4.4302833333947296e-05,0.003189804000044205,0.0001583464583379484,0.011400945000332285,0.2116660960000445,0.18338342100003047,0.017855484000051547,0.0,0.008848078000028181,5.895036110972443e-05,0.004244425999900159,,,0.00025701900005969947,0.02248920099998486,0.21422549200008234,0.00907520900000236,0.3352996419999954,0.0015791129999342957,0.35778884299998026,0.35804586200003996,1e-07,,80000,v6_btab
35721,expanded_box,topk,4096,,4096,0,"[36, 36]","[73, 73]",5329,topk,4096,,4096,80000,5329,cheap,30,0.01,,,,,,,,,,,,,,,,,inverse,20000,group_a,50,diag,0.001,50,auto,group_a,auto,35,36,6.3056657508712e-08,0,,,2,synthetic_true_func_2d_ntrain1000000,False,NVIDIA A100-SXM4-40GB,cheap,0,0,0,0,0,0,2,35721,,,,,,,,,,,,,1e-05,inverse,999999.9999990035,True,,nan,0,50,diag,0.001,0,0,0,454371856,False,35.0,matern,0.1,1.5,1.0,,0,3000,btab_auto_topk_4096,189,36,35,250000,1000000,3000,cufinufft,binned_c1,50,35,6.3056657508712e-08,pcg,converged,35,,True,0.1,0,9.838520765396813,0.018934718870558358,0.29903525792924646,0,0.1,exact,ok,,0.0006773415277842156,0.02438429500023176,0.0006272983428711346,0.02195544200048971,21241.347193688827,30392,,,0.0018227900000056252,4.908162857191201e-05,0.0017178570000169202,4.9290000005644937e-05,0.0017251500001975728,0.0004246223999968736,0.014861783999890577,0.9171529279999504,0.7590489269999807,0.12087761299994781,0.0,0.031218476000049122,5.837000000091004e-05,0.0020429500000318512,,,0.0002603939999517024,0.022821816000032413,0.919965378000029,0.008472622999988744,0.9898638040000378,0.006007911999972748,1.0126856200000702,1.012946014000022,1e-07,,80000,v6_btab
35721,expanded_box,topk,2048,,2048,0,"[25, 25]","[51, 51]",2601,topk,2048,,2048,80000,2601,cheap,30,0.01,,cupy,3.6097357173532084e-14,2.0005795146650583e-15,960,418,418,,418,192,2601,33120,7993344,298.69774115330335,2986.9774115330333,0.001,boxeig,20000,group_a,50,diag,0.001,50,auto,group_a,boxeig,280,281,9.549805773192295e-08,0,,,2,synthetic_true_func_2d_ntrain1000000,False,NVIDIA A100-SXM4-40GB,cheap,192,0,192,192,0,0,2,35721,,,,,,,3.6097357173532084e-14,2.0005795146650583e-15,,,,,1e-05,boxeig,999999.9999990035,True,,nan,0,0,,nan,0,0,0,0,False,280.0,matern,0.1,1.5,1.0,,163216,3000,btab_boxeig_topk_2048_q192,189,281,280,250000,1000000,3000,cufinufft,binned_c1,50,280,9.549805773192295e-08,pcg,converged,280,,True,0.1,0,54.54761708771433,0.018934671372087413,0.2990352590753348,0,0.1,boxeig,ok,,0.0006713829039096718,0.18865859599861778,0.0004273152142843628,0.11964825999962159,63020.96740053104,33120,,2986.9774115330333,0.0016696359999741617,4.68099928586493e-05,0.013106798000421804,3.990490357068666e-05,0.011173372999792264,0.0002385034464290519,0.06678096500013453,0.35338963000015156,0.0,0.0,0.0009666990000596343,0.0,5.87187714310338e-05,0.016441256000689464,0.3524229310000919,,0.07580770499998835,0.019832710999935443,0.3555051479999065,0.008247636999954011,0.8464950290000388,0.0,0.8663277399999743,0.9421354449999626,1e-07,,80000,v7_btab_boxeig
35721,expanded_box,topk,4096,,4096,0,"[36, 36]","[73, 73]",5329,topk,4096,,4096,80000,5329,cheap,30,0.01,,cupy,4.991039968389614e-14,2.0336292520170542e-15,960,418,418,,418,192,5329,30392,16373760,298.8013572786887,2988.013572786887,0.001,boxeig,20000,group_a,50,diag,0.001,50,auto,group_a,boxeig,303,304,9.933730504590031e-08,0,,,2,synthetic_true_func_2d_ntrain1000000,False,NVIDIA A100-SXM4-40GB,cheap,192,0,192,192,0,0,2,35721,,,,,,,4.991039968389614e-14,2.0336292520170542e-15,,,,,1e-05,boxeig,999999.9999990036,True,,nan,0,0,,nan,0,0,0,0,False,303.0,matern,0.1,1.5,1.0,,336400,3000,btab_boxeig_topk_4096_q192,189,304,303,250000,1000000,3000,cufinufft,binned_c1,50,303,9.933730504590031e-08,pcg,converged,303,,True,0.1,0,9.838520765396813,0.01893475616637756,0.2990352608144677,0,0.1,boxeig,ok,,0.0006624235624999498,0.20137676299998475,0.0004371214818486959,0.13244780900015485,21241.347193688827,30392,,2988.013572786887,0.0017662280000649844,4.640810890924684e-05,0.014061656999501793,4.051690098882624e-05,0.012276620999614352,0.00024829301320034887,0.0752327829997057,0.35370860299997275,0.0,0.0,0.0009328200000027209,0.0,5.826283168302349e-05,0.017653637999956118,0.35277578299997003,,0.07643759600000521,0.019256099000017457,0.35592264299998533,0.008937970000033602,0.8857748049999827,0.0,0.9050309040000002,0.9814685000000054,1e-07,,80000,v7_btab_boxeig
35721,expanded_box,topk,4096,,4096,0,"[36, 36]","[73, 73]",5329,topk,4096,,4096,80000,5329,cheap,30,0.01,,cupy,3.123546297788877e-14,3.49776778629986e-15,1280,546,546,,546,256,5329,30392,21831680,150.17770620438904,1501.7770620438903,0.001,boxeig,20000,group_a,50,diag,0.001,50,auto,group_a,boxeig,216,217,9.890974837235452e-08,0,,,2,synthetic_true_func_2d_ntrain1000000,False,NVIDIA A100-SXM4-40GB,cheap,256,0,256,256,0,0,2,35721,,,,,,,3.123546297788877e-14,3.49776778629986e-15,,,,,1e-05,boxeig,999999.9999990036,True,,nan,0,0,,nan,0,0,0,0,False,216.0,matern,0.1,1.5,1.0,,336400,3000,btab_boxeig_topk_4096_q256,189,217,216,250000,1000000,3000,cufinufft,binned_c1,50,216,9.890974837235452e-08,pcg,converged,216,,True,0.1,0,9.838520765396813,0.018934763683771127,0.29903526098255767,0,0.1,boxeig,ok,,0.0006758221705110502,0.1466534110008979,0.0004453072500004501,0.09618636600009722,21241.347193688827,30392,,1501.7770620438903,0.0017711450000206241,4.8158074074914715e-05,0.010402144000181579,4.1492773150850926e-05,0.0089624390005838,0.00025103744444634313,0.05422408800041012,0.5078181850000192,0.0,0.0,0.0009419289999641478,0.0,6.0456990741773484e-05,0.013058710000223073,0.506876256000055,,0.1018684599999915,0.022324979000018175,0.5100674660000095,0.008995305999974335,0.8955955540000105,0.0,0.9179205330000286,1.0197889930000201,1e-07,,80000,v7_btab_boxeig
35721,expanded_box,topk,8192,,8192,0,"[51, 51]","[103, 103]",10609,topk,8192,,8192,80000,10609,cheap,30,0.01,,cupy,3.8267737039536044e-14,2.181691453659648e-15,960,418,418,,418,192,10609,25112,32593920,298.81703567458754,2988.1703567458753,0.001,boxeig,20000,group_a,50,diag,0.001,50,auto,group_a,boxeig,305,306,9.636902691646991e-08,0,,,2,synthetic_true_func_2d_ntrain1000000,False,NVIDIA A100-SXM4-40GB,cheap,192,0,192,192,0,0,2,35721,,,,,,,3.8267737039536044e-14,2.181691453659648e-15,,,,,1e-05,boxeig,999999.9999990036,True,,nan,0,0,,nan,0,0,0,0,False,305.0,matern,0.1,1.5,1.0,,672400,3000,btab_boxeig_topk_8192_q192,189,306,305,250000,1000000,3000,cufinufft,binned_c1,50,305,9.636902691646991e-08,pcg,converged,305,,True,0.1,0,1.8400305308994407,0.018934753795907172,0.299035259733627,0,0.1,boxeig,ok,,0.00067741057190267,0.20728763500221703,0.0004669925606564351,0.1424327310002127,6814.82156974284,25112,,2988.1703567458753,0.002211580999983198,4.7234055738477224e-05,0.014406387000235554,4.104795081625749e-05,0.012519624998958534,0.00026339544590241605,0.0803356110002369,0.35234553400016466,0.0,0.0,0.0009973240000817896,0.0,7.276547212686488e-05,0.02219346899869379,0.3513482100000829,,0.07687312699999893,0.0225536049999846,0.35508367700003873,0.008760125999970114,0.9068620120000332,0.0,0.9294156170000178,1.0062887440000168,1e-07,,80000,v7_btab_boxeig
35721,expanded_box,topk,8192,,8192,0,"[51, 51]","[103, 103]",10609,topk,8192,,8192,80000,10609,cheap,30,0.01,,cupy,3.3817629055475834e-14,4.2426618833466066e-15,1280,546,546,,546,256,10609,25112,43458560,150.19158731055234,1501.9158731055234,0.001,boxeig,20000,group_a,50,diag,0.001,50,auto,group_a,boxeig,213,214,9.462045721530753e-08,0,,,2,synthetic_true_func_2d_ntrain1000000,False,NVIDIA A100-SXM4-40GB,cheap,256,0,256,256,0,0,2,35721,,,,,,,3.3817629055475834e-14,4.2426618833466066e-15,,,,,1e-05,boxeig,999999.9999990035,True,,nan,0,0,,nan,0,0,0,0,False,213.0,matern,0.1,1.5,1.0,,672400,3000,btab_boxeig_topk_8192_q256,189,214,213,250000,1000000,3000,cufinufft,binned_c1,50,213,9.462045721530753e-08,pcg,converged,213,,True,0.1,0,1.8400305308994405,0.01893479430233444,0.29903525951054033,0,0.1,boxeig,ok,,0.0006748425046687932,0.14441629599912176,0.0004389916244149326,0.09350521600038064,6814.82156974284,25112,,1501.9158731055234,0.0022032699999954275,4.784809859618161e-05,0.010191645000986682,4.158013144872161e-05,0.008856567998577702,0.00024394793427092454,0.05196090999970693,0.46686356000009255,0.0,0.0,0.000991026000065176,0.0,6.126494835832129e-05,0.013049434000322435,0.46587253400002737,,0.10327484799995545,0.022584625000035885,0.4696639570000798,0.008903347999989819,0.8472970489999625,0.0,0.8698816739999984,0.9731565219999538,1e-07,,80000,v7_btab_boxeig
35721,expanded_box,topk,8192,,8192,0,"[51, 51]","[103, 103]",10609,topk,8192,,8192,80000,10609,cheap,30,0.01,,cupy,7.683084280148259e-14,5.501328397315469e-15,1600,674,674,,674,320,10609,25112,54323200,89.73452420675979,897.3452420675978,0.001,boxeig,20000,group_a,50,diag,0.001,50,auto,group_a,boxeig,161,162,9.656176156941534e-08,0,,,2,synthetic_true_func_2d_ntrain1000000,False,NVIDIA A100-SXM4-40GB,cheap,320,0,320,320,0,0,2,35721,,,,,,,7.683084280148259e-14,5.501328397315469e-15,,,,,1e-05,boxeig,999999.9999990036,True,,nan,0,0,,nan,0,0,0,0,False,161.0,matern,0.1,1.5,1.0,,672400,3000,btab_boxeig_topk_8192_q320,189,162,161,250000,1000000,3000,cufinufft,binned_c1,50,161,9.656176156941534e-08,pcg,converged,161,,True,0.1,0,1.8400305308994407,0.01893467027406352,0.2990352615613037,0,0.1,boxeig,ok,,0.000696270469134499,0.11279581599978883,0.0004500137391306221,0.07245221200003016,6814.82156974284,25112,,897.3452420675978,0.0021851760000117793,4.856336646462409e-05,0.007818702000804478,4.342129192599098e-05,0.006990828000084548,0.00024868547825957177,0.04003836199979105,0.5880193559999043,0.0,0.0,0.0009969259999706992,0.0,6.123042857768794e-05,0.009858099001007758,0.5870224299999336,,0.13101403099994968,0.023272684000062327,0.5908313099999987,0.008843006000006426,0.8847184090000155,0.0,0.9079910930000779,1.0390051240000275,1e-07,,80000,v7_btab_boxeig
35721,expanded_box,topk,16384,,16384,0,"[72, 72]","[145, 145]",21025,topk,16384,,16384,80000,21025,cheap,30,0.01,,cupy,4.9149879543222153e-14,2.2664118892903957e-15,960,418,418,,418,192,21025,14696,64591872,298.81947113815573,2988.194711381557,0.001,boxeig,20000,group_a,50,diag,0.001,50,auto,group_a,boxeig,264,265,9.486980360421307e-08,0,,,2,synthetic_true_func_2d_ntrain1000000,False,NVIDIA A100-SXM4-40GB,cheap,192,0,192,192,0,0,2,35721,,,,,,,4.9149879543222153e-14,2.2664118892903957e-15,,,,,1e-05,boxeig,999999.9999990036,True,,nan,0,0,,nan,0,0,0,0,False,264.0,matern,0.1,1.5,1.0,,1336336,3000,btab_boxeig_topk_16384_q192,189,265,264,250000,1000000,3000,cufinufft,binned_c1,50,264,9.486980360421307e-08,pcg,converged,264,,True,0.1,0,0.34180387351518965,0.01893470453808109,0.2990352580478106,0,0.1,boxeig,ok,,0.0006719394150959144,0.17806394500041733,0.0004562156590962428,0.1204409340014081,1608.5604066036042,14696,,2988.194711381557,0.002996205000044938,4.864316287658064e-05,0.012841794999417289,4.131879166527941e-05,0.010908160999633765,0.00026304615530284883,0.06944418499995209,0.35266483199995946,0.0,0.0,0.0010154870000178562,0.0,5.987360606327181e-05,0.015806632000703758,0.3516493449999416,,0.07727300800002013,0.022012827000025936,0.3563035969999646,0.008809085000052619,0.8269520619999184,0.0,0.8489648889999444,0.9262378969999645,1e-07,,80000,v7_btab_boxeig
35721,expanded_box,topk,16384,,16384,0,"[72, 72]","[145, 145]",21025,topk,16384,,16384,80000,21025,cheap,30,0.01,,cupy,3.3504189989055614e-14,4.2855381326050965e-15,1280,546,546,,546,256,21025,14696,86122496,150.1938307770662,1501.938307770662,0.001,boxeig,20000,group_a,50,diag,0.001,50,auto,group_a,boxeig,186,187,9.994653918949227e-08,0,,,2,synthetic_true_func_2d_ntrain1000000,False,NVIDIA A100-SXM4-40GB,cheap,256,0,256,256,0,0,2,35721,,,,,,,3.3504189989055614e-14,4.2855381326050965e-15,,,,,1e-05,boxeig,999999.9999990036,True,,nan,0,0,,nan,0,0,0,0,False,186.0,matern,0.1,1.5,1.0,,1336336,3000,btab_boxeig_topk_16384_q256,189,187,186,250000,1000000,3000,cufinufft,binned_c1,50,186,9.994653918949227e-08,pcg,converged,186,,True,0.1,0,0.34180387351518965,0.01893468033110437,0.2990352577340832,0,0.1,boxeig,ok,,0.0006773467112289705,0.12666383499981748,0.0004614398279525836,0.08582780799918055,1608.5604066036042,14696,,1501.938307770662,0.00300872699995125,4.926916129431535e-05,0.009164064000742655,4.17714408578137e-05,0.007769487999553348,0.00026681314516134727,0.04962724500001059,0.4658075500000223,0.0,0.0,0.0010051069999690299,0.0,5.947373118752077e-05,0.011062114000878864,0.46480244300005324,,0.10341960999994626,0.02185814099993877,0.4695599089999405,0.008583885000007285,0.8037231350000411,0.0,0.8255812759999799,0.9290008859999261,1e-07,,80000,v7_btab_boxeig
35721,expanded_box,topk,16384,,16384,0,"[72, 72]","[145, 145]",21025,topk,16384,,16384,80000,21025,cheap,30,0.01,,cupy,8.263467452586791e-14,5.616157808403832e-15,1600,674,674,,674,320,21025,14696,107653120,89.7369770336472,897.3697703364719,0.001,boxeig,20000,group_a,50,diag,0.001,50,auto,group_a,boxeig,143,144,9.968622026961036e-08,0,,,2,synthetic_true_func_2d_ntrain1000000,False,NVIDIA A100-SXM4-40GB,cheap,320,0,320,320,0,0,2,35721,,,,,,,8.263467452586791e-14,5.616157808403832e-15,,,,,1e-05,boxeig,999999.9999990035,True,,nan,0,0,,nan,0,0,0,0,False,143.0,matern,0.1,1.5,1.0,,1336336,3000,btab_boxeig_topk_16384_q320,189,144,143,250000,1000000,3000,cufinufft,binned_c1,50,143,9.968622026961036e-08,pcg,converged,143,,True,0.1,0,0.34180387351518965,0.01893465558966903,0.2990352580982994,0,0.1,boxeig,ok,,0.0006837527708264525,0.09846039899900916,0.0004774876503539112,0.0682807340006093,1608.5604066036042,14696,,897.3697703364719,0.003003291000027275,4.828182517138776e-05,0.00690430099950845,4.163914685294868e-05,0.005954397999971661,0.0002827356363675128,0.04043119600055434,0.5881094929999335,0.0,0.0,0.0009902339999143805,0.0,6.0281090916512106e-05,0.008620196001061231,0.5871192590000192,,0.12752229600005194,0.02111152499992386,0.591917780000017,0.008175303999905736,0.8540937470000927,0.0,0.8752052720000165,1.0027275680000685,1e-07,,80000,v7_btab_boxeig
35721,,,,,,,,,,,,,,,,,,,,,,,,,,,,,,,,,,,,,group_a,,,,,,group_a,,5986,5987,8.9959092720782e-08,,,,2,synthetic_true_func_2d_ntrain30000000,False,NVIDIA A100-SXM4-40GB,,,,,,,,2,35721,,,,,,,,,0,0,,,1e-05,,,True,,,,,,,,,,,False,5986.0,matern,0.1,1.5,1.0,,,80000,plain_cg,189,5987,,7500000,30000000,3000,cufinufft,cufinufft,,,,,,,,True,0.1,0,,0.005238228781058929,0.30000321155021886,0,,,ok,,0.0006327306669452717,3.788158503001341,,,,,,,,,,,,,,,,,,,,,,,,0.338319130000059,,0.16086795299997902,6.445515909000051,,6.783835775000057,,1e-07,,80000,v1
35721,,,,,,,,,,,,,,,,,,,,,,,,,,,,,,,,,,,,,group_a,,,,,,group_a,,2013,2014,9.773737078598275e-08,,,nan,2,synthetic_true_func_2d_ntrain30000000,False,NVIDIA A100-SXM4-40GB,,,,,,,,2,35721,72,3,nan,,48166.597602194444,0.011139271714992561,,,5,352,0.0005324276360598478,0.18741452789306642,1e-05,,,True,[],,,,,,,,,,False,2013.0,matern,0.1,1.5,1.0,nan,,3000,eigenpro_pcg_q64,189,2014,2013,7500000,30000000,3000,cufinufft,binned_c1,,,,,,,full_eigenpro,True,0.1,0,,0.005261733268958032,0.30000316268297134,0,,,ok,,0.0006440730417085937,1.2971631060011077,0.00018114330402289842,0.3646414709980945,,,[],,,,,,,,,,,,,,,,,0.22327970600008484,,0.18907923500000834,0.00029194299997925555,0.16039178800008358,2.939348079999945,,3.3519989640000176,,1e-07,64,80000,v3
35721,,,,,,,,,,,,,,,,,,,,,,,,,,,,,,,,,,,,,group_a,,,,,,group_a,,1145,1146,9.740796399684644e-08,,,nan,2,synthetic_true_func_2d_ntrain30000000,False,NVIDIA A100-SXM4-40GB,,,,,,,,2,35721,136,3,nan,,18167.584141003725,0.004185997399288365,,,5,672,0.0005251230625879196,0.352882698059082,1e-05,,,True,[],,,,,,,,,,False,1145.0,matern,0.1,1.5,1.0,nan,,3000,eigenpro_pcg_q128,189,1146,1145,7500000,30000000,3000,cufinufft,binned_c1,,,,,,,full_eigenpro,True,0.1,0,,0.005261765417326558,0.3000031624003313,0,,,ok,,0.0006418997966839087,0.7356171669997593,0.0002071708646279776,0.23721063999903436,,,[],,,,,,,,,,,,,,,,,0.41898375699997814,,0.17376583899999787,0.0002887289999762288,0.16049281400000837,1.6965424730000223,,2.2895807979999745,,1e-07,128,80000,v3
35721,,,,,,,,,,,,,,,,,,,,,,,,,,,,,,,,,,,,,group_a,,,,,,group_a,,554,555,9.544485027859388e-08,,,nan,2,synthetic_true_func_2d_ntrain30000000,False,NVIDIA A100-SXM4-40GB,,,,,,,,2,35721,264,3,nan,,5644.796574028137,0.0013000396216090496,,,5,1312,0.0005360733706776689,0.7033282623291016,1e-05,,,True,[],,,,,,,,,,False,554.0,matern,0.1,1.5,1.0,nan,,3000,eigenpro_pcg_q256,189,555,554,7500000,30000000,3000,cufinufft,binned_c1,,,,,,,full_eigenpro,True,0.1,0,,0.005261829270281695,0.3000031631782308,0,,,ok,,0.0006460675405423489,0.35856748500100366,0.00032280809025414227,0.1788356820007948,,,[],,,,,,,,,,,,,,,,,0.8409365310000112,,0.1802337169999646,0.0003250940000043556,0.15439998700003343,0.8912296810000271,,1.9127250230000072,,1e-07,256,80000,v3
35721,,,,,,,,,,,,,,,,,,,,,,,,,,,,,,,,,,,,,group_a,,,,,,group_a,,423,424,9.838121033696267e-08,,,nan,2,synthetic_true_func_2d_ntrain30000000,False,NVIDIA A100-SXM4-40GB,,,,,,,,2,35721,328,3,nan,,3745.6686716698937,0.0008626353575775461,,,5,1632,0.0005520545828576181,0.9009530792236329,1e-05,,,True,[],,,,,,,,,,False,423.0,matern,0.1,1.5,1.0,nan,,3000,eigenpro_pcg_q320,189,424,423,7500000,30000000,3000,cufinufft,binned_c1,,,,,,,full_eigenpro,True,0.1,0,,0.005261819760766151,0.30000316413361516,0,,,ok,,0.0006452153207560578,0.2735712960005685,0.00037009734751417136,0.1565511779984945,,,[],,,,,,,,,,,,,,,,,1.077228878000028,,0.1787197159999323,0.00030910299994957313,0.15914748399995915,0.7012813760001109,,1.9575390730000208,,1e-07,320,80000,v3
35721,,,,,,,,,,,,,,,,,,,,,,,,,,,,,,,,,,,,,group_a,,,,,,group_a,,338,339,9.468646987128488e-08,,,nan,2,synthetic_true_func_2d_ntrain30000000,False,NVIDIA A100-SXM4-40GB,,,,,,,,2,35721,392,3,nan,,2720.789760342943,0.0006265979210780718,,,5,1952,0.000560446418699671,1.0939914093017578,1e-05,,,True,[],,,,,,,,,,False,338.0,matern,0.1,1.5,1.0,nan,,3000,eigenpro_pcg_q384,189,339,338,7500000,30000000,3000,cufinufft,binned_c1,,,,,,,full_eigenpro,True,0.1,0,,0.005261840385244918,0.3000031649015652,0,,,ok,,0.0006498880442454197,0.22031204699919726,0.00042092949999578626,0.14227417099857576,,,[],,,,,,,,,,,,,,,,,1.30615272,,0.1737447840000641,0.00031191499999749794,0.15544560700004695,0.5826991109998971,,2.0629085299999588,,1e-07,384,80000,v3
35721,,,,,,,,,,,,,,,,,,,,,,,,,,,,,,,,,,,,,group_a,,,,,,group_a,,281,282,9.606376286384596e-08,,,nan,2,synthetic_true_func_2d_ntrain30000000,False,NVIDIA A100-SXM4-40GB,,,,,,,,2,35721,456,3,nan,,2037.829809713371,0.0004693103037796256,,,5,2272,0.0005727152622921366,1.3012090759277344,1e-05,,,True,[],,,,,,,,,,False,281.0,matern,0.1,1.5,1.0,nan,,3000,eigenpro_pcg_q448,189,282,281,7500000,30000000,3000,cufinufft,binned_c1,,,,,,,full_eigenpro,True,0.1,0,,0.005261907912176241,0.3000031652104359,0,,,ok,,0.0006502509042583376,0.1833707550008512,0.000472102298932988,0.13266074600016964,,,[],,,,,,,,,,,,,,,,,1.5566580440000735,,0.17434358499997415,0.0003161900000350215,0.15520171900004698,0.49933995299988965,,2.2306577719999723,,1e-07,448,80000,v3
35721,expanded_box,topk,512,,512,0,"[12, 12]","[25, 25]",625,topk,512,,512,80000,625,cheap,30,0.01,,,,,,,,,,,,,,,,,inverse,20000,group_a,50,diag,0.001,50,auto,group_a,auto,923,924,9.768774588442354e-08,0,,,2,synthetic_true_func_2d_ntrain30000000,False,NVIDIA A100-SXM4-40GB,cheap,0,0,0,0,0,0,2,35721,,,,,,,,,,,,,1e-05,inverse,29999999.999961358,True,,nan,0,50,diag,0.001,0,0,0,6250000,False,923.0,matern,0.1,1.5,1.0,,0,3000,btab_auto_topk_512,189,924,923,7500000,30000000,3000,cufinufft,binned_c1,50,923,9.768774588442354e-08,pcg,converged,923,,True,0.1,0,39405.56033550593,0.005261680315166405,0.3000031598757353,0,0.1,exact,ok,,0.0006453605811671845,0.5963131769984784,0.000260232981579562,0.24019504199793573,13886722.815767135,35096,,,0.00139763499998935,4.486691332590675e-05,0.04141216099981193,4.091037378285371e-05,0.03776027500157397,7.47424788721661e-05,0.06898730799900932,0.011461989999929756,0.008774071999937405,0.001112511999963317,0.0,0.0013368869999794697,5.770875514432272e-05,0.05326518099820987,,,0.00029091500005051785,0.17360863600003995,0.013749309999980142,0.15411009299998568,1.427086538000026,0.00023851900004956406,1.600695174000066,1.6009860890001164,1e-07,,80000,v6_btab
35721,expanded_box,topk,728,,728,0,"[15, 15]","[31, 31]",961,topk,728,,728,80000,961,cheap,30,0.01,,,,,,,,,,,,,,,,,inverse,20000,group_a,50,diag,0.001,50,auto,group_a,auto,541,542,9.750005639059728e-08,0,,,2,synthetic_true_func_2d_ntrain30000000,False,NVIDIA A100-SXM4-40GB,cheap,0,0,0,0,0,0,2,35721,,,,,,,,,,,,,1e-05,inverse,29999999.999961358,True,,nan,0,50,diag,0.001,0,0,0,14776336,False,541.0,matern,0.1,1.5,1.0,,0,3000,btab_auto_topk_728,189,542,541,7500000,30000000,3000,cufinufft,binned_c1,50,541,9.750005639059728e-08,pcg,converged,541,,True,0.1,0,15808.759573053378,0.005261674286434788,0.30000316034860464,0,0.1,exact,ok,,0.0006231386457547515,0.33774114599907534,0.00026222703511755217,0.14186482599859573,7814348.109084747,34760,,,0.0014782189999777984,4.4199543436046476e-05,0.023911952998901143,4.0372646953235246e-05,0.021841602001700267,8.085612014715538e-05,0.043743160999611064,0.024839233999955468,0.02058676199999354,0.0021693799999411567,0.0,0.001800554000055854,5.523195009710954e-05,0.02988048500253626,,,0.0002708900000243375,0.17387328799998159,0.02721289400005844,0.15382573199997296,0.8341105690000177,0.0002825379999649158,1.0079838569999993,1.0082547470000236,1e-07,,80000,v6_btab
35721,expanded_box,topk,1024,,1024,0,"[18, 18]","[37, 37]",1369,topk,1024,,1024,80000,1369,cheap,30,0.01,,,,,,,,,,,,,,,,,inverse,20000,group_a,50,diag,0.001,50,auto,group_a,auto,435,436,9.112215531661715e-08,0,,,2,synthetic_true_func_2d_ntrain30000000,False,NVIDIA A100-SXM4-40GB,cheap,0,0,0,0,0,0,2,35721,,,,,,,,,,,,,1e-05,inverse,29999999.999961358,True,,nan,0,50,diag,0.001,0,0,0,29986576,False,435.0,matern,0.1,1.5,1.0,,0,3000,btab_auto_topk_1024,189,436,435,7500000,30000000,3000,cufinufft,binned_c1,50,435,9.112215531661715e-08,pcg,converged,435,,True,0.1,0,7204.558257931322,0.005261682227631551,0.30000315980150827,0,0.1,exact,ok,,0.0006270898440351558,0.27341117199932796,0.00027549483218577715,0.11984025200081305,4777311.818123276,34352,,,0.0014751239999668542,4.4620639079672906e-05,0.019409977999657713,4.076230345094962e-05,0.017731602001163083,9.216672643644374e-05,0.040092525999853024,0.04931473499993899,0.04244764500003839,0.0036012439999240087,0.0,0.002756907000048159,5.639955172656541e-05,0.024533805001055953,,,0.0002548900000647336,0.17388370100002248,0.05167750100008561,0.15374756400001388,0.7078664570000228,0.0005089389999284322,0.8817501580000453,0.88200504800011,1e-07,,80000,v6_btab
35721,expanded_box,topk,2048,,2048,0,"[25, 25]","[51, 51]",2601,topk,2048,,2048,80000,2601,cheap,30,0.01,,,,,,,,,,,,,,,,,inverse,20000,group_a,50,diag,0.001,50,auto,group_a,auto,262,263,9.257634323729493e-08,0,,,2,synthetic_true_func_2d_ntrain30000000,False,NVIDIA A100-SXM4-40GB,cheap,0,0,0,0,0,0,2,35721,,,,,,,,,,,,,1e-05,inverse,29999999.999961358,True,,nan,0,50,diag,0.001,0,0,0,108243216,False,262.0,matern,0.1,1.5,1.0,,0,3000,btab_auto_topk_2048,189,263,262,7500000,30000000,3000,cufinufft,binned_c1,50,262,9.257634323729493e-08,pcg,converged,262,,True,0.1,0,1636.432201655652,0.005261637385373251,0.3000031602134351,0,0.1,exact,ok,,0.0006323466121689705,0.16630715900043924,0.0003343189618303004,0.08759156799953871,1890633.422431137,33120,,,0.0015698439999596303,4.4409904581830266e-05,0.01163539500043953,4.085584350919289e-05,0.010704230999408537,0.00015087778244017548,0.039529978999325976,0.20151776600005178,0.17891513799997938,0.014069901000084428,0.0,0.006960645999924964,5.625451145005943e-05,0.01473868199991557,,,0.00026194700001269666,0.17358714000010877,0.20397645699995337,0.1542772990000003,0.6183344999999463,0.001572081000063008,0.791921640000055,0.7921835870000677,1e-07,,80000,v6_btab
35721,expanded_box,topk,4096,,4096,0,"[36, 36]","[73, 73]",5329,topk,4096,,4096,80000,5329,cheap,30,0.01,,,,,,,,,,,,,,,,,inverse,20000,group_a,50,diag,0.001,50,auto,group_a,auto,127,128,9.49929518210236e-08,0,,,2,synthetic_true_func_2d_ntrain30000000,False,NVIDIA A100-SXM4-40GB,cheap,0,0,0,0,0,0,2,35721,,,,,,,,,,,,,1e-05,inverse,29999999.999961358,True,,nan,0,50,diag,0.001,0,0,0,454371856,False,127.0,matern,0.1,1.5,1.0,,0,3000,btab_auto_topk_4096,189,128,127,7500000,30000000,3000,cufinufft,binned_c1,50,127,9.49929518210236e-08,pcg,converged,127,,True,0.1,0,295.1563120037319,0.005261657741287354,0.3000031601115862,0,0.1,exact,ok,,0.0006466680000043468,0.08277350400055639,0.0006038704566927971,0.07669154799998523,637241.926362385,30392,,,0.0018263900000192734,4.5418023623502146e-05,0.005768089000184773,4.489655906148639e-05,0.005701863000808771,0.00041306743307402253,0.05245956400040086,0.8742890180000131,0.7486473389999446,0.09479452200002925,0.0,0.02477811100004601,5.727356692588055e-05,0.00727374299958683,,,0.0003016699999989214,0.17386583499990138,0.8770835190000525,0.15564590600001793,1.1167633730000261,0.00606904599999325,1.2906292079999275,1.2909308779999265,1e-07,,80000,v6_btab
35721,expanded_box,topk,2048,,2048,0,"[25, 25]","[51, 51]",2601,topk,2048,,2048,80000,2601,cheap,30,0.01,,cupy,2.380857559439877e-14,1.8883222715021855e-15,960,418,418,,418,192,2601,33120,7993344,8945.392679903758,89453.92679903758,0.001,boxeig,20000,group_a,50,diag,0.001,50,auto,group_a,boxeig,650,651,9.216783656759991e-08,0,,,2,synthetic_true_func_2d_ntrain30000000,False,NVIDIA A100-SXM4-40GB,cheap,192,0,192,192,0,0,2,35721,,,,,,,2.380857559439877e-14,1.8883222715021855e-15,,,,,1e-05,boxeig,29999999.999961358,True,,nan,0,0,,nan,0,0,0,0,False,650.0,matern,0.1,1.5,1.0,,163216,3000,btab_boxeig_topk_2048_q192,189,651,650,7500000,30000000,3000,cufinufft,binned_c1,50,650,9.216783656759991e-08,pcg,converged,650,,True,0.1,0,1636.432201655652,0.005261471222544658,0.3000031625904369,0,0.1,boxeig,ok,,0.0006513355345636278,0.4240194330009217,0.0004167708446121091,0.27090104899787093,1890633.422431137,33120,,89453.92679903758,0.0016481650000059744,4.641789230495655e-05,0.03017162999822176,3.915578307984246e-05,0.025451259001897597,0.0002318617323087962,0.15071012600071754,1.1818693619999294,0.0,0.0,0.0009898739999698591,0.0,5.76392199986213e-05,0.037465492999103844,1.1808794879999596,,0.07408589700003176,0.17417602600005466,1.183971411000016,0.1607475879999356,2.2861316720000104,0.0,2.460307698000065,2.534393595000097,1e-07,,80000,v7_btab_boxeig
35721,expanded_box,topk,4096,,4096,0,"[36, 36]","[73, 73]",5329,topk,4096,,4096,80000,5329,cheap,30,0.01,,cupy,1.9358228161655336e-14,2.164118061823206e-15,960,418,418,,418,192,5329,30392,16373760,8948.300120145797,89483.00120145797,0.001,boxeig,20000,group_a,50,diag,0.001,50,auto,group_a,boxeig,755,756,8.854530691686252e-08,0,,,2,synthetic_true_func_2d_ntrain30000000,False,NVIDIA A100-SXM4-40GB,cheap,192,0,192,192,0,0,2,35721,,,,,,,1.9358228161655336e-14,2.164118061823206e-15,,,,,1e-05,boxeig,29999999.999961358,True,,nan,0,0,,nan,0,0,0,0,False,755.0,matern,0.1,1.5,1.0,,336400,3000,btab_boxeig_topk_4096_q192,189,756,755,7500000,30000000,3000,cufinufft,binned_c1,50,755,8.854530691686252e-08,pcg,converged,755,,True,0.1,0,295.1563120037319,0.005261617277437198,0.30000316237751,0,0.1,boxeig,ok,,0.0006451256507971952,0.48771499200267954,0.00042609255761405035,0.321699880998608,637241.926362385,30392,,89483.00120145797,0.0019248450000759476,4.533784238489132e-05,0.03423007100059294,3.913068476984769e-05,0.029543667001235008,0.0002426081271557107,0.18316913600256157,0.35853931199994804,0.0,0.0,0.0010397669999520076,0.0,5.712441721571783e-05,0.04312893499786696,0.35749954499999603,,0.07836282499999925,0.19016863499996361,0.3609232640000073,0.15666145200009396,1.6419911179999644,0.0,1.832159752999928,1.9105225779999273,1e-07,,80000,v7_btab_boxeig
35721,expanded_box,topk,4096,,4096,0,"[36, 36]","[73, 73]",5329,topk,4096,,4096,80000,5329,cheap,30,0.01,,cupy,3.135509524990819e-14,3.5035310500563517e-15,1280,546,546,,546,256,5329,30392,21831680,4506.590226164165,45065.90226164165,0.001,boxeig,20000,group_a,50,diag,0.001,50,auto,group_a,boxeig,531,532,9.79575176400085e-08,0,,,2,synthetic_true_func_2d_ntrain30000000,False,NVIDIA A100-SXM4-40GB,cheap,256,0,256,256,0,0,2,35721,,,,,,,3.135509524990819e-14,3.5035310500563517e-15,,,,,1e-05,boxeig,29999999.999961358,True,,nan,0,0,,nan,0,0,0,0,False,531.0,matern,0.1,1.5,1.0,,336400,3000,btab_boxeig_topk_4096_q256,189,532,531,7500000,30000000,3000,cufinufft,binned_c1,50,531,9.79575176400085e-08,pcg,converged,531,,True,0.1,0,295.1563120037319,0.0052615781503762594,0.3000031622261019,0,0.1,boxeig,ok,,0.0006456370394727985,0.3434789049995288,0.0004250578116768566,0.22570569800041085,637241.926362385,30392,,45065.90226164165,0.0018551639999486724,4.5085239174365446e-05,0.023940262001588053,3.907083050771158e-05,0.02074661099959485,0.0002422272372836157,0.12862266299759995,0.47647661600001356,0.0,0.0,0.0009806950000665893,0.0,5.6969239171215306e-05,0.030250665999915327,0.475495920999947,,0.10328631100003349,0.18575135599996884,0.47878904799995325,0.1564633740000545,1.3796465689999877,0.0,1.5653979249999566,1.66868423599999,1e-07,,80000,v7_btab_boxeig
35721,expanded_box,topk,8192,,8192,0,"[51, 51]","[103, 103]",10609,topk,8192,,8192,80000,10609,cheap,30,0.01,,cupy,3.4680768325101283e-14,2.26505945879557e-15,960,418,418,,418,192,10609,25112,32593920,8948.71164640638,89487.1164640638,0.001,boxeig,20000,group_a,50,diag,0.001,50,auto,group_a,boxeig,885,886,9.587358013298445e-08,0,,,2,synthetic_true_func_2d_ntrain30000000,False,NVIDIA A100-SXM4-40GB,cheap,192,0,192,192,0,0,2,35721,,,,,,,3.4680768325101283e-14,2.26505945879557e-15,,,,,1e-05,boxeig,29999999.999961358,True,,nan,0,0,,nan,0,0,0,0,False,885.0,matern,0.1,1.5,1.0,,672400,3000,btab_boxeig_topk_8192_q192,189,886,885,7500000,30000000,3000,cufinufft,binned_c1,50,885,9.587358013298445e-08,pcg,converged,885,,True,0.1,0,55.20104699172347,0.00526142580145599,0.3000031620312869,0,0.1,boxeig,ok,,0.000637256617380001,0.5646093629986808,0.00042173141242762596,0.373232299998449,204445.13593182527,25112,,89487.1164640638,0.0022539190000543385,4.511154463195818e-05,0.03992371699928299,3.8921114123361595e-05,0.03444518599917501,0.00023980738757200528,0.21222953800122468,0.35175916899993354,0.0,0.0,0.0010668189999023525,0.0,5.646737853127842e-05,0.0499736300001814,0.3506923500000312,,0.07866306699997949,0.17429656899992096,0.3545166360000849,0.16004695199990238,1.838604306000093,0.0,2.012900875000014,2.0915639419999934,1e-07,,80000,v7_btab_boxeig
35721,expanded_box,topk,8192,,8192,0,"[51, 51]","[103, 103]",10609,topk,8192,,8192,80000,10609,cheap,30,0.01,,cupy,3.767766189444576e-14,3.779510576416792e-15,1280,546,546,,546,256,10609,25112,43458560,4506.962663688516,45069.62663688516,0.001,boxeig,20000,group_a,50,diag,0.001,50,auto,group_a,boxeig,636,637,9.960300754111806e-08,0,,,2,synthetic_true_func_2d_ntrain30000000,False,NVIDIA A100-SXM4-40GB,cheap,256,0,256,256,0,0,2,35721,,,,,,,3.767766189444576e-14,3.779510576416792e-15,,,,,1e-05,boxeig,29999999.999961358,True,,nan,0,0,,nan,0,0,0,0,False,636.0,matern,0.1,1.5,1.0,,672400,3000,btab_boxeig_topk_8192_q256,189,637,636,7500000,30000000,3000,cufinufft,binned_c1,50,636,9.960300754111806e-08,pcg,converged,636,,True,0.1,0,55.20104699172347,0.005261591693538006,0.30000316190516346,0,0.1,boxeig,ok,,0.0006561992150689269,0.4179988999989064,0.0004235134591186199,0.26935455999944224,204445.13593182527,25112,,45069.62663688516,0.0022098849999565573,4.63345377362637e-05,0.029468766000263713,4.0282048740426935e-05,0.025619382998911533,0.0002363379150944993,0.15031091400010155,0.46523464100005185,0.0,0.0,0.0009944429999677595,0.0,5.802382232693889e-05,0.03690315099993313,0.4642401980000841,,0.10579047700002775,0.17574395600001935,0.4679974890000267,0.15584864400000242,1.5588828829999102,0.0,1.7346268389999295,1.8404173159999573,1e-07,,80000,v7_btab_boxeig
35721,expanded_box,topk,8192,,8192,0,"[51, 51]","[103, 103]",10609,topk,8192,,8192,80000,10609,cheap,30,0.01,,cupy,5.798252375984856e-14,5.288062825316156e-15,1600,674,674,,674,320,10609,25112,54323200,2692.6694560484734,26926.69456048473,0.001,boxeig,20000,group_a,50,diag,0.001,50,auto,group_a,boxeig,493,494,9.783043962787614e-08,0,,,2,synthetic_true_func_2d_ntrain30000000,False,NVIDIA A100-SXM4-40GB,cheap,320,0,320,320,0,0,2,35721,,,,,,,5.798252375984856e-14,5.288062825316156e-15,,,,,1e-05,boxeig,29999999.999961358,True,,nan,0,0,,nan,0,0,0,0,False,493.0,matern,0.1,1.5,1.0,,672400,3000,btab_boxeig_topk_8192_q320,189,494,493,7500000,30000000,3000,cufinufft,binned_c1,50,493,9.783043962787614e-08,pcg,converged,493,,True,0.1,0,55.20104699172347,0.00526161527035248,0.30000316178379494,0,0.1,boxeig,ok,,0.000656015287448169,0.3240715519993955,0.00042397608316006684,0.20902020899791296,204445.13593182527,25112,,26926.69456048473,0.0022218980000161537,4.6357689655111946e-05,0.02285434099997019,3.9679922920149176e-05,0.019562201999633544,0.00023742306896857828,0.11704957300150909,0.5865066559999832,0.0,0.0,0.0010184669999944163,0.0,5.798384990264501e-05,0.02858603800200399,0.5854881889999888,,0.1303409869999541,0.17401925199999368,0.5893252579999171,0.15541523699994286,1.4362555270000712,0.0,1.6102747790000649,1.740615766000019,1e-07,,80000,v7_btab_boxeig
35721,expanded_box,topk,16384,,16384,0,"[72, 72]","[145, 145]",21025,topk,16384,,16384,80000,21025,cheap,30,0.01,,cupy,4.542713932752046e-14,2.1963782144819597e-15,960,418,418,,418,192,21025,14696,64591872,8948.766210031563,89487.66210031562,0.001,boxeig,20000,group_a,50,diag,0.001,50,auto,group_a,boxeig,1042,1043,9.328594125680123e-08,0,,,2,synthetic_true_func_2d_ntrain30000000,False,NVIDIA A100-SXM4-40GB,cheap,192,0,192,192,0,0,2,35721,,,,,,,4.542713932752046e-14,2.1963782144819597e-15,,,,,1e-05,boxeig,29999999.999961358,True,,nan,0,0,,nan,0,0,0,0,False,1042.0,matern,0.1,1.5,1.0,,1336336,3000,btab_boxeig_topk_16384_q192,189,1043,1042,7500000,30000000,3000,cufinufft,binned_c1,50,1042,9.328594125680123e-08,pcg,converged,1042,,True,0.1,0,10.254140761423841,0.00526164021058477,0.3000031632277648,0,0.1,boxeig,ok,,0.0006452662243538353,0.6730126720010503,0.00043917376295503834,0.45761906099914995,48256.92806751094,14696,,89487.66210031562,0.0029801009999346206,4.577754222454186e-05,0.04770019899797262,3.973135124675666e-05,0.04140006799912044,0.0002545734280247093,0.2652655120017471,0.35286418700002287,0.0,0.0,0.0010187180000684748,0.0,5.708858253356189e-05,0.059486302999971485,0.3518454689999544,,0.07695473899991612,0.1737877620000745,0.3564779150000277,0.16099570699998367,2.1401425579999795,0.0,2.313930320000054,2.39088505899997,1e-07,,80000,v7_btab_boxeig
35721,expanded_box,topk,16384,,16384,0,"[72, 72]","[145, 145]",21025,topk,16384,,16384,80000,21025,cheap,30,0.01,,cupy,3.5425083991771236e-14,4.403329650601646e-15,1280,546,546,,546,256,21025,14696,86122496,4507.0115484765365,45070.11548476536,0.001,boxeig,20000,group_a,50,diag,0.001,50,auto,group_a,boxeig,727,728,9.488700236576262e-08,0,,,2,synthetic_true_func_2d_ntrain30000000,False,NVIDIA A100-SXM4-40GB,cheap,256,0,256,256,0,0,2,35721,,,,,,,3.5425083991771236e-14,4.403329650601646e-15,,,,,1e-05,boxeig,29999999.999961358,True,,nan,0,0,,nan,0,0,0,0,False,727.0,matern,0.1,1.5,1.0,,1336336,3000,btab_boxeig_topk_16384_q256,189,728,727,7500000,30000000,3000,cufinufft,binned_c1,50,727,9.488700236576262e-08,pcg,converged,727,,True,0.1,0,10.254140761423841,0.005261720285383093,0.3000031638215937,0,0.1,boxeig,ok,,0.0006522673598934179,0.47485063800240823,0.0004424266327372547,0.32164416199998414,48256.92806751094,14696,,45070.11548476536,0.0030008370000587092,4.547930261623197e-05,0.03306345300200064,3.967841815616036e-05,0.028846209999528583,0.0002576385887185415,0.18730325399837966,0.4614858350000759,0.0,0.0,0.0010102640000013707,0.0,5.768343603865432e-05,0.04193585800010169,0.4604755710000745,,0.10073230500006503,0.17914774600001238,0.4652038660000244,0.1547573770000099,1.7215449010000157,0.0,1.900692647000028,2.001424952000093,1e-07,,80000,v7_btab_boxeig
35721,expanded_box,topk,16384,,16384,0,"[72, 72]","[145, 145]",21025,topk,16384,,16384,80000,21025,cheap,30,0.01,,cupy,7.307940728368886e-14,5.575284868417061e-15,1600,674,674,,674,320,21025,14696,107653120,2692.727636849393,26927.27636849393,0.001,boxeig,20000,group_a,50,diag,0.001,50,auto,group_a,boxeig,549,550,9.971048283663158e-08,0,,,2,synthetic_true_func_2d_ntrain30000000,False,NVIDIA A100-SXM4-40GB,cheap,320,0,320,320,0,0,2,35721,,,,,,,7.307940728368886e-14,5.575284868417061e-15,,,,,1e-05,boxeig,29999999.999961358,True,,nan,0,0,,nan,0,0,0,0,False,549.0,matern,0.1,1.5,1.0,,1336336,3000,btab_boxeig_topk_16384_q320,189,550,549,7500000,30000000,3000,cufinufft,binned_c1,50,549,9.971048283663158e-08,pcg,converged,549,,True,0.1,0,10.254140761423841,0.005261623410918983,0.3000031644430206,0,0.1,boxeig,ok,,0.0006468623181827256,0.3557742750004991,0.0004593729744985255,0.2521957629996905,48256.92806751094,14696,,26927.27636849393,0.0029244170000310987,4.566952823151222e-05,0.025072570999100208,4.02440072837085e-05,0.022093959998755963,0.00027349004735680667,0.15014603599888687,0.6234039460000531,0.0,0.0,0.0010227640000266547,0.0,5.7331238613585044e-05,0.03147484999885819,0.6223811820000265,,0.12537785999995776,0.17380111500006024,0.6271472230000654,0.1544193820000146,1.5790143769999077,0.0,1.752815491999968,1.8781933519999257,1e-07,,80000,v7_btab_boxeig
35721,,,,,,,,,,,,,,,,,,,,,,,,,,,,,,,,,,,,,group_a,,,,,,group_a,,4203,4204,9.514168889555437e-08,,,,2,synthetic_true_func_2d_ntrain10000000,False,NVIDIA A100-SXM4-40GB,,,,,,,,2,35721,,,,,,,,,0,0,,,1e-05,,,True,,,,,,,,,,,False,4203.0,matern,0.1,1.5,1.0,,,80000,plain_cg,189,4204,,2500000,10000000,3000,cufinufft,cufinufft,,,,,,,,True,0.1,0,,0.008248642574011028,0.2998208917444147,0,,,ok,,0.0006325941436722581,2.6594257799981733,,,,,,,,,,,,,,,,,,,,,,,,0.12989932899995438,,0.05504057300004206,4.519944606999957,,4.649844565999956,,1e-07,,80000,v1
35721,,,,,,,,,,,,,,,,,,,,,,,,,,,,,,,,,,,,,group_a,,,,,,group_a,,1461,1462,9.503233564637106e-08,,,nan,2,synthetic_true_func_2d_ntrain10000000,False,NVIDIA A100-SXM4-40GB,,,,,,,,2,35721,72,3,nan,,16062.449797328178,0.011144010845604901,,,5,352,0.0005201599923047152,0.18309631729125977,1e-05,,,True,[],,,,,,,,,,False,1461.0,matern,0.1,1.5,1.0,nan,,3000,eigenpro_pcg_q64,189,1462,1461,2500000,10000000,3000,cufinufft,binned_c1,,,,,,,full_eigenpro,True,0.1,0,,0.008280540747555475,0.2998206813942733,0,,,ok,,0.0006434160383025616,0.940674247998345,0.00017966681793346717,0.26249322100079553,,,[],,,,,,,,,,,,,,,,,0.22016904800000248,,0.08735597699990194,0.0002924760000269089,0.055522757000062484,2.1285843939999722,,2.4364018949999036,,1e-07,64,80000,v3
35721,,,,,,,,,,,,,,,,,,,,,,,,,,,,,,,,,,,,,group_a,,,,,,group_a,,812,813,8.905629641694177e-08,,,nan,2,synthetic_true_func_2d_ntrain10000000,False,NVIDIA A100-SXM4-40GB,,,,,,,,2,35721,136,3,nan,,6056.266582042559,0.004186255006937163,,,5,672,0.0005315961951301211,0.3572326431274414,1e-05,,,True,[],,,,,,,,,,False,812.0,matern,0.1,1.5,1.0,nan,,3000,eigenpro_pcg_q128,189,813,812,2500000,10000000,3000,cufinufft,binned_c1,,,,,,,full_eigenpro,True,0.1,0,,0.008280518306228725,0.29982068154895525,0,,,ok,,0.0006465157945868799,0.5256173409991334,0.00020819659975344053,0.1690556389997937,,,[],,,,,,,,,,,,,,,,,0.4317331729999978,,0.08444061699992744,0.00031384900000830385,0.05321617200002038,1.213625640000032,,1.7301132789999656,,1e-07,128,80000,v3
35721,,,,,,,,,,,,,,,,,,,,,,,,,,,,,,,,,,,,,group_a,,,,,,group_a,,389,390,9.388438554248276e-08,,,nan,2,synthetic_true_func_2d_ntrain10000000,False,NVIDIA A100-SXM4-40GB,,,,,,,,2,35721,264,3,nan,,1881.7920553138945,0.0013001661460737735,,,5,1312,0.00054300409410058,0.712421371459961,1e-05,,,True,[],,,,,,,,,,False,389.0,matern,0.1,1.5,1.0,nan,,3000,eigenpro_pcg_q256,189,390,389,2500000,10000000,3000,cufinufft,binned_c1,,,,,,,full_eigenpro,True,0.1,0,,0.008280565934547885,0.2998206824032564,0,,,ok,,0.0006725878871774372,0.2623092759992005,0.0003274394524439738,0.1273739470007058,,,[],,,,,,,,,,,,,,,,,0.8498340249999501,,0.07301945000006071,0.00031688299998222647,0.053721109999969485,0.6495030500000212,,1.5726734080000142,,1e-07,256,80000,v3
35721,,,,,,,,,,,,,,,,,,,,,,,,,,,,,,,,,,,,,group_a,,,,,,group_a,,297,298,9.807749350333488e-08,,,nan,2,synthetic_true_func_2d_ntrain10000000,False,NVIDIA A100-SXM4-40GB,,,,,,,,2,35721,328,3,nan,,1248.8071530463305,0.0008628041068950017,,,5,1632,0.0005683595432954676,0.9275627746582031,1e-05,,,True,[],,,,,,,,,,False,297.0,matern,0.1,1.5,1.0,nan,,3000,eigenpro_pcg_q320,189,298,297,2500000,10000000,3000,cufinufft,binned_c1,,,,,,,full_eigenpro,True,0.1,0,,0.008280527434965624,0.29982068303307075,0,,,ok,,0.0006639532751658396,0.19785807599942018,0.00037288460605747973,0.11074672799907148,,,[],,,,,,,,,,,,,,,,,1.1013486570000168,,0.07359816099994987,0.0003451270000596196,0.05333269300001575,0.5047879719999173,,1.6800799169999436,,1e-07,320,80000,v3
35721,,,,,,,,,,,,,,,,,,,,,,,,,,,,,,,,,,,,,group_a,,,,,,group_a,,240,241,9.544208145332046e-08,,,nan,2,synthetic_true_func_2d_ntrain10000000,False,NVIDIA A100-SXM4-40GB,,,,,,,,2,35721,392,3,nan,,907.317605676374,0.0006268624167482899,,,5,1952,0.0005636506236967493,1.1002460174560547,1e-05,,,True,[],,,,,,,,,,False,240.0,matern,0.1,1.5,1.0,nan,,3000,eigenpro_pcg_q384,189,241,240,2500000,10000000,3000,cufinufft,binned_c1,,,,,,,full_eigenpro,True,0.1,0,,0.008280514612566127,0.2998206832849764,0,,,ok,,0.000648205941908215,0.1562176319998798,0.00042378117083643476,0.10170748100074434,,,[],,,,,,,,,,,,,,,,,1.3121463439999843,,0.07281862100001035,0.0002986340000461496,0.05328039300002274,0.41398814100000436,,1.7992517400000452,,1e-07,384,80000,v3
35721,,,,,,,,,,,,,,,,,,,,,,,,,,,,,,,,,,,,,group_a,,,,,,group_a,,199,200,9.68927488550586e-08,,,nan,2,synthetic_true_func_2d_ntrain10000000,False,NVIDIA A100-SXM4-40GB,,,,,,,,2,35721,456,3,nan,,679.602065475864,0.00046953265010291436,,,5,2272,0.000569644162352656,1.2942315368652344,1e-05,,,True,[],,,,,,,,,,False,199.0,matern,0.1,1.5,1.0,nan,,3000,eigenpro_pcg_q448,189,200,199,2500000,10000000,3000,cufinufft,binned_c1,,,,,,,full_eigenpro,True,0.1,0,,0.008280557405903737,0.29982068369531495,0,,,ok,,0.0006530501199978289,0.13061002399956578,0.0004802675879392753,0.09557324999991579,,,[],,,,,,,,,,,,,,,,,1.5494114430000536,,0.07276117699996121,0.00031322099994213204,0.053443921999928534,0.35791875900008563,,1.9804046000000426,,1e-07,448,80000,v3
35721,expanded_box,topk,512,,512,0,"[12, 12]","[25, 25]",625,topk,512,,512,80000,625,cheap,30,0.01,,,,,,,,,,,,,,,,,inverse,20000,group_a,50,diag,0.001,50,auto,group_a,auto,594,595,9.560241318547312e-08,0,,,2,synthetic_true_func_2d_ntrain10000000,False,NVIDIA A100-SXM4-40GB,cheap,0,0,0,0,0,0,2,35721,,,,,,,,,,,,,1e-05,inverse,9999999.99998707,True,,nan,0,50,diag,0.001,0,0,0,6250000,False,594.0,matern,0.1,1.5,1.0,,0,3000,btab_auto_topk_512,189,595,594,2500000,10000000,3000,cufinufft,binned_c1,50,594,9.560241318547312e-08,pcg,converged,594,,True,0.1,0,13135.184925173164,0.008280499816678341,0.2998206804348827,0,0.1,exact,ok,,0.0006397139731056651,0.38062981399787077,0.0002619686717131264,0.15560939099759707,4628906.861720389,35096,,,0.0014272949999849516,4.5795042089681334e-05,0.027202255001270714,4.0840013465569936e-05,0.024258967998548542,7.557726936132288e-05,0.04489289800062579,0.01155233400004363,0.008842716999993172,0.0011247500000308719,0.0,0.001344077999988258,5.701739562421298e-05,0.03386833300078251,,,0.0002727130000721445,0.07320990699997765,0.01386398400006783,0.05575681799996346,0.9201900360000081,0.0002407890000313273,0.9933999429999858,0.9936726560000579,1e-07,,80000,v6_btab
35721,expanded_box,topk,728,,728,0,"[15, 15]","[31, 31]",961,topk,728,,728,80000,961,cheap,30,0.01,,,,,,,,,,,,,,,,,inverse,20000,group_a,50,diag,0.001,50,auto,group_a,auto,408,409,8.641066507146198e-08,0,,,2,synthetic_true_func_2d_ntrain10000000,False,NVIDIA A100-SXM4-40GB,cheap,0,0,0,0,0,0,2,35721,,,,,,,,,,,,,1e-05,inverse,9999999.99998707,True,,nan,0,50,diag,0.001,0,0,0,14776336,False,408.0,matern,0.1,1.5,1.0,,0,3000,btab_auto_topk_728,189,409,408,2500000,10000000,3000,cufinufft,binned_c1,50,408,8.641066507146198e-08,pcg,converged,408,,True,0.1,0,5269.585709403807,0.008280492373278284,0.299820680518752,0,0.1,exact,ok,,0.0006409741515873468,0.26215842799922484,0.0002682885171531231,0.10946171499847424,2604782.264387609,34760,,,0.001432854999961819,4.559326716158761e-05,0.018602053001927743,4.048795833557729e-05,0.016519087000915533,8.321946568503558e-05,0.03395354199949452,0.02584866899996996,0.0205528389999472,0.0027193239999405705,0.0,0.002279132000012396,5.6824046570160566e-05,0.02318421100062551,,,0.0002624070000365464,0.08465204000003723,0.028174987999932455,0.05345695500000147,0.6530051049999201,0.0002973740000697944,0.7376571449999574,0.7379195519999939,1e-07,,80000,v6_btab
35721,expanded_box,topk,1024,,1024,0,"[18, 18]","[37, 37]",1369,topk,1024,,1024,80000,1369,cheap,30,0.01,,,,,,,,,,,,,,,,,inverse,20000,group_a,50,diag,0.001,50,auto,group_a,auto,323,324,9.810489623461542e-08,0,,,2,synthetic_true_func_2d_ntrain10000000,False,NVIDIA A100-SXM4-40GB,cheap,0,0,0,0,0,0,2,35721,,,,,,,,,,,,,1e-05,inverse,9999999.99998707,True,,nan,0,50,diag,0.001,0,0,0,29986576,False,323.0,matern,0.1,1.5,1.0,,0,3000,btab_auto_topk_1024,189,324,323,2500000,10000000,3000,cufinufft,binned_c1,50,323,9.810489623461542e-08,pcg,converged,323,,True,0.1,0,2401.51902800323,0.00828049313369087,0.29982068034977283,0,0.1,exact,ok,,0.0006433832253104878,0.20845616500059805,0.00028221156966271727,0.09115433700105768,1592436.997116735,34352,,,0.0014818439999544353,4.5120597526990365e-05,0.014573953001217888,4.123162229050638e-05,0.013317813999833561,9.605734365374952e-05,0.031026522000161094,0.05026560299995708,0.04341109400002097,0.0035795799999505107,0.0,0.0027601739999454367,5.676560371616984e-05,0.018335290000322857,,,0.00025833099994088116,0.07281582699999944,0.052641554999922846,0.05323799899997539,0.5548341250000703,0.0005147550000401679,0.6276499520000698,0.6279082830000107,1e-07,,80000,v6_btab
35721,expanded_box,topk,2048,,2048,0,"[25, 25]","[51, 51]",2601,topk,2048,,2048,80000,2601,cheap,30,0.01,,,,,,,,,,,,,,,,,inverse,20000,group_a,50,diag,0.001,50,auto,group_a,auto,174,175,7.368161633907627e-08,0,,,2,synthetic_true_func_2d_ntrain10000000,False,NVIDIA A100-SXM4-40GB,cheap,0,0,0,0,0,0,2,35721,,,,,,,,,,,,,1e-05,inverse,9999999.99998707,True,,nan,0,50,diag,0.001,0,0,0,108243216,False,174.0,matern,0.1,1.5,1.0,,0,3000,btab_auto_topk_2048,189,175,174,2500000,10000000,3000,cufinufft,binned_c1,50,174,7.368161633907627e-08,pcg,converged,174,,True,0.1,0,545.4773061948279,0.008280488498576207,0.29982068053584415,0,0.1,exact,ok,,0.0006444331714276684,0.11277580499984197,0.0003397023218380044,0.05910820399981276,630211.0282575133,33120,,,0.0015701150000495545,4.541112068166293e-05,0.00790153499860935,4.1461149427552046e-05,0.0072142400003940566,0.00015389368391048453,0.02677750100042431,0.20304457500003537,0.1803959680000844,0.014092104000042127,0.0,0.00698523399989881,5.6349068964617144e-05,0.009804737999843383,,,0.00027760199998283497,0.07264834799991604,0.2055277939999769,0.053252784999926916,0.4865735640000821,0.0015712690000100338,0.5592219119999982,0.559499513999981,1e-07,,80000,v6_btab
35721,expanded_box,topk,4096,,4096,0,"[36, 36]","[73, 73]",5329,topk,4096,,4096,80000,5329,cheap,30,0.01,,,,,,,,,,,,,,,,,inverse,20000,group_a,50,diag,0.001,50,auto,group_a,auto,88,89,8.339225860247202e-08,0,,,2,synthetic_true_func_2d_ntrain10000000,False,NVIDIA A100-SXM4-40GB,cheap,0,0,0,0,0,0,2,35721,,,,,,,,,,,,,1e-05,inverse,9999999.99998707,True,,nan,0,50,diag,0.001,0,0,0,454371856,False,88.0,matern,0.1,1.5,1.0,,0,3000,btab_auto_topk_4096,189,89,88,2500000,10000000,3000,cufinufft,binned_c1,50,88,8.339225860247202e-08,pcg,converged,88,,True,0.1,0,98.38541971041481,0.008280513190077372,0.29982068009274354,0,0.1,exact,ok,,0.0006572406629162246,0.058494418999543996,0.0006088954886342373,0.053582802999812884,212413.93681756294,30392,,,0.001810093000017332,4.5628431816556834e-05,0.004015301999857002,4.5323954550853656e-05,0.003988508000475122,0.0004156877613610277,0.03658052299977044,0.8795144829999799,0.7538697840000168,0.09477330199990774,0.0,0.02480804700007866,5.7870159083832235e-05,0.005092573999377237,,,0.00023762399996485328,0.07256688699999359,0.8823304050000615,0.05349902600005407,1.0510680810000395,0.006063349999976708,1.123634968000033,1.123872591999998,1e-07,,80000,v6_btab
35721,expanded_box,topk,2048,,2048,0,"[25, 25]","[51, 51]",2601,topk,2048,,2048,80000,2601,cheap,30,0.01,,cupy,3.3056642132579856e-14,2.0212985054499018e-15,960,418,418,,418,192,2601,33120,7993344,2982.067906213802,29820.679062138017,0.001,boxeig,20000,group_a,50,diag,0.001,50,auto,group_a,boxeig,510,511,8.7993013543966e-08,0,,,2,synthetic_true_func_2d_ntrain10000000,False,NVIDIA A100-SXM4-40GB,cheap,192,0,192,192,0,0,2,35721,,,,,,,3.3056642132579856e-14,2.0212985054499018e-15,,,,,1e-05,boxeig,9999999.99998707,True,,nan,0,0,,nan,0,0,0,0,False,510.0,matern,0.1,1.5,1.0,,163216,3000,btab_boxeig_topk_2048_q192,189,511,510,2500000,10000000,3000,cufinufft,binned_c1,50,510,8.7993013543966e-08,pcg,converged,510,,True,0.1,0,545.4773061948279,0.008280427176866023,0.29982068091504643,0,0.1,boxeig,ok,,0.0006593414911930519,0.3369235019996495,0.0004268919039220111,0.21771487100022568,630211.0282575133,33120,,29820.679062138017,0.0017900280000731073,4.66264333313655e-05,0.023779480998996405,3.9936050980789636e-05,0.020367386000202714,0.0002387585470588045,0.12176685899999029,1.5467128709999542,0.0,0.0,0.0009693929999912143,0.0,5.872423921551208e-05,0.02994936199991116,1.545743477999963,,0.07453813500001161,0.0730918809999821,1.5489615149999736,0.05558990100007577,2.431506403999947,0.0,2.504598284999929,2.5791364199999407,1e-07,,80000,v7_btab_boxeig
35721,expanded_box,topk,4096,,4096,0,"[36, 36]","[73, 73]",5329,topk,4096,,4096,80000,5329,cheap,30,0.01,,cupy,3.438953215742753e-14,2.013069308945496e-15,960,418,418,,418,192,5329,30392,16373760,2983.040518463525,29830.40518463525,0.001,boxeig,20000,group_a,50,diag,0.001,50,auto,group_a,boxeig,602,603,9.834974337787325e-08,0,,,2,synthetic_true_func_2d_ntrain10000000,False,NVIDIA A100-SXM4-40GB,cheap,192,0,192,192,0,0,2,35721,,,,,,,3.438953215742753e-14,2.013069308945496e-15,,,,,1e-05,boxeig,9999999.99998707,True,,nan,0,0,,nan,0,0,0,0,False,602.0,matern,0.1,1.5,1.0,,336400,3000,btab_boxeig_topk_4096_q192,189,603,602,2500000,10000000,3000,cufinufft,binned_c1,50,602,9.834974337787325e-08,pcg,converged,602,,True,0.1,0,98.38541971041481,0.00828060669907022,0.2998206814567364,0,0.1,boxeig,ok,,0.0006474005273656748,0.3903825180015019,0.00042685578072986457,0.25696717999937846,212413.93681756294,30392,,29830.40518463525,0.001798204000010628,4.49930548180899e-05,0.02708581900049012,3.8854744185448715e-05,0.023390555999640128,0.00024426257973641217,0.1470460730013201,0.35472397099999853,0.0,0.0,0.0009681039999804852,0.0,5.6694049835770056e-05,0.03412981800113357,0.35375586700001804,,0.07640017000005628,0.08507251599996835,0.3569592220000004,0.05305443200006721,1.3818093209999915,0.0,1.4668818369999599,1.5432820070000162,1e-07,,80000,v7_btab_boxeig
35721,expanded_box,topk,4096,,4096,0,"[36, 36]","[73, 73]",5329,topk,4096,,4096,80000,5329,cheap,30,0.01,,cupy,2.9360280822727045e-14,2.984233310281995e-15,1280,546,546,,546,256,5329,30392,21831680,1502.5962976046787,15025.962976046787,0.001,boxeig,20000,group_a,50,diag,0.001,50,auto,group_a,boxeig,416,417,9.698000422375863e-08,0,,,2,synthetic_true_func_2d_ntrain10000000,False,NVIDIA A100-SXM4-40GB,cheap,256,0,256,256,0,0,2,35721,,,,,,,2.9360280822727045e-14,2.984233310281995e-15,,,,,1e-05,boxeig,9999999.99998707,True,,nan,0,0,,nan,0,0,0,0,False,416.0,matern,0.1,1.5,1.0,,336400,3000,btab_boxeig_topk_4096_q256,189,417,416,2500000,10000000,3000,cufinufft,binned_c1,50,416,9.698000422375863e-08,pcg,converged,416,,True,0.1,0,98.38541971041481,0.008280512295767886,0.29982068179923277,0,0.1,boxeig,ok,,0.0006594210023930057,0.2749785579978834,0.00043548384615158615,0.18116127999905984,212413.93681756294,30392,,15025.962976046787,0.0017718269999704717,4.649598797794415e-05,0.019342330998824764,3.9922639423923994e-05,0.01660781800035238,0.00024748077884868716,0.10295200400105387,0.4668981849999909,0.0,0.0,0.0009457009999778165,0.0,5.873927163472322e-05,0.02443553700004486,0.4659524840000131,,0.10217125999997734,0.07270659499999965,0.4691361349999852,0.053055996000011874,1.1916429929999595,0.0,1.2643495879999591,1.3665208479999364,1e-07,,80000,v7_btab_boxeig
35721,expanded_box,topk,8192,,8192,0,"[51, 51]","[103, 103]",10609,topk,8192,,8192,80000,10609,cheap,30,0.01,,cupy,3.1760496010531534e-14,2.096095964095524e-15,960,418,418,,418,192,10609,25112,32593920,2983.178821567548,29831.78821567548,0.001,boxeig,20000,group_a,50,diag,0.001,50,auto,group_a,boxeig,675,676,9.790226231300664e-08,0,,,2,synthetic_true_func_2d_ntrain10000000,False,NVIDIA A100-SXM4-40GB,cheap,192,0,192,192,0,0,2,35721,,,,,,,3.1760496010531534e-14,2.096095964095524e-15,,,,,1e-05,boxeig,9999999.99998707,True,,nan,0,0,,nan,0,0,0,0,False,675.0,matern,0.1,1.5,1.0,,672400,3000,btab_boxeig_topk_8192_q192,189,676,675,2500000,10000000,3000,cufinufft,binned_c1,50,675,9.790226231300664e-08,pcg,converged,675,,True,0.1,0,18.400345644895555,0.008280702444008138,0.2998206822495299,0,0.1,boxeig,ok,,0.0006402559142010615,0.43281299799991757,0.00042299091258967195,0.28551886599802856,68148.36614050946,25112,,29831.78821567548,0.0022506509999402624,4.4913453335471716e-05,0.03031658100144341,3.883563851912994e-05,0.02621405600041271,0.00024053210370480143,0.16235917000074096,0.3561219279999932,0.0,0.0,0.0010606050000205869,0.0,5.6910509628896425e-05,0.03841459399950509,0.3550613229999726,,0.07846370499999011,0.07306435700002112,0.35886663799999496,0.052797152000039205,1.4986846059999834,0.0,1.5717489630000046,1.6502126679999947,1e-07,,80000,v7_btab_boxeig
35721,expanded_box,topk,8192,,8192,0,"[51, 51]","[103, 103]",10609,topk,8192,,8192,80000,10609,cheap,30,0.01,,cupy,3.1390050903274044e-14,4.311280838243219e-15,1280,546,546,,546,256,10609,25112,43458560,1502.7218357444954,15027.218357444954,0.001,boxeig,20000,group_a,50,diag,0.001,50,auto,group_a,boxeig,476,477,9.78947094028805e-08,0,,,2,synthetic_true_func_2d_ntrain10000000,False,NVIDIA A100-SXM4-40GB,cheap,256,0,256,256,0,0,2,35721,,,,,,,3.1390050903274044e-14,4.311280838243219e-15,,,,,1e-05,boxeig,9999999.99998707,True,,nan,0,0,,nan,0,0,0,0,False,476.0,matern,0.1,1.5,1.0,,672400,3000,btab_boxeig_topk_8192_q256,189,477,476,2500000,10000000,3000,cufinufft,binned_c1,50,476,9.78947094028805e-08,pcg,converged,476,,True,0.1,0,18.400345644895555,0.008280766975259783,0.2998206825857584,0,0.1,boxeig,ok,,0.0006374740041904411,0.3040750999988404,0.0004115614516852192,0.19590325100216432,68148.36614050946,25112,,15027.218357444954,0.0021645909999961077,4.50345672273009e-05,0.021436454000195226,3.851258403476301e-05,0.018331990000547194,0.00023004430882394422,0.10950109100019745,0.45684625499995946,0.0,0.0,0.000991834999922503,0.0,5.626827941271876e-05,0.02678370100045413,0.45585442000003695,,0.10169547300006343,0.07859788799999023,0.4595579540000472,0.05276944399997774,1.2537143350000406,0.0,1.3323122230000308,1.4340076960000943,1e-07,,80000,v7_btab_boxeig
35721,expanded_box,topk,8192,,8192,0,"[51, 51]","[103, 103]",10609,topk,8192,,8192,80000,10609,cheap,30,0.01,,cupy,4.938922689002359e-14,4.787342147860755e-15,1600,674,674,,674,320,10609,25112,54323200,897.3976516339656,8973.976516339655,0.001,boxeig,20000,group_a,50,diag,0.001,50,auto,group_a,boxeig,365,366,9.763954140023636e-08,0,,,2,synthetic_true_func_2d_ntrain10000000,False,NVIDIA A100-SXM4-40GB,cheap,320,0,320,320,0,0,2,35721,,,,,,,4.938922689002359e-14,4.787342147860755e-15,,,,,1e-05,boxeig,9999999.99998707,True,,nan,0,0,,nan,0,0,0,0,False,365.0,matern,0.1,1.5,1.0,,672400,3000,btab_boxeig_topk_8192_q320,189,366,365,2500000,10000000,3000,cufinufft,binned_c1,50,365,9.763954140023636e-08,pcg,converged,365,,True,0.1,0,18.400345644895555,0.008280442025401236,0.29982068276525375,0,0.1,boxeig,ok,,0.0006429261830563181,0.23531098299861242,0.00041558234520317915,0.1516875559991604,68148.36614050946,25112,,8973.976516339655,0.002158440000016526,4.5393898631430116e-05,0.016568773000471992,3.8736391778076896e-05,0.014138782998998067,0.00023258966849419403,0.08489522900038082,0.5734054340000512,0.0,0.0,0.0009940390000338084,0.0,5.661445753715158e-05,0.020664277001060327,0.5724113950000174,,0.1264742920000117,0.07307271199999832,0.5761560729999928,0.052602118999971026,1.1908551450000004,0.0,1.2639278569999988,1.3904021490000105,1e-07,,80000,v7_btab_boxeig
35721,expanded_box,topk,16384,,16384,0,"[72, 72]","[145, 145]",21025,topk,16384,,16384,80000,21025,cheap,30,0.01,,cupy,2.6991576092197926e-14,2.091526268930735e-15,960,418,418,,418,192,21025,14696,64591872,2983.197287821334,29831.97287821334,0.001,boxeig,20000,group_a,50,diag,0.001,50,auto,group_a,boxeig,746,747,9.916088049869552e-08,0,,,2,synthetic_true_func_2d_ntrain10000000,False,NVIDIA A100-SXM4-40GB,cheap,192,0,192,192,0,0,2,35721,,,,,,,2.6991576092197926e-14,2.091526268930735e-15,,,,,1e-05,boxeig,9999999.99998707,True,,nan,0,0,,nan,0,0,0,0,False,746.0,matern,0.1,1.5,1.0,,1336336,3000,btab_boxeig_topk_16384_q192,189,747,746,2500000,10000000,3000,cufinufft,binned_c1,50,746,9.916088049869552e-08,pcg,converged,746,,True,0.1,0,3.4180462923873587,0.008280645453507166,0.29982068297748965,0,0.1,boxeig,ok,,0.000636579323964089,0.4755247550011745,0.00043191227077594296,0.32220655399885345,16085.639725487708,14696,,29831.97287821334,0.002993646000049921,4.53203351172847e-05,0.03380896999749439,3.915961662219027e-05,0.029213074000153938,0.0002495390924947735,0.18615616300110105,0.3448123039999018,0.0,0.0,0.0009864630000038233,0.0,5.637693297604472e-05,0.04205719200012936,0.343825840999898,,0.07723121100002572,0.07263746099999935,0.34841306999999233,0.053539264000050935,1.607577575999926,0.0,1.6802150369999254,1.757446247999951,1e-07,,80000,v7_btab_boxeig
35721,expanded_box,topk,16384,,16384,0,"[72, 72]","[145, 145]",21025,topk,16384,,16384,80000,21025,cheap,30,0.01,,cupy,3.758874002065359e-14,6.961063787328476e-15,1280,546,546,,546,256,21025,14696,86122496,1502.7384960261945,15027.384960261945,0.001,boxeig,20000,group_a,50,diag,0.001,50,auto,group_a,boxeig,529,530,9.174324918757359e-08,0,,,2,synthetic_true_func_2d_ntrain10000000,False,NVIDIA A100-SXM4-40GB,cheap,256,0,256,256,0,0,2,35721,,,,,,,3.758874002065359e-14,6.961063787328476e-15,,,,,1e-05,boxeig,9999999.99998707,True,,nan,0,0,,nan,0,0,0,0,False,529.0,matern,0.1,1.5,1.0,,1336336,3000,btab_boxeig_topk_16384_q256,189,530,529,2500000,10000000,3000,cufinufft,binned_c1,50,529,9.174324918757359e-08,pcg,converged,529,,True,0.1,0,3.4180462923873587,0.00828062288753876,0.2998206830884746,0,0.1,boxeig,ok,,0.0006529929339599908,0.3460862549987951,0.0004458507561450601,0.2358550500007368,16085.639725487708,14696,,15027.384960261945,0.002974856999912845,4.5751425331594865e-05,0.024202504000413683,4.037395085655562e-05,0.021357820003117922,0.00026002763893955797,0.13755462099902616,0.7272270380000236,0.0,0.0,0.0009974189999866212,0.0,5.6929177692136934e-05,0.030115534999140436,0.726229619000037,,0.10233203400002822,0.07985241300002599,0.7309454349999669,0.053594911000004686,1.6492003340000565,0.0,1.7290527470000825,1.8313847810001107,1e-07,,80000,v7_btab_boxeig
35721,expanded_box,topk,16384,,16384,0,"[72, 72]","[145, 145]",21025,topk,16384,,16384,80000,21025,cheap,30,0.01,,cupy,4.551463868343453e-14,5.851455849462335e-15,1600,674,674,,674,320,21025,14696,107653120,897.4172230334369,8974.172230334369,0.001,boxeig,20000,group_a,50,diag,0.001,50,auto,group_a,boxeig,398,399,9.802124680388859e-08,0,,,2,synthetic_true_func_2d_ntrain10000000,False,NVIDIA A100-SXM4-40GB,cheap,320,0,320,320,0,0,2,35721,,,,,,,4.551463868343453e-14,5.851455849462335e-15,,,,,1e-05,boxeig,9999999.99998707,True,,nan,0,0,,nan,0,0,0,0,False,398.0,matern,0.1,1.5,1.0,,1336336,3000,btab_boxeig_topk_16384_q320,189,399,398,2500000,10000000,3000,cufinufft,binned_c1,50,398,9.802124680388859e-08,pcg,converged,398,,True,0.1,0,3.4180462923873587,0.008280491728394065,0.299820683615909,0,0.1,boxeig,ok,,0.0006533660300744046,0.26069304599968746,0.0004611510502469749,0.183538117998296,16085.639725487708,14696,,8974.172230334369,0.0029930150000154754,4.5559115579948616e-05,0.018132528000819548,4.013910301663504e-05,0.015975363000620746,0.00027559552512885696,0.10968701900128508,0.5766940830000067,0.0,0.0,0.001010381000014604,0.0,5.705837688353985e-05,0.02270923399964886,0.5756837019999921,,0.12674627900003088,0.07297507400005543,0.5804840969999532,0.05311323499995524,1.2768081460000076,0.0,1.349783220000063,1.476529499000094,1e-07,,80000,v7_btab_boxeig
35721,,,,,,,,,,,,,,,,,,,,,,,,,,,,,,,,,,,,,group_a,,,,,,group_a,,2876,2877,8.172795236143956e-08,,,,2,USGS_LPC_IL_Winnebago_2018_ground_elevation_regression_ntrain3000000,False,NVIDIA A100-SXM4-40GB,,,,,,,,2,35721,,,,,,,,,0,0,,,1e-05,,,True,,,,,,,,,,,False,2876.0,matern,0.1,1.5,1.0,,,80000,plain_cg,189,2877,,750000,3000000,3000,cufinufft,cufinufft,,,,,,,,True,0.1,0,,0.11826660178080627,0.11814472195466039,0,,,ok,,0.0006326289398686699,1.8200734600021633,,,,,,,,,,,,,,,,,,,,,,,,0.045847836999996616,,0.018414874000086456,3.0907982739998943,,3.1366468129999703,,1e-07,,80000,v1
35721,,,,,,,,,,,,,,,,,,,,,,,,,,,,,,,,,,,,,group_a,,,,,,group_a,,439,440,9.400617206779149e-08,,,nan,2,USGS_LPC_IL_Winnebago_2018_ground_elevation_regression_ntrain3000000,False,NVIDIA A100-SXM4-40GB,,,,,,,,2,35721,72,3,nan,,525.0448001243134,0.000594849642744156,,,5,352,0.0005075665387240324,0.17866342163085938,1e-05,,,True,[],,,,,,,,,,False,439.0,matern,0.1,1.5,1.0,nan,,3000,eigenpro_pcg_q64,189,440,439,750000,3000000,3000,cufinufft,binned_c1,,,,,,,full_eigenpro,True,0.1,0,,0.11806235514473934,0.11794242650370368,0,,,ok,,0.0006427965204522934,0.2828304689990091,0.00018069171753924907,0.07932366399973034,,,[],,,,,,,,,,,,,,,,,0.22248222400003215,,0.03695221299994955,0.00028192000002036366,0.01743061199999829,0.6397391680000055,,0.8994555250000076,,1e-07,64,80000,v3
35721,,,,,,,,,,,,,,,,,,,,,,,,,,,,,,,,,,,,,group_a,,,,,,group_a,,201,202,9.106132108704645e-08,,,nan,2,USGS_LPC_IL_Winnebago_2018_ground_elevation_regression_ntrain3000000,False,NVIDIA A100-SXM4-40GB,,,,,,,,2,35721,136,3,nan,,164.0020668894012,0.0001858027869239202,,,5,672,0.0005306057135264078,0.3565670394897461,1e-05,,,True,[],,,,,,,,,,False,201.0,matern,0.1,1.5,1.0,nan,,3000,eigenpro_pcg_q128,189,202,201,750000,3000000,3000,cufinufft,binned_c1,,,,,,,full_eigenpro,True,0.1,0,,0.1180623686421746,0.11794243001104783,0,,,ok,,0.0006488932722783766,0.13107644100023208,0.0002108854626790411,0.04238797799848726,,,[],,,,,,,,,,,,,,,,,0.4225486310000406,,0.03009960700001102,0.00031273199999759527,0.017523430999972334,0.30284792600002675,,0.755808896000076,,1e-07,128,80000,v3
35721,,,,,,,,,,,,,,,,,,,,,,,,,,,,,,,,,,,,,group_a,,,,,,group_a,,85,86,9.266298258303834e-08,,,nan,2,USGS_LPC_IL_Winnebago_2018_ground_elevation_regression_ntrain3000000,False,NVIDIA A100-SXM4-40GB,,,,,,,,2,35721,264,3,nan,,42.064483113061215,4.765604641936326e-05,,,5,1312,0.0005368132707549304,0.7042990112304688,1e-05,,,True,[],,,,,,,,,,False,85.0,matern,0.1,1.5,1.0,nan,,3000,eigenpro_pcg_q256,189,86,85,750000,3000000,3000,cufinufft,binned_c1,,,,,,,full_eigenpro,True,0.1,0,,0.11806236532850763,0.11794243510908844,0,,,ok,,0.0006433298720969825,0.05532636900034049,0.00032674991763916993,0.027773742999329443,,,[],,,,,,,,,,,,,,,,,0.8416386530000182,,0.030028543999947033,0.0003125360000240107,0.01735741400000279,0.13881104799997956,,1.0107907809999688,,1e-07,256,80000,v3
35721,,,,,,,,,,,,,,,,,,,,,,,,,,,,,,,,,,,,,group_a,,,,,,group_a,,65,66,7.900917207930959e-08,,,nan,2,USGS_LPC_IL_Winnebago_2018_ground_elevation_regression_ntrain3000000,False,NVIDIA A100-SXM4-40GB,,,,,,,,2,35721,328,3,nan,,26.635125993007385,3.0175688889086924e-05,,,5,1632,0.000552886588900697,0.9023109130859375,1e-05,,,True,[],,,,,,,,,,False,65.0,matern,0.1,1.5,1.0,nan,,3000,eigenpro_pcg_q320,189,66,65,750000,3000000,3000,cufinufft,binned_c1,,,,,,,full_eigenpro,True,0.1,0,,0.11806237104680065,0.11794243778916935,0,,,ok,,0.0006488537424237014,0.04282434699996429,0.0003735420153816449,0.024280230999806918,,,[],,,,,,,,,,,,,,,,,1.0760675220000167,,0.030463523999969766,0.0003092110000579851,0.017431701999953475,0.11095334599997386,,1.2177936030000183,,1e-07,320,80000,v3
35721,,,,,,,,,,,,,,,,,,,,,,,,,,,,,,,,,,,,,group_a,,,,,,group_a,,51,52,8.178648147067727e-08,,,nan,2,USGS_LPC_IL_Winnebago_2018_ground_elevation_regression_ntrain3000000,False,NVIDIA A100-SXM4-40GB,,,,,,,,2,35721,392,3,nan,,18.101394152724872,2.0507582052816073e-05,,,5,1952,0.0005647680016814685,1.1024271392822267,1e-05,,,True,[],,,,,,,,,,False,51.0,matern,0.1,1.5,1.0,nan,,3000,eigenpro_pcg_q384,189,52,51,750000,3000000,3000,cufinufft,binned_c1,,,,,,,full_eigenpro,True,0.1,0,,0.118062372823171,0.11794243953865045,0,,,ok,,0.0006532685576876072,0.033969964999755575,0.00042455641176489093,0.021652377000009437,,,[],,,,,,,,,,,,,,,,,1.3141902180000216,,0.030519538000021385,0.0003210410000065167,0.017438157000015053,0.09111099999995531,,1.4361417970000048,,1e-07,384,80000,v3
35721,,,,,,,,,,,,,,,,,,,,,,,,,,,,,,,,,,,,,group_a,,,,,,group_a,,41,42,7.69887565221109e-08,,,nan,2,USGS_LPC_IL_Winnebago_2018_ground_elevation_regression_ntrain3000000,False,NVIDIA A100-SXM4-40GB,,,,,,,,2,35721,456,3,nan,,13.201464303786103,1.4956312693151962e-05,,,5,2272,0.0005681974115506024,1.2909445190429687,1e-05,,,True,[],,,,,,,,,,False,41.0,matern,0.1,1.5,1.0,nan,,3000,eigenpro_pcg_q448,189,42,41,750000,3000000,3000,cufinufft,binned_c1,,,,,,,full_eigenpro,True,0.1,0,,0.11806237142090734,0.11794244271788556,0,,,ok,,0.0006473519999980496,0.027188783999918087,0.00047911809755388695,0.019643841999709366,,,[],,,,,,,,,,,,,,,,,1.545876278000037,,0.030048139999962586,0.0002981889999773557,0.017399514999965504,0.07624973400004365,,1.6524723410000206,,1e-07,448,80000,v3
35721,expanded_box,topk,512,,512,0,"[12, 12]","[25, 25]",625,topk,512,,512,80000,625,cheap,30,0.01,,,,,,,,,,,,,,,,,inverse,20000,group_a,50,diag,0.001,50,auto,group_a,auto,3000,3001,0.0001512426958936719,0,,,2,USGS_LPC_IL_Winnebago_2018_ground_elevation_regression_ntrain3000000,False,NVIDIA A100-SXM4-40GB,cheap,0,0,0,0,0,0,2,35721,,,,,,,,,,,,,1e-05,inverse,2999999.9999957276,True,,nan,0,50,diag,0.001,0,0,0,6250000,False,3000.0,matern,0.1,1.5,1.0,,0,3000,btab_auto_topk_512,189,3001,3001,750000,3000000,3000,cufinufft,binned_c1,50,3000,0.0001512426958936719,pcg,maxiter,3001,,True,0.1,0,3940.5563322492503,0.11810797961559878,0.11798558886368729,0,0.1,exact,ok,,0.0006342664525152414,1.9034336239982395,0.00025989871376230723,0.779956040000684,1388672.4014113897,35096,,,0.0014097120000542418,4.538021892752209e-05,0.1361860370014938,4.0844105298423915e-05,0.12257316000057017,7.434635454836896e-05,0.22311340999965523,0.011247997000054966,0.00855800600004386,0.0011290890000736908,0.0,0.0013337120000187497,5.6992701101176226e-05,0.17103509600462985,,,0.00027489299998251226,0.03019854399997257,0.013513383000031354,0.018259704000001875,4.543751195000027,0.0002271899999186644,4.573949739,4.574224631999982,1e-07,,80000,v6_btab
35721,expanded_box,topk,728,,728,0,"[15, 15]","[31, 31]",961,topk,728,,728,80000,961,cheap,30,0.01,,,,,,,,,,,,,,,,,inverse,20000,group_a,50,diag,0.001,50,auto,group_a,auto,3000,3001,0.00035189991927772184,0,,,2,USGS_LPC_IL_Winnebago_2018_ground_elevation_regression_ntrain3000000,False,NVIDIA A100-SXM4-40GB,cheap,0,0,0,0,0,0,2,35721,,,,,,,,,,,,,1e-05,inverse,2999999.9999957276,True,,nan,0,50,diag,0.001,0,0,0,14776336,False,3000.0,matern,0.1,1.5,1.0,,0,3000,btab_auto_topk_728,189,3001,3001,750000,3000000,3000,cufinufft,binned_c1,50,3000,0.00035189991927772184,pcg,maxiter,3001,,True,0.1,0,1580.8760886493887,0.11816689040574867,0.11804483565215088,0,0.1,exact,ok,,0.0006360778220584511,1.9088695439974117,0.00027123756114709496,0.813983921002432,781434.8816036546,34760,,,0.0014273049999928844,4.5534202933114264e-05,0.1366481430022759,4.157740219957421e-05,0.1247737840009222,8.432245651604352e-05,0.2530516920046466,0.02574964699999782,0.020469012000035036,0.0027056099999072103,0.0,0.002288686000042617,5.749861912861798e-05,0.17255335600498256,,,0.0002641859999812368,0.034849001999987195,0.02810616499994012,0.018238156999927924,4.611155075000056,0.0002863390000129584,4.646004077000043,4.6462682630000245,1e-07,,80000,v6_btab
35721,expanded_box,topk,1024,,1024,0,"[18, 18]","[37, 37]",1369,topk,1024,,1024,80000,1369,cheap,30,0.01,,,,,,,,,,,,,,,,,inverse,20000,group_a,50,diag,0.001,50,auto,group_a,auto,3000,3001,0.0004936740769430295,0,,,2,USGS_LPC_IL_Winnebago_2018_ground_elevation_regression_ntrain3000000,False,NVIDIA A100-SXM4-40GB,cheap,0,0,0,0,0,0,2,35721,,,,,,,,,,,,,1e-05,inverse,2999999.9999957276,True,,nan,0,50,diag,0.001,0,0,0,29986576,False,3000.0,matern,0.1,1.5,1.0,,0,3000,btab_auto_topk_1024,189,3001,3001,750000,3000000,3000,cufinufft,binned_c1,50,3000,0.0004936740769430295,pcg,maxiter,3001,,True,0.1,0,720.4558888596373,0.11824040497958238,0.11811341919586628,0,0.1,exact,ok,,0.0006447347464181369,1.934848974000829,0.000287996440853218,0.8642773190005073,477731.2262290008,34352,,,0.0015716259999862814,4.660861112957068e-05,0.1398724419998416,4.2481196268224345e-05,0.12748607000094125,9.707676007898843e-05,0.29132735699704426,0.05228346399997008,0.04372945799991612,0.004511488000048303,0.0,0.0035082069999816667,5.8536699100670735e-05,0.17566863400111288,,,0.00025716200002534606,0.03501148199995896,0.05481131400006234,0.018309465000015734,4.745181785,0.0005343110000239903,4.780193266999959,4.780450428999984,1e-07,,80000,v6_btab
35721,expanded_box,topk,2048,,2048,0,"[25, 25]","[51, 51]",2601,topk,2048,,2048,80000,2601,cheap,30,0.01,,,,,,,,,,,,,,,,,inverse,20000,group_a,50,diag,0.001,50,auto,group_a,auto,3000,3001,0.001248636551019882,0,,,2,USGS_LPC_IL_Winnebago_2018_ground_elevation_regression_ntrain3000000,False,NVIDIA A100-SXM4-40GB,cheap,0,0,0,0,0,0,2,35721,,,,,,,,,,,,,1e-05,inverse,2999999.9999957276,True,,nan,0,50,diag,0.001,0,0,0,108243216,False,3000.0,matern,0.1,1.5,1.0,,0,3000,btab_auto_topk_2048,189,3001,3001,750000,3000000,3000,cufinufft,binned_c1,50,3000,0.001248636551019882,pcg,maxiter,3001,,True,0.1,0,163.64323537297827,0.11832617199136386,0.11820744783428272,0,0.1,exact,ok,,0.0006316822625779683,1.8956784699964828,0.00034204175441575747,1.0264673050016881,189063.36038312432,33120,,,0.0015413430000990047,4.533723258914417e-05,0.13605703500002164,4.1907550149727515e-05,0.12576455799933228,0.0001543580376546767,0.46322847100168474,0.20913333100008913,0.18094649900001514,0.017784041000027173,0.0,0.008841860999950768,5.7602335888995486e-05,0.17286461000287545,,,0.00026540599992586067,0.03478606199996648,0.21163790200000676,0.018189789999951245,4.984097592000012,0.0015609300000960502,5.018883653999978,5.019149059999904,1e-07,,80000,v6_btab
35721,expanded_box,topk,4096,,4096,0,"[36, 36]","[73, 73]",5329,topk,4096,,4096,80000,5329,cheap,30,0.01,,,,,,,,,,,,,,,,,inverse,20000,group_a,50,diag,0.001,50,auto,group_a,auto,3000,3001,0.000844832287006342,0,,,2,USGS_LPC_IL_Winnebago_2018_ground_elevation_regression_ntrain3000000,False,NVIDIA A100-SXM4-40GB,cheap,0,0,0,0,0,0,2,35721,,,,,,,,,,,,,1e-05,inverse,2999999.9999957276,True,,nan,0,50,diag,0.001,0,0,0,454371856,False,3000.0,matern,0.1,1.5,1.0,,0,3000,btab_auto_topk_4096,189,3001,3001,750000,3000000,3000,cufinufft,binned_c1,50,3000,0.000844832287006342,pcg,maxiter,3001,,True,0.1,0,29.515634040838385,0.11836591745203963,0.11823582842099312,0,0.1,exact,ok,,0.0006411758683764282,1.924168780997661,0.0006081625444852567,1.8250957960002552,63724.19886324771,30392,,,0.0017423510000753595,4.554792369269878e-05,0.13668931900178904,4.503394735085236e-05,0.13514687599990793,0.00041634065878067147,1.249438317000795,0.9035308419998955,0.7455159879999655,0.12081641599991144,0.0,0.031203648000087014,5.758913662002751e-05,0.17282499899670256,,,0.00028332199997294083,0.03476691200000914,0.9062086760000057,0.018428549999953248,6.534675705000041,0.005994789999931527,6.56944261700005,6.569725939000023,1e-07,,80000,v6_btab
35721,expanded_box,topk,2048,,2048,0,"[25, 25]","[51, 51]",2601,topk,2048,,2048,80000,2601,cheap,30,0.01,,cupy,2.43159229747835e-11,3.2665729396166584e-14,960,418,418,,418,192,2601,33120,7993344,6.253266866273364,62.53266866273364,0.001,boxeig,20000,group_a,50,diag,0.001,50,auto,group_a,boxeig,706,707,9.876666316281533e-08,0,,,2,USGS_LPC_IL_Winnebago_2018_ground_elevation_regression_ntrain3000000,False,NVIDIA A100-SXM4-40GB,cheap,192,0,192,192,0,0,2,35721,,,,,,,2.43159229747835e-11,3.2665729396166584e-14,,,,,1e-05,boxeig,2999999.9999957276,True,,nan,0,0,,nan,0,0,0,0,False,706.0,matern,0.1,1.5,1.0,,163216,3000,btab_boxeig_topk_2048_q192,189,707,706,750000,3000000,3000,cufinufft,binned_c1,50,706,9.876666316281533e-08,pcg,converged,706,,True,0.1,0,163.64323537297827,0.11806235042511759,0.11794241639198079,0,0.1,boxeig,ok,,0.000646685489389986,0.4572066409987201,0.00042154814164382064,0.29761298800053737,189063.36038312432,33120,,62.53266866273364,0.001555904000042574,4.670147733552847e-05,0.0329712429988831,4.015622662903506e-05,0.02835029600009875,0.00023219998300056036,0.16393318799839562,0.3465274650000083,0.0,0.0,0.0009740159999864773,0.0,5.967403399605019e-05,0.042129868001211435,0.34555344900002183,,0.07513884700006201,0.03499138699999094,0.3485107919999564,0.01827687800005151,1.5512546879999718,0.0,1.5862460749999627,1.6613849220000247,1e-07,,80000,v7_btab_boxeig
35721,expanded_box,topk,4096,,4096,0,"[36, 36]","[73, 73]",5329,topk,4096,,4096,80000,5329,cheap,30,0.01,,cupy,1.2105313174326899e-12,1.8147982127101137e-14,960,418,418,,418,192,5329,30392,16373760,71.62164968908,716.2164968907999,0.001,boxeig,20000,group_a,50,diag,0.001,50,auto,group_a,boxeig,634,635,9.341477922653359e-08,0,,,2,USGS_LPC_IL_Winnebago_2018_ground_elevation_regression_ntrain3000000,False,NVIDIA A100-SXM4-40GB,cheap,192,0,192,192,0,0,2,35721,,,,,,,1.2105313174326899e-12,1.8147982127101137e-14,,,,,1e-05,boxeig,2999999.9999957276,True,,nan,0,0,,nan,0,0,0,0,False,634.0,matern,0.1,1.5,1.0,,336400,3000,btab_boxeig_topk_4096_q192,189,635,634,750000,3000000,3000,cufinufft,binned_c1,50,634,9.341477922653359e-08,pcg,converged,634,,True,0.1,0,29.515634040838385,0.11806235703948662,0.11794242069503305,0,0.1,boxeig,ok,,0.0006496969055127361,0.41255753500058745,0.00043288348895966834,0.2744481320004297,63724.19886324771,30392,,716.2164968907999,0.0017489929999783271,4.618493217284586e-05,0.029281246997584276,4.01789022097896e-05,0.025473424001006606,0.00024555297161050647,0.1556805840010611,0.3561329439999099,0.0,0.0,0.0009293159999970158,0.0,5.876985015927496e-05,0.037260085000980325,0.3552036279999129,,0.0767421429999331,0.034794826999927864,0.35831731900009345,0.018299507000051562,1.4492171919999919,0.0,1.4840120189999197,1.5607541619998528,1e-07,,80000,v7_btab_boxeig
35721,expanded_box,topk,4096,,4096,0,"[36, 36]","[73, 73]",5329,topk,4096,,4096,80000,5329,cheap,30,0.01,,cupy,2.253109694361166e-12,1.0629690190301492e-13,1280,546,546,,546,256,5329,30392,21831680,16.737538404062448,167.37538404062448,0.001,boxeig,20000,group_a,50,diag,0.001,50,auto,group_a,boxeig,370,371,9.609709376325364e-08,0,,,2,USGS_LPC_IL_Winnebago_2018_ground_elevation_regression_ntrain3000000,False,NVIDIA A100-SXM4-40GB,cheap,256,0,256,256,0,0,2,35721,,,,,,,2.253109694361166e-12,1.0629690190301492e-13,,,,,1e-05,boxeig,2999999.9999957276,True,,nan,0,0,,nan,0,0,0,0,False,370.0,matern,0.1,1.5,1.0,,336400,3000,btab_boxeig_topk_4096_q256,189,371,370,750000,3000000,3000,cufinufft,binned_c1,50,370,9.609709376325364e-08,pcg,converged,370,,True,0.1,0,29.515634040838385,0.11806235354022016,0.11794241672804807,0,0.1,boxeig,ok,,0.0006568998032332085,0.24370982699952037,0.0004388221675664706,0.16236420199959412,63724.19886324771,30392,,167.37538404062448,0.0017964669999628313,4.651680540494429e-05,0.017211217999829387,4.0557299998478836e-05,0.01500620099943717,0.000248663589189385,0.09200552800007245,0.4620256140000265,0.0,0.0,0.0009524810000129946,0.0,5.9635302705840795e-05,0.022065062001161095,0.4610731330000135,,0.10180045599997811,0.035214989999985846,0.4642759189999879,0.01827301899993472,1.1090034669999795,0.0,1.1442184569999654,1.2460189129999435,1e-07,,80000,v7_btab_boxeig
35721,expanded_box,topk,8192,,8192,0,"[51, 51]","[103, 103]",10609,topk,8192,,8192,80000,10609,cheap,30,0.01,,cupy,1.9293237028085057e-13,1.9390319238786318e-14,960,418,418,,418,192,10609,25112,32593920,77.84041624046067,778.4041624046066,0.001,boxeig,20000,group_a,50,diag,0.001,50,auto,group_a,boxeig,560,561,8.68794789462363e-08,0,,,2,USGS_LPC_IL_Winnebago_2018_ground_elevation_regression_ntrain3000000,False,NVIDIA A100-SXM4-40GB,cheap,192,0,192,192,0,0,2,35721,,,,,,,1.9293237028085057e-13,1.9390319238786318e-14,,,,,1e-05,boxeig,2999999.9999957276,True,,nan,0,0,,nan,0,0,0,0,False,560.0,matern,0.1,1.5,1.0,,672400,3000,btab_boxeig_topk_8192_q192,189,561,560,750000,3000000,3000,cufinufft,binned_c1,50,560,8.68794789462363e-08,pcg,converged,560,,True,0.1,0,5.520105239465894,0.11806235176933302,0.1179424134872429,0,0.1,boxeig,ok,,0.0006532889518666707,0.36649510199720226,0.00043614464999868526,0.24424100399926374,20444.515608345835,25112,,778.4041624046066,0.0021807690000059665,4.69006035739231e-05,0.026264338001396936,4.087339642759551e-05,0.022889101999453487,0.00024663393035565055,0.1381150009991643,0.4049189430000979,0.0,0.0,0.001035867000041435,0.0,5.8905271429361096e-05,0.032986952000442216,0.40388307600005646,,0.07827824399998917,0.03507863999993788,0.40763878900008876,0.0182606759999544,1.3735859010000695,0.0,1.4086645410000074,1.4869427849999965,1e-07,,80000,v7_btab_boxeig
35721,expanded_box,topk,8192,,8192,0,"[51, 51]","[103, 103]",10609,topk,8192,,8192,80000,10609,cheap,30,0.01,,cupy,6.726726429813781e-13,3.7315517741370183e-14,1280,546,546,,546,256,10609,25112,43458560,35.89344764522247,358.9344764522247,0.001,boxeig,20000,group_a,50,diag,0.001,50,auto,group_a,boxeig,396,397,9.151986984440152e-08,0,,,2,USGS_LPC_IL_Winnebago_2018_ground_elevation_regression_ntrain3000000,False,NVIDIA A100-SXM4-40GB,cheap,256,0,256,256,0,0,2,35721,,,,,,,6.726726429813781e-13,3.7315517741370183e-14,,,,,1e-05,boxeig,2999999.9999957276,True,,nan,0,0,,nan,0,0,0,0,False,396.0,matern,0.1,1.5,1.0,,672400,3000,btab_boxeig_topk_8192_q256,189,397,396,750000,3000000,3000,cufinufft,binned_c1,50,396,9.151986984440152e-08,pcg,converged,396,,True,0.1,0,5.520105239465894,0.11806236445176767,0.11794242682652002,0,0.1,boxeig,ok,,0.0006621726372801592,0.26288253700022324,0.00043106262878775923,0.17070080099995266,20444.515608345835,25112,,358.9344764522247,0.0021616620000486364,4.706919696644431e-05,0.018639401998711946,4.063699494673124e-05,0.016092249998905572,0.0002403421969688105,0.09517550999964897,0.4658387849999599,0.0,0.0,0.0009897859999909997,0.0,5.9625169189594734e-05,0.023611566999079514,0.4648489989999689,,0.10432153800002197,0.03464724299999489,0.46859058799998365,0.01823702699994101,1.158172741000044,0.0,1.1928199840000389,1.2971415220000608,1e-07,,80000,v7_btab_boxeig
35721,expanded_box,topk,8192,,8192,0,"[51, 51]","[103, 103]",10609,topk,8192,,8192,80000,10609,cheap,30,0.01,,cupy,6.45328035253871e-12,1.1533266152355902e-13,1600,674,674,,674,320,10609,25112,54323200,19.327482563811845,193.27482563811844,0.001,boxeig,20000,group_a,50,diag,0.001,50,auto,group_a,boxeig,317,318,9.286173953884143e-08,0,,,2,USGS_LPC_IL_Winnebago_2018_ground_elevation_regression_ntrain3000000,False,NVIDIA A100-SXM4-40GB,cheap,320,0,320,320,0,0,2,35721,,,,,,,6.45328035253871e-12,1.1533266152355902e-13,,,,,1e-05,boxeig,2999999.999995727,True,,nan,0,0,,nan,0,0,0,0,False,317.0,matern,0.1,1.5,1.0,,672400,3000,btab_boxeig_topk_8192_q320,189,318,317,750000,3000000,3000,cufinufft,binned_c1,50,317,9.286173953884143e-08,pcg,converged,317,,True,0.1,0,5.520105239465893,0.11806235481992189,0.11794241824576192,0,0.1,boxeig,ok,,0.0006998157578600541,0.2225414109994972,0.0004403909116719993,0.13960391900002378,20444.51560834583,25112,,193.27482563811844,0.00213771899996118,4.840017665423555e-05,0.015342855999392668,4.222265930511008e-05,0.013384582999719896,0.00024523405046978844,0.07773919399892293,0.6619298479999998,0.0,0.0,0.000993085000004612,0.0,6.0676123026261236e-05,0.01923433099932481,0.6609367629999952,,0.13367837100008728,0.03455730299992865,0.6646805169999652,0.0184725139999955,1.2441951719999906,0.0,1.2787524749999193,1.4124308460000066,1e-07,,80000,v7_btab_boxeig
35721,expanded_box,topk,16384,,16384,0,"[72, 72]","[145, 145]",21025,topk,16384,,16384,80000,21025,cheap,30,0.01,,cupy,1.8189058794405385e-13,1.8716484676899502e-14,960,418,418,,418,192,21025,14696,64591872,78.41630914147105,784.1630914147104,0.001,boxeig,20000,group_a,50,diag,0.001,50,auto,group_a,boxeig,449,450,9.941188723548445e-08,0,,,2,USGS_LPC_IL_Winnebago_2018_ground_elevation_regression_ntrain3000000,False,NVIDIA A100-SXM4-40GB,cheap,192,0,192,192,0,0,2,35721,,,,,,,1.8189058794405385e-13,1.8716484676899502e-14,,,,,1e-05,boxeig,2999999.9999957276,True,,nan,0,0,,nan,0,0,0,0,False,449.0,matern,0.1,1.5,1.0,,1336336,3000,btab_boxeig_topk_16384_q192,189,450,449,750000,3000000,3000,cufinufft,binned_c1,50,449,9.941188723548445e-08,pcg,converged,449,,True,0.1,0,1.025414177370461,0.1180623785977318,0.11794244021068519,0,0.1,boxeig,ok,,0.0006651755000007143,0.2993289750003214,0.0004545315367484076,0.204084660000035,4825.6932844042985,14696,,784.1630914147104,0.0029723689999627823,4.815572160137416e-05,0.021621918999016998,4.1010048999154474e-05,0.018413512000620358,0.0002628652939860764,0.11802651699974831,1.8457871670000259,0.0,0.0,0.001027119000013954,0.0,5.9304371937637644e-05,0.026627662999999302,1.844760048000012,,0.076681338999947,0.03471003599997857,1.849420015000078,0.01822581099997933,2.6434298689999878,0.0,2.6781399049999663,2.7548212439999133,1e-07,,80000,v7_btab_boxeig
35721,expanded_box,topk,16384,,16384,0,"[72, 72]","[145, 145]",21025,topk,16384,,16384,80000,21025,cheap,30,0.01,,cupy,3.430639342458327e-13,7.477223112801956e-14,1280,546,546,,546,256,21025,14696,86122496,36.53273123204395,365.3273123204395,0.001,boxeig,20000,group_a,50,diag,0.001,50,auto,group_a,boxeig,309,310,9.212205870107954e-08,0,,,2,USGS_LPC_IL_Winnebago_2018_ground_elevation_regression_ntrain3000000,False,NVIDIA A100-SXM4-40GB,cheap,256,0,256,256,0,0,2,35721,,,,,,,3.430639342458327e-13,7.477223112801956e-14,,,,,1e-05,boxeig,2999999.9999957276,True,,nan,0,0,,nan,0,0,0,0,False,309.0,matern,0.1,1.5,1.0,,1336336,3000,btab_boxeig_topk_16384_q256,189,310,309,750000,3000000,3000,cufinufft,binned_c1,50,309,9.212205870107954e-08,pcg,converged,309,,True,0.1,0,1.025414177370461,0.11806237222987764,0.1179424334148102,0,0.1,boxeig,ok,,0.0006608402838742956,0.20486048800103163,0.0004529407864057133,0.13995870299936541,4825.6932844042985,14696,,365.3273123204395,0.0029846950000091965,4.664808090798374e-05,0.014414257000566977,4.1088637539298396e-05,0.012696388999643204,0.00026065251456752937,0.08054162700136658,0.4727405490000365,0.0,0.0,0.0010230020000108198,0.0,6.0165702260714537e-05,0.01859120199856079,0.47171754700002566,,0.10230829900001481,0.03497277099995699,0.4764433369999779,0.017570048000038696,1.0218320699999595,0.0,1.0568048409999165,1.1591131399999313,1e-07,,80000,v7_btab_boxeig
35721,expanded_box,topk,16384,,16384,0,"[72, 72]","[145, 145]",21025,topk,16384,,16384,80000,21025,cheap,30,0.01,,cupy,6.334441033172802e-13,1.1127309898806872e-13,1600,674,674,,674,320,21025,14696,107653120,20.408835458765783,204.08835458765782,0.001,boxeig,20000,group_a,50,diag,0.001,50,auto,group_a,boxeig,245,246,9.230886055004119e-08,0,,,2,USGS_LPC_IL_Winnebago_2018_ground_elevation_regression_ntrain3000000,False,NVIDIA A100-SXM4-40GB,cheap,320,0,320,320,0,0,2,35721,,,,,,,6.334441033172802e-13,1.1127309898806872e-13,,,,,1e-05,boxeig,2999999.9999957276,True,,nan,0,0,,nan,0,0,0,0,False,245.0,matern,0.1,1.5,1.0,,1336336,3000,btab_boxeig_topk_16384_q320,189,246,245,750000,3000000,3000,cufinufft,binned_c1,50,245,9.230886055004119e-08,pcg,converged,245,,True,0.1,0,1.025414177370461,0.11806235193597564,0.11794241390359825,0,0.1,boxeig,ok,,0.0006610230081320871,0.16261166000049343,0.0004666516775442892,0.11432966099835085,4825.6932844042985,14696,,204.08835458765782,0.0029423990000623235,4.7314848980857615e-05,0.011592138000310115,4.038039591371355e-05,0.009893196998859821,0.00027788960816015247,0.06808295399923736,0.5796880569998848,0.0,0.0,0.0010005949999367658,0.0,5.806602857310095e-05,0.014226177000409734,0.578687461999948,,0.12673567499996352,0.030957973999989008,0.5834473919999255,0.017460625000012442,1.0186642490000395,0.0,1.0496222230000285,1.176357897999992,1e-07,,80000,v7_btab_boxeig
35721,,,,,,,,,,,,,,,,,,,,,,,,,,,,,,,,,,,,,group_a,,,,,,group_a,,1800,1801,8.789430253831463e-08,,,,2,USGS_LPC_IL_Winnebago_2018_ground_elevation_regression_ntrain1000000,False,NVIDIA A100-SXM4-40GB,,,,,,,,2,35721,,,,,,,,,0,0,,,1e-05,,,True,,,,,,,,,,,False,1800.0,matern,0.1,1.5,1.0,,,80000,plain_cg,189,1801,,250000,1000000,3000,cufinufft,cufinufft,,,,,,,,True,0.1,0,,0.12401395256082745,0.12390680783577866,0,,,ok,,0.0006353453064960072,1.144256896999309,,,,,,,,,,,,,,,,,,,,,,,,0.017044762999944396,,0.0090235569999777,1.9475918350000256,,1.964637166999978,,1e-07,,80000,v1
35721,,,,,,,,,,,,,,,,,,,,,,,,,,,,,,,,,,,,,group_a,,,,,,group_a,,279,280,8.95585405956899e-08,,,nan,2,USGS_LPC_IL_Winnebago_2018_ground_elevation_regression_ntrain1000000,False,NVIDIA A100-SXM4-40GB,,,,,,,,2,35721,72,3,nan,,174.99617197555042,0.0005947557202541416,,,5,352,0.0005056465430693193,0.1779875831604004,1e-05,,,True,[],,,,,,,,,,False,279.0,matern,0.1,1.5,1.0,nan,,3000,eigenpro_pcg_q64,189,280,279,250000,1000000,3000,cufinufft,binned_c1,,,,,,,full_eigenpro,True,0.1,0,,0.12320286959483642,0.12307505775642597,0,,,ok,,0.0006407034035691237,0.17939695299935465,0.00018134504659639045,0.050595268000392934,,,[],,,,,,,,,,,,,,,,,0.22082254500003273,,0.02394203899996228,0.000289579999957823,0.008557394000035856,0.40697419200000695,,0.6520283559999598,,1e-07,64,80000,v3
35721,,,,,,,,,,,,,,,,,,,,,,,,,,,,,,,,,,,,,group_a,,,,,,group_a,,131,132,8.55162952438794e-08,,,nan,2,USGS_LPC_IL_Winnebago_2018_ground_elevation_regression_ntrain1000000,False,NVIDIA A100-SXM4-40GB,,,,,,,,2,35721,136,3,nan,,54.73753824813805,0.00018603189111511504,,,5,672,0.000510163806733631,0.342830078125,1e-05,,,True,[],,,,,,,,,,False,131.0,matern,0.1,1.5,1.0,nan,,3000,eigenpro_pcg_q128,189,132,131,250000,1000000,3000,cufinufft,binned_c1,,,,,,,full_eigenpro,True,0.1,0,,0.12320288058832707,0.12307505685517144,0,,,ok,,0.0006411902727208916,0.08463711599915769,0.000210500267171101,0.02757553499941423,,,[],,,,,,,,,,,,,,,,,0.4153193659999488,,0.020030008000048838,0.00028566700007104373,0.008375952000051257,0.1958452749998969,,0.6314803159999656,,1e-07,128,80000,v3
35721,,,,,,,,,,,,,,,,,,,,,,,,,,,,,,,,,,,,,group_a,,,,,,group_a,,55,56,7.902647349373064e-08,,,nan,2,USGS_LPC_IL_Winnebago_2018_ground_elevation_regression_ntrain1000000,False,NVIDIA A100-SXM4-40GB,,,,,,,,2,35721,264,3,nan,,14.128719700584902,4.8018047725870246e-05,,,5,1312,0.0005358907304159025,0.703088638305664,1e-05,,,True,[],,,,,,,,,,False,55.0,matern,0.1,1.5,1.0,nan,,3000,eigenpro_pcg_q256,189,56,55,250000,1000000,3000,cufinufft,binned_c1,,,,,,,full_eigenpro,True,0.1,0,,0.12320288888265286,0.12307505194682165,0,,,ok,,0.0006391378928571255,0.03579172199999903,0.0003266323636353263,0.017964779999942948,,,[],,,,,,,,,,,,,,,,,0.8427933829999574,,0.019053718999998637,0.0003147439999793278,0.00847122400000444,0.09025043000008282,,0.9524122760000182,,1e-07,256,80000,v3
35721,,,,,,,,,,,,,,,,,,,,,,,,,,,,,,,,,,,,,group_a,,,,,,group_a,,41,42,7.495679630907244e-08,,,nan,2,USGS_LPC_IL_Winnebago_2018_ground_elevation_regression_ntrain1000000,False,NVIDIA A100-SXM4-40GB,,,,,,,,2,35721,328,3,nan,,8.991821546871849,3.055971877542042e-05,,,5,1632,0.0005482629046720618,0.8947650604248047,1e-05,,,True,[],,,,,,,,,,False,41.0,matern,0.1,1.5,1.0,nan,,3000,eigenpro_pcg_q320,189,42,41,250000,1000000,3000,cufinufft,binned_c1,,,,,,,full_eigenpro,True,0.1,0,,0.12320289666278925,0.12307505184603976,0,,,ok,,0.0006393428809506726,0.02685240099992825,0.000371609731720438,0.015235999000537959,,,[],,,,,,,,,,,,,,,,,1.0688025019999259,,0.018681121000099665,0.0003142580000030648,0.008364079999978458,0.07022436500005824,,1.1580222460000869,,1e-07,320,80000,v3
35721,,,,,,,,,,,,,,,,,,,,,,,,,,,,,,,,,,,,,group_a,,,,,,group_a,,32,33,8.40446322351068e-08,,,nan,2,USGS_LPC_IL_Winnebago_2018_ground_elevation_regression_ntrain1000000,False,NVIDIA A100-SXM4-40GB,,,,,,,,2,35721,392,3,nan,,6.1783952517826055,2.0997972219622536e-05,,,5,1952,0.000570982292050221,1.1145574340820312,1e-05,,,True,[],,,,,,,,,,False,32.0,matern,0.1,1.5,1.0,nan,,3000,eigenpro_pcg_q384,189,33,32,250000,1000000,3000,cufinufft,binned_c1,,,,,,,full_eigenpro,True,0.1,0,,0.12320287557141978,0.12307505423596586,0,,,ok,,0.0006704749697002461,0.02212567400010812,0.0004304166249973207,0.013773331999914262,,,[],,,,,,,,,,,,,,,,,1.326591408000013,,0.018628143999990243,0.0003291599999784012,0.008458127000039894,0.060134391000019605,,1.4056831030000012,,1e-07,384,80000,v3
35721,,,,,,,,,,,,,,,,,,,,,,,,,,,,,,,,,,,,,group_a,,,,,,group_a,,25,26,9.243735427352184e-08,,,nan,2,USGS_LPC_IL_Winnebago_2018_ground_elevation_regression_ntrain1000000,False,NVIDIA A100-SXM4-40GB,,,,,,,,2,35721,456,3,nan,,4.5587934465864395,1.549357297022173e-05,,,5,2272,0.0005816441791158327,1.3214955749511719,1e-05,,,True,[],,,,,,,,,,False,25.0,matern,0.1,1.5,1.0,nan,,3000,eigenpro_pcg_q448,189,26,25,250000,1000000,3000,cufinufft,binned_c1,,,,,,,full_eigenpro,True,0.1,0,,0.12320290853621924,0.12307505330222296,0,,,ok,,0.0006405741923196309,0.016654929000310403,0.00048192839999501303,0.012048209999875326,,,[],,,,,,,,,,,,,,,,,1.576869835000025,,0.018620305000013104,0.0003101119999655566,0.008331424000061816,0.047718582000015886,,1.6435188340000195,,1e-07,448,80000,v3
35721,expanded_box,topk,512,,512,0,"[12, 12]","[25, 25]",625,topk,512,,512,80000,625,cheap,30,0.01,,,,,,,,,,,,,,,,,inverse,20000,group_a,50,diag,0.001,50,auto,group_a,auto,3000,3001,0.0002058782187278791,0,,,2,USGS_LPC_IL_Winnebago_2018_ground_elevation_regression_ntrain1000000,False,NVIDIA A100-SXM4-40GB,cheap,0,0,0,0,0,0,2,35721,,,,,,,,,,,,,1e-05,inverse,999999.9999987105,True,,nan,0,50,diag,0.001,0,0,0,6250000,False,3000.0,matern,0.1,1.5,1.0,,0,3000,btab_auto_topk_512,189,3001,3001,250000,1000000,3000,cufinufft,binned_c1,50,3000,0.0002058782187278791,pcg,maxiter,3001,,True,0.1,0,1313.5031517667444,0.1232380841268266,0.12310394629991496,0,0.1,exact,ok,,0.0006343632339217249,1.9037240649990963,0.0002612255964687498,0.7839380150027182,462884.53163945867,35096,,,0.0015118869999923845,4.5079404531685574e-05,0.1352832929995884,4.09966004647124e-05,0.12303079799460193,7.532157314244841e-05,0.2260400410004877,0.011497270999939246,0.008789303999947151,0.0011379999999689971,0.0,0.0013349719999951049,5.7365375209974416e-05,0.17215349100513322,,,0.0004153339999675154,0.018368290000012166,0.013870604999965508,0.009086819000003743,4.540385764000007,0.00023499500002799323,4.558754054000019,4.559169387999987,1e-07,,80000,v6_btab
35721,expanded_box,topk,728,,728,0,"[15, 15]","[31, 31]",961,topk,728,,728,80000,961,cheap,30,0.01,,,,,,,,,,,,,,,,,inverse,20000,group_a,50,diag,0.001,50,auto,group_a,auto,3000,3001,0.0004456865412276947,0,,,2,USGS_LPC_IL_Winnebago_2018_ground_elevation_regression_ntrain1000000,False,NVIDIA A100-SXM4-40GB,cheap,0,0,0,0,0,0,2,35721,,,,,,,,,,,,,1e-05,inverse,999999.9999987105,True,,nan,0,50,diag,0.001,0,0,0,14776336,False,3000.0,matern,0.1,1.5,1.0,,0,3000,btab_auto_topk_728,189,3001,3001,250000,1000000,3000,cufinufft,binned_c1,50,3000,0.0004456865412276947,pcg,maxiter,3001,,True,0.1,0,526.9518252995047,0.12327180603452402,0.12313580847587968,0,0.1,exact,ok,,0.0006328500099962551,1.8991828799987616,0.0002707156261239655,0.8124175939980205,260474.59564064053,34760,,,0.0014150819999940722,4.516377707521664e-05,0.13553649500272513,4.11769330217177e-05,0.12357197599817482,8.41139866709293e-05,0.2524260739994588,0.02657802500004891,0.021303972000055182,0.0027349210000693347,0.0,0.0022516389999509556,5.7693033320226804e-05,0.17313679299400064,,,0.00026954999998451967,0.02142264899998736,0.028890824999962206,0.009076606999997239,4.5875098480000815,0.0002874929999734377,4.608932497000069,4.609202047000053,1e-07,,80000,v6_btab
35721,expanded_box,topk,1024,,1024,0,"[18, 18]","[37, 37]",1369,topk,1024,,1024,80000,1369,cheap,30,0.01,,,,,,,,,,,,,,,,,inverse,20000,group_a,50,diag,0.001,50,auto,group_a,auto,3000,3001,0.0003759169481154619,0,,,2,USGS_LPC_IL_Winnebago_2018_ground_elevation_regression_ntrain1000000,False,NVIDIA A100-SXM4-40GB,cheap,0,0,0,0,0,0,2,35721,,,,,,,,,,,,,1e-05,inverse,999999.9999987105,True,,nan,0,50,diag,0.001,0,0,0,29986576,False,3000.0,matern,0.1,1.5,1.0,,0,3000,btab_auto_topk_1024,189,3001,3001,250000,1000000,3000,cufinufft,binned_c1,50,3000,0.0003759169481154619,pcg,maxiter,3001,,True,0.1,0,240.1486637979243,0.12326545981093696,0.12313213265256476,0,0.1,exact,ok,,0.000641156701431608,1.9241112609962556,0.000285082909364185,0.8555338110019193,159241.41853898662,34352,,,0.0014386379999677956,4.565013728798091e-05,0.1369960620012307,4.215014361988552e-05,0.12649258100327643,9.635260413260454e-05,0.28915416500194624,0.053689265000002706,0.04518466800004717,0.004492702999982612,0.0,0.003497282000012092,5.840280606526342e-05,0.17526682100185553,,,0.0002564069999380081,0.021201343000029738,0.05600666300006196,0.009290110000051754,4.710022571999957,0.0005146119999608345,4.731223914999987,4.731480321999925,1e-07,,80000,v6_btab
35721,expanded_box,topk,2048,,2048,0,"[25, 25]","[51, 51]",2601,topk,2048,,2048,80000,2601,cheap,30,0.01,,,,,,,,,,,,,,,,,inverse,20000,group_a,50,diag,0.001,50,auto,group_a,auto,3000,3001,0.0003490061633311354,0,,,2,USGS_LPC_IL_Winnebago_2018_ground_elevation_regression_ntrain1000000,False,NVIDIA A100-SXM4-40GB,cheap,0,0,0,0,0,0,2,35721,,,,,,,,,,,,,1e-05,inverse,999999.9999987105,True,,nan,0,50,diag,0.001,0,0,0,108243216,False,3000.0,matern,0.1,1.5,1.0,,0,3000,btab_auto_topk_2048,189,3001,3001,250000,1000000,3000,cufinufft,binned_c1,50,3000,0.0003490061633311354,pcg,maxiter,3001,,True,0.1,0,54.546949589895824,0.12329200993955966,0.12316238404160774,0,0.1,exact,ok,,0.0006317291822715142,1.8958192759968142,0.00034273343685532986,1.028543044002845,63020.171182838174,33120,,,0.0015278089999810618,4.5290203265611464e-05,0.1359159000001,4.218831356155164e-05,0.12660712899821647,0.00015543137887455218,0.4664495680025311,0.20909976200005076,0.1809266260000868,0.0177697359999911,0.0,0.008833007000021098,5.751493735275436e-05,0.17260232699561584,,,0.0002672620000794268,0.02133996100008062,0.21153328399998372,0.009119693999991796,4.985931046000019,0.001570392999951764,5.007271007000099,5.007538269000179,1e-07,,80000,v6_btab
35721,expanded_box,topk,4096,,4096,0,"[36, 36]","[73, 73]",5329,topk,4096,,4096,80000,5329,cheap,30,0.01,,,,,,,,,,,,,,,,,inverse,20000,group_a,50,diag,0.001,50,auto,group_a,auto,3000,3001,0.00030077057166285617,0,,,2,USGS_LPC_IL_Winnebago_2018_ground_elevation_regression_ntrain1000000,False,NVIDIA A100-SXM4-40GB,cheap,0,0,0,0,0,0,2,35721,,,,,,,,,,,,,1e-05,inverse,999999.9999987105,True,,nan,0,50,diag,0.001,0,0,0,454371856,False,3000.0,matern,0.1,1.5,1.0,,0,3000,btab_auto_topk_4096,189,3001,3001,250000,1000000,3000,cufinufft,binned_c1,50,3000,0.00030077057166285617,pcg,maxiter,3001,,True,0.1,0,9.838396089144934,0.12341333572389211,0.1232705127182343,0,0.1,exact,ok,,0.0006459161526161112,1.93839437400095,0.0006157162192598324,1.847764373998757,21241.07387227035,30392,,,0.0017646329999934096,4.599214795012432e-05,0.1380224359983231,4.5883585138802674e-05,0.13769663900154683,0.0004216261276237609,1.2653000089989064,0.9130468590000191,0.7549527040000612,0.12085895500001698,0.0,0.031243981999978132,5.8381282239174214e-05,0.17520222799976182,,,0.00027794999994057434,0.021329111999989436,0.9157274620000635,0.009232529000087197,6.599735659999965,0.005991217999962828,6.621064771999954,6.621342721999895,1e-07,,80000,v6_btab
35721,expanded_box,topk,2048,,2048,0,"[25, 25]","[51, 51]",2601,topk,2048,,2048,80000,2601,cheap,30,0.01,,cupy,1.6604366914673777e-11,3.206036807813088e-14,960,418,418,,418,192,2601,33120,7993344,2.125648479222343,21.25648479222343,0.001,boxeig,20000,group_a,50,diag,0.001,50,auto,group_a,boxeig,408,409,8.339426215496954e-08,0,,,2,USGS_LPC_IL_Winnebago_2018_ground_elevation_regression_ntrain1000000,False,NVIDIA A100-SXM4-40GB,cheap,192,0,192,192,0,0,2,35721,,,,,,,1.6604366914673777e-11,3.206036807813088e-14,,,,,1e-05,boxeig,999999.9999987105,True,,nan,0,0,,nan,0,0,0,0,False,408.0,matern,0.1,1.5,1.0,,163216,3000,btab_boxeig_topk_2048_q192,189,409,408,250000,1000000,3000,cufinufft,binned_c1,50,408,8.339426215496954e-08,pcg,converged,408,,True,0.1,0,54.546949589895824,0.12320287641728103,0.12307506400858083,0,0.1,boxeig,ok,,0.0006594794914404537,0.26972711199914556,0.0004255534264739053,0.17362579800135336,63020.171182838174,33120,,21.25648479222343,0.0015442860000121073,4.6311460783564216e-05,0.0188950759996942,4.1413495098345715e-05,0.01689670600012505,0.00023505788480302753,0.09590361699963523,0.34299193400011063,0.0,0.0,0.0009472520000599616,0.0,5.976469117926769e-05,0.024383994001141218,0.34204468200005067,,0.07492857299996558,0.021436184000094727,0.344961628999954,0.009086334000016905,1.049557560999915,0.0,1.0709937450000098,1.1459223179999753,1e-07,,80000,v7_btab_boxeig
35721,expanded_box,topk,4096,,4096,0,"[36, 36]","[73, 73]",5329,topk,4096,,4096,80000,5329,cheap,30,0.01,,cupy,1.8919382066837576e-13,2.2865206086545264e-14,960,418,418,,418,192,5329,30392,16373760,23.939625584409193,239.3962558440919,0.001,boxeig,20000,group_a,50,diag,0.001,50,auto,group_a,boxeig,362,363,9.044759610409592e-08,0,,,2,USGS_LPC_IL_Winnebago_2018_ground_elevation_regression_ntrain1000000,False,NVIDIA A100-SXM4-40GB,cheap,192,0,192,192,0,0,2,35721,,,,,,,1.8919382066837576e-13,2.2865206086545264e-14,,,,,1e-05,boxeig,999999.9999987105,True,,nan,0,0,,nan,0,0,0,0,False,362.0,matern,0.1,1.5,1.0,,336400,3000,btab_boxeig_topk_4096_q192,189,363,362,250000,1000000,3000,cufinufft,binned_c1,50,362,9.044759610409592e-08,pcg,converged,362,,True,0.1,0,9.838396089144934,0.1232028869670256,0.12307507163347597,0,0.1,boxeig,ok,,0.0006641094214886429,0.24107172000037735,0.00044085677900756613,0.15959015400073895,21241.07387227035,30392,,239.3962558440919,0.0017804090000481665,4.6769748620558026e-05,0.016930649000642006,4.1450812156807394e-05,0.015005194000764277,0.00025038807458787677,0.0906404830008114,0.35101267800007463,0.0,0.0,0.000946224000017537,0.0,5.9361895026435354e-05,0.0214890059995696,0.3500664540000571,,0.07636214899991955,0.02123344899996482,0.35322493600006055,0.009144389999960367,0.9881037339999921,0.0,1.009337182999957,1.0856993319998764,1e-07,,80000,v7_btab_boxeig
35721,expanded_box,topk,4096,,4096,0,"[36, 36]","[73, 73]",5329,topk,4096,,4096,80000,5329,cheap,30,0.01,,cupy,3.358739894852459e-12,6.871763898967613e-14,1280,546,546,,546,256,5329,30392,21831680,5.616528930048504,56.165289300485036,0.001,boxeig,20000,group_a,50,diag,0.001,50,auto,group_a,boxeig,220,221,6.231962236391022e-08,0,,,2,USGS_LPC_IL_Winnebago_2018_ground_elevation_regression_ntrain1000000,False,NVIDIA A100-SXM4-40GB,cheap,256,0,256,256,0,0,2,35721,,,,,,,3.358739894852459e-12,6.871763898967613e-14,,,,,1e-05,boxeig,999999.9999987105,True,,nan,0,0,,nan,0,0,0,0,False,220.0,matern,0.1,1.5,1.0,,336400,3000,btab_boxeig_topk_4096_q256,189,221,220,250000,1000000,3000,cufinufft,binned_c1,50,220,6.231962236391022e-08,pcg,converged,220,,True,0.1,0,9.838396089144934,0.12320287365794157,0.12307505887253078,0,0.1,boxeig,ok,,0.000672131013576451,0.1485409540003957,0.0004461199954562289,0.09814639900037037,21241.07387227035,30392,,56.165289300485036,0.0017857059999641933,4.77367545448198e-05,0.010502085999860356,4.116990908910752e-05,0.009057379999603654,0.0002536738136412127,0.055808239001066795,0.4647874940001202,0.0,0.0,0.0009218370000780851,0.0,5.938074545549005e-05,0.013063764000207811,0.4638656570000421,,0.10268259999998008,0.021398536999981843,0.4670618820000527,0.009098604999962845,0.859151493000013,0.0,0.8805500299999949,0.983232629999975,1e-07,,80000,v7_btab_boxeig
35721,expanded_box,topk,8192,,8192,0,"[51, 51]","[103, 103]",10609,topk,8192,,8192,80000,10609,cheap,30,0.01,,cupy,2.0619341184129974e-12,3.485344159016726e-14,960,418,418,,418,192,10609,25112,32593920,26.009426576115697,260.094265761157,0.001,boxeig,20000,group_a,50,diag,0.001,50,auto,group_a,boxeig,294,295,8.543786661983672e-08,0,,,2,USGS_LPC_IL_Winnebago_2018_ground_elevation_regression_ntrain1000000,False,NVIDIA A100-SXM4-40GB,cheap,192,0,192,192,0,0,2,35721,,,,,,,2.0619341184129974e-12,3.485344159016726e-14,,,,,1e-05,boxeig,999999.9999987105,True,,nan,0,0,,nan,0,0,0,0,False,294.0,matern,0.1,1.5,1.0,,672400,3000,btab_boxeig_topk_8192_q192,189,295,294,250000,1000000,3000,cufinufft,binned_c1,50,294,8.543786661983672e-08,pcg,converged,294,,True,0.1,0,1.8400068158557872,0.12320289958083609,0.12307507939042207,0,0.1,boxeig,ok,,0.000662450169493703,0.19542280000064238,0.0004387759761894801,0.12900013699970714,6814.733118417559,25112,,260.094265761157,0.002194206000012855,4.6840122447257166e-05,0.013770995999493607,4.0774452379676457e-05,0.01198768899962488,0.00024913278231286336,0.07324503799998183,0.3738039119999712,0.0,0.0,0.001013221999983216,0.0,5.904076530918073e-05,0.017357985000899134,0.372790689999988,,0.07823819500003992,0.022052756999983103,0.37652811700002076,0.009077097000044887,0.8903017750000117,0.0,0.9123545319999948,0.9905927270000348,1e-07,,80000,v7_btab_boxeig
35721,expanded_box,topk,8192,,8192,0,"[51, 51]","[103, 103]",10609,topk,8192,,8192,80000,10609,cheap,30,0.01,,cupy,6.078152917057807e-13,8.839948401165052e-14,1280,546,546,,546,256,10609,25112,43458560,12.02310926874988,120.2310926874988,0.001,boxeig,20000,group_a,50,diag,0.001,50,auto,group_a,boxeig,212,213,7.572868574822412e-08,0,,,2,USGS_LPC_IL_Winnebago_2018_ground_elevation_regression_ntrain1000000,False,NVIDIA A100-SXM4-40GB,cheap,256,0,256,256,0,0,2,35721,,,,,,,6.078152917057807e-13,8.839948401165052e-14,,,,,1e-05,boxeig,999999.9999987105,True,,nan,0,0,,nan,0,0,0,0,False,212.0,matern,0.1,1.5,1.0,,672400,3000,btab_boxeig_topk_8192_q256,189,213,212,250000,1000000,3000,cufinufft,binned_c1,50,212,7.572868574822412e-08,pcg,converged,212,,True,0.1,0,1.8400068158557872,0.12320288807744441,0.12307507301825533,0,0.1,boxeig,ok,,0.0006726094413145165,0.14326581099999203,0.0004354187971692759,0.09230878499988648,6814.733118417559,25112,,120.2310926874988,0.0021798980000085066,4.729974056315442e-05,0.010027544999388738,4.122005188968237e-05,0.008738651000612663,0.00024264319340234596,0.05144035700129734,0.46700155299993185,0.0,0.0,0.0010013300000082381,0.0,6.037876886788375e-05,0.012800298999991355,0.4660002229999236,,0.10367059600002904,0.02161651599999459,0.4697592039999563,0.009014103000026807,0.8443135960000063,0.0,0.8659301120000009,0.96960070800003,1e-07,,80000,v7_btab_boxeig
35721,expanded_box,topk,8192,,8192,0,"[51, 51]","[103, 103]",10609,topk,8192,,8192,80000,10609,cheap,30,0.01,,cupy,1.253098369137064e-12,8.831671640239339e-14,1600,674,674,,674,320,10609,25112,54323200,6.501147194414065,65.01147194414064,0.001,boxeig,20000,group_a,50,diag,0.001,50,auto,group_a,boxeig,162,163,9.167840196352141e-08,0,,,2,USGS_LPC_IL_Winnebago_2018_ground_elevation_regression_ntrain1000000,False,NVIDIA A100-SXM4-40GB,cheap,320,0,320,320,0,0,2,35721,,,,,,,1.253098369137064e-12,8.831671640239339e-14,,,,,1e-05,boxeig,999999.9999987105,True,,nan,0,0,,nan,0,0,0,0,False,162.0,matern,0.1,1.5,1.0,,672400,3000,btab_boxeig_topk_8192_q320,189,163,162,250000,1000000,3000,cufinufft,binned_c1,50,162,9.167840196352141e-08,pcg,converged,162,,True,0.1,0,1.8400068158557872,0.12320289069733069,0.12307507354802363,0,0.1,boxeig,ok,,0.0006775551963253613,0.1104414970010339,0.0004414343641952307,0.07151236699962737,6814.733118417559,25112,,65.01147194414064,0.002219416999992063,4.827489506015124e-05,0.0078205329997445,4.134227778023822e-05,0.006697449000398592,0.00024700748765399335,0.040015212999946925,0.5884384430000864,0.0,0.0,0.0011096370000132083,0.0,6.017579012700199e-05,0.009748478000574323,0.5873288060000732,,0.12989816399999654,0.024784321999959502,0.5912753669999802,0.00907971499998439,0.8805112879999797,0.0,0.9052956099999392,1.0351937739999357,1e-07,,80000,v7_btab_boxeig
35721,expanded_box,topk,16384,,16384,0,"[72, 72]","[145, 145]",21025,topk,16384,,16384,80000,21025,cheap,30,0.01,,cupy,2.1694343071375412e-12,3.1255775106509804e-14,960,418,418,,418,192,21025,14696,64591872,26.194086090615286,261.94086090615286,0.001,boxeig,20000,group_a,50,diag,0.001,50,auto,group_a,boxeig,197,198,9.634160210612063e-08,0,,,2,USGS_LPC_IL_Winnebago_2018_ground_elevation_regression_ntrain1000000,False,NVIDIA A100-SXM4-40GB,cheap,192,0,192,192,0,0,2,35721,,,,,,,2.1694343071375412e-12,3.1255775106509804e-14,,,,,1e-05,boxeig,999999.9999987105,True,,nan,0,0,,nan,0,0,0,0,False,197.0,matern,0.1,1.5,1.0,,1336336,3000,btab_boxeig_topk_16384_q192,189,198,197,250000,1000000,3000,cufinufft,binned_c1,50,197,9.634160210612063e-08,pcg,converged,197,,True,0.1,0,0.34179943032329174,0.12320290605190685,0.12307508518513142,0,0.1,boxeig,ok,,0.0006801562575716813,0.1346709389991929,0.0004603533603997717,0.09068961199875503,1608.5394410293347,14696,,261.94086090615286,0.0029317969999738125,4.789710660277124e-05,0.009435730000745934,4.1515675128453574e-05,0.008178588000305353,0.0002663457309642401,0.0524701089999553,0.37849874300002284,0.0,0.0,0.0009907800000519273,0.0,6.0538065993449e-05,0.011925999000709453,0.3775079629999709,,0.07678340699999353,0.02130876699993678,0.3820916039999247,0.009050231000060194,0.737802773999988,0.0,0.7591115409999247,0.8358949479999183,1e-07,,80000,v7_btab_boxeig
35721,expanded_box,topk,16384,,16384,0,"[72, 72]","[145, 145]",21025,topk,16384,,16384,80000,21025,cheap,30,0.01,,cupy,1.3336174042081122e-12,8.40186492351184e-14,1280,546,546,,546,256,21025,14696,86122496,12.239960322393284,122.39960322393283,0.001,boxeig,20000,group_a,50,diag,0.001,50,auto,group_a,boxeig,141,142,9.850357408762918e-08,0,,,2,USGS_LPC_IL_Winnebago_2018_ground_elevation_regression_ntrain1000000,False,NVIDIA A100-SXM4-40GB,cheap,256,0,256,256,0,0,2,35721,,,,,,,1.3336174042081122e-12,8.40186492351184e-14,,,,,1e-05,boxeig,999999.9999987105,True,,nan,0,0,,nan,0,0,0,0,False,141.0,matern,0.1,1.5,1.0,,1336336,3000,btab_boxeig_topk_16384_q256,189,142,141,250000,1000000,3000,cufinufft,binned_c1,50,141,9.850357408762918e-08,pcg,converged,141,,True,0.1,0,0.34179943032329174,0.12320288488671306,0.12307506691278819,0,0.1,boxeig,ok,,0.0006835068943657884,0.09705797899994195,0.00046428927659161165,0.06546478799941724,1608.5394410293347,14696,,122.39960322393283,0.0029781240000374964,4.787673759302437e-05,0.006750620000616436,4.2152695036038365e-05,0.0059435300000814095,0.00026953072340396095,0.03800383199995849,0.46131614300009005,0.0,0.0,0.001056220000009489,0.0,6.0147595740839e-05,0.0084808109994583,0.46025992300008056,,0.10084993099997064,0.025457716000005348,0.4650473990000137,0.008862997999926847,0.7215310899999849,0.0,0.7469888059999903,0.8478387369999609,1e-07,,80000,v7_btab_boxeig
35721,expanded_box,topk,16384,,16384,0,"[72, 72]","[145, 145]",21025,topk,16384,,16384,80000,21025,cheap,30,0.01,,cupy,2.842603754787431e-12,9.3244024098679e-14,1600,674,674,,674,320,21025,14696,107653120,6.857413344394771,68.5741334439477,0.001,boxeig,20000,group_a,50,diag,0.001,50,auto,group_a,boxeig,111,112,7.216809209776562e-08,0,,,2,USGS_LPC_IL_Winnebago_2018_ground_elevation_regression_ntrain1000000,False,NVIDIA A100-SXM4-40GB,cheap,320,0,320,320,0,0,2,35721,,,,,,,2.842603754787431e-12,9.3244024098679e-14,,,,,1e-05,boxeig,999999.9999987105,True,,nan,0,0,,nan,0,0,0,0,False,111.0,matern,0.1,1.5,1.0,,1336336,3000,btab_boxeig_topk_16384_q320,189,112,111,250000,1000000,3000,cufinufft,binned_c1,50,111,7.216809209776562e-08,pcg,converged,111,,True,0.1,0,0.34179943032329174,0.12320288369291668,0.12307506662191467,0,0.1,boxeig,ok,,0.0007456523392893441,0.08351306200040653,0.0004970114504449402,0.05516827099938837,1608.5394410293347,14696,,68.5741334439477,0.00311995399999887,5.003118918990891e-05,0.0055534620000798895,4.321462162360157e-05,0.004796823000219774,0.00029370087387272726,0.03260079699987273,0.5742990850000069,0.0,0.0,0.0010546419999855061,0.0,6.361826126419498e-05,0.007061627000325643,0.5732444430000214,,0.1311661089999916,0.021621290999974008,0.5782305380000707,0.008410813999944367,0.7952721200000497,0.0,0.8168934110000237,0.9480595200000153,1e-07,,80000,v7_btab_boxeig
35721,,,,,,,,,,,,,,,,,,,,,,,,,,,,,,,,,,,,,group_a,,,,,,group_a,,7505,7506,9.732045462720959e-08,,,,2,USGS_LPC_IL_Winnebago_2018_ground_elevation_regression_ntrain30000000,False,NVIDIA A100-SXM4-40GB,,,,,,,,2,35721,,,,,,,,,0,0,,,1e-05,,,True,,,,,,,,,,,False,7505.0,matern,0.1,1.5,1.0,,,80000,plain_cg,189,7506,,7500000,30000000,3000,cufinufft,cufinufft,,,,,,,,True,0.1,0,,0.11343371540389265,0.11349880906754363,0,,,ok,,0.0006285495474280581,4.717892902995004,,,,,,,,,,,,,,,,,,,,,,,,0.3354144859999906,,0.16068262599992522,8.012000697000076,,8.347415893000061,,1e-07,,80000,v1
35721,,,,,,,,,,,,,,,,,,,,,,,,,,,,,,,,,,,,,group_a,,,,,,group_a,,1178,1179,9.634300173200318e-08,,,nan,2,USGS_LPC_IL_Winnebago_2018_ground_elevation_regression_ntrain30000000,False,NVIDIA A100-SXM4-40GB,,,,,,,,2,35721,72,3,nan,,5251.3119719275355,0.0005949586222200159,,,5,352,0.0005302894657308405,0.18666189193725585,1e-05,,,True,[],,,,,,,,,,False,1178.0,matern,0.1,1.5,1.0,nan,,3000,eigenpro_pcg_q64,189,1179,1178,7500000,30000000,3000,cufinufft,binned_c1,,,,,,,full_eigenpro,True,0.1,0,,0.11337758535934014,0.11344384621817238,0,,,ok,,0.0006491500610678738,0.7653479219990231,0.00018072344991600377,0.21289222400105245,,,[],,,,,,,,,,,,,,,,,0.2214287729999569,,0.17077764700002263,0.00030561500000203523,0.16082911700004843,1.7287852440000506,,2.121297279000032,,1e-07,64,80000,v3
35721,,,,,,,,,,,,,,,,,,,,,,,,,,,,,,,,,,,,,group_a,,,,,,group_a,,539,540,8.814388123149641e-08,,,nan,2,USGS_LPC_IL_Winnebago_2018_ground_elevation_regression_ntrain30000000,False,NVIDIA A100-SXM4-40GB,,,,,,,,2,35721,136,3,nan,,1638.9243757391155,0.00018568204603290988,,,5,672,0.0005208259082975842,0.3499950103759766,1e-05,,,True,[],,,,,,,,,,False,539.0,matern,0.1,1.5,1.0,nan,,3000,eigenpro_pcg_q128,189,540,539,7500000,30000000,3000,cufinufft,binned_c1,,,,,,,full_eigenpro,True,0.1,0,,0.11337761241050734,0.11344387971695623,0,,,ok,,0.0006414854055566155,0.3464021190005724,0.00020673707421234964,0.11143128300045646,,,[],,,,,,,,,,,,,,,,,0.4184483069999487,,0.1779834660000006,0.0002948119999928167,0.15518972600000325,0.7981554949999463,,1.3948820799998884,,1e-07,128,80000,v3
35721,,,,,,,,,,,,,,,,,,,,,,,,,,,,,,,,,,,,,group_a,,,,,,group_a,,231,232,9.245254437496902e-08,,,nan,2,USGS_LPC_IL_Winnebago_2018_ground_elevation_regression_ntrain30000000,False,NVIDIA A100-SXM4-40GB,,,,,,,,2,35721,264,3,nan,,418.9008027569836,4.745934526161947e-05,,,5,1312,0.0005422196969753359,0.7113922424316407,1e-05,,,True,[],,,,,,,,,,False,231.0,matern,0.1,1.5,1.0,nan,,3000,eigenpro_pcg_q256,189,232,231,7500000,30000000,3000,cufinufft,binned_c1,,,,,,,full_eigenpro,True,0.1,0,,0.11337762946374956,0.11344389883408575,0,,,ok,,0.0006517251853392148,0.15120024299869783,0.00032873857575596756,0.07593861099962851,,,[],,,,,,,,,,,,,,,,,0.8489958149999666,,0.16418808900004933,0.0003143579999687063,0.15639990999989095,0.37687804800009417,,1.3903763100000788,,1e-07,256,80000,v3
35721,,,,,,,,,,,,,,,,,,,,,,,,,,,,,,,,,,,,,group_a,,,,,,group_a,,172,173,9.996090455204327e-08,,,nan,2,USGS_LPC_IL_Winnebago_2018_ground_elevation_regression_ntrain30000000,False,NVIDIA A100-SXM4-40GB,,,,,,,,2,35721,328,3,nan,,264.4776872075939,2.9963985139729274e-05,,,5,1632,0.0005578754555945303,0.9104527435302735,1e-05,,,True,[],,,,,,,,,,False,172.0,matern,0.1,1.5,1.0,nan,,3000,eigenpro_pcg_q320,189,173,172,7500000,30000000,3000,cufinufft,binned_c1,,,,,,,full_eigenpro,True,0.1,0,,0.11337766672507799,0.11344392919084528,0,,,ok,,0.0006554065722514421,0.11338533699949949,0.00037533255814000663,0.06455720000008114,,,[],,,,,,,,,,,,,,,,,1.084623707999981,,0.16451855800005433,0.00035984500004815345,0.15589009699999679,0.29129417299998295,,1.5407962840000664,,1e-07,320,80000,v3
35721,,,,,,,,,,,,,,,,,,,,,,,,,,,,,,,,,,,,,group_a,,,,,,group_a,,135,136,9.921755487915362e-08,,,nan,2,USGS_LPC_IL_Winnebago_2018_ground_elevation_regression_ntrain30000000,False,NVIDIA A100-SXM4-40GB,,,,,,,,2,35721,392,3,nan,,178.94087411797815,2.0273096325105336e-05,,,5,1952,0.0005641416330806545,1.1012044677734376,1e-05,,,True,[],,,,,,,,,,False,135.0,matern,0.1,1.5,1.0,nan,,3000,eigenpro_pcg_q384,189,136,135,7500000,30000000,3000,cufinufft,binned_c1,,,,,,,full_eigenpro,True,0.1,0,,0.11337767167252005,0.11344393366294445,0,,,ok,,0.0006611264338277699,0.0899131950005767,0.00042675185185443194,0.057611500000348315,,,[],,,,,,,,,,,,,,,,,1.3132332180000503,,0.16423367799995958,0.00030973399998401874,0.15635150299999623,0.23818868600005771,,1.7159653160000516,,1e-07,384,80000,v3
35721,,,,,,,,,,,,,,,,,,,,,,,,,,,,,,,,,,,,,group_a,,,,,,group_a,,108,109,8.721388384228587e-08,,,nan,2,USGS_LPC_IL_Winnebago_2018_ground_elevation_regression_ntrain30000000,False,NVIDIA A100-SXM4-40GB,,,,,,,,2,35721,456,3,nan,,129.78824763511457,1.470435218747595e-05,,,5,2272,0.0005772804475166428,1.3115811767578125,1e-05,,,True,[],,,,,,,,,,False,108.0,matern,0.1,1.5,1.0,nan,,3000,eigenpro_pcg_q448,189,109,108,7500000,30000000,3000,cufinufft,binned_c1,,,,,,,full_eigenpro,True,0.1,0,,0.11337769578528187,0.1134439626877917,0,,,ok,,0.0006461797155932366,0.07043358899966279,0.0004749562222217365,0.051295271999947545,,,[],,,,,,,,,,,,,,,,,1.5665793319999466,,0.16446085600000515,0.0003283170000258906,0.15546121700003823,0.19413794199999757,,1.9255064469999752,,1e-07,448,80000,v3
35721,expanded_box,topk,512,,512,0,"[12, 12]","[25, 25]",625,topk,512,,512,80000,625,cheap,30,0.01,,,,,,,,,,,,,,,,,inverse,20000,group_a,50,diag,0.001,50,auto,group_a,auto,3000,3001,0.00026602124465765776,0,,,2,USGS_LPC_IL_Winnebago_2018_ground_elevation_regression_ntrain30000000,False,NVIDIA A100-SXM4-40GB,cheap,0,0,0,0,0,0,2,35721,,,,,,,,,,,,,1e-05,inverse,29999999.999957666,True,,nan,0,50,diag,0.001,0,0,0,6250000,False,3000.0,matern,0.1,1.5,1.0,,0,3000,btab_auto_topk_512,189,3001,3001,7500000,30000000,3000,cufinufft,binned_c1,50,3000,0.00026602124465765776,pcg,maxiter,3001,,True,0.1,0,39405.56332249301,0.11358316295869178,0.11364881650426305,0,0.1,exact,ok,,0.0006291684345229782,1.8881344720034576,0.0002581943405546733,0.7748412160045746,13886724.014114076,35096,,,0.0015327620000107345,4.485558613812234e-05,0.13461161400050514,4.048082839153161e-05,0.12148296600298636,7.403247017618417e-05,0.2221714429987287,0.01144365300001482,0.008757516000059695,0.0011267349999570797,0.0,0.0013377389999504885,5.692484638582738e-05,0.17083146400386795,,,0.00028512799997315597,0.16424115100005565,0.013813346999995701,0.1606782699999485,4.507761963000007,0.00022166300004755612,4.672003114000063,4.672288242000036,1e-07,,80000,v6_btab
35721,expanded_box,topk,728,,728,0,"[15, 15]","[31, 31]",961,topk,728,,728,80000,961,cheap,30,0.01,,,,,,,,,,,,,,,,,inverse,20000,group_a,50,diag,0.001,50,auto,group_a,auto,3000,3001,0.0009649974660245413,0,,,2,USGS_LPC_IL_Winnebago_2018_ground_elevation_regression_ntrain30000000,False,NVIDIA A100-SXM4-40GB,cheap,0,0,0,0,0,0,2,35721,,,,,,,,,,,,,1e-05,inverse,29999999.999957666,True,,nan,0,50,diag,0.001,0,0,0,14776336,False,3000.0,matern,0.1,1.5,1.0,,0,3000,btab_auto_topk_728,189,3001,3001,7500000,30000000,3000,cufinufft,binned_c1,50,3000,0.0009649974660245413,pcg,maxiter,3001,,True,0.1,0,15808.760886494094,0.11383921364009492,0.11390464951939316,0,0.1,exact,ok,,0.0006243094795071938,1.8735527480010887,0.0002651635881373841,0.7957559280002897,7814348.816036648,34760,,,0.0014418440000554256,4.4405290902263364e-05,0.13326027799769236,4.07493045634991e-05,0.1222886629950608,8.184026857792053e-05,0.2456026460023395,0.02463161499997568,0.020389574999967408,0.0021665499999699023,0.0,0.0017934480000576514,5.636304431751827e-05,0.16914549599687234,,,0.00025958600008380017,0.16920673499998884,0.026922474000002694,0.16030493699997805,4.515195038000002,0.00028204199998072,4.6844017729999905,4.684661359000074,1e-07,,80000,v6_btab
35721,expanded_box,topk,1024,,1024,0,"[18, 18]","[37, 37]",1369,topk,1024,,1024,80000,1369,cheap,30,0.01,,,,,,,,,,,,,,,,,inverse,20000,group_a,50,diag,0.001,50,auto,group_a,auto,3000,3001,0.0016779067385722902,0,,,2,USGS_LPC_IL_Winnebago_2018_ground_elevation_regression_ntrain30000000,False,NVIDIA A100-SXM4-40GB,cheap,0,0,0,0,0,0,2,35721,,,,,,,,,,,,,1e-05,inverse,29999999.999957666,True,,nan,0,50,diag,0.001,0,0,0,29986576,False,3000.0,matern,0.1,1.5,1.0,,0,3000,btab_auto_topk_1024,189,3001,3001,7500000,30000000,3000,cufinufft,binned_c1,50,3000,0.0016779067385722902,pcg,maxiter,3001,,True,0.1,0,7204.558888596467,0.11412201880215134,0.11418706387550032,0,0.1,exact,ok,,0.0006387703832057427,1.9169499200004338,0.0002841141409531645,0.8526265370004467,4777312.26229007,34352,,,0.0015272789999016823,4.5487114962061314e-05,0.136506832001146,4.1304358546350904e-05,0.12395437999759906,9.665196634388015e-05,0.2900525509979843,0.051050714999973934,0.044162175999986175,0.0036066370000753523,0.0,0.0027668799999673865,5.7826522825321175e-05,0.17353739499878884,,,0.0002654030000712737,0.16651897399992777,0.05353774499997144,0.16246666999995796,4.69200640300005,0.0005150219999450201,4.858525376999978,4.858790780000049,1e-07,,80000,v6_btab
35721,expanded_box,topk,2048,,2048,0,"[25, 25]","[51, 51]",2601,topk,2048,,2048,80000,2601,cheap,30,0.01,,,,,,,,,,,,,,,,,inverse,20000,group_a,50,diag,0.001,50,auto,group_a,auto,3000,3001,0.006553152439291971,0,,,2,USGS_LPC_IL_Winnebago_2018_ground_elevation_regression_ntrain30000000,False,NVIDIA A100-SXM4-40GB,cheap,0,0,0,0,0,0,2,35721,,,,,,,,,,,,,1e-05,inverse,29999999.999957666,True,,nan,0,50,diag,0.001,0,0,0,108243216,False,3000.0,matern,0.1,1.5,1.0,,0,3000,btab_auto_topk_2048,189,3001,3001,7500000,30000000,3000,cufinufft,binned_c1,50,3000,0.006553152439291971,pcg,maxiter,3001,,True,0.1,0,1636.432353729804,0.11584715257333428,0.1159140649336855,0,0.1,exact,ok,,0.0006361676791074482,1.909139205001452,0.00033997124025248555,1.0202536919977092,1890633.6038312681,33120,,,0.001596723000034217,4.592217760686358e-05,0.1378124549981976,4.181331656115924e-05,0.12548176300003888,0.0001521411649440796,0.45657563599718287,0.20349676500006808,0.18082759300000362,0.01408793300004163,0.0,0.0069962219999979425,5.751445518244106e-05,0.17260088000250562,,,0.0002785540000331821,0.16557313199996315,0.20601094899996042,0.16202702399993996,4.995268940000074,0.0015850170000248909,5.160842072000037,5.16112062600007,1e-07,,80000,v6_btab
35721,expanded_box,topk,4096,,4096,0,"[36, 36]","[73, 73]",5329,topk,4096,,4096,80000,5329,cheap,30,0.01,,,,,,,,,,,,,,,,,inverse,20000,group_a,50,diag,0.001,50,auto,group_a,auto,3000,3001,0.005344788303936386,0,,,2,USGS_LPC_IL_Winnebago_2018_ground_elevation_regression_ntrain30000000,False,NVIDIA A100-SXM4-40GB,cheap,0,0,0,0,0,0,2,35721,,,,,,,,,,,,,1e-05,inverse,29999999.999957666,True,,nan,0,50,diag,0.001,0,0,0,454371856,False,3000.0,matern,0.1,1.5,1.0,,0,3000,btab_auto_topk_4096,189,3001,3001,7500000,30000000,3000,cufinufft,binned_c1,50,3000,0.005344788303936386,pcg,maxiter,3001,,True,0.1,0,295.1563404083877,0.11707989581392915,0.11716588483509606,0,0.1,exact,ok,,0.0006311126711100474,1.8939691260012523,0.0006042833638783256,1.8134543749988552,637241.9886324853,30392,,,0.0017962450000368335,4.531178873637116e-05,0.13598067799784985,4.3544188602878746e-05,0.1306761099972391,0.0004155350116623304,1.2470205699986536,0.8850172850000035,0.7593784199999618,0.09478348300001471,0.0,0.024781464999932723,5.700206231242806e-05,0.1710631889995966,,,0.00026307999996788567,0.16444952799997736,0.8878540149999026,0.16209849799997755,6.4407814449999705,0.006073917000094298,6.605230972999948,6.605494052999916,1e-07,,80000,v6_btab
35721,expanded_box,topk,2048,,2048,0,"[25, 25]","[51, 51]",2601,topk,2048,,2048,80000,2601,cheap,30,0.01,,cupy,8.670833417330691e-12,3.624985102532592e-14,960,418,418,,418,192,2601,33120,7993344,61.81734843673662,618.1734843673662,0.001,boxeig,20000,group_a,50,diag,0.001,50,auto,group_a,boxeig,1856,1857,9.842432660359356e-08,0,,,2,USGS_LPC_IL_Winnebago_2018_ground_elevation_regression_ntrain30000000,False,NVIDIA A100-SXM4-40GB,cheap,192,0,192,192,0,0,2,35721,,,,,,,8.670833417330691e-12,3.624985102532592e-14,,,,,1e-05,boxeig,29999999.999957666,True,,nan,0,0,,nan,0,0,0,0,False,1856.0,matern,0.1,1.5,1.0,,163216,3000,btab_boxeig_topk_2048_q192,189,1857,1856,7500000,30000000,3000,cufinufft,binned_c1,50,1856,9.842432660359356e-08,pcg,converged,1856,,True,0.1,0,1636.432353729804,0.11337752898753845,0.11344378887061085,0,0.1,boxeig,ok,,0.0006370523441031427,1.183006202999536,0.0004122216848071037,0.7650834470019845,1890633.6038312681,33120,,618.1734843673662,0.0015666450000253462,4.487679526042094e-05,0.08329133200334127,3.884817941811575e-05,0.07210222100002284,0.00022994844019400283,0.42678430500006925,0.34955338600002506,0.0,0.0,0.0009651289999510482,0.0,5.7089434268210105e-05,0.10595799000179795,0.348588257000074,,0.07455656599995564,0.17919625799993355,0.35156997600006434,0.16191161099993678,3.4547106480000593,0.0,3.633906905999993,3.7084634719999485,1e-07,,80000,v7_btab_boxeig
35721,expanded_box,topk,4096,,4096,0,"[36, 36]","[73, 73]",5329,topk,4096,,4096,80000,5329,cheap,30,0.01,,cupy,2.643059877864639e-13,2.6453075260797862e-14,960,418,418,,418,192,5329,30392,16373760,715.8971308270379,7158.971308270379,0.001,boxeig,20000,group_a,50,diag,0.001,50,auto,group_a,boxeig,1791,1792,9.96913127867526e-08,0,,,2,USGS_LPC_IL_Winnebago_2018_ground_elevation_regression_ntrain30000000,False,NVIDIA A100-SXM4-40GB,cheap,192,0,192,192,0,0,2,35721,,,,,,,2.643059877864639e-13,2.6453075260797862e-14,,,,,1e-05,boxeig,29999999.999957666,True,,nan,0,0,,nan,0,0,0,0,False,1791.0,matern,0.1,1.5,1.0,,336400,3000,btab_boxeig_topk_4096_q192,189,1792,1791,7500000,30000000,3000,cufinufft,binned_c1,50,1791,9.96913127867526e-08,pcg,converged,1791,,True,0.1,0,295.1563404083877,0.11337753014321551,0.11344378928364435,0,0.1,boxeig,ok,,0.0006393274492196685,1.1456747890016459,0.0004282443551101639,0.7669856400023036,637241.9886324853,30392,,7158.971308270379,0.00178702699997757,4.559097096617845e-05,0.0816534290004256,3.995606923582632e-05,0.07156132000136495,0.00024278875600030535,0.43483466199654686,0.3922206859999733,0.0,0.0,0.0009649390000276981,0.0,5.788344835420248e-05,0.10366925600237664,0.3912557469999456,,0.07606911400000627,0.1779620160000377,0.3944598100000576,0.1617600140000377,3.4204421499999853,0.0,3.598404166000023,3.6744732800000293,1e-07,,80000,v7_btab_boxeig
35721,expanded_box,topk,4096,,4096,0,"[36, 36]","[73, 73]",5329,topk,4096,,4096,80000,5329,cheap,30,0.01,,cupy,6.027339426875145e-12,3.074227858510914e-14,1280,546,546,,546,256,5329,30392,21831680,166.7072788946594,1667.0727889465938,0.001,boxeig,20000,group_a,50,diag,0.001,50,auto,group_a,boxeig,1026,1027,7.961795065594344e-08,0,,,2,USGS_LPC_IL_Winnebago_2018_ground_elevation_regression_ntrain30000000,False,NVIDIA A100-SXM4-40GB,cheap,256,0,256,256,0,0,2,35721,,,,,,,6.027339426875145e-12,3.074227858510914e-14,,,,,1e-05,boxeig,29999999.999957666,True,,nan,0,0,,nan,0,0,0,0,False,1026.0,matern,0.1,1.5,1.0,,336400,3000,btab_boxeig_topk_4096_q256,189,1027,1026,7500000,30000000,3000,cufinufft,binned_c1,50,1026,7.961795065594344e-08,pcg,converged,1026,,True,0.1,0,295.1563404083877,0.11337752950174433,0.11344378863169745,0,0.1,boxeig,ok,,0.0006487176212261633,0.6662329969992697,0.00043029662767852747,0.44148433999816916,637241.9886324853,30392,,1667.0727889465938,0.00179427399996257,4.5390757309772215e-05,0.046570916999826295,3.97593732938135e-05,0.04079311699945265,0.00024568613352931245,0.2520739730010746,0.4659331690000954,0.0,0.0,0.0009506200000259923,0.0,5.767685672486855e-05,0.05917645499971513,0.4649825490000694,,0.10185122499990484,0.1773610870000084,0.46819435300005807,0.16105904799997006,2.224635598000077,0.0,2.4019966850000856,2.5038479099999904,1e-07,,80000,v7_btab_boxeig
35721,expanded_box,topk,8192,,8192,0,"[51, 51]","[103, 103]",10609,topk,8192,,8192,80000,10609,cheap,30,0.01,,cupy,1.825304920004262e-12,2.111254783491743e-14,960,418,418,,418,192,10609,25112,32593920,778.244671675307,7782.44671675307,0.001,boxeig,20000,group_a,50,diag,0.001,50,auto,group_a,boxeig,1811,1812,9.588414833148648e-08,0,,,2,USGS_LPC_IL_Winnebago_2018_ground_elevation_regression_ntrain30000000,False,NVIDIA A100-SXM4-40GB,cheap,192,0,192,192,0,0,2,35721,,,,,,,1.825304920004262e-12,2.111254783491743e-14,,,,,1e-05,boxeig,29999999.999957666,True,,nan,0,0,,nan,0,0,0,0,False,1811.0,matern,0.1,1.5,1.0,,672400,3000,btab_boxeig_topk_8192_q192,189,1812,1811,7500000,30000000,3000,cufinufft,binned_c1,50,1811,9.588414833148648e-08,pcg,converged,1811,,True,0.1,0,55.20105239465966,0.11337753878504149,0.1134437962961849,0,0.1,boxeig,ok,,0.0006413146826700062,1.1620622049980511,0.0004263599602449546,0.7721378880036127,204445.156083461,25112,,7782.44671675307,0.0021730839999918317,4.5290607951433684e-05,0.0820212910000464,3.964576201039906e-05,0.0717984750008327,0.000241603668139992,0.4375442430015255,0.36081235699998615,0.0,0.0,0.0010121349999963059,0.0,5.776455880882662e-05,0.10461161600278501,0.35980022199998984,,0.0783086540000113,0.16645827299998928,0.3635082999999213,0.16167158300004303,3.4252570070000274,0.0,3.5917152800000167,3.670023934000028,1e-07,,80000,v7_btab_boxeig
35721,expanded_box,topk,8192,,8192,0,"[51, 51]","[103, 103]",10609,topk,8192,,8192,80000,10609,cheap,30,0.01,,cupy,4.980395569772138e-12,4.159748807879307e-14,1280,546,546,,546,256,10609,25112,43458560,357.8027986612228,3578.0279866122282,0.001,boxeig,20000,group_a,50,diag,0.001,50,auto,group_a,boxeig,1256,1257,8.431795639827276e-08,0,,,2,USGS_LPC_IL_Winnebago_2018_ground_elevation_regression_ntrain30000000,False,NVIDIA A100-SXM4-40GB,cheap,256,0,256,256,0,0,2,35721,,,,,,,4.980395569772138e-12,4.159748807879307e-14,,,,,1e-05,boxeig,29999999.999957666,True,,nan,0,0,,nan,0,0,0,0,False,1256.0,matern,0.1,1.5,1.0,,672400,3000,btab_boxeig_topk_8192_q256,189,1257,1256,7500000,30000000,3000,cufinufft,binned_c1,50,1256,8.431795639827276e-08,pcg,converged,1256,,True,0.1,0,55.20105239465966,0.11337752297446532,0.11344378178599487,0,0.1,boxeig,ok,,0.0006514397629276086,0.8188597820000041,0.0004223535939496406,0.5304761140007486,204445.156083461,25112,,3578.0279866122282,0.00219261600000209,4.8324947451649844e-05,0.060696133999272206,3.964477786687251e-05,0.04979384100079187,0.00023459927627307082,0.29465669099897696,1.0915309099999604,0.0,0.0,0.0010127709999778745,0.0,5.773436942769086e-05,0.07251436800117972,1.0905181389999825,,0.1051709100000835,0.16499570299993138,1.0942877270000508,0.16174567499990644,3.2335388140000987,0.0,3.39853451700003,3.5037054270001136,1e-07,,80000,v7_btab_boxeig
35721,expanded_box,topk,8192,,8192,0,"[51, 51]","[103, 103]",10609,topk,8192,,8192,80000,10609,cheap,30,0.01,,cupy,5.776077112440289e-12,7.425909443023742e-14,1600,674,674,,674,320,10609,25112,54323200,192.4906018107132,1924.906018107132,0.001,boxeig,20000,group_a,50,diag,0.001,50,auto,group_a,boxeig,965,966,9.791511398010597e-08,0,,,2,USGS_LPC_IL_Winnebago_2018_ground_elevation_regression_ntrain30000000,False,NVIDIA A100-SXM4-40GB,cheap,320,0,320,320,0,0,2,35721,,,,,,,5.776077112440289e-12,7.425909443023742e-14,,,,,1e-05,boxeig,29999999.999957666,True,,nan,0,0,,nan,0,0,0,0,False,965.0,matern,0.1,1.5,1.0,,672400,3000,btab_boxeig_topk_8192_q320,189,966,965,7500000,30000000,3000,cufinufft,binned_c1,50,965,9.791511398010597e-08,pcg,converged,965,,True,0.1,0,55.20105239465966,0.11337752416279513,0.11344378282473039,0,0.1,boxeig,ok,,0.000644292129399083,0.6223861969995141,0.00041976617719966165,0.40507436099767347,204445.156083461,25112,,1924.906018107132,0.0021630929999219006,4.552457927555488e-05,0.04393121900091046,3.9307443523209345e-05,0.03793168299989702,0.0002350737005156546,0.2268461209976067,0.586147426000025,0.0,0.0,0.001007206000053884,0.0,5.773045388627082e-05,0.05570988800025134,0.5851402199999711,,0.12889015500002188,0.1643470049999678,0.5889064519999465,0.16230474399992545,2.222140589000105,0.0,2.386487594000073,2.515377749000095,1e-07,,80000,v7_btab_boxeig
35721,expanded_box,topk,16384,,16384,0,"[72, 72]","[145, 145]",21025,topk,16384,,16384,80000,21025,cheap,30,0.01,,cupy,1.9987555673194557e-12,1.9229112503198565e-14,960,418,418,,418,192,21025,14696,64591872,783.1862960524059,7831.8629605240585,0.001,boxeig,20000,group_a,50,diag,0.001,50,auto,group_a,boxeig,1788,1789,9.75388413249958e-08,0,,,2,USGS_LPC_IL_Winnebago_2018_ground_elevation_regression_ntrain30000000,False,NVIDIA A100-SXM4-40GB,cheap,192,0,192,192,0,0,2,35721,,,,,,,1.9987555673194557e-12,1.9229112503198565e-14,,,,,1e-05,boxeig,29999999.999957666,True,,nan,0,0,,nan,0,0,0,0,False,1788.0,matern,0.1,1.5,1.0,,1336336,3000,btab_boxeig_topk_16384_q192,189,1789,1788,7500000,30000000,3000,cufinufft,binned_c1,50,1788,9.75388413249958e-08,pcg,converged,1788,,True,0.1,0,10.254141773704744,0.11337753040677943,0.11344378887301992,0,0.1,boxeig,ok,,0.0006398725729464611,1.144732033001219,0.0004384637802014882,0.783973239000261,48256.93284404361,14696,,7831.8629605240585,0.0030087590000675846,4.550598937329122e-05,0.0813647089994447,3.9472474271831854e-05,0.07057678399803535,0.0002541102651010839,0.45434915400073805,0.34730716900003245,0.0,0.0,0.0010212509999973918,0.0,5.739689038027313e-05,0.10262563999992835,0.34628591800003505,,0.07684977599990361,0.17052307300002667,0.35095225500003835,0.16211330000010093,3.3935267509999676,0.0,3.5640498239999943,3.640899599999898,1e-07,,80000,v7_btab_boxeig
35721,expanded_box,topk,16384,,16384,0,"[72, 72]","[145, 145]",21025,topk,16384,,16384,80000,21025,cheap,30,0.01,,cupy,2.259978683986164e-13,3.9636979702219236e-14,1280,546,546,,546,256,21025,14696,86122496,364.2836529354309,3642.836529354309,0.001,boxeig,20000,group_a,50,diag,0.001,50,auto,group_a,boxeig,1230,1231,8.696923106086961e-08,0,,,2,USGS_LPC_IL_Winnebago_2018_ground_elevation_regression_ntrain30000000,False,NVIDIA A100-SXM4-40GB,cheap,256,0,256,256,0,0,2,35721,,,,,,,2.259978683986164e-13,3.9636979702219236e-14,,,,,1e-05,boxeig,29999999.999957666,True,,nan,0,0,,nan,0,0,0,0,False,1230.0,matern,0.1,1.5,1.0,,1336336,3000,btab_boxeig_topk_16384_q256,189,1231,1230,7500000,30000000,3000,cufinufft,binned_c1,50,1230,8.696923106086961e-08,pcg,converged,1230,,True,0.1,0,10.254141773704744,0.11337752597914795,0.11344378319049803,0,0.1,boxeig,ok,,0.0006462030154354608,0.7954759120010522,0.0004421638772366971,0.5438615690011375,48256.93284404361,14696,,3642.836529354309,0.00309639799991146,4.552503170834012e-05,0.055995789001258345,3.9456625203700507e-05,0.048531649000551624,0.0002578204032503218,0.3171190959978958,0.4587390580001056,0.0,0.0,0.0010178990000895283,0.0,5.736279593411456e-05,0.07055623899896091,0.4577211590000161,,0.10255485499999395,0.17885594799997762,0.462531014000092,0.1616581829999859,2.5744296380000833,0.0,2.753285586000061,2.855840441000055,1e-07,,80000,v7_btab_boxeig
35721,expanded_box,topk,16384,,16384,0,"[72, 72]","[145, 145]",21025,topk,16384,,16384,80000,21025,cheap,30,0.01,,cupy,9.413030310305697e-13,9.22610341004661e-14,1600,674,674,,674,320,21025,14696,107653120,202.80083054580643,2028.0083054580643,0.001,boxeig,20000,group_a,50,diag,0.001,50,auto,group_a,boxeig,948,949,8.965164717334407e-08,0,,,2,USGS_LPC_IL_Winnebago_2018_ground_elevation_regression_ntrain30000000,False,NVIDIA A100-SXM4-40GB,cheap,320,0,320,320,0,0,2,35721,,,,,,,9.413030310305697e-13,9.22610341004661e-14,,,,,1e-05,boxeig,29999999.999957666,True,,nan,0,0,,nan,0,0,0,0,False,948.0,matern,0.1,1.5,1.0,,1336336,3000,btab_boxeig_topk_16384_q320,189,949,948,7500000,30000000,3000,cufinufft,binned_c1,50,948,8.965164717334407e-08,pcg,converged,948,,True,0.1,0,10.254141773704744,0.1133775236789836,0.11344378240144169,0,0.1,boxeig,ok,,0.0006450523245537488,0.6121546560015076,0.00045900972046202307,0.43514121499799785,48256.93284404361,14696,,2028.0083054580643,0.0029612849999693935,4.532993143658815e-05,0.042972775001885566,3.972516349975248e-05,0.03765945499776535,0.0002745907732060388,0.2603120529993248,0.5812895960000333,0.0,0.0,0.000984147000053781,0.0,5.7011253164989596e-05,0.054046668000410136,0.5803054489999795,,0.12783748399999695,0.17362208300005477,0.5850602420000541,0.16248219900001004,2.2277038889999403,0.0,2.401325971999995,2.529163455999992,1e-07,,80000,v7_btab_boxeig
35721,,,,,,,,,,,,,,,,,,,,,,,,,,,,,,,,,,,,,group_a,,,,,,group_a,,4936,4937,6.393325918781137e-08,,,,2,USGS_LPC_IL_Winnebago_2018_ground_elevation_regression_ntrain10000000,False,NVIDIA A100-SXM4-40GB,,,,,,,,2,35721,,,,,,,,,0,0,,,1e-05,,,True,,,,,,,,,,,False,4936.0,matern,0.1,1.5,1.0,,,80000,plain_cg,189,4937,,2500000,10000000,3000,cufinufft,cufinufft,,,,,,,,True,0.1,0,,0.11514030643365863,0.1152301374593727,0,,,ok,,0.0006312901843227453,3.1166796400013936,,,,,,,,,,,,,,,,,,,,,,,,0.13188509799999792,,0.05551959500007797,5.304450834999898,,5.436336988999983,,1e-07,,80000,v1
35721,,,,,,,,,,,,,,,,,,,,,,,,,,,,,,,,,,,,,group_a,,,,,,group_a,,739,740,9.731838671876917e-08,,,nan,2,USGS_LPC_IL_Winnebago_2018_ground_elevation_regression_ntrain10000000,False,NVIDIA A100-SXM4-40GB,,,,,,,,2,35721,72,3,nan,,1750.8386700329486,0.0005950935430876029,,,5,352,0.0005153338258916682,0.1813975067138672,1e-05,,,True,[],,,,,,,,,,False,739.0,matern,0.1,1.5,1.0,nan,,3000,eigenpro_pcg_q64,189,740,739,2500000,10000000,3000,cufinufft,binned_c1,,,,,,,full_eigenpro,True,0.1,0,,0.11505720763974159,0.11514760665829793,0,,,ok,,0.0006513771527023449,0.4820190929997352,0.00018442207442388457,0.1362879129992507,,,[],,,,,,,,,,,,,,,,,0.22257992700008344,,0.07498594099990896,0.00029162099997392943,0.053471497999908024,1.092156722000027,,1.3900142109999933,,1e-07,64,80000,v3
35721,,,,,,,,,,,,,,,,,,,,,,,,,,,,,,,,,,,,,group_a,,,,,,group_a,,341,342,9.389394288506986e-08,,,nan,2,USGS_LPC_IL_Winnebago_2018_ground_elevation_regression_ntrain10000000,False,NVIDIA A100-SXM4-40GB,,,,,,,,2,35721,136,3,nan,,546.4883004402877,0.00018574281866558197,,,5,672,0.0005246308644612631,0.35255194091796876,1e-05,,,True,[],,,,,,,,,,False,341.0,matern,0.1,1.5,1.0,nan,,3000,eigenpro_pcg_q128,189,342,341,2500000,10000000,3000,cufinufft,binned_c1,,,,,,,full_eigenpro,True,0.1,0,,0.11505722429521166,0.11514761251638875,0,,,ok,,0.0006456498918164364,0.22081226300122125,0.00020955831378473318,0.07145938500059401,,,[],,,,,,,,,,,,,,,,,0.4184590099999923,,0.06504081499997483,0.0003010249999988446,0.053157633999944665,0.510290069000007,,0.9940909189999729,,1e-07,128,80000,v3
35721,,,,,,,,,,,,,,,,,,,,,,,,,,,,,,,,,,,,,group_a,,,,,,group_a,,142,143,9.72170859073283e-08,,,nan,2,USGS_LPC_IL_Winnebago_2018_ground_elevation_regression_ntrain10000000,False,NVIDIA A100-SXM4-40GB,,,,,,,,2,35721,264,3,nan,,139.75067426177574,4.749901746709094e-05,,,5,1312,0.0005368928676698266,0.7044034423828125,1e-05,,,True,[],,,,,,,,,,False,142.0,matern,0.1,1.5,1.0,nan,,3000,eigenpro_pcg_q256,189,143,142,2500000,10000000,3000,cufinufft,binned_c1,,,,,,,full_eigenpro,True,0.1,0,,0.11505725174204634,0.11514762857770634,0,,,ok,,0.0006435673076935558,0.09203012500017849,0.0003241707253530069,0.04603224300012698,,,[],,,,,,,,,,,,,,,,,0.8416421399999763,,0.06476191700005529,0.0003095490000077916,0.05319477599994116,0.22972677500001737,,1.1364403810000567,,1e-07,256,80000,v3
35721,,,,,,,,,,,,,,,,,,,,,,,,,,,,,,,,,,,,,group_a,,,,,,group_a,,108,109,8.338118133526744e-08,,,nan,2,USGS_LPC_IL_Winnebago_2018_ground_elevation_regression_ntrain10000000,False,NVIDIA A100-SXM4-40GB,,,,,,,,2,35721,328,3,nan,,88.33188587796177,3.0022593195408905e-05,,,5,1632,0.0005493891753402411,0.8966031341552735,1e-05,,,True,[],,,,,,,,,,False,108.0,matern,0.1,1.5,1.0,nan,,3000,eigenpro_pcg_q320,189,109,108,2500000,10000000,3000,cufinufft,binned_c1,,,,,,,full_eigenpro,True,0.1,0,,0.1150572541056545,0.11514763062976008,0,,,ok,,0.0006505391651394306,0.07090876900019794,0.0003721828518516085,0.04019574799997372,,,[],,,,,,,,,,,,,,,,,1.070333636999976,,0.06461395500002709,0.0003002509999987524,0.05318261800005075,0.18231463100005385,,1.3175624740000558,,1e-07,320,80000,v3
35721,,,,,,,,,,,,,,,,,,,,,,,,,,,,,,,,,,,,,group_a,,,,,,group_a,,84,85,9.338799358670047e-08,,,nan,2,USGS_LPC_IL_Winnebago_2018_ground_elevation_regression_ntrain10000000,False,NVIDIA A100-SXM4-40GB,,,,,,,,2,35721,392,3,nan,,59.82104388404659,2.033221441597898e-05,,,5,1952,0.0005606378961781987,1.0943651733398438,1e-05,,,True,[],,,,,,,,,,False,84.0,matern,0.1,1.5,1.0,nan,,3000,eigenpro_pcg_q384,189,85,84,2500000,10000000,3000,cufinufft,binned_c1,,,,,,,full_eigenpro,True,0.1,0,,0.11505725262780064,0.11514763548912405,0,,,ok,,0.0006511917411671675,0.05535129799920924,0.00042531174999891973,0.03572618699990926,,,[],,,,,,,,,,,,,,,,,1.3061177619999853,,0.06475233100002242,0.00030222399993817817,0.05322283099997094,0.1475269610000396,,1.5186992779999855,,1e-07,384,80000,v3
35721,,,,,,,,,,,,,,,,,,,,,,,,,,,,,,,,,,,,,group_a,,,,,,group_a,,68,69,9.812242843144014e-08,,,nan,2,USGS_LPC_IL_Winnebago_2018_ground_elevation_regression_ntrain10000000,False,NVIDIA A100-SXM4-40GB,,,,,,,,2,35721,456,3,nan,,43.430773613679285,1.4761424071711213e-05,,,5,2272,0.000566199886966759,1.2864061431884766,1e-05,,,True,[],,,,,,,,,,False,68.0,matern,0.1,1.5,1.0,nan,,3000,eigenpro_pcg_q448,189,69,68,2500000,10000000,3000,cufinufft,binned_c1,,,,,,,full_eigenpro,True,0.1,0,,0.11505726794577195,0.11514764276971301,0,,,ok,,0.0006444977826204458,0.04447034700081076,0.0004811065441237909,0.03271524500041778,,,[],,,,,,,,,,,,,,,,,1.5414902079999138,,0.0651310950000834,0.0003150930000401786,0.05330895899999177,0.12370109599999068,,1.730637492000028,,1e-07,448,80000,v3
35721,expanded_box,topk,512,,512,0,"[12, 12]","[25, 25]",625,topk,512,,512,80000,625,cheap,30,0.01,,,,,,,,,,,,,,,,,inverse,20000,group_a,50,diag,0.001,50,auto,group_a,auto,3000,3001,0.0002025930389043941,0,,,2,USGS_LPC_IL_Winnebago_2018_ground_elevation_regression_ntrain10000000,False,NVIDIA A100-SXM4-40GB,cheap,0,0,0,0,0,0,2,35721,,,,,,,,,,,,,1e-05,inverse,9999999.999985978,True,,nan,0,50,diag,0.001,0,0,0,6250000,False,3000.0,matern,0.1,1.5,1.0,,0,3000,btab_auto_topk_512,189,3001,3001,2500000,10000000,3000,cufinufft,binned_c1,50,3000,0.0002025930389043941,pcg,maxiter,3001,,True,0.1,0,13135.187774164455,0.11515075403497874,0.11524153968997004,0,0.1,exact,ok,,0.0006271801702772395,1.882167691001996,0.00025877865111535915,0.7765947319971929,4628908.004704734,35096,,,0.0014369909999913943,4.47544765076857e-05,0.1343081839995648,4.087719859962175e-05,0.12267247299746487,7.455272942384485e-05,0.2237327410009584,0.011485229999948388,0.008793351999997867,0.0011303859999998167,0.0,0.0013382489999003155,5.665594768424505e-05,0.17002449900041938,,,0.0002856669999573569,0.0650118470000507,0.013803746000007777,0.055184718999953475,4.507558400999983,0.00022324300005038822,4.572570248000034,4.572855914999991,1e-07,,80000,v6_btab
35721,expanded_box,topk,728,,728,0,"[15, 15]","[31, 31]",961,topk,728,,728,80000,961,cheap,30,0.01,,,,,,,,,,,,,,,,,inverse,20000,group_a,50,diag,0.001,50,auto,group_a,auto,3000,3001,0.000549779710615027,0,,,2,USGS_LPC_IL_Winnebago_2018_ground_elevation_regression_ntrain10000000,False,NVIDIA A100-SXM4-40GB,cheap,0,0,0,0,0,0,2,35721,,,,,,,,,,,,,1e-05,inverse,9999999.999985976,True,,nan,0,50,diag,0.001,0,0,0,14776336,False,3000.0,matern,0.1,1.5,1.0,,0,3000,btab_auto_topk_728,189,3001,3001,2500000,10000000,3000,cufinufft,binned_c1,50,3000,0.000549779710615027,pcg,maxiter,3001,,True,0.1,0,5269.586962164744,0.11524990548183316,0.11533769472155501,0,0.1,exact,ok,,0.0006316725428196069,1.8956493010016402,0.00026936083072316025,0.8083518530002038,2604782.938678905,34760,,,0.0014367379999384866,4.49889403539099e-05,0.13501181000208362,4.121989903318453e-05,0.12370091699858676,8.39427970671694e-05,0.2519123339985754,0.025455759000010403,0.020193797000047198,0.0027055369999970935,0.0,0.0022719590000406242,5.718281172841994e-05,0.17160561799698826,,,0.00027299099997435405,0.07499962200006394,0.0277785020000465,0.055473294999956124,4.579849685999989,0.00028446599992548727,4.654849308000053,4.655122299000027,1e-07,,80000,v6_btab
35721,expanded_box,topk,1024,,1024,0,"[18, 18]","[37, 37]",1369,topk,1024,,1024,80000,1369,cheap,30,0.01,,,,,,,,,,,,,,,,,inverse,20000,group_a,50,diag,0.001,50,auto,group_a,auto,3000,3001,0.0009157757581061688,0,,,2,USGS_LPC_IL_Winnebago_2018_ground_elevation_regression_ntrain10000000,False,NVIDIA A100-SXM4-40GB,cheap,0,0,0,0,0,0,2,35721,,,,,,,,,,,,,1e-05,inverse,9999999.999985978,True,,nan,0,50,diag,0.001,0,0,0,29986576,False,3000.0,matern,0.1,1.5,1.0,,0,3000,btab_auto_topk_1024,189,3001,3001,2500000,10000000,3000,cufinufft,binned_c1,50,3000,0.0009157757581061688,pcg,maxiter,3001,,True,0.1,0,2401.5196295321775,0.11536597184318807,0.11545461388609929,0,0.1,exact,ok,,0.0006326355741403595,1.8985393579952188,0.00028121194268753563,0.8439170400052944,1592437.4207633706,34352,,,0.0014498410000669537,4.510900666484897e-05,0.13537212900121176,4.098108097126389e-05,0.12298422399476294,9.554487770662555e-05,0.28673017799758327,0.05113869599995269,0.04334544599998935,0.004113200000006145,0.0,0.0031648089999407603,5.723822425712449e-05,0.1717719109956306,,,0.00027164699997683783,0.07453496299990547,0.05349078099993676,0.05532782499994937,4.639260783000054,0.0005152410000164309,4.71379574599996,4.714067392999937,1e-07,,80000,v6_btab
35721,expanded_box,topk,2048,,2048,0,"[25, 25]","[51, 51]",2601,topk,2048,,2048,80000,2601,cheap,30,0.01,,,,,,,,,,,,,,,,,inverse,20000,group_a,50,diag,0.001,50,auto,group_a,auto,3000,3001,0.0015288256565658526,0,,,2,USGS_LPC_IL_Winnebago_2018_ground_elevation_regression_ntrain10000000,False,NVIDIA A100-SXM4-40GB,cheap,0,0,0,0,0,0,2,35721,,,,,,,,,,,,,1e-05,inverse,9999999.999985978,True,,nan,0,50,diag,0.001,0,0,0,108243216,False,3000.0,matern,0.1,1.5,1.0,,0,3000,btab_auto_topk_2048,189,3001,3001,2500000,10000000,3000,cufinufft,binned_c1,50,3000,0.0015288256565658526,pcg,maxiter,3001,,True,0.1,0,545.4774512432729,0.1157926800573643,0.11588069900139962,0,0.1,exact,ok,,0.0006356477660776145,1.907578945998921,0.00034194391269487057,1.0261736819973066,630211.201277095,33120,,,0.0015976979999550167,4.535901432812557e-05,0.13612240199870485,4.241943852062766e-05,0.12730073500040362,0.00015433890436445625,0.46317105199773323,0.20831747500005804,0.18015848899995035,0.01776118000009319,0.0,0.008823732999985623,5.7226013329737634e-05,0.17173526600254263,,,0.0002745460000141975,0.0750295880000067,0.21080484200001592,0.05564456700005849,5.004848575999972,0.001574073000028875,5.079878163999979,5.080152709999993,1e-07,,80000,v6_btab
35721,expanded_box,topk,4096,,4096,0,"[36, 36]","[73, 73]",5329,topk,4096,,4096,80000,5329,cheap,30,0.01,,,,,,,,,,,,,,,,,inverse,20000,group_a,50,diag,0.001,50,auto,group_a,auto,3000,3001,0.001938035503114006,0,,,2,USGS_LPC_IL_Winnebago_2018_ground_elevation_regression_ntrain10000000,False,NVIDIA A100-SXM4-40GB,cheap,0,0,0,0,0,0,2,35721,,,,,,,,,,,,,1e-05,inverse,9999999.999985978,True,,nan,0,50,diag,0.001,0,0,0,454371856,False,3000.0,matern,0.1,1.5,1.0,,0,3000,btab_auto_topk_4096,189,3001,3001,2500000,10000000,3000,cufinufft,binned_c1,50,3000,0.001938035503114006,pcg,maxiter,3001,,True,0.1,0,98.38544680279678,0.11604362863865181,0.11613853466158602,0,0.1,exact,ok,,0.0006435420586472914,1.9312697180005216,0.0006086724418532263,1.826625998001532,212413.99621083034,30392,,,0.001798019000034401,4.587370509889588e-05,0.13766698900178653,4.414244285129418e-05,0.13247147099673384,0.000416992392868973,1.251394170999788,0.9028616190000776,0.7485345560000951,0.11777731900008348,0.0,0.030549965999966844,5.818487737391377e-05,0.17461281699911524,,,0.00026349699999173026,0.07472469899994394,0.9056850169999962,0.055520569000009345,6.549999651000007,0.005999777999932121,6.624724349999951,6.624987846999943,1e-07,,80000,v6_btab
35721,expanded_box,topk,2048,,2048,0,"[25, 25]","[51, 51]",2601,topk,2048,,2048,80000,2601,cheap,30,0.01,,cupy,1.675952936087546e-11,2.5477162616050052e-14,960,418,418,,418,192,2601,33120,7993344,20.666844944389698,206.66844944389698,0.001,boxeig,20000,group_a,50,diag,0.001,50,auto,group_a,boxeig,1197,1198,8.827652592585916e-08,0,,,2,USGS_LPC_IL_Winnebago_2018_ground_elevation_regression_ntrain10000000,False,NVIDIA A100-SXM4-40GB,cheap,192,0,192,192,0,0,2,35721,,,,,,,1.675952936087546e-11,2.5477162616050052e-14,,,,,1e-05,boxeig,9999999.999985978,True,,nan,0,0,,nan,0,0,0,0,False,1197.0,matern,0.1,1.5,1.0,,163216,3000,btab_boxeig_topk_2048_q192,189,1198,1197,2500000,10000000,3000,cufinufft,binned_c1,50,1197,8.827652592585916e-08,pcg,converged,1197,,True,0.1,0,545.4774512432729,0.11505717436803758,0.11514757514507219,0,0.1,boxeig,ok,,0.0006374153789663095,0.7636236240016387,0.000412492698412322,0.4937537599995494,630211.201277095,33120,,206.66844944389698,0.0015922609999279302,4.62232255627279e-05,0.05532920099858529,3.9290365079632356e-05,0.047030567000319934,0.00022752227819579737,0.27234416700036945,1.4950232109999888,0.0,0.0,0.000978733000010834,0.0,5.7586034254412804e-05,0.06893048300253213,1.494044477999978,,0.07369046600001639,0.0749745719999737,1.497111729999915,0.0550664139999526,3.500413434000052,0.0,3.5753880060000256,3.649078472000042,1e-07,,80000,v7_btab_boxeig
35721,expanded_box,topk,4096,,4096,0,"[36, 36]","[73, 73]",5329,topk,4096,,4096,80000,5329,cheap,30,0.01,,cupy,7.676169317197807e-13,2.325386894031284e-14,960,418,418,,418,192,5329,30392,16373760,238.6025967624428,2386.0259676244277,0.001,boxeig,20000,group_a,50,diag,0.001,50,auto,group_a,boxeig,1094,1095,9.7617373242355e-08,0,,,2,USGS_LPC_IL_Winnebago_2018_ground_elevation_regression_ntrain10000000,False,NVIDIA A100-SXM4-40GB,cheap,192,0,192,192,0,0,2,35721,,,,,,,7.676169317197807e-13,2.325386894031284e-14,,,,,1e-05,boxeig,9999999.999985978,True,,nan,0,0,,nan,0,0,0,0,False,1094.0,matern,0.1,1.5,1.0,,336400,3000,btab_boxeig_topk_4096_q192,189,1095,1094,2500000,10000000,3000,cufinufft,binned_c1,50,1094,9.7617373242355e-08,pcg,converged,1094,,True,0.1,0,98.38544680279678,0.11505717364513371,0.11514757520953262,0,0.1,boxeig,ok,,0.0006352771890398433,0.6956285219986285,0.00042240045338235636,0.46210609600029784,212413.99621083034,30392,,2386.0259676244277,0.0017651089999617398,4.549215630773003e-05,0.04976841900065665,3.905091956057582e-05,0.04272170599926994,0.00023940032724027195,0.26190395800085753,0.34635651899998265,0.0,0.0,0.0009419720000778398,0.0,5.6762590493958895e-05,0.06209827400039103,0.3454145469999048,,0.07536198000002514,0.07500341200000094,0.34854707700003473,0.05503900999997313,2.183149878999984,0.0,2.258153290999985,2.33351527100001,1e-07,,80000,v7_btab_boxeig
35721,expanded_box,topk,4096,,4096,0,"[36, 36]","[73, 73]",5329,topk,4096,,4096,80000,5329,cheap,30,0.01,,cupy,3.722375553733642e-12,7.690873937692178e-14,1280,546,546,,546,256,5329,30392,21831680,55.651182591843714,556.5118259184371,0.001,boxeig,20000,group_a,50,diag,0.001,50,auto,group_a,boxeig,650,651,7.551648672341374e-08,0,,,2,USGS_LPC_IL_Winnebago_2018_ground_elevation_regression_ntrain10000000,False,NVIDIA A100-SXM4-40GB,cheap,256,0,256,256,0,0,2,35721,,,,,,,3.722375553733642e-12,7.690873937692178e-14,,,,,1e-05,boxeig,9999999.999985978,True,,nan,0,0,,nan,0,0,0,0,False,650.0,matern,0.1,1.5,1.0,,336400,3000,btab_boxeig_topk_4096_q256,189,651,650,2500000,10000000,3000,cufinufft,binned_c1,50,650,7.551648672341374e-08,pcg,converged,650,,True,0.1,0,98.38544680279678,0.11505717205249077,0.11514757314750432,0,0.1,boxeig,ok,,0.0006478917158246092,0.4217775070018206,0.000428420235385042,0.2784731530002773,212413.99621083034,30392,,556.5118259184371,0.0017704829999729554,4.565702000123705e-05,0.029677063000804083,3.91605415417801e-05,0.025454352002157066,0.00024414940615420514,0.15869711400023334,0.4640731360001382,0.0,0.0,0.0009398890000511528,0.0,5.739656615822661e-05,0.0373077680028473,0.46313324700008707,,0.10120189100007337,0.07440697799995633,0.4663099470000134,0.05338830300001973,1.5755366150000327,0.0,1.649943592999989,1.7511454840000624,1e-07,,80000,v7_btab_boxeig
35721,expanded_box,topk,8192,,8192,0,"[51, 51]","[103, 103]",10609,topk,8192,,8192,80000,10609,cheap,30,0.01,,cupy,2.2037190301124316e-13,2.013263209417974e-14,960,418,418,,418,192,10609,25112,32593920,259.51604636283594,2595.160463628359,0.001,boxeig,20000,group_a,50,diag,0.001,50,auto,group_a,boxeig,1004,1005,9.219223037101026e-08,0,,,2,USGS_LPC_IL_Winnebago_2018_ground_elevation_regression_ntrain10000000,False,NVIDIA A100-SXM4-40GB,cheap,192,0,192,192,0,0,2,35721,,,,,,,2.2037190301124316e-13,2.013263209417974e-14,,,,,1e-05,boxeig,9999999.999985978,True,,nan,0,0,,nan,0,0,0,0,False,1004.0,matern,0.1,1.5,1.0,,672400,3000,btab_boxeig_topk_8192_q192,189,1005,1004,2500000,10000000,3000,cufinufft,binned_c1,50,1004,9.219223037101026e-08,pcg,converged,1004,,True,0.1,0,18.40035079822005,0.11505721851653614,0.11514761579142922,0,0.1,boxeig,ok,,0.0006484897223884476,0.6517321710003898,0.00043078565737215355,0.43250880000164216,68148.38536115427,25112,,2595.160463628359,0.0022169840000287877,4.566746713136304e-05,0.04585013699988849,3.9631713147638904e-05,0.03979024000022946,0.00024588715637438086,0.2468707049998784,0.355274338000072,0.0,0.0,0.0010129529999858278,0.0,5.763914442385489e-05,0.05786970100155031,0.3542613850000862,,0.07847649400002865,0.07520756700000675,0.3580064450000009,0.05545144899997467,2.074956500999974,0.0,2.150164067999981,2.2286405620000096,1e-07,,80000,v7_btab_boxeig
35721,expanded_box,topk,8192,,8192,0,"[51, 51]","[103, 103]",10609,topk,8192,,8192,80000,10609,cheap,30,0.01,,cupy,4.630847385841971e-12,1.0425141240183337e-13,1280,546,546,,546,256,10609,25112,43458560,119.3520200607427,1193.520200607427,0.001,boxeig,20000,group_a,50,diag,0.001,50,auto,group_a,boxeig,758,759,9.655355328049219e-08,0,,,2,USGS_LPC_IL_Winnebago_2018_ground_elevation_regression_ntrain10000000,False,NVIDIA A100-SXM4-40GB,cheap,256,0,256,256,0,0,2,35721,,,,,,,4.630847385841971e-12,1.0425141240183337e-13,,,,,1e-05,boxeig,9999999.999985978,True,,nan,0,0,,nan,0,0,0,0,False,758.0,matern,0.1,1.5,1.0,,672400,3000,btab_boxeig_topk_8192_q256,189,759,758,2500000,10000000,3000,cufinufft,binned_c1,50,758,9.655355328049219e-08,pcg,converged,758,,True,0.1,0,18.40035079822005,0.11505717398016177,0.1151475751797222,0,0.1,boxeig,ok,,0.0006515521963126787,0.49452811700132315,0.00042235433113441617,0.32014458299988746,68148.38536115427,25112,,1193.520200607427,0.0022038979999479125,4.6018701846361064e-05,0.03488217599954169,3.9871072562881564e-05,0.030222273002664224,0.00023518649999787301,0.17827136699838775,0.4680073170000014,0.0,0.0,0.0010015550000161966,0.0,5.862763456503542e-05,0.04443974700029685,0.4670057619999852,,0.10506996499998422,0.07451753499992719,0.47080020100008824,0.05564181299996562,1.7683287020000762,0.0,1.8428462370000034,1.9479162019999876,1e-07,,80000,v7_btab_boxeig
35721,expanded_box,topk,8192,,8192,0,"[51, 51]","[103, 103]",10609,topk,8192,,8192,80000,10609,cheap,30,0.01,,cupy,1.743869513205341e-12,1.098031559503586e-13,1600,674,674,,674,320,10609,25112,54323200,64.22154393374528,642.2154393374527,0.001,boxeig,20000,group_a,50,diag,0.001,50,auto,group_a,boxeig,571,572,8.711363868369554e-08,0,,,2,USGS_LPC_IL_Winnebago_2018_ground_elevation_regression_ntrain10000000,False,NVIDIA A100-SXM4-40GB,cheap,320,0,320,320,0,0,2,35721,,,,,,,1.743869513205341e-12,1.098031559503586e-13,,,,,1e-05,boxeig,9999999.999985978,True,,nan,0,0,,nan,0,0,0,0,False,571.0,matern,0.1,1.5,1.0,,672400,3000,btab_boxeig_topk_8192_q320,189,572,571,2500000,10000000,3000,cufinufft,binned_c1,50,571,8.711363868369554e-08,pcg,converged,571,,True,0.1,0,18.40035079822005,0.1150571881012656,0.11514758976094254,0,0.1,boxeig,ok,,0.000655366568183395,0.3748696770009019,0.0004292531436027393,0.24510354499716414,68148.38536115427,25112,,642.2154393374527,0.002194785999904525,4.680641856177537e-05,0.026726464998773736,4.053883187377551e-05,0.023147672999925817,0.00024051310157675477,0.13733298100032698,1.5456697719999966,0.0,0.0,0.0010036710000349558,0.0,5.880325219177569e-05,0.03357665700150392,1.5446661009999616,,0.130239835999987,0.07483729199998379,1.5488343350000378,0.05533325599992622,2.5334568260000196,0.0,2.6082941180000034,2.7385339539999904,1e-07,,80000,v7_btab_boxeig
35721,expanded_box,topk,16384,,16384,0,"[72, 72]","[145, 145]",21025,topk,16384,,16384,80000,21025,cheap,30,0.01,,cupy,1.3081598713545093e-12,3.1189483661637706e-14,960,418,418,,418,192,21025,14696,64591872,261.1262738567143,2611.262738567143,0.001,boxeig,20000,group_a,50,diag,0.001,50,auto,group_a,boxeig,960,961,8.167785894973353e-08,0,,,2,USGS_LPC_IL_Winnebago_2018_ground_elevation_regression_ntrain10000000,False,NVIDIA A100-SXM4-40GB,cheap,192,0,192,192,0,0,2,35721,,,,,,,1.3081598713545093e-12,3.1189483661637706e-14,,,,,1e-05,boxeig,9999999.999985978,True,,nan,0,0,,nan,0,0,0,0,False,960.0,matern,0.1,1.5,1.0,,1336336,3000,btab_boxeig_topk_16384_q192,189,961,960,2500000,10000000,3000,cufinufft,binned_c1,50,960,8.167785894973353e-08,pcg,converged,960,,True,0.1,0,3.4180472579016117,0.11505717870939079,0.115147579696959,0,0.1,boxeig,ok,,0.0006422012653479475,0.6171554159993775,0.00043733983125070116,0.4198462380006731,16085.644281348013,14696,,2611.262738567143,0.0029701079999995272,4.5265913539556855e-05,0.04345527699797458,3.9765195833870356e-05,0.03817458800051554,0.0002527685468757331,0.24265780500070377,0.3522063089999392,0.0,0.0,0.001033485999982986,0.0,5.7674769790949656e-05,0.05536777899931167,0.3511728229999562,,0.07669564299999365,0.07536244400000669,0.3558113220000223,0.05530303900002309,1.9920883119999644,0.0,2.067450755999971,2.1441463989999647,1e-07,,80000,v7_btab_boxeig
35721,expanded_box,topk,16384,,16384,0,"[72, 72]","[145, 145]",21025,topk,16384,,16384,80000,21025,cheap,30,0.01,,cupy,3.0273038546614584e-12,3.7396871323410705e-14,1280,546,546,,546,256,21025,14696,86122496,121.45386931202013,1214.5386931202013,0.001,boxeig,20000,group_a,50,diag,0.001,50,auto,group_a,boxeig,684,685,9.269241296181857e-08,0,,,2,USGS_LPC_IL_Winnebago_2018_ground_elevation_regression_ntrain10000000,False,NVIDIA A100-SXM4-40GB,cheap,256,0,256,256,0,0,2,35721,,,,,,,3.0273038546614584e-12,3.7396871323410705e-14,,,,,1e-05,boxeig,9999999.999985978,True,,nan,0,0,,nan,0,0,0,0,False,684.0,matern,0.1,1.5,1.0,,1336336,3000,btab_boxeig_topk_16384_q256,189,685,684,2500000,10000000,3000,cufinufft,binned_c1,50,684,9.269241296181857e-08,pcg,converged,684,,True,0.1,0,3.4180472579016117,0.11505717972301228,0.11514758164122581,0,0.1,boxeig,ok,,0.0006469999167866329,0.44319494299884354,0.00043991489765917374,0.30090178999887485,16085.644281348013,14696,,1214.5386931202013,0.0029756989999896177,4.5222308478297866e-05,0.030932058999155743,3.961626461695663e-05,0.027097524997998335,0.00025633161550015556,0.1753308250021064,0.46206858799996553,0.0,0.0,0.001007658999924388,0.0,5.669997222406365e-05,0.038782781001259536,0.46106092900004114,,0.10109548000002633,0.07482080599993424,0.46577574200000527,0.05342181699995763,1.6397337200000948,0.0,1.714554526000029,1.8156500060000553,1e-07,,80000,v7_btab_boxeig
35721,expanded_box,topk,16384,,16384,0,"[72, 72]","[145, 145]",21025,topk,16384,,16384,80000,21025,cheap,30,0.01,,cupy,6.250670535147973e-13,1.0596492986377573e-13,1600,674,674,,674,320,21025,14696,107653120,67.71440179233657,677.1440179233657,0.001,boxeig,20000,group_a,50,diag,0.001,50,auto,group_a,boxeig,522,523,9.922338738323036e-08,0,,,2,USGS_LPC_IL_Winnebago_2018_ground_elevation_regression_ntrain10000000,False,NVIDIA A100-SXM4-40GB,cheap,320,0,320,320,0,0,2,35721,,,,,,,6.250670535147973e-13,1.0596492986377573e-13,,,,,1e-05,boxeig,9999999.999985978,True,,nan,0,0,,nan,0,0,0,0,False,522.0,matern,0.1,1.5,1.0,,1336336,3000,btab_boxeig_topk_16384_q320,189,523,522,2500000,10000000,3000,cufinufft,binned_c1,50,522,9.922338738323036e-08,pcg,converged,522,,True,0.1,0,3.4180472579016117,0.11505718028675471,0.11514758206487456,0,0.1,boxeig,ok,,0.000650231959846254,0.34007131499959087,0.00046010056896661234,0.24017249700057164,16085.644281348013,14696,,677.1440179233657,0.002995889999965584,4.533840613313151e-05,0.02366664800149465,3.99702720299578e-05,0.020864481999637974,0.00027427963984783145,0.14317397200056803,0.5780690629999299,0.0,0.0,0.001006051999979718,0.0,5.774816091874095e-05,0.030144539999582776,0.5770630109999502,,0.12621103300000414,0.06536600000004,0.5818591109999716,0.05332980799994402,1.4932035240000232,0.0,1.5585695240000632,1.6847805570000673,1e-07,,80000,v7_btab_boxeig
1225,,,,,,,,,,,,,,,,,,,,,,,,,,,,,,,,,,,,,group_b,,,,,,group_b,,3304,3305,8.823964051091514e-08,,,,2,synthetic_true_func_2d_ntrain300000000,False,NVIDIA A100-SXM4-40GB,,,,,,,,2,1225,,,,,,,,,0,0,,,1e-05,,,True,,,,,,,,,,,False,3304.0,SE,0.1,1.5,1.0,,,80000,plain_cg,35,3305,,75000000,300000000,3000,cufinufft,cufinufft,,,,,,,,True,0.1,0,,0.00034207637095011917,0.30001748670409256,0,,,ok,,0.0006146551449316208,2.031435253999007,,,,,,,,,,,,,,,,,,,,,,,,3.9373702729999422,,1.6545383839999204,3.473383234000039,,7.410754311999995,,1e-07,,80000,v1
1225,,,,,,,,,,,,,,,,,,,,,,,,,,,,,,,,,,,,,group_b,,,,,,group_b,,1038,1039,8.625340412420484e-08,,,nan,2,synthetic_true_func_2d_ntrain300000000,False,NVIDIA A100-SXM4-40GB,,,,,,,,2,1225,72,3,nan,,147830.24167632242,0.00294782476971036,,,5,352,0.000612605094909668,0.21563699340820314,1e-05,,,True,[],,,,,,,,,,False,1038.0,SE,0.1,1.5,1.0,nan,,3000,eigenpro_pcg_q64,35,1039,1038,75000000,300000000,3000,cufinufft,binned_c1,,,,,,,full_eigenpro,True,0.1,0,,0.0005656073047098373,0.300017820977464,0,,,ok,,0.0006393005283942774,0.6642332490016543,0.00015327709826296802,0.15910162799696081,,,[],,,,,,,,,,,,,,,,,0.2231380650000574,,1.500257382999962,0.0002863709999019193,1.523085169000069,1.4834649389999868,,3.207146757999908,,1e-07,64,80000,v3
1225,,,,,,,,,,,,,,,,,,,,,,,,,,,,,,,,,,,,,group_b,,,,,,group_b,,262,263,8.382290129888927e-08,,,nan,2,synthetic_true_func_2d_ntrain300000000,False,NVIDIA A100-SXM4-40GB,,,,,,,,2,1225,136,3,nan,,6884.036745143367,0.00013720063112451842,,,5,672,0.0006015192213512602,0.4042209167480469,1e-05,,,True,[],,,,,,,,,,False,262.0,SE,0.1,1.5,1.0,nan,,3000,eigenpro_pcg_q128,35,263,262,75000000,300000000,3000,cufinufft,binned_c1,,,,,,,full_eigenpro,True,0.1,0,,0.0005658065199371928,0.300017821052308,0,,,ok,,0.0006366981026582866,0.16745160099912937,0.00015422960305174616,0.040408155999557493,,,[],,,,,,,,,,,,,,,,,0.4148976040000889,,1.5006414279998808,0.0003035610000097222,1.5226772860000892,0.37606777299993155,,2.291910365999911,,1e-07,128,80000,v3
1225,,,,,,,,,,,,,,,,,,,,,,,,,,,,,,,,,,,,,group_b,,,,,,group_b,,8,9,9.480283024788873e-08,,,nan,2,synthetic_true_func_2d_ntrain300000000,False,NVIDIA A100-SXM4-40GB,,,,,,,,2,1225,264,3,nan,,20.373877183783975,4.0605621586471334e-07,,,5,1312,0.0005965720967548649,0.7827025909423828,1e-05,,,True,[],,,,,,,,,,False,8.0,SE,0.1,1.5,1.0,nan,,3000,eigenpro_pcg_q256,35,9,8,75000000,300000000,3000,cufinufft,binned_c1,,,,,,,full_eigenpro,True,0.1,0,,0.0005493454934004996,0.30001782028675733,0,,,ok,,0.0006401360000028136,0.005761224000025322,0.0001640926250274788,0.0013127410002198303,,,[],,,,,,,,,,,,,,,,,0.8009707349999644,,1.4991610609999952,0.00030235300005188037,1.5219500359999074,0.012587955000071815,,2.3130221040000833,,1e-07,256,80000,v3
1225,,,,,,,,,,,,,,,,,,,,,,,,,,,,,,,,,,,,,group_b,,,,,,group_b,,1,2,8.139034896264718e-08,,,nan,2,synthetic_true_func_2d_ntrain300000000,False,NVIDIA A100-SXM4-40GB,,,,,,,,2,1225,328,3,nan,,1.5426088807712748,3.074456172620069e-08,,,5,1632,0.0005971789827533797,0.9745960998535157,1e-05,,,True,[],,,,,,,,,,False,1.0,SE,0.1,1.5,1.0,nan,,3000,eigenpro_pcg_q320,35,2,1,75000000,300000000,3000,cufinufft,binned_c1,,,,,,,full_eigenpro,True,0.1,0,,0.0004973368101401884,0.3000177688638352,0,,,ok,,0.0006375760000310038,0.0012751520000620076,0.0002522590000353375,0.0002522590000353375,,,[],,,,,,,,,,,,,,,,,0.9963289760000862,,1.4989637839998977,0.0003086399999574496,1.5216983950001577,0.0026078589999087853,,2.49820925899985,,1e-07,320,80000,v3
1225,,,,,,,,,,,,,,,,,,,,,,,,,,,,,,,,,,,,,group_b,,,,,,group_b,,3,4,6.878813820693988e-08,,,nan,2,synthetic_true_func_2d_ntrain300000000,False,NVIDIA A100-SXM4-40GB,,,,,,,,2,1225,392,3,nan,,0.2512432076520158,5.007336857858395e-09,,,5,1952,0.0005979304939019875,1.1671603240966797,1e-05,,,True,[],,,,,,,,,,False,3.0,SE,0.1,1.5,1.0,nan,,3000,eigenpro_pcg_q384,35,4,3,75000000,300000000,3000,cufinufft,binned_c1,,,,,,,full_eigenpro,True,0.1,0,,0.0005660169639187336,0.300017823262421,0,,,ok,,0.0006424950000223362,0.0025699800000893447,0.00018142033331969287,0.0005442609999590786,,,[],,,,,,,,,,,,,,,,,1.192621107999912,,1.4994470199999341,0.00030766899999434827,1.5259635419999995,0.005465969000169935,,2.6978417660000105,,1e-07,384,80000,v3
1225,,,,,,,,,,,,,,,,,,,,,,,,,,,,,,,,,,,,,group_b,,,,,,group_b,,2,3,8.828687941093361e-08,,,nan,2,synthetic_true_func_2d_ntrain300000000,False,NVIDIA A100-SXM4-40GB,,,,,,,,2,1225,456,3,nan,,0.23683639554869804,4.72020566763294e-09,,,5,2272,0.0005983982086181641,1.3595607299804688,1e-05,,,True,[],,,,,,,,,,False,2.0,SE,0.1,1.5,1.0,nan,,3000,eigenpro_pcg_q448,35,3,2,75000000,300000000,3000,cufinufft,binned_c1,,,,,,,full_eigenpro,True,0.1,0,,0.0005648653171480935,0.30001782059474247,0,,,ok,,0.0006525609999243898,0.0019576829997731693,0.00021538450005209597,0.00043076900010419195,,,[],,,,,,,,,,,,,,,,,1.3885559960001501,,1.4995850719999453,0.00030319500001496635,1.5140304769997783,0.004091345000006186,,2.8925356080001166,,1e-07,448,80000,v3
1225,expanded_box,topk,512,,512,0,"[12, 12]","[25, 25]",625,topk,512,,512,80000,625,cheap,30,0.01,,,,,,,,,,,,,,,,,chol_solve,20000,group_b,50,diag,0.001,50,auto,group_b,auto,79,80,8.87272243621265e-08,6250000,,,2,synthetic_true_func_2d_ntrain300000000,False,NVIDIA A100-SXM4-40GB,cheap,0,0,0,0,0,0,2,1225,,,,,,,,,,,,,1e-05,chol_solve,299999999.99935234,True,,nan,0,50,diag,0.001,0,0,0,0,False,79.0,SE,0.1,1.5,1.0,,0,3000,btab_auto_topk_512,35,80,79,75000000,300000000,3000,cufinufft,binned_c1,50,79,8.87272243621265e-08,pcg,converged,79,,True,0.1,0,248.7941398093209,0.000564961480508815,0.3000178210607842,0,0.1,exact,ok,,0.0006320172750065467,0.050561382000523736,0.0005567711392342073,0.04398491999950238,7451.295978545698,600,,,0.0006339889998798753,4.505653164357417e-05,0.0035594659998423595,4.129378481029332e-05,0.003262209000013172,0.00037154744303089627,0.029352247999440806,0.01033697899993058,0.00877606500012007,-0.01033697899993058,0.0,0.0013382379997892713,5.593334178022043e-05,0.004418734000637414,,,0.00015178700004980783,1.4994521480000458,0.011813677999953143,1.5165841560001354,0.1558056530000158,0.000222676000021238,1.6552578010000616,1.6554095880001114,1e-07,,80000,v6_btab
1225,expanded_box,topk,1024,,1024,0,"[17, 17]","[35, 35]",1225,topk,1024,,1024,80000,1225,cheap,30,0.01,,,,,,,,,,,,,,,,,chol_solve,20000,group_b,50,diag,0.001,50,auto,group_b,auto,3,4,2.6971294982967814e-09,24010000,,,2,synthetic_true_func_2d_ntrain300000000,False,NVIDIA A100-SXM4-40GB,cheap,0,0,0,0,0,0,2,1225,,,,,,,,,,,,,1e-05,chol_solve,299999999.99935234,True,,nan,0,50,diag,0.001,0,0,0,0,False,3.0,SE,0.1,1.5,1.0,,0,3000,btab_auto_topk_1024,35,4,3,75000000,300000000,3000,cufinufft,binned_c1,50,3,2.6971294982967814e-09,pcg,converged,3,,True,0.1,0,0.0,0.000564988381780153,0.3000178210388807,0,0.1,exact,ok,,0.0006996172500066677,0.002798469000026671,0.000618906333253714,0.0018567189997611422,0.0,0,,,0.0006422559999919031,1.737533337594262e-05,5.2126000127827865e-05,4.186566661701363e-05,0.0001255969998510409,0.00045970066662448517,0.0013791019998734555,0.03891122100003486,0.035777656000163915,-0.03891122100003486,0.0,0.0027044910000313394,5.763200003154149e-05,0.00017289600009462447,,,5.667400000675116e-05,1.5002456680001615,0.04033187799996085,1.5309467150000273,0.04743829999983973,0.00042907399983960204,1.5476839680000012,1.547740642000008,1e-07,,80000,v6_btab
1225,expanded_box,topk,256,,256,0,"[9, 9]","[19, 19]",361,topk,256,,256,80000,361,cheap,30,0.01,,cupy,6.671052853628128e-15,1.1543373370541688e-15,320,162,162,,162,64,361,864,370688,451215.62108416634,4512156.210841663,0.001,boxeig,20000,group_b,50,diag,0.001,50,auto,group_b,boxeig,1546,1547,9.39071167079117e-08,0,,,2,synthetic_true_func_2d_ntrain300000000,False,NVIDIA A100-SXM4-40GB,cheap,64,0,64,64,0,0,2,1225,,,,,,,6.671052853628128e-15,1.1543373370541688e-15,,,,,1e-05,boxeig,299999999.99935234,True,,nan,0,0,,nan,0,0,0,0,False,1546.0,SE,0.1,1.5,1.0,,21904,3000,btab_boxeig_topk_256_q64,35,1547,1546,75000000,300000000,3000,cufinufft,binned_c1,50,1546,9.39071167079117e-08,pcg,converged,1546,,True,0.1,0,41989.68361803287,0.0005591423922202318,0.3000178106060708,0,0.1,boxeig,ok,,0.0006354995087262075,0.9831177399994431,0.00042776659896427553,0.66132716199877,1369995.9262617128,864,,4512156.210841663,0.000461938000171358,4.590157955829691e-05,0.07096384199712702,3.92879256166757e-05,0.06073913300338063,0.000243018648127803,0.37570683000558347,0.36299303199984934,0.0,0.0,0.23044590999984393,0.0,5.774941332471684e-05,0.08928059300001223,0.1325471220000054,,0.027279106000150932,1.499112021000201,0.36389910700017936,1.5300992970001062,2.981415316999801,0.0,4.480527338000002,4.507806444000153,1e-07,,80000,v7_btab_boxeig
1225,expanded_box,topk,512,,512,0,"[12, 12]","[25, 25]",625,topk,512,,512,80000,625,cheap,30,0.01,,cupy,1.3248162770943667e-13,2.9698176628202363e-15,640,290,290,,290,128,625,600,1282048,21267.049793249946,212670.49793249945,0.001,boxeig,20000,group_b,50,diag,0.001,50,auto,group_b,boxeig,497,498,9.668576741076133e-08,0,,,2,synthetic_true_func_2d_ntrain300000000,False,NVIDIA A100-SXM4-40GB,cheap,128,0,128,128,0,0,2,1225,,,,,,,1.3248162770943667e-13,2.9698176628202363e-15,,,,,1e-05,boxeig,299999999.99935234,True,,nan,0,0,,nan,0,0,0,0,False,497.0,SE,0.1,1.5,1.0,,38416,3000,btab_boxeig_topk_512_q128,35,498,497,75000000,300000000,3000,cufinufft,binned_c1,50,497,9.668576741076133e-08,pcg,converged,497,,True,0.1,0,248.7941398093209,0.0005642803840528262,0.3000178223828704,0,0.1,boxeig,ok,,0.0006464598473929942,0.3219370040017111,0.0004314216277659546,0.21441654899967943,7451.295978545698,600,,212670.49793249945,0.0005103949999920587,4.585869818660746e-05,0.02279177299874391,3.965525150926708e-05,0.019708660000105738,0.0002452372595609697,0.12188291800180195,0.29859551899994585,0.0,0.0,0.059857715999896755,0.0,5.809446076703936e-05,0.028872947001218563,0.2387378030000491,,0.05158299600020655,1.4994768950000434,0.2995386239999789,1.5227794879999692,1.1535106159999486,0.0,2.652987510999992,2.7045705070001986,1e-07,,80000,v7_btab_boxeig
1225,expanded_box,topk,768,,768,0,"[15, 15]","[31, 31]",961,topk,768,,768,80000,961,cheap,30,0.01,,cupy,9.813676880518241e-14,3.9780643778315995e-15,640,290,290,,290,128,961,264,1970176,21267.40575708581,212674.05757085807,0.001,boxeig,20000,group_b,50,diag,0.001,50,auto,group_b,boxeig,360,361,9.124403650767757e-08,0,,,2,synthetic_true_func_2d_ntrain300000000,False,NVIDIA A100-SXM4-40GB,cheap,128,0,128,128,0,0,2,1225,,,,,,,9.813676880518241e-14,3.9780643778315995e-15,,,,,1e-05,boxeig,299999999.99935234,True,,nan,0,0,,nan,0,0,0,0,False,360.0,SE,0.1,1.5,1.0,,59536,3000,btab_boxeig_topk_768_q128,35,361,360,75000000,300000000,3000,cufinufft,binned_c1,50,360,9.124403650767757e-08,pcg,converged,360,,True,0.1,0,0.3868140743360568,0.0005656964856698829,0.30001781934477345,0,0.1,boxeig,ok,,0.0007021759999955109,0.2534855359983794,0.000479871955556948,0.17275390400050128,10.924850578839887,264,,212674.05757085807,0.00054028600015954,4.669546389032399e-05,0.016810367000516635,3.967907500926534e-05,0.014284467003335521,0.0002932768000031653,0.1055796480011395,0.5960211849999268,0.0,0.0,0.04691883999998936,0.0,5.763483055400482e-05,0.020748538999441735,0.5491023449999375,,0.05134197699999277,1.4993141229999765,0.5971210840000367,1.5165108910000527,1.2667470599999433,0.0,2.7660611829999198,2.8174031599999125,1e-07,,80000,v7_btab_boxeig
1225,,,,,,,,,,,,,,,,,,,,,,,,,,,,,,,,,,,,,group_b,,,,,,group_b,,3234,3235,8.042882389936683e-08,,,,2,synthetic_true_func_2d_ntrain100000000,False,NVIDIA A100-SXM4-40GB,,,,,,,,2,1225,,,,,,,,,0,0,,,1e-05,,,True,,,,,,,,,,,False,3234.0,SE,0.1,1.5,1.0,,,80000,plain_cg,35,3235,,25000000,100000000,3000,cufinufft,cufinufft,,,,,,,,True,0.1,0,,0.0005713821577983798,0.30003052232979227,0,,,ok,,0.0006247968395698912,2.021217776008598,,,,,,,,,,,,,,,,,,,,,,,,1.0162344079999457,,0.5237467580000157,3.4577160059998278,,4.473951152999916,,1e-07,,80000,v1
1225,,,,,,,,,,,,,,,,,,,,,,,,,,,,,,,,,,,,,group_b,,,,,,group_b,,903,904,7.29629083260365e-08,,,nan,2,synthetic_true_func_2d_ntrain100000000,False,NVIDIA A100-SXM4-40GB,,,,,,,,2,1225,72,3,nan,,49260.709190991874,0.0029468838345641604,,,5,352,0.0005974836457859386,0.21031424331665038,1e-05,,,True,[],,,,,,,,,,False,903.0,SE,0.1,1.5,1.0,nan,,3000,eigenpro_pcg_q64,35,904,903,25000000,100000000,3000,cufinufft,binned_c1,,,,,,,full_eigenpro,True,0.1,0,,0.0006891300872860503,0.30003082155883826,0,,,ok,,0.0006324294446863736,0.5717162179964816,0.0001506646722037766,0.13605019900001025,,,[],,,,,,,,,,,,,,,,,0.21693105800000012,,0.5099741330000143,0.00027724899996428576,0.5131808349999574,1.281156461999899,,2.0083389019998776,,1e-07,64,80000,v3
1225,,,,,,,,,,,,,,,,,,,,,,,,,,,,,,,,,,,,,group_b,,,,,,group_b,,211,212,8.00431364985692e-08,,,nan,2,synthetic_true_func_2d_ntrain100000000,False,NVIDIA A100-SXM4-40GB,,,,,,,,2,1225,136,3,nan,,2295.5846440220653,0.00013725565073005716,,,5,672,0.0005945478166852679,0.3995361328125,1e-05,,,True,[],,,,,,,,,,False,211.0,SE,0.1,1.5,1.0,nan,,3000,eigenpro_pcg_q128,35,212,211,25000000,100000000,3000,cufinufft,binned_c1,,,,,,,full_eigenpro,True,0.1,0,,0.0006915021207981168,0.3000308285526334,0,,,ok,,0.0006306923867793368,0.1337067859972194,0.00015144075356229267,0.03195399900164375,,,[],,,,,,,,,,,,,,,,,0.4096436449999601,,0.5096490660000654,0.00029313799996089074,0.5061907009999231,0.2994492259999788,,1.2190350749999652,,1e-07,128,80000,v3
1225,,,,,,,,,,,,,,,,,,,,,,,,,,,,,,,,,,,,,group_b,,,,,,group_b,,8,9,8.961526884330037e-08,,,nan,2,synthetic_true_func_2d_ntrain100000000,False,NVIDIA A100-SXM4-40GB,,,,,,,,2,1225,264,3,nan,,6.844396528804415,4.092339300486108e-07,,,5,1312,0.0005945576458442502,0.7800596313476562,1e-05,,,True,[],,,,,,,,,,False,8.0,SE,0.1,1.5,1.0,nan,,3000,eigenpro_pcg_q256,35,9,8,25000000,100000000,3000,cufinufft,binned_c1,,,,,,,full_eigenpro,True,0.1,0,,0.000687614602541496,0.30003085180168554,0,,,ok,,0.0006368925554751412,0.005732032999276271,0.00015725162501212253,0.0012580130000969802,,,[],,,,,,,,,,,,,,,,,0.7982108510000216,,0.5095684309999342,0.00028887500002383604,0.5061907179999707,0.012533851999933177,,1.3206020089999129,,1e-07,256,80000,v3
1225,,,,,,,,,,,,,,,,,,,,,,,,,,,,,,,,,,,,,group_b,,,,,,group_b,,1,2,9.118119495950466e-08,,,nan,2,synthetic_true_func_2d_ntrain100000000,False,NVIDIA A100-SXM4-40GB,,,,,,,,2,1225,328,3,nan,,0.5720531687074878,3.420368259484781e-08,,,5,1632,0.0005941151357164569,0.9695959014892578,1e-05,,,True,[],,,,,,,,,,False,1.0,SE,0.1,1.5,1.0,nan,,3000,eigenpro_pcg_q320,35,2,1,25000000,100000000,3000,cufinufft,binned_c1,,,,,,,full_eigenpro,True,0.1,0,,0.0006433367761965346,0.30003084834550486,0,,,ok,,0.0006390239999518599,0.0012780479999037198,0.00024761199983913684,0.00024761199983913684,,,[],,,,,,,,,,,,,,,,,0.9916291590000128,,0.5098710729998857,0.0003194490000169026,0.5045363019999058,0.002615880000121251,,1.5044355610000366,,1e-07,320,80000,v3
1225,,,,,,,,,,,,,,,,,,,,,,,,,,,,,,,,,,,,,group_b,,,,,,group_b,,1,2,9.387575721024148e-08,,,nan,2,synthetic_true_func_2d_ntrain100000000,False,NVIDIA A100-SXM4-40GB,,,,,,,,2,1225,392,3,nan,,0.2659342282505225,1.5900497421835384e-08,,,5,1952,0.0005970255820477595,1.1653939361572265,1e-05,,,True,[],,,,,,,,,,False,1.0,SE,0.1,1.5,1.0,nan,,3000,eigenpro_pcg_q384,35,2,1,25000000,100000000,3000,cufinufft,binned_c1,,,,,,,full_eigenpro,True,0.1,0,,0.0006925929200716547,0.3000308162040949,0,,,ok,,0.0006405270000868768,0.0012810540001737536,0.00024012800008677004,0.00024012800008677004,,,[],,,,,,,,,,,,,,,,,1.1907950120000805,,0.5097480079998604,0.0003104160000475531,0.5098044149999623,0.002628062999974645,,1.7034814989999632,,1e-07,384,80000,v3
1225,,,,,,,,,,,,,,,,,,,,,,,,,,,,,,,,,,,,,group_b,,,,,,group_b,,1,2,7.141333036806518e-08,,,nan,2,synthetic_true_func_2d_ntrain100000000,False,NVIDIA A100-SXM4-40GB,,,,,,,,2,1225,456,3,nan,,0.2124380048506664,1.2701899904534873e-08,,,5,2272,0.0006008265857965175,1.3650780029296876,1e-05,,,True,[],,,,,,,,,,False,1.0,SE,0.1,1.5,1.0,nan,,3000,eigenpro_pcg_q448,35,2,1,25000000,100000000,3000,cufinufft,binned_c1,,,,,,,full_eigenpro,True,0.1,0,,0.0006923113428988634,0.300030811368902,0,,,ok,,0.000649948000045697,0.001299896000091394,0.0002135489999091078,0.0002135489999091078,,,[],,,,,,,,,,,,,,,,,1.3939701770000283,,0.5095730400000775,0.00029926499996690836,0.5076968099999704,0.002556669000114198,,1.906399151000187,,1e-07,448,80000,v3
1225,expanded_box,topk,512,,512,0,"[12, 12]","[25, 25]",625,topk,512,,512,80000,625,cheap,30,0.01,,,,,,,,,,,,,,,,,chol_solve,20000,group_b,50,diag,0.001,50,auto,group_b,auto,55,56,8.03964258722048e-08,6250000,,,2,synthetic_true_func_2d_ntrain100000000,False,NVIDIA A100-SXM4-40GB,cheap,0,0,0,0,0,0,2,1225,,,,,,,,,,,,,1e-05,chol_solve,99999999.99978425,True,,nan,0,50,diag,0.001,0,0,0,0,False,55.0,SE,0.1,1.5,1.0,,0,3000,btab_auto_topk_512,35,56,55,25000000,100000000,3000,cufinufft,binned_c1,50,55,8.03964258722048e-08,pcg,converged,55,,True,0.1,0,82.93137509464721,0.0006876480422327113,0.300030815090645,0,0.1,exact,ok,,0.0006311478928710455,0.03534428200077855,0.0004457467636257206,0.024516071999414635,2483.765171134476,600,,,0.0005748169999151287,4.541958180859431e-05,0.002498076999472687,4.082710910221398e-05,0.0022454910006217688,0.0002598860909115915,0.01429373500013753,0.010484095999800047,0.00890753999988192,-0.010484095999800047,0.0,0.0013381899998421432,5.648332725368991e-05,0.0031065829989529448,,,0.00010642400002325303,0.5098959960000684,0.011895876999915345,0.5078465619999406,0.10633607399995526,0.00023836600007598463,0.6162320700000237,0.6163384940000469,1e-07,,80000,v6_btab
1225,expanded_box,topk,1024,,1024,0,"[17, 17]","[35, 35]",1225,topk,1024,,1024,80000,1225,cheap,30,0.01,,,,,,,,,,,,,,,,,chol_solve,20000,group_b,50,diag,0.001,50,auto,group_b,auto,3,4,6.057356082077124e-09,24010000,,,2,synthetic_true_func_2d_ntrain100000000,False,NVIDIA A100-SXM4-40GB,cheap,0,0,0,0,0,0,2,1225,,,,,,,,,,,,,1e-05,chol_solve,99999999.99978425,True,,nan,0,50,diag,0.001,0,0,0,0,False,3.0,SE,0.1,1.5,1.0,,0,3000,btab_auto_topk_1024,35,4,3,25000000,100000000,3000,cufinufft,binned_c1,50,3,6.057356082077124e-09,pcg,converged,3,,True,0.1,0,0.0,0.0006876167031280063,0.3000308149421985,0,0.1,exact,ok,,0.0006950265000114086,0.0027801060000456346,0.0006190056667492172,0.0018570170002476516,0.0,0,,,0.000542064000001119,1.7327333277232054e-05,5.198199983169616e-05,4.086033330471158e-05,0.00012258099991413474,0.0004547553332940879,0.0013642659998822637,0.03781565600002068,0.034707917000105226,-0.03781565600002068,0.0,0.002674515000080646,5.941599996125054e-05,0.00017824799988375162,,,4.614199997377e-05,0.509830232999775,0.03914716600002066,0.507946623999942,0.04621337900016442,0.00043322399983480864,0.5560436119999395,0.5560897539999132,1e-07,,80000,v6_btab
1225,expanded_box,topk,256,,256,0,"[9, 9]","[19, 19]",361,topk,256,,256,80000,361,cheap,30,0.01,,cupy,7.216506569199141e-15,1.2467648284566902e-15,320,162,162,,162,64,361,864,370688,150385.55544743966,1503855.5544743966,0.001,boxeig,20000,group_b,50,diag,0.001,50,auto,group_b,boxeig,1069,1070,9.051140583201856e-08,0,,,2,synthetic_true_func_2d_ntrain100000000,False,NVIDIA A100-SXM4-40GB,cheap,64,0,64,64,0,0,2,1225,,,,,,,7.216506569199141e-15,1.2467648284566902e-15,,,,,1e-05,boxeig,99999999.99978426,True,,nan,0,0,,nan,0,0,0,0,False,1069.0,SE,0.1,1.5,1.0,,21904,3000,btab_boxeig_topk_256_q64,35,1070,1069,25000000,100000000,3000,cufinufft,binned_c1,50,1069,9.051140583201856e-08,pcg,converged,1069,,True,0.1,0,13996.560751340598,0.0006837861478927317,0.3000308057047462,0,0.1,boxeig,ok,,0.0006452612588767058,0.6904295469980752,0.0004312872394771671,0.46104605900109163,456665.2918695316,864,,1503855.5544743966,0.0004784459999882529,4.61116987831162e-05,0.04929340599915122,3.960173993851926e-05,0.04233425999427709,0.00024550540224732646,0.262445275002392,0.13132976999986568,0.0,0.0,0.0010115869999935967,0.0,5.7900965388333955e-05,0.061896132000129,0.13031818299987208,,0.02854121100017437,0.5099394749997828,0.13225146700006007,0.5253071109998473,1.965713740000183,0.0,2.4756532149999657,2.50419442600014,1e-07,,80000,v7_btab_boxeig
1225,expanded_box,topk,512,,512,0,"[12, 12]","[25, 25]",625,topk,512,,512,80000,625,cheap,30,0.01,,cupy,2.3385790579125346e-13,4.434971994058211e-15,640,290,290,,290,128,625,600,1282048,7088.211373576992,70882.11373576992,0.001,boxeig,20000,group_b,50,diag,0.001,50,auto,group_b,boxeig,396,397,9.362642470903848e-08,0,,,2,synthetic_true_func_2d_ntrain100000000,False,NVIDIA A100-SXM4-40GB,cheap,128,0,128,128,0,0,2,1225,,,,,,,2.3385790579125346e-13,4.434971994058211e-15,,,,,1e-05,boxeig,99999999.99978426,True,,nan,0,0,,nan,0,0,0,0,False,396.0,SE,0.1,1.5,1.0,,38416,3000,btab_boxeig_topk_512_q128,35,397,396,25000000,100000000,3000,cufinufft,binned_c1,50,396,9.362642470903848e-08,pcg,converged,396,,True,0.1,0,82.93137509464722,0.0006880735506510172,0.3000308187832154,0,0.1,boxeig,ok,,0.0006538821158659818,0.25959119999879476,0.00043676266666708595,0.17295801600016603,2483.765171134476,600,,70882.11373576992,0.00046368800008167455,4.6807285353436167e-05,0.018535684999960722,4.006922726931508e-05,0.01586741399864877,0.000247766113637116,0.09811538100029793,0.23303817100008928,0.0,0.0,0.0009344840000267141,0.0,5.883448484451726e-05,0.023298455998428835,0.23210368700006256,,0.05375456199999462,0.5096076889999495,0.23390639900003407,0.5080338759998995,0.9219642489999842,0.0,1.4315719379999337,1.4853264999999283,1e-07,,80000,v7_btab_boxeig
1225,expanded_box,topk,768,,768,0,"[15, 15]","[31, 31]",961,topk,768,,768,80000,961,cheap,30,0.01,,cupy,1.0746937909241999e-13,3.601110421571549e-15,640,290,290,,290,128,961,264,1970176,7088.330065609599,70883.30065609599,0.001,boxeig,20000,group_b,50,diag,0.001,50,auto,group_b,boxeig,266,267,8.678927008943451e-08,0,,,2,synthetic_true_func_2d_ntrain100000000,False,NVIDIA A100-SXM4-40GB,cheap,128,0,128,128,0,0,2,1225,,,,,,,1.0746937909241999e-13,3.601110421571549e-15,,,,,1e-05,boxeig,99999999.99978426,True,,nan,0,0,,nan,0,0,0,0,False,266.0,SE,0.1,1.5,1.0,,59536,3000,btab_boxeig_topk_768_q128,35,267,266,25000000,100000000,3000,cufinufft,binned_c1,50,266,8.678927008943451e-08,pcg,converged,266,,True,0.1,0,0.12893801304042637,0.0006881460490321042,0.3000308207957125,0,0.1,boxeig,ok,,0.0006683337603019626,0.17844511400062402,0.0004483900789582412,0.11927176100289216,3.6416165153189026,264,,70883.30065609599,0.0005160949999662989,4.770670676848533e-05,0.012689984000417098,4.08321842063455e-05,0.010861360998887903,0.0002556280413497225,0.0679970589990262,0.23477236100006849,0.0,0.0,0.0009623150001516478,0.0,6.046831203336221e-05,0.016084571000874348,0.23381004599991684,,0.05065227800014327,0.5094667390001177,0.23569143999998232,0.5098834620000616,0.7099885239999821,0.0,1.2194552630000999,1.2701075410002431,1e-07,,80000,v7_btab_boxeig
1225,,,,,,,,,,,,,,,,,,,,,,,,,,,,,,,,,,,,,group_b,,,,,,group_b,,1497,1498,9.847411600940358e-08,,,,2,synthetic_true_func_2d_ntrain3000000,False,NVIDIA A100-SXM4-40GB,,,,,,,,2,1225,,,,,,,,,0,0,,,1e-05,,,True,,,,,,,,,,,False,1497.0,SE,0.1,1.5,1.0,,,80000,plain_cg,35,1498,,750000,3000000,3000,cufinufft,cufinufft,,,,,,,,True,0.1,0,,0.0029104026258278772,0.29997820411647014,0,,,ok,,0.0006235068698222892,0.9340132909937893,,,,,,,,,,,,,,,,,,,,,,,,0.03704069700006585,,0.017928436999909536,1.602153453000028,,1.6391947660001733,,1e-07,,80000,v1
1225,,,,,,,,,,,,,,,,,,,,,,,,,,,,,,,,,,,,,group_b,,,,,,group_b,,392,393,8.827469423068346e-08,,,nan,2,synthetic_true_func_2d_ntrain3000000,False,NVIDIA A100-SXM4-40GB,,,,,,,,2,1225,72,3,nan,,1480.499969188606,0.0029521132788381953,,,5,352,0.0005911069024692882,0.20806962966918946,1e-05,,,True,[],,,,,,,,,,False,392.0,SE,0.1,1.5,1.0,nan,,3000,eigenpro_pcg_q64,35,393,392,750000,3000000,3000,cufinufft,binned_c1,,,,,,,full_eigenpro,True,0.1,0,,0.0029091253354702196,0.29997835751761953,0,,,ok,,0.000632226623412339,0.2484650630010492,0.0001532105790831839,0.06005854700060809,,,[],,,,,,,,,,,,,,,,,0.21605784499979563,,0.03187244000014289,0.00029262800012475054,0.017935102999899755,0.5588729250000597,,0.807095838000123,,1e-07,64,80000,v3
1225,,,,,,,,,,,,,,,,,,,,,,,,,,,,,,,,,,,,,group_b,,,,,,group_b,,95,96,9.159816316216502e-08,,,nan,2,synthetic_true_func_2d_ntrain3000000,False,NVIDIA A100-SXM4-40GB,,,,,,,,2,1225,136,3,nan,,68.95529514090387,0.00013742528528925733,,,5,672,0.0005896929445720854,0.3962736587524414,1e-05,,,True,[],,,,,,,,,,False,95.0,SE,0.1,1.5,1.0,nan,,3000,eigenpro_pcg_q128,35,96,95,750000,3000000,3000,cufinufft,binned_c1,,,,,,,full_eigenpro,True,0.1,0,,0.0029087417503126907,0.2999783583337982,0,,,ok,,0.0006304032708304893,0.06051871399972697,0.00015292667368205576,0.014528033999795298,,,[],,,,,,,,,,,,,,,,,0.4087280260000625,,0.03138091699997858,0.0002730080000219459,0.019332858999860036,0.1359904959999767,,0.5763724470000398,,1e-07,128,80000,v3
1225,,,,,,,,,,,,,,,,,,,,,,,,,,,,,,,,,,,,,group_b,,,,,,group_b,,5,6,7.227102995701075e-08,,,nan,2,synthetic_true_func_2d_ntrain3000000,False,NVIDIA A100-SXM4-40GB,,,,,,,,2,1225,264,3,nan,,0.2949687506943582,5.878609108859689e-07,,,5,1312,0.0005917798949450981,0.7764152221679688,1e-05,,,True,[],,,,,,,,,,False,5.0,SE,0.1,1.5,1.0,nan,,3000,eigenpro_pcg_q256,35,6,5,750000,3000000,3000,cufinufft,binned_c1,,,,,,,full_eigenpro,True,0.1,0,,0.0029102815304006165,0.2999783652019493,0,,,ok,,0.0006395060000462157,0.003837036000277294,0.00017154159995698138,0.0008577079997849069,,,[],,,,,,,,,,,,,,,,,0.7992065789999288,,0.03139930599991203,0.00031054000010044547,0.018000623000034466,0.008254921999878206,,0.8391713469998194,,1e-07,256,80000,v3
1225,,,,,,,,,,,,,,,,,,,,,,,,,,,,,,,,,,,,,group_b,,,,,,group_b,,2,3,8.048878892417095e-08,,,nan,2,synthetic_true_func_2d_ntrain3000000,False,NVIDIA A100-SXM4-40GB,,,,,,,,2,1225,328,3,nan,,0.25522422844160886,5.086516692231311e-07,,,5,1632,0.0005931990567375632,0.9681008605957031,1e-05,,,True,[],,,,,,,,,,False,2.0,SE,0.1,1.5,1.0,nan,,3000,eigenpro_pcg_q320,35,3,2,750000,3000000,3000,cufinufft,binned_c1,,,,,,,full_eigenpro,True,0.1,0,,0.002907234939169978,0.2999783504561321,0,,,ok,,0.0007435393332949994,0.0022306179998849984,0.0002125165000279594,0.0004250330000559188,,,[],,,,,,,,,,,,,,,,,0.9955360179999388,,0.03179920000002312,0.000356454999973721,0.01834137599985297,0.004848285000207397,,1.032539958000143,,1e-07,320,80000,v3
1225,,,,,,,,,,,,,,,,,,,,,,,,,,,,,,,,,,,,,group_b,,,,,,group_b,,2,3,4.3614256528770784e-08,,,nan,2,synthetic_true_func_2d_ntrain3000000,False,NVIDIA A100-SXM4-40GB,,,,,,,,2,1225,392,3,nan,,0.2025860876581968,4.0374596204185387e-07,,,5,1952,0.0005949822957398461,1.1614054412841797,1e-05,,,True,[],,,,,,,,,,False,2.0,SE,0.1,1.5,1.0,nan,,3000,eigenpro_pcg_q384,35,3,2,750000,3000000,3000,cufinufft,binned_c1,,,,,,,full_eigenpro,True,0.1,0,,0.0029077761247349033,0.2999783600390789,0,,,ok,,0.000632218333369868,0.0018966550001096039,0.00018580400001155795,0.0003716080000231159,,,[],,,,,,,,,,,,,,,,,1.1936326579998422,,0.03170731800014437,0.00030237200007832143,0.01798750500006463,0.003963191999901028,,1.229605539999966,,1e-07,384,80000,v3
1225,,,,,,,,,,,,,,,,,,,,,,,,,,,,,,,,,,,,,group_b,,,,,,group_b,,2,3,2.8389706031001353e-08,,,nan,2,synthetic_true_func_2d_ntrain3000000,False,NVIDIA A100-SXM4-40GB,,,,,,,,2,1225,456,3,nan,,0.16845779874982839,3.3572964859440833e-07,,,5,2272,0.0005954321203097492,1.35282177734375,1e-05,,,True,[],,,,,,,,,,False,2.0,SE,0.1,1.5,1.0,nan,,3000,eigenpro_pcg_q448,35,3,2,750000,3000000,3000,cufinufft,binned_c1,,,,,,,full_eigenpro,True,0.1,0,,0.0029080911850975417,0.2999783642158898,0,,,ok,,0.0006379550000019663,0.0019138650000058988,0.0001897605000067415,0.000379521000013483,,,[],,,,,,,,,,,,,,,,,1.3896310930001619,,0.031381060999819965,0.00029573199981314247,0.018093619999945076,0.004031975000089005,,1.425339860999884,,1e-07,448,80000,v3
1225,expanded_box,topk,512,,512,0,"[12, 12]","[25, 25]",625,topk,512,,512,80000,625,cheap,30,0.01,,,,,,,,,,,,,,,,,chol_solve,20000,group_b,50,diag,0.001,50,auto,group_b,auto,16,17,3.981016968602469e-08,6250000,,,2,synthetic_true_func_2d_ntrain3000000,False,NVIDIA A100-SXM4-40GB,cheap,0,0,0,0,0,0,2,1225,,,,,,,,,,,,,1e-05,chol_solve,2999999.9999934905,True,,nan,0,50,diag,0.001,0,0,0,0,False,16.0,SE,0.1,1.5,1.0,,0,3000,btab_auto_topk_512,35,17,16,750000,3000000,3000,cufinufft,binned_c1,50,16,3.981016968602469e-08,pcg,converged,16,,True,0.1,0,2.4879116707048508,0.002909148251197242,0.29997835644072396,0,0.1,exact,ok,,0.0006341269411758036,0.01078015799998866,0.0004950187499872527,0.007920299999796043,74.5120078338083,600,,,0.00047941200000423123,4.417093751385437e-05,0.0007067350002216699,4.1864500005317495e-05,0.0006698320000850799,0.00031036124997285697,0.0049657799995657115,0.010552724000035596,0.00862605500014979,-0.010552724000035596,0.0,0.0016877000000476983,5.585043750500063e-05,0.00089360700008001,,,6.892700002936181e-05,0.03118549200007692,0.011865037999996275,0.017918211000051087,0.04113992899988261,0.00023896899983810727,0.07232542099995953,0.0723943479999889,1e-07,,80000,v6_btab
1225,expanded_box,topk,1024,,1024,0,"[17, 17]","[35, 35]",1225,topk,1024,,1024,80000,1225,cheap,30,0.01,,,,,,,,,,,,,,,,,chol_solve,20000,group_b,50,diag,0.001,50,auto,group_b,auto,5,6,6.726691106832136e-09,24010000,,,2,synthetic_true_func_2d_ntrain3000000,False,NVIDIA A100-SXM4-40GB,cheap,0,0,0,0,0,0,2,1225,,,,,,,,,,,,,1e-05,chol_solve,2999999.9999934905,True,,nan,0,50,diag,0.001,0,0,0,0,False,5.0,SE,0.1,1.5,1.0,,0,3000,btab_auto_topk_1024,35,6,5,750000,3000000,3000,cufinufft,binned_c1,50,5,6.726691106832136e-09,pcg,converged,5,,True,0.1,0,0.0,0.0029091525602570893,0.29997835651507365,0,0.1,exact,ok,,0.0006912663333575134,0.004147598000145081,0.0006440382000619139,0.003220191000309569,0.0,0,,,0.0005236869999407645,1.7015799994624103e-05,8.507899997312052e-05,3.767240004890482e-05,0.0001883620002445241,0.0004908949999844481,0.0024544749999222404,0.03652901999998903,0.032974307000131375,-0.03652901999998903,0.0,0.0031187129998215823,5.599840001195844e-05,0.0002799920000597922,,,2.7493000061440398e-05,0.031054807999908007,0.03782863600008568,0.017757094999979017,0.048909821000052034,0.0004360000000360742,0.07996462899996004,0.07999212200002148,1e-07,,80000,v6_btab
1225,expanded_box,topk,256,,256,0,"[9, 9]","[19, 19]",361,topk,256,,256,80000,361,cheap,30,0.01,,cupy,6.395218282186175e-15,1.0916933475743545e-15,320,162,162,,162,64,361,864,370688,4517.087731722967,45170.877317229664,0.001,boxeig,20000,group_b,50,diag,0.001,50,auto,group_b,boxeig,564,565,9.353704468065622e-08,0,,,2,synthetic_true_func_2d_ntrain3000000,False,NVIDIA A100-SXM4-40GB,cheap,64,0,64,64,0,0,2,1225,,,,,,,6.395218282186175e-15,1.0916933475743545e-15,,,,,1e-05,boxeig,2999999.9999934905,True,,nan,0,0,,nan,0,0,0,0,False,564.0,SE,0.1,1.5,1.0,,21904,3000,btab_boxeig_topk_256_q64,35,565,564,750000,3000000,3000,cufinufft,binned_c1,50,564,9.353704468065622e-08,pcg,converged,564,,True,0.1,0,419.89404461149957,0.002909568664492872,0.2999783625513353,0,0.1,boxeig,ok,,0.0006482132053148975,0.3662404610029171,0.0004345927039031454,0.245110285001374,13699.85559660734,864,,45170.877317229664,0.0004347290000623616,4.744078723840001e-05,0.026756604002457607,4.000866488885749e-05,0.022564886997315625,0.00024632722341335684,0.13892855400513326,0.12451444500015896,0.0,0.0,0.0009694000000308733,0.0,5.81824202089244e-05,0.03281488499783336,0.12354504500012808,,0.025783485999909317,0.029955898000025627,0.125347826000052,0.017816883000023154,1.0985751109999455,0.0,1.1285310089999712,1.1543144949998805,1e-07,,80000,v7_btab_boxeig
1225,expanded_box,topk,512,,512,0,"[12, 12]","[25, 25]",625,topk,512,,512,80000,625,cheap,30,0.01,,cupy,2.217370479980129e-13,3.5001109099542396e-15,640,290,290,,290,128,625,600,1282048,212.5675223976809,2125.675223976809,0.001,boxeig,20000,group_b,50,diag,0.001,50,auto,group_b,boxeig,147,148,9.753937663713209e-08,0,,,2,synthetic_true_func_2d_ntrain3000000,False,NVIDIA A100-SXM4-40GB,cheap,128,0,128,128,0,0,2,1225,,,,,,,2.217370479980129e-13,3.5001109099542396e-15,,,,,1e-05,boxeig,2999999.9999934905,True,,nan,0,0,,nan,0,0,0,0,False,147.0,SE,0.1,1.5,1.0,,38416,3000,btab_boxeig_topk_512_q128,35,148,147,750000,3000000,3000,cufinufft,binned_c1,50,147,9.753937663713209e-08,pcg,converged,147,,True,0.1,0,2.4879116707048508,0.0029092035761639403,0.2999783572112684,0,0.1,boxeig,ok,,0.0006833323040664991,0.10113318100184188,0.000452863095255279,0.06657087500252601,74.5120078338083,600,,2125.675223976809,0.0004671490000873746,4.848337414464399e-05,0.007127055999262666,4.223785034667833e-05,0.006208964000961714,0.00025707899998742256,0.03779061299815112,0.23277831699988383,0.0,0.0,0.0009535919998597819,0.0,6.042896599593114e-05,0.008883058001401878,0.23182472500002405,,0.05515027900014502,0.02961196100000052,0.23368980700001885,0.01808157100003882,0.5008444689999578,0.0,0.5304564299999583,0.5856067090001034,1e-07,,80000,v7_btab_boxeig
1225,expanded_box,topk,768,,768,0,"[15, 15]","[31, 31]",961,topk,768,,768,80000,961,cheap,30,0.01,,cupy,1.788803652679279e-13,3.3663080982438876e-15,640,290,290,,290,128,961,264,1970176,212.5710994786747,2125.710994786747,0.001,boxeig,20000,group_b,50,diag,0.001,50,auto,group_b,boxeig,98,99,8.793826917293385e-08,0,,,2,synthetic_true_func_2d_ntrain3000000,False,NVIDIA A100-SXM4-40GB,cheap,128,0,128,128,0,0,2,1225,,,,,,,1.788803652679279e-13,3.3663080982438876e-15,,,,,1e-05,boxeig,2999999.9999934905,True,,nan,0,0,,nan,0,0,0,0,False,98.0,SE,0.1,1.5,1.0,,59536,3000,btab_boxeig_topk_768_q128,35,99,98,750000,3000000,3000,cufinufft,binned_c1,50,98,8.793826917293385e-08,pcg,converged,98,,True,0.1,0,0.0038680686736504506,0.0029089389933774205,0.2999783580757907,0,0.1,boxeig,ok,,0.0007033247272806646,0.06962914800078579,0.0004696722857126625,0.046027883999840924,0.10924639191552524,264,,2125.710994786747,0.0005003019998639502,5.086575511457489e-05,0.004984844001228339,4.474231633018778e-05,0.004384747000358402,0.00026386058163079353,0.025858336999817766,0.23422871200000372,0.0,0.0,0.0009655090000251221,0.0,6.269530612770518e-05,0.006144140000515108,0.2332632029999786,,0.05016215000000557,0.031352513000001636,0.23515065000015056,0.01806673100008993,0.4197939799998949,0.0,0.4511464929998965,0.5013086429999021,1e-07,,80000,v7_btab_boxeig
1225,,,,,,,,,,,,,,,,,,,,,,,,,,,,,,,,,,,,,group_b,,,,,,group_b,,1142,1143,8.937241809196967e-08,,,,2,synthetic_true_func_2d_ntrain1000000,False,NVIDIA A100-SXM4-40GB,,,,,,,,2,1225,,,,,,,,,0,0,,,1e-05,,,True,,,,,,,,,,,False,1142.0,SE,0.1,1.5,1.0,,,80000,plain_cg,35,1143,,250000,1000000,3000,cufinufft,cufinufft,,,,,,,,True,0.1,0,,0.004898458522409158,0.3000386772645472,0,,,ok,,0.0006322577392833359,0.722670596000853,,,,,,,,,,,,,,,,,,,,,,,,0.019294848999834358,,0.00894047499991757,1.2375080720000824,,1.2568033889999697,,1e-07,,80000,v1
1225,,,,,,,,,,,,,,,,,,,,,,,,,,,,,,,,,,,,,group_b,,,,,,group_b,,291,292,9.666234369641668e-08,,,nan,2,synthetic_true_func_2d_ntrain1000000,False,NVIDIA A100-SXM4-40GB,,,,,,,,2,1225,72,3,nan,,492.99958372275523,0.0029498772357176655,,,5,352,0.0006123694614930587,0.21555405044555664,1e-05,,,True,[],,,,,,,,,,False,291.0,SE,0.1,1.5,1.0,nan,,3000,eigenpro_pcg_q64,35,292,291,250000,1000000,3000,cufinufft,binned_c1,,,,,,,full_eigenpro,True,0.1,0,,0.004906354883182224,0.30003872467972276,0,,,ok,,0.0006463548184974757,0.1887356070012629,0.00015618840893850413,0.0454508270011047,,,[],,,,,,,,,,,,,,,,,0.2238039219998882,,0.019000430000005508,0.00029018899999755376,0.008866171999898143,0.42272691500011206,,0.6658214560000033,,1e-07,64,80000,v3
1225,,,,,,,,,,,,,,,,,,,,,,,,,,,,,,,,,,,,,group_b,,,,,,group_b,,69,70,8.141401877457741e-08,,,nan,2,synthetic_true_func_2d_ntrain1000000,False,NVIDIA A100-SXM4-40GB,,,,,,,,2,1225,136,3,nan,,23.08665958530066,0.0001380678838858905,,,5,672,0.0006014003867194766,0.40414105987548826,1e-05,,,True,[],,,,,,,,,,False,69.0,SE,0.1,1.5,1.0,nan,,3000,eigenpro_pcg_q128,35,70,69,250000,1000000,3000,cufinufft,binned_c1,,,,,,,full_eigenpro,True,0.1,0,,0.0049064248639491,0.30003872565797535,0,,,ok,,0.0006451204285635218,0.045158429999446525,0.00015825098550548304,0.01091931799987833,,,[],,,,,,,,,,,,,,,,,0.41670156200007114,,0.01912478799999917,0.00029225399998722423,0.008870378999972672,0.10119639899994581,,0.5373150030000033,,1e-07,128,80000,v3
1225,,,,,,,,,,,,,,,,,,,,,,,,,,,,,,,,,,,,,group_b,,,,,,group_b,,4,5,5.567594055169998e-08,,,nan,2,synthetic_true_func_2d_ntrain1000000,False,NVIDIA A100-SXM4-40GB,,,,,,,,2,1225,264,3,nan,,0.2438970332641688,1.4586047842986607e-06,,,5,1312,0.0005982665317814525,0.7849256896972656,1e-05,,,True,[],,,,,,,,,,False,4.0,SE,0.1,1.5,1.0,nan,,3000,eigenpro_pcg_q256,35,5,4,250000,1000000,3000,cufinufft,binned_c1,,,,,,,full_eigenpro,True,0.1,0,,0.004906850449809825,0.30003872627690004,0,,,ok,,0.0006490901999768539,0.0032454509998842695,0.00017148850002968175,0.000685954000118727,,,[],,,,,,,,,,,,,,,,,0.8077260919999389,,0.018526983999890945,0.0002898239999922225,0.008872116000020469,0.006927498000095511,,0.8334703979999176,,1e-07,256,80000,v3
1225,,,,,,,,,,,,,,,,,,,,,,,,,,,,,,,,,,,,,group_b,,,,,,group_b,,3,4,5.899866040291241e-08,,,nan,2,synthetic_true_func_2d_ntrain1000000,False,NVIDIA A100-SXM4-40GB,,,,,,,,2,1225,328,3,nan,,0.22840308720708558,1.36594460079563e-06,,,5,1632,0.0005987325556137983,0.9771315307617188,1e-05,,,True,[],,,,,,,,,,False,3.0,SE,0.1,1.5,1.0,nan,,3000,eigenpro_pcg_q320,35,4,3,250000,1000000,3000,cufinufft,binned_c1,,,,,,,full_eigenpro,True,0.1,0,,0.004904580162913579,0.30003875221105497,0,,,ok,,0.0006467444999884719,0.0025869779999538878,0.0001672210000075817,0.0005016630000227451,,,[],,,,,,,,,,,,,,,,,1.004452700999991,,0.018587211000067327,0.00030385800005205965,0.008922360999804368,0.005442311000024347,,1.0287860810001348,,1e-07,320,80000,v3
1225,,,,,,,,,,,,,,,,,,,,,,,,,,,,,,,,,,,,,group_b,,,,,,group_b,,2,3,9.980893496055884e-08,,,nan,2,synthetic_true_func_2d_ntrain1000000,False,NVIDIA A100-SXM4-40GB,,,,,,,,2,1225,392,3,nan,,0.18681374830355996,1.1172232125509672e-06,,,5,1952,0.0005976230746409932,1.1665602416992187,1e-05,,,True,[],,,,,,,,,,False,2.0,SE,0.1,1.5,1.0,nan,,3000,eigenpro_pcg_q384,35,3,2,250000,1000000,3000,cufinufft,binned_c1,,,,,,,full_eigenpro,True,0.1,0,,0.004904351441731007,0.30003874826239174,0,,,ok,,0.0006387783333442106,0.0019163350000326318,0.000177731999997377,0.000355463999994754,,,[],,,,,,,,,,,,,,,,,1.1987174650000725,,0.018608383000128015,0.00029733499991380086,0.008921270999962871,0.003984036000019842,,1.2216072190001341,,1e-07,384,80000,v3
1225,,,,,,,,,,,,,,,,,,,,,,,,,,,,,,,,,,,,,group_b,,,,,,group_b,,2,3,8.512786886308139e-08,,,nan,2,synthetic_true_func_2d_ntrain1000000,False,NVIDIA A100-SXM4-40GB,,,,,,,,2,1225,456,3,nan,,0.1608619850226897,9.620209717650721e-07,,,5,2272,0.0005954429465280452,1.3528463745117187,1e-05,,,True,[],,,,,,,,,,False,2.0,SE,0.1,1.5,1.0,nan,,3000,eigenpro_pcg_q448,35,3,2,250000,1000000,3000,cufinufft,binned_c1,,,,,,,full_eigenpro,True,0.1,0,,0.00490396787268373,0.3000387604585483,0,,,ok,,0.0006520136666949838,0.0019560410000849515,0.00020080450008208572,0.00040160900016417145,,,[],,,,,,,,,,,,,,,,,1.389631148000035,,0.01885879299993576,0.000298517999908654,0.009104816999979448,0.004084322000153406,,1.4128727810000328,,1e-07,448,80000,v3
1225,expanded_box,topk,512,,512,0,"[12, 12]","[25, 25]",625,topk,512,,512,80000,625,cheap,30,0.01,,,,,,,,,,,,,,,,,chol_solve,20000,group_b,50,diag,0.001,50,auto,group_b,auto,11,12,4.7645299123588824e-08,6250000,,,2,synthetic_true_func_2d_ntrain1000000,False,NVIDIA A100-SXM4-40GB,cheap,0,0,0,0,0,0,2,1225,,,,,,,,,,,,,1e-05,chol_solve,999999.9999978626,True,,nan,0,50,diag,0.001,0,0,0,0,False,11.0,SE,0.1,1.5,1.0,,0,3000,btab_auto_topk_512,35,12,11,250000,1000000,3000,cufinufft,binned_c1,50,11,4.7645299123588824e-08,pcg,converged,11,,True,0.1,0,0.8292947726832934,0.004906499188532662,0.3000387233421121,0,0.1,exact,ok,,0.0006422455000082058,0.007706946000098469,0.0005001745454468288,0.005501919999915117,24.837043976116725,600,,,0.00048021900011008256,4.560036365381331e-05,0.0005016040001919464,4.206918180732993e-05,0.00046276099988062924,0.00031357527274684054,0.003449328000215246,0.010628838999991785,0.008708817000069757,-0.010628838999991785,0.0,0.0016851339998993353,5.531227270694217e-05,0.0006084349997763638,,,7.687599986638816e-05,0.018675072999940312,0.011970109999992928,0.008476036000047316,0.032631264999963605,0.00023488800002269272,0.05130633799990392,0.051383213999770305,1e-07,,80000,v6_btab
1225,expanded_box,topk,1024,,1024,0,"[17, 17]","[35, 35]",1225,topk,1024,,1024,80000,1225,cheap,30,0.01,,,,,,,,,,,,,,,,,chol_solve,20000,group_b,50,diag,0.001,50,auto,group_b,auto,5,6,3.216741425095921e-08,24010000,,,2,synthetic_true_func_2d_ntrain1000000,False,NVIDIA A100-SXM4-40GB,cheap,0,0,0,0,0,0,2,1225,,,,,,,,,,,,,1e-05,chol_solve,999999.9999978626,True,,nan,0,50,diag,0.001,0,0,0,0,False,5.0,SE,0.1,1.5,1.0,,0,3000,btab_auto_topk_1024,35,6,5,250000,1000000,3000,cufinufft,binned_c1,50,5,3.216741425095921e-08,pcg,converged,5,,True,0.1,0,0.0,0.004906518143306751,0.3000387234278732,0,0.1,exact,ok,,0.0006907621667172256,0.004144573000303353,0.0007076333999975759,0.0035381669999878795,0.0,0,,,0.0005132119999871065,1.7448999960834045e-05,8.724499980417022e-05,4.172500007371127e-05,0.00020862500036855636,0.0005480247999457788,0.002740123999728894,0.03759744800004228,0.033760256000050504,-0.03759744800004228,0.0,0.0034006629998657445,5.703459992218995e-05,0.0002851729996109498,,,2.5438999955440522e-05,0.018440649000012854,0.03891548799992961,0.00886132000005091,0.050371633999930054,0.00043652900012602913,0.06881228299994291,0.06883772199989835,1e-07,,80000,v6_btab
1225,expanded_box,topk,256,,256,0,"[9, 9]","[19, 19]",361,topk,256,,256,80000,361,cheap,30,0.01,,cupy,8.686905352477464e-15,1.2026756730628227e-15,320,162,162,,162,64,361,864,370688,1508.9922573796161,15089.92257379616,0.001,boxeig,20000,group_b,50,diag,0.001,50,auto,group_b,boxeig,431,432,8.700276315376432e-08,0,,,2,synthetic_true_func_2d_ntrain1000000,False,NVIDIA A100-SXM4-40GB,cheap,64,0,64,64,0,0,2,1225,,,,,,,8.686905352477464e-15,1.2026756730628227e-15,,,,,1e-05,boxeig,999999.9999978626,True,,nan,0,0,,nan,0,0,0,0,False,431.0,SE,0.1,1.5,1.0,,21904,3000,btab_boxeig_topk_256_q64,35,432,431,250000,1000000,3000,cufinufft,binned_c1,50,431,8.700276315376432e-08,pcg,converged,431,,True,0.1,0,139.9638253434136,0.0049065175589795606,0.3000387246777349,0,0.1,boxeig,ok,,0.0006463868657359879,0.27923912599794676,0.0004342063201882521,0.18714292400113663,4566.586737143604,864,,15089.92257379616,0.00044964599987906695,4.6349529008172716e-05,0.01997664700252244,4.03630069688002e-05,0.017396456003552885,0.0002460363921077608,0.10604168499844491,0.1252600650000204,0.0,0.0,0.0009473050001815864,0.0,5.873993039525771e-05,0.025316910000356074,0.12431275999983882,,0.025765999999975975,0.018559826000000612,0.12610539600018456,0.008935255000096731,0.8692553549999502,0.0,0.8878151809999508,0.9135811809999268,1e-07,,80000,v7_btab_boxeig
1225,expanded_box,topk,512,,512,0,"[12, 12]","[25, 25]",625,topk,512,,512,80000,625,cheap,30,0.01,,cupy,8.372432927946186e-14,2.9027487597065997e-15,640,290,290,,290,128,625,600,1282048,70.92554185810843,709.2554185810843,0.001,boxeig,20000,group_b,50,diag,0.001,50,auto,group_b,boxeig,93,94,9.749672245183357e-08,0,,,2,synthetic_true_func_2d_ntrain1000000,False,NVIDIA A100-SXM4-40GB,cheap,128,0,128,128,0,0,2,1225,,,,,,,8.372432927946186e-14,2.9027487597065997e-15,,,,,1e-05,boxeig,999999.9999978626,True,,nan,0,0,,nan,0,0,0,0,False,93.0,SE,0.1,1.5,1.0,,38416,3000,btab_boxeig_topk_512_q128,35,94,93,250000,1000000,3000,cufinufft,binned_c1,50,93,9.749672245183357e-08,pcg,converged,93,,True,0.1,0,0.8292947726832934,0.004906474793504098,0.30003872462137604,0,0.1,boxeig,ok,,0.0007117243616874552,0.0669020899986208,0.0004734371075203374,0.04402965099939138,24.837043976116725,600,,709.2554185810843,0.0004816870000468043,5.290629032774583e-05,0.004920285000480362,4.266221507135416e-05,0.0039675860016359366,0.000269248344074997,0.02504009599897472,0.2334412379996138,0.0,0.0,0.0009560479998071969,0.0,6.22265053768769e-05,0.005787065000049552,0.2324851899998066,,0.05018936299984489,0.018353396999827964,0.2343352259999847,0.008713955999837708,0.4110510940001859,0.0,0.4294044910000139,0.47959385399985877,1e-07,,80000,v7_btab_boxeig
1225,expanded_box,topk,768,,768,0,"[15, 15]","[31, 31]",961,topk,768,,768,80000,961,cheap,30,0.01,,cupy,2.4173833522496113e-13,3.5007353150280987e-15,640,290,290,,290,128,961,264,1970176,70.92674565565882,709.2674565565882,0.001,boxeig,20000,group_b,50,diag,0.001,50,auto,group_b,boxeig,70,71,9.28133863154403e-08,0,,,2,synthetic_true_func_2d_ntrain1000000,False,NVIDIA A100-SXM4-40GB,cheap,128,0,128,128,0,0,2,1225,,,,,,,2.4173833522496113e-13,3.5007353150280987e-15,,,,,1e-05,boxeig,999999.9999978626,True,,nan,0,0,,nan,0,0,0,0,False,70.0,SE,0.1,1.5,1.0,,59536,3000,btab_boxeig_topk_768_q128,35,71,70,250000,1000000,3000,cufinufft,binned_c1,50,70,9.28133863154403e-08,pcg,converged,70,,True,0.1,0,0.00128933412052064,0.004906237617457784,0.300038725348793,0,0.1,boxeig,ok,,0.0007434223239343596,0.05278298499933953,0.0004854090285594534,0.033978631999161735,0.036414815640196115,264,,709.2674565565882,0.0005034519999753684,5.102265714153223e-05,0.0035715859999072563,4.380445713455369e-05,0.003066311999418758,0.0002788657857016525,0.019520604999115676,0.23517909900010636,0.0,0.0,0.0009440940000331466,0.0,6.344794286568295e-05,0.004441356000597807,0.23423500500007322,,0.051268492999952286,0.018500199999834877,0.2361010360000364,0.008873776999962502,0.3740487210000083,0.0,0.3925489209998432,0.44381741399979546,1e-07,,80000,v7_btab_boxeig
1225,,,,,,,,,,,,,,,,,,,,,,,,,,,,,,,,,,,,,group_b,,,,,,group_b,,2587,2588,9.963364333353043e-08,,,,2,synthetic_true_func_2d_ntrain30000000,False,NVIDIA A100-SXM4-40GB,,,,,,,,2,1225,,,,,,,,,0,0,,,1e-05,,,True,,,,,,,,,,,False,2587.0,SE,0.1,1.5,1.0,,,80000,plain_cg,35,2588,,7500000,30000000,3000,cufinufft,cufinufft,,,,,,,,True,0.1,0,,0.0009846326989823746,0.3000530742020463,0,,,ok,,0.0006308568875555356,1.6326576249937261,,,,,,,,,,,,,,,,,,,,,,,,0.3390057369999795,,0.1603337700000793,2.79646134099994,,3.135467669999798,,1e-07,,80000,v1
1225,,,,,,,,,,,,,,,,,,,,,,,,,,,,,,,,,,,,,group_b,,,,,,group_b,,655,656,9.685463786029072e-08,,,nan,2,synthetic_true_func_2d_ntrain30000000,False,NVIDIA A100-SXM4-40GB,,,,,,,,2,1225,72,3,nan,,14771.804550638364,0.0029456601539551417,,,5,352,0.0005992116277868097,0.21092249298095703,1e-05,,,True,[],,,,,,,,,,False,655.0,SE,0.1,1.5,1.0,nan,,3000,eigenpro_pcg_q64,35,656,655,7500000,30000000,3000,cufinufft,binned_c1,,,,,,,full_eigenpro,True,0.1,0,,0.0010728612716962352,0.3000533306126633,0,,,ok,,0.0006394765914609756,0.41949664399840003,0.0001529497221396319,0.1001820680014589,,,[],,,,,,,,,,,,,,,,,0.2176476960000855,,0.16525802000001022,0.00027398899987929326,0.15372776499998508,0.9374060879999888,,1.3205857929999638,,1e-07,64,80000,v3
1225,,,,,,,,,,,,,,,,,,,,,,,,,,,,,,,,,,,,,group_b,,,,,,group_b,,164,165,7.317599158362583e-08,,,nan,2,synthetic_true_func_2d_ntrain30000000,False,NVIDIA A100-SXM4-40GB,,,,,,,,2,1225,136,3,nan,,688.7604791320418,0.0001372751274240511,,,5,672,0.0005929295335497175,0.3984486465454102,1e-05,,,True,[],,,,,,,,,,False,164.0,SE,0.1,1.5,1.0,nan,,3000,eigenpro_pcg_q128,35,165,164,7500000,30000000,3000,cufinufft,binned_c1,,,,,,,full_eigenpro,True,0.1,0,,0.0010729452309932292,0.30005333125539896,0,,,ok,,0.0006375308060521065,0.10519258299859757,0.0001526306219552791,0.02503142200066577,,,[],,,,,,,,,,,,,,,,,0.40853321200006576,,0.1619947350000075,0.0002994110000145156,0.15347521399985453,0.23455615400007446,,0.8053835120001622,,1e-07,128,80000,v3
1225,,,,,,,,,,,,,,,,,,,,,,,,,,,,,,,,,,,,,group_b,,,,,,group_b,,8,9,8.53172311093207e-08,,,nan,2,synthetic_true_func_2d_ntrain30000000,False,NVIDIA A100-SXM4-40GB,,,,,,,,2,1225,264,3,nan,,2.1069783974417815,4.199361561816226e-07,,,5,1312,0.000599719012655863,0.7868313446044922,1e-05,,,True,[],,,,,,,,,,False,8.0,SE,0.1,1.5,1.0,nan,,3000,eigenpro_pcg_q256,35,9,8,7500000,30000000,3000,cufinufft,binned_c1,,,,,,,full_eigenpro,True,0.1,0,,0.0010757764167302988,0.30005334565775604,0,,,ok,,0.0006437973333201322,0.00579417599988119,0.00015796012499436074,0.001263680999954886,,,[],,,,,,,,,,,,,,,,,0.8048506869999983,,0.16182864600000357,0.0002949330000774353,0.15364309200003845,0.01257395299990094,,0.9795482189999802,,1e-07,256,80000,v3
1225,,,,,,,,,,,,,,,,,,,,,,,,,,,,,,,,,,,,,group_b,,,,,,group_b,,2,3,3.802786714507238e-08,,,nan,2,synthetic_true_func_2d_ntrain30000000,False,NVIDIA A100-SXM4-40GB,,,,,,,,2,1225,328,3,nan,,0.2501490977827452,4.985653897619449e-08,,,5,1632,0.000598001573600021,0.9759385681152344,1e-05,,,True,[],,,,,,,,,,False,2.0,SE,0.1,1.5,1.0,nan,,3000,eigenpro_pcg_q320,35,3,2,7500000,30000000,3000,cufinufft,binned_c1,,,,,,,full_eigenpro,True,0.1,0,,0.0010737104721493809,0.30005334320394,0,,,ok,,0.0006458186667259724,0.0019374560001779173,0.00018432749993735342,0.00036865499987470685,,,[],,,,,,,,,,,,,,,,,0.9974641389999306,,0.16181605500014484,0.00029699900005653035,0.15383662799990816,0.003976730999966094,,1.163553924000098,,1e-07,320,80000,v3
1225,,,,,,,,,,,,,,,,,,,,,,,,,,,,,,,,,,,,,group_b,,,,,,group_b,,2,3,1.450035230174188e-08,,,nan,2,synthetic_true_func_2d_ntrain30000000,False,NVIDIA A100-SXM4-40GB,,,,,,,,2,1225,392,3,nan,,0.25224415950787465,5.027410005269317e-08,,,5,1952,0.0006004479986722352,1.1720744934082032,1e-05,,,True,[],,,,,,,,,,False,2.0,SE,0.1,1.5,1.0,nan,,3000,eigenpro_pcg_q384,35,3,2,7500000,30000000,3000,cufinufft,binned_c1,,,,,,,full_eigenpro,True,0.1,0,,0.0010707966385032493,0.3000533184634369,0,,,ok,,0.0006440646667063751,0.0019321940001191251,0.0002006034999340045,0.000401206999868009,,,[],,,,,,,,,,,,,,,,,1.1975277920000735,,0.1620705589998579,0.00031906599997455487,0.1541164210000261,0.004047598999932234,,1.3639650159998382,,1e-07,384,80000,v3
1225,,,,,,,,,,,,,,,,,,,,,,,,,,,,,,,,,,,,,group_b,,,,,,group_b,,1,2,5.869068025843862e-08,,,nan,2,synthetic_true_func_2d_ntrain30000000,False,NVIDIA A100-SXM4-40GB,,,,,,,,2,1225,456,3,nan,,0.19403029963366958,3.867165335391025e-08,,,5,2272,0.0005999472712127257,1.3630802001953126,1e-05,,,True,[],,,,,,,,,,False,1.0,SE,0.1,1.5,1.0,nan,,3000,eigenpro_pcg_q448,35,2,1,7500000,30000000,3000,cufinufft,binned_c1,,,,,,,full_eigenpro,True,0.1,0,,0.0010789909229338794,0.30005330540262604,0,,,ok,,0.000653232499985279,0.001306464999970558,0.00023038700010147295,0.00023038700010147295,,,[],,,,,,,,,,,,,,,,,1.3919844550000562,,0.16212443600011284,0.000300634999803151,0.15406480299998293,0.0025994270001774566,,1.5570089530001496,,1e-07,448,80000,v3
1225,expanded_box,topk,512,,512,0,"[12, 12]","[25, 25]",625,topk,512,,512,80000,625,cheap,30,0.01,,,,,,,,,,,,,,,,,chol_solve,20000,group_b,50,diag,0.001,50,auto,group_b,auto,36,37,8.604380432653687e-08,6250000,,,2,synthetic_true_func_2d_ntrain30000000,False,NVIDIA A100-SXM4-40GB,cheap,0,0,0,0,0,0,2,1225,,,,,,,,,,,,,1e-05,chol_solve,29999999.999935217,True,,nan,0,50,diag,0.001,0,0,0,0,False,36.0,SE,0.1,1.5,1.0,,0,3000,btab_auto_topk_512,35,37,36,7500000,30000000,3000,cufinufft,binned_c1,50,36,8.604380432653687e-08,pcg,converged,36,,True,0.1,0,24.879391589286882,0.0010710786880468296,0.300053320188498,0,0.1,exact,ok,,0.0006419209188963479,0.023751073999164873,0.0004518462222335984,0.016266464000409542,745.1288808130148,600,,,0.0006266579998737143,4.582530552473448e-05,0.0016497109988904413,4.292586111078991e-05,0.0015453309999884368,0.0002634162777705266,0.009482985999738958,0.010387701000126981,0.008829562000073565,-0.010387701000126981,0.0,0.0013357049999740411,5.688877778690463e-05,0.002047996000328567,,,9.200400018016808e-05,0.1624790400001075,0.011861379000038141,0.15408850800008622,0.07498873899999126,0.00022243400007937453,0.23746777900009874,0.2375597830002789,1e-07,,80000,v6_btab
1225,expanded_box,topk,1024,,1024,0,"[17, 17]","[35, 35]",1225,topk,1024,,1024,80000,1225,cheap,30,0.01,,,,,,,,,,,,,,,,,chol_solve,20000,group_b,50,diag,0.001,50,auto,group_b,auto,3,4,6.713721594966035e-08,24010000,,,2,synthetic_true_func_2d_ntrain30000000,False,NVIDIA A100-SXM4-40GB,cheap,0,0,0,0,0,0,2,1225,,,,,,,,,,,,,1e-05,chol_solve,29999999.999935217,True,,nan,0,50,diag,0.001,0,0,0,0,False,3.0,SE,0.1,1.5,1.0,,0,3000,btab_auto_topk_1024,35,4,3,7500000,30000000,3000,cufinufft,binned_c1,50,3,6.713721594966035e-08,pcg,converged,3,,True,0.1,0,0.0,0.0010710988537777693,0.3000533201983581,0,0.1,exact,ok,,0.000690921499938213,0.002763685999752852,0.0005888406667509116,0.0017665220002527349,0.0,0,,,0.0005413530000168976,1.690899997205027e-05,5.072699991615082e-05,3.680533329012784e-05,0.00011041599987038353,0.000436440666665779,0.0013093219999973371,0.03853789799995866,0.035431783999911204,-0.03853789799995866,0.0,0.002679306000118231,5.594466665570508e-05,0.00016783399996711523,,,2.8469999961089343e-05,0.16213109800014536,0.03986678299997948,0.15307310399998642,0.04676377600003434,0.000426807999929224,0.2088948740001797,0.2089233440001408,1e-07,,80000,v6_btab
1225,expanded_box,topk,256,,256,0,"[9, 9]","[19, 19]",361,topk,256,,256,80000,361,cheap,30,0.01,,cupy,6.4836494175022436e-15,1.152615389836826e-15,320,162,162,,162,64,361,864,370688,45128.52138065576,451285.2138065576,0.001,boxeig,20000,group_b,50,diag,0.001,50,auto,group_b,boxeig,1171,1172,7.66622529122207e-08,0,,,2,synthetic_true_func_2d_ntrain30000000,False,NVIDIA A100-SXM4-40GB,cheap,64,0,64,64,0,0,2,1225,,,,,,,6.4836494175022436e-15,1.152615389836826e-15,,,,,1e-05,boxeig,29999999.999935217,True,,nan,0,0,,nan,0,0,0,0,False,1171.0,SE,0.1,1.5,1.0,,21904,3000,btab_boxeig_topk_256_q64,35,1172,1171,7500000,30000000,3000,cufinufft,binned_c1,50,1171,7.66622529122207e-08,pcg,converged,1171,,True,0.1,0,4198.966259107189,0.0010715971510328937,0.3000533198312953,0,0.1,boxeig,ok,,0.0006431868950502694,0.7538150409989157,0.0004288524184448528,0.5021861819989226,136999.51454168197,864,,451285.2138065576,0.00046062700016591407,4.578118702321642e-05,0.05360977000418643,3.9223771990871017e-05,0.04593103700130996,0.00024394103842842807,0.28565495599968926,0.12394348699990587,0.0,0.0,0.000980262999974002,0.0,5.7838587533206085e-05,0.06772898600138433,0.12296322399993187,,0.028163564999886148,0.16177555800004484,0.1247951320001448,0.15944053300017913,2.1233555219998834,0.0,2.2851310799999283,2.3132946449998144,1e-07,,80000,v7_btab_boxeig
1225,expanded_box,topk,512,,512,0,"[12, 12]","[25, 25]",625,topk,512,,512,80000,625,cheap,30,0.01,,cupy,2.4542794203664826e-13,3.0328368935067166e-15,640,290,290,,290,128,625,600,1282048,2126.7810543543865,21267.810543543863,0.001,boxeig,20000,group_b,50,diag,0.001,50,auto,group_b,boxeig,318,319,8.953011949400917e-08,0,,,2,synthetic_true_func_2d_ntrain30000000,False,NVIDIA A100-SXM4-40GB,cheap,128,0,128,128,0,0,2,1225,,,,,,,2.4542794203664826e-13,3.0328368935067166e-15,,,,,1e-05,boxeig,29999999.999935217,True,,nan,0,0,,nan,0,0,0,0,False,318.0,SE,0.1,1.5,1.0,,38416,3000,btab_boxeig_topk_512_q128,35,319,318,7500000,30000000,3000,cufinufft,binned_c1,50,318,8.953011949400917e-08,pcg,converged,318,,True,0.1,0,24.879391589286882,0.0010719242578520437,0.30005332299967297,0,0.1,boxeig,ok,,0.0006572187084655919,0.2096527680005238,0.0004357250912060511,0.13856057900352425,745.1288808130148,600,,21267.810543543863,0.00048770199987302476,4.7044666671954816e-05,0.014960204001681632,4.0031984271504744e-05,0.012730170998338508,0.0002475716194977629,0.0787277750002886,0.2673230360001071,0.0,0.0,0.0009765170000264334,0.0,5.809147798827211e-05,0.01847309000027053,0.26634651900008066,,0.05146740800000771,0.1783085150000261,0.2682326290000674,0.1541803869999967,0.8224674560001404,0.0,1.0007759710001665,1.0522433790001742,1e-07,,80000,v7_btab_boxeig
1225,expanded_box,topk,768,,768,0,"[15, 15]","[31, 31]",961,topk,768,,768,80000,961,cheap,30,0.01,,cupy,2.8503163924036406e-13,4.844218681462375e-15,640,290,290,,290,128,961,264,1970176,2126.8167269345827,21268.167269345824,0.001,boxeig,20000,group_b,50,diag,0.001,50,auto,group_b,boxeig,203,204,6.681127021676833e-08,0,,,2,synthetic_true_func_2d_ntrain30000000,False,NVIDIA A100-SXM4-40GB,cheap,128,0,128,128,0,0,2,1225,,,,,,,2.8503163924036406e-13,4.844218681462375e-15,,,,,1e-05,boxeig,29999999.999935217,True,,nan,0,0,,nan,0,0,0,0,False,203.0,SE,0.1,1.5,1.0,,59536,3000,btab_boxeig_topk_768_q128,35,204,203,7500000,30000000,3000,cufinufft,binned_c1,50,203,6.681127021676833e-08,pcg,converged,203,,True,0.1,0,0.03868135314816444,0.0010718522338499928,0.300053325203051,0,0.1,boxeig,ok,,0.000675512990197853,0.13780465000036202,0.0004500275271045117,0.09135558800221588,1.0924834656399987,264,,21268.167269345824,0.0005176349998237129,4.8194620694406415e-05,0.009783508000964503,4.069891133216237e-05,0.008261879000428962,0.00025806580788076226,0.05238735899979474,0.23231271099984951,0.0,0.0,0.000957341000002998,0.0,5.934769951591751e-05,0.012047583001731255,0.23135536999984652,,0.05005625500007227,0.16194064100000105,0.23324563799997122,0.15338607400008186,0.5966896139998425,0.0,0.7586302549998436,0.8086865099999159,1e-07,,80000,v7_btab_boxeig
1225,,,,,,,,,,,,,,,,,,,,,,,,,,,,,,,,,,,,,group_b,,,,,,group_b,,2051,2052,8.748508523229145e-08,,,,2,synthetic_true_func_2d_ntrain10000000,False,NVIDIA A100-SXM4-40GB,,,,,,,,2,1225,,,,,,,,,0,0,,,1e-05,,,True,,,,,,,,,,,False,2051.0,SE,0.1,1.5,1.0,,,80000,plain_cg,35,2052,,2500000,10000000,3000,cufinufft,cufinufft,,,,,,,,True,0.1,0,,0.0016421998700184447,0.29995881821507264,0,,,ok,,0.0006301243918114406,1.2930152519970761,,,,,,,,,,,,,,,,,,,,,,,,0.10763169599999856,,0.054451751999977205,2.2137132909999764,,2.3213458320001337,,1e-07,,80000,v1
1225,,,,,,,,,,,,,,,,,,,,,,,,,,,,,,,,,,,,,group_b,,,,,,group_b,,536,537,9.537629804983945e-08,,,nan,2,synthetic_true_func_2d_ntrain10000000,False,NVIDIA A100-SXM4-40GB,,,,,,,,2,1225,72,3,nan,,4926.1186665681025,0.002946950329563079,,,5,352,0.0006179607239636508,0.21752217483520508,1e-05,,,True,[],,,,,,,,,,False,536.0,SE,0.1,1.5,1.0,nan,,3000,eigenpro_pcg_q64,35,537,536,2500000,10000000,3000,cufinufft,binned_c1,,,,,,,full_eigenpro,True,0.1,0,,0.0017023664420535366,0.29995903845795724,0,,,ok,,0.0006443627169428374,0.3460227789983037,0.0001548557164172582,0.0830026639996504,,,[],,,,,,,,,,,,,,,,,0.22526982700014742,,0.07284582900001624,0.00029722299996137735,0.053992045000086364,0.7754882469998847,,1.0739011260000098,,1e-07,64,80000,v3
1225,,,,,,,,,,,,,,,,,,,,,,,,,,,,,,,,,,,,,group_b,,,,,,group_b,,119,120,9.967404409785602e-08,,,nan,2,synthetic_true_func_2d_ntrain10000000,False,NVIDIA A100-SXM4-40GB,,,,,,,,2,1225,136,3,nan,,229.66329604491995,0.00013732009399863678,,,5,672,0.0006071390424455916,0.4079974365234375,1e-05,,,True,[],,,,,,,,,,False,119.0,SE,0.1,1.5,1.0,nan,,3000,eigenpro_pcg_q128,35,120,119,2500000,10000000,3000,cufinufft,binned_c1,,,,,,,full_eigenpro,True,0.1,0,,0.0017037506698684536,0.2999590414112259,0,,,ok,,0.000639490950010213,0.07673891400122557,0.00015383943697707466,0.018306893000271884,,,[],,,,,,,,,,,,,,,,,0.41838320900001236,,0.06638002399995457,0.000293656999929226,0.05269869300013852,0.17159616799995092,,0.6566530579998471,,1e-07,128,80000,v3
1225,,,,,,,,,,,,,,,,,,,,,,,,,,,,,,,,,,,,,group_b,,,,,,group_b,,7,8,6.577438383597472e-08,,,nan,2,synthetic_true_func_2d_ntrain10000000,False,NVIDIA A100-SXM4-40GB,,,,,,,,2,1225,264,3,nan,,0.7562313991675504,4.521648035227558e-07,,,5,1312,0.0006034388309571801,0.7917117462158203,1e-05,,,True,[],,,,,,,,,,False,7.0,SE,0.1,1.5,1.0,nan,,3000,eigenpro_pcg_q256,35,8,7,2500000,10000000,3000,cufinufft,binned_c1,,,,,,,full_eigenpro,True,0.1,0,,0.0017037299466755136,0.2999590433624249,0,,,ok,,0.0006998552499908328,0.0055988419999266625,0.00017400714286200776,0.0012180500000340544,,,[],,,,,,,,,,,,,,,,,0.8098970759999702,,0.0630398430000696,0.00038597599996137433,0.053029513999945266,0.01224838500002079,,0.8855712800000219,,1e-07,256,80000,v3
1225,,,,,,,,,,,,,,,,,,,,,,,,,,,,,,,,,,,,,group_b,,,,,,group_b,,2,3,5.067190392988265e-08,,,nan,2,synthetic_true_func_2d_ntrain10000000,False,NVIDIA A100-SXM4-40GB,,,,,,,,2,1225,328,3,nan,,0.2528599699884855,1.5118967391872115e-07,,,5,1632,0.0006010785944321576,0.9809602661132812,1e-05,,,True,[],,,,,,,,,,False,2.0,SE,0.1,1.5,1.0,nan,,3000,eigenpro_pcg_q320,35,3,2,2500000,10000000,3000,cufinufft,binned_c1,,,,,,,full_eigenpro,True,0.1,0,,0.0016988394331908625,0.29995907152167106,0,,,ok,,0.0006298980000186324,0.001889694000055897,0.00018844149997221393,0.00037688299994442787,,,[],,,,,,,,,,,,,,,,,1.0025819269999374,,0.06279913000003035,0.0003140610001537425,0.052295800000138115,0.00399316999983057,,1.069688287999952,,1e-07,320,80000,v3
1225,,,,,,,,,,,,,,,,,,,,,,,,,,,,,,,,,,,,,group_b,,,,,,group_b,,2,3,1.2930975745515788e-08,,,nan,2,synthetic_true_func_2d_ntrain10000000,False,NVIDIA A100-SXM4-40GB,,,,,,,,2,1225,392,3,nan,,0.2231510289537846,1.3342614611430206e-07,,,5,1952,0.0005963840015598985,1.1641415710449219,1e-05,,,True,[],,,,,,,,,,False,2.0,SE,0.1,1.5,1.0,nan,,3000,eigenpro_pcg_q384,35,3,2,2500000,10000000,3000,cufinufft,binned_c1,,,,,,,full_eigenpro,True,0.1,0,,0.0017022322976705838,0.2999590346370237,0,,,ok,,0.0006402606666900587,0.0019207820000701759,0.00018006300001616182,0.00036012600003232365,,,[],,,,,,,,,,,,,,,,,1.1895298999997976,,0.06225935600014054,0.00029020600004514563,0.05226679499992315,0.003964570000107415,,1.2560440320000907,,1e-07,384,80000,v3
1225,,,,,,,,,,,,,,,,,,,,,,,,,,,,,,,,,,,,,group_b,,,,,,group_b,,2,3,8.833849205058524e-09,,,nan,2,synthetic_true_func_2d_ntrain10000000,False,NVIDIA A100-SXM4-40GB,,,,,,,,2,1225,456,3,nan,,0.18079087713322833,1.0809822433533743e-07,,,5,2272,0.0005936166870761925,1.3486971130371095,1e-05,,,True,[],,,,,,,,,,False,2.0,SE,0.1,1.5,1.0,nan,,3000,eigenpro_pcg_q448,35,3,2,2500000,10000000,3000,cufinufft,binned_c1,,,,,,,full_eigenpro,True,0.1,0,,0.0017022909164577152,0.2999590352197572,0,,,ok,,0.0006404939999811177,0.001921481999943353,0.00018858999999338266,0.0003771799999867653,,,[],,,,,,,,,,,,,,,,,1.381464324000035,,0.06235048899998219,0.0002949320000880107,0.05440487900000335,0.004005847999906109,,1.4481155930000114,,1e-07,448,80000,v3
1225,expanded_box,topk,512,,512,0,"[12, 12]","[25, 25]",625,topk,512,,512,80000,625,cheap,30,0.01,,,,,,,,,,,,,,,,,chol_solve,20000,group_b,50,diag,0.001,50,auto,group_b,auto,24,25,8.669850271054007e-08,6250000,,,2,synthetic_true_func_2d_ntrain10000000,False,NVIDIA A100-SXM4-40GB,cheap,0,0,0,0,0,0,2,1225,,,,,,,,,,,,,1e-05,chol_solve,9999999.999978418,True,,nan,0,50,diag,0.001,0,0,0,0,False,24.0,SE,0.1,1.5,1.0,,0,3000,btab_auto_topk_512,35,25,24,2500000,10000000,3000,cufinufft,binned_c1,50,24,8.669850271054007e-08,pcg,converged,24,,True,0.1,0,8.293116502569706,0.0017026523488764733,0.2999590337788464,0,0.1,exact,ok,,0.0006332346399904054,0.015830865999760135,0.0004929055833618653,0.011829734000684766,248.3758444154172,600,,,0.00047990400003072864,4.574629166616736e-05,0.0010979109999880166,4.228583332140564e-05,0.0010148599997137353,0.0003047613749629363,0.007314272999110472,0.01069544599999972,0.00878717399996276,-0.01069544599999972,0.0,0.0016870810000000347,5.582925003485192e-05,0.001339902000836446,,,7.969300008880964e-05,0.07203460699997777,0.012008671999865328,0.05249186599985478,0.055305793000115955,0.00022119100003692438,0.12734040000009372,0.12742009300018253,1e-07,,80000,v6_btab
1225,expanded_box,topk,1024,,1024,0,"[17, 17]","[35, 35]",1225,topk,1024,,1024,80000,1225,cheap,30,0.01,,,,,,,,,,,,,,,,,chol_solve,20000,group_b,50,diag,0.001,50,auto,group_b,auto,4,5,3.114546136726412e-09,24010000,,,2,synthetic_true_func_2d_ntrain10000000,False,NVIDIA A100-SXM4-40GB,cheap,0,0,0,0,0,0,2,1225,,,,,,,,,,,,,1e-05,chol_solve,9999999.999978418,True,,nan,0,50,diag,0.001,0,0,0,0,False,4.0,SE,0.1,1.5,1.0,,0,3000,btab_auto_topk_1024,35,5,4,2500000,10000000,3000,cufinufft,binned_c1,50,4,3.114546136726412e-09,pcg,converged,4,,True,0.1,0,0.0,0.0017027089708421647,0.29995903391628803,0,0.1,exact,ok,,0.0006822332000865572,0.003411166000432786,0.0005973285000209216,0.0023893140000836866,0.0,0,,,0.0005201550000037969,1.6952000009951007e-05,6.780800003980403e-05,3.604775002941096e-05,0.00014419100011764385,0.0004468752500770279,0.0017875010003081115,0.0376465570000164,0.03445456400004332,-0.0376465570000164,0.0,0.002762453000059395,5.5229250051525014e-05,0.00022091700020610006,,,2.9820999998264597e-05,0.06379811900001187,0.03896247700004096,0.05255336000004718,0.0478890079998564,0.0004295399999136862,0.11168712699986827,0.11171694799986653,1e-07,,80000,v6_btab
1225,expanded_box,topk,256,,256,0,"[9, 9]","[19, 19]",361,topk,256,,256,80000,361,cheap,30,0.01,,cupy,7.55394338546319e-15,1.3493366803331452e-15,320,162,162,,162,64,361,864,370688,15047.147585016988,150471.47585016987,0.001,boxeig,20000,group_b,50,diag,0.001,50,auto,group_b,boxeig,789,790,9.542270689565473e-08,0,,,2,synthetic_true_func_2d_ntrain10000000,False,NVIDIA A100-SXM4-40GB,cheap,64,0,64,64,0,0,2,1225,,,,,,,7.55394338546319e-15,1.3493366803331452e-15,,,,,1e-05,boxeig,9999999.999978418,True,,nan,0,0,,nan,0,0,0,0,False,789.0,SE,0.1,1.5,1.0,,21904,3000,btab_boxeig_topk_256_q64,35,790,789,2500000,10000000,3000,cufinufft,binned_c1,50,789,9.542270689565473e-08,pcg,converged,789,,True,0.1,0,1399.6541024726862,0.00170225364228528,0.29995903521128753,0,0.1,boxeig,ok,,0.0006375427037972236,0.5036587359998066,0.00042929562356994617,0.3387142469966875,45666.455931363096,864,,150471.47585016987,0.000434021000046414,4.571446261419421e-05,0.03606871100259923,3.9339968316025884e-05,0.031039235001344423,0.0002449604207845051,0.19327377199897455,0.12356398199995056,0.0,0.0,0.0009641070000725449,0.0,5.705622180203286e-05,0.045017359001803925,0.12259987499987801,,0.02580636599986974,0.062486393999961365,0.12439293199986423,0.05240828099999817,1.466657380000015,0.0,1.5291437739999765,1.5549501399998462,1e-07,,80000,v7_btab_boxeig
1225,expanded_box,topk,512,,512,0,"[12, 12]","[25, 25]",625,topk,512,,512,80000,625,cheap,30,0.01,,cupy,2.6152395782203827e-13,3.320969080501934e-15,640,290,290,,290,128,625,600,1282048,708.6437745357794,7086.437745357794,0.001,boxeig,20000,group_b,50,diag,0.001,50,auto,group_b,boxeig,220,221,8.150611081771216e-08,0,,,2,synthetic_true_func_2d_ntrain10000000,False,NVIDIA A100-SXM4-40GB,cheap,128,0,128,128,0,0,2,1225,,,,,,,2.6152395782203827e-13,3.320969080501934e-15,,,,,1e-05,boxeig,9999999.999978418,True,,nan,0,0,,nan,0,0,0,0,False,220.0,SE,0.1,1.5,1.0,,38416,3000,btab_boxeig_topk_512_q128,35,221,220,2500000,10000000,3000,cufinufft,binned_c1,50,220,8.150611081771216e-08,pcg,converged,220,,True,0.1,0,8.293116502569706,0.0017025636057803096,0.2999590365223479,0,0.1,boxeig,ok,,0.0006609155656173556,0.1460623400014356,0.00045262444090419444,0.09957737699892277,248.3758444154172,600,,7086.437745357794,0.0004648680001082539,4.7268472732494875e-05,0.010399064001148872,4.1064163636664574e-05,0.009034116000066206,0.00026098365909878006,0.05741640500173162,0.9678664989999106,0.0,0.0,0.000972667999803889,0.0,6.031355454648623e-05,0.01326898200022697,0.9668938310001067,,0.0503687710001941,0.062433642000087275,0.9687782129999505,0.054620048000060706,1.3590182739999364,0.0,1.4214519160000236,1.4718206870002177,1e-07,,80000,v7_btab_boxeig
1225,expanded_box,topk,768,,768,0,"[15, 15]","[31, 31]",961,topk,768,,768,80000,961,cheap,30,0.01,,cupy,3.3739519027927284e-13,2.931921387222488e-15,640,290,290,,290,128,961,264,1970176,708.6556890574265,7086.556890574264,0.001,boxeig,20000,group_b,50,diag,0.001,50,auto,group_b,boxeig,143,144,5.919283677890741e-08,0,,,2,synthetic_true_func_2d_ntrain10000000,False,NVIDIA A100-SXM4-40GB,cheap,128,0,128,128,0,0,2,1225,,,,,,,3.3739519027927284e-13,2.931921387222488e-15,,,,,1e-05,boxeig,9999999.999978418,True,,nan,0,0,,nan,0,0,0,0,False,143.0,SE,0.1,1.5,1.0,,59536,3000,btab_boxeig_topk_768_q128,35,144,143,2500000,10000000,3000,cufinufft,binned_c1,50,143,5.919283677890741e-08,pcg,converged,143,,True,0.1,0,0.012893750375761525,0.0017023265507146103,0.2999590383501927,0,0.1,boxeig,ok,,0.0008050465972218035,0.1159267099999397,0.0005154683216749783,0.0737119699995219,0.36416015775670874,264,,7086.556890574264,0.0005207760000303097,5.014667833127571e-05,0.007170975001372426,5.4459552459845254e-05,0.007787716001757872,0.0002860504964939753,0.04090522099863847,0.6338162290001037,0.0,0.0,0.0009688420000202314,0.0,7.652316083237622e-05,0.0109428119990298,0.6328473870000835,,0.05113383800016891,0.07217208399993069,0.6347800020000705,0.05367887700003848,0.9525891480000155,0.0,1.0247612319999462,1.075895070000115,1e-07,,80000,v7_btab_boxeig
1225,,,,,,,,,,,,,,,,,,,,,,,,,,,,,,,,,,,,,group_b,,,,,,group_b,,5711,5712,9.15590000309891e-08,,,,2,USGS_LPC_IL_Winnebago_2018_ground_elevation_regression_ntrain300000000,False,NVIDIA A100-SXM4-40GB,,,,,,,,2,1225,,,,,,,,,0,0,,,1e-05,,,True,,,,,,,,,,,False,5711.0,SE,0.1,1.5,1.0,,,80000,plain_cg,35,5712,,75000000,300000000,3000,cufinufft,cufinufft,,,,,,,,True,0.1,0,,0.3562645925057802,0.3562631603872868,0,,,ok,,0.0006242780565470007,3.565876258996468,,,,,,,,,,,,,,,,,,,,,,,,4.699225067000043,,1.6605421360000037,6.103585392000014,,10.802811197999972,,1e-07,,80000,v1
1225,,,,,,,,,,,,,,,,,,,,,,,,,,,,,,,,,,,,,group_b,,,,,,group_b,,175,176,9.416953122863673e-08,,,nan,2,USGS_LPC_IL_Winnebago_2018_ground_elevation_regression_ntrain300000000,False,NVIDIA A100-SXM4-40GB,,,,,,,,2,1225,72,3,nan,,53.58461143761941,5.28991698937386e-07,,,5,352,0.0006039680025794289,0.212596736907959,1e-05,,,True,[],,,,,,,,,,False,175.0,SE,0.1,1.5,1.0,nan,,3000,eigenpro_pcg_q64,35,176,175,75000000,300000000,3000,cufinufft,binned_c1,,,,,,,full_eigenpro,True,0.1,0,,0.35615984093898734,0.35615873769225204,0,,,ok,,0.0006390288011343417,0.11246906899964415,0.00015441163428996723,0.027022036000744265,,,[],,,,,,,,,,,,,,,,,0.21961957500002427,,1.7654430259999572,0.0002895759998864378,1.665883213999905,0.252333149000151,,2.237685326000019,,1e-07,64,80000,v3
1225,,,,,,,,,,,,,,,,,,,,,,,,,,,,,,,,,,,,,group_b,,,,,,group_b,,11,12,5.816347801047006e-08,,,nan,2,USGS_LPC_IL_Winnebago_2018_ground_elevation_regression_ntrain300000000,False,NVIDIA A100-SXM4-40GB,,,,,,,,2,1225,136,3,nan,,0.09424383628385025,9.303829160261864e-10,,,5,672,0.0005907169637225923,0.396961799621582,1e-05,,,True,[],,,,,,,,,,False,11.0,SE,0.1,1.5,1.0,nan,,3000,eigenpro_pcg_q128,35,12,11,75000000,300000000,3000,cufinufft,binned_c1,,,,,,,full_eigenpro,True,0.1,0,,0.3561589527062194,0.3561578211333481,0,,,ok,,0.0006265099166663882,0.007518118999996659,0.0001582478181386581,0.0017407259995252389,,,[],,,,,,,,,,,,,,,,,0.4069748530000652,,1.7643833149998045,0.00028195699997013435,1.658958594999831,0.0165844980001566,,2.1882246229999964,,1e-07,128,80000,v3
1225,,,,,,,,,,,,,,,,,,,,,,,,,,,,,,,,,,,,,group_b,,,,,,group_b,,6,7,4.335467345665973e-08,,,nan,2,USGS_LPC_IL_Winnebago_2018_ground_elevation_regression_ntrain300000000,False,NVIDIA A100-SXM4-40GB,,,,,,,,2,1225,264,3,nan,,0.1181423183605015,1.1663106999515585e-09,,,5,1312,0.000590733272273366,0.7750420532226563,1e-05,,,True,[],,,,,,,,,,False,6.0,SE,0.1,1.5,1.0,nan,,3000,eigenpro_pcg_q256,35,7,6,75000000,300000000,3000,cufinufft,binned_c1,,,,,,,full_eigenpro,True,0.1,0,,0.35615900924378174,0.3561578790090422,0,,,ok,,0.000632664000022487,0.004428648000157409,0.0001579794999694665,0.0009478769998167991,,,[],,,,,,,,,,,,,,,,,0.7930162080001537,,1.7643593519999285,0.00028746099997079,1.6695821430000706,0.009609655999838651,,2.5672726769998917,,1e-07,256,80000,v3
1225,,,,,,,,,,,,,,,,,,,,,,,,,,,,,,,,,,,,,group_b,,,,,,group_b,,6,7,8.81363609613988e-09,,,nan,2,USGS_LPC_IL_Winnebago_2018_ground_elevation_regression_ntrain300000000,False,NVIDIA A100-SXM4-40GB,,,,,,,,2,1225,328,3,nan,,0.10209641932131414,1.0079042627032144e-09,,,5,1632,0.0006090102008744783,0.9939046478271485,1e-05,,,True,[],,,,,,,,,,False,6.0,SE,0.1,1.5,1.0,nan,,3000,eigenpro_pcg_q320,35,7,6,75000000,300000000,3000,cufinufft,binned_c1,,,,,,,full_eigenpro,True,0.1,0,,0.3561590327569536,0.35615790273662645,0,,,ok,,0.0006481497142820965,0.004537047999974675,0.00016896349999721375,0.0010137809999832825,,,[],,,,,,,,,,,,,,,,,1.01553078500001,,1.764405140000008,0.0003151109999635082,1.6732136780001383,0.00983172399992327,,2.7900827599999047,,1e-07,320,80000,v3
1225,,,,,,,,,,,,,,,,,,,,,,,,,,,,,,,,,,,,,group_b,,,,,,group_b,,4,5,1.9885863731562077e-08,,,nan,2,USGS_LPC_IL_Winnebago_2018_ground_elevation_regression_ntrain300000000,False,NVIDIA A100-SXM4-40GB,,,,,,,,2,1225,392,3,nan,,0.09001798695924382,8.88664983349157e-10,,,5,1952,0.0006014704235264513,1.174070266723633,1e-05,,,True,[],,,,,,,,,,False,4.0,SE,0.1,1.5,1.0,nan,,3000,eigenpro_pcg_q384,35,5,4,75000000,300000000,3000,cufinufft,binned_c1,,,,,,,full_eigenpro,True,0.1,0,,0.35615901435791486,0.3561578831334914,0,,,ok,,0.0006402294000054098,0.003201147000027049,0.0001662479999140487,0.0006649919996561948,,,[],,,,,,,,,,,,,,,,,1.1994212580000294,,1.765053523000006,0.0003015819997926883,1.6766223089998675,0.006943699000203196,,2.9717200620000312,,1e-07,384,80000,v3
1225,,,,,,,,,,,,,,,,,,,,,,,,,,,,,,,,,,,,,group_b,,,,,,group_b,,5,6,4.1292027004971947e-08,,,nan,2,USGS_LPC_IL_Winnebago_2018_ground_elevation_regression_ntrain300000000,False,NVIDIA A100-SXM4-40GB,,,,,,,,2,1225,456,3,nan,,0.08094831015517161,7.991283867385015e-10,,,5,2272,0.0006001807199397558,1.363610595703125,1e-05,,,True,[],,,,,,,,,,False,5.0,SE,0.1,1.5,1.0,nan,,3000,eigenpro_pcg_q448,35,6,5,75000000,300000000,3000,cufinufft,binned_c1,,,,,,,full_eigenpro,True,0.1,0,,0.3561590149417046,0.3561578847731442,0,,,ok,,0.0006434275000325821,0.0038605650001954928,0.00016540740002710664,0.0008270370001355332,,,[],,,,,,,,,,,,,,,,,1.3924456310001005,,1.7638341509998554,0.00031298099997911777,1.668493849000015,0.00828760800004602,,3.164880370999981,,1e-07,448,80000,v3
1225,expanded_box,topk,512,,512,0,"[12, 12]","[25, 25]",625,topk,512,,512,80000,625,cheap,30,0.01,,,,,,,,,,,,,,,,,chol_solve,20000,group_b,50,diag,0.001,50,auto,group_b,auto,3000,3001,0.0025889337811863316,6250000,,,2,USGS_LPC_IL_Winnebago_2018_ground_elevation_regression_ntrain300000000,False,NVIDIA A100-SXM4-40GB,cheap,0,0,0,0,0,0,2,1225,,,,,,,,,,,,,1e-05,chol_solve,299999999.99975467,True,,nan,0,50,diag,0.001,0,0,0,0,False,3000.0,SE,0.1,1.5,1.0,,0,3000,btab_auto_topk_512,35,3001,3001,75000000,300000000,3000,cufinufft,binned_c1,50,3000,0.0025889337811863316,pcg,maxiter,3001,,True,0.1,0,248.79414196834745,0.3593830988398648,0.35937393490257785,0,0.1,exact,ok,,0.0006345806661132569,1.9043765790058842,0.0004761279236902567,1.4288598989944603,7451.296047682936,600,,,0.0006987060000938072,4.582292169289758e-05,0.13751458800038563,4.200433588903949e-05,0.1260550120030075,0.0002876526844343678,0.8632457059875378,0.01050239099981809,0.008883044999947742,-0.01050239099981809,0.0,0.0013645629999246012,5.720437754082746e-05,0.1716703370000232,,,0.00014252599999053928,1.7643540669998856,0.012082320999979856,1.6713501219999216,5.2328968410001835,0.00025478299994574627,6.997250908000069,6.99739343400006,1e-07,,80000,v6_btab
1225,expanded_box,topk,1024,,1024,0,"[17, 17]","[35, 35]",1225,topk,1024,,1024,80000,1225,cheap,30,0.01,,,,,,,,,,,,,,,,,chol_solve,20000,group_b,50,diag,0.001,50,auto,group_b,auto,3000,3001,0.001566870520812652,24010000,,,2,USGS_LPC_IL_Winnebago_2018_ground_elevation_regression_ntrain300000000,False,NVIDIA A100-SXM4-40GB,cheap,0,0,0,0,0,0,2,1225,,,,,,,,,,,,,1e-05,chol_solve,299999999.99975467,True,,nan,0,50,diag,0.001,0,0,0,0,False,3000.0,SE,0.1,1.5,1.0,,0,3000,btab_auto_topk_1024,35,3001,3001,75000000,300000000,3000,cufinufft,binned_c1,50,3000,0.001566870520812652,pcg,maxiter,3001,,True,0.1,0,0.0,0.3592857235506271,0.35927983664689955,0,0.1,exact,ok,,0.0006373158413864772,1.912584840000818,0.0006717515404863385,2.015926372999502,0.0,0,,,0.0005584539999290428,1.7410495832681477e-05,0.05224889799387711,3.884280606290255e-05,0.11656726099477055,0.0005154951449485656,1.547000929990645,0.03776065000010931,0.03464460500003952,-0.03776065000010931,0.0,0.0026770680001391156,5.740767577525473e-05,0.17228043500153944,,,5.270799988466024e-05,1.7644645440000204,0.039125744000102713,1.670036206000077,5.879586793000044,0.00043897699993067363,7.6440513370000644,7.644104044999949,1e-07,,80000,v6_btab
1225,expanded_box,topk,256,,256,0,"[9, 9]","[19, 19]",361,topk,256,,256,80000,361,cheap,30,0.01,,cupy,2.1275993919086513e-12,3.808668755441959e-14,320,162,162,,162,64,361,864,370688,1070.6235271460707,10706.235271460706,0.001,boxeig,20000,group_b,50,diag,0.001,50,auto,group_b,boxeig,2859,2860,8.798165012172947e-08,0,,,2,USGS_LPC_IL_Winnebago_2018_ground_elevation_regression_ntrain300000000,False,NVIDIA A100-SXM4-40GB,cheap,64,0,64,64,0,0,2,1225,,,,,,,2.1275993919086513e-12,3.808668755441959e-14,,,,,1e-05,boxeig,299999999.99975467,True,,nan,0,0,,nan,0,0,0,0,False,2859.0,SE,0.1,1.5,1.0,,21904,3000,btab_boxeig_topk_256_q64,35,2860,2859,75000000,300000000,3000,cufinufft,binned_c1,50,2859,8.798165012172947e-08,pcg,converged,2859,,True,0.1,0,41989.68382080204,0.3561589779258707,0.35615784775673875,0,0.1,boxeig,ok,,0.0006346156202822557,1.8150006740072513,0.0004278283630623408,1.2231612899952324,1369995.933791377,864,,10706.235271460706,0.0004934099999900354,4.594365582173028e-05,0.13135291199432686,3.952181846644129e-05,0.11299287899555566,0.00024267180762533021,0.6937986980008191,0.12701269399985904,0.0,0.0,0.000986049999937677,0.0,5.761071563339763e-05,0.16470903599588382,0.12602664399992136,,0.026443190999998478,1.764135152000108,0.1279328099999475,1.660072540000101,4.963767705000009,0.0,6.727902857000117,6.754346048000116,1e-07,,80000,v7_btab_boxeig
1225,expanded_box,topk,512,,512,0,"[12, 12]","[25, 25]",625,topk,512,,512,80000,625,cheap,30,0.01,,cupy,1.6486321403411282e-08,2.409245516943436e-12,640,290,290,,290,128,625,600,1282048,0.6007857266546789,6.007857266546789,0.001,boxeig,20000,group_b,50,diag,0.001,50,auto,group_b,boxeig,340,341,9.981362136383902e-08,0,,,2,USGS_LPC_IL_Winnebago_2018_ground_elevation_regression_ntrain300000000,False,NVIDIA A100-SXM4-40GB,cheap,128,0,128,128,0,0,2,1225,,,,,,,1.6486321403411282e-08,2.409245516943436e-12,,,,,1e-05,boxeig,299999999.99975467,True,,nan,0,0,,nan,0,0,0,0,False,340.0,SE,0.1,1.5,1.0,,38416,3000,btab_boxeig_topk_512_q128,35,341,340,75000000,300000000,3000,cufinufft,binned_c1,50,340,9.981362136383902e-08,pcg,converged,340,,True,0.1,0,248.79414196834745,0.35615906694598864,0.3561579368564469,0,0.1,boxeig,ok,,0.0006527458914910488,0.22258634899844765,0.0004317483617582826,0.14679444299781608,7451.296047682936,600,,6.007857266546789,0.00048210699992523587,4.614207647564934e-05,0.015688306001720775,4.015417941298652e-05,0.013652421000415416,0.0002456341941129882,0.083515625998416,0.23110958999996,0.0,0.0,0.0009730320000471693,0.0,5.789877352660423e-05,0.019685582999045437,0.23013655799991284,,0.05091855799992118,1.764326310000115,0.23204120299988062,1.669994541000051,0.8202451089998704,0.0,2.5845714189999853,2.6354899769999065,1e-07,,80000,v7_btab_boxeig
1225,expanded_box,topk,768,,768,0,"[15, 15]","[31, 31]",961,topk,768,,768,80000,961,cheap,30,0.01,,cupy,1.4097316120709782e-08,1.626678803778332e-12,640,290,290,,290,128,961,264,1970176,0.7863207293005587,7.863207293005587,0.001,boxeig,20000,group_b,50,diag,0.001,50,auto,group_b,boxeig,26,27,8.542675525618137e-08,0,,,2,USGS_LPC_IL_Winnebago_2018_ground_elevation_regression_ntrain300000000,False,NVIDIA A100-SXM4-40GB,cheap,128,0,128,128,0,0,2,1225,,,,,,,1.4097316120709782e-08,1.626678803778332e-12,,,,,1e-05,boxeig,299999999.99975467,True,,nan,0,0,,nan,0,0,0,0,False,26.0,SE,0.1,1.5,1.0,,59536,3000,btab_boxeig_topk_768_q128,35,27,26,75000000,300000000,3000,cufinufft,binned_c1,50,26,8.542675525618137e-08,pcg,converged,26,,True,0.1,0,0.38681407957002933,0.3561590499055587,0.3561579197958252,0,0.1,boxeig,ok,,0.0007750354074300116,0.020925956000610313,0.0005062475769189125,0.013162436999891725,10.924850732356767,264,,7.863207293005587,0.0006395749999228428,5.316261537630523e-05,0.001382227999783936,4.4990076931893644e-05,0.0011697420002292347,0.0002928289999842421,0.0076135539995902946,0.25414685200007625,0.0,0.0,0.0009761920000528335,0.0,6.571011538024043e-05,0.001708462999886251,0.2531706600000234,,0.05103101200006677,1.7654249889999392,0.2552166359998864,1.683605671000123,0.30982752999989316,0.0,2.0752525189998323,2.126283530999899,1e-07,,80000,v7_btab_boxeig
1225,,,,,,,,,,,,,,,,,,,,,,,,,,,,,,,,,,,,,group_b,,,,,,group_b,,3598,3599,9.919592020312224e-08,,,,2,USGS_LPC_IL_Winnebago_2018_ground_elevation_regression_ntrain100000000,False,NVIDIA A100-SXM4-40GB,,,,,,,,2,1225,,,,,,,,,0,0,,,1e-05,,,True,,,,,,,,,,,False,3598.0,SE,0.1,1.5,1.0,,,80000,plain_cg,35,3599,,25000000,100000000,3000,cufinufft,cufinufft,,,,,,,,True,0.1,0,,0.3646642417597868,0.36463275391330446,0,,,ok,,0.0006201295173670341,2.2318461330039554,,,,,,,,,,,,,,,,,,,,,,,,1.0676235139999335,,0.5457001180000134,3.8231174709999323,,4.890741690999903,,1e-07,,80000,v1
1225,,,,,,,,,,,,,,,,,,,,,,,,,,,,,,,,,,,,,group_b,,,,,,group_b,,130,131,9.796731109101224e-08,,,nan,2,USGS_LPC_IL_Winnebago_2018_ground_elevation_regression_ntrain100000000,False,NVIDIA A100-SXM4-40GB,,,,,,,,2,1225,72,3,nan,,17.880798999273587,5.295603728550444e-07,,,5,352,0.0006034007397564974,0.2123970603942871,1e-05,,,True,[],,,,,,,,,,False,130.0,SE,0.1,1.5,1.0,nan,,3000,eigenpro_pcg_q64,35,131,130,25000000,100000000,3000,cufinufft,binned_c1,,,,,,,full_eigenpro,True,0.1,0,,0.36456358905273384,0.3645336449428591,0,,,ok,,0.0006358884885431848,0.0833013919991572,0.00015282145384389877,0.01986678899970684,,,[],,,,,,,,,,,,,,,,,0.21921022899982745,,0.5129322120001234,0.0002936570001565997,0.5235185290000572,0.18613707999998041,,0.9185731780000879,,1e-07,64,80000,v3
1225,,,,,,,,,,,,,,,,,,,,,,,,,,,,,,,,,,,,,group_b,,,,,,group_b,,8,9,6.948460128134116e-08,,,nan,2,USGS_LPC_IL_Winnebago_2018_ground_elevation_regression_ntrain100000000,False,NVIDIA A100-SXM4-40GB,,,,,,,,2,1225,136,3,nan,,0.12315030883865513,3.647237656075053e-09,,,5,672,0.0005970727602640788,0.40123289489746095,1e-05,,,True,[],,,,,,,,,,False,8.0,SE,0.1,1.5,1.0,nan,,3000,eigenpro_pcg_q128,35,9,8,25000000,100000000,3000,cufinufft,binned_c1,,,,,,,full_eigenpro,True,0.1,0,,0.36456330611112836,0.3645333594517834,0,,,ok,,0.0006481609999708679,0.005833448999737811,0.00016581475003363266,0.0013265180002690613,,,[],,,,,,,,,,,,,,,,,0.41126256899997315,,0.512632898999982,0.00029926100000920997,0.5269360000002052,0.012900821999892287,,0.9370955509998566,,1e-07,128,80000,v3
1225,,,,,,,,,,,,,,,,,,,,,,,,,,,,,,,,,,,,,group_b,,,,,,group_b,,6,7,3.914942780772217e-08,,,nan,2,USGS_LPC_IL_Winnebago_2018_ground_elevation_regression_ntrain100000000,False,NVIDIA A100-SXM4-40GB,,,,,,,,2,1225,264,3,nan,,0.1235946006208944,3.6603958668318787e-09,,,5,1312,0.0006079656438129704,0.7976509246826172,1e-05,,,True,[],,,,,,,,,,False,6.0,SE,0.1,1.5,1.0,nan,,3000,eigenpro_pcg_q256,35,7,6,25000000,100000000,3000,cufinufft,binned_c1,,,,,,,full_eigenpro,True,0.1,0,,0.364563313553511,0.3645333667006758,0,,,ok,,0.0006491635713895708,0.004544144999726996,0.0001639758333643234,0.0009838550001859403,,,[],,,,,,,,,,,,,,,,,0.8157253790000141,,0.5126878890000626,0.0003126270000848308,0.5268294279999282,0.009873156999901767,,1.3385990520000632,,1e-07,256,80000,v3
1225,,,,,,,,,,,,,,,,,,,,,,,,,,,,,,,,,,,,,group_b,,,,,,group_b,,5,6,8.888537516327849e-08,,,nan,2,USGS_LPC_IL_Winnebago_2018_ground_elevation_regression_ntrain100000000,False,NVIDIA A100-SXM4-40GB,,,,,,,,2,1225,328,3,nan,,0.10587069691007087,3.1354821281951678e-09,,,5,1632,0.0005961756893232758,0.972958724975586,1e-05,,,True,[],,,,,,,,,,False,5.0,SE,0.1,1.5,1.0,nan,,3000,eigenpro_pcg_q320,35,6,5,25000000,100000000,3000,cufinufft,binned_c1,,,,,,,full_eigenpro,True,0.1,0,,0.36456328316493536,0.36453333666273574,0,,,ok,,0.0006305316666915436,0.0037831900001492613,0.00015810760000931623,0.0007905380000465811,,,[],,,,,,,,,,,,,,,,,0.9945535839999593,,0.5124053130000448,0.00028201200007060834,0.5228657200000271,0.008230956000033984,,1.5154718650001087,,1e-07,320,80000,v3
1225,,,,,,,,,,,,,,,,,,,,,,,,,,,,,,,,,,,,,group_b,,,,,,group_b,,4,5,3.818913412945653e-08,,,nan,2,USGS_LPC_IL_Winnebago_2018_ground_elevation_regression_ntrain100000000,False,NVIDIA A100-SXM4-40GB,,,,,,,,2,1225,392,3,nan,,0.09521014182664088,2.819757561187473e-09,,,5,1952,0.0005929951433275567,1.1575265197753906,1e-05,,,True,[],,,,,,,,,,False,4.0,SE,0.1,1.5,1.0,nan,,3000,eigenpro_pcg_q384,35,5,4,25000000,100000000,3000,cufinufft,binned_c1,,,,,,,full_eigenpro,True,0.1,0,,0.36456339905649676,0.36453345238932283,0,,,ok,,0.0006521580000026006,0.003260790000013003,0.00017781674989691965,0.0007112669995876786,,,[],,,,,,,,,,,,,,,,,1.1828276930000357,,0.512667558999965,0.0003131409998786694,0.5240623249999317,0.006982451000112633,,1.702790843999992,,1e-07,384,80000,v3
1225,,,,,,,,,,,,,,,,,,,,,,,,,,,,,,,,,,,,,group_b,,,,,,group_b,,4,5,3.297884753627751e-08,,,nan,2,USGS_LPC_IL_Winnebago_2018_ground_elevation_regression_ntrain100000000,False,NVIDIA A100-SXM4-40GB,,,,,,,,2,1225,456,3,nan,,0.08479751415522817,2.5113756488723253e-09,,,5,2272,0.0005980475385424117,1.3587640075683594,1e-05,,,True,[],,,,,,,,,,False,4.0,SE,0.1,1.5,1.0,nan,,3000,eigenpro_pcg_q448,35,5,4,25000000,100000000,3000,cufinufft,binned_c1,,,,,,,full_eigenpro,True,0.1,0,,0.36456340566439016,0.3645334592034204,0,,,ok,,0.0006261741999878722,0.0031308709999393614,0.00016834099994866847,0.0006733639997946739,,,[],,,,,,,,,,,,,,,,,1.3875477349999983,,0.5126688880000074,0.0003076520001741301,0.520374941,0.006744025999978476,,1.9072683010001583,,1e-07,448,80000,v3
1225,expanded_box,topk,512,,512,0,"[12, 12]","[25, 25]",625,topk,512,,512,80000,625,cheap,30,0.01,,,,,,,,,,,,,,,,,chol_solve,20000,group_b,50,diag,0.001,50,auto,group_b,auto,3000,3001,0.0010039197369861648,6250000,,,2,USGS_LPC_IL_Winnebago_2018_ground_elevation_regression_ntrain100000000,False,NVIDIA A100-SXM4-40GB,cheap,0,0,0,0,0,0,2,1225,,,,,,,,,,,,,1e-05,chol_solve,99999999.99991828,True,,nan,0,50,diag,0.001,0,0,0,0,False,3000.0,SE,0.1,1.5,1.0,,0,3000,btab_auto_topk_512,35,3001,3001,25000000,100000000,3000,cufinufft,binned_c1,50,3000,0.0010039197369861648,pcg,maxiter,3001,,True,0.1,0,82.93138065611586,0.3671507184319714,0.367108128348408,0,0.1,exact,ok,,0.0006311144208604542,1.8939743770022233,0.0004741281442855786,1.4228585610010214,2483.7653492276468,600,,,0.0004989660001228913,4.533408297360922e-05,0.13604758300380126,4.190896334663568e-05,0.12576879900325366,0.00028662151782740935,0.8601511750000554,0.010383654999941427,0.008790629000031913,-0.010383654999941427,0.0,0.0013567339999553951,5.666501499267041e-05,0.1700517099930039,,,0.0001095420000183367,0.5127570419999756,0.011747448000051008,0.5265141680001761,5.201687472999993,0.0002362919999541191,5.714444514999968,5.714554056999987,1e-07,,80000,v6_btab
1225,expanded_box,topk,1024,,1024,0,"[17, 17]","[35, 35]",1225,topk,1024,,1024,80000,1225,cheap,30,0.01,,,,,,,,,,,,,,,,,chol_solve,20000,group_b,50,diag,0.001,50,auto,group_b,auto,3000,3001,0.00039067670131742683,24010000,,,2,USGS_LPC_IL_Winnebago_2018_ground_elevation_regression_ntrain100000000,False,NVIDIA A100-SXM4-40GB,cheap,0,0,0,0,0,0,2,1225,,,,,,,,,,,,,1e-05,chol_solve,99999999.99991828,True,,nan,0,50,diag,0.001,0,0,0,0,False,3000.0,SE,0.1,1.5,1.0,,0,3000,btab_auto_topk_1024,35,3001,3001,25000000,100000000,3000,cufinufft,binned_c1,50,3000,0.00039067670131742683,pcg,maxiter,3001,,True,0.1,0,0.0,0.36728419686953695,0.3672430448940391,0,0.1,exact,ok,,0.000631030532491057,1.893722628005662,0.0006690732192577776,2.0078887309925904,0.0,0,,,0.0005483480001657881,1.7142067310538534e-05,0.05144334399892614,3.805931489295593e-05,0.11421600399376075,0.0005146747164279426,1.5445388240002558,0.037240426999915144,0.034144229000048654,-0.037240426999915144,0.0,0.002668218999815508,5.689871809063449e-05,0.1707530529899941,,,3.6328000078356126e-05,0.5128040190002139,0.03861228599998867,0.5190786110001682,5.826915522999798,0.000427979000050982,6.339719542000012,6.33975587000009,1e-07,,80000,v6_btab
1225,expanded_box,topk,256,,256,0,"[9, 9]","[19, 19]",361,topk,256,,256,80000,361,cheap,30,0.01,,cupy,2.5097140611209006e-12,5.1548954973565837e-14,320,162,162,,162,64,361,864,370688,356.9215834353511,3569.215834353511,0.001,boxeig,20000,group_b,50,diag,0.001,50,auto,group_b,boxeig,1960,1961,9.411300394746603e-08,0,,,2,USGS_LPC_IL_Winnebago_2018_ground_elevation_regression_ntrain100000000,False,NVIDIA A100-SXM4-40GB,cheap,64,0,64,64,0,0,2,1225,,,,,,,2.5097140611209006e-12,5.1548954973565837e-14,,,,,1e-05,boxeig,99999999.99991828,True,,nan,0,0,,nan,0,0,0,0,False,1960.0,SE,0.1,1.5,1.0,,21904,3000,btab_boxeig_topk_256_q64,35,1961,1960,25000000,100000000,3000,cufinufft,binned_c1,50,1960,9.411300394746603e-08,pcg,converged,1960,,True,0.1,0,13996.561273600688,0.3645633023482499,0.3645333551349511,0,0.1,boxeig,ok,,0.0006337928256004254,1.242867731002434,0.00042527939540876533,0.83354761500118,456665.3112637927,864,,3569.215834353511,0.0005502779999915219,4.524278418112048e-05,0.08867585699499614,3.931649591904994e-05,0.07706033200133788,0.00024161018418314542,0.473555960998965,0.12219613000002028,0.0,0.0,0.000946269999985816,0.0,5.706689948629084e-05,0.11185112299313005,0.12124986000003446,,0.026313907000030667,0.513271541999984,0.12314777300002788,0.5421316330000536,3.427636171000131,0.0,3.940907713000115,3.9672216200001458,1e-07,,80000,v7_btab_boxeig
1225,expanded_box,topk,512,,512,0,"[12, 12]","[25, 25]",625,topk,512,,512,80000,625,cheap,30,0.01,,cupy,2.220137023314346e-09,1.866793489559379e-12,640,290,290,,290,128,625,600,1282048,0.2669294937480709,2.669294937480709,0.001,boxeig,20000,group_b,50,diag,0.001,50,auto,group_b,boxeig,205,206,9.648980173204259e-08,0,,,2,USGS_LPC_IL_Winnebago_2018_ground_elevation_regression_ntrain100000000,False,NVIDIA A100-SXM4-40GB,cheap,128,0,128,128,0,0,2,1225,,,,,,,2.220137023314346e-09,1.866793489559379e-12,,,,,1e-05,boxeig,99999999.99991828,True,,nan,0,0,,nan,0,0,0,0,False,205.0,SE,0.1,1.5,1.0,,38416,3000,btab_boxeig_topk_512_q128,35,206,205,25000000,100000000,3000,cufinufft,binned_c1,50,205,9.648980173204259e-08,pcg,converged,205,,True,0.1,0,82.93138065611586,0.3645633650370566,0.36453341805057565,0,0.1,boxeig,ok,,0.00066171293690221,0.13631286500185524,0.0004385929560923126,0.08991155599892409,2483.7653492276468,600,,2.669294937480709,0.0005081750000499596,4.68760731742006e-05,0.009609595000711124,4.025055608974249e-05,0.00825136399839721,0.00024976715609649014,0.05120226699978048,0.2327901409998958,0.0,0.0,0.0009765239999524056,0.0,5.870640975334071e-05,0.012034813999434846,0.2318136169999434,,0.05035723199989661,0.5126267020000341,0.23372815799984892,0.5224528190001365,0.5940404709999711,0.0,1.1066671730000053,1.157024404999902,1e-07,,80000,v7_btab_boxeig
1225,expanded_box,topk,768,,768,0,"[15, 15]","[31, 31]",961,topk,768,,768,80000,961,cheap,30,0.01,,cupy,1.245666647015219e-08,3.1776741175306444e-12,640,290,290,,290,128,961,264,1970176,0.32878426373181413,3.2878426373181413,0.001,boxeig,20000,group_b,50,diag,0.001,50,auto,group_b,boxeig,14,15,7.390912877554026e-08,0,,,2,USGS_LPC_IL_Winnebago_2018_ground_elevation_regression_ntrain100000000,False,NVIDIA A100-SXM4-40GB,cheap,128,0,128,128,0,0,2,1225,,,,,,,1.245666647015219e-08,3.1776741175306444e-12,,,,,1e-05,boxeig,99999999.99991828,True,,nan,0,0,,nan,0,0,0,0,False,14.0,SE,0.1,1.5,1.0,,59536,3000,btab_boxeig_topk_768_q128,35,15,14,25000000,100000000,3000,cufinufft,binned_c1,50,14,7.390912877554026e-08,pcg,converged,14,,True,0.1,0,0.12893802652334319,0.36456334605721835,0.36453339920660904,0,0.1,boxeig,ok,,0.0007554405333394243,0.011331608000091364,0.0005013316428760715,0.007018643000265001,3.64161691078559,264,,3.2878426373181413,0.000512737000008201,5.134749996419227e-05,0.0007188649994986918,4.744821428305711e-05,0.0006642749999627995,0.00028875671429367297,0.004042594000111421,0.22995437400027186,0.0,0.0,0.0009660630000780657,0.0,6.47466428712765e-05,0.000906453000197871,0.2289883110001938,,0.05026768799984893,0.512851155999897,0.23091660699992644,0.521036254999899,0.2600982900000872,0.0,0.7729494459999842,0.8232171339998331,1e-07,,80000,v7_btab_boxeig
1225,,,,,,,,,,,,,,,,,,,,,,,,,,,,,,,,,,,,,group_b,,,,,,group_b,,1083,1084,9.317358150643753e-08,,,,2,USGS_LPC_IL_Winnebago_2018_ground_elevation_regression_ntrain3000000,False,NVIDIA A100-SXM4-40GB,,,,,,,,2,1225,,,,,,,,,0,0,,,1e-05,,,True,,,,,,,,,,,False,1083.0,SE,0.1,1.5,1.0,,,80000,plain_cg,35,1084,,750000,3000000,3000,cufinufft,cufinufft,,,,,,,,True,0.1,0,,0.3897550360504075,0.38966608100470174,0,,,ok,,0.0006235416964967387,0.6759191990024647,,,,,,,,,,,,,,,,,,,,,,,,0.046260058999905596,,0.01862067100000786,1.158506037000052,,1.2047666619998836,,1e-07,,80000,v1
1225,,,,,,,,,,,,,,,,,,,,,,,,,,,,,,,,,,,,,group_b,,,,,,group_b,,36,37,9.83871788327316e-08,,,nan,2,USGS_LPC_IL_Winnebago_2018_ground_elevation_regression_ntrain3000000,False,NVIDIA A100-SXM4-40GB,,,,,,,,2,1225,72,3,nan,,0.5611236685815898,5.539347226355685e-07,,,5,352,0.0006168610941280018,0.21713510513305664,1e-05,,,True,[],,,,,,,,,,False,36.0,SE,0.1,1.5,1.0,nan,,3000,eigenpro_pcg_q64,35,37,36,750000,3000000,3000,cufinufft,binned_c1,,,,,,,full_eigenpro,True,0.1,0,,0.38966289749394484,0.3895710612708783,0,,,ok,,0.0006415207027030929,0.02373626600001444,0.00015771888887330634,0.005677879999439028,,,[],,,,,,,,,,,,,,,,,0.2253844819999813,,0.033453467000072123,0.00029511399998227716,0.01863604300001498,0.05308744199987814,,0.31222050499991383,,1e-07,64,80000,v3
1225,,,,,,,,,,,,,,,,,,,,,,,,,,,,,,,,,,,,,group_b,,,,,,group_b,,5,6,4.6323751944819495e-08,,,nan,2,USGS_LPC_IL_Winnebago_2018_ground_elevation_regression_ntrain3000000,False,NVIDIA A100-SXM4-40GB,,,,,,,,2,1225,136,3,nan,,0.16821462287788538,1.660595081501559e-07,,,5,672,0.0005963093326205299,0.4007198715209961,1e-05,,,True,[],,,,,,,,,,False,5.0,SE,0.1,1.5,1.0,nan,,3000,eigenpro_pcg_q128,35,6,5,750000,3000000,3000,cufinufft,binned_c1,,,,,,,full_eigenpro,True,0.1,0,,0.3896628244173087,0.38957094401914355,0,,,ok,,0.0006442521666940593,0.0038655130001643556,0.00017281460004596737,0.0008640730002298369,,,[],,,,,,,,,,,,,,,,,0.41328420199988614,,0.032429671000045346,0.0002866419999918435,0.018641142999967997,0.008366043000023637,,0.45436655799994696,,1e-07,128,80000,v3
1225,,,,,,,,,,,,,,,,,,,,,,,,,,,,,,,,,,,,,group_b,,,,,,group_b,,6,7,2.282787798784409e-08,,,nan,2,USGS_LPC_IL_Winnebago_2018_ground_elevation_regression_ntrain3000000,False,NVIDIA A100-SXM4-40GB,,,,,,,,2,1225,264,3,nan,,0.10878411495613409,1.0739040587016805e-07,,,5,1312,0.000592024210022717,0.7767357635498047,1e-05,,,True,[],,,,,,,,,,False,6.0,SE,0.1,1.5,1.0,nan,,3000,eigenpro_pcg_q256,35,7,6,750000,3000000,3000,cufinufft,binned_c1,,,,,,,full_eigenpro,True,0.1,0,,0.3896628245546401,0.3895709509756159,0,,,ok,,0.0006347149999978033,0.004443004999984623,0.00016725466662137478,0.0010035279997282487,,,[],,,,,,,,,,,,,,,,,0.7994440789998407,,0.032645054000113305,0.00029837200008842046,0.018635096000025442,0.009711444000004121,,0.8420989490000466,,1e-07,256,80000,v3
1225,,,,,,,,,,,,,,,,,,,,,,,,,,,,,,,,,,,,,group_b,,,,,,group_b,,4,5,3.547112366729048e-08,,,nan,2,USGS_LPC_IL_Winnebago_2018_ground_elevation_regression_ntrain3000000,False,NVIDIA A100-SXM4-40GB,,,,,,,,2,1225,328,3,nan,,0.09547926769591937,9.425601627758365e-08,,,5,1632,0.0005911497976265702,0.9647564697265625,1e-05,,,True,[],,,,,,,,,,False,4.0,SE,0.1,1.5,1.0,nan,,3000,eigenpro_pcg_q320,35,5,4,750000,3000000,3000,cufinufft,binned_c1,,,,,,,full_eigenpro,True,0.1,0,,0.3896628295602621,0.3895709575218159,0,,,ok,,0.0006415291999928741,0.0032076459999643703,0.00016790500006891307,0.0006716200002756523,,,[],,,,,,,,,,,,,,,,,0.9919680340001378,,0.03260884599990277,0.00030596799979321077,0.018657146000123248,0.0068526200000178505,,1.0317354679998516,,1e-07,320,80000,v3
1225,,,,,,,,,,,,,,,,,,,,,,,,,,,,,,,,,,,,,group_b,,,,,,group_b,,4,5,7.967702043462748e-08,,,nan,2,USGS_LPC_IL_Winnebago_2018_ground_elevation_regression_ntrain3000000,False,NVIDIA A100-SXM4-40GB,,,,,,,,2,1225,392,3,nan,,0.08686352819383202,8.575065901676882e-08,,,5,1952,0.0005888309556929792,1.1493980255126954,1e-05,,,True,[],,,,,,,,,,False,4.0,SE,0.1,1.5,1.0,nan,,3000,eigenpro_pcg_q384,35,5,4,750000,3000000,3000,cufinufft,binned_c1,,,,,,,full_eigenpro,True,0.1,0,,0.38966276349969226,0.3895708951964901,0,,,ok,,0.0006406624000192096,0.003203312000096048,0.00017129175006402875,0.000685167000256115,,,[],,,,,,,,,,,,,,,,,1.1814894330000243,,0.032669912000073964,0.0003081539998674998,0.01862894100008816,0.006859048000023904,,1.2213265469999897,,1e-07,384,80000,v3
1225,,,,,,,,,,,,,,,,,,,,,,,,,,,,,,,,,,,,,group_b,,,,,,group_b,,4,5,6.774319825463281e-08,,,nan,2,USGS_LPC_IL_Winnebago_2018_ground_elevation_regression_ntrain3000000,False,NVIDIA A100-SXM4-40GB,,,,,,,,2,1225,456,3,nan,,0.07869035472561754,7.768219776803871e-08,,,5,2272,0.0005916470944041937,1.344222198486328,1e-05,,,True,[],,,,,,,,,,False,4.0,SE,0.1,1.5,1.0,nan,,3000,eigenpro_pcg_q448,35,5,4,750000,3000000,3000,cufinufft,binned_c1,,,,,,,full_eigenpro,True,0.1,0,,0.3896627878323779,0.38957091671253874,0,,,ok,,0.0006394173999979102,0.0031970869999895513,0.00017367749995855775,0.000694709999834231,,,[],,,,,,,,,,,,,,,,,1.380737167999996,,0.03296686499993484,0.0002870749999601685,0.018632371000194325,0.00686593799991897,,1.42085704599981,,1e-07,448,80000,v3
1225,expanded_box,topk,512,,512,0,"[12, 12]","[25, 25]",625,topk,512,,512,80000,625,cheap,30,0.01,,,,,,,,,,,,,,,,,chol_solve,20000,group_b,50,diag,0.001,50,auto,group_b,auto,3000,3001,0.0001783916519569487,6250000,,,2,USGS_LPC_IL_Winnebago_2018_ground_elevation_regression_ntrain3000000,False,NVIDIA A100-SXM4-40GB,cheap,0,0,0,0,0,0,2,1225,,,,,,,,,,,,,1e-05,chol_solve,2999999.999997545,True,,nan,0,50,diag,0.001,0,0,0,0,False,3000.0,SE,0.1,1.5,1.0,,0,3000,btab_auto_topk_512,35,3001,3001,750000,3000000,3000,cufinufft,binned_c1,50,3000,0.0001783916519569487,pcg,maxiter,3001,,True,0.1,0,2.4879414196834726,0.38982096687439466,0.38972829445599644,0,0.1,exact,ok,,0.0006299627040957698,1.8905180749914052,0.0004917270913020338,1.4756730009974035,74.5129604768293,600,,,0.000520561000030284,4.577839920088313e-05,0.13738097600185029,4.243046484279554e-05,0.12733382499322943,0.00030277804565083947,0.9086369149981692,0.010931207000112408,0.008905098000013822,-0.010931207000112408,0.0,0.0017275990001053287,5.726296934649707e-05,0.1718461710088377,,,8.316399998875568e-05,0.03549556900020434,0.01241833900007805,0.01858752800012553,5.257690631999822,0.0002985099999932572,5.293186201000026,5.293269365000015,1e-07,,80000,v6_btab
1225,expanded_box,topk,1024,,1024,0,"[17, 17]","[35, 35]",1225,topk,1024,,1024,80000,1225,cheap,30,0.01,,,,,,,,,,,,,,,,,chol_solve,20000,group_b,50,diag,0.001,50,auto,group_b,auto,3000,3001,0.0002203618947365172,24010000,,,2,USGS_LPC_IL_Winnebago_2018_ground_elevation_regression_ntrain3000000,False,NVIDIA A100-SXM4-40GB,cheap,0,0,0,0,0,0,2,1225,,,,,,,,,,,,,1e-05,chol_solve,2999999.999997545,True,,nan,0,50,diag,0.001,0,0,0,0,False,3000.0,SE,0.1,1.5,1.0,,0,3000,btab_auto_topk_1024,35,3001,3001,750000,3000000,3000,cufinufft,binned_c1,50,3000,0.0002203618947365172,pcg,maxiter,3001,,True,0.1,0,0.0,0.3898164523293765,0.3897220777862386,0,0.1,exact,ok,,0.0006353111609451798,1.9065687939964846,0.0006791037904038101,2.037990475001834,0.0,0,,,0.0005300059999626683,1.735550183114076e-05,0.05208386099525342,3.891303298845353e-05,0.11677801199834903,0.0005224108377205843,1.5677549239994732,0.03776041599985547,0.03389977100005126,-0.03776041599985547,0.0,0.0034228709998842533,5.78072185962004e-05,0.1734794630071974,,,2.8641999961109832e-05,0.03222088500001519,0.039086017000045103,0.018844732999923508,5.900550141000167,0.0004377739999199548,5.932771026000182,5.932799668000143,1e-07,,80000,v6_btab
1225,expanded_box,topk,256,,256,0,"[9, 9]","[19, 19]",361,topk,256,,256,80000,361,cheap,30,0.01,,cupy,1.6160088575625034e-12,3.613333451138958e-14,320,162,162,,162,64,361,864,370688,10.815328257859278,108.15328257859278,0.001,boxeig,20000,group_b,50,diag,0.001,50,auto,group_b,boxeig,436,437,6.50752692437165e-08,0,,,2,USGS_LPC_IL_Winnebago_2018_ground_elevation_regression_ntrain3000000,False,NVIDIA A100-SXM4-40GB,cheap,64,0,64,64,0,0,2,1225,,,,,,,1.6160088575625034e-12,3.613333451138958e-14,,,,,1e-05,boxeig,2999999.999997545,True,,nan,0,0,,nan,0,0,0,0,False,436.0,SE,0.1,1.5,1.0,,21904,3000,btab_boxeig_topk_256_q64,35,437,436,750000,3000000,3000,cufinufft,binned_c1,50,436,6.50752692437165e-08,pcg,converged,436,,True,0.1,0,419.8968382080202,0.3896628406733911,0.3895709677816616,0,0.1,boxeig,ok,,0.0006502648329488679,0.28416573199865525,0.00043690854586577956,0.1904921259974799,13699.95933791376,864,,108.15328257859278,0.00046165799994923873,4.6664415133301364e-05,0.020345684998119395,4.037039450541261e-05,0.017601492004359898,0.00024871420643248377,0.10843939400456293,0.12530373399999917,0.0,0.0,0.000985044000117341,0.0,5.808045183837315e-05,0.02532307700153069,0.12431868999988183,,0.026483449999886943,0.032400456999994276,0.12618944299993018,0.018544595000093977,0.8796491439998135,0.0,0.9120496009998078,0.9385330509996948,1e-07,,80000,v7_btab_boxeig
1225,expanded_box,topk,512,,512,0,"[12, 12]","[25, 25]",625,topk,512,,512,80000,625,cheap,30,0.01,,cupy,3.16754637353983e-10,2.5680765303437585e-12,640,290,290,,290,128,625,600,1282048,0.10498059298304062,1.049805929830406,0.001,boxeig,20000,group_b,50,diag,0.001,50,auto,group_b,boxeig,37,38,7.175909933441098e-08,0,,,2,USGS_LPC_IL_Winnebago_2018_ground_elevation_regression_ntrain3000000,False,NVIDIA A100-SXM4-40GB,cheap,128,0,128,128,0,0,2,1225,,,,,,,3.16754637353983e-10,2.5680765303437585e-12,,,,,1e-05,boxeig,2999999.999997545,True,,nan,0,0,,nan,0,0,0,0,False,37.0,SE,0.1,1.5,1.0,,38416,3000,btab_boxeig_topk_512_q128,35,38,37,750000,3000000,3000,cufinufft,binned_c1,50,37,7.175909933441098e-08,pcg,converged,37,,True,0.1,0,2.4879414196834726,0.38966283028387955,0.3895709565571989,0,0.1,boxeig,ok,,0.0007561427631559893,0.028733424999927593,0.0004958101891760807,0.018344976999514984,74.5129604768293,600,,1.049805929830406,0.0004785820001416141,5.396343241856714e-05,0.001996646999486984,4.68061891997668e-05,0.0017318290003913717,0.00027690656754596085,0.010245542999200552,0.23298999300004652,0.0,0.0,0.0009641110000302433,0.0,6.706175674873914e-05,0.002481284999703348,0.23202588200001628,,0.05478968500005976,0.031809628000019075,0.23389616400004343,0.018589298000051713,0.30917486499993174,0.0,0.3409844929999508,0.3957741780000106,1e-07,,80000,v7_btab_boxeig
1225,expanded_box,topk,768,,768,0,"[15, 15]","[31, 31]",961,topk,768,,768,80000,961,cheap,30,0.01,,cupy,8.00513167026404e-10,2.937802619547737e-12,640,290,290,,290,128,961,264,1970176,0.10684933963962454,1.0684933963962453,0.001,boxeig,20000,group_b,50,diag,0.001,50,auto,group_b,boxeig,5,6,2.592862436795083e-08,0,,,2,USGS_LPC_IL_Winnebago_2018_ground_elevation_regression_ntrain3000000,False,NVIDIA A100-SXM4-40GB,cheap,128,0,128,128,0,0,2,1225,,,,,,,8.00513167026404e-10,2.937802619547737e-12,,,,,1e-05,boxeig,2999999.999997545,True,,nan,0,0,,nan,0,0,0,0,False,5.0,SE,0.1,1.5,1.0,,59536,3000,btab_boxeig_topk_768_q128,35,6,5,750000,3000000,3000,cufinufft,binned_c1,50,5,2.592862436795083e-08,pcg,converged,5,,True,0.1,0,0.003868140795700291,0.3896628373948014,0.389570963182909,0,0.1,boxeig,ok,,0.0007717730000346515,0.0046306380002079095,0.0005027986000186502,0.002513993000093251,0.10924850732356758,264,,1.0684933963962453,0.0005082000000129483,5.103419998704339e-05,0.00025517099993521697,4.5860199998060124e-05,0.00022930099999030062,0.00029239939999570197,0.0014619969999785098,0.23338477499987675,0.0,0.0,0.0009578520000559365,0.0,6.401040000127977e-05,0.0003200520000063989,0.23242692299982082,,0.060942240000031234,0.03162270600000738,0.23430655599986494,0.018555116000015914,0.24575991500000782,0.0,0.2773826210000152,0.33832486100004644,1e-07,,80000,v7_btab_boxeig
1225,,,,,,,,,,,,,,,,,,,,,,,,,,,,,,,,,,,,,group_b,,,,,,group_b,,724,725,4.052159779683797e-08,,,,2,USGS_LPC_IL_Winnebago_2018_ground_elevation_regression_ntrain1000000,False,NVIDIA A100-SXM4-40GB,,,,,,,,2,1225,,,,,,,,,0,0,,,1e-05,,,True,,,,,,,,,,,False,724.0,SE,0.1,1.5,1.0,,,80000,plain_cg,35,725,,250000,1000000,3000,cufinufft,cufinufft,,,,,,,,True,0.1,0,,0.3953175210868638,0.3957754080224807,0,,,ok,,0.0006224249255212961,0.4512580710029397,,,,,,,,,,,,,,,,,,,,,,,,0.0196172910000314,,0.009021529999927225,0.7731035210001664,,0.7927214210001239,,1e-07,,80000,v1
1225,,,,,,,,,,,,,,,,,,,,,,,,,,,,,,,,,,,,,group_b,,,,,,group_b,,27,28,1.5431007756984944e-08,,,nan,2,USGS_LPC_IL_Winnebago_2018_ground_elevation_regression_ntrain1000000,False,NVIDIA A100-SXM4-40GB,,,,,,,,2,1225,72,3,nan,,0.20429081457166595,6.050116721477738e-07,,,5,352,0.00060570181499828,0.21320703887939454,1e-05,,,True,[],,,,,,,,,,False,27.0,SE,0.1,1.5,1.0,nan,,3000,eigenpro_pcg_q64,35,28,27,250000,1000000,3000,cufinufft,binned_c1,,,,,,,full_eigenpro,True,0.1,0,,0.3951969462566621,0.395650288990962,0,,,ok,,0.0006452788571209567,0.018067807999386787,0.00015995881482113974,0.004318888000170773,,,[],,,,,,,,,,,,,,,,,0.221203566999975,,0.019587022999985493,0.0002957380002044374,0.009070371000007071,0.04026326899997912,,0.28134959700014406,,1e-07,64,80000,v3
1225,,,,,,,,,,,,,,,,,,,,,,,,,,,,,,,,,,,,,group_b,,,,,,group_b,,7,8,7.802862554883939e-08,,,nan,2,USGS_LPC_IL_Winnebago_2018_ground_elevation_regression_ntrain1000000,False,NVIDIA A100-SXM4-40GB,,,,,,,,2,1225,136,3,nan,,0.16757177710433882,4.962674470952859e-07,,,5,672,0.0006020220915476481,0.4045588455200195,1e-05,,,True,[],,,,,,,,,,False,7.0,SE,0.1,1.5,1.0,nan,,3000,eigenpro_pcg_q128,35,8,7,250000,1000000,3000,cufinufft,binned_c1,,,,,,,full_eigenpro,True,0.1,0,,0.39519689168495853,0.3956502474009834,0,,,ok,,0.0006496345000073234,0.005197076000058587,0.00016889428570721066,0.0011822599999504746,,,[],,,,,,,,,,,,,,,,,0.41692451200015057,,0.019253355000046213,0.00028565299999172566,0.012909700999898632,0.011445245000004434,,0.44790876500019294,,1e-07,128,80000,v3
1225,,,,,,,,,,,,,,,,,,,,,,,,,,,,,,,,,,,,,group_b,,,,,,group_b,,5,6,8.351112797110101e-08,,,nan,2,USGS_LPC_IL_Winnebago_2018_ground_elevation_regression_ntrain1000000,False,NVIDIA A100-SXM4-40GB,,,,,,,,2,1225,264,3,nan,,0.10869226443265612,3.218944951278098e-07,,,5,1312,0.0005948534593349551,0.780447738647461,1e-05,,,True,[],,,,,,,,,,False,5.0,SE,0.1,1.5,1.0,nan,,3000,eigenpro_pcg_q256,35,6,5,250000,1000000,3000,cufinufft,binned_c1,,,,,,,full_eigenpro,True,0.1,0,,0.39519688527870545,0.3956502422443757,0,,,ok,,0.0006489994999962315,0.0038939969999773894,0.00016647500001454318,0.0008323750000727159,,,[],,,,,,,,,,,,,,,,,0.8029852189999929,,0.019351171999915096,0.00029118200018274365,0.009112537000191878,0.008429981999825031,,0.8310575549999157,,1e-07,256,80000,v3
1225,,,,,,,,,,,,,,,,,,,,,,,,,,,,,,,,,,,,,group_b,,,,,,group_b,,4,5,3.306258603397444e-08,,,nan,2,USGS_LPC_IL_Winnebago_2018_ground_elevation_regression_ntrain1000000,False,NVIDIA A100-SXM4-40GB,,,,,,,,2,1225,328,3,nan,,0.09635292435491404,2.853512722466108e-07,,,5,1632,0.0005984338872572955,0.9766441040039062,1e-05,,,True,[],,,,,,,,,,False,4.0,SE,0.1,1.5,1.0,nan,,3000,eigenpro_pcg_q320,35,5,4,250000,1000000,3000,cufinufft,binned_c1,,,,,,,full_eigenpro,True,0.1,0,,0.395197005702143,0.3956503467685409,0,,,ok,,0.0006518202000279416,0.003259101000139708,0.00017354274996250751,0.0006941709998500301,,,[],,,,,,,,,,,,,,,,,1.0038963780000358,,0.019719467999948392,0.0003113129998837394,0.009172015999865835,0.007010723000121288,,1.0309378819999893,,1e-07,320,80000,v3
1225,,,,,,,,,,,,,,,,,,,,,,,,,,,,,,,,,,,,,group_b,,,,,,group_b,,4,5,3.291439605949824e-08,,,nan,2,USGS_LPC_IL_Winnebago_2018_ground_elevation_regression_ntrain1000000,False,NVIDIA A100-SXM4-40GB,,,,,,,,2,1225,392,3,nan,,0.08699763300491223,2.5764537430003107e-07,,,5,1952,0.0005989366593908091,1.1691243591308593,1e-05,,,True,[],,,,,,,,,,False,4.0,SE,0.1,1.5,1.0,nan,,3000,eigenpro_pcg_q384,35,5,4,250000,1000000,3000,cufinufft,binned_c1,,,,,,,full_eigenpro,True,0.1,0,,0.39519697013631105,0.3956503284722678,0,,,ok,,0.0006425705999845377,0.0032128529999226885,0.00016938749996597835,0.0006775499998639134,,,[],,,,,,,,,,,,,,,,,1.201199584000051,,0.019696715000009135,0.00030873399987285666,0.00913215300010961,0.006890268000006472,,1.2280953009999394,,1e-07,384,80000,v3
1225,,,,,,,,,,,,,,,,,,,,,,,,,,,,,,,,,,,,,group_b,,,,,,group_b,,4,5,5.308990216513896e-08,,,nan,2,USGS_LPC_IL_Winnebago_2018_ground_elevation_regression_ntrain1000000,False,NVIDIA A100-SXM4-40GB,,,,,,,,2,1225,456,3,nan,,0.07765636758511982,2.2998101444969405e-07,,,5,2272,0.0006006255754282776,1.3646213073730469,1e-05,,,True,[],,,,,,,,,,False,4.0,SE,0.1,1.5,1.0,nan,,3000,eigenpro_pcg_q448,35,5,4,250000,1000000,3000,cufinufft,binned_c1,,,,,,,full_eigenpro,True,0.1,0,,0.39519692503874515,0.39565028556450477,0,,,ok,,0.0006512089999887394,0.003256044999943697,0.00018311749994381898,0.0007324699997752759,,,[],,,,,,,,,,,,,,,,,1.4012121979999392,,0.019057866000139256,0.00031154499993135687,0.009182899000052203,0.006957765000151994,,1.4275393740001618,,1e-07,448,80000,v3
1225,expanded_box,topk,512,,512,0,"[12, 12]","[25, 25]",625,topk,512,,512,80000,625,cheap,30,0.01,,,,,,,,,,,,,,,,,chol_solve,20000,group_b,50,diag,0.001,50,auto,group_b,auto,3000,3001,0.0002843727130332978,6250000,,,2,USGS_LPC_IL_Winnebago_2018_ground_elevation_regression_ntrain1000000,False,NVIDIA A100-SXM4-40GB,cheap,0,0,0,0,0,0,2,1225,,,,,,,,,,,,,1e-05,chol_solve,999999.9999991711,True,,nan,0,50,diag,0.001,0,0,0,0,False,3000.0,SE,0.1,1.5,1.0,,0,3000,btab_auto_topk_512,35,3001,3001,250000,1000000,3000,cufinufft,binned_c1,50,3000,0.0002843727130332978,pcg,maxiter,3001,,True,0.1,0,0.829195548393433,0.3951176791116758,0.39558294564407925,0,0.1,exact,ok,,0.0006362902115996822,1.9095069250106462,0.0004957613568804717,1.4877798319982958,24.83386656410284,600,,,0.0004985540001598565,4.5811217259806736e-05,0.13747946299668,4.215436321373545e-05,0.1265052440044201,0.00030529353982064467,0.9161859130017547,0.010720394999907512,0.008788499000047523,-0.010720394999907512,0.0,0.0016896489998998732,5.843493368811069e-05,0.17536323599802017,,,8.480599990434712e-05,0.019513304000156495,0.01210102699997151,0.009127975000183142,5.294966480999847,0.00024224699996011623,5.314479785000003,5.3145645909999075,1e-07,,80000,v6_btab
1225,expanded_box,topk,1024,,1024,0,"[17, 17]","[35, 35]",1225,topk,1024,,1024,80000,1225,cheap,30,0.01,,,,,,,,,,,,,,,,,chol_solve,20000,group_b,50,diag,0.001,50,auto,group_b,auto,3000,3001,0.0001301522753812537,24010000,,,2,USGS_LPC_IL_Winnebago_2018_ground_elevation_regression_ntrain1000000,False,NVIDIA A100-SXM4-40GB,cheap,0,0,0,0,0,0,2,1225,,,,,,,,,,,,,1e-05,chol_solve,999999.9999991711,True,,nan,0,50,diag,0.001,0,0,0,0,False,3000.0,SE,0.1,1.5,1.0,,0,3000,btab_auto_topk_1024,35,3001,3001,250000,1000000,3000,cufinufft,binned_c1,50,3000,0.0001301522753812537,pcg,maxiter,3001,,True,0.1,0,0.0,0.3951156193282219,0.39558080531264683,0,0.1,exact,ok,,0.0006352872719106491,1.9064971030038578,0.0007090208014002127,2.127771425002038,0.0,0,,,0.0005343729999367497,1.728923858646606e-05,0.05188500499798465,3.8756533492315584e-05,0.11630835701043907,0.0005523793142270777,1.6576903219954602,0.03868855100017754,0.03481994300000224,-0.03868855100017754,0.0,0.0034127530000205297,5.7607239918560014e-05,0.1728793269955986,,,2.7245999945080257e-05,0.01887306899993746,0.04000785899984294,0.009232543000052829,5.995843181000055,0.0004558550001547701,6.014716249999992,6.014743495999937,1e-07,,80000,v6_btab
1225,expanded_box,topk,256,,256,0,"[9, 9]","[19, 19]",361,topk,256,,256,80000,361,cheap,30,0.01,,cupy,2.340076460157157e-12,2.946534168745855e-14,320,162,162,,162,64,361,864,370688,3.6693734823522015,36.693734823522014,0.001,boxeig,20000,group_b,50,diag,0.001,50,auto,group_b,boxeig,268,269,9.690542924034752e-08,0,,,2,USGS_LPC_IL_Winnebago_2018_ground_elevation_regression_ntrain1000000,False,NVIDIA A100-SXM4-40GB,cheap,64,0,64,64,0,0,2,1225,,,,,,,2.340076460157157e-12,2.946534168745855e-14,,,,,1e-05,boxeig,999999.9999991711,True,,nan,0,0,,nan,0,0,0,0,False,268.0,SE,0.1,1.5,1.0,,21904,3000,btab_boxeig_topk_256_q64,35,269,268,250000,1000000,3000,cufinufft,binned_c1,50,268,9.690542924034752e-08,pcg,converged,268,,True,0.1,0,139.9545073033638,0.3951969494695171,0.3956503095154557,0,0.1,boxeig,ok,,0.0006638123903378891,0.17856553300089217,0.0004436676306043871,0.11890292500197575,4566.240710524331,864,,36.693734823522014,0.00048786000002110086,4.867674626486622e-05,0.013045367998984148,4.09406492527089e-05,0.010972093999725985,0.0002501994104548756,0.06705344200190666,0.1405958410000494,0.0,0.0,0.0009746509999786213,0.0,6.01318544775142e-05,0.016115336999973806,0.13962119000007078,,0.026159723000091617,0.019837820000020656,0.14152839200005474,0.00917270600007214,0.6155453730000318,0.0,0.6353831930000524,0.661542916000144,1e-07,,80000,v7_btab_boxeig
1225,expanded_box,topk,512,,512,0,"[12, 12]","[25, 25]",625,topk,512,,512,80000,625,cheap,30,0.01,,cupy,1.6797147189470488e-10,2.414271641635952e-12,640,290,290,,290,128,625,600,1282048,0.10166045956627962,1.016604595662796,0.001,boxeig,20000,group_b,50,diag,0.001,50,auto,group_b,boxeig,25,26,6.925160813774722e-08,0,,,2,USGS_LPC_IL_Winnebago_2018_ground_elevation_regression_ntrain1000000,False,NVIDIA A100-SXM4-40GB,cheap,128,0,128,128,0,0,2,1225,,,,,,,1.6797147189470488e-10,2.414271641635952e-12,,,,,1e-05,boxeig,999999.9999991711,True,,nan,0,0,,nan,0,0,0,0,False,25.0,SE,0.1,1.5,1.0,,38416,3000,btab_boxeig_topk_512_q128,35,26,25,250000,1000000,3000,cufinufft,binned_c1,50,25,6.925160813774722e-08,pcg,converged,25,,True,0.1,0,0.829195548393433,0.3951969466296697,0.3956503063337401,0,0.1,boxeig,ok,,0.0008295616153628333,0.021568601999433668,0.0005384149599922239,0.013460373999805597,24.83386656410284,600,,1.016604595662796,0.00047369800017804664,5.7900160009012324e-05,0.0014475040002253081,4.9920400024348054e-05,0.0012480100006087014,0.0003094341200176132,0.007735853000440329,0.5903812960000323,0.0,0.0,0.0009723619998567301,0.0,6.998323999141576e-05,0.001749580999785394,0.5894089340001756,,0.0641717589999189,0.019500818999858893,0.5913543550000213,0.009483791999855384,0.6468797090001317,0.0,0.6663805279999906,0.7305522869999095,1e-07,,80000,v7_btab_boxeig
1225,expanded_box,topk,768,,768,0,"[15, 15]","[31, 31]",961,topk,768,,768,80000,961,cheap,30,0.01,,cupy,3.591575505749355e-10,2.4786640120838067e-12,640,290,290,,290,128,961,264,1970176,0.1022809583017411,1.0228095830174109,0.001,boxeig,20000,group_b,50,diag,0.001,50,auto,group_b,boxeig,5,6,7.867509454320039e-10,0,,,2,USGS_LPC_IL_Winnebago_2018_ground_elevation_regression_ntrain1000000,False,NVIDIA A100-SXM4-40GB,cheap,128,0,128,128,0,0,2,1225,,,,,,,3.591575505749355e-10,2.4786640120838067e-12,,,,,1e-05,boxeig,999999.9999991711,True,,nan,0,0,,nan,0,0,0,0,False,5.0,SE,0.1,1.5,1.0,,59536,3000,btab_boxeig_topk_768_q128,35,6,5,250000,1000000,3000,cufinufft,binned_c1,50,5,7.867509454320039e-10,pcg,converged,5,,True,0.1,0,0.0012890935761067158,0.3951969478468173,0.3956503074773169,0,0.1,boxeig,ok,,0.0008007264999984424,0.004804358999990654,0.0005193160001454089,0.0025965800007270445,0.036407760279639746,264,,1.0228095830174109,0.0005058010001448565,5.555699999604258e-05,0.0002777849999802129,4.698940006164776e-05,0.00023494700030823878,0.0002967985999475786,0.0014839929997378931,1.2104211199998645,0.0,0.0,0.0009747029998834478,0.0,6.611019994124945e-05,0.00033055099970624724,1.209446416999981,,0.06472465699994245,0.019976176000000123,1.2113882549999744,0.009546775999979218,1.2231927200000428,0.0,1.2431688960000429,1.3078935529999853,1e-07,,80000,v7_btab_boxeig
1225,,,,,,,,,,,,,,,,,,,,,,,,,,,,,,,,,,,,,group_b,,,,,,group_b,,2360,2361,6.043264042010686e-08,,,,2,USGS_LPC_IL_Winnebago_2018_ground_elevation_regression_ntrain30000000,False,NVIDIA A100-SXM4-40GB,,,,,,,,2,1225,,,,,,,,,0,0,,,1e-05,,,True,,,,,,,,,,,False,2360.0,SE,0.1,1.5,1.0,,,80000,plain_cg,35,2361,,7500000,30000000,3000,cufinufft,cufinufft,,,,,,,,True,0.1,0,,0.37434148617155455,0.3743146097076666,0,,,ok,,0.0006267394587025401,1.4797318619966973,,,,,,,,,,,,,,,,,,,,,,,,0.33519564699986404,,0.1667769309999585,2.531026817000111,,2.8662230630000067,,1e-07,,80000,v1
1225,,,,,,,,,,,,,,,,,,,,,,,,,,,,,,,,,,,,,group_b,,,,,,group_b,,83,84,5.7851944841642406e-08,,,nan,2,USGS_LPC_IL_Winnebago_2018_ground_elevation_regression_ntrain30000000,False,NVIDIA A100-SXM4-40GB,,,,,,,,2,1225,72,3,nan,,5.382989201149819,5.314081905298785e-07,,,5,352,0.0006083432652733543,0.2141368293762207,1e-05,,,True,[],,,,,,,,,,False,83.0,SE,0.1,1.5,1.0,nan,,3000,eigenpro_pcg_q64,35,84,83,7500000,30000000,3000,cufinufft,binned_c1,,,,,,,full_eigenpro,True,0.1,0,,0.37429080542927,0.37426125135000204,0,,,ok,,0.0006421268333323973,0.05393865399992137,0.00015593796384367244,0.012942850999024813,,,[],,,,,,,,,,,,,,,,,0.22112434399991798,,0.16477913299991087,0.00028279100001782354,0.15918331299985766,0.12059813000018949,,0.5067843980000362,,1e-07,64,80000,v3
1225,,,,,,,,,,,,,,,,,,,,,,,,,,,,,,,,,,,,,group_b,,,,,,group_b,,7,8,7.028069582971305e-08,,,nan,2,USGS_LPC_IL_Winnebago_2018_ground_elevation_regression_ntrain30000000,False,NVIDIA A100-SXM4-40GB,,,,,,,,2,1225,136,3,nan,,0.19082893558366507,1.8838614664722556e-08,,,5,672,0.0005990506694430397,0.40256204986572264,1e-05,,,True,[],,,,,,,,,,False,7.0,SE,0.1,1.5,1.0,nan,,3000,eigenpro_pcg_q128,35,8,7,7500000,30000000,3000,cufinufft,binned_c1,,,,,,,full_eigenpro,True,0.1,0,,0.37429061664255214,0.37426108799726254,0,,,ok,,0.0006361811250030769,0.005089449000024615,0.00016309957144195714,0.0011416970000937,,,[],,,,,,,,,,,,,,,,,0.4125727210000605,,0.16444284799990783,0.0002966469999137189,0.15869545000009566,0.011092370999904233,,0.5884045869997863,,1e-07,128,80000,v3
1225,,,,,,,,,,,,,,,,,,,,,,,,,,,,,,,,,,,,,group_b,,,,,,group_b,,6,7,2.1357729577911027e-08,,,nan,2,USGS_LPC_IL_Winnebago_2018_ground_elevation_regression_ntrain30000000,False,NVIDIA A100-SXM4-40GB,,,,,,,,2,1225,264,3,nan,,0.11146182108336988,1.100350054773129e-08,,,5,1312,0.0006058185391309785,0.7948339233398438,1e-05,,,True,[],,,,,,,,,,False,6.0,SE,0.1,1.5,1.0,nan,,3000,eigenpro_pcg_q256,35,7,6,7500000,30000000,3000,cufinufft,binned_c1,,,,,,,full_eigenpro,True,0.1,0,,0.37429063231523174,0.3742611033232257,0,,,ok,,0.0006403185713809632,0.0044822299996667425,0.0001664469999695939,0.0009986819998175633,,,[],,,,,,,,,,,,,,,,,0.8128706660002081,,0.16441839499998423,0.00030353399984051066,0.15875871200000802,0.0097351780000281,,0.9873277730000609,,1e-07,256,80000,v3
1225,,,,,,,,,,,,,,,,,,,,,,,,,,,,,,,,,,,,,group_b,,,,,,group_b,,5,6,9.784707663573039e-08,,,nan,2,USGS_LPC_IL_Winnebago_2018_ground_elevation_regression_ntrain30000000,False,NVIDIA A100-SXM4-40GB,,,,,,,,2,1225,328,3,nan,,0.09726855861131853,9.602343004571289e-09,,,5,1632,0.0006098710508907543,0.995309555053711,1e-05,,,True,[],,,,,,,,,,False,5.0,SE,0.1,1.5,1.0,nan,,3000,eigenpro_pcg_q320,35,6,5,7500000,30000000,3000,cufinufft,binned_c1,,,,,,,full_eigenpro,True,0.1,0,,0.37429057487547307,0.3742610460015261,0,,,ok,,0.0006364103333377594,0.0038184620000265568,0.00016778140002315922,0.0008389070001157961,,,[],,,,,,,,,,,,,,,,,1.0168968890000087,,0.16486641699998472,0.0003021859999989829,0.15832033800006684,0.008265576999974655,,1.190331068999967,,1e-07,320,80000,v3
1225,,,,,,,,,,,,,,,,,,,,,,,,,,,,,,,,,,,,,group_b,,,,,,group_b,,4,5,3.4837953158717827e-08,,,nan,2,USGS_LPC_IL_Winnebago_2018_ground_elevation_regression_ntrain30000000,False,NVIDIA A100-SXM4-40GB,,,,,,,,2,1225,392,3,nan,,0.08737448109646279,8.625600598105648e-09,,,5,1952,0.0005995152817397821,1.1702538299560548,1e-05,,,True,[],,,,,,,,,,False,4.0,SE,0.1,1.5,1.0,nan,,3000,eigenpro_pcg_q384,35,5,4,7500000,30000000,3000,cufinufft,binned_c1,,,,,,,full_eigenpro,True,0.1,0,,0.37429054523445976,0.3742610177767168,0,,,ok,,0.0006338981999761018,0.0031694909998805088,0.00016907199994875555,0.0006762879997950222,,,[],,,,,,,,,,,,,,,,,1.1955186529999082,,0.16505021400007536,0.00030457600018962694,0.1584900350001135,0.006854037999801221,,1.3677274809999744,,1e-07,384,80000,v3
1225,,,,,,,,,,,,,,,,,,,,,,,,,,,,,,,,,,,,,group_b,,,,,,group_b,,4,5,3.034005447126242e-08,,,nan,2,USGS_LPC_IL_Winnebago_2018_ground_elevation_regression_ntrain30000000,False,NVIDIA A100-SXM4-40GB,,,,,,,,2,1225,456,3,nan,,0.07923232186344736,7.821807400494143e-09,,,5,2272,0.0005994879897211639,1.3620367126464843,1e-05,,,True,[],,,,,,,,,,False,4.0,SE,0.1,1.5,1.0,nan,,3000,eigenpro_pcg_q448,35,5,4,7500000,30000000,3000,cufinufft,binned_c1,,,,,,,full_eigenpro,True,0.1,0,,0.3742905822812959,0.37426105261067544,0,,,ok,,0.0006299778000084189,0.0031498890000420943,0.00016551900000649766,0.0006620760000259907,,,[],,,,,,,,,,,,,,,,,1.3913627209999504,,0.17431588099998407,0.00028936600006090885,0.1573521919999621,0.0068077359999279,,1.5727757039999233,,1e-07,448,80000,v3
1225,expanded_box,topk,512,,512,0,"[12, 12]","[25, 25]",625,topk,512,,512,80000,625,cheap,30,0.01,,,,,,,,,,,,,,,,,chol_solve,20000,group_b,50,diag,0.001,50,auto,group_b,auto,3000,3001,0.0007937878223925451,6250000,,,2,USGS_LPC_IL_Winnebago_2018_ground_elevation_regression_ntrain30000000,False,NVIDIA A100-SXM4-40GB,cheap,0,0,0,0,0,0,2,1225,,,,,,,,,,,,,1e-05,chol_solve,29999999.9999756,True,,nan,0,50,diag,0.001,0,0,0,0,False,3000.0,SE,0.1,1.5,1.0,,0,3000,btab_auto_topk_512,35,3001,3001,7500000,30000000,3000,cufinufft,binned_c1,50,3000,0.0007937878223925451,pcg,maxiter,3001,,True,0.1,0,24.879414196834855,0.37609319533721247,0.37606079209238585,0,0.1,exact,ok,,0.0006291059070302156,1.887946826997677,0.00047578071942779314,1.4278179390028072,745.1296047682968,600,,,0.0005480110000917193,4.5478016992701165e-05,0.1364795289950962,4.1712920026354834e-05,0.12518047299909085,0.00028804766544733774,0.8644310440074605,0.010692463999930624,0.009087025000098947,-0.010692463999930624,0.0,0.0013698529999146558,5.707333922309414e-05,0.17127709100850552,,,0.0001025050000862393,0.16429754900013904,0.01209567299997616,0.1659127929999613,5.197253894999903,0.00023558599991702067,5.3615514440000425,5.361653949000129,1e-07,,80000,v6_btab
1225,expanded_box,topk,1024,,1024,0,"[17, 17]","[35, 35]",1225,topk,1024,,1024,80000,1225,cheap,30,0.01,,,,,,,,,,,,,,,,,chol_solve,20000,group_b,50,diag,0.001,50,auto,group_b,auto,3000,3001,0.00037009818391369267,24010000,,,2,USGS_LPC_IL_Winnebago_2018_ground_elevation_regression_ntrain30000000,False,NVIDIA A100-SXM4-40GB,cheap,0,0,0,0,0,0,2,1225,,,,,,,,,,,,,1e-05,chol_solve,29999999.9999756,True,,nan,0,50,diag,0.001,0,0,0,0,False,3000.0,SE,0.1,1.5,1.0,,0,3000,btab_auto_topk_1024,35,3001,3001,7500000,30000000,3000,cufinufft,binned_c1,50,3000,0.00037009818391369267,pcg,maxiter,3001,,True,0.1,0,0.0,0.3761038282810518,0.37607189250192147,0,0.1,exact,ok,,0.0006363555121628535,1.9097028920007233,0.0006523977410875703,1.9578456210037984,0.0,0,,,0.0005522729998119758,1.7266487501795965e-05,0.051816728992889693,3.864680473060686e-05,0.1159790609965512,0.0004959556331207365,1.48836285499533,0.03924530899985257,0.036127627999803735,-0.03924530899985257,0.0,0.0026738799999748153,5.752942652273577e-05,0.17264580899473003,,,4.3581999989328324e-05,0.1642307009999513,0.040576492999889524,0.1664728030000333,5.821982724000009,0.0004438010000740178,5.98621342499996,5.986257006999949,1e-07,,80000,v6_btab
1225,expanded_box,topk,256,,256,0,"[9, 9]","[19, 19]",361,topk,256,,256,80000,361,cheap,30,0.01,,cupy,1.910141794237483e-12,3.510942597668614e-14,320,162,162,,162,64,361,864,370688,107.09658042254,1070.9658042254,0.001,boxeig,20000,group_b,50,diag,0.001,50,auto,group_b,boxeig,1191,1192,7.891465474818323e-08,0,,,2,USGS_LPC_IL_Winnebago_2018_ground_elevation_regression_ntrain30000000,False,NVIDIA A100-SXM4-40GB,cheap,64,0,64,64,0,0,2,1225,,,,,,,1.910141794237483e-12,3.510942597668614e-14,,,,,1e-05,boxeig,29999999.9999756,True,,nan,0,0,,nan,0,0,0,0,False,1191.0,SE,0.1,1.5,1.0,,21904,3000,btab_boxeig_topk_256_q64,35,1192,1191,7500000,30000000,3000,cufinufft,binned_c1,50,1191,7.891465474818323e-08,pcg,converged,1191,,True,0.1,0,4198.968382080223,0.3742906122387825,0.374261082896506,0,0.1,boxeig,ok,,0.0006345373145950285,0.756368478997274,0.0004248523534779322,0.5059991529922172,136999.5933791383,864,,1070.9658042254,0.0004735669999718084,4.531021579022118e-05,0.05396446700615343,3.94088303876931e-05,0.04693591699174249,0.0002412976045344988,0.2873854470005881,0.13167577600006553,0.0,0.0,0.0009712910000416741,0.0,5.689887741533926e-05,0.06776656300166906,0.13070448500002385,,0.026041652000003523,0.17239567100000386,0.13254400499999974,0.16589541300004385,2.1442638739999893,0.0,2.316659544999993,2.3427011969999967,1e-07,,80000,v7_btab_boxeig
1225,expanded_box,topk,512,,512,0,"[12, 12]","[25, 25]",625,topk,512,,512,80000,625,cheap,30,0.01,,cupy,1.6554268064977014e-09,2.3540350425203957e-12,640,290,290,,290,128,625,600,1282048,0.1500222434632208,1.500222434632208,0.001,boxeig,20000,group_b,50,diag,0.001,50,auto,group_b,boxeig,113,114,9.651792608726552e-08,0,,,2,USGS_LPC_IL_Winnebago_2018_ground_elevation_regression_ntrain30000000,False,NVIDIA A100-SXM4-40GB,cheap,128,0,128,128,0,0,2,1225,,,,,,,1.6554268064977014e-09,2.3540350425203957e-12,,,,,1e-05,boxeig,29999999.9999756,True,,nan,0,0,,nan,0,0,0,0,False,113.0,SE,0.1,1.5,1.0,,38416,3000,btab_boxeig_topk_512_q128,35,114,113,7500000,30000000,3000,cufinufft,binned_c1,50,113,9.651792608726552e-08,pcg,converged,113,,True,0.1,0,24.879414196834855,0.37429064302802517,0.37426111397781114,0,0.1,boxeig,ok,,0.000696376938587188,0.07938697099893943,0.00046091384955117363,0.05208326499928262,745.1296047682968,600,,1.500222434632208,0.0004977370001597592,4.921503539791586e-05,0.005561298999964492,4.19721327348391e-05,0.004742850999036818,0.0002626959557431219,0.029684642998972777,0.2515845669997816,0.0,0.0,0.0009587519998603966,0.0,6.123596460536776e-05,0.006919664000406556,0.2506258149999212,,0.04971358000011605,0.16891741399990678,0.252529031999984,0.15794998400019722,0.461164313999916,0.0,0.6300817279998228,0.6797953079999388,1e-07,,80000,v7_btab_boxeig
1225,expanded_box,topk,768,,768,0,"[15, 15]","[31, 31]",961,topk,768,,768,80000,961,cheap,30,0.01,,cupy,6.464258204981145e-09,2.454303235643777e-12,640,290,290,,290,128,961,264,1970176,0.1686497683685463,1.686497683685463,0.001,boxeig,20000,group_b,50,diag,0.001,50,auto,group_b,boxeig,9,10,3.443587501337791e-08,0,,,2,USGS_LPC_IL_Winnebago_2018_ground_elevation_regression_ntrain30000000,False,NVIDIA A100-SXM4-40GB,cheap,128,0,128,128,0,0,2,1225,,,,,,,6.464258204981145e-09,2.454303235643777e-12,,,,,1e-05,boxeig,29999999.9999756,True,,nan,0,0,,nan,0,0,0,0,False,9.0,SE,0.1,1.5,1.0,,59536,3000,btab_boxeig_topk_768_q128,35,10,9,7500000,30000000,3000,cufinufft,binned_c1,50,9,3.443587501337791e-08,pcg,converged,9,,True,0.1,0,0.0386814079570031,0.3742906418624834,0.37426111278128127,0,0.1,boxeig,ok,,0.0007855707000317125,0.007855707000317125,0.0005139173333393248,0.004625256000053923,1.0924850732356812,264,,1.686497683685463,0.0005364090000057331,5.154466665165577e-05,0.0004639019998649019,5.143188890441605e-05,0.0004628870001397445,0.00029359911114726047,0.0026423920003253443,0.5656662500000493,0.0,0.0,0.0009340449998944678,0.0,6.728600000214e-05,0.00060557400001926,0.5647322050001549,,0.05066856299981737,0.1643089560000135,0.5666712830000051,0.19612284799995905,0.5862304300001142,0.0,0.7505393860001277,0.8012079489999451,1e-07,,80000,v7_btab_boxeig
1225,,,,,,,,,,,,,,,,,,,,,,,,,,,,,,,,,,,,,group_b,,,,,,group_b,,1532,1533,7.453812753603274e-08,,,,2,USGS_LPC_IL_Winnebago_2018_ground_elevation_regression_ntrain10000000,False,NVIDIA A100-SXM4-40GB,,,,,,,,2,1225,,,,,,,,,0,0,,,1e-05,,,True,,,,,,,,,,,False,1532.0,SE,0.1,1.5,1.0,,,80000,plain_cg,35,1533,,2500000,10000000,3000,cufinufft,cufinufft,,,,,,,,True,0.1,0,,0.3821805313463219,0.38214677347966247,0,,,ok,,0.0006251568727998005,0.9583654860020943,,,,,,,,,,,,,,,,,,,,,,,,0.137219148999975,,0.05421310099995935,1.6394811310001387,,1.7767009650001455,,1e-07,,80000,v1
1225,,,,,,,,,,,,,,,,,,,,,,,,,,,,,,,,,,,,,group_b,,,,,,group_b,,52,53,9.288023753560108e-08,,,nan,2,USGS_LPC_IL_Winnebago_2018_ground_elevation_regression_ntrain10000000,False,NVIDIA A100-SXM4-40GB,,,,,,,,2,1225,72,3,nan,,1.8131222139922814,5.369727637690066e-07,,,5,352,0.0006027578115463257,0.21217074966430666,1e-05,,,True,[],,,,,,,,,,False,52.0,SE,0.1,1.5,1.0,nan,,3000,eigenpro_pcg_q64,35,53,52,2500000,10000000,3000,cufinufft,binned_c1,,,,,,,full_eigenpro,True,0.1,0,,0.38212108308966025,0.3820847604328395,0,,,ok,,0.0006380531886767336,0.03381681899986688,0.00015329494230470047,0.007971336999844425,,,[],,,,,,,,,,,,,,,,,0.21933511399993222,,0.07157201399991209,0.0002793140001813299,0.05404835100011951,0.07540796399985084,,0.36659440599987647,,1e-07,64,80000,v3
1225,,,,,,,,,,,,,,,,,,,,,,,,,,,,,,,,,,,,,group_b,,,,,,group_b,,8,9,1.5667963618578976e-08,,,nan,2,USGS_LPC_IL_Winnebago_2018_ground_elevation_regression_ntrain10000000,False,NVIDIA A100-SXM4-40GB,,,,,,,,2,1225,136,3,nan,,0.1831273849110504,5.423485366049208e-08,,,5,672,0.0006010849475860595,0.403929084777832,1e-05,,,True,[],,,,,,,,,,False,8.0,SE,0.1,1.5,1.0,nan,,3000,eigenpro_pcg_q128,35,9,8,2500000,10000000,3000,cufinufft,binned_c1,,,,,,,full_eigenpro,True,0.1,0,,0.38212098645702103,0.38208463675996573,0,,,ok,,0.0006433910000143644,0.0057905190001292794,0.0001674406250060656,0.0013395250000485248,,,[],,,,,,,,,,,,,,,,,0.4139756079998733,,0.06387540900004751,0.0002960389999770996,0.05404980899993461,0.012645842000210905,,0.49079289800010883,,1e-07,128,80000,v3
1225,,,,,,,,,,,,,,,,,,,,,,,,,,,,,,,,,,,,,group_b,,,,,,group_b,,6,7,3.4653585713852545e-08,,,nan,2,USGS_LPC_IL_Winnebago_2018_ground_elevation_regression_ntrain10000000,False,NVIDIA A100-SXM4-40GB,,,,,,,,2,1225,264,3,nan,,0.11671569204787571,3.456642206283821e-08,,,5,1312,0.0005985373520269626,0.785281005859375,1e-05,,,True,[],,,,,,,,,,False,6.0,SE,0.1,1.5,1.0,nan,,3000,eigenpro_pcg_q256,35,7,6,2500000,10000000,3000,cufinufft,binned_c1,,,,,,,full_eigenpro,True,0.1,0,,0.38212097548392515,0.3820846258278492,0,,,ok,,0.0006444777142990331,0.0045113440000932314,0.00015785549999236537,0.0009471329999541922,,,[],,,,,,,,,,,,,,,,,0.8033557920000476,,0.06358833599983882,0.0003498660000786913,0.05410285500011014,0.009869994999917253,,0.8771639889998823,,1e-07,256,80000,v3
1225,,,,,,,,,,,,,,,,,,,,,,,,,,,,,,,,,,,,,group_b,,,,,,group_b,,4,5,9.763982006213245e-08,,,nan,2,USGS_LPC_IL_Winnebago_2018_ground_elevation_regression_ntrain10000000,False,NVIDIA A100-SXM4-40GB,,,,,,,,2,1225,328,3,nan,,0.09998375432044827,2.961110533320565e-08,,,5,1632,0.0005993248621622722,0.9780981750488281,1e-05,,,True,[],,,,,,,,,,False,4.0,SE,0.1,1.5,1.0,nan,,3000,eigenpro_pcg_q320,35,5,4,2500000,10000000,3000,cufinufft,binned_c1,,,,,,,full_eigenpro,True,0.1,0,,0.38212136544824227,0.382085021342625,0,,,ok,,0.000644596799975261,0.0032229839998763055,0.00017528025000501657,0.0007011210000200663,,,[],,,,,,,,,,,,,,,,,0.9996592179998061,,0.06381511100016724,0.00031144100012170384,0.05408640199993897,0.006869267999945805,,1.0706550380000408,,1e-07,320,80000,v3
1225,,,,,,,,,,,,,,,,,,,,,,,,,,,,,,,,,,,,,group_b,,,,,,group_b,,4,5,3.657770322729061e-08,,,nan,2,USGS_LPC_IL_Winnebago_2018_ground_elevation_regression_ntrain10000000,False,NVIDIA A100-SXM4-40GB,,,,,,,,2,1225,392,3,nan,,0.08911077157252854,2.6390971826286426e-08,,,5,1952,0.0005981618302767393,1.1676118927001953,1e-05,,,True,[],,,,,,,,,,False,4.0,SE,0.1,1.5,1.0,nan,,3000,eigenpro_pcg_q384,35,5,4,2500000,10000000,3000,cufinufft,binned_c1,,,,,,,full_eigenpro,True,0.1,0,,0.3821211084423185,0.3820847563729526,0,,,ok,,0.0006352144000175031,0.0031760720000875153,0.00016920424991440086,0.0006768169996576034,,,[],,,,,,,,,,,,,,,,,1.1929108189999624,,0.06342331899986675,0.0002976490000037302,0.05408881900007145,0.0068498630000704,,1.2634816499999033,,1e-07,384,80000,v3
1225,,,,,,,,,,,,,,,,,,,,,,,,,,,,,,,,,,,,,group_b,,,,,,group_b,,4,5,7.437040757621692e-08,,,nan,2,USGS_LPC_IL_Winnebago_2018_ground_elevation_regression_ntrain10000000,False,NVIDIA A100-SXM4-40GB,,,,,,,,2,1225,456,3,nan,,0.07959623634470779,2.3573155004519644e-08,,,5,2272,0.0006036466544782611,1.3714851989746093,1e-05,,,True,[],,,,,,,,,,False,4.0,SE,0.1,1.5,1.0,nan,,3000,eigenpro_pcg_q448,35,5,4,2500000,10000000,3000,cufinufft,binned_c1,,,,,,,full_eigenpro,True,0.1,0,,0.3821209953798533,0.3820846467509957,0,,,ok,,0.0007580657999824326,0.0037903289999121625,0.00018417300003648052,0.0007366920001459221,,,[],,,,,,,,,,,,,,,,,1.4002476460000253,,0.06359016900000825,0.0002921640000295156,0.0547168089999559,0.008101342999907502,,1.4722313219999705,,1e-07,448,80000,v3
1225,expanded_box,topk,512,,512,0,"[12, 12]","[25, 25]",625,topk,512,,512,80000,625,cheap,30,0.01,,,,,,,,,,,,,,,,,chol_solve,20000,group_b,50,diag,0.001,50,auto,group_b,auto,3000,3001,0.0006498981652568371,6250000,,,2,USGS_LPC_IL_Winnebago_2018_ground_elevation_regression_ntrain10000000,False,NVIDIA A100-SXM4-40GB,cheap,0,0,0,0,0,0,2,1225,,,,,,,,,,,,,1e-05,chol_solve,9999999.999991786,True,,nan,0,50,diag,0.001,0,0,0,0,False,3000.0,SE,0.1,1.5,1.0,,0,3000,btab_auto_topk_512,35,3001,3001,2500000,10000000,3000,cufinufft,binned_c1,50,3000,0.0006498981652568371,pcg,maxiter,3001,,True,0.1,0,8.29313806561155,0.3830245397773923,0.3829813815266463,0,0.1,exact,ok,,0.0006343007610794108,1.903536583999312,0.00047960769477066874,1.4393026920067769,248.37653492276362,600,,,0.0004954990001806436,4.576058580287763e-05,0.13732751799443577,4.200617727698516e-05,0.12606053800823247,0.0002907058850380168,0.8724083609990885,0.01042800699997315,0.008840558999963832,-0.01042800699997315,0.0,0.0013514889999441948,5.7612881038157526e-05,0.17289625599551073,,,8.562300013181812e-05,0.06441381099989485,0.011799162999977852,0.056521226999848295,5.240569980000146,0.00023595900006512238,5.304983791000041,5.305069414000172,1e-07,,80000,v6_btab
1225,expanded_box,topk,1024,,1024,0,"[17, 17]","[35, 35]",1225,topk,1024,,1024,80000,1225,cheap,30,0.01,,,,,,,,,,,,,,,,,chol_solve,20000,group_b,50,diag,0.001,50,auto,group_b,auto,3000,3001,0.00025526713461205126,24010000,,,2,USGS_LPC_IL_Winnebago_2018_ground_elevation_regression_ntrain10000000,False,NVIDIA A100-SXM4-40GB,cheap,0,0,0,0,0,0,2,1225,,,,,,,,,,,,,1e-05,chol_solve,9999999.999991786,True,,nan,0,50,diag,0.001,0,0,0,0,False,3000.0,SE,0.1,1.5,1.0,,0,3000,btab_auto_topk_1024,35,3001,3001,2500000,10000000,3000,cufinufft,binned_c1,50,3000,0.00025526713461205126,pcg,maxiter,3001,,True,0.1,0,0.0,0.3830168792359095,0.38297553623664393,0,0.1,exact,ok,,0.0006251332752434065,1.8760249590054627,0.0006480245468178326,1.9447216650003156,0.0,0,,,0.0005047889999332256,1.7041412196063508e-05,0.05114127800038659,3.776756481271321e-05,0.11334046200295234,0.000493977375874728,1.4824261050000587,0.03777615200010587,0.03389587800006666,-0.03777615200010587,0.0,0.0034214709999105253,5.7066349217614975e-05,0.17125611400206253,,,2.843400011443009e-05,0.07485516400015513,0.039052308999998786,0.05623310800001491,5.739561654999989,0.00045880300012868247,5.814416819000144,5.814445253000258,1e-07,,80000,v6_btab
1225,expanded_box,topk,256,,256,0,"[9, 9]","[19, 19]",361,topk,256,,256,80000,361,cheap,30,0.01,,cupy,1.907508283872134e-12,5.73736735783471e-14,320,162,162,,162,64,361,864,370688,35.79363205132264,357.93632051322635,0.001,boxeig,20000,group_b,50,diag,0.001,50,auto,group_b,boxeig,747,748,8.950924651503371e-08,0,,,2,USGS_LPC_IL_Winnebago_2018_ground_elevation_regression_ntrain10000000,False,NVIDIA A100-SXM4-40GB,cheap,64,0,64,64,0,0,2,1225,,,,,,,1.907508283872134e-12,5.73736735783471e-14,,,,,1e-05,boxeig,9999999.999991786,True,,nan,0,0,,nan,0,0,0,0,False,747.0,SE,0.1,1.5,1.0,,21904,3000,btab_boxeig_topk_256_q64,35,748,747,2500000,10000000,3000,cufinufft,binned_c1,50,747,8.950924651503371e-08,pcg,converged,747,,True,0.1,0,1399.656127360063,0.3821210021705614,0.38208465251937435,0,0.1,boxeig,ok,,0.0006367930093520507,0.4763211709953339,0.00042704419812524544,0.31900201599955835,45666.53112637907,864,,357.93632051322635,0.0004676820001350279,4.606786345095724e-05,0.03441269399786506,3.9293257023590905e-05,0.029352062996622408,0.00024156420482288824,0.1804484610026975,0.122607465000101,0.0,0.0,0.0009781999999631807,0.0,5.757101205080359e-05,0.04300554600195028,0.12162926500013782,,0.02585745900000802,0.07383223500005442,0.1234999579999112,0.054633081000019956,1.390542675000006,0.0,1.4643749100000605,1.4902323690000685,1e-07,,80000,v7_btab_boxeig
1225,expanded_box,topk,512,,512,0,"[12, 12]","[25, 25]",625,topk,512,,512,80000,625,cheap,30,0.01,,cupy,6.279499039248207e-10,1.1597586931789765e-12,640,290,290,,290,128,625,600,1282048,0.11665030031202278,1.1665030031202277,0.001,boxeig,20000,group_b,50,diag,0.001,50,auto,group_b,boxeig,66,67,9.153415030593992e-08,0,,,2,USGS_LPC_IL_Winnebago_2018_ground_elevation_regression_ntrain10000000,False,NVIDIA A100-SXM4-40GB,cheap,128,0,128,128,0,0,2,1225,,,,,,,6.279499039248207e-10,1.1597586931789765e-12,,,,,1e-05,boxeig,9999999.999991786,True,,nan,0,0,,nan,0,0,0,0,False,66.0,SE,0.1,1.5,1.0,,38416,3000,btab_boxeig_topk_512_q128,35,67,66,2500000,10000000,3000,cufinufft,binned_c1,50,66,9.153415030593992e-08,pcg,converged,66,,True,0.1,0,8.29313806561155,0.38212099909798997,0.38208464952058485,0,0.1,boxeig,ok,,0.0007376395373244326,0.049421849000736984,0.00048451918179938673,0.031978265998759525,248.37653492276362,600,,1.1665030031202277,0.0004981419999694481,5.1498075749529534e-05,0.0033988729994689493,4.3794318165082863e-05,0.002890424998895469,0.0002749821212133115,0.018148820000078558,0.31302354300032675,0.0,0.0,0.0009683560001576552,0.0,6.478006060440362e-05,0.004275483999890639,0.3120551870001691,,0.04990908400009175,0.06665081400001327,0.3139659109999684,0.05607235200000105,0.44299441699990894,0.0,0.5096452309999222,0.559554315000014,1e-07,,80000,v7_btab_boxeig
1225,expanded_box,topk,768,,768,0,"[15, 15]","[31, 31]",961,topk,768,,768,80000,961,cheap,30,0.01,,cupy,2.894695895450882e-09,3.1450437657618137e-12,640,290,290,,290,128,961,264,1970176,0.12286006528230999,1.2286006528230997,0.001,boxeig,20000,group_b,50,diag,0.001,50,auto,group_b,boxeig,7,8,7.369206613753725e-09,0,,,2,USGS_LPC_IL_Winnebago_2018_ground_elevation_regression_ntrain10000000,False,NVIDIA A100-SXM4-40GB,cheap,128,0,128,128,0,0,2,1225,,,,,,,2.894695895450882e-09,3.1450437657618137e-12,,,,,1e-05,boxeig,9999999.999991786,True,,nan,0,0,,nan,0,0,0,0,False,7.0,SE,0.1,1.5,1.0,,59536,3000,btab_boxeig_topk_768_q128,35,8,7,2500000,10000000,3000,cufinufft,binned_c1,50,7,7.369206613753725e-09,pcg,converged,7,,True,0.1,0,0.012893802652334264,0.3821210026366299,0.3820846529174598,0,0.1,boxeig,ok,,0.0008027886250090432,0.006422309000072346,0.0005425805714237088,0.0037980639999659616,0.36416169107855745,264,,1.2286006528230997,0.0005125739999130019,5.789171424502066e-05,0.00040524199971514463,4.5902142866387817e-05,0.0003213150000647147,0.00030985057144659677,0.0021689540001261776,0.24694313700001658,0.0,0.0,0.000983291000011377,0.0,7.321257141614166e-05,0.0005124879999129917,0.2459598460000052,,0.0618273439999939,0.07384315299987065,0.24789628500002436,0.05527447199983726,0.26431989600018824,0.0,0.3381630490000589,0.3999903930000528,1e-07,,80000,v7_btab_boxeig
35721,,,,,,,,,,,,,,,,,,,,,,,,,,,,,,,,,,,,,group_c,,,,,,group_c,,11282,11283,8.691061164640788e-08,,,,2,synthetic_true_func_2d_ntrain300000000,False,NVIDIA A100-SXM4-40GB,,,,,,,,2,35721,,,,,,,,,0,0,,,1e-05,,,True,,,,,,,,,,,False,11282.0,matern,0.1,1.5,1.0,,,80000,plain_cg,189,11283,,75000000,300000000,3000,cufinufft,cufinufft,,,,,,,,True,0.1,0,,0.0017288248796066999,0.3000125242889939,0,,,ok,,0.000640586144376597,7.227733467001144,,,,,,,,,,,,,,,,,,,,,,,,2.985154156999897,,1.532146426000054,12.286362669000027,,15.271517430999893,,1e-07,,80000,v1
35721,,,,,,,,,,,,,,,,,,,,,,,,,,,,,,,,,,,,,group_c,,,,,,group_c,,3000,3001,2.738216909162006e-07,,,nan,2,synthetic_true_func_2d_ntrain300000000,False,NVIDIA A100-SXM4-40GB,,,,,,,,2,35721,72,3,nan,,481737.745296971,0.011140672753495824,,,5,352,0.0005478109121322632,0.19282944107055663,1e-05,,,True,[],,,,,,,,,,False,3000.0,matern,0.1,1.5,1.0,nan,,3000,eigenpro_pcg_q64,189,3001,3001,75000000,300000000,3000,cufinufft,binned_c1,,,,,,,full_eigenpro,True,0.1,0,,0.0017393213071633642,0.30001253599238986,0,,,ok,,0.0006527255001654103,1.9588292259963964,0.00018443996134620444,0.5535043239999595,,,[],,,,,,,,,,,,,,,,,0.22776169899998422,,1.5333797310001955,0.00029805799999849114,1.536386101000062,4.448668569999882,,6.21010805800006,,1e-07,64,80000,v3
35721,,,,,,,,,,,,,,,,,,,,,,,,,,,,,,,,,,,,,group_c,,,,,,group_c,,2009,2010,9.362866607893936e-08,,,nan,2,synthetic_true_func_2d_ntrain300000000,False,NVIDIA A100-SXM4-40GB,,,,,,,,2,35721,136,3,nan,,181751.97672361223,0.0041876543767637945,,,5,672,0.0005329325653257823,0.3581306838989258,1e-05,,,True,[],,,,,,,,,,False,2009.0,matern,0.1,1.5,1.0,nan,,3000,eigenpro_pcg_q128,189,2010,2009,75000000,300000000,3000,cufinufft,binned_c1,,,,,,,full_eigenpro,True,0.1,0,,0.0017390589685197411,0.3000125272814118,0,,,ok,,0.0006528188049719687,1.3121657979936572,0.00021231181831577844,0.42653444299639887,,,[],,,,,,,,,,,,,,,,,0.42437842899994394,,1.5311327740000706,0.0002953650000563357,1.5327451299999666,3.028580922999936,,4.984387491000007,,1e-07,128,80000,v3
35721,,,,,,,,,,,,,,,,,,,,,,,,,,,,,,,,,,,,,group_c,,,,,,group_c,,963,964,9.061937626169516e-08,,,nan,2,synthetic_true_func_2d_ntrain300000000,False,NVIDIA A100-SXM4-40GB,,,,,,,,2,35721,264,3,nan,,56457.67304599941,0.0013002330191065105,,,5,1312,0.0005407133567623976,0.7094159240722656,1e-05,,,True,[],,,,,,,,,,False,963.0,matern,0.1,1.5,1.0,nan,,3000,eigenpro_pcg_q256,189,964,963,75000000,300000000,3000,cufinufft,binned_c1,,,,,,,full_eigenpro,True,0.1,0,,0.0017390334660075334,0.3000125288791683,0,,,ok,,0.0006535888941899388,0.630059693999101,0.00032448546625042245,0.3124795039991568,,,[],,,,,,,,,,,,,,,,,0.8472951319999993,,1.5311697739998635,0.0003167300001223339,1.5363044220000575,1.5619258029998946,,3.9407074389998797,,1e-07,256,80000,v3
35721,,,,,,,,,,,,,,,,,,,,,,,,,,,,,,,,,,,,,group_c,,,,,,group_c,,754,755,9.766594386644018e-08,,,nan,2,synthetic_true_func_2d_ntrain300000000,False,NVIDIA A100-SXM4-40GB,,,,,,,,2,35721,328,3,nan,,37465.29283223758,0.0008628135371473602,,,5,1632,0.0005547294149211809,0.9053184051513672,1e-05,,,True,[],,,,,,,,,,False,754.0,matern,0.1,1.5,1.0,nan,,3000,eigenpro_pcg_q320,189,755,754,75000000,300000000,3000,cufinufft,binned_c1,,,,,,,full_eigenpro,True,0.1,0,,0.001739061917527943,0.300012528919261,0,,,ok,,0.0006480602834493019,0.48928551400422293,0.0003733767148513779,0.28152604299793893,,,[],,,,,,,,,,,,,,,,,1.07964326299998,,1.530950350000012,0.0003057700000681507,1.5249373970000306,1.25400989700006,,3.86490928000012,,1e-07,320,80000,v3
35721,,,,,,,,,,,,,,,,,,,,,,,,,,,,,,,,,,,,,group_c,,,,,,group_c,,589,590,9.70084517373308e-08,,,nan,2,synthetic_true_func_2d_ntrain300000000,False,NVIDIA A100-SXM4-40GB,,,,,,,,2,35721,392,3,nan,,27205.45564687807,0.0006265271454140908,,,5,1952,0.0005687753411590076,1.110249465942383,1e-05,,,True,[],,,,,,,,,,False,589.0,matern,0.1,1.5,1.0,nan,,3000,eigenpro_pcg_q384,189,590,589,75000000,300000000,3000,cufinufft,binned_c1,,,,,,,full_eigenpro,True,0.1,0,,0.0017392186473843755,0.3000125311593491,0,,,ok,,0.0006591405000038984,0.38889289500230007,0.0004254098132474326,0.2505663800027378,,,[],,,,,,,,,,,,,,,,,1.3221236469998985,,1.5305167540000184,0.00030092299994066707,1.5411479649999364,1.0236576520001108,,3.8765989759999684,,1e-07,384,80000,v3
35721,,,,,,,,,,,,,,,,,,,,,,,,,,,,,,,,,,,,,group_c,,,,,,group_c,,489,490,9.974761619092886e-08,,,nan,2,synthetic_true_func_2d_ntrain300000000,False,NVIDIA A100-SXM4-40GB,,,,,,,,2,35721,456,3,nan,,20374.607867183757,0.0004692144309533176,,,5,2272,0.0005654814545537385,1.2847738647460938,1e-05,,,True,[],,,,,,,,,,False,489.0,matern,0.1,1.5,1.0,nan,,3000,eigenpro_pcg_q448,189,490,489,75000000,300000000,3000,cufinufft,binned_c1,,,,,,,full_eigenpro,True,0.1,0,,0.0017391419418069688,0.3000125316827028,0,,,ok,,0.0006415245428514732,0.31434702599722186,0.0004787663865030154,0.23411676299997453,,,[],,,,,,,,,,,,,,,,,1.5400241070001357,,1.5303327120000176,0.0003132790000108798,1.5195610079999824,0.85961564299987,,3.9302857410000342,,1e-07,448,80000,v3
35721,expanded_box,topk,2048,,2048,0,"[25, 25]","[51, 51]",2601,topk,2048,,2048,80000,2601,cheap,30,0.01,,,,,,,,,,,,,,,,,inverse,20000,group_c,50,diag,0.001,50,auto,group_c,auto,522,523,6.995980976968185e-08,0,,,2,synthetic_true_func_2d_ntrain300000000,False,NVIDIA A100-SXM4-40GB,cheap,0,0,0,0,0,0,2,35721,,,,,,,,,,,,,1e-05,inverse,299999999.99961233,True,,nan,0,50,diag,0.001,0,0,0,108243216,False,522.0,matern,0.1,1.5,1.0,,0,3000,btab_auto_topk_2048,189,523,522,75000000,300000000,3000,cufinufft,binned_c1,50,522,6.995980976968185e-08,pcg,converged,522,,True,0.1,0,16364.323522779074,0.0017384330250504237,0.30001252064256634,0,0.1,exact,ok,,0.0006336951472269905,0.331422561999716,0.0003341945478860346,0.17444955399651008,18906336.02099381,33120,,,0.001781124999979511,4.46340478914326e-05,0.023298972999327816,4.093467050133977e-05,0.02136789800169936,0.00015111947701585115,0.0788843670022743,0.2011607819999881,0.17853458500007946,0.014073134999989634,0.0,0.00698277399988001,5.5787392719111584e-05,0.029121018999376247,,,0.00034796499994627084,1.5310279529999207,0.20383092400015812,1.5321457420000115,1.0309833569999682,0.0015702880000389996,2.562011309999889,2.562359274999835,1e-07,,80000,v6_btab
35721,expanded_box,topk,4096,,4096,0,"[36, 36]","[73, 73]",5329,topk,4096,,4096,80000,5329,cheap,30,0.01,,,,,,,,,,,,,,,,,inverse,20000,group_c,50,diag,0.001,50,auto,group_c,auto,246,247,9.750568572310343e-08,0,,,2,synthetic_true_func_2d_ntrain300000000,False,NVIDIA A100-SXM4-40GB,cheap,0,0,0,0,0,0,2,35721,,,,,,,,,,,,,1e-05,inverse,299999999.99961233,True,,nan,0,50,diag,0.001,0,0,0,454371856,False,246.0,matern,0.1,1.5,1.0,,0,3000,btab_auto_topk_4096,189,247,246,75000000,300000000,3000,cufinufft,binned_c1,50,246,9.750568572310343e-08,pcg,converged,246,,True,0.1,0,2951.563401371989,0.0017384730847576602,0.30001252072503487,0,0.1,exact,ok,,0.0006361264777435118,0.15712324000264744,0.0005961720853732677,0.14665833300182385,6372419.880379709,30392,,,0.0018556489999355108,4.452249999954299e-05,0.010952534999887575,4.2717402439899986e-05,0.010508481000215397,0.00040952580893719007,0.10074334899854875,0.873659435000036,0.7480898759999945,0.0947314960001222,0.0,0.024789847999954873,5.689409349043871e-05,0.013995946998647923,,,0.00030896699990989873,1.530332111000007,0.8764626209999733,1.519700246999946,1.3324985439999182,0.00604821499996433,2.862830654999925,2.863139621999835,1e-07,,80000,v6_btab
35721,expanded_box,topk,20480,,20480,0,"[80, 80]","[161, 161]",25921,topk,20480,,20480,80000,25921,cheap,30,0.01,,cupy,1.6235676038799686e-13,6.235341293869118e-15,1600,674,674,,674,320,25921,9800,132720640,26920.289736935872,269202.8973693587,0.001,boxeig,20000,group_c,50,diag,0.001,50,auto,group_c,boxeig,892,893,9.901417262934231e-08,0,,,2,synthetic_true_func_2d_ntrain300000000,False,NVIDIA A100-SXM4-40GB,cheap,320,0,320,320,0,0,2,35721,,,,,,,1.6235676038799686e-13,6.235341293869118e-15,,,,,1e-05,boxeig,299999999.99961233,True,,nan,0,0,,nan,0,0,0,0,False,892.0,matern,0.1,1.5,1.0,,1648656,3000,btab_boxeig_topk_20480_q320,189,893,892,75000000,300000000,3000,cufinufft,binned_c1,50,892,9.901417262934231e-08,pcg,converged,892,,True,0.1,0,61.117451836373945,0.0017380884809040972,0.3000125285940719,0,0.1,boxeig,ok,,0.0006622565408694926,0.5913950909964569,0.0005027039641201591,0.4484119359951819,245733.59308476432,9800,,269202.8973693587,0.0034886790001564805,4.617748206635446e-05,0.04119031400318818,4.124344730834281e-05,0.036789154999041784,0.00031351942936729585,0.2796593309956279,0.8886422180000864,0.0,0.0,0.004011796999975559,0.0,5.891049999790627e-05,0.05254816599813239,0.8846304210001108,,0.13223904200003744,1.531031146000032,0.8930294730000696,1.5327178499999263,2.509234719999995,0.0,4.040265866000027,4.1725049080000645,1e-07,,80000,v7_btab_boxeig
35721,expanded_box,topk,20480,,20480,0,"[80, 80]","[161, 161]",25921,topk,20480,,20480,80000,25921,cheap,30,0.01,,cupy,1.2687464035185132e-13,1.1404221108718457e-14,1920,802,802,,802,384,25921,9800,159264768,17261.10008297926,172611.0008297926,0.001,boxeig,20000,group_c,50,diag,0.001,50,auto,group_c,boxeig,686,687,9.848394803105577e-08,0,,,2,synthetic_true_func_2d_ntrain300000000,False,NVIDIA A100-SXM4-40GB,cheap,384,0,384,384,0,0,2,35721,,,,,,,1.2687464035185132e-13,1.1404221108718457e-14,,,,,1e-05,boxeig,299999999.99961233,True,,nan,0,0,,nan,0,0,0,0,False,686.0,matern,0.1,1.5,1.0,,1648656,3000,btab_boxeig_topk_20480_q384,189,687,686,75000000,300000000,3000,cufinufft,binned_c1,50,686,9.848394803105577e-08,pcg,converged,686,,True,0.1,0,61.117451836373945,0.0017380105610435524,0.3000125293581911,0,0.1,boxeig,ok,,0.0006637945254655466,0.45602683899483054,0.0005448082448949112,0.3737384559979091,245733.59308476432,9800,,172611.0008297926,0.003475449000006847,4.733795481281246e-05,0.032473837001589345,4.287120699933948e-05,0.029409648001546884,0.0003529945801702888,0.2421542819968181,0.7391251469998679,0.0,0.0,0.0010414639998543862,0.0,5.812791982862109e-05,0.03987575300243407,0.7380836830000135,,0.15679196299993237,1.5292668269999012,0.7435691359999055,1.5273624439998912,2.019362289000128,0.0,3.548629116000029,3.7054210789999615,1e-07,,80000,v7_btab_boxeig
35721,expanded_box,topk,32768,,32768,0,"[94, 94]","[189, 189]",35721,topk,32768,,32768,80000,35721,cheap,30,0.01,,cupy,4.0465180971532345e-14,2.8552728498329234e-15,960,418,418,,418,192,35721,0,109737984,89464.78466059167,894647.8466059166,0.001,boxeig,20000,group_c,50,diag,0.001,50,auto,group_c,boxeig,1140,1141,9.984378130047233e-08,0,,,2,synthetic_true_func_2d_ntrain300000000,False,NVIDIA A100-SXM4-40GB,cheap,192,0,192,192,0,0,2,35721,,,,,,,4.0465180971532345e-14,2.8552728498329234e-15,,,,,1e-05,boxeig,299999999.99961233,True,,nan,0,0,,nan,0,0,0,0,False,1140.0,matern,0.1,1.5,1.0,,2274064,3000,btab_boxeig_topk_32768_q192,189,1141,1140,75000000,300000000,3000,cufinufft,binned_c1,50,1140,9.984378130047233e-08,pcg,converged,1140,,True,0.1,0,0.0,0.0017390224478519081,0.30001252950543916,0,0.1,boxeig,ok,,0.0006509204311997443,0.7427002119989083,0.0004390660675438228,0.500535316999958,0.0,0,,894647.8466059166,0.0044378210000104445,1.7367097369483338e-05,0.019798491001211005,3.14782929815026e-05,0.03588525399891296,0.00029155075438375047,0.33236785999747553,0.4293333799998891,0.0,0.0,0.0009146599998075544,0.0,5.771293947518324e-05,0.0657927510017089,0.4284187200000815,,0.0821802899999966,1.5292141909999373,0.4345909040000606,1.530386713000098,2.4058339250000245,0.0,3.9350481159999617,4.017228405999958,1e-07,,80000,v7_btab_boxeig
35721,expanded_box,topk,32768,,32768,0,"[94, 94]","[189, 189]",35721,topk,32768,,32768,80000,35721,cheap,30,0.01,,cupy,4.9709168143287706e-14,4.756045517606972e-15,1280,546,546,,546,256,35721,0,146317312,45066.20729567726,450662.0729567726,0.001,boxeig,20000,group_c,50,diag,0.001,50,auto,group_c,boxeig,812,813,9.059846568519519e-08,0,,,2,synthetic_true_func_2d_ntrain300000000,False,NVIDIA A100-SXM4-40GB,cheap,256,0,256,256,0,0,2,35721,,,,,,,4.9709168143287706e-14,4.756045517606972e-15,,,,,1e-05,boxeig,299999999.99961233,True,,nan,0,0,,nan,0,0,0,0,False,812.0,matern,0.1,1.5,1.0,,2274064,3000,btab_boxeig_topk_32768_q256,189,813,812,75000000,300000000,3000,cufinufft,binned_c1,50,812,9.059846568519519e-08,pcg,converged,812,,True,0.1,0,0.0,0.001739245309600861,0.30001253102827724,0,0.1,boxeig,ok,,0.000651376896678623,0.5295694169997205,0.000492957341133562,0.4002813610004523,0.0,0,,450662.0729567726,0.004358425999953397,1.742512808131023e-05,0.014149204002023907,3.174625985319177e-05,0.025777963000791715,0.00034529336700115846,0.2803782140049407,0.4994882870000765,0.0,0.0,0.0009249869999621296,0.0,5.7523613303502884e-05,0.04670917400244434,0.4985633000001144,,0.10853517100008503,1.5286825599998792,0.5047749430000295,1.5297034999998687,1.9525704290001613,0.0,3.4812529890000405,3.5897881600001256,1e-07,,80000,v7_btab_boxeig
35721,expanded_box,topk,32768,,32768,0,"[94, 94]","[189, 189]",35721,topk,32768,,32768,80000,35721,cheap,30,0.01,,cupy,6.809244309801908e-14,6.612856353746819e-15,1600,674,674,,674,320,35721,0,182896640,26920.316466578057,269203.16466578055,0.001,boxeig,20000,group_c,50,diag,0.001,50,auto,group_c,boxeig,632,633,9.904149998246267e-08,0,,,2,synthetic_true_func_2d_ntrain300000000,False,NVIDIA A100-SXM4-40GB,cheap,320,0,320,320,0,0,2,35721,,,,,,,6.809244309801908e-14,6.612856353746819e-15,,,,,1e-05,boxeig,299999999.99961233,True,,nan,0,0,,nan,0,0,0,0,False,632.0,matern,0.1,1.5,1.0,,2274064,3000,btab_boxeig_topk_32768_q320,189,633,632,75000000,300000000,3000,cufinufft,binned_c1,50,632,9.904149998246267e-08,pcg,converged,632,,True,0.1,0,0.0,0.0017391268826690471,0.3000125315166184,0,0.1,boxeig,ok,,0.0006577532701382766,0.4163578199975291,0.0005428410743685261,0.34307555900090847,0.0,0,,269203.16466578055,0.004416004999939105,1.748331962043658e-05,0.01104945800011592,3.198887500304086e-05,0.020216969001921825,0.00039384827215227936,0.24891210800024055,0.622330158000068,0.0,0.0,0.0009005530000649742,0.0,5.8006620252937654e-05,0.0366601839998566,0.621429605000003,,0.13434730400012995,1.5291758439998375,0.6278183999997964,1.5355063719998725,1.7964770840001165,0.0,3.325652927999954,3.460000232000084,1e-07,,80000,v7_btab_boxeig
35721,expanded_box,topk,32768,,32768,0,"[94, 94]","[189, 189]",35721,topk,32768,,32768,80000,35721,cheap,30,0.01,,cupy,2.0869368344901354e-13,1.1020090913623245e-14,1920,802,802,,802,384,35721,0,219475968,17261.127469039428,172611.27469039426,0.001,boxeig,20000,group_c,50,diag,0.001,50,auto,group_c,boxeig,510,511,9.480964558870693e-08,0,,,2,synthetic_true_func_2d_ntrain300000000,False,NVIDIA A100-SXM4-40GB,cheap,384,0,384,384,0,0,2,35721,,,,,,,2.0869368344901354e-13,1.1020090913623245e-14,,,,,1e-05,boxeig,299999999.99961233,True,,nan,0,0,,nan,0,0,0,0,False,510.0,matern,0.1,1.5,1.0,,2274064,3000,btab_boxeig_topk_32768_q384,189,511,510,75000000,300000000,3000,cufinufft,binned_c1,50,510,9.480964558870693e-08,pcg,converged,510,,True,0.1,0,0.0,0.0017390411388697883,0.3000125319630892,0,0.1,boxeig,ok,,0.0006582710117431201,0.3363764870007344,0.000594506415692355,0.303198272003101,0.0,0,,172611.27469039426,0.004545821999954569,1.7535407844697343e-05,0.008943058000795645,3.234029215500235e-05,0.0164935489990512,0.00044500051176417436,0.22695026099972893,0.7472868539998672,0.0,0.0,0.0009129019999818411,0.0,5.815595097606003e-05,0.029659534997790615,0.7463739519998853,,0.16022306200011371,1.530009224999958,0.7530653070000426,1.5231436610001765,1.7222486559999197,0.0,3.2522578809998777,3.4124809429999914,1e-07,,80000,v7_btab_boxeig
35721,expanded_box,topk,32768,,32768,0,"[94, 94]","[189, 189]",35721,topk,32768,,32768,80000,35721,cheap,30,0.01,,cupy,3.731834749287164e-13,1.204166393071242e-14,2240,930,930,,930,448,35721,0,256055296,12033.804541007532,120338.04541007531,0.001,boxeig,20000,group_c,50,diag,0.001,50,auto,group_c,boxeig,416,417,9.984018563129197e-08,0,,,2,synthetic_true_func_2d_ntrain300000000,False,NVIDIA A100-SXM4-40GB,cheap,448,0,448,448,0,0,2,35721,,,,,,,3.731834749287164e-13,1.204166393071242e-14,,,,,1e-05,boxeig,299999999.99961233,True,,nan,0,0,,nan,0,0,0,0,False,416.0,matern,0.1,1.5,1.0,,2274064,3000,btab_boxeig_topk_32768_q448,189,417,416,75000000,300000000,3000,cufinufft,binned_c1,50,416,9.984018563129197e-08,pcg,converged,416,,True,0.1,0,0.0,0.0017392043874541348,0.30001253350864415,0,0.1,boxeig,ok,,0.0006479986378847481,0.27021543199793996,0.0006479776586549344,0.26955870600045273,0.0,0,,120338.04541007531,0.004427521000025081,1.7378687499667823e-05,0.007229533999861815,3.246991587137525e-05,0.013507485002492103,0.0004998691971133204,0.20794558599914126,0.8919956520001051,0.0,0.0,0.0009176930000194261,0.0,5.7367749996309125e-05,0.023864983998464595,0.8910779590000857,,0.18399185900011616,1.5299329179999859,0.8977773290000641,1.5196937489999982,1.702416921999884,0.0,3.23234983999987,3.416341698999986,1e-07,,80000,v7_btab_boxeig
35721,expanded_box,topk,35721,,35721,0,"[94, 94]","[189, 189]",35721,topk,35721,,35721,80000,35721,cheap,30,0.01,,cupy,2.7411898595826448e-14,2.9014721114527183e-15,960,418,418,,418,192,35721,0,109737984,89464.78466059169,894647.8466059169,0.001,boxeig,20000,group_c,50,diag,0.001,50,auto,group_c,boxeig,1169,1170,9.739445804281783e-08,0,,,2,synthetic_true_func_2d_ntrain300000000,False,NVIDIA A100-SXM4-40GB,cheap,192,0,192,192,0,0,2,35721,,,,,,,2.7411898595826448e-14,2.9014721114527183e-15,,,,,1e-05,boxeig,299999999.99961233,True,,nan,0,0,,nan,0,0,0,0,False,1169.0,matern,0.1,1.5,1.0,,2274064,3000,btab_boxeig_topk_35721_q192,189,1170,1169,75000000,300000000,3000,cufinufft,binned_c1,50,1169,9.739445804281783e-08,pcg,converged,1169,,True,0.1,0,0.0,0.0017389583491277366,0.30001252844161685,0,0.1,boxeig,ok,,0.0006493684735038482,0.7597611139995024,0.00043805108725538945,0.5120817210015502,0.0,0,,894647.8466059169,0.00454250999996475,1.7201686056236916e-05,0.020108770999740955,3.1291243799624595e-05,0.03657946400176115,0.00029114219760627996,0.34034522900174125,0.35713609999993423,0.0,0.0,0.0008756370000355673,0.0,5.790780068826286e-05,0.06769421900457928,0.35626046299989866,,0.08285992200012515,1.529016004000141,0.36248458800014305,1.5305334409999887,2.3793858189999355,0.0,3.9084018230000765,3.9912617450002017,1e-07,,80000,v7_btab_boxeig
35721,expanded_box,topk,35721,,35721,0,"[94, 94]","[189, 189]",35721,topk,35721,,35721,80000,35721,cheap,30,0.01,,cupy,5.5178042291823104e-14,6.714508588243364e-15,1280,546,546,,546,256,35721,0,146317312,45066.207295677275,450662.07295677275,0.001,boxeig,20000,group_c,50,diag,0.001,50,auto,group_c,boxeig,812,813,9.802929064017574e-08,0,,,2,synthetic_true_func_2d_ntrain300000000,False,NVIDIA A100-SXM4-40GB,cheap,256,0,256,256,0,0,2,35721,,,,,,,5.5178042291823104e-14,6.714508588243364e-15,,,,,1e-05,boxeig,299999999.99961233,True,,nan,0,0,,nan,0,0,0,0,False,812.0,matern,0.1,1.5,1.0,,2274064,3000,btab_boxeig_topk_35721_q256,189,813,812,75000000,300000000,3000,cufinufft,binned_c1,50,812,9.802929064017574e-08,pcg,converged,812,,True,0.1,0,0.0,0.001739242032915101,0.3000125310271376,0,0.1,boxeig,ok,,0.0006450139421853738,0.5243963349967089,0.0004904588423667255,0.3982525800017811,0.0,0,,450662.07295677275,0.004597723999950176,1.735313670225179e-05,0.014090747002228454,3.1285825122516505e-05,0.025404089999483404,0.0003439051046821145,0.27925094500187697,0.7360964520000834,0.0,0.0,0.0009153210000931722,0.0,5.699633127984145e-05,0.04628102099923126,0.7351811309999903,,0.10607226899992384,1.529595499999914,0.7416165300001012,1.5202872939998997,2.175535259000071,0.0,3.705130758999985,3.811203027999909,1e-07,,80000,v7_btab_boxeig
35721,expanded_box,topk,35721,,35721,0,"[94, 94]","[189, 189]",35721,topk,35721,,35721,80000,35721,cheap,30,0.01,,cupy,1.236178362314656e-13,6.567155111333049e-15,1600,674,674,,674,320,35721,0,182896640,26920.316466578057,269203.16466578055,0.001,boxeig,20000,group_c,50,diag,0.001,50,auto,group_c,boxeig,634,635,9.818394805467437e-08,0,,,2,synthetic_true_func_2d_ntrain300000000,False,NVIDIA A100-SXM4-40GB,cheap,320,0,320,320,0,0,2,35721,,,,,,,1.236178362314656e-13,6.567155111333049e-15,,,,,1e-05,boxeig,299999999.99961233,True,,nan,0,0,,nan,0,0,0,0,False,634.0,matern,0.1,1.5,1.0,,2274064,3000,btab_boxeig_topk_35721_q320,189,635,634,75000000,300000000,3000,cufinufft,binned_c1,50,634,9.818394805467437e-08,pcg,converged,634,,True,0.1,0,0.0,0.0017391426541165874,0.30001253136000244,0,0.1,boxeig,ok,,0.0006608161527618525,0.4196182570037763,0.0005599799858047088,0.35502731100018536,0.0,0,,269203.16466578055,0.004623597999852791,1.7613029973571563e-05,0.011166661003244371,3.3470416402359706e-05,0.021220243999096056,0.00040823984857830476,0.2588240639986452,2.4923141949998353,0.0,0.0,0.0009358629999951518,0.0,5.922237854464116e-05,0.037546987997302494,2.49137833199984,,0.13539560499998515,1.5296649389999857,2.4981285170001684,1.5308231359999809,3.686983156999986,0.0,5.216648095999972,5.352043700999957,1e-07,,80000,v7_btab_boxeig
35721,expanded_box,topk,35721,,35721,0,"[94, 94]","[189, 189]",35721,topk,35721,,35721,80000,35721,cheap,30,0.01,,cupy,2.463619502222275e-13,1.1855451813266887e-14,1920,802,802,,802,384,35721,0,219475968,17261.127469039468,172611.27469039467,0.001,boxeig,20000,group_c,50,diag,0.001,50,auto,group_c,boxeig,502,503,9.683944683977397e-08,0,,,2,synthetic_true_func_2d_ntrain300000000,False,NVIDIA A100-SXM4-40GB,cheap,384,0,384,384,0,0,2,35721,,,,,,,2.463619502222275e-13,1.1855451813266887e-14,,,,,1e-05,boxeig,299999999.99961233,True,,nan,0,0,,nan,0,0,0,0,False,502.0,matern,0.1,1.5,1.0,,2274064,3000,btab_boxeig_topk_35721_q384,189,503,502,75000000,300000000,3000,cufinufft,binned_c1,50,502,9.683944683977397e-08,pcg,converged,502,,True,0.1,0,0.0,0.0017390719813706918,0.3000125329143672,0,0.1,boxeig,ok,,0.0006670480477218618,0.3355251680040965,0.0006136960199112318,0.30807540199543837,0.0,0,,172611.27469039467,0.004751232999979038,1.787214740666258e-05,0.008971817998144616,3.444557569173956e-05,0.017291678997253257,0.0004592664820741871,0.23055177400124194,2.2562649989999954,0.0,0.0,0.0009859780000169849,0.0,5.982375497582999e-05,0.030031524997866654,2.2552790209999785,,0.16124922899984995,1.5295004670001617,2.2622354449999875,1.5336235559998386,3.2363483130000077,0.0,4.765848780000169,4.927098009000019,1e-07,,80000,v7_btab_boxeig
35721,expanded_box,topk,35721,,35721,0,"[94, 94]","[189, 189]",35721,topk,35721,,35721,80000,35721,cheap,30,0.01,,cupy,3.968888977150784e-13,1.4367925425070193e-14,2240,930,930,,930,448,35721,0,256055296,12033.804541007534,120338.04541007533,0.001,boxeig,20000,group_c,50,diag,0.001,50,auto,group_c,boxeig,410,411,9.904732240876746e-08,0,,,2,synthetic_true_func_2d_ntrain300000000,False,NVIDIA A100-SXM4-40GB,cheap,448,0,448,448,0,0,2,35721,,,,,,,3.968888977150784e-13,1.4367925425070193e-14,,,,,1e-05,boxeig,299999999.99961233,True,,nan,0,0,,nan,0,0,0,0,False,410.0,matern,0.1,1.5,1.0,,2274064,3000,btab_boxeig_topk_35721_q448,189,411,410,75000000,300000000,3000,cufinufft,binned_c1,50,410,9.904732240876746e-08,pcg,converged,410,,True,0.1,0,0.0,0.001739481738635626,0.30001253429158803,0,0.1,boxeig,ok,,0.0006615047055960412,0.2718784339999729,0.0006841582658525134,0.2805048889995305,0.0,0,,120338.04541007533,0.004649577000009231,1.747628047901455e-05,0.007165274996395965,3.444185122079056e-05,0.01412115900052413,0.0005237453682955275,0.2147356010011663,4.623596709999902,0.0,0.0,0.0009513469999546942,0.0,6.657909511775914e-05,0.027297428998281248,4.622645362999947,,0.18700851200014768,1.529972712000017,4.629733606000173,1.5298534510000081,5.455393440999842,0.0,6.985366152999859,7.172374665000007,1e-07,,80000,v7_btab_boxeig
35721,,,,,,,,,,,,,,,,,,,,,,,,,,,,,,,,,,,,,group_c,,,,,,group_c,,8723,8724,9.97883047941942e-08,,,,2,synthetic_true_func_2d_ntrain100000000,False,NVIDIA A100-SXM4-40GB,,,,,,,,2,35721,,,,,,,,,0,0,,,1e-05,,,True,,,,,,,,,,,False,8723.0,matern,0.1,1.5,1.0,,,80000,plain_cg,189,8724,,25000000,100000000,3000,cufinufft,cufinufft,,,,,,,,True,0.1,0,,0.0029535992355785193,0.3000157117062137,0,,,ok,,0.0006379126634568962,5.565150075997963,,,,,,,,,,,,,,,,,,,,,,,,1.000060375999965,,0.5308372289998715,9.476634802000035,,10.476696103999984,,1e-07,,80000,v1
35721,,,,,,,,,,,,,,,,,,,,,,,,,,,,,,,,,,,,,group_c,,,,,,group_c,,2986,2987,9.376476489609083e-08,,,nan,2,synthetic_true_func_2d_ntrain100000000,False,NVIDIA A100-SXM4-40GB,,,,,,,,2,35721,72,3,nan,,160606.60466515436,0.011142634221675857,,,5,352,0.000536994912407615,0.18902220916748047,1e-05,,,True,[],,,,,,,,,,False,2986.0,matern,0.1,1.5,1.0,nan,,3000,eigenpro_pcg_q64,189,2987,2986,25000000,100000000,3000,cufinufft,binned_c1,,,,,,,full_eigenpro,True,0.1,0,,0.002968191650878335,0.30001570518291226,0,,,ok,,0.0006530257408778863,1.9505878880022465,0.0001844106925647966,0.5506503279984827,,,[],,,,,,,,,,,,,,,,,0.22381557900007465,,0.5287432360000821,0.0002970870000353898,0.5185893690002104,4.431101588999809,,5.183957491000001,,1e-07,64,80000,v3
35721,,,,,,,,,,,,,,,,,,,,,,,,,,,,,,,,,,,,,group_c,,,,,,group_c,,1667,1668,9.27516428476127e-08,,,nan,2,synthetic_true_func_2d_ntrain100000000,False,NVIDIA A100-SXM4-40GB,,,,,,,,2,35721,136,3,nan,,60575.74477460224,0.004187109054952155,,,5,672,0.0005336898962656657,0.3586396102905274,1e-05,,,True,[],,,,,,,,,,False,1667.0,matern,0.1,1.5,1.0,nan,,3000,eigenpro_pcg_q128,189,1668,1667,25000000,100000000,3000,cufinufft,binned_c1,,,,,,,full_eigenpro,True,0.1,0,,0.0029682278640348917,0.30001570533224403,0,,,ok,,0.0006606882500012315,1.1020280010020542,0.0002134302939430363,0.3557883000030415,,,[],,,,,,,,,,,,,,,,,0.4248475360000157,,0.5262040580000757,0.0002978649999931804,0.5218396180000582,2.5503161780000028,,3.5016656370000874,,1e-07,128,80000,v3
35721,,,,,,,,,,,,,,,,,,,,,,,,,,,,,,,,,,,,,group_c,,,,,,group_c,,753,754,9.845744909179049e-08,,,nan,2,synthetic_true_func_2d_ntrain100000000,False,NVIDIA A100-SXM4-40GB,,,,,,,,2,35721,264,3,nan,,18819.877854820617,0.0013002858828979956,,,5,1312,0.0005434559845342869,0.7130142517089844,1e-05,,,True,[],,,,,,,,,,False,753.0,matern,0.1,1.5,1.0,nan,,3000,eigenpro_pcg_q256,189,754,753,25000000,100000000,3000,cufinufft,binned_c1,,,,,,,full_eigenpro,True,0.1,0,,0.0029684217923692715,0.30001570862636406,0,,,ok,,0.0006535718965522547,0.4927932100004,0.00032670280876549533,0.246007215000418,,,[],,,,,,,,,,,,,,,,,0.8507239440000376,,0.5264076339999519,0.0003009560000464262,0.5310870030000387,1.2272093029998814,,2.6046418369999174,,1e-07,256,80000,v3
35721,,,,,,,,,,,,,,,,,,,,,,,,,,,,,,,,,,,,,group_c,,,,,,group_c,,585,586,9.11337335401967e-08,,,nan,2,synthetic_true_func_2d_ntrain100000000,False,NVIDIA A100-SXM4-40GB,,,,,,,,2,35721,328,3,nan,,12487.658938886285,0.0008627653168152941,,,5,1632,0.0005574594385483686,0.9097738037109375,1e-05,,,True,[],,,,,,,,,,False,585.0,matern,0.1,1.5,1.0,nan,,3000,eigenpro_pcg_q320,189,586,585,25000000,100000000,3000,cufinufft,binned_c1,,,,,,,full_eigenpro,True,0.1,0,,0.002968399785794475,0.3000157089289109,0,,,ok,,0.0006512987491492487,0.38166106700145974,0.0003740674957284643,0.21882948500115162,,,[],,,,,,,,,,,,,,,,,1.084183737000103,,0.5286064209999495,0.0003045609998935106,0.5210912770000959,0.9786270510001032,,2.591721770000049,,1e-07,320,80000,v3
35721,,,,,,,,,,,,,,,,,,,,,,,,,,,,,,,,,,,,,group_c,,,,,,group_c,,471,472,9.74621154705662e-08,,,nan,2,synthetic_true_func_2d_ntrain100000000,False,NVIDIA A100-SXM4-40GB,,,,,,,,2,35721,392,3,nan,,9068.114424291056,0.0006265052437655702,,,5,1952,0.0005685975043500057,1.109902328491211,1e-05,,,True,[],,,,,,,,,,False,471.0,matern,0.1,1.5,1.0,nan,,3000,eigenpro_pcg_q384,189,472,471,25000000,100000000,3000,cufinufft,binned_c1,,,,,,,full_eigenpro,True,0.1,0,,0.0029683445674737827,0.30001570965188595,0,,,ok,,0.000654661512706556,0.30900023399749443,0.00042281602971839356,0.19914634999736336,,,[],,,,,,,,,,,,,,,,,1.3221957370001292,,0.5268569979998574,0.00030595899988838937,0.5273106970000754,0.8159811719999652,,2.66533986599984,,1e-07,384,80000,v3
35721,,,,,,,,,,,,,,,,,,,,,,,,,,,,,,,,,,,,,group_c,,,,,,group_c,,388,389,9.813109738379044e-08,,,nan,2,synthetic_true_func_2d_ntrain100000000,False,NVIDIA A100-SXM4-40GB,,,,,,,,2,35721,456,3,nan,,6791.9812202868225,0.0004692479764314158,,,5,2272,0.0005707154945588448,1.2966656036376953,1e-05,,,True,[],,,,,,,,,,False,388.0,matern,0.1,1.5,1.0,nan,,3000,eigenpro_pcg_q448,189,389,388,25000000,100000000,3000,cufinufft,binned_c1,,,,,,,full_eigenpro,True,0.1,0,,0.0029684443152324176,0.3000157103637385,0,,,ok,,0.000658994627247713,0.25634890999936033,0.0004807906494872825,0.18654677200106562,,,[],,,,,,,,,,,,,,,,,1.5525533560000895,,0.5259740330000113,0.00031721099981041334,0.5120363500000167,0.698862864000148,,2.777707464000059,,1e-07,448,80000,v3
35721,expanded_box,topk,2048,,2048,0,"[25, 25]","[51, 51]",2601,topk,2048,,2048,80000,2601,cheap,30,0.01,,,,,,,,,,,,,,,,,inverse,20000,group_c,50,diag,0.001,50,auto,group_c,auto,392,393,9.587808924180106e-08,0,,,2,synthetic_true_func_2d_ntrain100000000,False,NVIDIA A100-SXM4-40GB,cheap,0,0,0,0,0,0,2,35721,,,,,,,,,,,,,1e-05,inverse,99999999.99987099,True,,nan,0,50,diag,0.001,0,0,0,108243216,False,392.0,matern,0.1,1.5,1.0,,0,3000,btab_auto_topk_2048,189,393,392,25000000,100000000,3000,cufinufft,binned_c1,50,392,9.587808924180106e-08,pcg,converged,392,,True,0.1,0,5454.774475023671,0.002968042806953989,0.30001570211369555,0,0.1,exact,ok,,0.0006478750814235367,0.2546149069994499,0.00033979852296003014,0.13320102100033182,6302111.968147912,33120,,,0.001767912999866894,4.581471937956162e-05,0.017959369996788155,4.180855102432286e-05,0.016388952001534562,0.00015192300765603733,0.05955381900116663,0.20321773699993173,0.18052771299994674,0.014105941000025268,0.0,0.0069941249998919375,5.765281632740917e-05,0.022599904000344395,,,0.00028655999994953163,0.5262228039998718,0.2059359800000493,0.5118401909999193,0.840438438000092,0.0015899580000677815,1.3666612419999637,1.3669478019999133,1e-07,,80000,v6_btab
35721,expanded_box,topk,4096,,4096,0,"[36, 36]","[73, 73]",5329,topk,4096,,4096,80000,5329,cheap,30,0.01,,,,,,,,,,,,,,,,,inverse,20000,group_c,50,diag,0.001,50,auto,group_c,auto,187,188,8.73124951784311e-08,0,,,2,synthetic_true_func_2d_ntrain100000000,False,NVIDIA A100-SXM4-40GB,cheap,0,0,0,0,0,0,2,35721,,,,,,,,,,,,,1e-05,inverse,99999999.99987099,True,,nan,0,50,diag,0.001,0,0,0,454371856,False,187.0,matern,0.1,1.5,1.0,,0,3000,btab_auto_topk_4096,189,188,187,25000000,100000000,3000,cufinufft,binned_c1,50,187,8.73124951784311e-08,pcg,converged,187,,True,0.1,0,983.8544610406407,0.002967982798610419,0.3000157021256958,0,0.1,exact,ok,,0.0006541953936221034,0.12298873400095545,0.0006030807860910995,0.11277610699903562,2124139.946790334,30392,,,0.001871116999836886,4.586366845435022e-05,0.00857650600096349,4.37778663182596e-05,0.008186461001514544,0.0004129617700527888,0.0772238509998715,0.8927807960001246,0.7668245620000107,0.09501973999999791,0.0,0.024881432000029235,5.749986096203614e-05,0.010752473999900758,,,0.0003103700000792742,0.5263823919999595,0.8956572859999596,0.514999712999952,1.2513603790000616,0.006055062000086764,1.777742771000021,1.7780531410001004,1e-07,,80000,v6_btab
35721,expanded_box,topk,20480,,20480,0,"[80, 80]","[161, 161]",25921,topk,20480,,20480,80000,25921,cheap,30,0.01,,cupy,6.222717757171697e-14,6.7779120301787016e-15,1600,674,674,,674,320,25921,9800,132720640,8975.141081583677,89751.41081583676,0.001,boxeig,20000,group_c,50,diag,0.001,50,auto,group_c,boxeig,769,770,9.642963851814257e-08,0,,,2,synthetic_true_func_2d_ntrain100000000,False,NVIDIA A100-SXM4-40GB,cheap,320,0,320,320,0,0,2,35721,,,,,,,6.222717757171697e-14,6.7779120301787016e-15,,,,,1e-05,boxeig,99999999.99987099,True,,nan,0,0,,nan,0,0,0,0,False,769.0,matern,0.1,1.5,1.0,,1648656,3000,btab_boxeig_topk_20480_q320,189,770,769,25000000,100000000,3000,cufinufft,binned_c1,50,769,9.642963851814257e-08,pcg,converged,769,,True,0.1,0,20.37248381602624,0.0029680156243190765,0.30001570864410315,0,0.1,boxeig,ok,,0.0006460505519484073,0.49745892500027367,0.0004923852769850484,0.37864427800150224,81911.19717359901,9800,,89751.41081583676,0.0034646869999050978,4.573716255175818e-05,0.03517187800230204,4.033817684916965e-05,0.031020057997011463,0.0003068067698274915,0.23593440599734095,0.5992912839999462,0.0,0.0,0.001054781999982879,0.0,5.7196986994069556e-05,0.04398448299843949,0.5982365019999634,,0.1310062279999329,0.5262885659999483,0.6036412149999251,0.5229724079999869,1.9642891880000661,0.0,2.4905777540000145,2.6215839819999474,1e-07,,80000,v7_btab_boxeig
35721,expanded_box,topk,20480,,20480,0,"[80, 80]","[161, 161]",25921,topk,20480,,20480,80000,25921,cheap,30,0.01,,cupy,8.263744343139775e-14,9.31367607203461e-15,1920,802,802,,802,384,25921,9800,159264768,5753.238377586241,57532.38377586241,0.001,boxeig,20000,group_c,50,diag,0.001,50,auto,group_c,boxeig,613,614,9.475003570374898e-08,0,,,2,synthetic_true_func_2d_ntrain100000000,False,NVIDIA A100-SXM4-40GB,cheap,384,0,384,384,0,0,2,35721,,,,,,,8.263744343139775e-14,9.31367607203461e-15,,,,,1e-05,boxeig,99999999.99987099,True,,nan,0,0,,nan,0,0,0,0,False,613.0,matern,0.1,1.5,1.0,,1648656,3000,btab_boxeig_topk_20480_q384,189,614,613,25000000,100000000,3000,cufinufft,binned_c1,50,613,9.475003570374898e-08,pcg,converged,613,,True,0.1,0,20.37248381602624,0.002967946523886515,0.30001570885524964,0,0.1,boxeig,ok,,0.0006644574267041115,0.4079768599963245,0.0005462193556382212,0.33483246500622954,81911.19717359901,9800,,57532.38377586241,0.003394565999997212,4.681756932964467e-05,0.028699169999072183,4.197423002478959e-05,0.025730203005196017,0.000355182212070294,0.21772669599909023,1.4259902209998927,0.0,0.0,0.0010346579999804817,0.0,5.899136378582708e-05,0.036161706000712,1.4249555629999122,,0.15840383599993402,0.5261022680001588,1.4303538869999102,0.5232392610000716,2.571226031999913,0.0,3.097328300000072,3.255732136000006,1e-07,,80000,v7_btab_boxeig
35721,expanded_box,topk,32768,,32768,0,"[94, 94]","[189, 189]",35721,topk,32768,,32768,80000,35721,cheap,30,0.01,,cupy,5.336639070962453e-14,2.6466417489917088e-15,960,418,418,,418,192,35721,0,109737984,29823.631330296153,298236.3133029615,0.001,boxeig,20000,group_c,50,diag,0.001,50,auto,group_c,boxeig,920,921,9.987741253036065e-08,0,,,2,synthetic_true_func_2d_ntrain100000000,False,NVIDIA A100-SXM4-40GB,cheap,192,0,192,192,0,0,2,35721,,,,,,,5.336639070962453e-14,2.6466417489917088e-15,,,,,1e-05,boxeig,99999999.99987099,True,,nan,0,0,,nan,0,0,0,0,False,920.0,matern,0.1,1.5,1.0,,2274064,3000,btab_boxeig_topk_32768_q192,189,921,920,25000000,100000000,3000,cufinufft,binned_c1,50,920,9.987741253036065e-08,pcg,converged,920,,True,0.1,0,0.0,0.002968279319624002,0.3000157079676966,0,0.1,boxeig,ok,,0.0006550847665585419,0.6033330700004171,0.000440299458698667,0.40507550200277365,0.0,0,,298236.3133029615,0.004347758999983853,1.745546413041626e-05,0.01605902699998296,3.129991413115733e-05,0.028795921000664748,0.0002926058119560762,0.2691973469995901,0.3651659900001505,0.0,0.0,0.0009263409999675787,0.0,5.787548151621867e-05,0.05324544299492118,0.3642396490001829,,0.08150429500005885,0.5260474120000254,0.3703247179998925,0.5118913669998619,1.9683682270001555,0.0,2.494415639000181,2.5759199340002397,1e-07,,80000,v7_btab_boxeig
35721,expanded_box,topk,32768,,32768,0,"[94, 94]","[189, 189]",35721,topk,32768,,32768,80000,35721,cheap,30,0.01,,cupy,4.146500698342165e-14,5.7222927286611765e-15,1280,546,546,,546,256,35721,0,146317312,15023.311898718686,150233.11898718684,0.001,boxeig,20000,group_c,50,diag,0.001,50,auto,group_c,boxeig,649,650,9.738644181154537e-08,0,,,2,synthetic_true_func_2d_ntrain100000000,False,NVIDIA A100-SXM4-40GB,cheap,256,0,256,256,0,0,2,35721,,,,,,,4.146500698342165e-14,5.7222927286611765e-15,,,,,1e-05,boxeig,99999999.99987099,True,,nan,0,0,,nan,0,0,0,0,False,649.0,matern,0.1,1.5,1.0,,2274064,3000,btab_boxeig_topk_32768_q256,189,650,649,25000000,100000000,3000,cufinufft,binned_c1,50,649,9.738644181154537e-08,pcg,converged,649,,True,0.1,0,0.0,0.002968304411708082,0.30001570958428103,0,0.1,boxeig,ok,,0.0006684194323098872,0.43447263100142663,0.000501714434517558,0.32561266800189514,0.0,0,,150233.11898718684,0.0043997390000640735,1.7787322038494034e-05,0.011543972002982628,3.280316794901176e-05,0.02128925599890863,0.0003501336286654498,0.22723672500387693,0.4795470589999695,0.0,0.0,0.000903165999943667,0.0,5.9172208013061056e-05,0.038402763000476625,0.47864389300002586,,0.11149299099997734,0.5263844379999227,0.48488734900001873,0.5126281039999867,1.6684327259999918,0.0,2.1948171639999146,2.306310154999892,1e-07,,80000,v7_btab_boxeig
35721,expanded_box,topk,32768,,32768,0,"[94, 94]","[189, 189]",35721,topk,32768,,32768,80000,35721,cheap,30,0.01,,cupy,5.601666179741013e-14,6.475353970137651e-15,1600,674,674,,674,320,35721,0,182896640,8975.150034902917,89751.50034902917,0.001,boxeig,20000,group_c,50,diag,0.001,50,auto,group_c,boxeig,501,502,9.856425931976226e-08,0,,,2,synthetic_true_func_2d_ntrain100000000,False,NVIDIA A100-SXM4-40GB,cheap,320,0,320,320,0,0,2,35721,,,,,,,5.601666179741013e-14,6.475353970137651e-15,,,,,1e-05,boxeig,99999999.99987099,True,,nan,0,0,,nan,0,0,0,0,False,501.0,matern,0.1,1.5,1.0,,2274064,3000,btab_boxeig_topk_32768_q320,189,502,501,25000000,100000000,3000,cufinufft,binned_c1,50,501,9.856425931976226e-08,pcg,converged,501,,True,0.1,0,0.0,0.0029685271263544897,0.30001571039095015,0,0.1,boxeig,ok,,0.0006664652669328407,0.33456556400028603,0.0005486896626786699,0.2748935210020136,0.0,0,,89751.50034902917,0.004355113999963578,1.764018164188867e-05,0.008837731002586224,3.257316966655363e-05,0.016319158002943368,0.00039845651896255283,0.19962671600023896,0.642013784000028,0.0,0.0,0.0009161689999928058,0.0,5.8442730530210706e-05,0.029279807995635565,0.6410976150000351,,0.134536098000126,0.5263115249999828,0.647458830000005,0.5113515419998294,1.5835278200001994,0.0,2.109839345000182,2.2443754430003082,1e-07,,80000,v7_btab_boxeig
35721,expanded_box,topk,32768,,32768,0,"[94, 94]","[189, 189]",35721,topk,32768,,32768,80000,35721,cheap,30,0.01,,cupy,6.722988991452464e-14,1.076673021952876e-14,1920,802,802,,802,384,35721,0,219475968,5753.247527268182,57532.47527268182,0.001,boxeig,20000,group_c,50,diag,0.001,50,auto,group_c,boxeig,394,395,9.753054135999331e-08,0,,,2,synthetic_true_func_2d_ntrain100000000,False,NVIDIA A100-SXM4-40GB,cheap,384,0,384,384,0,0,2,35721,,,,,,,6.722988991452464e-14,1.076673021952876e-14,,,,,1e-05,boxeig,99999999.999871,True,,nan,0,0,,nan,0,0,0,0,False,394.0,matern,0.1,1.5,1.0,,2274064,3000,btab_boxeig_topk_32768_q384,189,395,394,25000000,100000000,3000,cufinufft,binned_c1,50,394,9.753054135999331e-08,pcg,converged,394,,True,0.1,0,0.0,0.0029685029577907057,0.30001571201382177,0,0.1,boxeig,ok,,0.000661212959490697,0.2611791189988253,0.0005988493730910704,0.23594665299788176,0.0,0,,57532.47527268182,0.004338476999919294,1.7758522837105233e-05,0.006996857997819461,3.25382462023793e-05,0.012820069003737444,0.00044863614974580514,0.17676264299984723,0.7375752429998101,0.0,0.0,0.0009085649999178713,0.0,5.8207258880452516e-05,0.022933659998898293,0.7366666779998923,,0.16152348499986147,0.5263584009999249,0.7431230970000797,0.5118179159999272,1.4959170160000212,0.0,2.022275416999946,2.1837989019998076,1e-07,,80000,v7_btab_boxeig
35721,expanded_box,topk,32768,,32768,0,"[94, 94]","[189, 189]",35721,topk,32768,,32768,80000,35721,cheap,30,0.01,,cupy,2.780825406476999e-13,1.5278478520726432e-14,2240,930,930,,930,448,35721,0,256055296,4010.701606191773,40107.016061917726,0.001,boxeig,20000,group_c,50,diag,0.001,50,auto,group_c,boxeig,325,326,9.792989543127173e-08,0,,,2,synthetic_true_func_2d_ntrain100000000,False,NVIDIA A100-SXM4-40GB,cheap,448,0,448,448,0,0,2,35721,,,,,,,2.780825406476999e-13,1.5278478520726432e-14,,,,,1e-05,boxeig,99999999.99987099,True,,nan,0,0,,nan,0,0,0,0,False,325.0,matern,0.1,1.5,1.0,,2274064,3000,btab_boxeig_topk_32768_q448,189,326,325,25000000,100000000,3000,cufinufft,binned_c1,50,325,9.792989543127173e-08,pcg,converged,325,,True,0.1,0,0.0,0.002968531290771688,0.30001571289999,0,0.1,boxeig,ok,,0.0006793004202376759,0.22145193699748233,0.0006688620184524132,0.2173801559970343,0.0,0,,40107.016061917726,0.004391020999946704,1.8265941539189393e-05,0.005936431000236553,3.404452308271945e-05,0.01106447000188382,0.0005140871507648206,0.1670783239985667,1.977251606000209,0.0,0.0,0.0009096690000660601,0.0,5.9883972304445564e-05,0.01946229099894481,1.976341937000143,,0.18754304799995225,0.5261360079998667,1.9830104590000701,0.5232552889999624,2.6383236990000114,0.0,3.164459706999878,3.3520027549998304,1e-07,,80000,v7_btab_boxeig
35721,expanded_box,topk,35721,,35721,0,"[94, 94]","[189, 189]",35721,topk,35721,,35721,80000,35721,cheap,30,0.01,,cupy,4.5654529062160976e-14,2.4946612729443767e-15,960,418,418,,418,192,35721,0,109737984,29823.631330296146,298236.31330296147,0.001,boxeig,20000,group_c,50,diag,0.001,50,auto,group_c,boxeig,925,926,9.682101608140645e-08,0,,,2,synthetic_true_func_2d_ntrain100000000,False,NVIDIA A100-SXM4-40GB,cheap,192,0,192,192,0,0,2,35721,,,,,,,4.5654529062160976e-14,2.4946612729443767e-15,,,,,1e-05,boxeig,99999999.99987099,True,,nan,0,0,,nan,0,0,0,0,False,925.0,matern,0.1,1.5,1.0,,2274064,3000,btab_boxeig_topk_35721_q192,189,926,925,25000000,100000000,3000,cufinufft,binned_c1,50,925,9.682101608140645e-08,pcg,converged,925,,True,0.1,0,0.0,0.0029682810873212437,0.300015707773296,0,0.1,boxeig,ok,,0.0006573825226719364,0.6087362159942131,0.00044088640648550534,0.40781992599909245,0.0,0,,298236.31330296147,0.004552095000008194,1.743867243218316e-05,0.016130771999769422,3.1251414057142274e-05,0.028907558002856604,0.0002931721286529717,0.2711842190039988,0.36467173099981665,0.0,0.0,0.0008871449999787728,0.0,5.800526270586242e-05,0.05365486800292274,0.3637845859998379,,0.08245342400005029,0.5259053790000507,0.37003641899991635,0.525932093000165,1.9802311769999505,0.0,2.5061365560000013,2.5885899800000516,1e-07,,80000,v7_btab_boxeig
35721,expanded_box,topk,35721,,35721,0,"[94, 94]","[189, 189]",35721,topk,35721,,35721,80000,35721,cheap,30,0.01,,cupy,5.036408475937561e-14,3.813632732814587e-15,1280,546,546,,546,256,35721,0,146317312,15023.31189871869,150233.1189871869,0.001,boxeig,20000,group_c,50,diag,0.001,50,auto,group_c,boxeig,641,642,9.74945101699221e-08,0,,,2,synthetic_true_func_2d_ntrain100000000,False,NVIDIA A100-SXM4-40GB,cheap,256,0,256,256,0,0,2,35721,,,,,,,5.036408475937561e-14,3.813632732814587e-15,,,,,1e-05,boxeig,99999999.99987099,True,,nan,0,0,,nan,0,0,0,0,False,641.0,matern,0.1,1.5,1.0,,2274064,3000,btab_boxeig_topk_35721_q256,189,642,641,25000000,100000000,3000,cufinufft,binned_c1,50,641,9.74945101699221e-08,pcg,converged,641,,True,0.1,0,0.0,0.0029684773749592682,0.3000157101586034,0,0.1,boxeig,ok,,0.0006678234034261464,0.42874262499958604,0.0005008440561621757,0.3210410399999546,0.0,0,,150233.1189871869,0.004713036999874021,1.790276599623693e-05,0.011475673003587872,3.225067394792893e-05,0.020672682000622444,0.0003499262964090855,0.2243027559982238,0.4756340859999,0.0,0.0,0.0009142999999767198,0.0,5.91047425903429e-05,0.037886140000409796,0.47471978599992326,,0.11022105099982582,0.5266116820000661,0.4812975340000776,0.5147112279998964,1.649394712000003,0.0,2.176006394000069,2.286227444999895,1e-07,,80000,v7_btab_boxeig
35721,expanded_box,topk,35721,,35721,0,"[94, 94]","[189, 189]",35721,topk,35721,,35721,80000,35721,cheap,30,0.01,,cupy,9.693196954159398e-14,7.0865686258969425e-15,1600,674,674,,674,320,35721,0,182896640,8975.150034902921,89751.5003490292,0.001,boxeig,20000,group_c,50,diag,0.001,50,auto,group_c,boxeig,499,500,9.692075503053968e-08,0,,,2,synthetic_true_func_2d_ntrain100000000,False,NVIDIA A100-SXM4-40GB,cheap,320,0,320,320,0,0,2,35721,,,,,,,9.693196954159398e-14,7.0865686258969425e-15,,,,,1e-05,boxeig,99999999.99987099,True,,nan,0,0,,nan,0,0,0,0,False,499.0,matern,0.1,1.5,1.0,,2274064,3000,btab_boxeig_topk_35721_q320,189,500,499,25000000,100000000,3000,cufinufft,binned_c1,50,499,9.692075503053968e-08,pcg,converged,499,,True,0.1,0,0.0,0.002968518258669195,0.30001571054325865,0,0.1,boxeig,ok,,0.0006686892739985523,0.3343446369992762,0.0005505840240453027,0.274741427998606,0.0,0,,89751.5003490292,0.004625310999927024,1.7986669337153513e-05,0.008975347999239602,3.2658016031959477e-05,0.01629634999994778,0.00039914801202608276,0.1991748580010153,0.6060867940000207,0.0,0.0,0.0009289250001529581,0.0,5.8758354711215304e-05,0.029320419000896436,0.6051578689998678,,0.13835575699999936,0.5268192020000697,0.6118143939997935,0.5144829769999433,1.548623760000055,0.0,2.0754429620001247,2.213798719000124,1e-07,,80000,v7_btab_boxeig
35721,expanded_box,topk,35721,,35721,0,"[94, 94]","[189, 189]",35721,topk,35721,,35721,80000,35721,cheap,30,0.01,,cupy,1.9151864484122935e-13,9.136541680201927e-15,1920,802,802,,802,384,35721,0,219475968,5753.2475272681695,57532.475272681695,0.001,boxeig,20000,group_c,50,diag,0.001,50,auto,group_c,boxeig,394,395,9.887858807331195e-08,0,,,2,synthetic_true_func_2d_ntrain100000000,False,NVIDIA A100-SXM4-40GB,cheap,384,0,384,384,0,0,2,35721,,,,,,,1.9151864484122935e-13,9.136541680201927e-15,,,,,1e-05,boxeig,99999999.99987099,True,,nan,0,0,,nan,0,0,0,0,False,394.0,matern,0.1,1.5,1.0,,2274064,3000,btab_boxeig_topk_35721_q384,189,395,394,25000000,100000000,3000,cufinufft,binned_c1,50,394,9.887858807331195e-08,pcg,converged,394,,True,0.1,0,0.0,0.0029685168930843027,0.30001571200798804,0,0.1,boxeig,ok,,0.0006665415721640841,0.26328392100481324,0.0006011339517679489,0.23684677699657186,0.0,0,,57532.475272681695,0.004535247000148956,1.7949332479087028e-05,0.007072036996760289,3.295405075949547e-05,0.012983895999241213,0.0004500400431434311,0.17731577699851186,0.7403737799997998,0.0,0.0,0.0009196659998451651,0.0,5.815040100951315e-05,0.02291125799774818,0.7394541139999546,,0.1606677709999076,0.5260511070000575,0.746105320000197,0.5111252239998976,1.505023895000022,0.0,2.0310750020000796,2.191742772999987,1e-07,,80000,v7_btab_boxeig
35721,expanded_box,topk,35721,,35721,0,"[94, 94]","[189, 189]",35721,topk,35721,,35721,80000,35721,cheap,30,0.01,,cupy,9.671677991903039e-14,1.2275221801964915e-14,2240,930,930,,930,448,35721,0,256055296,4010.7016061917734,40107.01606191773,0.001,boxeig,20000,group_c,50,diag,0.001,50,auto,group_c,boxeig,323,324,9.833889239549454e-08,0,,,2,synthetic_true_func_2d_ntrain100000000,False,NVIDIA A100-SXM4-40GB,cheap,448,0,448,448,0,0,2,35721,,,,,,,9.671677991903039e-14,1.2275221801964915e-14,,,,,1e-05,boxeig,99999999.99987099,True,,nan,0,0,,nan,0,0,0,0,False,323.0,matern,0.1,1.5,1.0,,2274064,3000,btab_boxeig_topk_35721_q448,189,324,323,25000000,100000000,3000,cufinufft,binned_c1,50,323,9.833889239549454e-08,pcg,converged,323,,True,0.1,0,0.0,0.0029686818322357932,0.30001571321081727,0,0.1,boxeig,ok,,0.0006626248549410877,0.21469045300091238,0.0006764947492195323,0.21850780399790892,0.0,0,,40107.01606191773,0.004623891999926855,1.7580591337783706e-05,0.005678531002104137,3.4340318887149495e-05,0.011091923000549286,0.0005227375696610098,0.16884423500050616,3.028264882000258,0.0,0.0,0.0009846370001014293,0.0,5.972162847509071e-05,0.019290085997454298,3.0272802450001564,,0.18557381599998735,0.5268348960000822,3.034389381999972,0.5271687619999739,3.6815124340000693,0.0,4.2083473300001515,4.393921146000139,1e-07,,80000,v7_btab_boxeig
35721,,,,,,,,,,,,,,,,,,,,,,,,,,,,,,,,,,,,,group_c,,,,,,group_c,,21445,21446,9.754868152964446e-08,,,,2,USGS_LPC_IL_Winnebago_2018_ground_elevation_regression_ntrain300000000,False,NVIDIA A100-SXM4-40GB,,,,,,,,2,35721,,,,,,,,,0,0,,,1e-05,,,True,,,,,,,,,,,False,21445.0,matern,0.1,1.5,1.0,,,80000,plain_cg,189,21446,,75000000,300000000,3000,cufinufft,cufinufft,,,,,,,,True,0.1,0,,0.11061074564867147,0.11060347685787834,0,,,ok,,0.0006512779522994983,13.967306965015041,,,,,,,,,,,,,,,,,,,,,,,,3.401409697999952,,1.6895919270000377,23.82776440700013,,27.2291748990001,,1e-07,,80000,v1
35721,,,,,,,,,,,,,,,,,,,,,,,,,,,,,,,,,,,,,group_c,,,,,,group_c,,3000,3001,1.476639991507181e-07,,,nan,2,USGS_LPC_IL_Winnebago_2018_ground_elevation_regression_ntrain300000000,False,NVIDIA A100-SXM4-40GB,,,,,,,,2,35721,72,3,nan,,52520.30047492116,0.0005950456972264839,,,5,352,0.0005553279898383401,0.19547545242309572,1e-05,,,True,[],,,,,,,,,,False,3000.0,matern,0.1,1.5,1.0,nan,,3000,eigenpro_pcg_q64,189,3001,3001,75000000,300000000,3000,cufinufft,binned_c1,,,,,,,full_eigenpro,True,0.1,0,,0.11058295977913128,0.11057591918750799,0,,,ok,,0.0006636286677759638,1.9915496319956674,0.00018863189003712094,0.5660843020013999,,,[],,,,,,,,,,,,,,,,,0.230602996000016,,1.5524818510000387,0.00031791399987923796,1.6863256100000399,4.511170622999998,,6.294573383999932,,1e-07,64,80000,v3
35721,,,,,,,,,,,,,,,,,,,,,,,,,,,,,,,,,,,,,group_c,,,,,,group_c,,1414,1415,9.12961066678364e-08,,,nan,2,USGS_LPC_IL_Winnebago_2018_ground_elevation_regression_ntrain300000000,False,NVIDIA A100-SXM4-40GB,,,,,,,,2,35721,136,3,nan,,16389.672722636158,0.00018568869052421153,,,5,672,0.0005366156214759463,0.3606056976318359,1e-05,,,True,[],,,,,,,,,,False,1414.0,matern,0.1,1.5,1.0,nan,,3000,eigenpro_pcg_q128,189,1415,1414,75000000,300000000,3000,cufinufft,binned_c1,,,,,,,full_eigenpro,True,0.1,0,,0.11058295563381311,0.11057591274919813,0,,,ok,,0.0006637462098975068,0.9392008870049722,0.00021755643847575502,0.3076248040047176,,,[],,,,,,,,,,,,,,,,,0.42657423699984065,,1.5521713060002185,0.0002930440000454837,1.6771302329998434,2.166757207000046,,4.145795794000151,,1e-07,128,80000,v3
35721,,,,,,,,,,,,,,,,,,,,,,,,,,,,,,,,,,,,,group_c,,,,,,group_c,,607,608,9.34865299367131e-08,,,nan,2,USGS_LPC_IL_Winnebago_2018_ground_elevation_regression_ntrain300000000,False,NVIDIA A100-SXM4-40GB,,,,,,,,2,35721,264,3,nan,,4187.257926566309,4.743997341466433e-05,,,5,1312,0.0005531075291517304,0.7256770782470703,1e-05,,,True,[],,,,,,,,,,False,607.0,matern,0.1,1.5,1.0,nan,,3000,eigenpro_pcg_q256,189,608,607,75000000,300000000,3000,cufinufft,binned_c1,,,,,,,full_eigenpro,True,0.1,0,,0.11058304248686526,0.11057599652942106,0,,,ok,,0.000661169442426662,0.4019910209954105,0.0003266864415148778,0.19829866999953083,,,[],,,,,,,,,,,,,,,,,0.8630069990003904,,1.55227944499984,0.00031350999961432535,1.6805559290000929,0.9972463720000633,,3.412846325999908,,1e-07,256,80000,v3
35721,,,,,,,,,,,,,,,,,,,,,,,,,,,,,,,,,,,,,group_c,,,,,,group_c,,461,462,9.845611904223505e-08,,,nan,2,USGS_LPC_IL_Winnebago_2018_ground_elevation_regression_ntrain300000000,False,NVIDIA A100-SXM4-40GB,,,,,,,,2,35721,328,3,nan,,2643.0616395358015,2.9944840202278215e-05,,,5,1632,0.0005657016529756434,0.92322509765625,1e-05,,,True,[],,,,,,,,,,False,461.0,matern,0.1,1.5,1.0,nan,,3000,eigenpro_pcg_q320,189,462,461,75000000,300000000,3000,cufinufft,binned_c1,,,,,,,full_eigenpro,True,0.1,0,,0.11058306912777688,0.11057602288224072,0,,,ok,,0.0006573821818330379,0.30371056800686347,0.0003745152451206994,0.17265152800064243,,,[],,,,,,,,,,,,,,,,,1.0968859039999188,,1.5528946760000508,0.0003140919998259051,1.6822450199997547,0.778068801000245,,3.4281634730000405,,1e-07,320,80000,v3
35721,,,,,,,,,,,,,,,,,,,,,,,,,,,,,,,,,,,,,group_c,,,,,,group_c,,365,366,9.028496195259636e-08,,,nan,2,USGS_LPC_IL_Winnebago_2018_ground_elevation_regression_ntrain300000000,False,NVIDIA A100-SXM4-40GB,,,,,,,,2,35721,392,3,nan,,1787.4658248050407,2.0251278686920014e-05,,,5,1952,0.0005688152156892371,1.1103273010253907,1e-05,,,True,[],,,,,,,,,,False,365.0,matern,0.1,1.5,1.0,nan,,3000,eigenpro_pcg_q384,189,366,365,75000000,300000000,3000,cufinufft,binned_c1,,,,,,,full_eigenpro,True,0.1,0,,0.11058306787455523,0.1105760205857137,0,,,ok,,0.000660251560085306,0.241652070991222,0.00042762435070147907,0.15608288800603987,,,[],,,,,,,,,,,,,,,,,1.322104302000298,,1.5524221309997301,0.00031734099957247963,1.6876090209998438,0.6395724840003822,,3.514416257999983,,1e-07,384,80000,v3
35721,,,,,,,,,,,,,,,,,,,,,,,,,,,,,,,,,,,,,group_c,,,,,,group_c,,296,297,9.52889219323656e-08,,,nan,2,USGS_LPC_IL_Winnebago_2018_ground_elevation_regression_ntrain300000000,False,NVIDIA A100-SXM4-40GB,,,,,,,,2,35721,456,3,nan,,1295.5849294886616,1.4678463208656894e-05,,,5,2272,0.0005773182989845813,1.3116671752929687,1e-05,,,True,[],,,,,,,,,,False,296.0,matern,0.1,1.5,1.0,nan,,3000,eigenpro_pcg_q448,189,297,296,75000000,300000000,3000,cufinufft,binned_c1,,,,,,,full_eigenpro,True,0.1,0,,0.11058308535839285,0.11057603888904267,0,,,ok,,0.000660814572420472,0.1962619280088802,0.0004845189425696918,0.14341760700062878,,,[],,,,,,,,,,,,,,,,,1.566719486999773,,1.5528860640001767,0.00030175600022630533,1.6897573630003535,0.5372934059996624,,3.6572007129998383,,1e-07,448,80000,v3
35721,expanded_box,topk,2048,,2048,0,"[25, 25]","[51, 51]",2601,topk,2048,,2048,80000,2601,cheap,30,0.01,,,,,,,,,,,,,,,,,inverse,20000,group_c,50,diag,0.001,50,auto,group_c,auto,3000,3001,0.04360781906340679,0,,,2,USGS_LPC_IL_Winnebago_2018_ground_elevation_regression_ntrain300000000,False,NVIDIA A100-SXM4-40GB,cheap,0,0,0,0,0,0,2,35721,,,,,,,,,,,,,1e-05,inverse,299999999.99957526,True,,nan,0,50,diag,0.001,0,0,0,108243216,False,3000.0,matern,0.1,1.5,1.0,,0,3000,btab_auto_topk_2048,189,3001,3001,75000000,300000000,3000,cufinufft,binned_c1,50,3000,0.04360781906340679,pcg,maxiter,3001,,True,0.1,0,16364.323537297962,0.1805070634990554,0.18062766524275692,0,0.1,exact,ok,,0.0006469900213273818,1.9416170540034727,0.00034421814628305894,1.03299865699546,18906336.03831259,33120,,,0.0018804439996529254,4.6184588471518365e-05,0.1385999500030266,4.2313438185436076e-05,0.12698262799449367,0.00015398317994767106,0.46210352302296087,0.20654541600015364,0.18388436800023555,0.014081804999932501,0.0,0.006990457000028982,5.855198767092177e-05,0.17571451500043622,,,0.00034740899991447804,1.552688971000407,0.20933482800001002,1.6827724820000185,5.08409219899977,0.001588785999956599,6.636781170000177,6.637128579000091,1e-07,,80000,v6_btab
35721,expanded_box,topk,4096,,4096,0,"[36, 36]","[73, 73]",5329,topk,4096,,4096,80000,5329,cheap,30,0.01,,,,,,,,,,,,,,,,,inverse,20000,group_c,50,diag,0.001,50,auto,group_c,auto,3000,3001,0.11466520931614113,0,,,2,USGS_LPC_IL_Winnebago_2018_ground_elevation_regression_ntrain300000000,False,NVIDIA A100-SXM4-40GB,cheap,0,0,0,0,0,0,2,35721,,,,,,,,,,,,,1e-05,inverse,299999999.99957526,True,,nan,0,50,diag,0.001,0,0,0,454371856,False,3000.0,matern,0.1,1.5,1.0,,0,3000,btab_auto_topk_4096,189,3001,3001,75000000,300000000,3000,cufinufft,binned_c1,50,3000,0.11466520931614113,pcg,maxiter,3001,,True,0.1,0,2951.563404083863,0.2611808888475209,0.2612176359150117,0,0.1,exact,ok,,0.0006421613025645221,1.927126068996131,0.0006072753348927787,1.8224332800132288,6372419.886324823,30392,,,0.0018222170001536142,4.5698387200719236e-05,0.13714085998935843,4.4056366208853375e-05,0.13221315499276898,0.00041666504699058534,1.2504118060187466,0.8882357160000538,0.7626252999998542,0.09474553800009744,0.0,0.024810480000269308,5.741870176878772e-05,0.17231352400813194,,,0.0003403210002943524,1.5526997519996257,0.8910107480000988,1.673187420999966,6.5283966530000725,0.006054397999832872,8.081096404999698,8.081436725999993,1e-07,,80000,v6_btab
35721,expanded_box,topk,20480,,20480,0,"[80, 80]","[161, 161]",25921,topk,20480,,20480,80000,25921,cheap,30,0.01,,cupy,6.589467472010231e-13,1.0058377164737948e-13,1600,674,674,,674,320,25921,9800,132720640,2031.1406555292006,20311.406555292004,0.001,boxeig,20000,group_c,50,diag,0.001,50,auto,group_c,boxeig,2784,2785,8.956949964822883e-08,0,,,2,USGS_LPC_IL_Winnebago_2018_ground_elevation_regression_ntrain300000000,False,NVIDIA A100-SXM4-40GB,cheap,320,0,320,320,0,0,2,35721,,,,,,,6.589467472010231e-13,1.0058377164737948e-13,,,,,1e-05,boxeig,299999999.99957526,True,,nan,0,0,,nan,0,0,0,0,False,2784.0,matern,0.1,1.5,1.0,,1648656,3000,btab_boxeig_topk_20480_q320,189,2785,2784,75000000,300000000,3000,cufinufft,binned_c1,50,2784,8.956949964822883e-08,pcg,converged,2784,,True,0.1,0,61.11745189407293,0.11058275601381527,0.11057570734421644,0,0.1,boxeig,ok,,0.0006532355497385498,1.8192610060218612,0.0005072837862751607,1.4122780609900474,245733.59331716324,9800,,20311.406555292004,0.0034240140003021224,4.650159266868061e-05,0.12946043398960683,4.1765471624542226e-05,0.11627507300272555,0.0003172734920953132,0.8832894019933519,0.7003414929995415,0.0,0.0,0.001027052999688749,0.0,5.8842676008156425e-05,0.16381801000670748,0.6993144399998528,,0.13273962799985384,1.552583125000183,0.7046770969996032,1.6924573679998502,5.721267033000004,0.0,7.273850158000187,7.4065897860000405,1e-07,,80000,v7_btab_boxeig
35721,expanded_box,topk,20480,,20480,0,"[80, 80]","[161, 161]",25921,topk,20480,,20480,80000,25921,cheap,30,0.01,,cupy,9.525910941643253e-12,1.7667963101643596e-13,1920,802,802,,802,384,25921,9800,159264768,1236.3702275271448,12363.702275271447,0.001,boxeig,20000,group_c,50,diag,0.001,50,auto,group_c,boxeig,2244,2245,9.205077846126242e-08,0,,,2,USGS_LPC_IL_Winnebago_2018_ground_elevation_regression_ntrain300000000,False,NVIDIA A100-SXM4-40GB,cheap,384,0,384,384,0,0,2,35721,,,,,,,9.525910941643253e-12,1.7667963101643596e-13,,,,,1e-05,boxeig,299999999.99957526,True,,nan,0,0,,nan,0,0,0,0,False,2244.0,matern,0.1,1.5,1.0,,1648656,3000,btab_boxeig_topk_20480_q384,189,2245,2244,75000000,300000000,3000,cufinufft,binned_c1,50,2244,9.205077846126242e-08,pcg,converged,2244,,True,0.1,0,61.11745189407293,0.11058276619246461,0.1105757169245317,0,0.1,boxeig,ok,,0.00065512587483264,1.4707575889992768,0.0005522642829760318,1.2392810509982155,245733.59331716324,9800,,12363.702275271447,0.0035521079998943605,4.640297726874449e-05,0.10412828099106264,4.264134537024867e-05,0.09568717901083801,0.0003611181898388878,0.8103492179984642,0.7266047080001954,0.0,0.0,0.001037800000176503,0.0,5.912715641432007e-05,0.13268133899373424,0.7255669080000189,,0.15576628899998468,1.5523930039998959,0.7311293100001421,1.6703426200001559,4.885955546999867,0.0,6.438348550999763,6.594114839999747,1e-07,,80000,v7_btab_boxeig
35721,expanded_box,topk,32768,,32768,0,"[94, 94]","[189, 189]",35721,topk,32768,,32768,80000,35721,cheap,30,0.01,,cupy,1.999650608291476e-13,2.878602375307012e-14,960,418,418,,418,192,35721,0,109737984,7837.726795223474,78377.26795223473,0.001,boxeig,20000,group_c,50,diag,0.001,50,auto,group_c,boxeig,787,788,9.550209793133727e-08,0,,,2,USGS_LPC_IL_Winnebago_2018_ground_elevation_regression_ntrain300000000,False,NVIDIA A100-SXM4-40GB,cheap,192,0,192,192,0,0,2,35721,,,,,,,1.999650608291476e-13,2.878602375307012e-14,,,,,1e-05,boxeig,299999999.99957526,True,,nan,0,0,,nan,0,0,0,0,False,787.0,matern,0.1,1.5,1.0,,2274064,3000,btab_boxeig_topk_32768_q192,189,788,787,75000000,300000000,3000,cufinufft,binned_c1,50,787,9.550209793133727e-08,pcg,converged,787,,True,0.1,0,0.0,0.1105829645686227,0.1105759243260152,0,0.1,boxeig,ok,,0.0006623674796974874,0.5219455740016201,0.00045079581066895794,0.3547763029964699,0.0,0,,78377.26795223473,0.004519169999639416,1.757642947041816e-05,0.013832649993219093,3.265645870081462e-05,0.025700632997541106,0.0003003450698871802,0.23637157000121078,1.4369940220003627,0.0,0.0,0.0011747790003937553,0.0,5.8774945367872963e-05,0.046255882004516025,1.435819242999969,,0.08290713500036873,1.5526517210000748,1.4423491369998374,1.6943869390001964,2.8345315809997373,0.0,4.387183301999812,4.470090437000181,1e-07,,80000,v7_btab_boxeig
35721,expanded_box,topk,32768,,32768,0,"[94, 94]","[189, 189]",35721,topk,32768,,32768,80000,35721,cheap,30,0.01,,cupy,2.6897950425645123e-12,8.750231536366561e-14,1280,546,546,,546,256,35721,0,146317312,3648.772282887768,36487.72282887768,0.001,boxeig,20000,group_c,50,diag,0.001,50,auto,group_c,boxeig,539,540,9.669833542210436e-08,0,,,2,USGS_LPC_IL_Winnebago_2018_ground_elevation_regression_ntrain300000000,False,NVIDIA A100-SXM4-40GB,cheap,256,0,256,256,0,0,2,35721,,,,,,,2.6897950425645123e-12,8.750231536366561e-14,,,,,1e-05,boxeig,299999999.99957526,True,,nan,0,0,,nan,0,0,0,0,False,539.0,matern,0.1,1.5,1.0,,2274064,3000,btab_boxeig_topk_32768_q256,189,540,539,75000000,300000000,3000,cufinufft,binned_c1,50,539,9.669833542210436e-08,pcg,converged,539,,True,0.1,0,0.0,0.11058307068059844,0.11057602073566726,0,0.1,boxeig,ok,,0.0006733505425868485,0.36360929299689815,0.0005006876178112869,0.26987062600028366,0.0,0,,36487.72282887768,0.0043687289999070344,1.7936738400742415e-05,0.009667901998000161,3.277820778849961e-05,0.017667453998001292,0.00034871333580968204,0.18795648800141862,0.4772717040000316,0.0,0.0,0.0009133940002357122,0.0,5.9310176263465385e-05,0.03196818500600784,0.4763583099997959,,0.11174327600019751,1.5528285770001276,0.4825914959997135,1.6870483950001471,1.4725833429997692,0.0,3.025411919999897,3.1371551960000943,1e-07,,80000,v7_btab_boxeig
35721,expanded_box,topk,32768,,32768,0,"[94, 94]","[189, 189]",35721,topk,32768,,32768,80000,35721,cheap,30,0.01,,cupy,1.555433154893132e-12,1.14611487742004e-13,1600,674,674,,674,320,35721,0,182896640,2033.650869495082,20336.50869495082,0.001,boxeig,20000,group_c,50,diag,0.001,50,auto,group_c,boxeig,408,409,9.841780031658921e-08,0,,,2,USGS_LPC_IL_Winnebago_2018_ground_elevation_regression_ntrain300000000,False,NVIDIA A100-SXM4-40GB,cheap,320,0,320,320,0,0,2,35721,,,,,,,1.555433154893132e-12,1.14611487742004e-13,,,,,1e-05,boxeig,299999999.99957526,True,,nan,0,0,,nan,0,0,0,0,False,408.0,matern,0.1,1.5,1.0,,2274064,3000,btab_boxeig_topk_32768_q320,189,409,408,75000000,300000000,3000,cufinufft,binned_c1,50,408,9.841780031658921e-08,pcg,converged,408,,True,0.1,0,0.0,0.11058309084717033,0.11057604475654903,0,0.1,boxeig,ok,,0.0006695706234753396,0.2738543850014139,0.0005478214828425574,0.22351116499976342,0.0,0,,20336.50869495082,0.0044370999999046035,1.7824409314034354e-05,0.007272359000126016,3.2757754911695064e-05,0.013365164003971586,0.0003960600269701721,0.16159249100383022,0.6673057240000162,0.0,0.0,0.0009854660002019955,0.0,5.894510539684572e-05,0.024049603001913056,0.6663202579998142,,0.13488992999964466,1.55252089600026,0.6728288989997964,1.6872121209999023,1.4401397599999655,0.0,2.9926606560002256,3.1275505859998702,1e-07,,80000,v7_btab_boxeig
35721,expanded_box,topk,32768,,32768,0,"[94, 94]","[189, 189]",35721,topk,32768,,32768,80000,35721,cheap,30,0.01,,cupy,1.4947520654147463e-11,1.4328334104902395e-13,1920,802,802,,802,384,35721,0,219475968,1238.0029503263956,12380.029503263955,0.001,boxeig,20000,group_c,50,diag,0.001,50,auto,group_c,boxeig,319,320,9.688404739634487e-08,0,,,2,USGS_LPC_IL_Winnebago_2018_ground_elevation_regression_ntrain300000000,False,NVIDIA A100-SXM4-40GB,cheap,384,0,384,384,0,0,2,35721,,,,,,,1.4947520654147463e-11,1.4328334104902395e-13,,,,,1e-05,boxeig,299999999.99957526,True,,nan,0,0,,nan,0,0,0,0,False,319.0,matern,0.1,1.5,1.0,,2274064,3000,btab_boxeig_topk_32768_q384,189,320,319,75000000,300000000,3000,cufinufft,binned_c1,50,319,9.688404739634487e-08,pcg,converged,319,,True,0.1,0,0.0,0.1105831273498807,0.11057607940680256,0,0.1,boxeig,ok,,0.0006593568812519379,0.21099420200062013,0.0005966659874491107,0.1903364499962663,0.0,0,,12380.029503263955,0.004378721000193764,1.7730247624360607e-05,0.005655948992171034,3.244628839059839e-05,0.010350365996600885,0.0004462591786960333,0.14235667800403462,0.7308510600000773,0.0,0.0,0.0008976549997896655,0.0,5.8727564272340945e-05,0.01873409300287676,0.7299534050002876,,0.16073305300005813,1.5523445169997103,0.7364491509997606,1.6718973709998863,1.3453258610002194,0.0,2.8976703779999298,3.058403430999988,1e-07,,80000,v7_btab_boxeig
35721,expanded_box,topk,32768,,32768,0,"[94, 94]","[189, 189]",35721,topk,32768,,32768,80000,35721,cheap,30,0.01,,cupy,1.6438246105934015e-11,3.773298925199079e-13,2240,930,930,,930,448,35721,0,256055296,808.6653706318651,8086.653706318651,0.001,boxeig,20000,group_c,50,diag,0.001,50,auto,group_c,boxeig,270,271,8.394063289711323e-08,0,,,2,USGS_LPC_IL_Winnebago_2018_ground_elevation_regression_ntrain300000000,False,NVIDIA A100-SXM4-40GB,cheap,448,0,448,448,0,0,2,35721,,,,,,,1.6438246105934015e-11,3.773298925199079e-13,,,,,1e-05,boxeig,299999999.99957526,True,,nan,0,0,,nan,0,0,0,0,False,270.0,matern,0.1,1.5,1.0,,2274064,3000,btab_boxeig_topk_32768_q448,189,271,270,75000000,300000000,3000,cufinufft,binned_c1,50,270,8.394063289711323e-08,pcg,converged,270,,True,0.1,0,0.0,0.11058298127950537,0.11057593801216811,0,0.1,boxeig,ok,,0.0006683038118051533,0.18111033299919654,0.0006554263666742002,0.17696511900203404,0.0,0,,8086.653706318651,0.0044862210002065694,1.784977036920652e-05,0.004819437999685761,3.313620742388863e-05,0.00894677600444993,0.0005036561925913298,0.13598717199965904,0.9008584679995693,0.0,0.0,0.0009000860000014654,0.0,5.882252592494263e-05,0.01588208199973451,0.8999583819995678,,0.1867239769999287,1.5521863940002731,0.9066677129999334,1.6808669490001193,1.4430764909998288,0.0,2.995262885000102,3.1819868620000307,1e-07,,80000,v7_btab_boxeig
35721,expanded_box,topk,35721,,35721,0,"[94, 94]","[189, 189]",35721,topk,35721,,35721,80000,35721,cheap,30,0.01,,cupy,1.6282274999521881e-12,2.0563659773938945e-14,960,418,418,,418,192,35721,0,109737984,7837.726795223471,78377.2679522347,0.001,boxeig,20000,group_c,50,diag,0.001,50,auto,group_c,boxeig,810,811,8.304207911619376e-08,0,,,2,USGS_LPC_IL_Winnebago_2018_ground_elevation_regression_ntrain300000000,False,NVIDIA A100-SXM4-40GB,cheap,192,0,192,192,0,0,2,35721,,,,,,,1.6282274999521881e-12,2.0563659773938945e-14,,,,,1e-05,boxeig,299999999.99957526,True,,nan,0,0,,nan,0,0,0,0,False,810.0,matern,0.1,1.5,1.0,,2274064,3000,btab_boxeig_topk_35721_q192,189,811,810,75000000,300000000,3000,cufinufft,binned_c1,50,810,8.304207911619376e-08,pcg,converged,810,,True,0.1,0,0.0,0.11058289653125745,0.11057585898017336,0,0.1,boxeig,ok,,0.0006529794919884509,0.5295663680026337,0.00043939143951612084,0.3559070660080579,0.0,0,,78377.2679522347,0.004607184999713354,1.752903701602873e-05,0.014198519982983271,3.1583664197311055e-05,0.025582767999821954,0.00029145030864330895,0.23607475000108025,0.3626033609998558,0.0,0.0,0.0009451599999010796,0.0,5.7900628396762636e-05,0.04689950900137774,0.3616582009999547,,0.08122571800004152,1.5521509710001737,0.36800281200021345,1.682149716999902,1.7727919559997645,0.0,3.324942926999938,3.4061686449999797,1e-07,,80000,v7_btab_boxeig
35721,expanded_box,topk,35721,,35721,0,"[94, 94]","[189, 189]",35721,topk,35721,,35721,80000,35721,cheap,30,0.01,,cupy,4.276187536960035e-12,3.6989305515286917e-14,1280,546,546,,546,256,35721,0,146317312,3648.7722828877663,36487.72282887766,0.001,boxeig,20000,group_c,50,diag,0.001,50,auto,group_c,boxeig,548,549,9.950761278766027e-08,0,,,2,USGS_LPC_IL_Winnebago_2018_ground_elevation_regression_ntrain300000000,False,NVIDIA A100-SXM4-40GB,cheap,256,0,256,256,0,0,2,35721,,,,,,,4.276187536960035e-12,3.6989305515286917e-14,,,,,1e-05,boxeig,299999999.99957526,True,,nan,0,0,,nan,0,0,0,0,False,548.0,matern,0.1,1.5,1.0,,2274064,3000,btab_boxeig_topk_35721_q256,189,549,548,75000000,300000000,3000,cufinufft,binned_c1,50,548,9.950761278766027e-08,pcg,converged,548,,True,0.1,0,0.0,0.11058300431784643,0.11057596265294693,0,0.1,boxeig,ok,,0.0006583952258651416,0.3614589789999627,0.0004950824854062455,0.27130520200262254,0.0,0,,36487.72282887766,0.00455348099967523,1.753556751574404e-05,0.009609490998627734,3.198422809359096e-05,0.017527356995287846,0.0003459718959849493,0.18959259899975223,0.474596892000136,0.0,0.0,0.0009162870001091505,0.0,5.8256286495030295e-05,0.0319244449992766,0.47368060500002684,,0.10896051100007753,1.5517351250000502,0.48012235200030773,1.680467685000167,1.4668692479999663,0.0,3.0186043730000165,3.127564884000094,1e-07,,80000,v7_btab_boxeig
35721,expanded_box,topk,35721,,35721,0,"[94, 94]","[189, 189]",35721,topk,35721,,35721,80000,35721,cheap,30,0.01,,cupy,5.570214890402303e-13,1.0507150027091467e-13,1600,674,674,,674,320,35721,0,182896640,2033.650869495083,20336.50869495083,0.001,boxeig,20000,group_c,50,diag,0.001,50,auto,group_c,boxeig,412,413,8.738878504340472e-08,0,,,2,USGS_LPC_IL_Winnebago_2018_ground_elevation_regression_ntrain300000000,False,NVIDIA A100-SXM4-40GB,cheap,320,0,320,320,0,0,2,35721,,,,,,,5.570214890402303e-13,1.0507150027091467e-13,,,,,1e-05,boxeig,299999999.99957526,True,,nan,0,0,,nan,0,0,0,0,False,412.0,matern,0.1,1.5,1.0,,2274064,3000,btab_boxeig_topk_35721_q320,189,413,412,75000000,300000000,3000,cufinufft,binned_c1,50,412,8.738878504340472e-08,pcg,converged,412,,True,0.1,0,0.0,0.11058307090883471,0.11057601963136078,0,0.1,boxeig,ok,,0.0006574743680378343,0.27153691399962554,0.0005421518373956592,0.22336655700701158,0.0,0,,20336.50869495083,0.004572448999624612,1.766067718002428e-05,0.007276198998170003,3.224634223579856e-05,0.013285493001149007,0.0003926983325225115,0.16179171299927475,0.5964567960004388,0.0,0.0,0.0008902060003492807,0.0,5.8313424758734894e-05,0.024025131000598776,0.5955665900000895,,0.134922921999987,1.5522229560001506,0.6021162350002669,1.682102816999759,1.3638595080001323,0.0,2.916082464000283,3.05100538600027,1e-07,,80000,v7_btab_boxeig
35721,expanded_box,topk,35721,,35721,0,"[94, 94]","[189, 189]",35721,topk,35721,,35721,80000,35721,cheap,30,0.01,,cupy,6.997446444464503e-12,1.8357845325405171e-13,1920,802,802,,802,384,35721,0,219475968,1238.0029503264002,12380.029503264,0.001,boxeig,20000,group_c,50,diag,0.001,50,auto,group_c,boxeig,318,319,9.966546735462026e-08,0,,,2,USGS_LPC_IL_Winnebago_2018_ground_elevation_regression_ntrain300000000,False,NVIDIA A100-SXM4-40GB,cheap,384,0,384,384,0,0,2,35721,,,,,,,6.997446444464503e-12,1.8357845325405171e-13,,,,,1e-05,boxeig,299999999.99957526,True,,nan,0,0,,nan,0,0,0,0,False,318.0,matern,0.1,1.5,1.0,,2274064,3000,btab_boxeig_topk_35721_q384,189,319,318,75000000,300000000,3000,cufinufft,binned_c1,50,318,9.966546735462026e-08,pcg,converged,318,,True,0.1,0,0.0,0.11058313623994727,0.11057608778856144,0,0.1,boxeig,ok,,0.0006724622695960007,0.2145154640011242,0.0006029995031382993,0.19175384199797918,0.0,0,,12380.029503264,0.004656780999994226,1.7991701245837647e-05,0.005721360996176372,3.360897799125869e-05,0.010687655001220264,0.00044932272327351486,0.14288462600097773,1.7067448559996592,0.0,0.0,0.0009655469998506305,0.0,5.9478176125073946e-05,0.018914060007773514,1.7057793089998086,,0.1619263789998513,1.5520658549999098,1.7126075569999557,1.6904340629998842,2.330868059000295,0.0,3.882933914000205,4.044860293000056,1e-07,,80000,v7_btab_boxeig
35721,expanded_box,topk,35721,,35721,0,"[94, 94]","[189, 189]",35721,topk,35721,,35721,80000,35721,cheap,30,0.01,,cupy,7.829821320343983e-12,3.9367833387227e-13,2240,930,930,,930,448,35721,0,256055296,808.6653706318652,8086.653706318652,0.001,boxeig,20000,group_c,50,diag,0.001,50,auto,group_c,boxeig,273,274,8.487494481635706e-08,0,,,2,USGS_LPC_IL_Winnebago_2018_ground_elevation_regression_ntrain300000000,False,NVIDIA A100-SXM4-40GB,cheap,448,0,448,448,0,0,2,35721,,,,,,,7.829821320343983e-12,3.9367833387227e-13,,,,,1e-05,boxeig,299999999.99957526,True,,nan,0,0,,nan,0,0,0,0,False,273.0,matern,0.1,1.5,1.0,,2274064,3000,btab_boxeig_topk_35721_q448,189,274,273,75000000,300000000,3000,cufinufft,binned_c1,50,273,8.487494481635706e-08,pcg,converged,273,,True,0.1,0,0.0,0.11058294236336967,0.11057589918269008,0,0.1,boxeig,ok,,0.0006812242189960299,0.1866554360049122,0.0007385733589623565,0.20163052699672335,0.0,0,,8086.653706318652,0.004882620999978826,1.7599981676386507e-05,0.0048047949976535165,3.447036263693647e-05,0.009410408999883657,0.0005856899304293513,0.1598933510072129,3.404615353999816,0.0,0.0,0.0009407659999851603,0.0,5.9067468850276625e-05,0.016125418996125518,3.4036745879998307,,0.18737092799983657,1.5542415600002641,3.4109968440002376,1.6890740439998808,3.9948823350000566,0.0,5.549123895000321,5.736494823000157,1e-07,,80000,v7_btab_boxeig
35721,,,,,,,,,,,,,,,,,,,,,,,,,,,,,,,,,,,,,group_c,,,,,,group_c,,13403,13404,8.64910399891172e-08,,,,2,USGS_LPC_IL_Winnebago_2018_ground_elevation_regression_ntrain100000000,False,NVIDIA A100-SXM4-40GB,,,,,,,,2,35721,,,,,,,,,0,0,,,1e-05,,,True,,,,,,,,,,,False,13403.0,matern,0.1,1.5,1.0,,,80000,plain_cg,189,13404,,25000000,100000000,3000,cufinufft,cufinufft,,,,,,,,True,0.1,0,,0.11190098252366643,0.11191669791276097,0,,,ok,,0.0006305563675018168,8.451977549994353,,,,,,,,,,,,,,,,,,,,,,,,1.0230118220001714,,0.5285860789999788,14.425151663999713,,15.448164211999938,,1e-07,,80000,v1
35721,,,,,,,,,,,,,,,,,,,,,,,,,,,,,,,,,,,,,group_c,,,,,,group_c,,1991,1992,9.876068819534312e-08,,,nan,2,USGS_LPC_IL_Winnebago_2018_ground_elevation_regression_ntrain100000000,False,NVIDIA A100-SXM4-40GB,,,,,,,,2,35721,72,3,nan,,17506.873681511657,0.0005950473084841849,,,5,352,0.0005367621725255793,0.1889402847290039,1e-05,,,True,[],,,,,,,,,,False,1991.0,matern,0.1,1.5,1.0,nan,,3000,eigenpro_pcg_q64,189,1992,1991,25000000,100000000,3000,cufinufft,binned_c1,,,,,,,full_eigenpro,True,0.1,0,,0.11186209878258575,0.11187805773745922,0,,,ok,,0.0006597355778076034,1.314193270992746,0.00018745093520650396,0.37321481199614936,,,[],,,,,,,,,,,,,,,,,0.22387418900007106,,0.5113801540001077,0.0002891770000132965,0.5362867459998597,2.977092569999968,,3.71263609000016,,1e-07,64,80000,v3
35721,,,,,,,,,,,,,,,,,,,,,,,,,,,,,,,,,,,,,group_c,,,,,,group_c,,905,906,9.391073463702282e-08,,,nan,2,USGS_LPC_IL_Winnebago_2018_ground_elevation_regression_ntrain100000000,False,NVIDIA A100-SXM4-40GB,,,,,,,,2,35721,136,3,nan,,5462.777257095706,0.00018567286748450007,,,5,672,0.000551385902223133,0.3705313262939453,1e-05,,,True,[],,,,,,,,,,False,905.0,matern,0.1,1.5,1.0,nan,,3000,eigenpro_pcg_q128,189,906,905,25000000,100000000,3000,cufinufft,binned_c1,,,,,,,full_eigenpro,True,0.1,0,,0.11186214064843839,0.11187810356524061,0,,,ok,,0.0006642019403909345,0.6017669579941867,0.00021278184088244803,0.19256756599861546,,,[],,,,,,,,,,,,,,,,,0.4364968410000074,,0.5119504559997949,0.00032056000009106356,0.5274252040003375,1.3913782999998148,,2.340146156999708,,1e-07,128,80000,v3
35721,,,,,,,,,,,,,,,,,,,,,,,,,,,,,,,,,,,,,group_c,,,,,,group_c,,374,375,9.890510192901189e-08,,,nan,2,USGS_LPC_IL_Winnebago_2018_ground_elevation_regression_ntrain100000000,False,NVIDIA A100-SXM4-40GB,,,,,,,,2,35721,264,3,nan,,1395.8845524658846,4.7444295759592674e-05,,,5,1312,0.0005379808821329256,0.7058309173583984,1e-05,,,True,[],,,,,,,,,,False,374.0,matern,0.1,1.5,1.0,nan,,3000,eigenpro_pcg_q256,189,375,374,25000000,100000000,3000,cufinufft,binned_c1,,,,,,,full_eigenpro,True,0.1,0,,0.11186221059937455,0.11187817056671885,0,,,ok,,0.0006491240746715145,0.24342152800181793,0.0003250875775327411,0.12158275399724516,,,[],,,,,,,,,,,,,,,,,0.8433353300001727,,0.5117366459999175,0.00030833200025881524,0.5093825479998486,0.606643571999939,,1.962023880000288,,1e-07,256,80000,v3
35721,,,,,,,,,,,,,,,,,,,,,,,,,,,,,,,,,,,,,group_c,,,,,,group_c,,290,291,9.784464287035677e-08,,,nan,2,USGS_LPC_IL_Winnebago_2018_ground_elevation_regression_ntrain100000000,False,NVIDIA A100-SXM4-40GB,,,,,,,,2,35721,328,3,nan,,881.12361260083,2.9948241586725185e-05,,,5,1632,0.0005531212488810222,0.9026938781738282,1e-05,,,True,[],,,,,,,,,,False,290.0,matern,0.1,1.5,1.0,nan,,3000,eigenpro_pcg_q320,189,291,290,25000000,100000000,3000,cufinufft,binned_c1,,,,,,,full_eigenpro,True,0.1,0,,0.11186219318593991,0.1118781628985091,0,,,ok,,0.0006493820377902411,0.18897017299696017,0.00037252434138532284,0.10803205900174362,,,[],,,,,,,,,,,,,,,,,1.0764063669998905,,0.5114160719999745,0.00030703499987794203,0.5319482940003581,0.4847720749999098,,2.0729015489996527,,1e-07,320,80000,v3
35721,,,,,,,,,,,,,,,,,,,,,,,,,,,,,,,,,,,,,group_c,,,,,,group_c,,230,231,8.307581093097232e-08,,,nan,2,USGS_LPC_IL_Winnebago_2018_ground_elevation_regression_ntrain100000000,False,NVIDIA A100-SXM4-40GB,,,,,,,,2,35721,392,3,nan,,595.9783659631025,2.025652657014713e-05,,,5,1952,0.0005972401353179431,1.165812744140625,1e-05,,,True,[],,,,,,,,,,False,230.0,matern,0.1,1.5,1.0,nan,,3000,eigenpro_pcg_q384,189,231,230,25000000,100000000,3000,cufinufft,binned_c1,,,,,,,full_eigenpro,True,0.1,0,,0.1118621723959903,0.11187814451915534,0,,,ok,,0.0006545945930707658,0.1512113509993469,0.0004253024913139044,0.09781957300219801,,,[],,,,,,,,,,,,,,,,,1.3781721129998914,,0.5120377360003658,0.00032177799994315137,0.5118938929999786,0.4004982339997696,,2.29102986099997,,1e-07,384,80000,v3
35721,,,,,,,,,,,,,,,,,,,,,,,,,,,,,,,,,,,,,group_c,,,,,,group_c,,182,183,9.511228519482451e-08,,,nan,2,USGS_LPC_IL_Winnebago_2018_ground_elevation_regression_ntrain100000000,False,NVIDIA A100-SXM4-40GB,,,,,,,,2,35721,456,3,nan,,432.0541008819665,1.4684954744784991e-05,,,5,2272,0.0005768527178697183,1.310609375,1e-05,,,True,[],,,,,,,,,,False,182.0,matern,0.1,1.5,1.0,nan,,3000,eigenpro_pcg_q448,189,183,182,25000000,100000000,3000,cufinufft,binned_c1,,,,,,,full_eigenpro,True,0.1,0,,0.11186225198617308,0.11187821080981279,0,,,ok,,0.0006588971803273021,0.12057818399989628,0.0004840043406582501,0.08808878999980152,,,[],,,,,,,,,,,,,,,,,1.5657035389999692,,0.5115700219998871,0.0003254709999964689,0.5127344620000258,0.33075851800003875,,2.4083575499998915,,1e-07,448,80000,v3
35721,expanded_box,topk,2048,,2048,0,"[25, 25]","[51, 51]",2601,topk,2048,,2048,80000,2601,cheap,30,0.01,,,,,,,,,,,,,,,,,inverse,20000,group_c,50,diag,0.001,50,auto,group_c,auto,3000,3001,0.007003764799853515,0,,,2,USGS_LPC_IL_Winnebago_2018_ground_elevation_regression_ntrain100000000,False,NVIDIA A100-SXM4-40GB,cheap,0,0,0,0,0,0,2,35721,,,,,,,,,,,,,1e-05,inverse,99999999.99985805,True,,nan,0,50,diag,0.001,0,0,0,108243216,False,3000.0,matern,0.1,1.5,1.0,,0,3000,btab_auto_topk_2048,189,3001,3001,25000000,100000000,3000,cufinufft,binned_c1,50,3000,0.007003764799853515,pcg,maxiter,3001,,True,0.1,0,5454.774512432634,0.12036560383865803,0.12037549063979089,0,0.1,exact,ok,,0.0006438055001672303,1.9320603060018584,0.00034330591169485684,1.0302610409962654,6302112.012770841,33120,,,0.001761738999903173,4.632405264555034e-05,0.13901848198929656,4.238819259985759e-05,0.12720696599217263,0.00015354558747524222,0.46079030801320187,0.2043298590001541,0.18163860799995746,0.014097743000093033,0.0,0.007009309999830293,5.802169044096958e-05,0.17412309301334972,,,0.00029413099991870695,0.5119332580002265,0.20702252199998838,0.5337385770003493,5.064968264999607,0.001584198000273318,5.576901522999833,5.577195653999752,1e-07,,80000,v6_btab
35721,expanded_box,topk,4096,,4096,0,"[36, 36]","[73, 73]",5329,topk,4096,,4096,80000,5329,cheap,30,0.01,,,,,,,,,,,,,,,,,inverse,20000,group_c,50,diag,0.001,50,auto,group_c,auto,3000,3001,0.032645300124678915,0,,,2,USGS_LPC_IL_Winnebago_2018_ground_elevation_regression_ntrain100000000,False,NVIDIA A100-SXM4-40GB,cheap,0,0,0,0,0,0,2,35721,,,,,,,,,,,,,1e-05,inverse,99999999.99985805,True,,nan,0,50,diag,0.001,0,0,0,454371856,False,3000.0,matern,0.1,1.5,1.0,,0,3000,btab_auto_topk_4096,189,3001,3001,25000000,100000000,3000,cufinufft,binned_c1,50,3000,0.032645300124678915,pcg,maxiter,3001,,True,0.1,0,983.8544680279508,0.1513068417372269,0.1513557469218697,0,0.1,exact,ok,,0.0006450880379873203,1.935909201999948,0.0006102602892365256,1.8313911279988133,2124139.962108267,30392,,,0.0017768889997569204,4.608828956716528e-05,0.138310956991063,4.5080548484673446e-05,0.13528672600250502,0.0004173744118540315,1.2525406099739484,0.8789372090000143,0.7534163170003012,0.09471567199989295,0.0,0.024757718999808276,5.7919641783695685e-05,0.17381684499287076,,,0.00028759399992850376,0.5117687530000694,0.8817297300001883,0.5137181889999738,6.5481699379997735,0.0060475010000118345,7.059938690999843,7.0602262849997715,1e-07,,80000,v6_btab
35721,expanded_box,topk,20480,,20480,0,"[80, 80]","[161, 161]",25921,topk,20480,,20480,80000,25921,cheap,30,0.01,,cupy,5.990077960366136e-13,1.2811978098399013e-13,1600,674,674,,674,320,25921,9800,132720640,676.9715914186968,6769.715914186968,0.001,boxeig,20000,group_c,50,diag,0.001,50,auto,group_c,boxeig,1652,1653,9.948444779501774e-08,0,,,2,USGS_LPC_IL_Winnebago_2018_ground_elevation_regression_ntrain100000000,False,NVIDIA A100-SXM4-40GB,cheap,320,0,320,320,0,0,2,35721,,,,,,,5.990077960366136e-13,1.2811978098399013e-13,,,,,1e-05,boxeig,99999999.99985805,True,,nan,0,0,,nan,0,0,0,0,False,1652.0,matern,0.1,1.5,1.0,,1648656,3000,btab_boxeig_topk_20480_q320,189,1653,1652,25000000,100000000,3000,cufinufft,binned_c1,50,1652,9.948444779501774e-08,pcg,converged,1652,,True,0.1,0,20.372483964690904,0.11186206313967469,0.11187802780189926,0,0.1,boxeig,ok,,0.0006585100169432882,1.0885170580072554,0.0005062026004909991,0.8362466960111306,81911.19777238744,9800,,6769.715914186968,0.0034172669998042693,4.655072336129774e-05,0.07690179499286387,4.163402541845854e-05,0.0687794099912935,0.000316138285723368,0.5222604480150039,0.6392040690002432,0.0,0.0,0.0010929670002042258,0.0,5.878515132399798e-05,0.09711306998724467,0.638111102000039,,0.13244995299965012,0.5114038789997721,0.6435178110000379,0.511355223999999,3.632993548000286,0.0,4.144397427000058,4.276847379999708,1e-07,,80000,v7_btab_boxeig
35721,expanded_box,topk,20480,,20480,0,"[80, 80]","[161, 161]",25921,topk,20480,,20480,80000,25921,cheap,30,0.01,,cupy,2.6733031316702323e-12,1.644130866629013e-13,1920,802,802,,802,384,25921,9800,159264768,412.11885960801214,4121.188596080121,0.001,boxeig,20000,group_c,50,diag,0.001,50,auto,group_c,boxeig,1328,1329,9.888783868415277e-08,0,,,2,USGS_LPC_IL_Winnebago_2018_ground_elevation_regression_ntrain100000000,False,NVIDIA A100-SXM4-40GB,cheap,384,0,384,384,0,0,2,35721,,,,,,,2.6733031316702323e-12,1.644130866629013e-13,,,,,1e-05,boxeig,99999999.99985805,True,,nan,0,0,,nan,0,0,0,0,False,1328.0,matern,0.1,1.5,1.0,,1648656,3000,btab_boxeig_topk_20480_q384,189,1329,1328,25000000,100000000,3000,cufinufft,binned_c1,50,1328,9.888783868415277e-08,pcg,converged,1328,,True,0.1,0,20.372483964690904,0.11186205555643047,0.11187802105034837,0,0.1,boxeig,ok,,0.0006594769029380567,0.8764448040046773,0.000549723878018348,0.7300333100083662,81911.19777238744,9800,,4121.188596080121,0.0033371839999745134,4.670339608591107e-05,0.0620221100020899,4.269795181210019e-05,0.05670288000646906,0.00035823683810689086,0.47573852100595104,0.729106863999732,0.0,0.0,0.0010452900000927912,0.0,5.890565888128286e-05,0.07822671499434364,0.7280615739996392,,0.1643554980000772,0.511807084999873,0.733429908999824,0.5243675509996137,3.1998471230003815,0.0,3.7116542080002546,3.876009706000332,1e-07,,80000,v7_btab_boxeig
35721,expanded_box,topk,32768,,32768,0,"[94, 94]","[189, 189]",35721,topk,32768,,32768,80000,35721,cheap,30,0.01,,cupy,2.131866132029321e-13,2.3396076272471976e-14,960,418,418,,418,192,35721,0,109737984,2612.4933226153803,26124.9332261538,0.001,boxeig,20000,group_c,50,diag,0.001,50,auto,group_c,boxeig,498,499,9.894773711699083e-08,0,,,2,USGS_LPC_IL_Winnebago_2018_ground_elevation_regression_ntrain100000000,False,NVIDIA A100-SXM4-40GB,cheap,192,0,192,192,0,0,2,35721,,,,,,,2.131866132029321e-13,2.3396076272471976e-14,,,,,1e-05,boxeig,99999999.99985805,True,,nan,0,0,,nan,0,0,0,0,False,498.0,matern,0.1,1.5,1.0,,2274064,3000,btab_boxeig_topk_32768_q192,189,499,498,25000000,100000000,3000,cufinufft,binned_c1,50,498,9.894773711699083e-08,pcg,converged,498,,True,0.1,0,0.0,0.11186214125778877,0.11187811196485777,0,0.1,boxeig,ok,,0.0006685274689390756,0.33359520700059875,0.0004486797530174603,0.22344251700269524,0.0,0,,26124.9332261538,0.004331580999860307,1.765219678736137e-05,0.008790794000105961,3.2182937753627284e-05,0.016027103001306386,0.00029789122490216823,0.14834983000127977,0.3634181079996779,0.0,0.0,0.0009267219998037035,0.0,5.924514257878261e-05,0.02950408100423374,0.3624913859998742,,0.08294308599988653,0.511904787000276,0.3685538599997926,0.5143645580001248,1.2524819129998832,0.0,1.7643867000001592,1.8473297860000457,1e-07,,80000,v7_btab_boxeig
35721,expanded_box,topk,32768,,32768,0,"[94, 94]","[189, 189]",35721,topk,32768,,32768,80000,35721,cheap,30,0.01,,cupy,2.6097340977914826e-13,4.3587209171500504e-14,1280,546,546,,546,256,35721,0,146317312,1216.3487750382797,12163.487750382796,0.001,boxeig,20000,group_c,50,diag,0.001,50,auto,group_c,boxeig,339,340,9.228602020132862e-08,0,,,2,USGS_LPC_IL_Winnebago_2018_ground_elevation_regression_ntrain100000000,False,NVIDIA A100-SXM4-40GB,cheap,256,0,256,256,0,0,2,35721,,,,,,,2.6097340977914826e-13,4.3587209171500504e-14,,,,,1e-05,boxeig,99999999.99985805,True,,nan,0,0,,nan,0,0,0,0,False,339.0,matern,0.1,1.5,1.0,,2274064,3000,btab_boxeig_topk_32768_q256,189,340,339,25000000,100000000,3000,cufinufft,binned_c1,50,339,9.228602020132862e-08,pcg,converged,339,,True,0.1,0,0.0,0.11186219178390067,0.11187816085467775,0,0.1,boxeig,ok,,0.0006650612911752272,0.22612083899957724,0.0004982010501316567,0.16889015599463164,0.0,0,,12163.487750382796,0.004391218999899138,1.7723814176689494e-05,0.006008373005897738,3.2280147484834474e-05,0.010942969997358887,0.0003478299764084545,0.11791436200246608,0.47652473900006953,0.0,0.0,0.0009119589999500022,0.0,5.872414454739732e-05,0.019907485001567693,0.47561278000011953,,0.10854331700011244,0.5113504050000302,0.4818546109995623,0.5133243119998951,1.0981650759999866,0.0,1.6095154810000167,1.7180587980001292,1e-07,,80000,v7_btab_boxeig
35721,expanded_box,topk,32768,,32768,0,"[94, 94]","[189, 189]",35721,topk,32768,,32768,80000,35721,cheap,30,0.01,,cupy,1.78795410847835e-12,1.2899937134486502e-13,1600,674,674,,674,320,35721,0,182896640,677.8084142821008,6778.084142821008,0.001,boxeig,20000,group_c,50,diag,0.001,50,auto,group_c,boxeig,264,265,9.750449593345828e-08,0,,,2,USGS_LPC_IL_Winnebago_2018_ground_elevation_regression_ntrain100000000,False,NVIDIA A100-SXM4-40GB,cheap,320,0,320,320,0,0,2,35721,,,,,,,1.78795410847835e-12,1.2899937134486502e-13,,,,,1e-05,boxeig,99999999.99985805,True,,nan,0,0,,nan,0,0,0,0,False,264.0,matern,0.1,1.5,1.0,,2274064,3000,btab_boxeig_topk_32768_q320,189,265,264,25000000,100000000,3000,cufinufft,binned_c1,50,264,9.750449593345828e-08,pcg,converged,264,,True,0.1,0,0.0,0.1118621488368381,0.11187811936237686,0,0.1,boxeig,ok,,0.000675728558490966,0.179068068000106,0.0005626082121318287,0.14852856800280279,0.0,0,,6778.084142821008,0.004408357000102114,1.7997708327625745e-05,0.004751394998493197,3.4492397727455795e-05,0.009105993000048329,0.0004065510113636347,0.10732946699999957,2.1783430829996178,0.0,0.0,0.0009101239998017263,0.0,6.066183710868934e-05,0.016014724996693985,2.177432958999816,,0.13663060099997892,0.511626045000412,2.183833556999616,0.5152467880002405,2.6879097429996364,0.0,3.1995357880000483,3.3361663890000273,1e-07,,80000,v7_btab_boxeig
35721,expanded_box,topk,32768,,32768,0,"[94, 94]","[189, 189]",35721,topk,32768,,32768,80000,35721,cheap,30,0.01,,cupy,6.377330058617928e-12,1.1390831838010613e-13,1920,802,802,,802,384,35721,0,219475968,412.65970732600607,4126.597073260061,0.001,boxeig,20000,group_c,50,diag,0.001,50,auto,group_c,boxeig,217,218,7.657121053877692e-08,0,,,2,USGS_LPC_IL_Winnebago_2018_ground_elevation_regression_ntrain100000000,False,NVIDIA A100-SXM4-40GB,cheap,384,0,384,384,0,0,2,35721,,,,,,,6.377330058617928e-12,1.1390831838010613e-13,,,,,1e-05,boxeig,99999999.99985805,True,,nan,0,0,,nan,0,0,0,0,False,217.0,matern,0.1,1.5,1.0,,2274064,3000,btab_boxeig_topk_32768_q384,189,218,217,25000000,100000000,3000,cufinufft,binned_c1,50,217,7.657121053877692e-08,pcg,converged,217,,True,0.1,0,0.0,0.11186211554532671,0.11187807354219055,0,0.1,boxeig,ok,,0.0006748162890197894,0.14710995100631408,0.0006014949954162299,0.1305244140053219,0.0,0,,4126.597073260061,0.0043261379996692995,1.8071368673349858e-05,0.003921487002116919,3.36113916917233e-05,0.0072936719971039565,0.00044796018892785693,0.09720736099734495,0.7375316090001434,0.0,0.0,0.0009170780003842083,0.0,5.939320276893299e-05,0.012888325000858458,0.7366145309997592,,0.15989053300017986,0.5114332220000506,0.7430438040000809,0.5130148430002919,1.1646433129999423,0.0,1.6760765349999929,1.8359670680001727,1e-07,,80000,v7_btab_boxeig
35721,expanded_box,topk,32768,,32768,0,"[94, 94]","[189, 189]",35721,topk,32768,,32768,80000,35721,cheap,30,0.01,,cupy,1.7328931326761548e-11,5.605152277474788e-13,2240,930,930,,930,448,35721,0,256055296,269.6668887924177,2696.668887924177,0.001,boxeig,20000,group_c,50,diag,0.001,50,auto,group_c,boxeig,176,177,9.434653969638128e-08,0,,,2,USGS_LPC_IL_Winnebago_2018_ground_elevation_regression_ntrain100000000,False,NVIDIA A100-SXM4-40GB,cheap,448,0,448,448,0,0,2,35721,,,,,,,1.7328931326761548e-11,5.605152277474788e-13,,,,,1e-05,boxeig,99999999.99985805,True,,nan,0,0,,nan,0,0,0,0,False,176.0,matern,0.1,1.5,1.0,,2274064,3000,btab_boxeig_topk_32768_q448,189,177,176,25000000,100000000,3000,cufinufft,binned_c1,50,176,9.434653969638128e-08,pcg,converged,176,,True,0.1,0,0.0,0.11186212067293562,0.11187807752175102,0,0.1,boxeig,ok,,0.000685784576279149,0.12138387000140938,0.000661011051136029,0.1163379449999411,0.0,0,,2696.668887924177,0.004348279000168986,1.797103407015625e-05,0.0031629019963475002,3.488804543394508e-05,0.006140295996374334,0.0005058027784059504,0.08902128899944728,0.9107009650001601,0.0,0.0,0.0008991280001282576,0.0,5.94410113566565e-05,0.010461617998771544,0.9098018370000318,,0.18743249899989678,0.5117132920004224,0.9163812150000012,0.513815046000218,1.2728875599996172,0.0,1.7846008520000396,1.9720333509999364,1e-07,,80000,v7_btab_boxeig
35721,expanded_box,topk,35721,,35721,0,"[94, 94]","[189, 189]",35721,topk,35721,,35721,80000,35721,cheap,30,0.01,,cupy,1.7019776086386946e-13,3.009857951192027e-14,960,418,418,,418,192,35721,0,109737984,2612.4933226153785,26124.933226153782,0.001,boxeig,20000,group_c,50,diag,0.001,50,auto,group_c,boxeig,498,499,9.417379594204011e-08,0,,,2,USGS_LPC_IL_Winnebago_2018_ground_elevation_regression_ntrain100000000,False,NVIDIA A100-SXM4-40GB,cheap,192,0,192,192,0,0,2,35721,,,,,,,1.7019776086386946e-13,3.009857951192027e-14,,,,,1e-05,boxeig,99999999.99985805,True,,nan,0,0,,nan,0,0,0,0,False,498.0,matern,0.1,1.5,1.0,,2274064,3000,btab_boxeig_topk_35721_q192,189,499,498,25000000,100000000,3000,cufinufft,binned_c1,50,498,9.417379594204011e-08,pcg,converged,498,,True,0.1,0,0.0,0.11186214216331072,0.11187811213012203,0,0.1,boxeig,ok,,0.0006618334408720144,0.33025488699513517,0.00044466229116668285,0.22144182100100807,0.0,0,,26124.933226153782,0.004662234000079479,1.7742855421039644e-05,0.008835941999677743,3.21598915642349e-05,0.01601562599898898,0.00029524289156888044,0.14703096000130245,0.3749617170001329,0.0,0.0,0.000954885999817634,0.0,5.7882702805844486e-05,0.028825585997310554,0.3740068310003153,,0.08156207899992296,0.51195141900007,0.3804328619999069,0.5130192669998905,1.2538445010000032,0.0,1.7657959200000732,1.8473579989999962,1e-07,,80000,v7_btab_boxeig
35721,expanded_box,topk,35721,,35721,0,"[94, 94]","[189, 189]",35721,topk,35721,,35721,80000,35721,cheap,30,0.01,,cupy,3.857988548016652e-12,4.058474532409852e-14,1280,546,546,,546,256,35721,0,146317312,1216.3487750382806,12163.487750382805,0.001,boxeig,20000,group_c,50,diag,0.001,50,auto,group_c,boxeig,338,339,9.297970295194799e-08,0,,,2,USGS_LPC_IL_Winnebago_2018_ground_elevation_regression_ntrain100000000,False,NVIDIA A100-SXM4-40GB,cheap,256,0,256,256,0,0,2,35721,,,,,,,3.857988548016652e-12,4.058474532409852e-14,,,,,1e-05,boxeig,99999999.99985805,True,,nan,0,0,,nan,0,0,0,0,False,338.0,matern,0.1,1.5,1.0,,2274064,3000,btab_boxeig_topk_35721_q256,189,339,338,25000000,100000000,3000,cufinufft,binned_c1,50,338,9.297970295194799e-08,pcg,converged,338,,True,0.1,0,0.0,0.11186219505547096,0.11187816308131669,0,0.1,boxeig,ok,,0.0006659384778868652,0.22575314400364732,0.0004990253047245573,0.16867055299690037,0.0,0,,12163.487750382805,0.004502436999700876,1.7834292893679334e-05,0.006027990998063615,3.264852661953136e-05,0.0110352019974016,0.0003481673609459807,0.11768056799974147,0.47569486800011873,0.0,0.0,0.0008939690001170675,0.0,5.8523843191975153e-05,0.019781058998887602,0.47480089900000166,,0.11113743099986095,0.5114223139999012,0.4811164429997916,0.5157254629998533,1.0962471900002129,0.0,1.607669504000114,1.718806934999975,1e-07,,80000,v7_btab_boxeig
35721,expanded_box,topk,35721,,35721,0,"[94, 94]","[189, 189]",35721,topk,35721,,35721,80000,35721,cheap,30,0.01,,cupy,5.070450289569731e-13,1.0177478393054144e-13,1600,674,674,,674,320,35721,0,182896640,677.808414282088,6778.0841428208805,0.001,boxeig,20000,group_c,50,diag,0.001,50,auto,group_c,boxeig,267,268,8.62597837583024e-08,0,,,2,USGS_LPC_IL_Winnebago_2018_ground_elevation_regression_ntrain100000000,False,NVIDIA A100-SXM4-40GB,cheap,320,0,320,320,0,0,2,35721,,,,,,,5.070450289569731e-13,1.0177478393054144e-13,,,,,1e-05,boxeig,99999999.99985805,True,,nan,0,0,,nan,0,0,0,0,False,267.0,matern,0.1,1.5,1.0,,2274064,3000,btab_boxeig_topk_35721_q320,189,268,267,25000000,100000000,3000,cufinufft,binned_c1,50,267,8.62597837583024e-08,pcg,converged,267,,True,0.1,0,0.0,0.11186214647910306,0.11187811588525387,0,0.1,boxeig,ok,,0.0006729197313346171,0.18034248799767738,0.000549121707859563,0.14661549599850332,0.0,0,,6778.0841428208805,0.00465366400021594,1.778814232259239e-05,0.004749434000132169,3.3029850190646e-05,0.008818970000902482,0.0003964517041134464,0.10585260499829019,0.624426057999699,0.0,0.0,0.0009196940000038012,0.0,5.9154704129550635e-05,0.01579430600259002,0.6235063639996952,,0.13837475099990115,0.5118687439999121,0.630172100999971,0.5132477420002033,1.133913062999909,0.0,1.6457818069998211,1.7841565579997223,1e-07,,80000,v7_btab_boxeig
35721,expanded_box,topk,35721,,35721,0,"[94, 94]","[189, 189]",35721,topk,35721,,35721,80000,35721,cheap,30,0.01,,cupy,5.786983964918763e-12,1.7142112706493552e-13,1920,802,802,,802,384,35721,0,219475968,412.6597073260062,4126.597073260062,0.001,boxeig,20000,group_c,50,diag,0.001,50,auto,group_c,boxeig,212,213,9.956462971554576e-08,0,,,2,USGS_LPC_IL_Winnebago_2018_ground_elevation_regression_ntrain100000000,False,NVIDIA A100-SXM4-40GB,cheap,384,0,384,384,0,0,2,35721,,,,,,,5.786983964918763e-12,1.7142112706493552e-13,,,,,1e-05,boxeig,99999999.99985805,True,,nan,0,0,,nan,0,0,0,0,False,212.0,matern,0.1,1.5,1.0,,2274064,3000,btab_boxeig_topk_35721_q384,189,213,212,25000000,100000000,3000,cufinufft,binned_c1,50,212,9.956462971554576e-08,pcg,converged,212,,True,0.1,0,0.0,0.11186213641874818,0.11187810416382708,0,0.1,boxeig,ok,,0.0006790180422661384,0.14463084300268747,0.0006024203160167126,0.12771310699554306,0.0,0,,4126.597073260062,0.004512795999744412,1.7907599040229815e-05,0.0037964109965287207,3.34788349172808e-05,0.007097513002463529,0.00044897865095362986,0.09518347400216953,0.738576404000014,0.0,0.0,0.0009115590000874363,0.0,5.953080188380725e-05,0.012620529999367136,0.7376648449999266,,0.16102285699980712,0.5115239300002941,0.7442983860000822,0.512888897999801,1.1582346909999615,0.0,1.6697586210002555,1.8307814780000626,1e-07,,80000,v7_btab_boxeig
35721,expanded_box,topk,35721,,35721,0,"[94, 94]","[189, 189]",35721,topk,35721,,35721,80000,35721,cheap,30,0.01,,cupy,4.9666037845843035e-12,3.3151712202134724e-13,2240,930,930,,930,448,35721,0,256055296,269.66688879241656,2696.6688879241656,0.001,boxeig,20000,group_c,50,diag,0.001,50,auto,group_c,boxeig,177,178,9.321338395687274e-08,0,,,2,USGS_LPC_IL_Winnebago_2018_ground_elevation_regression_ntrain100000000,False,NVIDIA A100-SXM4-40GB,cheap,448,0,448,448,0,0,2,35721,,,,,,,4.9666037845843035e-12,3.3151712202134724e-13,,,,,1e-05,boxeig,99999999.99985805,True,,nan,0,0,,nan,0,0,0,0,False,177.0,matern,0.1,1.5,1.0,,2274064,3000,btab_boxeig_topk_35721_q448,189,178,177,25000000,100000000,3000,cufinufft,binned_c1,50,177,9.321338395687274e-08,pcg,converged,177,,True,0.1,0,0.0,0.1118621151837198,0.11187807541976774,0,0.1,boxeig,ok,,0.0006851287303311182,0.12195291399893904,0.0006673322824833948,0.1181178139995609,0.0,0,,2696.6688879241656,0.004521250999914628,1.810724857562691e-05,0.0032049829978859634,3.510405649341025e-05,0.006213417999333615,0.000506363881387871,0.08962640700565316,0.9053610179998941,0.0,0.0,0.0009109970001190959,0.0,6.195505085669009e-05,0.010966044001634145,0.904450020999775,,0.1875771570003053,0.5113710430000538,0.9112276400001065,0.5133380980000766,1.2716484110001147,0.0,1.7830194540001685,1.9705966110004738,1e-07,,80000,v7_btab_boxeig
