dataset_stem,n_train,eps,selector_tag,route,method,precompute_mode,top_q,btab_eig_q,btab_active_size_raw,btab_box_size,tail_size,rho_max_T,tail_energy,btab_eig_theta_q1_over_sigma2,btab_eig_eig_residual_max,cg_iters,outer_iters,time_precond_build,time_solve,time_total,time_post_diagnostics,time_total_with_diagnostics,rmse_test
USGS_LPC_IL_Winnebago_2018_ground_elevation_regression_ntrain1000000,1000000,1e-05,eigenpro_pcg,eigenpro_baseline,eigenpro_pcg_q64,c1,64.0,,,,,,,,,279,,0.00028152699997,0.4110893600000054,0.6575233890000618,,,0.1232028692268484
USGS_LPC_IL_Winnebago_2018_ground_elevation_regression_ntrain1000000,1000000,1e-05,eigenpro_pcg,eigenpro_baseline,eigenpro_pcg_q128,c1,128.0,,,,,,,,,131,,0.0003198020001491,0.1975203689999034,0.635420589999967,,,0.1232028808616289
USGS_LPC_IL_Winnebago_2018_ground_elevation_regression_ntrain1000000,1000000,1e-05,eigenpro_pcg,eigenpro_baseline,eigenpro_pcg_q256,c1,256.0,,,,,,,,,55,,0.0003035959998669,0.0921332089999396,0.9568481409999094,,,0.1232028888815847
USGS_LPC_IL_Winnebago_2018_ground_elevation_regression_ntrain1000000,1000000,1e-05,eigenpro_pcg,eigenpro_baseline,eigenpro_pcg_q320,c1,320.0,,,,,,,,,41,,0.0003150259999529,0.0705737920000046,1.1716587210000853,,,0.1232028966627871
USGS_LPC_IL_Winnebago_2018_ground_elevation_regression_ntrain1000000,1000000,1e-05,eigenpro_pcg,eigenpro_baseline,eigenpro_pcg_q384,c1,384.0,,,,,,,,,32,,0.0003147269999317,0.058355537999887,1.3802359329999945,,,0.1232028755714197
USGS_LPC_IL_Winnebago_2018_ground_elevation_regression_ntrain1000000,1000000,1e-05,eigenpro_pcg,eigenpro_baseline,eigenpro_pcg_q448,c1,448.0,,,,,,,,,25,,0.0003031950000149,0.0477891959999396,1.609567739999875,,,0.1232029085362192
USGS_LPC_IL_Winnebago_2018_ground_elevation_regression_ntrain1000000,1000000,1e-05,eigenpro_pcg,eigenpro_baseline,eigenpro_pcg_q64,c1,64.0,,,,,,,,,27,,0.0003055330003007,0.0392294919997766,0.2756038409997927,,,0.3951969462566693
USGS_LPC_IL_Winnebago_2018_ground_elevation_regression_ntrain1000000,1000000,1e-05,eigenpro_pcg,eigenpro_baseline,eigenpro_pcg_q128,c1,128.0,,,,,,,,,7,,0.0002894930003094,0.0110565029999634,0.4372050750002927,,,0.3951968916849645
USGS_LPC_IL_Winnebago_2018_ground_elevation_regression_ntrain1000000,1000000,1e-05,eigenpro_pcg,eigenpro_baseline,eigenpro_pcg_q256,c1,256.0,,,,,,,,,5,,0.0003153170000587,0.0082275579998167,0.8186773069996889,,,0.3951968852787004
USGS_LPC_IL_Winnebago_2018_ground_elevation_regression_ntrain1000000,1000000,1e-05,eigenpro_pcg,eigenpro_baseline,eigenpro_pcg_q320,c1,320.0,,,,,,,,,4,,0.000294871999813,0.0070376510002461,1.0260110920003171,,,0.3951970057021504
USGS_LPC_IL_Winnebago_2018_ground_elevation_regression_ntrain1000000,1000000,1e-05,eigenpro_pcg,eigenpro_baseline,eigenpro_pcg_q384,c1,384.0,,,,,,,,,4,,0.0002952130002995,0.0070207389999268,1.2276604329999827,,,0.3951969701363155
USGS_LPC_IL_Winnebago_2018_ground_elevation_regression_ntrain1000000,1000000,1e-05,eigenpro_pcg,eigenpro_baseline,eigenpro_pcg_q448,c1,448.0,,,,,,,,,4,,0.0002952079998976,0.0070214509996731,1.4360953109999173,,,0.3951969250387453
USGS_LPC_IL_Winnebago_2018_ground_elevation_regression_ntrain1000000,1000000,1e-05,plain_cg,cg_baseline,plain_cg,original/default,,,,,,,,,,1824,,,1.9741132890001156,1.991282227000056,,,0.1240139433125986
USGS_LPC_IL_Winnebago_2018_ground_elevation_regression_ntrain1000000,1000000,1e-05,plain_cg,cg_baseline,plain_cg,original/default,,,,,,,,,,706,,,0.74299130899999,0.7627670120000403,,,0.39531751468055
USGS_LPC_IL_Winnebago_2018_ground_elevation_regression_ntrain1000000,1000000,1e-05,topk_1024,inverse,btab_auto_topk_1024,c1,,,1024.0,1369.0,34352.0,240.1486637979243,159241.41853898662,,,3500,3500.0,0.0563958400000501,5.410782706999953,5.432390469999973,0.0003320000000712,5.432722470000044,0.1232800173216227
USGS_LPC_IL_Winnebago_2018_ground_elevation_regression_ntrain1000000,1000000,1e-05,topk_1024,inverse,btab_auto_topk_1024,c1,,,1024.0,1225.0,0.0,0.0,0.0,,,3500,3500.0,0.0392311079999672,6.930852088999927,6.950690808000218,2.790000007735216e-05,6.950718708000295,0.3951614995153331
USGS_LPC_IL_Winnebago_2018_ground_elevation_regression_ntrain1000000,1000000,1e-05,topk_16384,boxeig,btab_boxeig_topk_16384_q192,c1,,192.0,16384.0,21025.0,14696.0,0.3417994303232917,1608.5394410293347,261.940860906153,4.983119710303467e-13,202,202.0,0.3549811289999525,0.7176064870000118,0.7393496610000057,0.0771964269999898,0.8165460879999955,0.1232028908523227
USGS_LPC_IL_Winnebago_2018_ground_elevation_regression_ntrain1000000,1000000,1e-05,topk_16384,boxeig,btab_boxeig_topk_16384_q256,c1,,256.0,16384.0,21025.0,14696.0,0.3417994303232917,1608.5394410293347,122.39960322393291,9.879586740923797e-13,144,144.0,0.4660057169999163,0.7284845140000016,0.7490465370001402,0.1015720430000328,0.8506185800001731,0.1232028809088624
USGS_LPC_IL_Winnebago_2018_ground_elevation_regression_ntrain1000000,1000000,1e-05,topk_16384,boxeig,btab_boxeig_topk_16384_q320,c1,,320.0,16384.0,21025.0,14696.0,0.3417994303232917,1608.5394410293347,68.57413344394772,1.0322161068723032e-12,111,111.0,0.585129107000057,0.7920770509999784,0.8123879629999919,0.1258571930000016,0.9382451559999936,0.1232028835931227
USGS_LPC_IL_Winnebago_2018_ground_elevation_regression_ntrain1000000,1000000,1e-05,topk_2048,boxeig,btab_boxeig_topk_2048_q192,c1,,192.0,2048.0,2601.0,33120.0,54.546949589895824,63020.171182838174,21.25648479222296,1.271956224841422e-11,408,408.0,0.3489043409999794,1.041974411999945,1.063622118000012,0.0757650000000467,1.1393871180000588,0.1232028762825763
USGS_LPC_IL_Winnebago_2018_ground_elevation_regression_ntrain1000000,1000000,1e-05,topk_2048,inverse,btab_auto_topk_2048,c1,,,2048.0,2601.0,33120.0,54.546949589895824,63020.171182838174,,,3500,3500.0,0.2122926839999763,5.85314722399994,5.8750166539998645,0.000271752999879,5.875288406999744,0.1232866944773941
USGS_LPC_IL_Winnebago_2018_ground_elevation_regression_ntrain1000000,1000000,1e-05,topk_256,boxeig,btab_boxeig_topk_256_q64,c1,,64.0,256.0,361.0,864.0,139.9545073033638,4566.240710524331,36.69373482352231,7.534763101505419e-12,264,264.0,0.1323771729998952,0.6059928459999355,0.6254525099998318,0.0276006290000623,0.6530531389998941,0.3951969462512654
USGS_LPC_IL_Winnebago_2018_ground_elevation_regression_ntrain1000000,1000000,1e-05,topk_4096,boxeig,btab_boxeig_topk_4096_q192,c1,,192.0,4096.0,5329.0,30392.0,9.838396089144934,21241.07387227035,239.3962558440919,7.238338374972307e-13,362,362.0,0.3614481590000196,0.9914657899998928,1.0131232179999188,0.0766442420001567,1.0897674600000755,0.1232028870977806
USGS_LPC_IL_Winnebago_2018_ground_elevation_regression_ntrain1000000,1000000,1e-05,topk_4096,boxeig,btab_boxeig_topk_4096_q256,c1,,256.0,4096.0,5329.0,30392.0,9.838396089144934,21241.07387227035,56.16528930048482,1.8045668209022586e-12,220,220.0,1.219277985999952,1.6242685750000874,1.645856654999989,0.1018888579999384,1.747745512999927,0.1232028736543666
USGS_LPC_IL_Winnebago_2018_ground_elevation_regression_ntrain1000000,1000000,1e-05,topk_4096,inverse,btab_auto_topk_4096,c1,,,4096.0,5329.0,30392.0,9.838396089144934,21241.07387227035,,,3500,3500.0,0.9189514849999796,7.489058017999923,7.510723695000024,0.0002533109998239,7.510977005999848,0.1233465428518041
USGS_LPC_IL_Winnebago_2018_ground_elevation_regression_ntrain1000000,1000000,1e-05,topk_512,boxeig,btab_boxeig_topk_512_q128,c1,,128.0,512.0,625.0,600.0,0.829195548393433,24.83386656410284,1.0166045956624896,1.4257470154281983e-10,25,25.0,0.2427221979996829,0.2938190130003022,0.313711622000028,0.0643382829998699,0.378049904999898,0.3951969466296306
USGS_LPC_IL_Winnebago_2018_ground_elevation_regression_ntrain1000000,1000000,1e-05,topk_512,inverse,btab_auto_topk_512,c1,,,512.0,625.0,35096.0,1313.5031517667444,462884.5316394586,,,3500,3500.0,0.0137890480000351,5.307491446999848,5.326304487000016,0.0002608339998459,5.326565320999862,0.1232255275501283
USGS_LPC_IL_Winnebago_2018_ground_elevation_regression_ntrain1000000,1000000,1e-05,topk_512,inverse,btab_auto_topk_512,c1,,,512.0,625.0,600.0,0.829195548393433,24.83386656410284,,,3500,3500.0,0.0120525699999234,6.111431585999981,6.131144137999854,7.78569997237355e-05,6.131221994999578,0.3951278676961589
USGS_LPC_IL_Winnebago_2018_ground_elevation_regression_ntrain1000000,1000000,1e-05,topk_728,inverse,btab_auto_topk_728,c1,,,728.0,961.0,34760.0,526.9518252995047,260474.59564064053,,,3500,3500.0,0.0294511770000553,5.371366313999943,5.392818147000071,0.0002885660001084,5.393106713000179,0.1232542487117738
USGS_LPC_IL_Winnebago_2018_ground_elevation_regression_ntrain1000000,1000000,1e-05,topk_768,boxeig,btab_boxeig_topk_768_q128,c1,,128.0,768.0,961.0,264.0,0.0012890935761067,0.0364077602796397,1.0228095830168176,2.09761502249643e-09,5,5.0,0.2340494710001621,0.2456756599999607,0.2660886449998543,0.0612535780001053,0.3273422229999596,0.3951969478468138
USGS_LPC_IL_Winnebago_2018_ground_elevation_regression_ntrain1000000,1000000,1e-05,topk_8192,boxeig,btab_boxeig_topk_8192_q192,c1,,192.0,8192.0,10609.0,25112.0,1.8400068158557872,6814.733118417559,260.094265761157,4.916226449008794e-13,294,294.0,0.5085040460000982,1.0434533149998515,1.0651559870000256,0.0777661710001211,1.1429221580001467,0.123202899679396
USGS_LPC_IL_Winnebago_2018_ground_elevation_regression_ntrain1000000,1000000,1e-05,topk_8192,boxeig,btab_boxeig_topk_8192_q256,c1,,256.0,8192.0,10609.0,25112.0,1.8400068158557872,6814.733118417559,120.23109268749872,5.860651677234995e-13,212,212.0,0.4699367440000515,0.843057508000129,0.8646298599999227,0.1045777430001635,0.9692076030000862,0.1232028881275204
USGS_LPC_IL_Winnebago_2018_ground_elevation_regression_ntrain1000000,1000000,1e-05,topk_8192,boxeig,btab_boxeig_topk_8192_q320,c1,,320.0,8192.0,10609.0,25112.0,1.8400068158557872,6814.733118417559,65.01147194414061,2.645649803490116e-12,162,162.0,0.592355107000003,0.8810715609999988,0.9030366689999028,0.1287848330000542,1.031821501999957,0.1232028908434701
USGS_LPC_IL_Winnebago_2018_ground_elevation_regression_ntrain10000000,10000000,1e-05,eigenpro_pcg,eigenpro_baseline,eigenpro_pcg_q64,c1,64.0,,,,,,,,,732,,0.0003147869999793,1.0610424369999691,1.3596947600001386,,,0.1150572135151445
USGS_LPC_IL_Winnebago_2018_ground_elevation_regression_ntrain10000000,10000000,1e-05,eigenpro_pcg,eigenpro_baseline,eigenpro_pcg_q128,c1,128.0,,,,,,,,,337,,0.0003221249999114,0.5045528929999819,0.993305534000001,,,0.1150572271310319
USGS_LPC_IL_Winnebago_2018_ground_elevation_regression_ntrain10000000,10000000,1e-05,eigenpro_pcg,eigenpro_baseline,eigenpro_pcg_q256,c1,256.0,,,,,,,,,142,,0.0002993299999616,0.2273141310001847,1.133690751000131,,,0.1150572525048267
USGS_LPC_IL_Winnebago_2018_ground_elevation_regression_ntrain10000000,10000000,1e-05,eigenpro_pcg,eigenpro_baseline,eigenpro_pcg_q320,c1,320.0,,,,,,,,,108,,0.0002976149999085,0.1823512920000212,1.315205062999894,,,0.1150572541024937
USGS_LPC_IL_Winnebago_2018_ground_elevation_regression_ntrain10000000,10000000,1e-05,eigenpro_pcg,eigenpro_baseline,eigenpro_pcg_q384,c1,384.0,,,,,,,,,84,,0.0002991119999933,0.1471042509999733,1.5175502229999438,,,0.1150572525729853
USGS_LPC_IL_Winnebago_2018_ground_elevation_regression_ntrain10000000,10000000,1e-05,eigenpro_pcg,eigenpro_baseline,eigenpro_pcg_q448,c1,448.0,,,,,,,,,68,,0.0003130269999473,0.1248839279999174,1.7306516779999583,,,0.1150572677494031
USGS_LPC_IL_Winnebago_2018_ground_elevation_regression_ntrain10000000,10000000,1e-05,eigenpro_pcg,eigenpro_baseline,eigenpro_pcg_q64,c1,64.0,,,,,,,,,52,,0.0003134099997623,0.0754654100001062,0.3600536700000702,,,0.3821210812613114
USGS_LPC_IL_Winnebago_2018_ground_elevation_regression_ntrain10000000,10000000,1e-05,eigenpro_pcg,eigenpro_baseline,eigenpro_pcg_q128,c1,128.0,,,,,,,,,8,,0.0003117699998256,0.0126465710000047,0.4933740219998981,,,0.3821209864569348
USGS_LPC_IL_Winnebago_2018_ground_elevation_regression_ntrain10000000,10000000,1e-05,eigenpro_pcg,eigenpro_baseline,eigenpro_pcg_q256,c1,256.0,,,,,,,,,6,,0.0002948040000774,0.0097631550002006,0.8773162090001279,,,0.3821209754839072
USGS_LPC_IL_Winnebago_2018_ground_elevation_regression_ntrain10000000,10000000,1e-05,eigenpro_pcg,eigenpro_baseline,eigenpro_pcg_q320,c1,320.0,,,,,,,,,4,,0.0002907299999606,0.0067966440001328,1.0581102700002702,,,0.3821213654482292
USGS_LPC_IL_Winnebago_2018_ground_elevation_regression_ntrain10000000,10000000,1e-05,eigenpro_pcg,eigenpro_baseline,eigenpro_pcg_q384,c1,384.0,,,,,,,,,4,,0.0002940210001725,0.0069448299996111,1.273297865999666,,,0.3821211084423727
USGS_LPC_IL_Winnebago_2018_ground_elevation_regression_ntrain10000000,10000000,1e-05,eigenpro_pcg,eigenpro_baseline,eigenpro_pcg_q448,c1,448.0,,,,,,,,,4,,0.000283624000076,0.0068788739999945,1.4543346149998797,,,0.3821209953798588
USGS_LPC_IL_Winnebago_2018_ground_elevation_regression_ntrain10000000,10000000,1e-05,plain_cg,cg_baseline,plain_cg,original/default,,,,,,,,,,4907,,,5.283342317000006,5.415763968999954,,,0.1151403105172933
USGS_LPC_IL_Winnebago_2018_ground_elevation_regression_ntrain10000000,10000000,1e-05,plain_cg,cg_baseline,plain_cg,original/default,,,,,,,,,,1508,,,1.6144213160000618,1.7519423030003054,,,0.3821805332029543
USGS_LPC_IL_Winnebago_2018_ground_elevation_regression_ntrain10000000,10000000,1e-05,topk_1024,inverse,btab_auto_topk_1024,c1,,,1024.0,1369.0,34352.0,2401.519629532177,1592437.4207633706,,,3500,3500.0,0.0545879710000463,5.423449552000193,5.498726214000044,0.0002874539998174,5.499013667999861,0.1152832664576971
USGS_LPC_IL_Winnebago_2018_ground_elevation_regression_ntrain10000000,10000000,1e-05,topk_1024,inverse,btab_auto_topk_1024,c1,,,1024.0,1225.0,0.0,0.0,0.0,,,3500,3500.0,0.0387708840003142,6.800943292000284,6.874015654000232,4.277500011085067e-05,6.874058429000343,0.3829860885453819
USGS_LPC_IL_Winnebago_2018_ground_elevation_regression_ntrain10000000,10000000,1e-05,topk_16384,boxeig,btab_boxeig_topk_16384_q192,c1,,192.0,16384.0,21025.0,14696.0,3.418047257901612,16085.644281348012,2611.262738567141,2.622788279561684e-13,953,953.0,0.3577896259998852,1.9868203869998524,2.0620822079999925,0.07654298500006,2.1386251930000526,0.1150571733372021
USGS_LPC_IL_Winnebago_2018_ground_elevation_regression_ntrain10000000,10000000,1e-05,topk_16384,boxeig,btab_boxeig_topk_16384_q256,c1,,256.0,16384.0,21025.0,14696.0,3.418047257901612,16085.644281348012,1214.5386931202029,1.5941634106201849e-12,684,684.0,0.4784990690000086,1.657640383999933,1.7327665729999353,0.1019999059999463,1.8347664789998817,0.1150571796685421
USGS_LPC_IL_Winnebago_2018_ground_elevation_regression_ntrain10000000,10000000,1e-05,topk_16384,boxeig,btab_boxeig_topk_16384_q320,c1,,320.0,16384.0,21025.0,14696.0,3.418047257901612,16085.644281348012,677.1440179233651,5.89480749910155e-13,515,515.0,0.5836268800001108,1.4933481139999003,1.5672548879999797,0.127629713999795,1.6948846019997743,0.1150571813804586
USGS_LPC_IL_Winnebago_2018_ground_elevation_regression_ntrain10000000,10000000,1e-05,topk_2048,boxeig,btab_boxeig_topk_2048_q192,c1,,192.0,2048.0,2601.0,33120.0,545.4774512432729,630211.201277095,206.66844944389936,1.5776331411576265e-11,1197,1197.0,0.354455956000038,2.385594190999882,2.465465059000053,0.0765197160001207,2.5419847750001736,0.1150571743762234
USGS_LPC_IL_Winnebago_2018_ground_elevation_regression_ntrain10000000,10000000,1e-05,topk_2048,inverse,btab_auto_topk_2048,c1,,,2048.0,2601.0,33120.0,545.4774512432729,630211.201277095,,,3500,3500.0,0.2123554160000367,5.811473620000015,5.886927112999956,0.0002689789998839,5.88719609199984,0.115620783355713
USGS_LPC_IL_Winnebago_2018_ground_elevation_regression_ntrain10000000,10000000,1e-05,topk_256,boxeig,btab_boxeig_topk_256_q64,c1,,64.0,256.0,361.0,864.0,1399.656127360063,45666.53112637907,357.9363205132436,1.6981002856952264e-12,753,753.0,0.1269279540001662,1.4158749580001313,1.4896523269999309,0.0258027690001654,1.515455096000096,0.3821210014036924
USGS_LPC_IL_Winnebago_2018_ground_elevation_regression_ntrain10000000,10000000,1e-05,topk_4096,boxeig,btab_boxeig_topk_4096_q192,c1,,192.0,4096.0,5329.0,30392.0,98.38544680279678,212413.99621083037,2386.025967624427,3.051391608057985e-13,1094,1094.0,0.3589933670000391,2.210935440000185,2.2863083880001795,0.0767618729998957,2.363070261000076,0.1150571736110325
USGS_LPC_IL_Winnebago_2018_ground_elevation_regression_ntrain10000000,10000000,1e-05,topk_4096,boxeig,btab_boxeig_topk_4096_q256,c1,,256.0,4096.0,5329.0,30392.0,98.38544680279678,212413.99621083037,556.5118259184394,3.306501393660098e-12,650,650.0,0.4710326430001714,1.577372202000106,1.6527937270000166,0.1028353990000141,1.7556291260000307,0.1150571720650978
USGS_LPC_IL_Winnebago_2018_ground_elevation_regression_ntrain10000000,10000000,1e-05,topk_4096,inverse,btab_auto_topk_4096,c1,,,4096.0,5329.0,30392.0,98.38544680279678,212413.99621083037,,,3500,3500.0,0.8932271180001408,7.440664283999922,7.51573717999986,0.0002794619999804,7.51601664199984,0.1155160224583911
USGS_LPC_IL_Winnebago_2018_ground_elevation_regression_ntrain10000000,10000000,1e-05,topk_512,boxeig,btab_boxeig_topk_512_q128,c1,,128.0,512.0,625.0,600.0,8.29313806561155,248.3765349227636,1.166503003118866,6.834792454494054e-10,66,66.0,0.2327953919998435,0.3642321899997114,0.4300305729998399,0.0513277550003294,0.4813583280001694,0.3821209991140507
USGS_LPC_IL_Winnebago_2018_ground_elevation_regression_ntrain10000000,10000000,1e-05,topk_512,inverse,btab_auto_topk_512,c1,,,512.0,625.0,35096.0,13135.187774164457,4628908.004704734,,,3500,3500.0,0.0140046450001136,5.280450578,5.3456065969999145,0.0003050729999358,5.34591166999985,0.11513930543836
USGS_LPC_IL_Winnebago_2018_ground_elevation_regression_ntrain10000000,10000000,1e-05,topk_512,inverse,btab_auto_topk_512,c1,,,512.0,625.0,600.0,8.29313806561155,248.3765349227636,,,3500,3500.0,0.011692614000367,6.079156941999827,6.143221176000225,0.0001174389999505,6.143338615000175,0.3830129991930315
USGS_LPC_IL_Winnebago_2018_ground_elevation_regression_ntrain10000000,10000000,1e-05,topk_728,inverse,btab_auto_topk_728,c1,,,728.0,961.0,34760.0,5269.586962164745,2604782.938678906,,,3500,3500.0,0.0282837770000696,5.3337788530000125,5.408728569000004,0.0002701149999211,5.408998683999926,0.1151767205211014
USGS_LPC_IL_Winnebago_2018_ground_elevation_regression_ntrain10000000,10000000,1e-05,topk_768,boxeig,btab_boxeig_topk_768_q128,c1,,128.0,768.0,961.0,264.0,0.0128938026523342,0.3641616910785574,1.2286006528275906,1.5645237411899372e-09,7,7.0,0.235707659000127,0.2524950189999799,0.3173718560001362,0.0588413509999554,0.3762132070000916,0.3821210026366372
USGS_LPC_IL_Winnebago_2018_ground_elevation_regression_ntrain10000000,10000000,1e-05,topk_8192,boxeig,btab_boxeig_topk_8192_q192,c1,,192.0,8192.0,10609.0,25112.0,18.40035079822005,68148.38536115427,2595.160463628359,2.066400915001469e-13,1004,1004.0,1.7593263090000164,3.476769357999956,3.5522780859998875,0.0783136459999696,3.630591731999857,0.1150572181874951
USGS_LPC_IL_Winnebago_2018_ground_elevation_regression_ntrain10000000,10000000,1e-05,topk_8192,boxeig,btab_boxeig_topk_8192_q256,c1,,256.0,8192.0,10609.0,25112.0,18.40035079822005,68148.38536115427,1193.5202006074262,3.63915609141464e-12,758,758.0,0.469885043999966,1.742684652999969,1.818338642000072,0.1051459749999139,1.9234846169999853,0.1150571740024115
USGS_LPC_IL_Winnebago_2018_ground_elevation_regression_ntrain10000000,10000000,1e-05,topk_8192,boxeig,btab_boxeig_topk_8192_q320,c1,,320.0,8192.0,10609.0,25112.0,18.40035079822005,68148.38536115427,642.2154393374532,5.614158632742666e-12,571,571.0,0.589290081999934,1.555425618000072,1.6306091139999808,0.1291746690001218,1.7597837830001026,0.1150571883032044
USGS_LPC_IL_Winnebago_2018_ground_elevation_regression_ntrain100000000,100000000,1e-05,eigenpro_pcg,eigenpro_baseline,eigenpro_pcg_q64,c1,64.0,,,,,,,,,132,,0.0003022920000148,0.1904344229999424,0.9234457729999122,,,0.3645635996560608
USGS_LPC_IL_Winnebago_2018_ground_elevation_regression_ntrain100000000,100000000,1e-05,eigenpro_pcg,eigenpro_baseline,eigenpro_pcg_q128,c1,128.0,,,,,,,,,8,,0.0002858789998754,0.0125565929999993,0.9367170509999596,,,0.3645633061117649
USGS_LPC_IL_Winnebago_2018_ground_elevation_regression_ntrain100000000,100000000,1e-05,eigenpro_pcg,eigenpro_baseline,eigenpro_pcg_q256,c1,256.0,,,,,,,,,6,,0.0002909309998813,0.0097831040000073,1.3139348570000493,,,0.3645633135558546
USGS_LPC_IL_Winnebago_2018_ground_elevation_regression_ntrain100000000,100000000,1e-05,eigenpro_pcg,eigenpro_baseline,eigenpro_pcg_q320,c1,320.0,,,,,,,,,5,,0.0003351490001932,0.0085433219999231,1.5210270000000037,,,0.3645632831633711
USGS_LPC_IL_Winnebago_2018_ground_elevation_regression_ntrain100000000,100000000,1e-05,eigenpro_pcg,eigenpro_baseline,eigenpro_pcg_q384,c1,384.0,,,,,,,,,4,,0.0002852170000551,0.006792083999926,1.6971988069999495,,,0.3645633990572294
USGS_LPC_IL_Winnebago_2018_ground_elevation_regression_ntrain100000000,100000000,1e-05,eigenpro_pcg,eigenpro_baseline,eigenpro_pcg_q448,c1,448.0,,,,,,,,,4,,0.0003099439998095,0.0068583240001771,1.881871257000057,,,0.3645634056634992
USGS_LPC_IL_Winnebago_2018_ground_elevation_regression_ntrain100000000,100000000,1e-05,eigenpro_pcg,eigenpro_baseline,eigenpro_pcg_q64,c1,64.0,,,,,,,,,1953,,0.0003259290001551,2.8950643550001587,3.630933925000136,,,0.1118621217158402
USGS_LPC_IL_Winnebago_2018_ground_elevation_regression_ntrain100000000,100000000,1e-05,eigenpro_pcg,eigenpro_baseline,eigenpro_pcg_q128,c1,128.0,,,,,,,,,903,,0.0003837650001514,1.364841995000006,2.302084167999965,,,0.1118621401521683
USGS_LPC_IL_Winnebago_2018_ground_elevation_regression_ntrain100000000,100000000,1e-05,eigenpro_pcg,eigenpro_baseline,eigenpro_pcg_q256,c1,256.0,,,,,,,,,374,,0.0003285540001343,0.6092724609998186,1.9746269779998329,,,0.1118622106284144
USGS_LPC_IL_Winnebago_2018_ground_elevation_regression_ntrain100000000,100000000,1e-05,eigenpro_pcg,eigenpro_baseline,eigenpro_pcg_q320,c1,320.0,,,,,,,,,290,,0.0002958249997391,0.4883066980000876,2.0790171240000745,,,0.1118621931537731
USGS_LPC_IL_Winnebago_2018_ground_elevation_regression_ntrain100000000,100000000,1e-05,eigenpro_pcg,eigenpro_baseline,eigenpro_pcg_q384,c1,384.0,,,,,,,,,226,,0.0003366240002833,0.3995493299998998,2.2411927739999555,,,0.1118622175764293
USGS_LPC_IL_Winnebago_2018_ground_elevation_regression_ntrain100000000,100000000,1e-05,eigenpro_pcg,eigenpro_baseline,eigenpro_pcg_q448,c1,448.0,,,,,,,,,184,,0.0003024299999196,0.3295303560003049,2.403686731000107,,,0.1118622290196374
USGS_LPC_IL_Winnebago_2018_ground_elevation_regression_ntrain100000000,100000000,1e-05,plain_cg,cg_baseline,plain_cg,original/default,,,,,,,,,,3590,,,3.8220778439999776,4.89159554999992,,,0.3646642391687076
USGS_LPC_IL_Winnebago_2018_ground_elevation_regression_ntrain100000000,100000000,1e-05,plain_cg,cg_baseline,plain_cg,original/default,,,,,,,,,,13452,,,14.553753869000047,15.57761138700016,,,0.1119009808199684
USGS_LPC_IL_Winnebago_2018_ground_elevation_regression_ntrain100000000,100000000,1e-05,topk_1024,inverse,btab_auto_topk_1024,c1,,,1024.0,1225.0,0.0,0.0,0.0,,,3500,3500.0,0.0386828020000393,6.913821968999855,7.426878094999893,5.034399987380312e-05,7.4269284389997665,0.3672324152009037
USGS_LPC_IL_Winnebago_2018_ground_elevation_regression_ntrain100000000,100000000,1e-05,topk_10240,inverse,btab_auto_topk_10240,c1,,,10240.0,13225.0,22496.0,107.12968006546828,453758.18500728224,,,3500,3500.0,5.988021584000308,18.848262632000115,19.360099318000263,0.0002656429996932,19.36036496099996,0.1367346053387045
USGS_LPC_IL_Winnebago_2018_ground_elevation_regression_ntrain100000000,100000000,1e-05,topk_2048,inverse,btab_auto_topk_2048,c1,,,2048.0,2601.0,33120.0,5454.774512432634,6302112.012770841,,,3500,3500.0,0.1953216539995992,5.882592786999794,6.394745795999825,0.0003113239999947,6.395057119999819,0.1185128906947848
USGS_LPC_IL_Winnebago_2018_ground_elevation_regression_ntrain100000000,100000000,1e-05,topk_20480,boxeig,btab_boxeig_topk_20480_q192,c1,,192.0,20480.0,25921.0,9800.0,20.372483964690904,81911.19777238744,26117.86585578623,2.0890009335289802e-13,3092,3092.0,0.4033876159996907,5.748354126000322,6.260045700000319,0.0825166300001001,6.342562330000419,0.1118620569138198
USGS_LPC_IL_Winnebago_2018_ground_elevation_regression_ntrain100000000,100000000,1e-05,topk_20480,boxeig,btab_boxeig_topk_20480_q256,c1,,256.0,20480.0,25921.0,9800.0,20.372483964690904,81911.19777238744,12156.767839395006,1.1591659710328702e-12,2170,2170.0,0.4873037259999364,4.249897822000094,4.762160663000032,0.1087612699998317,4.870921932999863,0.1118620552567968
USGS_LPC_IL_Winnebago_2018_ground_elevation_regression_ntrain100000000,100000000,1e-05,topk_20480,boxeig,btab_boxeig_topk_20480_q320,c1,,320.0,20480.0,25921.0,9800.0,20.372483964690904,81911.19777238744,6769.715914186961,7.953541842402432e-13,1654,1654.0,0.6521648589996403,3.616546480000125,4.128399582000384,0.1371889810002358,4.26558856300062,0.111862063237686
USGS_LPC_IL_Winnebago_2018_ground_elevation_regression_ntrain100000000,100000000,1e-05,topk_20480,boxeig,btab_boxeig_topk_20480_q384,c1,,384.0,20480.0,25921.0,9800.0,20.372483964690904,81911.19777238744,4121.188596080124,1.0423164481188589e-11,1312,1312.0,0.7391670659999363,3.1474843740002143,3.659489856000164,0.1632622340002854,3.822752090000449,0.1118620555636853
USGS_LPC_IL_Winnebago_2018_ground_elevation_regression_ntrain100000000,100000000,1e-05,topk_20480,boxeig,btab_boxeig_topk_20480_q448,c1,,448.0,20480.0,25921.0,9800.0,20.372483964690904,81911.19777238744,2692.9840467535982,4.573812964061681e-12,1074,1074.0,0.9278310649997366,2.961353372000304,3.472850374000245,0.1904425079997054,3.663292881999951,0.1118620647638563
USGS_LPC_IL_Winnebago_2018_ground_elevation_regression_ntrain100000000,100000000,1e-05,topk_256,boxeig,btab_boxeig_topk_256_q64,c1,,64.0,256.0,361.0,864.0,13996.561273600688,456665.3112637927,3569.215834353711,3.982405685338211e-12,1923,1923.0,0.1271547480000663,3.3864448749998246,3.89874034599984,0.0263809719999699,3.9251213179998095,0.3645633181659913
USGS_LPC_IL_Winnebago_2018_ground_elevation_regression_ntrain100000000,100000000,1e-05,topk_25720,boxeig,btab_boxeig_topk_25720_q192,c1,,192.0,25720.0,32761.0,2960.0,11.408548010216704,18389.531643654045,26124.15749224588,2.077792367475061e-13,2778,2778.0,0.3671115209999698,5.271986638000271,5.783900055000231,0.0781313799998315,5.862031435000063,0.1118620992411244
USGS_LPC_IL_Winnebago_2018_ground_elevation_regression_ntrain100000000,100000000,1e-05,topk_25720,boxeig,btab_boxeig_topk_25720_q256,c1,,256.0,25720.0,32761.0,2960.0,11.408548010216704,18389.531643654045,12162.57003626899,1.0324776066946892e-12,1968,1968.0,2.0513433060000352,5.64810155000032,6.159807847000138,0.1059277959998326,6.265735642999971,0.111862067234124
USGS_LPC_IL_Winnebago_2018_ground_elevation_regression_ntrain100000000,100000000,1e-05,topk_25720,boxeig,btab_boxeig_topk_25720_q320,c1,,320.0,25720.0,32761.0,2960.0,11.408548010216704,18389.531643654045,6776.213029805065,7.536740188178372e-13,1444,1444.0,0.5939579309997498,3.27302059800013,3.78489573700017,0.134415787999842,3.919311525000012,0.111862095096018
USGS_LPC_IL_Winnebago_2018_ground_elevation_regression_ntrain100000000,100000000,1e-05,topk_25720,boxeig,btab_boxeig_topk_25720_q384,c1,,384.0,25720.0,32761.0,2960.0,11.408548010216704,18389.531643654045,4125.766527972515,1.1388427891611874e-11,1118,1118.0,0.7271940619998531,2.840884816000198,3.3526396940001177,0.1569848650001404,3.509624559000258,0.1118621096376809
USGS_LPC_IL_Winnebago_2018_ground_elevation_regression_ntrain100000000,100000000,1e-05,topk_25720,boxeig,btab_boxeig_topk_25720_q448,c1,,448.0,25720.0,32761.0,2960.0,11.408548010216704,18389.531643654045,2695.717789023149,3.623505172397203e-12,955,955.0,0.8763022200000705,2.7187391319998824,3.230728660000296,0.1836199499998656,3.414348610000161,0.1118620643975172
USGS_LPC_IL_Winnebago_2018_ground_elevation_regression_ntrain100000000,100000000,1e-05,topk_35721,boxeig,btab_boxeig_topk_35721_q192,c1,,192.0,35721.0,35721.0,0.0,0.0,0.0,26124.933226153797,4.714030645786995e-13,497,497.0,0.3706886989998565,1.238919684999928,1.7508056219999162,0.0823731019995648,1.833178723999481,0.1118621470519364
USGS_LPC_IL_Winnebago_2018_ground_elevation_regression_ntrain100000000,100000000,1e-05,topk_35721,boxeig,btab_boxeig_topk_35721_q256,c1,,256.0,35721.0,35721.0,0.0,0.0,0.0,12163.487750382805,1.7800043533571686e-12,338,338.0,0.4850988350003717,1.1053216000000248,1.6172127329996329,0.1101552690001881,1.727368001999821,0.1118621925650686
USGS_LPC_IL_Winnebago_2018_ground_elevation_regression_ntrain100000000,100000000,1e-05,topk_35721,boxeig,btab_boxeig_topk_35721_q320,c1,,320.0,35721.0,35721.0,0.0,0.0,0.0,6778.084142820871,6.109393504438379e-13,266,266.0,0.6139934389998416,1.1147529820000273,1.6265019870002106,0.1393622499999764,1.7658642370001871,0.1118621460953507
USGS_LPC_IL_Winnebago_2018_ground_elevation_regression_ntrain100000000,100000000,1e-05,topk_35721,boxeig,btab_boxeig_topk_35721_q384,c1,,384.0,35721.0,35721.0,0.0,0.0,0.0,4126.597073260059,4.365231259383122e-12,210,210.0,0.7957774800001971,1.2035594090002633,1.715421360000164,0.1622782890003691,1.877699649000533,0.1118621434705433
USGS_LPC_IL_Winnebago_2018_ground_elevation_regression_ntrain100000000,100000000,1e-05,topk_35721,boxeig,btab_boxeig_topk_35721_q448,c1,,448.0,35721.0,35721.0,0.0,0.0,0.0,2696.668887924178,1.2948027397352778e-11,175,175.0,0.9113641429999008,1.2652715140002329,1.7771104329999616,0.1889215950000107,1.9660320279999723,0.1118621314118602
USGS_LPC_IL_Winnebago_2018_ground_elevation_regression_ntrain100000000,100000000,1e-05,topk_4096,inverse,btab_auto_topk_4096,c1,,,4096.0,5329.0,30392.0,983.8544680279506,2124139.962108266,,,3500,3500.0,0.8823208850003539,7.565010289999918,8.076886452000053,0.0003001670002049,8.077186619000258,0.1316850147833179
USGS_LPC_IL_Winnebago_2018_ground_elevation_regression_ntrain100000000,100000000,1e-05,topk_512,boxeig,btab_boxeig_topk_512_q128,c1,,128.0,512.0,625.0,600.0,82.93138065611586,2483.7653492276468,2.669294937559743,3.27323682894327e-09,204,204.0,0.4787852029999158,0.8424114869999357,1.3552322240000194,0.0528926479998972,1.4081248719999166,0.3645633641062209
USGS_LPC_IL_Winnebago_2018_ground_elevation_regression_ntrain100000000,100000000,1e-05,topk_512,inverse,btab_auto_topk_512,c1,,,512.0,625.0,600.0,82.93138065611586,2483.7653492276468,,,3500,3500.0,0.0118128809999689,6.093915814000184,6.606418556000108,0.0001493649999702,6.606567921000078,0.3672307740531157
USGS_LPC_IL_Winnebago_2018_ground_elevation_regression_ntrain100000000,100000000,1e-05,topk_768,boxeig,btab_boxeig_topk_768_q128,c1,,128.0,768.0,961.0,264.0,0.1289380265233431,3.64161691078559,3.2878426374372918,6.435703995059858e-09,14,14.0,0.2326960760001384,0.2622397829998135,0.7751948889999767,0.0509471570001096,0.8261420460000863,0.3645633460580676
USGS_LPC_IL_Winnebago_2018_ground_elevation_regression_ntrain100000000,100000000,1e-05,topk_8192,inverse,btab_auto_topk_8192,c1,,,8192.0,10609.0,25112.0,184.00350798219733,681483.853611531,,,3500,3500.0,3.7356001859998287,13.956420110999716,14.468558753999789,0.0002809379998325,14.46883969199962,0.137293534814214
USGS_LPC_IL_Winnebago_2018_ground_elevation_regression_ntrain3000000,3000000,1e-05,eigenpro_pcg,eigenpro_baseline,eigenpro_pcg_q64,c1,64.0,,,,,,,,,439,,0.0002888320000238,0.6378839120000066,0.8968656530000771,,,0.1180623549793755
USGS_LPC_IL_Winnebago_2018_ground_elevation_regression_ntrain3000000,3000000,1e-05,eigenpro_pcg,eigenpro_baseline,eigenpro_pcg_q128,c1,128.0,,,,,,,,,203,,0.0002819119999912,0.300265133000039,0.7466878379998434,,,0.1180623585419563
USGS_LPC_IL_Winnebago_2018_ground_elevation_regression_ntrain3000000,3000000,1e-05,eigenpro_pcg,eigenpro_baseline,eigenpro_pcg_q256,c1,256.0,,,,,,,,,85,,0.0002922599999237,0.1386788990000695,1.011535288999994,,,0.1180623655337173
USGS_LPC_IL_Winnebago_2018_ground_elevation_regression_ntrain3000000,3000000,1e-05,eigenpro_pcg,eigenpro_baseline,eigenpro_pcg_q320,c1,320.0,,,,,,,,,65,,0.0003183549999903,0.1098999339999409,1.2096606189998056,,,0.1180623710469703
USGS_LPC_IL_Winnebago_2018_ground_elevation_regression_ntrain3000000,3000000,1e-05,eigenpro_pcg,eigenpro_baseline,eigenpro_pcg_q384,c1,384.0,,,,,,,,,51,,0.0003510740000365,0.0905960200000208,1.4330006019999928,,,0.1180623728231844
USGS_LPC_IL_Winnebago_2018_ground_elevation_regression_ntrain3000000,3000000,1e-05,eigenpro_pcg,eigenpro_baseline,eigenpro_pcg_q448,c1,448.0,,,,,,,,,41,,0.0003133650000108,0.0755494100001215,1.6560988900000666,,,0.1180623714209073
USGS_LPC_IL_Winnebago_2018_ground_elevation_regression_ntrain3000000,3000000,1e-05,eigenpro_pcg,eigenpro_baseline,eigenpro_pcg_q64,c1,64.0,,,,,,,,,36,,0.0003271180000865,0.0529928240000572,0.306085689000156,,,0.3896628986943515
USGS_LPC_IL_Winnebago_2018_ground_elevation_regression_ntrain3000000,3000000,1e-05,eigenpro_pcg,eigenpro_baseline,eigenpro_pcg_q128,c1,128.0,,,,,,,,,5,,0.0002946919998976,0.0084389329999794,0.4536977709999519,,,0.3896628244172841
USGS_LPC_IL_Winnebago_2018_ground_elevation_regression_ntrain3000000,3000000,1e-05,eigenpro_pcg,eigenpro_baseline,eigenpro_pcg_q256,c1,256.0,,,,,,,,,6,,0.0003204049999112,0.0097692389999792,0.8428393929998492,,,0.3896628245546366
USGS_LPC_IL_Winnebago_2018_ground_elevation_regression_ntrain3000000,3000000,1e-05,eigenpro_pcg,eigenpro_baseline,eigenpro_pcg_q320,c1,320.0,,,,,,,,,4,,0.0002819679998538,0.006806607000044,1.0297223259999555,,,0.389662829560256
USGS_LPC_IL_Winnebago_2018_ground_elevation_regression_ntrain3000000,3000000,1e-05,eigenpro_pcg,eigenpro_baseline,eigenpro_pcg_q384,c1,384.0,,,,,,,,,4,,0.0003312450000976,0.0071089749999373,1.2195673429998806,,,0.3896627634997189
USGS_LPC_IL_Winnebago_2018_ground_elevation_regression_ntrain3000000,3000000,1e-05,eigenpro_pcg,eigenpro_baseline,eigenpro_pcg_q448,c1,448.0,,,,,,,,,4,,0.0003073560001212,0.0067758359998606,1.4025376919998962,,,0.3896627878323812
USGS_LPC_IL_Winnebago_2018_ground_elevation_regression_ntrain3000000,3000000,1e-05,plain_cg,cg_baseline,plain_cg,original/default,,,,,,,,,,2895,,,3.1149527139998554,3.160877156999959,,,0.1182666045952519
USGS_LPC_IL_Winnebago_2018_ground_elevation_regression_ntrain3000000,3000000,1e-05,plain_cg,cg_baseline,plain_cg,original/default,,,,,,,,,,1031,,,1.1000915349998197,1.1465761099998415,,,0.3897550305465897
USGS_LPC_IL_Winnebago_2018_ground_elevation_regression_ntrain3000000,3000000,1e-05,topk_1024,inverse,btab_auto_topk_1024,c1,,,1024.0,1369.0,34352.0,720.4558888596372,477731.2262290007,,,3500,3500.0,0.0540300270001807,5.464942206999922,5.5005665319999935,0.0002669780001269,5.50083351000012,0.1181932060151713
USGS_LPC_IL_Winnebago_2018_ground_elevation_regression_ntrain3000000,3000000,1e-05,topk_1024,inverse,btab_auto_topk_1024,c1,,,1024.0,1225.0,0.0,0.0,0.0,,,3500,3500.0,0.0390964600001098,6.905773259000398,6.938154315000247,2.782199999273871e-05,6.93818213700024,0.3898995755660742
USGS_LPC_IL_Winnebago_2018_ground_elevation_regression_ntrain3000000,3000000,1e-05,topk_16384,boxeig,btab_boxeig_topk_16384_q192,c1,,192.0,16384.0,21025.0,14696.0,1.0254141773704608,4825.693284404298,784.1630914147097,1.7912705505773929e-12,450,450.0,0.3586472559998128,1.1464768729999832,1.1816967320000913,0.0768732829999407,1.258570015000032,0.1180623758826331
USGS_LPC_IL_Winnebago_2018_ground_elevation_regression_ntrain3000000,3000000,1e-05,topk_16384,boxeig,btab_boxeig_topk_16384_q256,c1,,256.0,16384.0,21025.0,14696.0,1.0254141773704608,4825.693284404298,365.3273123204395,2.5030975057287987e-12,309,309.0,0.4696259550000832,1.017011254999943,1.0523544169998331,0.1037291650000042,1.1560835819998374,0.1180623725553403
USGS_LPC_IL_Winnebago_2018_ground_elevation_regression_ntrain3000000,3000000,1e-05,topk_16384,boxeig,btab_boxeig_topk_16384_q320,c1,,320.0,16384.0,21025.0,14696.0,1.0254141773704608,4825.693284404298,204.0883545876576,6.085322339920979e-13,245,245.0,0.6030802329999005,1.0380459749999318,1.072100909000028,0.1260574150001048,1.1981583240001328,0.1180623520148668
USGS_LPC_IL_Winnebago_2018_ground_elevation_regression_ntrain3000000,3000000,1e-05,topk_2048,boxeig,btab_boxeig_topk_2048_q192,c1,,192.0,2048.0,2601.0,33120.0,163.64323537297827,189063.36038312432,62.53266866272679,1.7625260175351202e-11,712,712.0,0.3509451400000216,1.5579385869998532,1.5930895559999954,0.0752105970000229,1.6683001530000183,0.1180623541722349
USGS_LPC_IL_Winnebago_2018_ground_elevation_regression_ntrain3000000,3000000,1e-05,topk_2048,inverse,btab_auto_topk_2048,c1,,,2048.0,2601.0,33120.0,163.64323537297824,189063.3603831243,,,3500,3500.0,0.213242849999915,5.817706246999933,5.852776541999901,0.0002632299999731,5.853039771999875,0.1182165688119285
USGS_LPC_IL_Winnebago_2018_ground_elevation_regression_ntrain3000000,3000000,1e-05,topk_256,boxeig,btab_boxeig_topk_256_q64,c1,,64.0,256.0,361.0,864.0,419.8968382080202,13699.95933791376,108.15328257859323,2.4626092675740827e-12,432,432.0,0.1235364640001535,0.8547560110000632,0.8874423469997055,0.0253663899998173,0.9128087369995228,0.3896628218283294
USGS_LPC_IL_Winnebago_2018_ground_elevation_regression_ntrain3000000,3000000,1e-05,topk_4096,boxeig,btab_boxeig_topk_4096_q192,c1,,192.0,4096.0,5329.0,30392.0,29.515634040838385,63724.19886324771,716.2164968907986,2.2629241016826562e-13,633,633.0,0.3584199770000396,1.4506375589999152,1.4855789050000112,0.0769806310001968,1.562559536000208,0.1180623569590241
USGS_LPC_IL_Winnebago_2018_ground_elevation_regression_ntrain3000000,3000000,1e-05,topk_4096,boxeig,btab_boxeig_topk_4096_q256,c1,,256.0,4096.0,5329.0,30392.0,29.51563404083838,63724.1988632477,167.37538404062434,2.363251330384638e-12,370,370.0,0.4692663739999716,1.1060152000000016,1.1413522979999016,0.1013714470000195,1.242723744999921,0.118062353551318
USGS_LPC_IL_Winnebago_2018_ground_elevation_regression_ntrain3000000,3000000,1e-05,topk_4096,inverse,btab_auto_topk_4096,c1,,,4096.0,5329.0,30392.0,29.515634040838385,63724.19886324771,,,3500,3500.0,0.9247530589998404,7.475431529999923,7.511005655999952,0.0002431609998438,7.511248816999796,0.1183118783392898
USGS_LPC_IL_Winnebago_2018_ground_elevation_regression_ntrain3000000,3000000,1e-05,topk_512,boxeig,btab_boxeig_topk_512_q128,c1,,128.0,512.0,625.0,600.0,2.4879414196834726,74.5129604768293,1.0498059298302402,2.502398225135775e-10,37,37.0,0.2288968600000771,0.3032565549997343,0.3360643749997507,0.054568059000303,0.3906324340000537,0.3896628298752292
USGS_LPC_IL_Winnebago_2018_ground_elevation_regression_ntrain3000000,3000000,1e-05,topk_512,inverse,btab_auto_topk_512,c1,,,512.0,625.0,35096.0,3940.5563322492494,1388672.4014113897,,,3500,3500.0,0.0140652869999939,5.349017764999871,5.379928420999931,0.0002610450001157,5.380189466000047,0.1181037791491366
USGS_LPC_IL_Winnebago_2018_ground_elevation_regression_ntrain3000000,3000000,1e-05,topk_512,inverse,btab_auto_topk_512,c1,,,512.0,625.0,600.0,2.4879414196834726,74.5129604768293,,,3500,3500.0,0.0121007919999556,6.071355005999976,6.103932088999954,8.881299982022028e-05,6.104020901999775,0.3898773177964849
USGS_LPC_IL_Winnebago_2018_ground_elevation_regression_ntrain3000000,3000000,1e-05,topk_728,inverse,btab_auto_topk_728,c1,,,728.0,961.0,34760.0,1580.8760886493887,781434.8816036546,,,3500,3500.0,0.0290615960000195,5.385568230999979,5.420569864000072,0.0002607070000522,5.420830571000124,0.11814864759311
USGS_LPC_IL_Winnebago_2018_ground_elevation_regression_ntrain3000000,3000000,1e-05,topk_768,boxeig,btab_boxeig_topk_768_q128,c1,,128.0,768.0,961.0,264.0,0.0038681407957002,0.1092485073235675,1.0684933963897965,1.7741508156958332e-09,5,5.0,0.2299045989998376,0.2413386120001632,0.2740679359999376,0.0602175009998973,0.3342854369998349,0.389662837394802
USGS_LPC_IL_Winnebago_2018_ground_elevation_regression_ntrain3000000,3000000,1e-05,topk_8192,boxeig,btab_boxeig_topk_8192_q192,c1,,192.0,8192.0,10609.0,25112.0,5.520105239465894,20444.515608345835,778.4041624046066,2.100581005122268e-12,560,560.0,1.837471609999966,2.7929013200000554,2.8281658579999203,0.0779246649999549,2.9060905229998752,0.118062351388973
USGS_LPC_IL_Winnebago_2018_ground_elevation_regression_ntrain3000000,3000000,1e-05,topk_8192,boxeig,btab_boxeig_topk_8192_q256,c1,,256.0,8192.0,10609.0,25112.0,5.520105239465894,20444.515608345835,358.9344764522247,8.340757641503101e-13,396,396.0,0.481209999000157,1.166738897999949,1.2017530979999265,0.1070581760000095,1.308811273999936,0.1180623642298221
USGS_LPC_IL_Winnebago_2018_ground_elevation_regression_ntrain3000000,3000000,1e-05,topk_8192,boxeig,btab_boxeig_topk_8192_q320,c1,,320.0,8192.0,10609.0,25112.0,5.520105239465894,20444.515608345835,193.27482563811807,4.153337146022642e-12,317,317.0,0.5948788399998648,1.14588099599996,1.1818399379999391,0.1305388780001521,1.312378816000091,0.1180623547812392
USGS_LPC_IL_Winnebago_2018_ground_elevation_regression_ntrain30000000,30000000,1e-05,eigenpro_pcg,eigenpro_baseline,eigenpro_pcg_q64,c1,64.0,,,,,,,,,1167,,0.0002773300000171,1.697604855000009,2.0954108169999017,,,0.1133775856729398
USGS_LPC_IL_Winnebago_2018_ground_elevation_regression_ntrain30000000,30000000,1e-05,eigenpro_pcg,eigenpro_baseline,eigenpro_pcg_q128,c1,128.0,,,,,,,,,534,,0.0002918180000506,0.7953305650000857,1.3965628519999882,,,0.1133776243930632
USGS_LPC_IL_Winnebago_2018_ground_elevation_regression_ntrain30000000,30000000,1e-05,eigenpro_pcg,eigenpro_baseline,eigenpro_pcg_q256,c1,256.0,,,,,,,,,230,,0.0003042759999516,0.3719209880000562,1.3868575600001805,,,0.1133776395849552
USGS_LPC_IL_Winnebago_2018_ground_elevation_regression_ntrain30000000,30000000,1e-05,eigenpro_pcg,eigenpro_baseline,eigenpro_pcg_q320,c1,320.0,,,,,,,,,172,,0.0003112179999789,0.2867853679999825,1.5318999250000616,,,0.1133776667980686
USGS_LPC_IL_Winnebago_2018_ground_elevation_regression_ntrain30000000,30000000,1e-05,eigenpro_pcg,eigenpro_baseline,eigenpro_pcg_q384,c1,384.0,,,,,,,,,135,,0.0003018990000782,0.2341931549999572,1.7233796670000174,,,0.1133776715749728
USGS_LPC_IL_Winnebago_2018_ground_elevation_regression_ntrain30000000,30000000,1e-05,eigenpro_pcg,eigenpro_baseline,eigenpro_pcg_q448,c1,448.0,,,,,,,,,108,,0.0003254309999647,0.1942354850000356,1.9077348359999176,,,0.1133776962876566
USGS_LPC_IL_Winnebago_2018_ground_elevation_regression_ntrain30000000,30000000,1e-05,eigenpro_pcg,eigenpro_baseline,eigenpro_pcg_q64,c1,64.0,,,,,,,,,78,,0.0003187480001543,0.1106708809998053,0.4923394009997537,,,0.3742909963901366
USGS_LPC_IL_Winnebago_2018_ground_elevation_regression_ntrain30000000,30000000,1e-05,eigenpro_pcg,eigenpro_baseline,eigenpro_pcg_q128,c1,128.0,,,,,,,,,7,,0.0002881700002035,0.011708211000041,0.5977889790001427,,,0.3742906166421977
USGS_LPC_IL_Winnebago_2018_ground_elevation_regression_ntrain30000000,30000000,1e-05,eigenpro_pcg,eigenpro_baseline,eigenpro_pcg_q256,c1,256.0,,,,,,,,,6,,0.0002882920002775,0.0105344469998271,0.9888876569998502,,,0.3742906323154296
USGS_LPC_IL_Winnebago_2018_ground_elevation_regression_ntrain30000000,30000000,1e-05,eigenpro_pcg,eigenpro_baseline,eigenpro_pcg_q320,c1,320.0,,,,,,,,,5,,0.0003303939997749,0.0083423260002746,1.173604319000333,,,0.3742905748754404
USGS_LPC_IL_Winnebago_2018_ground_elevation_regression_ntrain30000000,30000000,1e-05,eigenpro_pcg,eigenpro_baseline,eigenpro_pcg_q384,c1,384.0,,,,,,,,,4,,0.0003069529998356,0.0068828910002594,1.370231080999929,,,0.3742905452344648
USGS_LPC_IL_Winnebago_2018_ground_elevation_regression_ntrain30000000,30000000,1e-05,eigenpro_pcg,eigenpro_baseline,eigenpro_pcg_q448,c1,448.0,,,,,,,,,4,,0.0002993359998981,0.0068964260003667,1.5528750920002494,,,0.3742905822815744
USGS_LPC_IL_Winnebago_2018_ground_elevation_regression_ntrain30000000,30000000,1e-05,plain_cg,cg_baseline,plain_cg,original/default,,,,,,,,,,7938,,,8.484344169999986,8.82092885399993,,,0.1134337092858801
USGS_LPC_IL_Winnebago_2018_ground_elevation_regression_ntrain30000000,30000000,1e-05,plain_cg,cg_baseline,plain_cg,original/default,,,,,,,,,,2396,,,2.5575564629998557,2.899773436000032,,,0.3743414850873134
USGS_LPC_IL_Winnebago_2018_ground_elevation_regression_ntrain30000000,30000000,1e-05,topk_1024,inverse,btab_auto_topk_1024,c1,,,1024.0,1369.0,34352.0,7204.558888596467,4777312.26229007,,,3500,3500.0,0.0528793720000067,5.409080679999988,5.577928036000003,0.0003115310000794,5.578239567000082,0.1140061867511793
USGS_LPC_IL_Winnebago_2018_ground_elevation_regression_ntrain30000000,30000000,1e-05,topk_1024,inverse,btab_auto_topk_1024,c1,,,1024.0,1225.0,0.0,0.0,0.0,,,3500,3500.0,0.0406475270001465,6.734679471000163,6.8995784250000725,4.230500007906812e-05,6.899620730000152,0.3761203761138683
USGS_LPC_IL_Winnebago_2018_ground_elevation_regression_ntrain30000000,30000000,1e-05,topk_16384,boxeig,btab_boxeig_topk_16384_q192,c1,,192.0,16384.0,21025.0,14696.0,10.254141773704744,48256.93284404361,7831.862960524056,2.1232786816357282e-13,1795,1795.0,0.3598824749999494,3.431332420999979,3.602591471000096,0.0780585170000449,3.680649988000141,0.113377528999178
USGS_LPC_IL_Winnebago_2018_ground_elevation_regression_ntrain30000000,30000000,1e-05,topk_16384,boxeig,btab_boxeig_topk_16384_q256,c1,,256.0,16384.0,21025.0,14696.0,10.254141773704744,48256.93284404361,3642.836529354311,1.715195908019702e-12,1230,1230.0,0.4716755499998726,2.580605674000026,2.749618407000071,0.1047523810000257,2.8543707880000966,0.1133775271548125
USGS_LPC_IL_Winnebago_2018_ground_elevation_regression_ntrain30000000,30000000,1e-05,topk_16384,boxeig,btab_boxeig_topk_16384_q320,c1,,320.0,16384.0,21025.0,14696.0,10.254141773704744,48256.93284404361,2028.0083054580675,9.81896993518976e-13,960,960.0,0.5862864599998829,2.2515858120000303,2.4177978860000167,0.1291948650000449,2.5469927510000616,0.1133775272044913
USGS_LPC_IL_Winnebago_2018_ground_elevation_regression_ntrain30000000,30000000,1e-05,topk_2048,boxeig,btab_boxeig_topk_2048_q192,c1,,192.0,2048.0,2601.0,33120.0,1636.432353729804,1890633.603831268,618.1734843673588,8.258777411952003e-12,1875,1875.0,0.34635302699985,3.489230786999997,3.6682855690000906,0.0758404230000451,3.744125992000136,0.1133775335304777
USGS_LPC_IL_Winnebago_2018_ground_elevation_regression_ntrain30000000,30000000,1e-05,topk_2048,inverse,btab_auto_topk_2048,c1,,,2048.0,2601.0,33120.0,1636.432353729804,1890633.603831268,,,3500,3500.0,0.2060634550000486,5.748984346000043,5.915091317999895,0.0002841709999756,5.915375488999871,0.1151654788847196
USGS_LPC_IL_Winnebago_2018_ground_elevation_regression_ntrain30000000,30000000,1e-05,topk_256,boxeig,btab_boxeig_topk_256_q64,c1,,64.0,256.0,361.0,864.0,4198.968382080223,136999.5933791383,1070.9658042254791,1.4616010703706162e-12,1124,1124.0,0.1258734850002838,2.03245143400045,2.196648159000233,0.0269239330000345,2.223572092000268,0.3742905928499507
USGS_LPC_IL_Winnebago_2018_ground_elevation_regression_ntrain30000000,30000000,1e-05,topk_4096,boxeig,btab_boxeig_topk_4096_q192,c1,,192.0,4096.0,5329.0,30392.0,295.1563404083877,637241.9886324853,7158.97130827037,4.622294447209704e-13,1799,1799.0,1.1801786239998364,4.269617958000026,4.447271825999906,0.076127470999836,4.523399296999742,0.1133775301728866
USGS_LPC_IL_Winnebago_2018_ground_elevation_regression_ntrain30000000,30000000,1e-05,topk_4096,boxeig,btab_boxeig_topk_4096_q256,c1,,256.0,4096.0,5329.0,30392.0,295.1563404083877,637241.9886324853,1667.072788946586,4.05858976215122e-12,1026,1026.0,0.4719251209999129,2.2240840009999374,2.3902770169997893,0.1020453119999729,2.4923223289997622,0.1133775295463804
USGS_LPC_IL_Winnebago_2018_ground_elevation_regression_ntrain30000000,30000000,1e-05,topk_4096,inverse,btab_auto_topk_4096,c1,,,4096.0,5329.0,30392.0,295.1563404083877,637241.9886324853,,,3500,3500.0,0.881755443999964,7.4880921789999775,7.667271536999806,0.0002777790000436,7.66754931599985,0.1161962722067796
USGS_LPC_IL_Winnebago_2018_ground_elevation_regression_ntrain30000000,30000000,1e-05,topk_512,boxeig,btab_boxeig_topk_512_q128,c1,,128.0,512.0,625.0,600.0,24.87941419683485,745.1296047682968,1.500222434582025,1.6685036975774522e-09,114,114.0,0.3511584029997721,0.5634852180000962,0.7304470549997859,0.050972381000065,0.781419435999851,0.3742906453094887
USGS_LPC_IL_Winnebago_2018_ground_elevation_regression_ntrain30000000,30000000,1e-05,topk_512,inverse,btab_auto_topk_512,c1,,,512.0,625.0,35096.0,39405.56332249301,13886724.014114076,,,3500,3500.0,0.0142260259999602,5.345151510000051,5.510238386999845,0.00029090299995,5.510529289999795,0.1135636612865113
USGS_LPC_IL_Winnebago_2018_ground_elevation_regression_ntrain30000000,30000000,1e-05,topk_512,inverse,btab_auto_topk_512,c1,,,512.0,625.0,600.0,24.87941419683485,745.1296047682968,,,3500,3500.0,0.0119123380000019,6.077024952000102,6.241682621000109,0.0001278039999306,6.24181042500004,0.376140139883108
USGS_LPC_IL_Winnebago_2018_ground_elevation_regression_ntrain30000000,30000000,1e-05,topk_728,inverse,btab_auto_topk_728,c1,,,728.0,961.0,34760.0,15808.760886494094,7814348.816036648,,,3500,3500.0,0.0278844829999798,5.336952105000137,5.515356509999947,0.0002975239999614,5.515654033999908,0.1137688081438009
USGS_LPC_IL_Winnebago_2018_ground_elevation_regression_ntrain30000000,30000000,1e-05,topk_768,boxeig,btab_boxeig_topk_768_q128,c1,,128.0,768.0,961.0,264.0,0.0386814079570031,1.0924850732356812,1.6864976836912156,5.3977648328348865e-09,9,9.0,0.2338038630000483,0.2533391540000593,0.4175978110001779,0.0506275580000874,0.4682253690002653,0.3742906418627785
USGS_LPC_IL_Winnebago_2018_ground_elevation_regression_ntrain30000000,30000000,1e-05,topk_8192,boxeig,btab_boxeig_topk_8192_q192,c1,,192.0,8192.0,10609.0,25112.0,55.20105239465966,204445.156083461,7782.446716753073,4.275421442317501e-13,1818,1818.0,0.3612174219999815,3.408433278000075,3.575076357999933,0.0783822590001364,3.653458617000069,0.1133775412614698
USGS_LPC_IL_Winnebago_2018_ground_elevation_regression_ntrain30000000,30000000,1e-05,topk_8192,boxeig,btab_boxeig_topk_8192_q256,c1,,256.0,8192.0,10609.0,25112.0,55.20105239465966,204445.156083461,3578.027986612227,2.2542702519720697e-12,1256,1256.0,1.0296137579998683,3.193077796999887,3.3586417740000343,0.1050025819999973,3.463644356000032,0.113377522760839
USGS_LPC_IL_Winnebago_2018_ground_elevation_regression_ntrain30000000,30000000,1e-05,topk_8192,boxeig,btab_boxeig_topk_8192_q320,c1,,320.0,8192.0,10609.0,25112.0,55.20105239465966,204445.156083461,1924.906018107132,7.219181968220139e-13,965,965.0,0.6133374319999803,2.2435233730000164,2.4109528429999045,0.1312174670001695,2.542170310000074,0.1133775241781603
USGS_LPC_IL_Winnebago_2018_ground_elevation_regression_ntrain300000000,300000000,1e-05,eigenpro_pcg,eigenpro_baseline,eigenpro_pcg_q64,c1,64.0,,,,,,,,,178,,0.0004169060000549,0.2580676570000833,2.243955097000025,,,0.3561598593597913
USGS_LPC_IL_Winnebago_2018_ground_elevation_regression_ntrain300000000,300000000,1e-05,eigenpro_pcg,eigenpro_baseline,eigenpro_pcg_q128,c1,128.0,,,,,,,,,11,,0.0002933109999503,0.0168031489999975,2.1906132350000007,,,0.3561589527063365
USGS_LPC_IL_Winnebago_2018_ground_elevation_regression_ntrain300000000,300000000,1e-05,eigenpro_pcg,eigenpro_baseline,eigenpro_pcg_q256,c1,256.0,,,,,,,,,6,,0.0002803999998377,0.0097128750001047,2.578644811000004,,,0.3561590092483934
USGS_LPC_IL_Winnebago_2018_ground_elevation_regression_ntrain300000000,300000000,1e-05,eigenpro_pcg,eigenpro_baseline,eigenpro_pcg_q320,c1,320.0,,,,,,,,,6,,0.0003040279998458,0.0096366960001432,2.762720161000061,,,0.3561590327620924
USGS_LPC_IL_Winnebago_2018_ground_elevation_regression_ntrain300000000,300000000,1e-05,eigenpro_pcg,eigenpro_baseline,eigenpro_pcg_q384,c1,384.0,,,,,,,,,4,,0.0003467599999567,0.0069527939999716,2.959741681999958,,,0.3561590143520807
USGS_LPC_IL_Winnebago_2018_ground_elevation_regression_ntrain300000000,300000000,1e-05,eigenpro_pcg,eigenpro_baseline,eigenpro_pcg_q448,c1,448.0,,,,,,,,,5,,0.0002895289999287,0.0084451309999167,3.1790798419999646,,,0.3561590149404601
USGS_LPC_IL_Winnebago_2018_ground_elevation_regression_ntrain300000000,300000000,1e-05,eigenpro_pcg,eigenpro_baseline,eigenpro_pcg_q64,c1,64.0,,,,,,,,,3058,,0.000316548000228,4.574142904999917,6.354773541999748,,,0.1105829191057337
USGS_LPC_IL_Winnebago_2018_ground_elevation_regression_ntrain300000000,300000000,1e-05,eigenpro_pcg,eigenpro_baseline,eigenpro_pcg_q128,c1,128.0,,,,,,,,,1487,,0.0002944439997918,2.25162931900013,4.226259675000165,,,0.1105828648848724
USGS_LPC_IL_Winnebago_2018_ground_elevation_regression_ntrain300000000,300000000,1e-05,eigenpro_pcg,eigenpro_baseline,eigenpro_pcg_q256,c1,256.0,,,,,,,,,619,,0.0003219809996153,1.0018151350000153,3.4009200539999256,,,0.1105829579633245
USGS_LPC_IL_Winnebago_2018_ground_elevation_regression_ntrain300000000,300000000,1e-05,eigenpro_pcg,eigenpro_baseline,eigenpro_pcg_q320,c1,320.0,,,,,,,,,461,,0.0002966359998026,0.7721375920000355,3.40440741500015,,,0.1105830687141161
USGS_LPC_IL_Winnebago_2018_ground_elevation_regression_ntrain300000000,300000000,1e-05,eigenpro_pcg,eigenpro_baseline,eigenpro_pcg_q384,c1,384.0,,,,,,,,,364,,0.0003186680000908,0.6333938510001644,3.5067847780001102,,,0.1105830750581625
USGS_LPC_IL_Winnebago_2018_ground_elevation_regression_ntrain300000000,300000000,1e-05,eigenpro_pcg,eigenpro_baseline,eigenpro_pcg_q448,c1,448.0,,,,,,,,,297,,0.0003346869998495,0.5292723769998702,3.631743436999841,,,0.1105830695588935
USGS_LPC_IL_Winnebago_2018_ground_elevation_regression_ntrain300000000,300000000,1e-05,plain_cg,cg_baseline,plain_cg,original/default,,,,,,,,,,5770,,,6.217893744999856,10.925047137999854,,,0.3562645912829731
USGS_LPC_IL_Winnebago_2018_ground_elevation_regression_ntrain300000000,300000000,1e-05,plain_cg,cg_baseline,plain_cg,original/default,,,,,,,,,,22465,,,24.436232895000103,27.84410847700019,,,0.1106107074946851
USGS_LPC_IL_Winnebago_2018_ground_elevation_regression_ntrain300000000,300000000,1e-05,topk_1024,inverse,btab_auto_topk_1024,c1,,,1024.0,1225.0,0.0,0.0,0.0,,,3500,3500.0,0.03901279899992,6.878850252999882,8.643704981999917,5.987200006529747e-05,8.643764853999983,0.3593968847659619
USGS_LPC_IL_Winnebago_2018_ground_elevation_regression_ntrain300000000,300000000,1e-05,topk_10240,inverse,btab_auto_topk_10240,c1,,,10240.0,13225.0,22496.0,321.38904019640603,1361274.5550218518,,,3500,3500.0,6.05758545100025,18.910370043000057,20.463794941000288,0.0002837370002453,20.464078678000533,0.2538885948193526
USGS_LPC_IL_Winnebago_2018_ground_elevation_regression_ntrain300000000,300000000,1e-05,topk_2048,inverse,btab_auto_topk_2048,c1,,,2048.0,2601.0,33120.0,16364.323537297962,18906336.03831259,,,3500,3500.0,0.1958283960002518,5.873140259999673,7.426229669999884,0.0003270290003456,7.42655669900023,0.1475172546209333
USGS_LPC_IL_Winnebago_2018_ground_elevation_regression_ntrain300000000,300000000,1e-05,topk_20480,boxeig,btab_boxeig_topk_20480_q192,c1,,192.0,20480.0,25921.0,9800.0,61.11745189407293,245733.59331716324,78356.13000058367,1.7952932516386425e-12,3500,3500.0,2.170593622000069,8.310114419000001,9.863887556999998,0.0832337199999528,9.947121276999953,0.1105823537436516
USGS_LPC_IL_Winnebago_2018_ground_elevation_regression_ntrain300000000,300000000,1e-05,topk_20480,boxeig,btab_boxeig_topk_20480_q256,c1,,256.0,20480.0,25921.0,9800.0,61.11745189407293,245733.59331716324,36467.57482589124,2.4480172090730238e-12,3500,3500.0,0.4852625580001586,6.624238191000131,8.177868239000418,0.1076335860002473,8.285501825000665,0.110582710244375
USGS_LPC_IL_Winnebago_2018_ground_elevation_regression_ntrain300000000,300000000,1e-05,topk_20480,boxeig,btab_boxeig_topk_20480_q320,c1,,320.0,20480.0,25921.0,9800.0,61.11745189407293,245733.59331716324,20311.406555292117,5.822962784753028e-13,2773,2773.0,0.602125598999919,5.569744126999922,7.1231661669999085,0.1376568020000377,7.260822968999946,0.1105827522116853
USGS_LPC_IL_Winnebago_2018_ground_elevation_regression_ntrain300000000,300000000,1e-05,topk_20480,boxeig,btab_boxeig_topk_20480_q384,c1,,384.0,20480.0,25921.0,9800.0,61.11745189407293,245733.59331716324,12363.702275271466,1.3133243204362688e-11,2243,2243.0,0.7405392190003113,4.898432121000042,6.45188460899999,0.1622869440002432,6.614171553000233,0.1105827654772664
USGS_LPC_IL_Winnebago_2018_ground_elevation_regression_ntrain300000000,300000000,1e-05,topk_20480,boxeig,btab_boxeig_topk_20480_q448,c1,,448.0,20480.0,25921.0,9800.0,61.11745189407293,245733.59331716324,8075.819312742319,4.548274679920001e-12,1905,1905.0,2.878293748000033,6.488783212999806,8.041959805999795,0.1892383809999955,8.23119818699979,0.1105827744768993
USGS_LPC_IL_Winnebago_2018_ground_elevation_regression_ntrain300000000,300000000,1e-05,topk_256,boxeig,btab_boxeig_topk_256_q64,c1,,64.0,256.0,361.0,864.0,41989.68382080204,1369995.933791377,10706.235271461645,2.7239964116154007e-12,3053,3053.0,0.1339706329999899,5.289247039999964,7.054309532999923,0.0262648119999084,7.080574344999832,0.3561590665060831
USGS_LPC_IL_Winnebago_2018_ground_elevation_regression_ntrain300000000,300000000,1e-05,topk_25720,boxeig,btab_boxeig_topk_25720_q192,c1,,192.0,25720.0,32761.0,2960.0,34.22564403065023,55168.594930962325,78374.94437027663,2.0859517347335298e-12,3500,3500.0,0.3585155559999293,6.483598644000267,8.03679742200029,0.0777830790002553,8.114580501000546,0.1105842026062825
USGS_LPC_IL_Winnebago_2018_ground_elevation_regression_ntrain300000000,300000000,1e-05,topk_25720,boxeig,btab_boxeig_topk_25720_q256,c1,,256.0,25720.0,32761.0,2960.0,34.22564403065023,55168.594930962325,36484.974643652655,1.5788549708729153e-12,3269,3269.0,0.4778347599999506,6.410341361000064,7.962951828999849,0.1037138470001082,8.066665675999957,0.1105827576563152
USGS_LPC_IL_Winnebago_2018_ground_elevation_regression_ntrain300000000,300000000,1e-05,topk_25720,boxeig,btab_boxeig_topk_25720_q320,c1,,320.0,25720.0,32761.0,2960.0,34.22564403065023,55168.594930962325,20330.906084801427,1.1869251250961394e-12,2535,2535.0,0.598628496999936,5.310655311000119,6.864120318000005,0.1300055769997925,6.994125894999797,0.1105827687519553
USGS_LPC_IL_Winnebago_2018_ground_elevation_regression_ntrain300000000,300000000,1e-05,topk_25720,boxeig,btab_boxeig_topk_25720_q384,c1,,384.0,25720.0,32761.0,2960.0,34.22564403065023,55168.594930962325,12377.514789865314,1.220970164571002e-11,2053,2053.0,1.7474138140000832,5.645425784000054,7.19861753000032,0.1541975769996497,7.352815106999969,0.110582785828443
USGS_LPC_IL_Winnebago_2018_ground_elevation_regression_ntrain300000000,300000000,1e-05,topk_25720,boxeig,btab_boxeig_topk_25720_q448,c1,,448.0,25720.0,32761.0,2960.0,34.22564403065023,55168.594930962325,8083.879538574017,9.711590718414829e-12,1658,1658.0,0.9168457610003315,4.150683057999686,5.704346519999945,0.1827550339999106,5.887101553999855,0.110582783554388
USGS_LPC_IL_Winnebago_2018_ground_elevation_regression_ntrain300000000,300000000,1e-05,topk_35721,boxeig,btab_boxeig_topk_35721_q192,c1,,192.0,35721.0,35721.0,0.0,0.0,0.0,78377.26795223466,2.036643399836388e-12,781,781.0,0.378281772000264,1.7325294669999494,3.285360727999887,0.082542149999881,3.367902877999768,0.1105830167572779
USGS_LPC_IL_Winnebago_2018_ground_elevation_regression_ntrain300000000,300000000,1e-05,topk_35721,boxeig,btab_boxeig_topk_35721_q256,c1,,256.0,35721.0,35721.0,0.0,0.0,0.0,36487.72282887765,1.7320025228606077e-12,541,541.0,0.4893284859999767,1.453368319999754,3.0064259910000146,0.1081221009999353,3.11454809199995,0.1105830590246265
USGS_LPC_IL_Winnebago_2018_ground_elevation_regression_ntrain300000000,300000000,1e-05,topk_35721,boxeig,btab_boxeig_topk_35721_q320,c1,,320.0,35721.0,35721.0,0.0,0.0,0.0,20336.50869495076,2.035454855885464e-12,408,408.0,0.6212860700002238,1.377666567000233,2.930832430999999,0.1372455129999252,3.068077943999924,0.1105830891059298
USGS_LPC_IL_Winnebago_2018_ground_elevation_regression_ntrain300000000,300000000,1e-05,topk_35721,boxeig,btab_boxeig_topk_35721_q384,c1,,384.0,35721.0,35721.0,0.0,0.0,0.0,12380.029503263955,1.2141503428914836e-11,320,320.0,2.5310299860002488,3.169941993000066,4.723046800999782,0.1621437439998772,4.885190544999659,0.1105831108182979
USGS_LPC_IL_Winnebago_2018_ground_elevation_regression_ntrain300000000,300000000,1e-05,topk_35721,boxeig,btab_boxeig_topk_35721_q448,c1,,448.0,35721.0,35721.0,0.0,0.0,0.0,8086.653706318651,4.906089571041059e-12,275,275.0,1.063542888000029,1.6187761270002738,3.1719801280000866,0.1873417030001292,3.359321831000216,0.1105829246911425
USGS_LPC_IL_Winnebago_2018_ground_elevation_regression_ntrain300000000,300000000,1e-05,topk_4096,inverse,btab_auto_topk_4096,c1,,,4096.0,5329.0,30392.0,2951.563404083863,6372419.886324823,,,3500,3500.0,0.8790116239997587,7.509583788999862,9.062050848000126,0.0003122470002381,9.062363095000364,0.2235856932489826
USGS_LPC_IL_Winnebago_2018_ground_elevation_regression_ntrain300000000,300000000,1e-05,topk_512,boxeig,btab_boxeig_topk_512_q128,c1,,128.0,512.0,625.0,600.0,248.79414196834745,7451.296047682936,6.007857266763514,2.4636285974799062e-09,336,336.0,0.2377856819998669,0.8113660869998967,2.57664183299994,0.0510158550000596,2.6276576879999998,0.3561590718684945
USGS_LPC_IL_Winnebago_2018_ground_elevation_regression_ntrain300000000,300000000,1e-05,topk_512,inverse,btab_auto_topk_512,c1,,,512.0,625.0,600.0,248.79414196834745,7451.296047682936,,,3500,3500.0,0.0120541100000082,6.113082681000151,7.87834153100016,0.0001554309999391,7.878496962000099,0.3595354337709812
USGS_LPC_IL_Winnebago_2018_ground_elevation_regression_ntrain300000000,300000000,1e-05,topk_768,boxeig,btab_boxeig_topk_768_q128,c1,,128.0,768.0,961.0,264.0,0.3868140795700293,10.924850732356768,7.863207293735853,1.9710306756498824e-08,26,26.0,0.2351264880001053,0.2880626859998756,2.0529811369999607,0.05023466800003,2.1032158049999907,0.3561590499062086
USGS_LPC_IL_Winnebago_2018_ground_elevation_regression_ntrain300000000,300000000,1e-05,topk_8192,inverse,btab_auto_topk_8192,c1,,,8192.0,10609.0,25112.0,552.010523946594,2044451.5608346004,,,3500,3500.0,3.744695092000256,13.99875642699999,15.551527427999645,0.0003148299997519,15.551842257999397,0.2413754354867779
synthetic_true_func_2d_ntrain1000000,1000000,1e-05,eigenpro_pcg,eigenpro_baseline,eigenpro_pcg_q64,c1,64.0,,,,,,,,,628,,0.0002885840001454,0.909359024999958,1.1615273239999624,,,0.0189347255176102
synthetic_true_func_2d_ntrain1000000,1000000,1e-05,eigenpro_pcg,eigenpro_baseline,eigenpro_pcg_q128,c1,128.0,,,,,,,,,346,,0.0002909190000082,0.5197095579999313,0.959372779999967,,,0.0189347092133485
synthetic_true_func_2d_ntrain1000000,1000000,1e-05,eigenpro_pcg,eigenpro_baseline,eigenpro_pcg_q256,c1,256.0,,,,,,,,,167,,0.0003095530000791,0.2738519790000282,1.1536889290000545,,,0.0189347277382985
synthetic_true_func_2d_ntrain1000000,1000000,1e-05,eigenpro_pcg,eigenpro_baseline,eigenpro_pcg_q320,c1,320.0,,,,,,,,,130,,0.0003026110000519,0.2207082959998842,1.328425640999967,,,0.0189347236344266
synthetic_true_func_2d_ntrain1000000,1000000,1e-05,eigenpro_pcg,eigenpro_baseline,eigenpro_pcg_q384,c1,384.0,,,,,,,,,104,,0.0003080760000102,0.1789817429998947,1.502629554999885,,,0.0189346971458843
synthetic_true_func_2d_ntrain1000000,1000000,1e-05,eigenpro_pcg,eigenpro_baseline,eigenpro_pcg_q448,c1,448.0,,,,,,,,,86,,0.0002966239999295,0.1537989030000517,1.7033273370000188,,,0.0189346964421645
synthetic_true_func_2d_ntrain1000000,1000000,1e-05,eigenpro_pcg,eigenpro_baseline,eigenpro_pcg_q64,c1,64.0,,,,,,,,,291,,0.0002823739998802,0.4189519750000272,0.6584930740000345,,,0.0049063564892717
synthetic_true_func_2d_ntrain1000000,1000000,1e-05,eigenpro_pcg,eigenpro_baseline,eigenpro_pcg_q128,c1,128.0,,,,,,,,,69,,0.0002909249999447,0.1008890699999938,0.5365445439999803,,,0.0049064243065568
synthetic_true_func_2d_ntrain1000000,1000000,1e-05,eigenpro_pcg,eigenpro_baseline,eigenpro_pcg_q256,c1,256.0,,,,,,,,,4,,0.0003166209999108,0.0069274190000214,0.8320870079999168,,,0.0049068504515781
synthetic_true_func_2d_ntrain1000000,1000000,1e-05,eigenpro_pcg,eigenpro_baseline,eigenpro_pcg_q320,c1,320.0,,,,,,,,,3,,0.0003127790000689,0.0054895060000035,1.023005762000139,,,0.004904580162883
synthetic_true_func_2d_ntrain1000000,1000000,1e-05,eigenpro_pcg,eigenpro_baseline,eigenpro_pcg_q384,c1,384.0,,,,,,,,,2,,0.0002874679998967,0.0040152210001451,1.2174790070000654,,,0.0049043514510929
synthetic_true_func_2d_ntrain1000000,1000000,1e-05,eigenpro_pcg,eigenpro_baseline,eigenpro_pcg_q448,c1,448.0,,,,,,,,,2,,0.0003158230001645,0.0040757469998879,1.4138944119999906,,,0.0049039678768444
synthetic_true_func_2d_ntrain1000000,1000000,1e-05,plain_cg,cg_baseline,plain_cg,original/default,,,,,,,,,,1806,,,1.9115563309999288,1.927950135999936,,,0.0187432715274992
synthetic_true_func_2d_ntrain1000000,1000000,1e-05,plain_cg,cg_baseline,plain_cg,original/default,,,,,,,,,,1144,,,1.2207989799999268,1.239559399999962,,,0.0048984643367829
synthetic_true_func_2d_ntrain1000000,1000000,1e-05,topk_1024,inverse,btab_auto_topk_1024,c1,,,1024.0,1369.0,34352.0,240.151431973804,159243.36811658772,,,130,130.0,0.051828672000056,0.2501820340000904,0.2695527670000501,0.0002772869997897,0.2698300539998399,0.0189347057371267
synthetic_true_func_2d_ntrain1000000,1000000,1e-05,topk_1024,inverse,btab_auto_topk_1024,c1,,,1024.0,1225.0,0.0,0.0,0.0,,,5,5.0,0.0398962290000781,0.0512113499999031,0.0700771350000195,2.6950999881592e-05,0.0701040859999011,0.0049065181433074
synthetic_true_func_2d_ntrain1000000,1000000,1e-05,topk_16384,boxeig,btab_boxeig_topk_16384_q192,c1,,192.0,16384.0,21025.0,14696.0,0.3418038735151896,1608.5604066036042,2988.1947113815568,3.2339632354259126e-14,264,264.0,0.3577088499998808,0.8275608429999011,0.8498761589999049,0.0770107669998196,0.9268869259997246,0.0189347045381455
synthetic_true_func_2d_ntrain1000000,1000000,1e-05,topk_16384,boxeig,btab_boxeig_topk_16384_q256,c1,,256.0,16384.0,21025.0,14696.0,0.3418038735151896,1608.5604066036042,1501.9383077706625,3.457438650656938e-14,186,186.0,0.4788847439999699,0.8126537489999919,0.8355278520000411,0.1028899640000418,0.9384178160000828,0.0189346803311043
synthetic_true_func_2d_ntrain1000000,1000000,1e-05,topk_16384,boxeig,btab_boxeig_topk_16384_q320,c1,,320.0,16384.0,21025.0,14696.0,0.3418038735151896,1608.5604066036042,897.3697703364735,1.256952808510917e-13,143,143.0,0.5890748429999348,0.8522154910001518,0.8718217820000973,0.1271149440001409,0.9989367260002382,0.018934655589669
synthetic_true_func_2d_ntrain1000000,1000000,1e-05,topk_2048,boxeig,btab_boxeig_topk_2048_q192,c1,,192.0,2048.0,2601.0,33120.0,54.54761708771433,63020.96740053104,2986.9774115330333,5.281806775606075e-14,280,280.0,0.3577927799999543,0.8428866890001245,0.8627691980000236,0.0752425150001272,0.9380117130001508,0.0189346713991172
synthetic_true_func_2d_ntrain1000000,1000000,1e-05,topk_2048,inverse,btab_auto_topk_2048,c1,,,2048.0,2601.0,33120.0,54.547617087714336,63020.96740053105,,,72,72.0,0.2102912100001503,0.3262263560000065,0.3456665620001331,0.0002552480000304,0.3459218100001635,0.0189347131414183
synthetic_true_func_2d_ntrain1000000,1000000,1e-05,topk_256,boxeig,btab_boxeig_topk_256_q64,c1,,64.0,256.0,361.0,864.0,139.96382534341362,4566.586737143606,15089.922573796184,1.2876369990966354e-14,431,431.0,0.1258459590001166,0.8729897969999456,0.8918761009999798,0.0258346890000211,0.917710790000001,0.0049065159323251
synthetic_true_func_2d_ntrain1000000,1000000,1e-05,topk_4096,boxeig,btab_boxeig_topk_4096_q192,c1,,192.0,4096.0,5329.0,30392.0,9.838520765396812,21241.347193688827,2988.013572786886,3.805095217802305e-14,303,303.0,0.3589347290001115,0.8863292480000382,0.9057922429999508,0.0765401670000756,0.9823324100000264,0.0189347561812099
synthetic_true_func_2d_ntrain1000000,1000000,1e-05,topk_4096,boxeig,btab_boxeig_topk_4096_q256,c1,,256.0,4096.0,5329.0,30392.0,9.838520765396812,21241.347193688827,1501.777062043891,4.790205647203502e-14,216,216.0,1.8464961740000945,2.227269506000084,2.249738116000117,0.1030920380001134,2.3528301540002303,0.0189347636837694
synthetic_true_func_2d_ntrain1000000,1000000,1e-05,topk_4096,inverse,btab_auto_topk_4096,c1,,,4096.0,5329.0,30392.0,9.838520765396812,21241.347193688827,,,35,35.0,0.9168462980001096,0.985637517999976,1.0080296809999254,0.0002760869999747,1.0083057679999,0.0189347188705583
synthetic_true_func_2d_ntrain1000000,1000000,1e-05,topk_512,boxeig,btab_boxeig_topk_512_q128,c1,,128.0,512.0,625.0,600.0,0.8292947726832934,24.837043976116725,709.2554185810844,2.691720673810926e-13,93,93.0,1.0910390720000578,1.2688661900001534,1.287576215999934,0.0512026320000131,1.3387788479999472,0.0049064723589172
synthetic_true_func_2d_ntrain1000000,1000000,1e-05,topk_512,inverse,btab_auto_topk_512,c1,,,512.0,625.0,35096.0,1313.5162625646642,462889.7915395288,,,250,250.0,0.0137152359998253,0.3877731810000568,0.4074269140000979,0.0002636859999256,0.4076906000000235,0.0189347038839868
synthetic_true_func_2d_ntrain1000000,1000000,1e-05,topk_512,inverse,btab_auto_topk_512,c1,,,512.0,625.0,600.0,0.8292947726832934,24.837043976116725,,,11,11.0,0.0120185709999987,0.0327488940001785,0.0515065710001181,9.194800009026947e-05,0.0515985190002084,0.004906499188533
synthetic_true_func_2d_ntrain1000000,1000000,1e-05,topk_728,inverse,btab_auto_topk_728,c1,,,728.0,961.0,34760.0,526.9575903838531,260477.6986600064,,,176,176.0,0.0270645340001465,0.2922432780001145,0.3115503650001301,0.0002572349999354,0.3118076000000656,0.0189347109108303
synthetic_true_func_2d_ntrain1000000,1000000,1e-05,topk_768,boxeig,btab_boxeig_topk_768_q128,c1,,128.0,768.0,961.0,264.0,0.0012893341205206,0.0364148156401961,709.2674565565882,2.9925465328078493e-13,70,70.0,0.3789428139998563,0.5315154069999153,0.5504503189999923,0.0510166080000544,0.6014669270000468,0.004906237195022
synthetic_true_func_2d_ntrain1000000,1000000,1e-05,topk_8192,boxeig,btab_boxeig_topk_8192_q192,c1,,192.0,8192.0,10609.0,25112.0,1.8400305308994405,6814.82156974284,2988.170356745876,2.210577024859768e-14,305,305.0,0.8161673489998975,1.3519925149998926,1.374406659999977,0.0782916219998242,1.452698281999801,0.0189347537988569
synthetic_true_func_2d_ntrain1000000,1000000,1e-05,topk_8192,boxeig,btab_boxeig_topk_8192_q256,c1,,256.0,8192.0,10609.0,25112.0,1.840030530899441,6814.82156974284,1501.9158731055236,3.113062121993116e-14,213,213.0,0.4720052010000017,0.8478339370001322,0.87072372800003,0.1044091050000588,0.9751328330000888,0.0189347943023579
synthetic_true_func_2d_ntrain1000000,1000000,1e-05,topk_8192,boxeig,btab_boxeig_topk_8192_q320,c1,,320.0,8192.0,10609.0,25112.0,1.8400305308994405,6814.82156974284,897.3452420675991,9.56346415016618e-14,161,161.0,0.5932023230000141,0.8818844589998207,0.904321724999818,0.1302989280000019,1.03462065299982,0.0189346702740635
synthetic_true_func_2d_ntrain10000000,10000000,1e-05,eigenpro_pcg,eigenpro_baseline,eigenpro_pcg_q64,c1,64.0,,,,,,,,,1466,,0.0002836650000972,2.1308485750000727,2.437151125000128,,,0.0082805206074929
synthetic_true_func_2d_ntrain10000000,10000000,1e-05,eigenpro_pcg,eigenpro_baseline,eigenpro_pcg_q128,c1,128.0,,,,,,,,,812,,0.0002933980001671,1.203396833999932,1.7039575900000727,,,0.0082805174724485
synthetic_true_func_2d_ntrain10000000,10000000,1e-05,eigenpro_pcg,eigenpro_baseline,eigenpro_pcg_q256,c1,256.0,,,,,,,,,389,,0.000301299999819,0.6222304640000402,1.538249070999882,,,0.0082805659914328
synthetic_true_func_2d_ntrain10000000,10000000,1e-05,eigenpro_pcg,eigenpro_baseline,eigenpro_pcg_q320,c1,320.0,,,,,,,,,297,,0.000307808999878,0.4970130250001148,1.6452225890000136,,,0.0082805275830344
synthetic_true_func_2d_ntrain10000000,10000000,1e-05,eigenpro_pcg,eigenpro_baseline,eigenpro_pcg_q384,c1,384.0,,,,,,,,,240,,0.0003072660001635,0.4157803069999772,1.808625333000009,,,0.0082805152797877
synthetic_true_func_2d_ntrain10000000,10000000,1e-05,eigenpro_pcg,eigenpro_baseline,eigenpro_pcg_q448,c1,448.0,,,,,,,,,199,,0.0003053679999993,0.3556813440000042,1.9884722439999225,,,0.008280556156569
synthetic_true_func_2d_ntrain10000000,10000000,1e-05,eigenpro_pcg,eigenpro_baseline,eigenpro_pcg_q64,c1,64.0,,,,,,,,,517,,0.0002874740000606,0.7416031909999674,1.0341608450000876,,,0.0017026189770705
synthetic_true_func_2d_ntrain10000000,10000000,1e-05,eigenpro_pcg,eigenpro_baseline,eigenpro_pcg_q128,c1,128.0,,,,,,,,,122,,0.0003189300000485,0.1746318200000587,0.6588992430001781,,,0.0017030088071386
synthetic_true_func_2d_ntrain10000000,10000000,1e-05,eigenpro_pcg,eigenpro_baseline,eigenpro_pcg_q256,c1,256.0,,,,,,,,,7,,0.0002889350000714,0.0112123240000983,0.8750115130001177,,,0.0017037299389999
synthetic_true_func_2d_ntrain10000000,10000000,1e-05,eigenpro_pcg,eigenpro_baseline,eigenpro_pcg_q320,c1,320.0,,,,,,,,,2,,0.0002954540000246,0.0040472760001648,1.0787213540002083,,,0.0016988394580118
synthetic_true_func_2d_ntrain10000000,10000000,1e-05,eigenpro_pcg,eigenpro_baseline,eigenpro_pcg_q384,c1,384.0,,,,,,,,,2,,0.0003072909998991,0.0040318050000678,1.2589277790000324,,,0.0017022323898691
synthetic_true_func_2d_ntrain10000000,10000000,1e-05,eigenpro_pcg,eigenpro_baseline,eigenpro_pcg_q448,c1,448.0,,,,,,,,,2,,0.0002939949999927,0.0040181130000291,1.452616115999945,,,0.0017022907461301
synthetic_true_func_2d_ntrain10000000,10000000,1e-05,plain_cg,cg_baseline,plain_cg,original/default,,,,,,,,,,4199,,,4.522170063999965,4.651818092999974,,,0.008248648584005
synthetic_true_func_2d_ntrain10000000,10000000,1e-05,plain_cg,cg_baseline,plain_cg,original/default,,,,,,,,,,2006,,,2.1295582760001253,2.257863294000117,,,0.0016423654637659
synthetic_true_func_2d_ntrain10000000,10000000,1e-05,topk_1024,inverse,btab_auto_topk_1024,c1,,,1024.0,1369.0,34352.0,2401.51902800323,1592436.997116735,,,323,323.0,0.0533962770000471,0.5523196230001304,0.6258615520000603,0.0003022729999884,0.6261638250000487,0.0082804918193921
synthetic_true_func_2d_ntrain10000000,10000000,1e-05,topk_1024,inverse,btab_auto_topk_1024,c1,,,1024.0,1225.0,0.0,0.0,0.0,,,4,4.0,0.0387049599999045,0.0475364820001686,0.1103263879999758,3.078200006711995e-05,0.1103571700000429,0.0017027089708405
synthetic_true_func_2d_ntrain10000000,10000000,1e-05,topk_16384,boxeig,btab_boxeig_topk_16384_q192,c1,,192.0,16384.0,21025.0,14696.0,3.4180462923873587,16085.639725487708,29831.97287821335,2.1028870684458533e-14,746,746.0,0.3583143319999635,1.637395215000197,1.710634225000149,0.0765952960000504,1.7872295210001994,0.0082806454535245
synthetic_true_func_2d_ntrain10000000,10000000,1e-05,topk_16384,boxeig,btab_boxeig_topk_16384_q256,c1,,256.0,16384.0,21025.0,14696.0,3.4180462923873587,16085.639725487708,15027.384960261952,3.85916946023044e-14,529,529.0,0.4668811159999677,1.3715656809999928,1.4511631650000254,0.1019138400001793,1.5530770050002047,0.0082806230833848
synthetic_true_func_2d_ntrain10000000,10000000,1e-05,topk_16384,boxeig,btab_boxeig_topk_16384_q320,c1,,320.0,16384.0,21025.0,14696.0,3.4180462923873587,16085.639725487708,8974.172230334405,1.0479506762769652e-13,398,398.0,3.6066909430001033,4.337042384999904,4.40992333500003,0.1268772270000226,4.536800562000053,0.0082804916592294
synthetic_true_func_2d_ntrain10000000,10000000,1e-05,topk_2048,boxeig,btab_boxeig_topk_2048_q192,c1,,192.0,2048.0,2601.0,33120.0,545.4773061948279,630211.0282575133,29820.67906213801,2.050831327987061e-14,510,510.0,0.35508404899997,1.2250795699999344,1.298339833,0.0757778649999636,1.3741176979999636,0.0082804271294245
synthetic_true_func_2d_ntrain10000000,10000000,1e-05,topk_2048,inverse,btab_auto_topk_2048,c1,,,2048.0,2601.0,33120.0,545.4773061948279,630211.0282575133,,,174,174.0,0.2093176500000027,0.4906563070001084,0.5639621549998992,0.0002949120000721,0.5642570669999714,0.0082804884986112
synthetic_true_func_2d_ntrain10000000,10000000,1e-05,topk_256,boxeig,btab_boxeig_topk_256_q64,c1,,64.0,256.0,361.0,864.0,1399.6541024726862,45666.455931363096,150471.4758501698,1.37402603880502e-14,789,789.0,0.125632405999795,1.470801344999927,1.5334232330001214,0.02628427500008,1.5597075080002014,0.0017022582112213
synthetic_true_func_2d_ntrain10000000,10000000,1e-05,topk_4096,boxeig,btab_boxeig_topk_4096_q192,c1,,192.0,4096.0,5329.0,30392.0,98.3854197104148,212413.9368175629,29830.40518463526,1.9121268476991272e-14,602,602.0,0.3607511879999947,1.3930405050000445,1.4663256930000443,0.0769168469998931,1.5432425399999374,0.0082806066977777
synthetic_true_func_2d_ntrain10000000,10000000,1e-05,topk_4096,boxeig,btab_boxeig_topk_4096_q256,c1,,256.0,4096.0,5329.0,30392.0,98.3854197104148,212413.9368175629,15025.962976046789,3.1958499184385573e-14,416,416.0,2.652683325999988,3.382162113000049,3.4552078870001424,0.1017667999999503,3.5569746870000927,0.0082805122969513
synthetic_true_func_2d_ntrain10000000,10000000,1e-05,topk_4096,inverse,btab_auto_topk_4096,c1,,,4096.0,5329.0,30392.0,98.3854197104148,212413.9368175629,,,88,88.0,0.920146385999942,1.086510705999899,1.1597463499999776,0.0002358239999011,1.1599821739998788,0.0082805131900778
synthetic_true_func_2d_ntrain10000000,10000000,1e-05,topk_512,boxeig,btab_boxeig_topk_512_q128,c1,,128.0,512.0,625.0,600.0,8.293116502569706,248.3758444154172,7086.437745357798,1.667621621949516e-13,220,220.0,0.2362174739998863,0.6253488400000151,0.6881197039999734,0.0506517839999105,0.7387714879998839,0.0017025566118402
synthetic_true_func_2d_ntrain10000000,10000000,1e-05,topk_512,inverse,btab_auto_topk_512,c1,,,512.0,625.0,35096.0,13135.184925173164,4628906.861720389,,,594,594.0,0.0139713759999722,0.9169085169999108,0.989985465000018,0.0002837099998487,0.9902691749998668,0.0082804992949833
synthetic_true_func_2d_ntrain10000000,10000000,1e-05,topk_512,inverse,btab_auto_topk_512,c1,,,512.0,625.0,600.0,8.293116502569706,248.3758444154172,,,24,24.0,0.0117328720000386,0.0543078729999706,0.1172103760000027,8.980300003713637e-05,0.1173001790000398,0.0017026523488756
synthetic_true_func_2d_ntrain10000000,10000000,1e-05,topk_728,inverse,btab_auto_topk_728,c1,,,728.0,961.0,34760.0,5269.585709403807,2604782.264387609,,,408,408.0,0.0272356139998919,0.6503118750001704,0.7236020950001603,0.0002679579999949,0.7238700530001552,0.008280503900438
synthetic_true_func_2d_ntrain10000000,10000000,1e-05,topk_768,boxeig,btab_boxeig_topk_768_q128,c1,,128.0,768.0,961.0,264.0,0.0128937503757615,0.3641601577567087,7086.5568905742775,3.1104015973856173e-13,142,142.0,0.2351436530000228,0.4968718489999446,0.5599029669999709,0.0501012710001305,0.6100042380001014,0.0017023350975711
synthetic_true_func_2d_ntrain10000000,10000000,1e-05,topk_8192,boxeig,btab_boxeig_topk_8192_q192,c1,,192.0,8192.0,10609.0,25112.0,18.400345644895555,68148.36614050946,29831.78821567548,2.889170450595402e-14,675,675.0,0.3593854319999536,1.5071570709999378,1.591831743000057,0.0781795949999377,1.6700113379999948,0.0082807023560117
synthetic_true_func_2d_ntrain10000000,10000000,1e-05,topk_8192,boxeig,btab_boxeig_topk_8192_q256,c1,,256.0,8192.0,10609.0,25112.0,18.400345644895555,68148.36614050946,15027.218357444954,2.977675679523676e-14,476,476.0,0.4651131480000003,1.2733698259999071,1.346271981999962,0.1039651400001275,1.4502371220000896,0.0082807669796718
synthetic_true_func_2d_ntrain10000000,10000000,1e-05,topk_8192,boxeig,btab_boxeig_topk_8192_q320,c1,,320.0,8192.0,10609.0,25112.0,18.400345644895555,68148.36614050946,8973.97651633966,1.826345859812128e-13,365,365.0,0.5873280470000282,1.2166811119998329,1.2899488159998782,0.1289365239999824,1.4188853399998609,0.0082804420278976
synthetic_true_func_2d_ntrain100000000,100000000,1e-05,eigenpro_pcg,eigenpro_baseline,eigenpro_pcg_q64,c1,64.0,,,,,,,,,903,,0.0002807480000228,1.2874081669999669,2.0192341419999598,,,0.0006891162837231
synthetic_true_func_2d_ntrain100000000,100000000,1e-05,eigenpro_pcg,eigenpro_baseline,eigenpro_pcg_q128,c1,128.0,,,,,,,,,211,,0.0003218370000013,0.3051817990001382,1.2290954760001114,,,0.0006914864280619
synthetic_true_func_2d_ntrain100000000,100000000,1e-05,eigenpro_pcg,eigenpro_baseline,eigenpro_pcg_q256,c1,256.0,,,,,,,,,8,,0.0002851950000604,0.0124267660000896,1.316472904000193,,,0.0006876145918893
synthetic_true_func_2d_ntrain100000000,100000000,1e-05,eigenpro_pcg,eigenpro_baseline,eigenpro_pcg_q320,c1,320.0,,,,,,,,,1,,0.0002923040001405,0.0025394439999217,1.502265983999905,,,0.0006433366595271
synthetic_true_func_2d_ntrain100000000,100000000,1e-05,eigenpro_pcg,eigenpro_baseline,eigenpro_pcg_q384,c1,384.0,,,,,,,,,1,,0.0003291259999969,0.0028009879999899,1.701110252000035,,,0.0006925916940737
synthetic_true_func_2d_ntrain100000000,100000000,1e-05,eigenpro_pcg,eigenpro_baseline,eigenpro_pcg_q448,c1,448.0,,,,,,,,,1,,0.000285058999907,0.002604261999977,1.887402953999981,,,0.0006923089481254
synthetic_true_func_2d_ntrain100000000,100000000,1e-05,eigenpro_pcg,eigenpro_baseline,eigenpro_pcg_q64,c1,64.0,,,,,,,,,2986,,0.0003203379997103,4.462763201000144,5.217208330999711,,,0.0029681976086141
synthetic_true_func_2d_ntrain100000000,100000000,1e-05,eigenpro_pcg,eigenpro_baseline,eigenpro_pcg_q128,c1,128.0,,,,,,,,,1667,,0.0003271770001447,2.515829878999739,3.468119297999692,,,0.0029682337436026
synthetic_true_func_2d_ntrain100000000,100000000,1e-05,eigenpro_pcg,eigenpro_baseline,eigenpro_pcg_q256,c1,256.0,,,,,,,,,757,,0.0003131859998575,1.2371458299999176,2.6247667879997607,,,0.0029684157381454
synthetic_true_func_2d_ntrain100000000,100000000,1e-05,eigenpro_pcg,eigenpro_baseline,eigenpro_pcg_q320,c1,320.0,,,,,,,,,585,,0.0003048720000151,0.9835347069997624,2.5941405160001523,,,0.0029683997589814
synthetic_true_func_2d_ntrain100000000,100000000,1e-05,eigenpro_pcg,eigenpro_baseline,eigenpro_pcg_q384,c1,384.0,,,,,,,,,471,,0.0003086050001002,0.8132722559998911,2.6589255849999063,,,0.0029683440222763
synthetic_true_func_2d_ntrain100000000,100000000,1e-05,eigenpro_pcg,eigenpro_baseline,eigenpro_pcg_q448,c1,448.0,,,,,,,,,387,,0.0003085110001848,0.6986785579997559,2.7847817269998814,,,0.0029685634928668
synthetic_true_func_2d_ntrain100000000,100000000,1e-05,plain_cg,cg_baseline,plain_cg,original/default,,,,,,,,,,2978,,,3.1793660139999247,4.197178132999852,,,0.0005704240226034
synthetic_true_func_2d_ntrain100000000,100000000,1e-05,plain_cg,cg_baseline,plain_cg,original/default,,,,,,,,,,8729,,,9.549125387000004,10.552520180999636,,,0.002953597248512
synthetic_true_func_2d_ntrain100000000,100000000,1e-05,topk_1024,inverse,btab_auto_topk_1024,c1,,,1024.0,1225.0,0.0,0.0,0.0,,,3,3.0,0.0392569670000284,0.0465556230001311,0.5566667530001723,4.539999986263865e-05,0.556712153000035,0.0006876167031276
synthetic_true_func_2d_ntrain100000000,100000000,1e-05,topk_10240,inverse,btab_auto_topk_10240,c1,,,10240.0,13225.0,22496.0,107.12967928901588,453758.1817010253,,,74,74.0,6.090735243999916,6.365112242000123,6.8925501409999015,0.0002799740000227,6.892830114999924,0.0029680499617594
synthetic_true_func_2d_ntrain100000000,100000000,1e-05,topk_2048,inverse,btab_auto_topk_2048,c1,,,2048.0,2601.0,33120.0,5454.774475023671,6302111.968147912,,,392,392.0,0.1949493779998192,0.8242180389997884,1.3512404630000674,0.0003133830000479,1.3515538460001153,0.0029680428320772
synthetic_true_func_2d_ntrain100000000,100000000,1e-05,topk_20480,boxeig,btab_boxeig_topk_20480_q192,c1,,192.0,20480.0,25921.0,9800.0,20.37248381602624,81911.19717359901,298236.22197696863,2.4064402916059412e-14,1404,1404.0,0.3717496720000781,2.8391295930000524,3.366857701000299,0.0815639820002616,3.4484216830005607,0.00296813373586
synthetic_true_func_2d_ntrain100000000,100000000,1e-05,topk_20480,boxeig,btab_boxeig_topk_20480_q256,c1,,256.0,20480.0,25921.0,9800.0,20.37248381602624,81911.19717359901,150233.0358084212,3.839293185961425e-14,976,976.0,1.3604080330001125,3.0912549409999883,3.618817042000046,0.1071737729998858,3.725990814999932,0.0029680374531598
synthetic_true_func_2d_ntrain100000000,100000000,1e-05,topk_20480,boxeig,btab_boxeig_topk_20480_q320,c1,,320.0,20480.0,25921.0,9800.0,20.37248381602624,81911.19717359901,89751.41081583679,5.867943381325785e-14,769,769.0,0.6095803550001619,1.9939299370003027,2.5209489399999256,0.1350821229998473,2.656031062999773,0.0029680165525783
synthetic_true_func_2d_ntrain100000000,100000000,1e-05,topk_20480,boxeig,btab_boxeig_topk_20480_q384,c1,,384.0,20480.0,25921.0,9800.0,20.37248381602624,81911.19717359901,57532.38377586244,8.544046260767242e-14,613,613.0,2.0539898689999063,3.1949396400000296,3.722258410999984,0.1625392440000723,3.8847976550000567,0.0029679475930151
synthetic_true_func_2d_ntrain100000000,100000000,1e-05,topk_20480,boxeig,btab_boxeig_topk_20480_q448,c1,,448.0,20480.0,25921.0,9800.0,20.37248381602624,81911.19717359901,40106.9197842045,1.273782920928806e-13,523,523.0,0.8677735710002707,1.87007351200009,2.396926074000021,0.1886444219999248,2.5855704959999457,0.0029682018380124
synthetic_true_func_2d_ntrain100000000,100000000,1e-05,topk_256,boxeig,btab_boxeig_topk_256_q64,c1,,64.0,256.0,361.0,864.0,13996.560751340598,456665.2918695316,1503855.554474397,6.437306088597388e-15,1069,1069.0,0.1271854219999113,1.931892573999903,2.442210310999826,0.0263990670000566,2.468609377999883,0.0006838028155883
synthetic_true_func_2d_ntrain100000000,100000000,1e-05,topk_25720,boxeig,btab_boxeig_topk_25720_q192,c1,,192.0,25720.0,32761.0,2960.0,11.408547926840644,18389.53150913217,298236.2963873226,4.2545361347489936e-14,1531,1531.0,0.3653631679999307,3.059115466000094,3.585914797999976,0.0794376990002092,3.6653524970001854,0.002968129704272
synthetic_true_func_2d_ntrain100000000,100000000,1e-05,topk_25720,boxeig,btab_boxeig_topk_25720_q256,c1,,256.0,25720.0,32761.0,2960.0,11.408547926840644,18389.53150913217,150233.10364940605,4.164676056469025e-14,1073,1073.0,0.4744310040000528,2.415942859999632,2.94280734799986,0.1059567729998889,3.048764120999749,0.002968173973019
synthetic_true_func_2d_ntrain100000000,100000000,1e-05,topk_25720,boxeig,btab_boxeig_topk_25720_q320,c1,,320.0,25720.0,32761.0,2960.0,11.408547926840644,18389.53150913217,89751.48378803447,7.932861008405565e-14,831,831.0,0.6415312039998753,2.18171884100002,2.7090027479998757,0.1302123370001027,2.839215084999978,0.0029681798939558
synthetic_true_func_2d_ntrain100000000,100000000,1e-05,topk_25720,boxeig,btab_boxeig_topk_25720_q384,c1,,384.0,25720.0,32761.0,2960.0,11.408547926840644,18389.53150913217,57532.45841116657,7.281862586620656e-14,653,653.0,0.7267851509996035,1.9650419459999284,2.491577860000234,0.1553905350001514,2.646968395000385,0.0029680682835697
synthetic_true_func_2d_ntrain100000000,100000000,1e-05,topk_25720,boxeig,btab_boxeig_topk_25720_q448,c1,,448.0,25720.0,32761.0,2960.0,11.408547926840644,18389.53150913217,40106.99817737532,2.073825608601087e-13,577,577.0,0.875221238999984,2.0021647690000464,2.529118285000095,0.1800498210000114,2.7091681060001065,0.0029680296246149
synthetic_true_func_2d_ntrain100000000,100000000,1e-05,topk_35721,boxeig,btab_boxeig_topk_35721_q192,c1,,192.0,35721.0,35721.0,0.0,0.0,0.0,298236.31330296147,2.7641333640888134e-14,925,925.0,0.808935824999935,2.4731068149999373,2.9999572619999526,0.0833844750000025,3.083341736999955,0.0029682719544
synthetic_true_func_2d_ntrain100000000,100000000,1e-05,topk_35721,boxeig,btab_boxeig_topk_35721_q256,c1,,256.0,35721.0,35721.0,0.0,0.0,0.0,150233.1189871868,4.059874826853871e-14,636,636.0,0.4870673149998765,1.6333793570001944,2.1600760650003394,0.1097186290003264,2.269794694000666,0.002968516129473
synthetic_true_func_2d_ntrain100000000,100000000,1e-05,topk_35721,boxeig,btab_boxeig_topk_35721_q320,c1,,320.0,35721.0,35721.0,0.0,0.0,0.0,89751.50034902923,6.867591225009364e-14,491,491.0,0.6024136539999745,1.5049714140000106,2.0319874609999715,0.1418285149998155,2.173815975999787,0.0029685480293284
synthetic_true_func_2d_ntrain100000000,100000000,1e-05,topk_35721,boxeig,btab_boxeig_topk_35721_q384,c1,,384.0,35721.0,35721.0,0.0,0.0,0.0,57532.47527268193,1.1086161404137341e-13,392,392.0,0.7492252550000558,1.5050433620003787,2.0317139490002774,0.1638030379999691,2.1955169870002464,0.0029684538187768
synthetic_true_func_2d_ntrain100000000,100000000,1e-05,topk_35721,boxeig,btab_boxeig_topk_35721_q448,c1,,448.0,35721.0,35721.0,0.0,0.0,0.0,40107.016061917726,2.574821906463691e-13,325,325.0,0.9115881349998745,1.5558389460002218,2.082505273000152,0.1894636020001598,2.2719688750003115,0.0029685349049199
synthetic_true_func_2d_ntrain100000000,100000000,1e-05,topk_4096,inverse,btab_auto_topk_4096,c1,,,4096.0,5329.0,30392.0,983.8544610406408,2124139.946790334,,,187,187.0,0.8859848480001347,1.2416858490000775,1.7685655639998004,0.0003060520002691,1.7688716160000697,0.0029679827986116
synthetic_true_func_2d_ntrain100000000,100000000,1e-05,topk_512,boxeig,btab_boxeig_topk_512_q128,c1,,128.0,512.0,625.0,600.0,82.93137509464721,2483.765171134476,70882.11373576979,8.086057127328348e-14,413,413.0,0.2711720899999363,0.9892546850001054,1.499566113000128,0.0507120889999441,1.5502782020000725,0.0006878199113089
synthetic_true_func_2d_ntrain100000000,100000000,1e-05,topk_512,inverse,btab_auto_topk_512,c1,,,512.0,625.0,600.0,82.93137509464722,2483.765171134476,,,55,55.0,0.0118089190000318,0.1054994369999349,0.6154927519999092,0.000130449999915,0.6156232019998242,0.0006876480422144
synthetic_true_func_2d_ntrain100000000,100000000,1e-05,topk_768,boxeig,btab_boxeig_topk_768_q128,c1,,128.0,768.0,961.0,264.0,0.1289380130404263,3.641616515318903,70883.30065609592,1.2862544747810448e-13,266,266.0,0.2558009279998714,0.727737808000029,1.2375012800000604,0.0509966470001472,1.2884979270002077,0.0006881732755555
synthetic_true_func_2d_ntrain100000000,100000000,1e-05,topk_8192,inverse,btab_auto_topk_8192,c1,,,8192.0,10609.0,25112.0,184.00350665311925,681483.8486543932,,,86,86.0,3.7781253100001777,4.029007316999923,4.556403808999676,0.0003108790001533,4.556714687999829,0.002968050425122
synthetic_true_func_2d_ntrain3000000,3000000,1e-05,eigenpro_pcg,eigenpro_baseline,eigenpro_pcg_q64,c1,64.0,,,,,,,,,966,,0.4531500560001404,1.4250076989999343,5.866021379000131,,,0.0131220526005504
synthetic_true_func_2d_ntrain3000000,3000000,1e-05,eigenpro_pcg,eigenpro_baseline,eigenpro_pcg_q128,c1,128.0,,,,,,,,,522,,0.000323537999975,0.7743961710000349,1.2451299839999592,,,0.0131220223467327
synthetic_true_func_2d_ntrain3000000,3000000,1e-05,eigenpro_pcg,eigenpro_baseline,eigenpro_pcg_q256,c1,256.0,,,,,,,,,257,,0.000303446000089,0.4120603559999836,1.2987271380000038,,,0.0131220178251189
synthetic_true_func_2d_ntrain3000000,3000000,1e-05,eigenpro_pcg,eigenpro_baseline,eigenpro_pcg_q320,c1,320.0,,,,,,,,,195,,0.0003323210000871,0.3305093500000566,1.441407356000127,,,0.0131220233182335
synthetic_true_func_2d_ntrain3000000,3000000,1e-05,eigenpro_pcg,eigenpro_baseline,eigenpro_pcg_q384,c1,384.0,,,,,,,,,157,,0.0003150009999899,0.2745744540000032,1.636114606000092,,,0.0131220482798757
synthetic_true_func_2d_ntrain3000000,3000000,1e-05,eigenpro_pcg,eigenpro_baseline,eigenpro_pcg_q448,c1,448.0,,,,,,,,,131,,0.0003191579999111,0.2342972179999378,1.818550918000028,,,0.0131220437096751
synthetic_true_func_2d_ntrain3000000,3000000,1e-05,eigenpro_pcg,eigenpro_baseline,eigenpro_pcg_q64,c1,64.0,,,,,,,,,392,,0.0002801079999699,0.5637982150001335,0.8129332290000093,,,0.0029091381426823
synthetic_true_func_2d_ntrain3000000,3000000,1e-05,eigenpro_pcg,eigenpro_baseline,eigenpro_pcg_q128,c1,128.0,,,,,,,,,95,,0.0002894480001032,0.1389660519998869,0.5854552719999901,,,0.002908715158872
synthetic_true_func_2d_ntrain3000000,3000000,1e-05,eigenpro_pcg,eigenpro_baseline,eigenpro_pcg_q256,c1,256.0,,,,,,,,,5,,0.0002999350001573,0.0083889219999946,0.8446174040000187,,,0.0029102815324915
synthetic_true_func_2d_ntrain3000000,3000000,1e-05,eigenpro_pcg,eigenpro_baseline,eigenpro_pcg_q320,c1,320.0,,,,,,,,,2,,0.0003324689998862,0.0040866419999474,1.032981935999942,,,0.0029072349031506
synthetic_true_func_2d_ntrain3000000,3000000,1e-05,eigenpro_pcg,eigenpro_baseline,eigenpro_pcg_q384,c1,384.0,,,,,,,,,2,,0.0003144439999687,0.0040425890001642,1.2332335810001496,,,0.002907776166656
synthetic_true_func_2d_ntrain3000000,3000000,1e-05,eigenpro_pcg,eigenpro_baseline,eigenpro_pcg_q448,c1,448.0,,,,,,,,,2,,0.0002914589999818,0.0040528600000016,1.4336323370000628,,,0.0029080911816526
synthetic_true_func_2d_ntrain3000000,3000000,1e-05,plain_cg,cg_baseline,plain_cg,original/default,,,,,,,,,,2730,,,4.7014158080000925,6.894754121999995,,,0.0130598604234183
synthetic_true_func_2d_ntrain3000000,3000000,1e-05,plain_cg,cg_baseline,plain_cg,original/default,,,,,,,,,,1495,,,1.5977501699999266,1.634985967000148,,,0.0029104049377145
synthetic_true_func_2d_ntrain3000000,3000000,1e-05,topk_1024,inverse,btab_auto_topk_1024,c1,,,1024.0,1369.0,34352.0,720.4550589697357,477730.6417516551,,,188,188.0,0.0585530880000533,0.3516818129999137,0.3945754930000476,0.0002911599999606,0.3948666530000082,0.0131220090057584
synthetic_true_func_2d_ntrain3000000,3000000,1e-05,topk_1024,inverse,btab_auto_topk_1024,c1,,,1024.0,1225.0,0.0,0.0,0.0,,,5,5.0,0.0408562009999968,0.0522584390000702,0.084734772000047,2.867500006686896e-05,0.0847634470001139,0.0029091525602553
synthetic_true_func_2d_ntrain3000000,3000000,1e-05,topk_16384,boxeig,btab_boxeig_topk_16384_q192,c1,,192.0,16384.0,21025.0,14696.0,1.0254128453141529,4825.686998984456,8949.418336941017,5.1891109906405626e-14,456,456.0,0.5691220139999587,1.364727830999982,1.4072309610000957,0.0775733109999237,1.4848042720000194,0.0131219771940934
synthetic_true_func_2d_ntrain3000000,3000000,1e-05,topk_16384,boxeig,btab_boxeig_topk_16384_q256,c1,,256.0,16384.0,21025.0,14696.0,1.0254128453141529,4825.686998984456,4511.1566027395365,3.248297798857284e-14,318,318.0,0.4928305139999338,1.0537855860000036,1.0959472150000238,0.1021083579998958,1.1980555729999196,0.0131219839962977
synthetic_true_func_2d_ntrain3000000,3000000,1e-05,topk_16384,boxeig,btab_boxeig_topk_16384_q320,c1,,320.0,16384.0,21025.0,14696.0,1.0254128453141529,4825.686998984456,2694.135011782777,1.4960621085620412e-13,243,243.0,0.6170641720000276,1.049633902999858,1.0887859289998687,0.1254194579998966,1.214205386999765,0.0131220061054569
synthetic_true_func_2d_ntrain3000000,3000000,1e-05,topk_2048,boxeig,btab_boxeig_topk_2048_q192,c1,,192.0,2048.0,2601.0,33120.0,163.64303525919675,189063.12167941677,8945.960852111988,2.7940472873390742e-14,376,376.0,1.5937558359999002,2.22891642400009,2.2650650350001342,0.7877967760000502,3.0528618110001844,0.0131220157585926
synthetic_true_func_2d_ntrain3000000,3000000,1e-05,topk_2048,inverse,btab_auto_topk_2048,c1,,,2048.0,2601.0,33120.0,163.64303525919675,189063.12167941677,,,111,111.0,0.2146163150000575,0.3938865490001717,0.4365852720000021,0.0002579200001946,0.4368431920001967,0.0131219991534976
synthetic_true_func_2d_ntrain3000000,3000000,1e-05,topk_256,boxeig,btab_boxeig_topk_256_q64,c1,,64.0,256.0,361.0,864.0,419.8940446114996,13699.85559660734,45170.87731722963,7.981949978731264e-15,564,564.0,0.1329931140001008,1.108018860999891,1.1403655569999955,0.0261429449999468,1.1665085019999424,0.0029095630652283
synthetic_true_func_2d_ntrain3000000,3000000,1e-05,topk_4096,boxeig,btab_boxeig_topk_4096_q192,c1,,192.0,4096.0,5329.0,30392.0,29.51559666326564,63724.11692227467,8948.925042257508,5.0891321537052346e-14,432,432.0,0.501114090000101,1.2511023059998934,1.293813820999958,0.0781159910000042,1.371929811999962,0.0131220522474274
synthetic_true_func_2d_ntrain3000000,3000000,1e-05,topk_4096,boxeig,btab_boxeig_topk_4096_q256,c1,,256.0,4096.0,5329.0,30392.0,29.51559666326564,63724.11692227467,4510.712297157273,2.9424145210736764e-14,306,306.0,1.6698247030001312,2.2067683860000216,2.2487285780000548,0.1007300480000594,2.3494586260001142,0.0131219903436293
synthetic_true_func_2d_ntrain3000000,3000000,1e-05,topk_4096,inverse,btab_auto_topk_4096,c1,,,4096.0,5329.0,30392.0,29.51559666326564,63724.11692227467,,,54,54.0,1.021065536000151,1.1230179240001237,1.1660149600002114,0.0002764480000223,1.1662914080002338,0.0131220274810674
synthetic_true_func_2d_ntrain3000000,3000000,1e-05,topk_512,boxeig,btab_boxeig_topk_512_q128,c1,,128.0,512.0,625.0,600.0,2.4879116707048508,74.5120078338083,2125.6752239768084,1.9894011312019545e-13,148,148.0,0.234924127999875,0.5013052029999017,0.5336170949999541,0.0499262319999616,0.5835433269999157,0.0029092681228271
synthetic_true_func_2d_ntrain3000000,3000000,1e-05,topk_512,inverse,btab_auto_topk_512,c1,,,512.0,625.0,35096.0,3940.5524016829063,1388670.8245110956,,,359,359.0,1.2387477160000344,1.7879313440000717,1.8244354959999785,0.0002794320000703,1.8247149280000483,0.0131219782264996
synthetic_true_func_2d_ntrain3000000,3000000,1e-05,topk_512,inverse,btab_auto_topk_512,c1,,,512.0,625.0,600.0,2.4879116707048508,74.5120078338083,,,16,16.0,0.0123165039999548,0.0424772879998727,0.0745444589999806,0.0001122129999657,0.0746566719999464,0.0029091482511972
synthetic_true_func_2d_ntrain3000000,3000000,1e-05,topk_728,inverse,btab_auto_topk_728,c1,,,728.0,961.0,34760.0,1580.874360297487,781433.9513283625,,,283,283.0,0.0341971000000285,0.47283510200009,0.5157002840001041,0.000270865000175,0.5159711490002792,0.0131219929170678
synthetic_true_func_2d_ntrain3000000,3000000,1e-05,topk_768,boxeig,btab_boxeig_topk_768_q128,c1,,128.0,768.0,961.0,264.0,0.0038680686736504,0.1092463919155252,2125.710994786746,2.3422490084974177e-13,98,98.0,0.2395636399999148,0.4257473490001757,0.4574059650001345,0.0506073369999739,0.5080133020001085,0.0029089439365792
synthetic_true_func_2d_ntrain3000000,3000000,1e-05,topk_8192,boxeig,btab_boxeig_topk_8192_q192,c1,,192.0,8192.0,10609.0,25112.0,5.520098129764041,20444.489090890373,8949.358153611585,3.571157969859458e-14,468,468.0,0.6573838009999236,1.502401659999805,1.5448440059999484,0.0787745279999398,1.6236185339998883,0.0131220046284835
synthetic_true_func_2d_ntrain3000000,3000000,1e-05,topk_8192,boxeig,btab_boxeig_topk_8192_q256,c1,,256.0,8192.0,10609.0,25112.0,5.520098129764041,20444.489090890373,4511.102249982382,3.120599972071411e-14,334,334.0,0.4879255530001956,1.0674042169998756,1.1105291669998678,0.1028841539998666,1.2134133209997344,0.0131220249482172
synthetic_true_func_2d_ntrain3000000,3000000,1e-05,topk_8192,boxeig,btab_boxeig_topk_8192_q320,c1,,320.0,8192.0,10609.0,25112.0,5.520098129764041,20444.489090890373,2694.071985089766,1.5368325181804405e-13,253,253.0,0.6107974429999103,1.0579660819998935,1.0995898270000453,0.1319373690000702,1.2315271960001155,0.0131220101803977
synthetic_true_func_2d_ntrain30000000,30000000,1e-05,eigenpro_pcg,eigenpro_baseline,eigenpro_pcg_q64,c1,64.0,,,,,,,,,2075,,0.0003066470001158,3.015616938999983,3.4313279590001,,,0.0052617857628679
synthetic_true_func_2d_ntrain30000000,30000000,1e-05,eigenpro_pcg,eigenpro_baseline,eigenpro_pcg_q128,c1,128.0,,,,,,,,,1145,,0.0003171660000589,1.724970188000043,2.3409786189999977,,,0.0052617633986446
synthetic_true_func_2d_ntrain30000000,30000000,1e-05,eigenpro_pcg,eigenpro_baseline,eigenpro_pcg_q256,c1,256.0,,,,,,,,,547,,0.0003009310000834,0.8808418309999979,1.9095115650000023,,,0.0052618090618957
synthetic_true_func_2d_ntrain30000000,30000000,1e-05,eigenpro_pcg,eigenpro_baseline,eigenpro_pcg_q320,c1,320.0,,,,,,,,,423,,0.0002983269998821,0.6958359950001523,1.9444408240001396,,,0.0052618190442886
synthetic_true_func_2d_ntrain30000000,30000000,1e-05,eigenpro_pcg,eigenpro_baseline,eigenpro_pcg_q384,c1,384.0,,,,,,,,,338,,0.0003034500000467,0.5722532939998928,2.0471880909999527,,,0.0052618410280534
synthetic_true_func_2d_ntrain30000000,30000000,1e-05,eigenpro_pcg,eigenpro_baseline,eigenpro_pcg_q448,c1,448.0,,,,,,,,,281,,0.0003105729999788,0.4919803329999013,2.1971985049999603,,,0.0052619040293013
synthetic_true_func_2d_ntrain30000000,30000000,1e-05,eigenpro_pcg,eigenpro_baseline,eigenpro_pcg_q64,c1,64.0,,,,,,,,,702,,0.000279694000028,1.0050532230000044,1.3888790510000035,,,0.0010720975644455
synthetic_true_func_2d_ntrain30000000,30000000,1e-05,eigenpro_pcg,eigenpro_baseline,eigenpro_pcg_q128,c1,128.0,,,,,,,,,161,,0.0002864200000658,0.2349525750000793,0.8106141740001931,,,0.0010727663802771
synthetic_true_func_2d_ntrain30000000,30000000,1e-05,eigenpro_pcg,eigenpro_baseline,eigenpro_pcg_q256,c1,256.0,,,,,,,,,8,,0.0003227940001124,0.0128067369998916,0.9748581139999716,,,0.0010757764375721
synthetic_true_func_2d_ntrain30000000,30000000,1e-05,eigenpro_pcg,eigenpro_baseline,eigenpro_pcg_q320,c1,320.0,,,,,,,,,2,,0.0002954340000087,0.004018981000172,1.1641798059999928,,,0.0010737103675315
synthetic_true_func_2d_ntrain30000000,30000000,1e-05,eigenpro_pcg,eigenpro_baseline,eigenpro_pcg_q384,c1,384.0,,,,,,,,,2,,0.000297133999993,0.004040206000127,1.3518764949999422,,,0.0010707969791568
synthetic_true_func_2d_ntrain30000000,30000000,1e-05,eigenpro_pcg,eigenpro_baseline,eigenpro_pcg_q448,c1,448.0,,,,,,,,,1,,0.0002980910001042,0.0025711399998726,1.5434414639998977,,,0.0010789901577623
synthetic_true_func_2d_ntrain30000000,30000000,1e-05,plain_cg,cg_baseline,plain_cg,original/default,,,,,,,,,,5999,,,6.395882380000103,6.713261588000023,,,0.0052382329825472
synthetic_true_func_2d_ntrain30000000,30000000,1e-05,plain_cg,cg_baseline,plain_cg,original/default,,,,,,,,,,2756,,,2.9291563879999103,3.2476913460000105,,,0.0009846730753546
synthetic_true_func_2d_ntrain30000000,30000000,1e-05,topk_1024,inverse,btab_auto_topk_1024,c1,,,1024.0,1369.0,34352.0,7204.558257931322,4777311.818123276,,,435,435.0,0.0519014039998637,0.7094733270000688,0.8837130360000174,0.0002748449999216,0.8839878809999391,0.0052616759459219
synthetic_true_func_2d_ntrain30000000,30000000,1e-05,topk_1024,inverse,btab_auto_topk_1024,c1,,,1024.0,1225.0,0.0,0.0,0.0,,,3,3.0,0.0408611319999181,0.0479226359998392,0.210227168999836,3.765199994631985e-05,0.2102648209997824,0.001071098853782
synthetic_true_func_2d_ntrain30000000,30000000,1e-05,topk_16384,boxeig,btab_boxeig_topk_16384_q192,c1,,192.0,16384.0,21025.0,14696.0,10.25414076142384,48256.92806751094,89487.66210031562,3.6295516893754566e-14,1042,1042.0,0.994434966999961,2.7926017610000144,2.9774395120000463,0.0760764399999516,3.053515951999998,0.0052616402181084
synthetic_true_func_2d_ntrain30000000,30000000,1e-05,topk_16384,boxeig,btab_boxeig_topk_16384_q256,c1,,256.0,16384.0,21025.0,14696.0,10.25414076142384,48256.92806751094,45070.11548476535,3.5430319575633285e-14,727,727.0,0.4624931240000478,1.7188341989999572,1.8959288319999812,0.1023238739999214,1.998252705999903,0.0052617202806239
synthetic_true_func_2d_ntrain30000000,30000000,1e-05,topk_16384,boxeig,btab_boxeig_topk_16384_q320,c1,,320.0,16384.0,21025.0,14696.0,10.25414076142384,48256.92806751094,26927.276368493924,5.2155744873570946e-14,549,549.0,0.5888635520000207,1.5378245479998895,1.7127160139998523,0.1261029699999198,1.838818983999772,0.0052616237186585
synthetic_true_func_2d_ntrain30000000,30000000,1e-05,topk_2048,boxeig,btab_boxeig_topk_2048_q192,c1,,192.0,2048.0,2601.0,33120.0,1636.432201655652,1890633.422431137,89453.9267990376,4.305583630812053e-14,650,650.0,0.3479389010001341,1.4443462450001334,1.6181773030000386,0.0755394520001573,1.693716755000196,0.0052614710926161
synthetic_true_func_2d_ntrain30000000,30000000,1e-05,topk_2048,inverse,btab_auto_topk_2048,c1,,,2048.0,2601.0,33120.0,1636.432201655652,1890633.422431137,,,262,262.0,0.2065908550000585,0.6196466840001449,0.7935669510000025,0.0002911729998231,0.7938581239998257,0.0052616373853668
synthetic_true_func_2d_ntrain30000000,30000000,1e-05,topk_256,boxeig,btab_boxeig_topk_256_q64,c1,,64.0,256.0,361.0,864.0,4198.966259107189,136999.51454168197,451285.2138065575,7.0598393943137266e-15,1171,1171.0,0.1270591190000232,2.1009311500001786,2.263238121000086,0.0262497090000124,2.2894878300000983,0.0010715900459563
synthetic_true_func_2d_ntrain30000000,30000000,1e-05,topk_4096,boxeig,btab_boxeig_topk_4096_q192,c1,,192.0,4096.0,5329.0,30392.0,295.1563120037319,637241.926362385,89483.00120145796,6.259450257870206e-14,755,755.0,1.3992586700001084,2.694510590000164,2.877502927000023,0.0773531960001037,2.954856123000127,0.0052616172794664
synthetic_true_func_2d_ntrain30000000,30000000,1e-05,topk_4096,boxeig,btab_boxeig_topk_4096_q256,c1,,256.0,4096.0,5329.0,30392.0,295.1563120037319,637241.926362385,45065.90226164165,3.67159602116024e-14,531,531.0,0.4677818289999322,1.3687599049999335,1.5541274360000443,0.1007257230000959,1.6548531590001403,0.0052615785751939
synthetic_true_func_2d_ntrain30000000,30000000,1e-05,topk_4096,inverse,btab_auto_topk_4096,c1,,,4096.0,5329.0,30392.0,295.1563120037319,637241.926362385,,,127,127.0,0.8809573519999958,1.1165214130001004,1.2902963430001364,0.0002742250001119,1.2905705680002484,0.0052616577412824
synthetic_true_func_2d_ntrain30000000,30000000,1e-05,topk_512,boxeig,btab_boxeig_topk_512_q128,c1,,128.0,512.0,625.0,600.0,24.87939158928688,745.1288808130148,21267.81054354389,1.5628684471163717e-13,318,318.0,0.2485482600000068,0.813764282999955,0.9820213729999524,0.0501183149999633,1.0321396879999156,0.0010719294362033
synthetic_true_func_2d_ntrain30000000,30000000,1e-05,topk_512,inverse,btab_auto_topk_512,c1,,,512.0,625.0,35096.0,39405.56033550593,13886722.815767135,,,923,923.0,0.0142991840000377,1.399949242000048,1.5836101550000876,0.0003023990000201,1.5839125540001078,0.0052616855599329
synthetic_true_func_2d_ntrain30000000,30000000,1e-05,topk_512,inverse,btab_auto_topk_512,c1,,,512.0,625.0,600.0,24.87939158928688,745.1288808130148,,,36,36.0,0.0119142519999968,0.0748380069999257,0.2373423849999199,0.0001117819999763,0.2374541669998962,0.001071078688049
synthetic_true_func_2d_ntrain30000000,30000000,1e-05,topk_728,inverse,btab_auto_topk_728,c1,,,728.0,961.0,34760.0,15808.759573053378,7814348.109084747,,,541,541.0,0.0273587609999594,0.8320022600000812,1.0058186579999528,0.0002930810001089,1.0061117390000618,0.0052616790115082
synthetic_true_func_2d_ntrain30000000,30000000,1e-05,topk_768,boxeig,btab_boxeig_topk_768_q128,c1,,128.0,768.0,961.0,264.0,0.0386813531481644,1.0924834656399989,21268.16726934573,2.927709574404977e-13,196,196.0,0.230844783999828,0.5733730169999944,0.7358296879999671,0.0501465199999984,0.7859762079999655,0.0010715311102368
synthetic_true_func_2d_ntrain30000000,30000000,1e-05,topk_8192,boxeig,btab_boxeig_topk_8192_q192,c1,,192.0,8192.0,10609.0,25112.0,55.20104699172347,204445.1359318253,89487.11646406374,3.212586109895876e-14,885,885.0,0.3566189840000788,1.854792929000041,2.028935643000068,0.0788292019999516,2.10776484500002,0.0052614270753457
synthetic_true_func_2d_ntrain30000000,30000000,1e-05,topk_8192,boxeig,btab_boxeig_topk_8192_q256,c1,,256.0,8192.0,10609.0,25112.0,55.20104699172347,204445.1359318253,45069.62663688519,3.6009713811677915e-14,636,636.0,0.4713942509999924,1.5534889309999471,1.7390606210001351,0.1041363570000157,1.843196978000151,0.0052615915425344
synthetic_true_func_2d_ntrain30000000,30000000,1e-05,topk_8192,boxeig,btab_boxeig_topk_8192_q320,c1,,320.0,8192.0,10609.0,25112.0,55.20104699172347,204445.1359318253,26926.694560484728,1.4401253585342445e-13,493,493.0,0.5844785449999108,1.4353981749998184,1.6193638019999526,0.1329420329998356,1.7523058349997882,0.0052616152622013
synthetic_true_func_2d_ntrain300000000,300000000,1e-05,eigenpro_pcg,eigenpro_baseline,eigenpro_pcg_q64,c1,64.0,,,,,,,,,1076,,0.0002849039999546,1.5152329200000167,3.236669059000178,,,0.0005647397691333
synthetic_true_func_2d_ntrain300000000,300000000,1e-05,eigenpro_pcg,eigenpro_baseline,eigenpro_pcg_q128,c1,128.0,,,,,,,,,263,,0.0003127359998416,0.3778493370000433,2.2911184759998378,,,0.0005658332759581
synthetic_true_func_2d_ntrain300000000,300000000,1e-05,eigenpro_pcg,eigenpro_baseline,eigenpro_pcg_q256,c1,256.0,,,,,,,,,8,,0.0003034080000361,0.0125191980000636,2.316506394000044,,,0.0005493455491568
synthetic_true_func_2d_ntrain300000000,300000000,1e-05,eigenpro_pcg,eigenpro_baseline,eigenpro_pcg_q320,c1,320.0,,,,,,,,,1,,0.0003235060000861,0.0025815530000272,2.501290324000138,,,0.0004973370528154
synthetic_true_func_2d_ntrain300000000,300000000,1e-05,eigenpro_pcg,eigenpro_baseline,eigenpro_pcg_q384,c1,384.0,,,,,,,,,3,,0.0002956250000352,0.005478592999907,2.6926206609998644,,,0.0005660187142488
synthetic_true_func_2d_ntrain300000000,300000000,1e-05,eigenpro_pcg,eigenpro_baseline,eigenpro_pcg_q448,c1,448.0,,,,,,,,,2,,0.0003136289999474,0.0040525760000491,2.897229576999962,,,0.0005648659850145
synthetic_true_func_2d_ntrain300000000,300000000,1e-05,eigenpro_pcg,eigenpro_baseline,eigenpro_pcg_q64,c1,64.0,,,,,,,,,3500,,0.0003055520000998,5.18224747000022,6.940439829000297,,,0.0017389524995411
synthetic_true_func_2d_ntrain300000000,300000000,1e-05,eigenpro_pcg,eigenpro_baseline,eigenpro_pcg_q128,c1,128.0,,,,,,,,,2009,,0.000295362000088,3.0390056480000567,4.995420257000205,,,0.0017390597010156
synthetic_true_func_2d_ntrain300000000,300000000,1e-05,eigenpro_pcg,eigenpro_baseline,eigenpro_pcg_q256,c1,256.0,,,,,,,,,961,,0.0003219149998585,1.5618245620003108,3.9366444930001303,,,0.0017391272747339
synthetic_true_func_2d_ntrain300000000,300000000,1e-05,eigenpro_pcg,eigenpro_baseline,eigenpro_pcg_q320,c1,320.0,,,,,,,,,754,,0.0003293709996796,1.2648760619999848,3.883234366999659,,,0.0017390596933651
synthetic_true_func_2d_ntrain300000000,300000000,1e-05,eigenpro_pcg,eigenpro_baseline,eigenpro_pcg_q384,c1,384.0,,,,,,,,,577,,0.0003100980002272,1.0063835709997877,3.8543299990001287,,,0.0017391749443982
synthetic_true_func_2d_ntrain300000000,300000000,1e-05,eigenpro_pcg,eigenpro_baseline,eigenpro_pcg_q448,c1,448.0,,,,,,,,,495,,0.000338714999998,0.8863290730000699,3.9799132680000175,,,0.0017391979136351
synthetic_true_func_2d_ntrain300000000,300000000,1e-05,plain_cg,cg_baseline,plain_cg,original/default,,,,,,,,,,3069,,,3.251032767999959,7.205559926999968,,,0.0003439986493388
synthetic_true_func_2d_ntrain300000000,300000000,1e-05,plain_cg,cg_baseline,plain_cg,original/default,,,,,,,,,,11279,,,12.27285190299972,15.26280300899998,,,0.0017288214752515
synthetic_true_func_2d_ntrain300000000,300000000,1e-05,topk_1024,inverse,btab_auto_topk_1024,c1,,,1024.0,1225.0,0.0,0.0,0.0,,,3,3.0,0.0403354000000035,0.0474968800001533,1.5474840090000723,5.822799994348316e-05,1.547542237000016,0.000564988381739
synthetic_true_func_2d_ntrain300000000,300000000,1e-05,topk_10240,inverse,btab_auto_topk_10240,c1,,,10240.0,13225.0,22496.0,321.38903989505314,1361274.553738643,,,115,115.0,7.316242779999811,7.734957166000186,9.266276590000416,0.0002942450000773,9.266570835000492,0.0017384281834783
synthetic_true_func_2d_ntrain300000000,300000000,1e-05,topk_2048,inverse,btab_auto_topk_2048,c1,,,2048.0,2601.0,33120.0,16364.323522779074,18906336.02099381,,,508,508.0,0.2109989249997852,1.0351705420002872,2.5666972230001197,0.0003397659997972,2.5670369889999165,0.0017384395840084
synthetic_true_func_2d_ntrain300000000,300000000,1e-05,topk_20480,boxeig,btab_boxeig_topk_20480_q192,c1,,192.0,20480.0,25921.0,9800.0,61.117451836373945,245733.59308476432,894647.5748253191,3.049541706882105e-14,1695,1695.0,0.4399725399998715,3.375762634000239,4.906557043000248,0.081995101999837,4.988552145000085,0.0017383919906588
synthetic_true_func_2d_ntrain300000000,300000000,1e-05,topk_20480,boxeig,btab_boxeig_topk_20480_q256,c1,,256.0,20480.0,25921.0,9800.0,61.117451836373945,245733.59308476432,450661.82471153536,3.4559394754224694e-14,1196,1196.0,0.5018404130000818,2.60523787000011,4.135112892000052,0.1080230439997649,4.243135935999817,0.0017384909726179
synthetic_true_func_2d_ntrain300000000,300000000,1e-05,topk_20480,boxeig,btab_boxeig_topk_20480_q320,c1,,320.0,20480.0,25921.0,9800.0,61.117451836373945,245733.59308476432,269202.89736935875,6.876127724880026e-14,919,919.0,0.6346484850000707,2.271974567000143,3.8019642290000775,0.1345937189998949,3.936557947999973,0.0017382787528091
synthetic_true_func_2d_ntrain300000000,300000000,1e-05,topk_20480,boxeig,btab_boxeig_topk_20480_q384,c1,,384.0,20480.0,25921.0,9800.0,61.117451836373945,245733.59308476432,172611.0008297925,8.475871934968604e-14,686,686.0,1.48890908400017,2.74042326100016,4.270771229000275,0.1612092919999668,4.431980521000241,0.0017380000239987
synthetic_true_func_2d_ntrain300000000,300000000,1e-05,topk_20480,boxeig,btab_boxeig_topk_20480_q448,c1,,448.0,20480.0,25921.0,9800.0,61.117451836373945,245733.59308476432,120337.75889358492,2.963874224616543e-13,555,555.0,2.774941026000306,3.842819741999847,5.37288375900016,0.1881559590001416,5.561039718000302,0.0017378769787195
synthetic_true_func_2d_ntrain300000000,300000000,1e-05,topk_256,boxeig,btab_boxeig_topk_256_q64,c1,,64.0,256.0,361.0,864.0,41989.68361803287,1369995.9262617128,4512156.210841661,7.095058988075882e-15,1547,1547.0,0.3626165260000107,2.975632949000101,4.47541376900017,0.0265371090001735,4.501950878000343,0.000559170012536
synthetic_true_func_2d_ntrain300000000,300000000,1e-05,topk_25720,boxeig,btab_boxeig_topk_25720_q192,c1,,192.0,25720.0,32761.0,2960.0,34.22564399829071,55168.59487875234,894647.7962075799,2.3804733540987452e-14,1855,1855.0,1.2733882589996028,4.501267867000024,6.031442756999695,0.0788955759999225,6.110338332999618,0.0017385236821581
synthetic_true_func_2d_ntrain300000000,300000000,1e-05,topk_25720,boxeig,btab_boxeig_topk_25720_q256,c1,,256.0,25720.0,32761.0,2960.0,34.22564399829071,55168.59487875234,450662.0272498232,6.131515265299625e-14,1322,1322.0,1.8855153419999624,4.310455757,5.840517008999996,0.1043259990001388,5.944843008000134,0.0017386670248911
synthetic_true_func_2d_ntrain300000000,300000000,1e-05,topk_25720,boxeig,btab_boxeig_topk_25720_q320,c1,,320.0,25720.0,32761.0,2960.0,34.22564399829071,55168.59487875234,269203.1156661136,9.703656077623573e-14,1006,1006.0,0.8865656080001827,2.793231500999809,4.323003920000247,0.1302515850002237,4.45325550500047,0.0017385786171
synthetic_true_func_2d_ntrain300000000,300000000,1e-05,topk_25720,boxeig,btab_boxeig_topk_25720_q384,c1,,384.0,25720.0,32761.0,2960.0,34.22564399829071,55168.59487875234,172611.22440773563,1.3068273482121733e-13,758,758.0,2.1032725639997807,3.541082120000283,5.0713373130001855,0.1526030369996078,5.223940349999793,0.0017384054143436
synthetic_true_func_2d_ntrain300000000,300000000,1e-05,topk_25720,boxeig,btab_boxeig_topk_25720_q448,c1,,448.0,25720.0,32761.0,2960.0,34.22564399829071,55168.59487875234,120337.99207820647,2.1561252980584643e-13,618,618.0,2.461347088000366,3.665760649000276,5.196136363000278,0.1793154150000191,5.375451778000297,0.0017386895767752
synthetic_true_func_2d_ntrain300000000,300000000,1e-05,topk_35721,boxeig,btab_boxeig_topk_35721_q192,c1,,192.0,35721.0,35721.0,0.0,0.0,0.0,894647.8466059169,4.3890853912926165e-14,1169,1169.0,0.5224269939999431,2.5509219569999004,4.080714472999716,0.0837329289997796,4.164447401999496,0.0017389579927098
synthetic_true_func_2d_ntrain300000000,300000000,1e-05,topk_35721,boxeig,btab_boxeig_topk_35721_q256,c1,,256.0,35721.0,35721.0,0.0,0.0,0.0,450662.0729567726,4.914467329451041e-14,812,812.0,0.6882156980000218,2.190571267999985,3.721012037000037,0.1088452200001484,3.829857257000185,0.001739242701123
synthetic_true_func_2d_ntrain300000000,300000000,1e-05,topk_35721,boxeig,btab_boxeig_topk_35721_q320,c1,,320.0,35721.0,35721.0,0.0,0.0,0.0,269203.1646657804,1.1882118464693532e-13,639,639.0,0.6324750220001079,1.8211877140001889,3.350994570000239,0.139150865999909,3.490145436000148,0.0017391945374428
synthetic_true_func_2d_ntrain300000000,300000000,1e-05,topk_35721,boxeig,btab_boxeig_topk_35721_q384,c1,,384.0,35721.0,35721.0,0.0,0.0,0.0,172611.27469039397,7.174857848380188e-14,503,503.0,0.7531615050002074,1.6969655170000806,3.226632717000029,0.1633058600000367,3.3899385770000663,0.0017390671804463
synthetic_true_func_2d_ntrain300000000,300000000,1e-05,topk_35721,boxeig,btab_boxeig_topk_35721_q448,c1,,448.0,35721.0,35721.0,0.0,0.0,0.0,120338.04541007533,3.7249758787145145e-13,409,409.0,0.91529656099965,1.7180232119999346,3.2486469350001244,0.1890483300003325,3.437695265000457,0.0017393670865169
synthetic_true_func_2d_ntrain300000000,300000000,1e-05,topk_4096,inverse,btab_auto_topk_4096,c1,,,4096.0,5329.0,30392.0,2951.563401371989,6372419.880379709,,,246,246.0,0.8815308040002492,1.3445669650000127,2.876717670999824,0.0003514289996928,2.8770690999995168,0.0017384730313509
synthetic_true_func_2d_ntrain300000000,300000000,1e-05,topk_512,boxeig,btab_boxeig_topk_512_q128,c1,,128.0,512.0,625.0,600.0,248.7941398093209,7451.295978545698,212670.4979324993,1.1949916834711692e-13,508,508.0,0.2982387560000461,1.159949043000097,2.659631906999948,0.050986506000072,2.71061841300002,0.0005646091316522
synthetic_true_func_2d_ntrain300000000,300000000,1e-05,topk_512,inverse,btab_auto_topk_512,c1,,,512.0,625.0,600.0,248.7941398093209,7451.295978545698,,,79,79.0,0.0119397700000263,0.1555865600000743,1.655113928999981,0.0001901949999592,1.6553041239999402,0.0005649614805181
synthetic_true_func_2d_ntrain300000000,300000000,1e-05,topk_768,boxeig,btab_boxeig_topk_768_q128,c1,,128.0,768.0,961.0,264.0,0.3868140743360568,10.924850578839887,212674.057570858,2.005553056082856e-13,360,360.0,0.2855121729999155,0.8989711889998944,2.3982512809998298,0.0505511060000571,2.448802386999887,0.0005656124342513
synthetic_true_func_2d_ntrain300000000,300000000,1e-05,topk_8192,inverse,btab_auto_topk_8192,c1,,,8192.0,10609.0,25112.0,552.0105234307591,2044451.55891066,,,137,137.0,3.72730379099994,4.130015401000037,5.661657769000158,0.0002932359998339,5.661951004999992,0.00173838639701
