M,S_kind,active_mode,active_size,active_tau,active_topk,box_memory_bytes,box_radii,box_shape,box_size,btab_active_mode,btab_active_size_raw,btab_active_tau,btab_active_topk,btab_box_budget,btab_box_size,btab_diagnostic_mode,btab_diagnostic_power_iter,btab_diagnostic_tol,btab_eig_apply_batch_cols,btab_eig_backend,btab_eig_eig_residual_max,btab_eig_eig_residual_median,btab_eig_maxiter,btab_eig_n_ABB_matvec_cols,btab_eig_n_eig_matvec,btab_eig_ncv,btab_eig_ncv_actual,btab_eig_q,btab_eig_size_S,btab_eig_size_T,btab_eig_storage_bytes,btab_eig_theta_q1,btab_eig_theta_q1_over_sigma2,btab_eig_tol,btab_exact_apply_mode,btab_exact_box_max_size,btab_experiment_route,btab_inner_maxiter,btab_inner_precond,btab_inner_tol,btab_outer_gmres_restart,btab_outer_solver,btab_route_group,btab_solve_mode,cg_iters,cg_n_matvec,cg_relres,chol_memory_bytes,chunk_size,coord_nystrom_gamma,dataset_dim,dataset_stem,debug_finite_checks,device_name,diagnostic_mode,diagnostic_n_ASS_matvec,diagnostic_n_A_matvec,diagnostic_n_eig_matvec,diagnostic_n_matvec,diagnostic_n_power_iter,diagnostic_n_precond,dim,efgp_matrix_dim,eig_block_size,eig_n_iter,eig_nystrom_kernel_s,eig_residual_cols_rel,eig_residual_fro,eig_residual_fro_rel,eig_residual_max,eig_residual_median,eigen_apply_A_block_calls,eigen_n_matvec,eigen_t_matvec_avg,eigen_t_matvec_total,eps,exact_apply_mode,gamma,has_nufft,injected_eps_coord_topq,inner_last_relres,inner_max_iters,inner_maxiter,inner_precond,inner_tol,inner_total_iters,inner_total_matvec,inner_total_precond,inverse_memory_bytes,is_warmup,iterations,kernel_family,kernel_lengthscale,kernel_nu,kernel_variance,lambda1_coord_nystrom,local_fft_memory_bytes,maxiter,method,mtot,n_matvec,n_precond,n_test,n_train,non_v1_maxiter,nufft_backend,nufft_stage,outer_gmres_restart,outer_iters,outer_relres,outer_solver,outer_status,precond_apply_calls,precond_kind,profile_components,reg_lambda,repeat_idx,rho_max_T,rmse_test,rmse_train,run_seed,sigma2_equiv_reg_lambda,solve_mode,status,surrogate_tag,t_matvec_avg,t_matvec_total,t_precond_avg,t_precond_total,tail_energy,tail_size,theta_coord_topq,theta_q1_over_sigma2,time_active_set,time_box_gather_avg,time_box_gather_total,time_box_scatter_avg,time_box_scatter_total,time_box_solve_avg,time_box_solve_total,time_build_Ag,time_build_box_matrix,time_build_inverse,time_build_local_fft,time_cholesky,time_diag_avg,time_diag_total,time_eig_setup,time_eigenspace,time_post_diagnostics,time_precompute,time_precond_build,time_predict,time_solve,time_symmetrize_regularize,time_total,time_total_with_diagnostics,tol,top_q,v1_maxiter,version
35721,,,,,,,,,,,,,,,,,,,,,,,,,,,,,,,,,,,,,group_a,,,,,,group_a,,2730,2731,8.862889772158892e-08,,,,2,synthetic_true_func_2d_ntrain3000000,False,NVIDIA A100-SXM4-40GB,,,,,,,,2,35721,,,,,,,,,0,0,,,1e-05,,,True,,,,,,,,,,,False,2730.0,matern,0.1,1.5,1.0,,,80000,plain_cg,189,2731,,750000,3000000,3500,cufinufft,cufinufft,,,,,,,,True,0.1,0,,0.013059860423418368,0.2995625807102219,0,,,ok,,0.0010420097396545696,2.8457285989966294,,,,,,,,,,,,,,,,,,,,,,,,2.1933362289998968,,0.01881468099986705,4.7014158080000925,,6.894754121999995,,1e-07,,80000,v1
35721,,,,,,,,,,,,,,,,,,,,,,,,,,,,,,,,,,,,,group_a,,,,,,group_a,,966,967,7.731996640589366e-08,,,nan,2,synthetic_true_func_2d_ntrain3000000,False,NVIDIA A100-SXM4-40GB,,,,,,,,2,35721,72,3,nan,,4818.465106373191,0.01114283131216293,,,5,352,0.0011702108599922873,0.41191422271728517,1e-05,,,True,[],,,,,,,,,,False,966.0,matern,0.1,1.5,1.0,nan,,3500,eigenpro_pcg_q64,189,967,966,750000,3000000,3500,cufinufft,binned_c1,,,,,,,full_eigenpro,True,0.1,0,,0.013122052600550495,0.29956118488243116,0,,,ok,,0.0006442144643229314,0.6229553870002746,0.00019803651345323082,0.19130327199582098,,,[],,,,,,,,,,,,,,,,,1.9547724679998737,,2.0330911560001823,0.45315005600014047,0.01875572199992348,1.4250076989999343,,5.866021379000131,,1e-07,64,80000,v3
35721,,,,,,,,,,,,,,,,,,,,,,,,,,,,,,,,,,,,,group_a,,,,,,group_a,,522,523,9.372678429858196e-08,,,nan,2,synthetic_true_func_2d_ntrain3000000,False,NVIDIA A100-SXM4-40GB,,,,,,,,2,35721,136,3,nan,,1818.1750961524688,0.00418903024668536,,,5,672,0.0005231984683445523,0.3515893707275391,1e-05,,,True,[],,,,,,,,,,False,522.0,matern,0.1,1.5,1.0,nan,,3500,eigenpro_pcg_q128,189,523,522,750000,3000000,3500,cufinufft,binned_c1,,,,,,,full_eigenpro,True,0.1,0,,0.01312202234673273,0.2995611853572381,0,,,ok,,0.0006408967495204936,0.33518899999921814,0.00020889741570933448,0.1090444510002726,,,[],,,,,,,,,,,,,,,,,0.42810187300005964,,0.04230840199988961,0.0003235379999750876,0.01746565799999189,0.7743961710000349,,1.2451299839999592,,1e-07,128,80000,v3
35721,,,,,,,,,,,,,,,,,,,,,,,,,,,,,,,,,,,,,group_a,,,,,,group_a,,257,258,9.546998252008245e-08,,,nan,2,synthetic_true_func_2d_ntrain3000000,False,NVIDIA A100-SXM4-40GB,,,,,,,,2,35721,264,3,nan,,564.253286369952,0.0012994463398018534,,,5,1312,0.0005424187241531,0.7116533660888672,1e-05,,,True,[],,,,,,,,,,False,257.0,matern,0.1,1.5,1.0,nan,,3500,eigenpro_pcg_q256,189,258,257,750000,3000000,3500,cufinufft,binned_c1,,,,,,,full_eigenpro,True,0.1,0,,0.013122017825118949,0.2995611855601407,0,,,ok,,0.0006397606085290467,0.16505823700049405,0.0003263878793678993,0.08388168499755011,,,[],,,,,,,,,,,,,,,,,0.8506208939998032,,0.035742442000127994,0.0003034460000890249,0.0173470360000465,0.4120603559999836,,1.2987271380000038,,1e-07,256,80000,v3
35721,,,,,,,,,,,,,,,,,,,,,,,,,,,,,,,,,,,,,group_a,,,,,,group_a,,195,196,9.550586390406659e-08,,,nan,2,synthetic_true_func_2d_ntrain3000000,False,NVIDIA A100-SXM4-40GB,,,,,,,,2,35721,328,3,nan,,374.75921380197485,0.0008630305605405253,,,5,1632,0.0005487698760687136,0.8955924377441407,1e-05,,,True,[],,,,,,,,,,False,195.0,matern,0.1,1.5,1.0,nan,,3500,eigenpro_pcg_q320,189,196,195,750000,3000000,3500,cufinufft,binned_c1,,,,,,,full_eigenpro,True,0.1,0,,0.013122023318233518,0.2995611860549495,0,,,ok,,0.0006542932703932449,0.128241480997076,0.0003779753794834762,0.07370519899927785,,,[],,,,,,,,,,,,,,,,,1.074100518000023,,0.036465166999960275,0.0003323210000871768,0.017589302000033058,0.33050935000005666,,1.441407356000127,,1e-07,320,80000,v3
35721,,,,,,,,,,,,,,,,,,,,,,,,,,,,,,,,,,,,,group_a,,,,,,group_a,,157,158,9.692988083008428e-08,,,nan,2,synthetic_true_func_2d_ntrain3000000,False,NVIDIA A100-SXM4-40GB,,,,,,,,2,35721,392,3,nan,,272.50651275308735,0.0006275477932611376,,,5,1952,0.0005694405211776984,1.1115478973388673,1e-05,,,True,[],,,,,,,,,,False,157.0,matern,0.1,1.5,1.0,nan,,3500,eigenpro_pcg_q384,189,158,157,750000,3000000,3500,cufinufft,binned_c1,,,,,,,full_eigenpro,True,0.1,0,,0.013122048279875767,0.2995611863685592,0,,,ok,,0.0006543965696163802,0.10339465799938807,0.0004255186305825446,0.0668064250014595,,,[],,,,,,,,,,,,,,,,,1.3246633860001111,,0.036561764999987645,0.0003150009999899339,0.017432849999977407,0.27457445400000324,,1.636114606000092,,1e-07,384,80000,v3
35721,,,,,,,,,,,,,,,,,,,,,,,,,,,,,,,,,,,,,group_a,,,,,,group_a,,131,132,9.205579518297913e-08,,,nan,2,synthetic_true_func_2d_ntrain3000000,False,NVIDIA A100-SXM4-40GB,,,,,,,,2,35721,456,3,nan,,204.0505160781059,0.00046990041558644664,,,5,2272,0.000568361027140013,1.2913162536621094,1e-05,,,True,[],,,,,,,,,,False,131.0,matern,0.1,1.5,1.0,nan,,3500,eigenpro_pcg_q448,189,132,131,750000,3000000,3500,cufinufft,binned_c1,,,,,,,full_eigenpro,True,0.1,0,,0.013122043709675138,0.2995611865144558,0,,,ok,,0.0006429303484851241,0.08486680600003638,0.0004820560992228619,0.06314934899819491,,,[],,,,,,,,,,,,,,,,,1.5475735810000515,,0.036360961000127645,0.0003191579999111127,0.01740234099997906,0.23429721799993786,,1.818550918000028,,1e-07,448,80000,v3
35721,expanded_box,topk,512,,512,0,"[12, 12]","[25, 25]",625,topk,512,,512,80000,625,cheap,30,0.01,,,,,,,,,,,,,,,,,inverse,20000,group_a,50,diag,0.001,50,auto,group_a,auto,359,360,9.643510536141103e-08,0,,,2,synthetic_true_func_2d_ntrain3000000,False,NVIDIA A100-SXM4-40GB,cheap,0,0,0,0,0,0,2,35721,,,,,,,,,,,,,1e-05,inverse,2999999.999996535,True,,nan,0,50,diag,0.001,0,0,0,6250000,False,359.0,matern,0.1,1.5,1.0,,0,3500,btab_auto_topk_512,189,360,359,750000,3000000,3500,cufinufft,binned_c1,50,359,9.643510536141103e-08,pcg,converged,359,,True,0.1,0,3940.5524016829067,0.013121978226499671,0.29956118484378114,0,0.1,exact,ok,,0.0006404760305504926,0.23057137099817737,0.0002648028746541025,0.09506423200082281,1388670.8245110956,35096,,,0.008107401999950525,4.560466016321047e-05,0.016372072998592557,4.2380810586854695e-05,0.015214711000680836,7.6550701955371e-05,0.027481702001978192,0.757920939999849,0.3908822569999302,0.12635028399995463,0.0,0.13703040099994723,5.765676602237353e-05,0.020698779002032097,,,0.000279432000070301,0.03650415199990675,1.2387477160000344,0.018309623000050124,1.7879313440000715,0.10365799800001696,1.8244354959999782,1.8247149280000485,1e-07,,80000,v6_btab
35721,expanded_box,topk,728,,728,0,"[15, 15]","[31, 31]",961,topk,728,,728,80000,961,cheap,30,0.01,,,,,,,,,,,,,,,,,inverse,20000,group_a,50,diag,0.001,50,auto,group_a,auto,283,284,7.676367591187731e-08,0,,,2,synthetic_true_func_2d_ntrain3000000,False,NVIDIA A100-SXM4-40GB,cheap,0,0,0,0,0,0,2,35721,,,,,,,,,,,,,1e-05,inverse,2999999.999996535,True,,nan,0,50,diag,0.001,0,0,0,14776336,False,283.0,matern,0.1,1.5,1.0,,0,3500,btab_auto_topk_728,189,284,283,750000,3000000,3500,cufinufft,binned_c1,50,283,7.676367591187731e-08,pcg,converged,283,,True,0.1,0,1580.874360297487,0.013121992917067888,0.2995611843356442,0,0.1,exact,ok,,0.0006433171654903867,0.18270207499926983,0.0002745381236707692,0.07769428899882769,781433.9513283625,34760,,,0.001519411999879594,4.6424742057279733e-05,0.013138202002210164,4.2585826863952226e-05,0.01205178900249848,8.47602261519858e-05,0.023987144001011984,0.03168976000006296,0.026319342000078905,0.00272526799994921,0.0,0.0023550800001430616,5.832784805604877e-05,0.016506780999861803,,,0.0002708650001750357,0.0428651820000141,0.03419710000002851,0.018428694000022006,0.47283510200009005,0.0002900699998917844,0.5157002840001041,0.5159711490002792,1e-07,,80000,v6_btab
35721,expanded_box,topk,1024,,1024,0,"[18, 18]","[37, 37]",1369,topk,1024,,1024,80000,1369,cheap,30,0.01,,,,,,,,,,,,,,,,,inverse,20000,group_a,50,diag,0.001,50,auto,group_a,auto,188,189,8.550675091178785e-08,0,,,2,synthetic_true_func_2d_ntrain3000000,False,NVIDIA A100-SXM4-40GB,cheap,0,0,0,0,0,0,2,35721,,,,,,,,,,,,,1e-05,inverse,2999999.999996535,True,,nan,0,50,diag,0.001,0,0,0,29986576,False,188.0,matern,0.1,1.5,1.0,,0,3500,btab_auto_topk_1024,189,189,188,750000,3000000,3500,cufinufft,binned_c1,50,188,8.550675091178785e-08,pcg,converged,188,,True,0.1,0,720.4550589697357,0.013122009005758436,0.29956118438100676,0,0.1,exact,ok,,0.0006414585820046283,0.12123567199887475,0.0002882479255233309,0.05419060999838621,477730.6417516551,34352,,,0.0015332650000345893,4.5686792557649395e-05,0.008589117000838087,4.324676594957596e-05,0.008130391998520281,9.920691489609686e-05,0.01865090000046621,0.05605284800003574,0.047500594999974055,0.0044956140000067535,0.0,0.003481696000108059,5.79138776619731e-05,0.010887809000450943,,,0.0002911599999606551,0.04289368000013383,0.05855308800005332,0.018262817000049836,0.35168181299991375,0.0005749429999468703,0.3945754930000476,0.3948666530000082,1e-07,,80000,v6_btab
35721,expanded_box,topk,2048,,2048,0,"[25, 25]","[51, 51]",2601,topk,2048,,2048,80000,2601,cheap,30,0.01,,,,,,,,,,,,,,,,,inverse,20000,group_a,50,diag,0.001,50,auto,group_a,auto,111,112,7.604007229809243e-08,0,,,2,synthetic_true_func_2d_ntrain3000000,False,NVIDIA A100-SXM4-40GB,cheap,0,0,0,0,0,0,2,35721,,,,,,,,,,,,,1e-05,inverse,2999999.999996535,True,,nan,0,50,diag,0.001,0,0,0,108243216,False,111.0,matern,0.1,1.5,1.0,,0,3500,btab_auto_topk_2048,189,112,111,750000,3000000,3500,cufinufft,binned_c1,50,111,7.604007229809243e-08,pcg,converged,111,,True,0.1,0,163.64303525919675,0.013121999153497635,0.2995611842555524,0,0.1,exact,ok,,0.000635949089269973,0.07122629799823699,0.00034803978379542214,0.03863241600129186,189063.12167941674,33120,,,0.0016558099998746911,4.7380603602816645e-05,0.005259246999912648,4.36430900868095e-05,0.0048443829996358545,0.0001574315765599356,0.01747490499815285,0.21198804899995594,0.18363849899992601,0.01785359099994821,0.0,0.008926659000053405,5.7767900902494604e-05,0.006412237000176901,,,0.00025792000019464467,0.04269872299983035,0.2146163150000575,0.018176826999933837,0.3938865490001717,0.0015693000000283064,0.4365852720000021,0.4368431920001967,1e-07,,80000,v6_btab
35721,expanded_box,topk,4096,,4096,0,"[36, 36]","[73, 73]",5329,topk,4096,,4096,80000,5329,cheap,30,0.01,,,,,,,,,,,,,,,,,inverse,20000,group_a,50,diag,0.001,50,auto,group_a,auto,54,55,9.800450035288062e-08,0,,,2,synthetic_true_func_2d_ntrain3000000,False,NVIDIA A100-SXM4-40GB,cheap,0,0,0,0,0,0,2,35721,,,,,,,,,,,,,1e-05,inverse,2999999.999996535,True,,nan,0,50,diag,0.001,0,0,0,454371856,False,54.0,matern,0.1,1.5,1.0,,0,3500,btab_auto_topk_4096,189,55,54,750000,3000000,3500,cufinufft,binned_c1,50,54,9.800450035288062e-08,pcg,converged,54,,True,0.1,0,29.515596663265637,0.013122027481067475,0.2995611840826372,0,0.1,exact,ok,,0.0006405944909230047,0.035232697000765256,0.0006079034999991698,0.03282678899995517,63724.11692227467,30392,,,0.0018341459999646759,4.436905554164831e-05,0.0023959289992490085,4.454761111631982e-05,0.0024055710002812702,0.0004199562407283911,0.022677636999333117,1.0181344709999394,0.8648324599998887,0.11613438799986397,0.0,0.031189097000151378,5.588348149861607e-05,0.0030177080009252677,,,0.0002764480000223557,0.042997036000087974,1.021065536000151,0.01741498599994884,1.1230179240001235,0.005978526000035345,1.1660149600002114,1.1662914080002338,1e-07,,80000,v6_btab
35721,expanded_box,topk,2048,,2048,0,"[25, 25]","[51, 51]",2601,topk,2048,,2048,80000,2601,cheap,30,0.01,,cupy,2.7940472873390746e-14,1.8961531610826355e-15,960,418,418,,418,192,2601,33120,7993344,894.5960852111989,8945.960852111988,0.001,boxeig,20000,group_a,50,diag,0.001,50,auto,group_a,boxeig,376,377,9.438958648197573e-08,0,,,2,synthetic_true_func_2d_ntrain3000000,False,NVIDIA A100-SXM4-40GB,cheap,192,0,192,192,0,0,2,35721,,,,,,,2.7940472873390746e-14,1.8961531610826355e-15,,,,,1e-05,boxeig,2999999.999996535,True,,nan,0,0,,nan,0,0,0,0,False,376.0,matern,0.1,1.5,1.0,,163216,3500,btab_boxeig_topk_2048_q192,189,377,376,750000,3000000,3500,cufinufft,binned_c1,50,376,9.438958648197573e-08,pcg,converged,376,,True,0.1,0,163.64303525919675,0.013122015758592672,0.29956118587339226,0,0.1,boxeig,ok,,0.0006451711856786293,0.24322953700084327,0.00041552575266978043,0.15623768300383745,189063.12167941674,33120,,8945.960852111988,0.001618615999859685,4.5849242020325467e-05,0.017239314999642374,3.9742994685416593e-05,0.01494336600171664,0.0002294946037192829,0.08628997099845037,1.4865299950001827,0.0,0.0,0.04994186600015382,0.0,5.866758510759164e-05,0.02205901200045446,1.4365881290000289,,0.7877967760000502,0.036148611000044184,1.5937558359999002,0.01828110899987223,2.22891642400009,0.0,2.2650650350001342,3.0528618110001844,1e-07,,80000,v7_btab_boxeig
35721,expanded_box,topk,4096,,4096,0,"[36, 36]","[73, 73]",5329,topk,4096,,4096,80000,5329,cheap,30,0.01,,cupy,5.0891321537052346e-14,1.825845233383448e-15,960,418,418,,418,192,5329,30392,16373760,894.8925042257508,8948.925042257508,0.001,boxeig,20000,group_a,50,diag,0.001,50,auto,group_a,boxeig,432,433,9.823522016950928e-08,0,,,2,synthetic_true_func_2d_ntrain3000000,False,NVIDIA A100-SXM4-40GB,cheap,192,0,192,192,0,0,2,35721,,,,,,,5.0891321537052346e-14,1.825845233383448e-15,,,,,1e-05,boxeig,2999999.999996535,True,,nan,0,0,,nan,0,0,0,0,False,432.0,matern,0.1,1.5,1.0,,336400,3500,btab_boxeig_topk_4096_q192,189,433,432,750000,3000000,3500,cufinufft,binned_c1,50,432,9.823522016950928e-08,pcg,converged,432,,True,0.1,0,29.515596663265637,0.013122052247427471,0.2995611854888321,0,0.1,boxeig,ok,,0.000658792401841216,0.2852571099972465,0.0004376003888890207,0.18904336800005694,63724.11692227467,30392,,8948.925042257508,0.0018223130000478704,4.70834791736218e-05,0.020340063003004616,4.04758009259004e-05,0.017485545999988972,0.0002487723958400541,0.10746967500290339,0.4987887480001518,0.0,0.0,0.13470269499998722,0.0,5.850745601829085e-05,0.02527522099990165,0.3640860530001646,,0.07811599100000421,0.04271151500006454,0.501114090000101,0.01836673200000405,1.2511023059998934,0.0,1.293813820999958,1.3719298119999621,1e-07,,80000,v7_btab_boxeig
35721,expanded_box,topk,4096,,4096,0,"[36, 36]","[73, 73]",5329,topk,4096,,4096,80000,5329,cheap,30,0.01,,cupy,2.9424145210736764e-14,3.5298432766067992e-15,1280,546,546,,546,256,5329,30392,21831680,451.07122971572727,4510.712297157273,0.001,boxeig,20000,group_a,50,diag,0.001,50,auto,group_a,boxeig,306,307,9.57574931501052e-08,0,,,2,synthetic_true_func_2d_ntrain3000000,False,NVIDIA A100-SXM4-40GB,cheap,256,0,256,256,0,0,2,35721,,,,,,,2.9424145210736764e-14,3.5298432766067992e-15,,,,,1e-05,boxeig,2999999.999996535,True,,nan,0,0,,nan,0,0,0,0,False,306.0,matern,0.1,1.5,1.0,,336400,3500,btab_boxeig_topk_4096_q256,189,307,306,750000,3000000,3500,cufinufft,binned_c1,50,306,9.57574931501052e-08,pcg,converged,306,,True,0.1,0,29.515596663265637,0.013121990343629352,0.2995611860027581,0,0.1,boxeig,ok,,0.0006676058273609646,0.20495498899981612,0.0004445510719045582,0.1360326280027948,63724.11692227467,30392,,4510.712297157273,0.0018811889999597042,4.6966529410032655e-05,0.014371757999469992,4.1143179736257306e-05,0.012589812999294736,0.0002520417712457262,0.07712478200119222,1.6674501040001815,0.0,0.0,0.0010414110001875088,0.0,6.167706862627895e-05,0.018873182999641358,1.666408692999994,,0.10073004800005947,0.0419601920000332,1.6698247030001312,0.01811226299992086,2.2067683860000216,0.0,2.2487285780000548,2.3494586260001142,1e-07,,80000,v7_btab_boxeig
35721,expanded_box,topk,8192,,8192,0,"[51, 51]","[103, 103]",10609,topk,8192,,8192,80000,10609,cheap,30,0.01,,cupy,3.571157969859458e-14,2.09112073068639e-15,960,418,418,,418,192,10609,25112,32593920,894.9358153611586,8949.358153611585,0.001,boxeig,20000,group_a,50,diag,0.001,50,auto,group_a,boxeig,468,469,9.552986693862087e-08,0,,,2,synthetic_true_func_2d_ntrain3000000,False,NVIDIA A100-SXM4-40GB,cheap,192,0,192,192,0,0,2,35721,,,,,,,3.571157969859458e-14,2.09112073068639e-15,,,,,1e-05,boxeig,2999999.999996535,True,,nan,0,0,,nan,0,0,0,0,False,468.0,matern,0.1,1.5,1.0,,672400,3500,btab_boxeig_topk_8192_q192,189,469,468,750000,3000000,3500,cufinufft,binned_c1,50,468,9.552986693862087e-08,pcg,converged,468,,True,0.1,0,5.520098129764041,0.013122004628483558,0.29956118563831013,0,0.1,boxeig,ok,,0.0006947815309171917,0.3258525380001629,0.0004587620128176178,0.21470062199864515,20444.489090890373,25112,,8949.358153611585,0.0022404479998385796,4.7138393157692764e-05,0.022060767997800212,4.117591880471953e-05,0.019270330000608737,0.00026166144658062854,0.12245755699973415,0.6546073120000528,0.0,0.0,0.0016240820000348322,0.0,5.892575214285634e-05,0.027577252002856767,0.652983230000018,,0.07877452799993989,0.042442346000143516,0.6573838009999236,0.018195953000031295,1.502401659999805,0.0,1.5448440059999484,1.6236185339998883,1e-07,,80000,v7_btab_boxeig
35721,expanded_box,topk,8192,,8192,0,"[51, 51]","[103, 103]",10609,topk,8192,,8192,80000,10609,cheap,30,0.01,,cupy,3.120599972071411e-14,4.396497330172961e-15,1280,546,546,,546,256,10609,25112,43458560,451.1102249982382,4511.102249982382,0.001,boxeig,20000,group_a,50,diag,0.001,50,auto,group_a,boxeig,334,335,9.686248663002356e-08,0,,,2,synthetic_true_func_2d_ntrain3000000,False,NVIDIA A100-SXM4-40GB,cheap,256,0,256,256,0,0,2,35721,,,,,,,3.120599972071411e-14,4.396497330172961e-15,,,,,1e-05,boxeig,2999999.999996535,True,,nan,0,0,,nan,0,0,0,0,False,334.0,matern,0.1,1.5,1.0,,672400,3500,btab_boxeig_topk_8192_q256,189,335,334,750000,3000000,3500,cufinufft,binned_c1,50,334,9.686248663002356e-08,pcg,converged,334,,True,0.1,0,5.520098129764041,0.013122024948217223,0.2995611855883199,0,0.1,boxeig,ok,,0.0006609503402893069,0.22141836399691783,0.0004308824970052457,0.14391475399975207,20444.489090890373,25112,,4511.102249982382,0.002242420999891692,4.825655987778719e-05,0.016117690999180923,4.0613796406165955e-05,0.013565007999659429,0.00023980881736722319,0.08009614500065254,0.4850831610001478,0.0,0.0,0.0010581620001630654,0.0,5.925059282138185e-05,0.019789698002341538,0.48402499899998475,,0.10288415399986661,0.04312494999999217,0.4879255530001956,0.018194177999930616,1.0674042169998756,0.0,1.1105291669998678,1.2134133209997344,1e-07,,80000,v7_btab_boxeig
35721,expanded_box,topk,8192,,8192,0,"[51, 51]","[103, 103]",10609,topk,8192,,8192,80000,10609,cheap,30,0.01,,cupy,1.5368325181804405e-13,5.626593177523951e-15,1600,674,674,,674,320,10609,25112,54323200,269.4071985089766,2694.071985089766,0.001,boxeig,20000,group_a,50,diag,0.001,50,auto,group_a,boxeig,253,254,9.497288204632826e-08,0,,,2,synthetic_true_func_2d_ntrain3000000,False,NVIDIA A100-SXM4-40GB,cheap,320,0,320,320,0,0,2,35721,,,,,,,1.5368325181804405e-13,5.626593177523951e-15,,,,,1e-05,boxeig,2999999.999996535,True,,nan,0,0,,nan,0,0,0,0,False,253.0,matern,0.1,1.5,1.0,,672400,3500,btab_boxeig_topk_8192_q320,189,254,253,750000,3000000,3500,cufinufft,binned_c1,50,253,9.497288204632826e-08,pcg,converged,253,,True,0.1,0,5.520098129764041,0.013122010180397778,0.2995611863732855,0,0.1,boxeig,ok,,0.0006741886495967809,0.17124391699758235,0.0004412737944679932,0.11164227000040228,20444.489090890373,25112,,2694.071985089766,0.002209383000035814,4.8255162055859195e-05,0.012208556000132376,4.124592489349625e-05,0.010435218998054552,0.00024887844664241675,0.06296624700053144,0.6079425239997818,0.0,0.0,0.0010011209999447601,0.0,5.9697774705192806e-05,0.01510353700041378,0.606941402999837,,0.13193736900007025,0.04162374500015176,0.6107974429999103,0.018299135000006572,1.0579660819998935,0.0,1.0995898270000453,1.2315271960001155,1e-07,,80000,v7_btab_boxeig
35721,expanded_box,topk,16384,,16384,0,"[72, 72]","[145, 145]",21025,topk,16384,,16384,80000,21025,cheap,30,0.01,,cupy,5.189110990640562e-14,2.271287650030328e-15,960,418,418,,418,192,21025,14696,64591872,894.9418336941018,8949.418336941017,0.001,boxeig,20000,group_a,50,diag,0.001,50,auto,group_a,boxeig,456,457,9.811420650145876e-08,0,,,2,synthetic_true_func_2d_ntrain3000000,False,NVIDIA A100-SXM4-40GB,cheap,192,0,192,192,0,0,2,35721,,,,,,,5.189110990640562e-14,2.271287650030328e-15,,,,,1e-05,boxeig,2999999.999996535,True,,nan,0,0,,nan,0,0,0,0,False,456.0,matern,0.1,1.5,1.0,,1336336,3500,btab_boxeig_topk_16384_q192,189,457,456,750000,3000000,3500,cufinufft,binned_c1,50,456,9.811420650145876e-08,pcg,converged,456,,True,0.1,0,1.0254128453141527,0.013121977194093417,0.29956118615586097,0,0.1,boxeig,ok,,0.0006542881115860707,0.29900966699483433,0.0004493603640323647,0.2049083259987583,4825.686998984456,14696,,8949.418336941017,0.00302901700001712,4.744869517474782e-05,0.021636604999685005,4.172904825307804e-05,0.019028446003403587,0.00025893541228091027,0.11807454800009509,0.565402542000129,0.0,0.0,0.14505079200012005,0.0,5.8512642548174354e-05,0.026681765001967506,0.4203517500000089,,0.0775733109999237,0.04250313000011374,0.5691220139999587,0.01832209999997758,1.364727830999982,0.0,1.4072309610000957,1.4848042720000194,1e-07,,80000,v7_btab_boxeig
35721,expanded_box,topk,16384,,16384,0,"[72, 72]","[145, 145]",21025,topk,16384,,16384,80000,21025,cheap,30,0.01,,cupy,3.248297798857284e-14,4.264720417800186e-15,1280,546,546,,546,256,21025,14696,86122496,451.11566027395367,4511.1566027395365,0.001,boxeig,20000,group_a,50,diag,0.001,50,auto,group_a,boxeig,318,319,9.785925277915395e-08,0,,,2,synthetic_true_func_2d_ntrain3000000,False,NVIDIA A100-SXM4-40GB,cheap,256,0,256,256,0,0,2,35721,,,,,,,3.248297798857284e-14,4.264720417800186e-15,,,,,1e-05,boxeig,2999999.999996535,True,,nan,0,0,,nan,0,0,0,0,False,318.0,matern,0.1,1.5,1.0,,1336336,3500,btab_boxeig_topk_16384_q256,189,319,318,750000,3000000,3500,cufinufft,binned_c1,50,318,9.785925277915395e-08,pcg,converged,318,,True,0.1,0,1.0254128453141527,0.013121983996297703,0.29956118658547126,0,0.1,boxeig,ok,,0.0006626739373153678,0.21139298600360235,0.0004506054842792919,0.14329254400081481,4825.686998984456,14696,,4511.1566027395365,0.003026982999926986,4.696806603656314e-05,0.01493584499962708,4.028037421589113e-05,0.01280915900065338,0.00026152141194641835,0.08316380899896103,0.4890407770001275,0.0,0.0,0.0010138560000996222,0.0,5.8875588057311255e-05,0.01872243700222498,0.48802692100002787,,0.10210835799989582,0.042161629000020184,0.49283051399993383,0.017743442999972103,1.0537855860000036,0.0,1.0959472150000238,1.1980555729999196,1e-07,,80000,v7_btab_boxeig
35721,expanded_box,topk,16384,,16384,0,"[72, 72]","[145, 145]",21025,topk,16384,,16384,80000,21025,cheap,30,0.01,,cupy,1.4960621085620412e-13,5.803580573819928e-15,1600,674,674,,674,320,21025,14696,107653120,269.4135011782777,2694.135011782777,0.001,boxeig,20000,group_a,50,diag,0.001,50,auto,group_a,boxeig,243,244,9.47537280544652e-08,0,,,2,synthetic_true_func_2d_ntrain3000000,False,NVIDIA A100-SXM4-40GB,cheap,320,0,320,320,0,0,2,35721,,,,,,,1.4960621085620412e-13,5.803580573819928e-15,,,,,1e-05,boxeig,2999999.999996535,True,,nan,0,0,,nan,0,0,0,0,False,243.0,matern,0.1,1.5,1.0,,1336336,3500,btab_boxeig_topk_16384_q320,189,244,243,750000,3000000,3500,cufinufft,binned_c1,50,243,9.47537280544652e-08,pcg,converged,243,,True,0.1,0,1.0254128453141527,0.013122006105456972,0.2995611866327962,0,0.1,boxeig,ok,,0.0006642401721295919,0.16207460199962043,0.00046575989300162826,0.11317965399939567,4825.686998984456,14696,,2694.135011782777,0.0030261849999533297,4.663985596062235e-05,0.011333484998431231,4.0246868322969836e-05,0.00977998900248167,0.0002780149382725828,0.06755763000023762,0.6132204470002307,0.0,0.0,0.0010016770002039266,0.0,5.795290946663632e-05,0.014082557000392626,0.6122187700000268,,0.12541945799989662,0.039152026000010665,0.6170641720000276,0.017373507000002064,1.049633902999858,0.0,1.0887859289998687,1.2142053869997653,1e-07,,80000,v7_btab_boxeig
35721,,,,,,,,,,,,,,,,,,,,,,,,,,,,,,,,,,,,,group_a,,,,,,group_a,,1806,1807,9.178154096190151e-08,,,,2,synthetic_true_func_2d_ntrain1000000,False,NVIDIA A100-SXM4-40GB,,,,,,,,2,35721,,,,,,,,,0,0,,,1e-05,,,True,,,,,,,,,,,False,1806.0,matern,0.1,1.5,1.0,,,80000,plain_cg,189,1807,,250000,1000000,3500,cufinufft,cufinufft,,,,,,,,True,0.1,0,,0.01874327152749922,0.2990455707455419,0,,,ok,,0.0006233986878775836,1.1264814289947935,,,,,,,,,,,,,,,,,,,,,,,,0.016391659999953845,,0.009021173000064664,1.9115563309999288,,1.9279501359999358,,1e-07,,80000,v1
35721,,,,,,,,,,,,,,,,,,,,,,,,,,,,,,,,,,,,,group_a,,,,,,group_a,,628,629,9.940240217404454e-08,,,nan,2,synthetic_true_func_2d_ntrain1000000,False,NVIDIA A100-SXM4-40GB,,,,,,,,2,35721,72,3,nan,,1605.6152295806148,0.011141791463651851,,,5,352,0.0005216698104685004,0.18362777328491212,1e-05,,,True,[],,,,,,,,,,False,628.0,matern,0.1,1.5,1.0,nan,,3500,eigenpro_pcg_q64,189,629,628,250000,1000000,3500,cufinufft,binned_c1,,,,,,,full_eigenpro,True,0.1,0,,0.018934725517610235,0.2990352588691795,0,,,ok,,0.0006393182050867948,0.40213115099959396,0.00018044346497128375,0.1133184960019662,,,[],,,,,,,,,,,,,,,,,0.22674209100000553,,0.02513762399985353,0.00028858400014541985,0.008544682999854558,0.9093590249999579,,1.1615273239999624,,1e-07,64,80000,v3
35721,,,,,,,,,,,,,,,,,,,,,,,,,,,,,,,,,,,,,group_a,,,,,,group_a,,346,347,8.728845980340455e-08,,,nan,2,synthetic_true_func_2d_ntrain1000000,False,NVIDIA A100-SXM4-40GB,,,,,,,,2,35721,136,3,nan,,606.1771133751463,0.004190860289524472,,,5,672,0.0005225249585651216,0.3511367721557617,1e-05,,,True,[],,,,,,,,,,False,346.0,matern,0.1,1.5,1.0,nan,,3500,eigenpro_pcg_q128,189,347,346,250000,1000000,3500,cufinufft,binned_c1,,,,,,,full_eigenpro,True,0.1,0,,0.018934709213348583,0.2990352589938316,0,,,ok,,0.0006488093602270409,0.2251368479987832,0.00021276181212872454,0.0736155869965387,,,[],,,,,,,,,,,,,,,,,0.4189979540001332,,0.02037434899989421,0.00029091900000821624,0.00848111000004792,0.5197095579999313,,0.959372779999967,,1e-07,128,80000,v3
35721,,,,,,,,,,,,,,,,,,,,,,,,,,,,,,,,,,,,,group_a,,,,,,group_a,,167,168,9.756807003526081e-08,,,nan,2,synthetic_true_func_2d_ntrain1000000,False,NVIDIA A100-SXM4-40GB,,,,,,,,2,35721,264,3,nan,,188.16236653000587,0.0013002973950749877,,,5,1312,0.00055014946402573,0.7217960968017578,1e-05,,,True,[],,,,,,,,,,False,167.0,matern,0.1,1.5,1.0,nan,,3500,eigenpro_pcg_q256,189,168,167,250000,1000000,3500,cufinufft,binned_c1,,,,,,,full_eigenpro,True,0.1,0,,0.01893472773829851,0.2990352592171364,0,,,ok,,0.0006547997976129171,0.11000636599897007,0.00032781694611678646,0.05474543000150334,,,[],,,,,,,,,,,,,,,,,0.8597610100000566,,0.01976638699989053,0.00030955300007917685,0.008446311999932732,0.2738519790000282,,1.1536889290000545,,1e-07,256,80000,v3
35721,,,,,,,,,,,,,,,,,,,,,,,,,,,,,,,,,,,,,group_a,,,,,,group_a,,130,131,9.178107580018733e-08,,,nan,2,synthetic_true_func_2d_ntrain1000000,False,NVIDIA A100-SXM4-40GB,,,,,,,,2,35721,328,3,nan,,125.03964763214015,0.0008640666708433829,,,5,1632,0.0005599943516301173,0.9139107818603516,1e-05,,,True,[],,,,,,,,,,False,130.0,matern,0.1,1.5,1.0,nan,,3500,eigenpro_pcg_q320,189,131,130,250000,1000000,3500,cufinufft,binned_c1,,,,,,,full_eigenpro,True,0.1,0,,0.01893472363442663,0.29903525930616065,0,,,ok,,0.0006552803206050297,0.08584172199925888,0.00037673992307400814,0.048976189999621056,,,[],,,,,,,,,,,,,,,,,1.087950618999912,,0.01946411500011891,0.0003026110000519111,0.008506740000029822,0.22070829599988429,,1.328425640999967,,1e-07,320,80000,v3
35721,,,,,,,,,,,,,,,,,,,,,,,,,,,,,,,,,,,,,group_a,,,,,,group_a,,104,105,9.305347364279164e-08,,,nan,2,synthetic_true_func_2d_ntrain1000000,False,NVIDIA A100-SXM4-40GB,,,,,,,,2,35721,392,3,nan,,90.95784850739511,0.000628544092677786,,,5,1952,0.0005589277470698122,1.0910269622802735,1e-05,,,True,[],,,,,,,,,,False,104.0,matern,0.1,1.5,1.0,nan,,3500,eigenpro_pcg_q384,189,105,104,250000,1000000,3500,cufinufft,binned_c1,,,,,,,full_eigenpro,True,0.1,0,,0.018934697145884326,0.29903525954585397,0,,,ok,,0.0006395558571577047,0.067153365001559,0.00041958135576928375,0.04363646100000551,,,[],,,,,,,,,,,,,,,,,1.3033052379998935,,0.020034498000086387,0.00030807600001026003,0.008378158000141411,0.17898174299989478,,1.502629554999885,,1e-07,384,80000,v3
35721,,,,,,,,,,,,,,,,,,,,,,,,,,,,,,,,,,,,,group_a,,,,,,group_a,,86,87,9.579088852109432e-08,,,nan,2,synthetic_true_func_2d_ntrain1000000,False,NVIDIA A100-SXM4-40GB,,,,,,,,2,35721,456,3,nan,,68.18776959459872,0.0004711945516505473,,,5,2272,0.0005608265970794248,1.2741980285644532,1e-05,,,True,[],,,,,,,,,,False,86.0,matern,0.1,1.5,1.0,nan,,3500,eigenpro_pcg_q448,189,87,86,250000,1000000,3500,cufinufft,binned_c1,,,,,,,full_eigenpro,True,0.1,0,,0.018934696442164525,0.2990352597932855,0,,,ok,,0.0006393102873553498,0.055619994999915434,0.0004786981744129746,0.04116804299951582,,,[],,,,,,,,,,,,,,,,,1.5299128409999412,,0.01931896900009633,0.00029662399992957944,0.008420714000067164,0.15379890300005172,,1.7033273370000188,,1e-07,448,80000,v3
35721,expanded_box,topk,512,,512,0,"[12, 12]","[25, 25]",625,topk,512,,512,80000,625,cheap,30,0.01,,,,,,,,,,,,,,,,,inverse,20000,group_a,50,diag,0.001,50,auto,group_a,auto,250,251,9.58334347503201e-08,0,,,2,synthetic_true_func_2d_ntrain1000000,False,NVIDIA A100-SXM4-40GB,cheap,0,0,0,0,0,0,2,35721,,,,,,,,,,,,,1e-05,inverse,999999.9999990035,True,,nan,0,50,diag,0.001,0,0,0,6250000,False,250.0,matern,0.1,1.5,1.0,,0,3500,btab_auto_topk_512,189,251,250,250000,1000000,3500,cufinufft,binned_c1,50,250,9.58334347503201e-08,pcg,converged,250,,True,0.1,0,1313.5162625646642,0.01893470388398684,0.2990352585110415,0,0.1,exact,ok,,0.0006289731195275487,0.15787225300141472,0.00025483039199389166,0.06370759799847292,462889.79153952876,35096,,,0.001448830000072121,4.411293600605859e-05,0.011028234001514647,4.045729599693004e-05,0.01011432399923251,7.301423600620182e-05,0.018253559001550457,0.011407987999973557,0.008743347000063295,0.0011007379998773104,0.0,0.0013460679999752756,5.583204399590613e-05,0.013958010998976533,,,0.0002636859999256558,0.01965373300004103,0.013715235999825381,0.008385577999888483,0.38777318100005687,0.00021783500005767564,0.4074269140000979,0.40769060000002355,1e-07,,80000,v6_btab
35721,expanded_box,topk,728,,728,0,"[15, 15]","[31, 31]",961,topk,728,,728,80000,961,cheap,30,0.01,,,,,,,,,,,,,,,,,inverse,20000,group_a,50,diag,0.001,50,auto,group_a,auto,176,177,7.628879646306803e-08,0,,,2,synthetic_true_func_2d_ntrain1000000,False,NVIDIA A100-SXM4-40GB,cheap,0,0,0,0,0,0,2,35721,,,,,,,,,,,,,1e-05,inverse,999999.9999990036,True,,nan,0,50,diag,0.001,0,0,0,14776336,False,176.0,matern,0.1,1.5,1.0,,0,3500,btab_auto_topk_728,189,177,176,250000,1000000,3500,cufinufft,binned_c1,50,176,7.628879646306803e-08,pcg,converged,176,,True,0.1,0,526.9575903838531,0.01893471091083039,0.2990352588724105,0,0.1,exact,ok,,0.0006284778304981986,0.11124057599818116,0.00026082944319615433,0.04590598200252316,260477.69866000637,34760,,,0.0014701319998948748,4.336426135218765e-05,0.007632109997985026,4.125797159495257e-05,0.007261403000711653,8.129532386001095e-05,0.014307976999361927,0.02469825100001799,0.020439476999854378,0.0021788400001696573,0.0,0.0018008899999131245,5.42057727350518e-05,0.009540216001369117,,,0.00025723499993546284,0.0193070870000156,0.027064534000146523,0.00828491899983419,0.2922432780001145,0.0002790440000808303,0.3115503650001301,0.3118076000000656,1e-07,,80000,v6_btab
35721,expanded_box,topk,1024,,1024,0,"[18, 18]","[37, 37]",1369,topk,1024,,1024,80000,1369,cheap,30,0.01,,,,,,,,,,,,,,,,,inverse,20000,group_a,50,diag,0.001,50,auto,group_a,auto,130,131,9.951441996587578e-08,0,,,2,synthetic_true_func_2d_ntrain1000000,False,NVIDIA A100-SXM4-40GB,cheap,0,0,0,0,0,0,2,35721,,,,,,,,,,,,,1e-05,inverse,999999.9999990036,True,,nan,0,50,diag,0.001,0,0,0,29986576,False,130.0,matern,0.1,1.5,1.0,,0,3500,btab_auto_topk_1024,189,131,130,250000,1000000,3500,cufinufft,binned_c1,50,130,9.951441996587578e-08,pcg,converged,130,,True,0.1,0,240.15143197380397,0.018934705737126748,0.2990352584290108,0,0.1,exact,ok,,0.0006312112519127083,0.08268867400056479,0.0002781518076989624,0.03615973500086511,159243.36811658772,34352,,,0.0014814849998856516,4.344483076797937e-05,0.005647827999837318,4.1180761538201364e-05,0.0053534989999661775,9.622126923169652e-05,0.012508765000120547,0.04941634499982683,0.042556394000030195,0.003595556999925975,0.0,0.0027423659998930816,5.602383845983311e-05,0.0072830989997783036,,,0.0002772869997897942,0.019370732999959728,0.05182867200005603,0.008433167999783109,0.2501820340000904,0.0005220279999775812,0.26955276700005015,0.26983005399983995,1e-07,,80000,v6_btab
35721,expanded_box,topk,2048,,2048,0,"[25, 25]","[51, 51]",2601,topk,2048,,2048,80000,2601,cheap,30,0.01,,,,,,,,,,,,,,,,,inverse,20000,group_a,50,diag,0.001,50,auto,group_a,auto,72,73,8.676979400596672e-08,0,,,2,synthetic_true_func_2d_ntrain1000000,False,NVIDIA A100-SXM4-40GB,cheap,0,0,0,0,0,0,2,35721,,,,,,,,,,,,,1e-05,inverse,999999.9999990036,True,,nan,0,50,diag,0.001,0,0,0,108243216,False,72.0,matern,0.1,1.5,1.0,,0,3500,btab_auto_topk_2048,189,73,72,250000,1000000,3500,cufinufft,binned_c1,50,72,8.676979400596672e-08,pcg,converged,72,,True,0.1,0,54.547617087714336,0.01893471314141833,0.2990352589218062,0,0.1,exact,ok,,0.0006368320136971306,0.046488736999890534,0.000343115500012598,0.024704316000907056,63020.96740053105,33120,,,0.0016129119999277464,4.5684569449298986e-05,0.0032892890003495268,4.281401388084305e-05,0.0030826089994206995,0.0001561642638831826,0.011243826999589146,0.2077164970000922,0.17944470699990234,0.017871857000045566,0.0,0.008820896000088396,5.69205139097701e-05,0.0040982770015034475,,,0.0002552480000304058,0.019440206000126636,0.21029121000015039,0.009162537999827691,0.3262263560000065,0.001579037000055905,0.3456665620001331,0.34592181000016353,1e-07,,80000,v6_btab
35721,expanded_box,topk,4096,,4096,0,"[36, 36]","[73, 73]",5329,topk,4096,,4096,80000,5329,cheap,30,0.01,,,,,,,,,,,,,,,,,inverse,20000,group_a,50,diag,0.001,50,auto,group_a,auto,35,36,6.305665749642552e-08,0,,,2,synthetic_true_func_2d_ntrain1000000,False,NVIDIA A100-SXM4-40GB,cheap,0,0,0,0,0,0,2,35721,,,,,,,,,,,,,1e-05,inverse,999999.9999990036,True,,nan,0,50,diag,0.001,0,0,0,454371856,False,35.0,matern,0.1,1.5,1.0,,0,3500,btab_auto_topk_4096,189,36,35,250000,1000000,3500,cufinufft,binned_c1,50,35,6.305665749642552e-08,pcg,converged,35,,True,0.1,0,9.838520765396813,0.01893471887055836,0.29903525792924646,0,0.1,exact,ok,,0.0006688826944506824,0.024079777000224567,0.0006149991999986273,0.02152497199995196,21241.347193688827,30392,,,0.0018278819998158724,4.616771429287578e-05,0.001615870000250652,4.629977142940333e-05,0.0016204920000291168,0.00042048868571587916,0.01471710400005577,0.9139981349999289,0.7591393879999941,0.11760649799998646,0.0,0.03123298699983934,5.80573714224946e-05,0.002032007999787311,,,0.00027608699997472286,0.022392162999949505,0.9168462980001095,0.008672766000017873,0.9856375179999759,0.006019262000108938,1.0080296809999254,1.0083057679999001,1e-07,,80000,v6_btab
35721,expanded_box,topk,2048,,2048,0,"[25, 25]","[51, 51]",2601,topk,2048,,2048,80000,2601,cheap,30,0.01,,cupy,5.281806775606074e-14,2.0849201630792278e-15,960,418,418,,418,192,2601,33120,7993344,298.69774115330335,2986.9774115330333,0.001,boxeig,20000,group_a,50,diag,0.001,50,auto,group_a,boxeig,280,281,9.549631133634323e-08,0,,,2,synthetic_true_func_2d_ntrain1000000,False,NVIDIA A100-SXM4-40GB,cheap,192,0,192,192,0,0,2,35721,,,,,,,5.281806775606074e-14,2.0849201630792278e-15,,,,,1e-05,boxeig,999999.9999990035,True,,nan,0,0,,nan,0,0,0,0,False,280.0,matern,0.1,1.5,1.0,,163216,3500,btab_boxeig_topk_2048_q192,189,281,280,250000,1000000,3500,cufinufft,binned_c1,50,280,9.549631133634323e-08,pcg,converged,280,,True,0.1,0,54.54761708771433,0.01893467139911729,0.2990352590752649,0,0.1,boxeig,ok,,0.0006659093202815258,0.18712051899910875,0.0004228444357124772,0.11839644199949362,63020.96740053104,33120,,2986.9774115330333,0.0016211079998811329,4.67956642905522e-05,0.013102786001354616,3.9224210717390764e-05,0.010982779000869414,0.00023691005357103938,0.06633481499989102,0.3557338810001056,0.0,0.0,0.0009751630000209843,0.0,5.786655000698764e-05,0.01620263400195654,0.3547587180000846,,0.07524251500012724,0.019882508999899073,0.3577927799999543,0.00842436099992483,0.8428866890001245,0.0,0.8627691980000236,0.9380117130001508,1e-07,,80000,v7_btab_boxeig
35721,expanded_box,topk,4096,,4096,0,"[36, 36]","[73, 73]",5329,topk,4096,,4096,80000,5329,cheap,30,0.01,,cupy,3.805095217802305e-14,1.9575850964334786e-15,960,418,418,,418,192,5329,30392,16373760,298.8013572786886,2988.013572786886,0.001,boxeig,20000,group_a,50,diag,0.001,50,auto,group_a,boxeig,303,304,9.933864510513763e-08,0,,,2,synthetic_true_func_2d_ntrain1000000,False,NVIDIA A100-SXM4-40GB,cheap,192,0,192,192,0,0,2,35721,,,,,,,3.805095217802305e-14,1.9575850964334786e-15,,,,,1e-05,boxeig,999999.9999990035,True,,nan,0,0,,nan,0,0,0,0,False,303.0,matern,0.1,1.5,1.0,,336400,3500,btab_boxeig_topk_4096_q192,189,304,303,250000,1000000,3500,cufinufft,binned_c1,50,303,9.933864510513763e-08,pcg,converged,303,,True,0.1,0,9.838520765396813,0.018934756181209933,0.2990352608144442,0,0.1,boxeig,ok,,0.0006638144374942625,0.20179958899825579,0.0004320451683108133,0.13090968599817643,21241.347193688827,30392,,2988.013572786886,0.0018027880000772711,4.6580537957389624e-05,0.014113903001089056,3.943254125452969e-05,0.011948060000122496,0.0002448384950399462,0.0741860639971037,0.35669182300011926,0.0,0.0,0.0009562650000134454,0.0,5.882712542101481e-05,0.017824619002567488,0.3557355580001058,,0.0765401670000756,0.019462994999912553,0.3589347290001115,0.009066860999837445,0.8863292480000382,0.0,0.9057922429999508,0.9823324100000264,1e-07,,80000,v7_btab_boxeig
35721,expanded_box,topk,4096,,4096,0,"[36, 36]","[73, 73]",5329,topk,4096,,4096,80000,5329,cheap,30,0.01,,cupy,4.790205647203502e-14,3.716709237449068e-15,1280,546,546,,546,256,5329,30392,21831680,150.1777062043891,1501.777062043891,0.001,boxeig,20000,group_a,50,diag,0.001,50,auto,group_a,boxeig,216,217,9.890974829066587e-08,0,,,2,synthetic_true_func_2d_ntrain1000000,False,NVIDIA A100-SXM4-40GB,cheap,256,0,256,256,0,0,2,35721,,,,,,,4.790205647203502e-14,3.716709237449068e-15,,,,,1e-05,boxeig,999999.9999990036,True,,nan,0,0,,nan,0,0,0,0,False,216.0,matern,0.1,1.5,1.0,,336400,3500,btab_boxeig_topk_4096_q256,189,217,216,250000,1000000,3500,cufinufft,binned_c1,50,216,9.890974829066587e-08,pcg,converged,216,,True,0.1,0,9.838520765396813,0.018934763683769402,0.2990352609825577,0,0.1,boxeig,ok,,0.0006700519631316814,0.14540127599957486,0.00044250643054300344,0.09558138899728874,21241.347193688827,30392,,1501.777062043891,0.0018082220001360838,4.7234087977206705e-05,0.010202563003076648,4.260494907376361e-05,0.00920266899993294,0.0002503372963044765,0.05407285600176692,1.8442002570000113,0.0,0.0,0.0009585759999026777,0.0,5.904928240359671e-05,0.01275464499917689,1.8432416810001087,,0.10309203800011346,0.02246861000003264,1.8464961740000945,0.009151824999889868,2.227269506000084,0.0,2.249738116000117,2.3528301540002303,1e-07,,80000,v7_btab_boxeig
35721,expanded_box,topk,8192,,8192,0,"[51, 51]","[103, 103]",10609,topk,8192,,8192,80000,10609,cheap,30,0.01,,cupy,2.2105770248597682e-14,2.1493799877967334e-15,960,418,418,,418,192,10609,25112,32593920,298.81703567458754,2988.1703567458753,0.001,boxeig,20000,group_a,50,diag,0.001,50,auto,group_a,boxeig,305,306,9.636887070792003e-08,0,,,2,synthetic_true_func_2d_ntrain1000000,False,NVIDIA A100-SXM4-40GB,cheap,192,0,192,192,0,0,2,35721,,,,,,,2.2105770248597682e-14,2.1493799877967334e-15,,,,,1e-05,boxeig,999999.9999990035,True,,nan,0,0,,nan,0,0,0,0,False,305.0,matern,0.1,1.5,1.0,,672400,3500,btab_boxeig_topk_8192_q192,189,306,305,250000,1000000,3500,cufinufft,binned_c1,50,305,9.636887070792003e-08,pcg,converged,305,,True,0.1,0,1.8400305308994405,0.01893475379885696,0.2990352597335946,0,0.1,boxeig,ok,,0.0006632106470619666,0.20294245800096178,0.00044331287541637244,0.1352104270019936,6814.82156974284,25112,,2988.1703567458753,0.0022236949998841737,4.741560327840757e-05,0.01446175899991431,4.174683278998585e-05,0.012732784000945685,0.00025178271802748196,0.076793728998382,0.8134270919999835,0.0,0.0,0.000989583000091443,0.0,5.920715738075607e-05,0.0180581830011306,0.8124375089998921,,0.0782916219998242,0.022414145000084318,0.8161673489998975,0.009130214999913733,1.3519925149998926,0.0,1.374406659999977,1.452698281999801,1e-07,,80000,v7_btab_boxeig
35721,expanded_box,topk,8192,,8192,0,"[51, 51]","[103, 103]",10609,topk,8192,,8192,80000,10609,cheap,30,0.01,,cupy,3.113062121993116e-14,4.246548679116433e-15,1280,546,546,,546,256,10609,25112,43458560,150.19158731055236,1501.9158731055236,0.001,boxeig,20000,group_a,50,diag,0.001,50,auto,group_a,boxeig,213,214,9.462045373728921e-08,0,,,2,synthetic_true_func_2d_ntrain1000000,False,NVIDIA A100-SXM4-40GB,cheap,256,0,256,256,0,0,2,35721,,,,,,,3.113062121993116e-14,4.246548679116433e-15,,,,,1e-05,boxeig,999999.9999990036,True,,nan,0,0,,nan,0,0,0,0,False,213.0,matern,0.1,1.5,1.0,,672400,3500,btab_boxeig_topk_8192_q256,189,214,213,250000,1000000,3500,cufinufft,binned_c1,50,213,9.462045373728921e-08,pcg,converged,213,,True,0.1,0,1.8400305308994407,0.01893479430235791,0.29903525951054016,0,0.1,boxeig,ok,,0.0006743986542050211,0.14432131199987452,0.00043835722064673727,0.09337008799775504,6814.82156974284,25112,,1501.9158731055236,0.0022405679999337735,4.842055869084162e-05,0.010313579001149265,4.1143967136433935e-05,0.008763665000060428,0.00024519744132097304,0.05222705500136726,0.4691628140001285,0.0,0.0,0.0010357290000229114,0.0,5.992687324215639e-05,0.01276442400057931,0.4681270850001056,,0.10440910500005884,0.02288979099989774,0.47200520100000176,0.00910959499992714,0.8478339370001322,0.0,0.87072372800003,0.9751328330000888,1e-07,,80000,v7_btab_boxeig
35721,expanded_box,topk,8192,,8192,0,"[51, 51]","[103, 103]",10609,topk,8192,,8192,80000,10609,cheap,30,0.01,,cupy,9.56346415016618e-14,5.343057390033369e-15,1600,674,674,,674,320,10609,25112,54323200,89.73452420675991,897.3452420675991,0.001,boxeig,20000,group_a,50,diag,0.001,50,auto,group_a,boxeig,161,162,9.656176156843851e-08,0,,,2,synthetic_true_func_2d_ntrain1000000,False,NVIDIA A100-SXM4-40GB,cheap,320,0,320,320,0,0,2,35721,,,,,,,9.56346415016618e-14,5.343057390033369e-15,,,,,1e-05,boxeig,999999.9999990035,True,,nan,0,0,,nan,0,0,0,0,False,161.0,matern,0.1,1.5,1.0,,672400,3500,btab_boxeig_topk_8192_q320,189,162,161,250000,1000000,3500,cufinufft,binned_c1,50,161,9.656176156843851e-08,pcg,converged,161,,True,0.1,0,1.8400305308994405,0.018934670274063523,0.29903526156130367,0,0.1,boxeig,ok,,0.0006780891481448746,0.1098504419994697,0.0004412031428612564,0.07103370600066228,6814.82156974284,25112,,897.3452420675991,0.0022147669999412756,4.800808696588619e-05,0.007729302001507676,4.170989440331282e-05,0.006715292998933364,0.00024808975775621834,0.039942450998751156,0.5903587310001512,0.0,0.0,0.0010278950001065823,0.0,5.948016770664976e-05,0.009576307000770612,0.5893308360000447,,0.13029892800000198,0.02243726599999718,0.5932023230000141,0.009180157000173494,0.8818844589998207,0.0,0.9043217249998179,1.0346206529998199,1e-07,,80000,v7_btab_boxeig
35721,expanded_box,topk,16384,,16384,0,"[72, 72]","[145, 145]",21025,topk,16384,,16384,80000,21025,cheap,30,0.01,,cupy,3.2339632354259126e-14,2.0945793974170496e-15,960,418,418,,418,192,21025,14696,64591872,298.8194711381557,2988.1947113815568,0.001,boxeig,20000,group_a,50,diag,0.001,50,auto,group_a,boxeig,264,265,9.486980665773601e-08,0,,,2,synthetic_true_func_2d_ntrain1000000,False,NVIDIA A100-SXM4-40GB,cheap,192,0,192,192,0,0,2,35721,,,,,,,3.2339632354259126e-14,2.0945793974170496e-15,,,,,1e-05,boxeig,999999.9999990035,True,,nan,0,0,,nan,0,0,0,0,False,264.0,matern,0.1,1.5,1.0,,1336336,3500,btab_boxeig_topk_16384_q192,189,265,264,250000,1000000,3500,cufinufft,binned_c1,50,264,9.486980665773601e-08,pcg,converged,264,,True,0.1,0,0.34180387351518965,0.018934704538145528,0.29903525804780784,0,0.1,boxeig,ok,,0.0006718196150934159,0.17803219799975523,0.0004534518825795603,0.11971129700100391,1608.5604066036042,14696,,2988.1947113815568,0.003030998999975054,4.723541287500087e-05,0.01247014899900023,4.1020473481763254e-05,0.010829404999185499,0.0002622862083287049,0.0692435589987781,0.3539942740001152,0.0,0.0,0.001012360999993689,0.0,5.998151515072867e-05,0.01583511999979237,0.3529819130001215,,0.07701076699981968,0.022315316000003804,0.35770884999988084,0.009122540000134904,0.8275608429999011,0.0,0.8498761589999049,0.9268869259997246,1e-07,,80000,v7_btab_boxeig
35721,expanded_box,topk,16384,,16384,0,"[72, 72]","[145, 145]",21025,topk,16384,,16384,80000,21025,cheap,30,0.01,,cupy,3.457438650656938e-14,4.360593928225196e-15,1280,546,546,,546,256,21025,14696,86122496,150.19383077706627,1501.9383077706625,0.001,boxeig,20000,group_a,50,diag,0.001,50,auto,group_a,boxeig,186,187,9.994653918136686e-08,0,,,2,synthetic_true_func_2d_ntrain1000000,False,NVIDIA A100-SXM4-40GB,cheap,256,0,256,256,0,0,2,35721,,,,,,,3.457438650656938e-14,4.360593928225196e-15,,,,,1e-05,boxeig,999999.9999990036,True,,nan,0,0,,nan,0,0,0,0,False,186.0,matern,0.1,1.5,1.0,,1336336,3500,btab_boxeig_topk_16384_q256,189,187,186,250000,1000000,3500,cufinufft,binned_c1,50,186,9.994653918136686e-08,pcg,converged,186,,True,0.1,0,0.34180387351518965,0.018934680331104337,0.2990352577340832,0,0.1,boxeig,ok,,0.0006810121818224212,0.12734927800079276,0.00045491698387029104,0.08461455899987413,1608.5604066036042,14696,,1501.9383077706625,0.003010613000014928,4.7571360217564994e-05,0.008848273000467088,4.045770430566727e-05,0.007525133000854112,0.00026371543547963573,0.04905107099921224,0.47513117899984536,0.0,0.0,0.000994049999917479,0.0,5.957240324811229e-05,0.011080467004148886,0.4741371289999279,,0.1028899640000418,0.022874103000049217,0.47888474399996994,0.008457948000113902,0.8126537489999919,0.0,0.8355278520000411,0.9384178160000829,1e-07,,80000,v7_btab_boxeig
35721,expanded_box,topk,16384,,16384,0,"[72, 72]","[145, 145]",21025,topk,16384,,16384,80000,21025,cheap,30,0.01,,cupy,1.256952808510917e-13,5.49367620110541e-15,1600,674,674,,674,320,21025,14696,107653120,89.73697703364735,897.3697703364735,0.001,boxeig,20000,group_a,50,diag,0.001,50,auto,group_a,boxeig,143,144,9.968622026247905e-08,0,,,2,synthetic_true_func_2d_ntrain1000000,False,NVIDIA A100-SXM4-40GB,cheap,320,0,320,320,0,0,2,35721,,,,,,,1.256952808510917e-13,5.49367620110541e-15,,,,,1e-05,boxeig,999999.9999990035,True,,nan,0,0,,nan,0,0,0,0,False,143.0,matern,0.1,1.5,1.0,,1336336,3500,btab_boxeig_topk_16384_q320,189,144,143,250000,1000000,3500,cufinufft,binned_c1,50,143,9.968622026247905e-08,pcg,converged,143,,True,0.1,0,0.34180387351518965,0.018934655589669065,0.2990352580982994,0,0.1,boxeig,ok,,0.0006887736041628992,0.0991833989994575,0.000476828531480516,0.06818648000171379,1608.5604066036042,14696,,897.3697703364735,0.003042505999928835,4.8136447556037005e-05,0.006883512000513292,4.1886412582307394e-05,0.005989756999269957,0.00028300065034775297,0.04046909299972867,0.5851966909999646,0.0,0.0,0.0010206790000211186,0.0,5.937355944570935e-05,0.008490419000736438,0.5841760119999435,,0.1271149440001409,0.019606290999945486,0.5890748429999348,0.00844300599987946,0.8522154910001518,0.0,0.8718217820000973,0.9989367260002382,1e-07,,80000,v7_btab_boxeig
35721,,,,,,,,,,,,,,,,,,,,,,,,,,,,,,,,,,,,,group_a,,,,,,group_a,,5999,6000,9.236131341760764e-08,,,,2,synthetic_true_func_2d_ntrain30000000,False,NVIDIA A100-SXM4-40GB,,,,,,,,2,35721,,,,,,,,,0,0,,,1e-05,,,True,,,,,,,,,,,False,5999.0,matern,0.1,1.5,1.0,,,80000,plain_cg,189,6000,,7500000,30000000,3500,cufinufft,cufinufft,,,,,,,,True,0.1,0,,0.005238232982547235,0.3000032115141838,0,,,ok,,0.0006271285320020373,3.7627711920122238,,,,,,,,,,,,,,,,,,,,,,,,0.3173783959998673,,0.16133673199988152,6.395882380000103,,6.713261588000023,,1e-07,,80000,v1
35721,,,,,,,,,,,,,,,,,,,,,,,,,,,,,,,,,,,,,group_a,,,,,,group_a,,2075,2076,9.891942890559178e-08,,,nan,2,synthetic_true_func_2d_ntrain30000000,False,NVIDIA A100-SXM4-40GB,,,,,,,,2,35721,72,3,nan,,48166.597602194444,0.011139271714992557,,,5,352,0.0005388160077008334,0.18966323471069335,1e-05,,,True,[],,,,,,,,,,False,2075.0,matern,0.1,1.5,1.0,nan,,3500,eigenpro_pcg_q64,189,2076,2075,7500000,30000000,3500,cufinufft,binned_c1,,,,,,,full_eigenpro,True,0.1,0,,0.005261785762867977,0.3000031620362705,0,,,ok,,0.0006402216131979618,1.3291000689989687,0.00018169667180579807,0.37702059399703103,,,[],,,,,,,,,,,,,,,,,0.2247231589999501,,0.1906812140000511,0.000306647000115845,0.1606302659999983,3.015616938999983,,3.4313279590001002,,1e-07,64,80000,v3
35721,,,,,,,,,,,,,,,,,,,,,,,,,,,,,,,,,,,,,group_a,,,,,,group_a,,1145,1146,9.824737378320513e-08,,,nan,2,synthetic_true_func_2d_ntrain30000000,False,NVIDIA A100-SXM4-40GB,,,,,,,,2,35721,136,3,nan,,18167.58414100372,0.004185997399288364,,,5,672,0.0005255085740770613,0.3531417617797852,1e-05,,,True,[],,,,,,,,,,False,1145.0,matern,0.1,1.5,1.0,nan,,3500,eigenpro_pcg_q128,189,1146,1145,7500000,30000000,3500,cufinufft,binned_c1,,,,,,,full_eigenpro,True,0.1,0,,0.005261763398644698,0.30000316239987584,0,,,ok,,0.0006537672513141854,0.7492172700060564,0.00021298081484559485,0.2438630329982061,,,[],,,,,,,,,,,,,,,,,0.41953008899986344,,0.19616117600003236,0.0003171660000589327,0.16181821800000762,1.724970188000043,,2.3409786189999977,,1e-07,128,80000,v3
35721,,,,,,,,,,,,,,,,,,,,,,,,,,,,,,,,,,,,,group_a,,,,,,group_a,,547,548,9.841099494270528e-08,,,nan,2,synthetic_true_func_2d_ntrain30000000,False,NVIDIA A100-SXM4-40GB,,,,,,,,2,35721,264,3,nan,,5644.796574028135,0.0013000396216090498,,,5,1312,0.0005418669188894877,0.7109293975830079,1e-05,,,True,[],,,,,,,,,,False,547.0,matern,0.1,1.5,1.0,nan,,3500,eigenpro_pcg_q256,189,548,547,7500000,30000000,3500,cufinufft,binned_c1,,,,,,,full_eigenpro,True,0.1,0,,0.005261809061895752,0.3000031635319282,0,,,ok,,0.0006468227171539529,0.35445884900036617,0.00032480472212010236,0.177668182999696,,,[],,,,,,,,,,,,,,,,,0.8491170649999731,,0.1792517379999481,0.00030093100008343754,0.15385078799999974,0.8808418309999979,,1.9095115650000025,,1e-07,256,80000,v3
35721,,,,,,,,,,,,,,,,,,,,,,,,,,,,,,,,,,,,,group_a,,,,,,group_a,,423,424,9.823123323652085e-08,,,nan,2,synthetic_true_func_2d_ntrain30000000,False,NVIDIA A100-SXM4-40GB,,,,,,,,2,35721,328,3,nan,,3745.668671669893,0.0008626353575775461,,,5,1632,0.0005513687788271436,0.8998338470458984,1e-05,,,True,[],,,,,,,,,,False,423.0,matern,0.1,1.5,1.0,nan,,3500,eigenpro_pcg_q320,189,424,423,7500000,30000000,3500,cufinufft,binned_c1,,,,,,,full_eigenpro,True,0.1,0,,0.005261819044288604,0.3000031641339577,0,,,ok,,0.0006403611320765647,0.27151312000046346,0.00036973469267613664,0.1563977750020058,,,[],,,,,,,,,,,,,,,,,1.074268191000101,,0.1740383110000039,0.00029832699988219247,0.15867167399983373,0.6958359950001523,,1.9444408240001394,,1e-07,320,80000,v3
35721,,,,,,,,,,,,,,,,,,,,,,,,,,,,,,,,,,,,,group_a,,,,,,group_a,,338,339,9.463216595913555e-08,,,nan,2,synthetic_true_func_2d_ntrain30000000,False,NVIDIA A100-SXM4-40GB,,,,,,,,2,35721,392,3,nan,,2720.789760342943,0.0006265979210780719,,,5,1952,0.0005573203915455302,1.087889404296875,1e-05,,,True,[],,,,,,,,,,False,338.0,matern,0.1,1.5,1.0,nan,,3500,eigenpro_pcg_q384,189,339,338,7500000,30000000,3500,cufinufft,binned_c1,,,,,,,full_eigenpro,True,0.1,0,,0.005261841028053403,0.300003164901764,0,,,ok,,0.0006386088849537096,0.21648841199930757,0.0004173901035437128,0.14107785499777492,,,[],,,,,,,,,,,,,,,,,1.3006255299999339,,0.17400581700007933,0.0003034500000467233,0.15483826400009093,0.5722532939998928,,2.0471880909999527,,1e-07,384,80000,v3
35721,,,,,,,,,,,,,,,,,,,,,,,,,,,,,,,,,,,,,group_a,,,,,,group_a,,281,282,9.712077968161773e-08,,,nan,2,synthetic_true_func_2d_ntrain30000000,False,NVIDIA A100-SXM4-40GB,,,,,,,,2,35721,456,3,nan,,2037.8298097133716,0.0004693103037796259,,,5,2272,0.0005609667536238549,1.2745164642333984,1e-05,,,True,[],,,,,,,,,,False,281.0,matern,0.1,1.5,1.0,nan,,3500,eigenpro_pcg_q448,189,282,281,7500000,30000000,3500,cufinufft,binned_c1,,,,,,,full_eigenpro,True,0.1,0,,0.005261904029301366,0.3000031652085259,0,,,ok,,0.0006340345992866916,0.17879775699884703,0.0004762525729510994,0.13382697299925894,,,[],,,,,,,,,,,,,,,,,1.5308858050000254,,0.1740217940000548,0.0003105729999788309,0.1537589360000311,0.4919803329999013,,2.1971985049999603,,1e-07,448,80000,v3
35721,expanded_box,topk,512,,512,0,"[12, 12]","[25, 25]",625,topk,512,,512,80000,625,cheap,30,0.01,,,,,,,,,,,,,,,,,inverse,20000,group_a,50,diag,0.001,50,auto,group_a,auto,923,924,9.76990046743896e-08,0,,,2,synthetic_true_func_2d_ntrain30000000,False,NVIDIA A100-SXM4-40GB,cheap,0,0,0,0,0,0,2,35721,,,,,,,,,,,,,1e-05,inverse,29999999.999961358,True,,nan,0,50,diag,0.001,0,0,0,6250000,False,923.0,matern,0.1,1.5,1.0,,0,3500,btab_auto_topk_512,189,924,923,7500000,30000000,3500,cufinufft,binned_c1,50,923,9.76990046743896e-08,pcg,converged,923,,True,0.1,0,39405.56033550593,0.005261685559932964,0.3000031598688553,0,0.1,exact,ok,,0.0006345687629891768,0.5863415370019993,0.0002553747865673981,0.23571092800170845,13886722.815767135,35096,,,0.0015765130001454963,4.460116792451613e-05,0.04116687799432839,4.120372481149373e-05,0.03803103800100871,7.256443445435977e-05,0.06697697300137406,0.011812489000021742,0.00884656600010203,0.0012084239999694546,0.0,0.0014855690001240873,5.605834127658738e-05,0.05174184899829015,,,0.0003023990000201593,0.18366091300003973,0.014299184000037712,0.1544534049999129,1.3999492420000479,0.0002719299998261704,1.5836101550000876,1.5839125540001078,1e-07,,80000,v6_btab
35721,expanded_box,topk,728,,728,0,"[15, 15]","[31, 31]",961,topk,728,,728,80000,961,cheap,30,0.01,,,,,,,,,,,,,,,,,inverse,20000,group_a,50,diag,0.001,50,auto,group_a,auto,541,542,9.652774564676415e-08,0,,,2,synthetic_true_func_2d_ntrain30000000,False,NVIDIA A100-SXM4-40GB,cheap,0,0,0,0,0,0,2,35721,,,,,,,,,,,,,1e-05,inverse,29999999.999961358,True,,nan,0,50,diag,0.001,0,0,0,14776336,False,541.0,matern,0.1,1.5,1.0,,0,3500,btab_auto_topk_728,189,542,541,7500000,30000000,3500,cufinufft,binned_c1,50,541,9.652774564676415e-08,pcg,converged,541,,True,0.1,0,15808.759573053378,0.005261679011508204,0.3000031603500947,0,0.1,exact,ok,,0.000622830369005279,0.3375740600008612,0.0002611968632124971,0.1413075029979609,7814348.109084747,34760,,,0.0014786669999011792,4.402588170662003e-05,0.023818002003281435,4.076329390536322e-05,0.0220529420028015,8.064546579981365e-05,0.04362919699769918,0.024967328000002453,0.02070098300009704,0.0021901309999066143,0.0,0.0017912729999807198,5.4867905732618946e-05,0.02968353700134685,,,0.0002930810001089412,0.1738163979998717,0.027358760999959486,0.15391791999991256,0.8320022600000812,0.00028494100001807965,1.0058186579999528,1.0061117390000618,1e-07,,80000,v6_btab
35721,expanded_box,topk,1024,,1024,0,"[18, 18]","[37, 37]",1369,topk,1024,,1024,80000,1369,cheap,30,0.01,,,,,,,,,,,,,,,,,inverse,20000,group_a,50,diag,0.001,50,auto,group_a,auto,435,436,9.169429201608091e-08,0,,,2,synthetic_true_func_2d_ntrain30000000,False,NVIDIA A100-SXM4-40GB,cheap,0,0,0,0,0,0,2,35721,,,,,,,,,,,,,1e-05,inverse,29999999.999961358,True,,nan,0,50,diag,0.001,0,0,0,29986576,False,435.0,matern,0.1,1.5,1.0,,0,3500,btab_auto_topk_1024,189,436,435,7500000,30000000,3500,cufinufft,binned_c1,50,435,9.169429201608091e-08,pcg,converged,435,,True,0.1,0,7204.558257931322,0.005261675945921956,0.3000031598017635,0,0.1,exact,ok,,0.0006268571192654986,0.2733097039997574,0.0002772222643571517,0.12059168499536099,4777311.818123276,34352,,,0.0015013859999726265,4.5230747120471296e-05,0.019675374997405015,4.0949937925981284e-05,0.01781322299780186,9.47690597675465e-05,0.04122454099888273,0.04948096199996144,0.042641852000087965,0.003585758999861355,0.0,0.0027401679999456974,5.513540918870823e-05,0.02398390299708808,,,0.0002748449999216973,0.17423970899994856,0.05190140399986376,0.15379706499993517,0.7094733270000688,0.0005131830000664195,0.8837130360000174,0.8839878809999391,1e-07,,80000,v6_btab
35721,expanded_box,topk,2048,,2048,0,"[25, 25]","[51, 51]",2601,topk,2048,,2048,80000,2601,cheap,30,0.01,,,,,,,,,,,,,,,,,inverse,20000,group_a,50,diag,0.001,50,auto,group_a,auto,262,263,9.257634907332544e-08,0,,,2,synthetic_true_func_2d_ntrain30000000,False,NVIDIA A100-SXM4-40GB,cheap,0,0,0,0,0,0,2,35721,,,,,,,,,,,,,1e-05,inverse,29999999.999961358,True,,nan,0,50,diag,0.001,0,0,0,108243216,False,262.0,matern,0.1,1.5,1.0,,0,3500,btab_auto_topk_2048,189,263,262,7500000,30000000,3500,cufinufft,binned_c1,50,262,9.257634907332544e-08,pcg,converged,262,,True,0.1,0,1636.432201655652,0.005261637385366834,0.30000316021343504,0,0.1,exact,ok,,0.0006311406197706854,0.16598998299969026,0.00033544780152891594,0.08788732400057597,1890633.422431137,33120,,,0.0016339260000677314,4.439394656870051e-05,0.011631214000999535,4.144890839639448e-05,0.010859613999855355,0.00015287765649180573,0.0400539460008531,0.20403833299997132,0.1813808809999955,0.014115034000042215,0.0,0.006971086000021387,5.563256107621741e-05,0.014575731001968961,,,0.0002911729998231749,0.17392026699985763,0.20659085500005858,0.1540370749999056,0.6196466840001449,0.0015713319999122177,0.7935669510000025,0.7938581239998257,1e-07,,80000,v6_btab
35721,expanded_box,topk,4096,,4096,0,"[36, 36]","[73, 73]",5329,topk,4096,,4096,80000,5329,cheap,30,0.01,,,,,,,,,,,,,,,,,inverse,20000,group_a,50,diag,0.001,50,auto,group_a,auto,127,128,9.499295537230141e-08,0,,,2,synthetic_true_func_2d_ntrain30000000,False,NVIDIA A100-SXM4-40GB,cheap,0,0,0,0,0,0,2,35721,,,,,,,,,,,,,1e-05,inverse,29999999.999961358,True,,nan,0,50,diag,0.001,0,0,0,454371856,False,127.0,matern,0.1,1.5,1.0,,0,3500,btab_auto_topk_4096,189,128,127,7500000,30000000,3500,cufinufft,binned_c1,50,127,9.499295537230141e-08,pcg,converged,127,,True,0.1,0,295.1563120037319,0.005261657741282431,0.3000031601115864,0,0.1,exact,ok,,0.0006338630625073449,0.08113447200094015,0.0006001350551236902,0.07621715200070867,637241.926362385,30392,,,0.001858245000221359,4.466138582534682e-05,0.005671995999819046,4.285814173730557e-05,0.005442984000637807,0.00041478311023158715,0.052677454999411566,0.878096553999967,0.752039816999968,0.09516135500007294,0.0,0.024844547999919087,5.5730889759551366e-05,0.007077822999463024,,,0.0002742250001119828,0.17377493000003597,0.8809573519999958,0.1540625119998822,1.1165214130001004,0.006050834000006944,1.2902963430001364,1.2905705680002484,1e-07,,80000,v6_btab
35721,expanded_box,topk,2048,,2048,0,"[25, 25]","[51, 51]",2601,topk,2048,,2048,80000,2601,cheap,30,0.01,,cupy,4.305583630812053e-14,1.8522351819938242e-15,960,418,418,,418,192,2601,33120,7993344,8945.39267990376,89453.9267990376,0.001,boxeig,20000,group_a,50,diag,0.001,50,auto,group_a,boxeig,650,651,8.866151038164798e-08,0,,,2,synthetic_true_func_2d_ntrain30000000,False,NVIDIA A100-SXM4-40GB,cheap,192,0,192,192,0,0,2,35721,,,,,,,4.305583630812053e-14,1.8522351819938242e-15,,,,,1e-05,boxeig,29999999.999961358,True,,nan,0,0,,nan,0,0,0,0,False,650.0,matern,0.1,1.5,1.0,,163216,3500,btab_boxeig_topk_2048_q192,189,651,650,7500000,30000000,3500,cufinufft,binned_c1,50,650,8.866151038164798e-08,pcg,converged,650,,True,0.1,0,1636.432201655652,0.005261471092616105,0.30000316258937343,0,0.1,boxeig,ok,,0.0006475865529906589,0.42157884599691897,0.0004129854892289586,0.2684405679988231,1890633.422431137,33120,,89453.9267990376,0.0016125909999118448,4.561460153546739e-05,0.029649490998053807,3.864086461852331e-05,0.025116562002040155,0.00023149968769163164,0.15047479699956057,0.3458533300001818,0.0,0.0,0.0009645680001995061,0.0,5.638850307535065e-05,0.03665252699897792,0.3448887619999823,,0.07553945200015733,0.17383105799990517,0.34793890100013414,0.15548087499996655,1.4443462450001334,0.0,1.6181773030000386,1.693716755000196,1e-07,,80000,v7_btab_boxeig
35721,expanded_box,topk,4096,,4096,0,"[36, 36]","[73, 73]",5329,topk,4096,,4096,80000,5329,cheap,30,0.01,,cupy,6.259450257870206e-14,2.0132269910410605e-15,960,418,418,,418,192,5329,30392,16373760,8948.300120145796,89483.00120145796,0.001,boxeig,20000,group_a,50,diag,0.001,50,auto,group_a,boxeig,755,756,8.854543632801516e-08,0,,,2,synthetic_true_func_2d_ntrain30000000,False,NVIDIA A100-SXM4-40GB,cheap,192,0,192,192,0,0,2,35721,,,,,,,6.259450257870206e-14,2.0132269910410605e-15,,,,,1e-05,boxeig,29999999.999961358,True,,nan,0,0,,nan,0,0,0,0,False,755.0,matern,0.1,1.5,1.0,,336400,3500,btab_boxeig_topk_4096_q192,189,756,755,7500000,30000000,3500,cufinufft,binned_c1,50,755,8.854543632801516e-08,pcg,converged,755,,True,0.1,0,295.1563120037319,0.005261617279466449,0.3000031623775091,0,0.1,boxeig,ok,,0.0006504984960318003,0.491776863000041,0.0004314657894080682,0.32575667100309147,637241.926362385,30392,,89483.00120145796,0.0018629759999839735,4.60541629089019e-05,0.03477089299622094,4.020263311228717e-05,0.030352987999776815,0.00024576554304991645,0.1855529850026869,1.3969207239997559,0.0,0.0,0.000992272999837951,0.0,5.769511920135717e-05,0.04355981499702466,1.395928450999918,,0.07735319600010371,0.18299233699985962,1.3992586700001084,0.1604068719998395,2.6945105900001636,0.0,2.877502927000023,2.954856123000127,1e-07,,80000,v7_btab_boxeig
35721,expanded_box,topk,4096,,4096,0,"[36, 36]","[73, 73]",5329,topk,4096,,4096,80000,5329,cheap,30,0.01,,cupy,3.6715960211602404e-14,4.1635317461399645e-15,1280,546,546,,546,256,5329,30392,21831680,4506.590226164165,45065.90226164165,0.001,boxeig,20000,group_a,50,diag,0.001,50,auto,group_a,boxeig,531,532,9.794556254023889e-08,0,,,2,synthetic_true_func_2d_ntrain30000000,False,NVIDIA A100-SXM4-40GB,cheap,256,0,256,256,0,0,2,35721,,,,,,,3.6715960211602404e-14,4.1635317461399645e-15,,,,,1e-05,boxeig,29999999.999961358,True,,nan,0,0,,nan,0,0,0,0,False,531.0,matern,0.1,1.5,1.0,,336400,3500,btab_boxeig_topk_4096_q256,189,532,531,7500000,30000000,3500,cufinufft,binned_c1,50,531,9.794556254023889e-08,pcg,converged,531,,True,0.1,0,295.1563120037319,0.005261578575193921,0.3000031622260184,0,0.1,boxeig,ok,,0.0006460165451189686,0.3436808020032913,0.00042552400376693917,0.2259532460002447,637241.926362385,30392,,45065.90226164165,0.0018806519999543525,4.51597871956189e-05,0.023979847000873633,3.894330508807032e-05,0.02067889500176534,0.00024321402447819983,0.1291466469979241,0.46543109899994306,0.0,0.0,0.001008226000067225,0.0,5.6688286254038224e-05,0.0301014800008943,0.46442287299987584,,0.10072572300009597,0.18536753100011083,0.46778182899993226,0.15427052699988053,1.3687599049999335,0.0,1.5541274360000443,1.6548531590001403,1e-07,,80000,v7_btab_boxeig
35721,expanded_box,topk,8192,,8192,0,"[51, 51]","[103, 103]",10609,topk,8192,,8192,80000,10609,cheap,30,0.01,,cupy,3.212586109895876e-14,1.987075204807432e-15,960,418,418,,418,192,10609,25112,32593920,8948.711646406375,89487.11646406374,0.001,boxeig,20000,group_a,50,diag,0.001,50,auto,group_a,boxeig,885,886,9.455499139124712e-08,0,,,2,synthetic_true_func_2d_ntrain30000000,False,NVIDIA A100-SXM4-40GB,cheap,192,0,192,192,0,0,2,35721,,,,,,,3.212586109895876e-14,1.987075204807432e-15,,,,,1e-05,boxeig,29999999.999961358,True,,nan,0,0,,nan,0,0,0,0,False,885.0,matern,0.1,1.5,1.0,,672400,3500,btab_boxeig_topk_8192_q192,189,886,885,7500000,30000000,3500,cufinufft,binned_c1,50,885,9.455499139124712e-08,pcg,converged,885,,True,0.1,0,55.20104699172347,0.005261427075345703,0.3000031620255476,0,0.1,boxeig,ok,,0.0006428732528242822,0.5695857020023141,0.00042532333333226855,0.37641114999905767,204445.13593182527,25112,,89487.11646406374,0.002259897999920213,4.56731050826163e-05,0.04042069799811543,3.885471412417821e-05,0.03438642199989772,0.00024263607909254096,0.21473292999689875,0.35386476999997285,0.0,0.0,0.0010216900000159512,0.0,5.674939547401468e-05,0.050223214994502996,0.3528430799999569,,0.07882920199995169,0.1741427140000269,0.35661898400007885,0.16084877200000847,1.8547929290000411,0.0,2.028935643000068,2.1077648450000197,1e-07,,80000,v7_btab_boxeig
35721,expanded_box,topk,8192,,8192,0,"[51, 51]","[103, 103]",10609,topk,8192,,8192,80000,10609,cheap,30,0.01,,cupy,3.6009713811677915e-14,4.253215159346282e-15,1280,546,546,,546,256,10609,25112,43458560,4506.962663688519,45069.62663688519,0.001,boxeig,20000,group_a,50,diag,0.001,50,auto,group_a,boxeig,636,637,9.95839345162108e-08,0,,,2,synthetic_true_func_2d_ntrain30000000,False,NVIDIA A100-SXM4-40GB,cheap,256,0,256,256,0,0,2,35721,,,,,,,3.6009713811677915e-14,4.253215159346282e-15,,,,,1e-05,boxeig,29999999.999961358,True,,nan,0,0,,nan,0,0,0,0,False,636.0,matern,0.1,1.5,1.0,,672400,3500,btab_boxeig_topk_8192_q256,189,637,636,7500000,30000000,3500,cufinufft,binned_c1,50,636,9.95839345162108e-08,pcg,converged,636,,True,0.1,0,55.20104699172347,0.005261591542534418,0.30000316190543086,0,0.1,boxeig,ok,,0.000650481642072393,0.4143568060001144,0.00041934038207479187,0.2667004829995676,204445.13593182527,25112,,45069.62663688519,0.002234437999959482,4.5639801884355746e-05,0.029026913998450254,3.936011792520959e-05,0.0250330350004333,0.00023565855817021816,0.14987884299625875,0.4685636550000254,0.0,0.0,0.001007497000045987,0.0,5.7051705972676334e-05,0.03628488499862215,0.4675561579999794,,0.10413635700001578,0.18557169000018803,0.47139425099999244,0.15486752699985118,1.5534889309999471,0.0,1.7390606210001351,1.843196978000151,1e-07,,80000,v7_btab_boxeig
35721,expanded_box,topk,8192,,8192,0,"[51, 51]","[103, 103]",10609,topk,8192,,8192,80000,10609,cheap,30,0.01,,cupy,1.4401253585342445e-13,5.568565252897644e-15,1600,674,674,,674,320,10609,25112,54323200,2692.669456048473,26926.694560484728,0.001,boxeig,20000,group_a,50,diag,0.001,50,auto,group_a,boxeig,493,494,9.782846390984577e-08,0,,,2,synthetic_true_func_2d_ntrain30000000,False,NVIDIA A100-SXM4-40GB,cheap,320,0,320,320,0,0,2,35721,,,,,,,1.4401253585342445e-13,5.568565252897644e-15,,,,,1e-05,boxeig,29999999.999961358,True,,nan,0,0,,nan,0,0,0,0,False,493.0,matern,0.1,1.5,1.0,,672400,3500,btab_boxeig_topk_8192_q320,189,494,493,7500000,30000000,3500,cufinufft,binned_c1,50,493,9.782846390984577e-08,pcg,converged,493,,True,0.1,0,55.20104699172347,0.005261615262201382,0.3000031617838001,0,0.1,boxeig,ok,,0.0006597833279389114,0.32593296400182226,0.0004254853711987771,0.2097642880009971,204445.13593182527,25112,,26926.694560484728,0.0022461890000613494,4.6373249494091536e-05,0.02286201200058713,4.0049419878218934e-05,0.019744363999961934,0.00023894407301980027,0.11779942799876153,0.581607257999849,0.0,0.0,0.0009991350000291277,0.0,5.765610344921271e-05,0.028424459000461866,0.5806081229998199,,0.13294203299983565,0.1839656270001342,0.5844785449999108,0.15509521600006337,1.4353981749998184,0.0,1.6193638019999526,1.7523058349997882,1e-07,,80000,v7_btab_boxeig
35721,expanded_box,topk,16384,,16384,0,"[72, 72]","[145, 145]",21025,topk,16384,,16384,80000,21025,cheap,30,0.01,,cupy,3.629551689375456e-14,2.224567559125272e-15,960,418,418,,418,192,21025,14696,64591872,8948.766210031563,89487.66210031562,0.001,boxeig,20000,group_a,50,diag,0.001,50,auto,group_a,boxeig,1042,1043,9.332982284794464e-08,0,,,2,synthetic_true_func_2d_ntrain30000000,False,NVIDIA A100-SXM4-40GB,cheap,192,0,192,192,0,0,2,35721,,,,,,,3.629551689375456e-14,2.224567559125272e-15,,,,,1e-05,boxeig,29999999.999961358,True,,nan,0,0,,nan,0,0,0,0,False,1042.0,matern,0.1,1.5,1.0,,1336336,3500,btab_boxeig_topk_16384_q192,189,1043,1042,7500000,30000000,3500,cufinufft,binned_c1,50,1042,9.332982284794464e-08,pcg,converged,1042,,True,0.1,0,10.254140761423841,0.005261640218108473,0.30000316323172904,0,0.1,boxeig,ok,,0.0006536944189858336,0.6818032790022244,0.0004446258714007519,0.46330015799958346,48256.92806751094,14696,,89487.66210031562,0.003042282000023988,4.543896928958186e-05,0.047347405999744296,3.972790691111121e-05,0.041396479001377884,0.00026168542322225336,0.272676210997588,0.9907081239998661,0.0,0.0,0.0010268109999742592,0.0,5.682979846541511e-05,0.059216650000962545,0.9896813129998918,,0.07607643999995162,0.18483775100003186,0.994434966999961,0.1598567149999326,2.7926017610000144,0.0,2.9774395120000463,3.053515951999998,1e-07,,80000,v7_btab_boxeig
35721,expanded_box,topk,16384,,16384,0,"[72, 72]","[145, 145]",21025,topk,16384,,16384,80000,21025,cheap,30,0.01,,cupy,3.543031957563328e-14,5.486873644387608e-15,1280,546,546,,546,256,21025,14696,86122496,4507.011548476535,45070.115484765345,0.001,boxeig,20000,group_a,50,diag,0.001,50,auto,group_a,boxeig,727,728,9.488698213399711e-08,0,,,2,synthetic_true_func_2d_ntrain30000000,False,NVIDIA A100-SXM4-40GB,cheap,256,0,256,256,0,0,2,35721,,,,,,,3.543031957563328e-14,5.486873644387608e-15,,,,,1e-05,boxeig,29999999.999961358,True,,nan,0,0,,nan,0,0,0,0,False,727.0,matern,0.1,1.5,1.0,,1336336,3500,btab_boxeig_topk_16384_q256,189,728,727,7500000,30000000,3500,cufinufft,binned_c1,50,727,9.488698213399711e-08,pcg,converged,727,,True,0.1,0,10.254140761423841,0.0052617202806239756,0.30000316382158976,0,0.1,boxeig,ok,,0.0006514876593366983,0.4742830159971163,0.0004426431829434769,0.3218015939999077,48256.92806751094,14696,,45070.115484765345,0.00298281000004863,4.576445529613247e-05,0.03327075900028831,4.04038473223026e-05,0.02937359700331399,0.00025773433012520844,0.18737285800102654,0.458762957999852,0.0,0.0,0.0010573229999408795,0.0,5.725044154246618e-05,0.04162107100137291,0.4577056349999111,,0.10232387399992149,0.17709463300002426,0.46249312400004783,0.1554157089999535,1.7188341989999572,0.0,1.8959288319999814,1.998252705999903,1e-07,,80000,v7_btab_boxeig
35721,expanded_box,topk,16384,,16384,0,"[72, 72]","[145, 145]",21025,topk,16384,,16384,80000,21025,cheap,30,0.01,,cupy,5.215574487357094e-14,6.129005430132686e-15,1600,674,674,,674,320,21025,14696,107653120,2692.7276368493926,26927.276368493924,0.001,boxeig,20000,group_a,50,diag,0.001,50,auto,group_a,boxeig,549,550,9.965943365829893e-08,0,,,2,synthetic_true_func_2d_ntrain30000000,False,NVIDIA A100-SXM4-40GB,cheap,320,0,320,320,0,0,2,35721,,,,,,,5.215574487357094e-14,6.129005430132686e-15,,,,,1e-05,boxeig,29999999.999961358,True,,nan,0,0,,nan,0,0,0,0,False,549.0,matern,0.1,1.5,1.0,,1336336,3500,btab_boxeig_topk_16384_q320,189,550,549,7500000,30000000,3500,cufinufft,binned_c1,50,549,9.965943365829893e-08,pcg,converged,549,,True,0.1,0,10.254140761423841,0.005261623718658535,0.30000316444208136,0,0.1,boxeig,ok,,0.0006451347890883468,0.3548241339985907,0.0004561848269546675,0.25044546999811246,48256.92806751094,14696,,26927.276368493924,0.0030808410001554876,4.537109107572284e-05,0.02490872900057184,3.943777048536706e-05,0.021651335996466514,0.000273261091071538,0.15002033899827438,0.584966373000043,0.0,0.0,0.001037795999991431,0.0,5.6813599267960816e-05,0.03119066599811049,0.5839285770000515,,0.12610296999991988,0.17489146599996275,0.5888635520000207,0.1552712950001478,1.5378245479998895,0.0,1.7127160139998523,1.8388189839997722,1e-07,,80000,v7_btab_boxeig
35721,,,,,,,,,,,,,,,,,,,,,,,,,,,,,,,,,,,,,group_a,,,,,,group_a,,4199,4200,9.850883661947608e-08,,,,2,synthetic_true_func_2d_ntrain10000000,False,NVIDIA A100-SXM4-40GB,,,,,,,,2,35721,,,,,,,,,0,0,,,1e-05,,,True,,,,,,,,,,,False,4199.0,matern,0.1,1.5,1.0,,,80000,plain_cg,189,4200,,2500000,10000000,3500,cufinufft,cufinufft,,,,,,,,True,0.1,0,,0.008248648584005003,0.299820891744813,0,,,ok,,0.0006349610854753489,2.666836558996465,,,,,,,,,,,,,,,,,,,,,,,,0.12964725400001953,,0.05592054399994595,4.522170063999965,,4.651818092999974,,1e-07,,80000,v1
35721,,,,,,,,,,,,,,,,,,,,,,,,,,,,,,,,,,,,,group_a,,,,,,group_a,,1466,1467,8.286629512981805e-08,,,nan,2,synthetic_true_func_2d_ntrain10000000,False,NVIDIA A100-SXM4-40GB,,,,,,,,2,35721,72,3,nan,,16062.44979732818,0.011144010845604901,,,5,352,0.0005152465538545088,0.18136678695678712,1e-05,,,True,[],,,,,,,,,,False,1466.0,matern,0.1,1.5,1.0,nan,,3500,eigenpro_pcg_q64,189,1467,1466,2500000,10000000,3500,cufinufft,binned_c1,,,,,,,full_eigenpro,True,0.1,0,,0.00828052060749298,0.2998206813481077,0,,,ok,,0.0006421592406286529,0.9420476060022338,0.00018235969031001558,0.26733930599448286,,,[],,,,,,,,,,,,,,,,,0.21855481900001905,,0.08746406599993861,0.00028366500009724405,0.05525597799987736,2.1308485750000727,,2.4371511250001276,,1e-07,64,80000,v3
35721,,,,,,,,,,,,,,,,,,,,,,,,,,,,,,,,,,,,,group_a,,,,,,group_a,,812,813,8.84164444620003e-08,,,nan,2,synthetic_true_func_2d_ntrain10000000,False,NVIDIA A100-SXM4-40GB,,,,,,,,2,35721,136,3,nan,,6056.266582042559,0.004186255006937162,,,5,672,0.0005097447576976958,0.3425484771728516,1e-05,,,True,[],,,,,,,,,,False,812.0,matern,0.1,1.5,1.0,nan,,3500,eigenpro_pcg_q128,189,813,812,2500000,10000000,3500,cufinufft,binned_c1,,,,,,,full_eigenpro,True,0.1,0,,0.008280517472448547,0.2998206815487986,0,,,ok,,0.0006416593222594579,0.5216690289969392,0.0002105643633019565,0.17097826300118868,,,[],,,,,,,,,,,,,,,,,0.41595985199978713,,0.08430750600018655,0.00029339800016714435,0.053538827000011224,1.203396833999932,,1.7039575900000727,,1e-07,128,80000,v3
35721,,,,,,,,,,,,,,,,,,,,,,,,,,,,,,,,,,,,,group_a,,,,,,group_a,,389,390,9.432798069884083e-08,,,nan,2,synthetic_true_func_2d_ntrain10000000,False,NVIDIA A100-SXM4-40GB,,,,,,,,2,35721,264,3,nan,,1881.7920553138945,0.0013001661460737737,,,5,1312,0.0005371527788115711,0.7047444458007812,1e-05,,,True,[],,,,,,,,,,False,389.0,matern,0.1,1.5,1.0,nan,,3500,eigenpro_pcg_q256,189,390,389,2500000,10000000,3500,cufinufft,binned_c1,,,,,,,full_eigenpro,True,0.1,0,,0.008280565991432894,0.29982068240307375,0,,,ok,,0.0006417644179551784,0.25028812300251957,0.00032403124678379974,0.1260481549988981,,,[],,,,,,,,,,,,,,,,,0.8424308080000174,,0.07328649900000528,0.0003012999998190935,0.05298362200005613,0.6222304640000402,,1.538249070999882,,1e-07,256,80000,v3
35721,,,,,,,,,,,,,,,,,,,,,,,,,,,,,,,,,,,,,group_a,,,,,,group_a,,297,298,9.793447053601161e-08,,,nan,2,synthetic_true_func_2d_ntrain10000000,False,NVIDIA A100-SXM4-40GB,,,,,,,,2,35721,328,3,nan,,1248.8071530463308,0.0008628041068950015,,,5,1632,0.0005518651008605957,0.9006438446044922,1e-05,,,True,[],,,,,,,,,,False,297.0,matern,0.1,1.5,1.0,nan,,3500,eigenpro_pcg_q320,189,298,297,2500000,10000000,3500,cufinufft,binned_c1,,,,,,,full_eigenpro,True,0.1,0,,0.008280527583034417,0.29982068303268206,0,,,ok,,0.0006517909261755381,0.19423369600031037,0.0003733383265968864,0.11088148299927525,,,[],,,,,,,,,,,,,,,,,1.07485168900007,,0.07305006599995068,0.00030780899987803423,0.05365668700005699,0.4970130250001148,,1.6452225890000136,,1e-07,320,80000,v3
35721,,,,,,,,,,,,,,,,,,,,,,,,,,,,,,,,,,,,,group_a,,,,,,group_a,,240,241,9.566647237255709e-08,,,nan,2,synthetic_true_func_2d_ntrain10000000,False,NVIDIA A100-SXM4-40GB,,,,,,,,2,35721,392,3,nan,,907.3176056763743,0.0006268624167482901,,,5,1952,0.000567104519390669,1.1069880218505859,1e-05,,,True,[],,,,,,,,,,False,240.0,matern,0.1,1.5,1.0,nan,,3500,eigenpro_pcg_q384,189,241,240,2500000,10000000,3500,cufinufft,binned_c1,,,,,,,full_eigenpro,True,0.1,0,,0.00828051527978774,0.29982068328365485,0,,,ok,,0.0006531355020625781,0.15740565599708134,0.00042278157500087824,0.10146757800021078,,,[],,,,,,,,,,,,,,,,,1.3193212359999507,,0.07321652399991763,0.0003072660001635086,0.053563842999892586,0.41578030699997726,,1.808625333000009,,1e-07,384,80000,v3
35721,,,,,,,,,,,,,,,,,,,,,,,,,,,,,,,,,,,,,group_a,,,,,,group_a,,199,200,9.787937320537372e-08,,,nan,2,synthetic_true_func_2d_ntrain10000000,False,NVIDIA A100-SXM4-40GB,,,,,,,,2,35721,456,3,nan,,679.6020654758642,0.00046953265010291436,,,5,2272,0.0005737676620483399,1.303600128173828,1e-05,,,True,[],,,,,,,,,,False,199.0,matern,0.1,1.5,1.0,nan,,3500,eigenpro_pcg_q448,189,200,199,2500000,10000000,3500,cufinufft,binned_c1,,,,,,,full_eigenpro,True,0.1,0,,0.008280556156569073,0.29982068369850745,0,,,ok,,0.0006481433399972048,0.12962866799944095,0.0004804807738721376,0.09561567400055537,,,[],,,,,,,,,,,,,,,,,1.559423643999935,,0.07306188799998381,0.00030536799999936193,0.05360424700006661,0.3556813440000042,,1.9884722439999223,,1e-07,448,80000,v3
35721,expanded_box,topk,512,,512,0,"[12, 12]","[25, 25]",625,topk,512,,512,80000,625,cheap,30,0.01,,,,,,,,,,,,,,,,,inverse,20000,group_a,50,diag,0.001,50,auto,group_a,auto,594,595,9.65904936653686e-08,0,,,2,synthetic_true_func_2d_ntrain10000000,False,NVIDIA A100-SXM4-40GB,cheap,0,0,0,0,0,0,2,35721,,,,,,,,,,,,,1e-05,inverse,9999999.99998707,True,,nan,0,50,diag,0.001,0,0,0,6250000,False,594.0,matern,0.1,1.5,1.0,,0,3500,btab_auto_topk_512,189,595,594,2500000,10000000,3500,cufinufft,binned_c1,50,594,9.65904936653686e-08,pcg,converged,594,,True,0.1,0,13135.184925173164,0.008280499294983342,0.2998206804372614,0,0.1,exact,ok,,0.0006402272672292521,0.380935224001405,0.00025886333838204923,0.15376482299893723,4628906.861720389,35096,,,0.0014970739998716454,4.4973205383171155e-05,0.026714083997603666,4.1124592591206684e-05,0.02442800799917677,7.480860100903332e-05,0.04443630899936579,0.011557227000139392,0.008856176000108462,0.0011234710000280757,0.0,0.0013536569999814674,5.641405050520996e-05,0.033509946000094715,,,0.0002837099998487247,0.07307694800010722,0.013971375999972224,0.05351553600007719,0.9169085169999107,0.00022392300002138654,0.9899854650000179,0.9902691749998667,1e-07,,80000,v6_btab
35721,expanded_box,topk,728,,728,0,"[15, 15]","[31, 31]",961,topk,728,,728,80000,961,cheap,30,0.01,,,,,,,,,,,,,,,,,inverse,20000,group_a,50,diag,0.001,50,auto,group_a,auto,408,409,9.086783711962255e-08,0,,,2,synthetic_true_func_2d_ntrain10000000,False,NVIDIA A100-SXM4-40GB,cheap,0,0,0,0,0,0,2,35721,,,,,,,,,,,,,1e-05,inverse,9999999.99998707,True,,nan,0,50,diag,0.001,0,0,0,14776336,False,408.0,matern,0.1,1.5,1.0,,0,3500,btab_auto_topk_728,189,409,408,2500000,10000000,3500,cufinufft,binned_c1,50,408,9.086783711962255e-08,pcg,converged,408,,True,0.1,0,5269.585709403807,0.008280503900438002,0.2998206805161671,0,0.1,exact,ok,,0.000640575092911426,0.2619952130007732,0.0002678201397075367,0.10927061700067497,2604782.264387609,34760,,,0.0014537319998453313,4.5131561283177887e-05,0.018413677003536577,4.1294436276668385e-05,0.0168481300008807,8.365274755742932e-05,0.03413032100343116,0.024838616000124603,0.020606227000143917,0.0021690579999358306,0.0,0.0017759020001903991,5.579689459977999e-05,0.022765132996710236,,,0.00026795799999490555,0.07329021999998986,0.02723561399989194,0.05358144199999515,0.6503118750001704,0.00028742899985445547,0.7236020950001603,0.7238700530001552,1e-07,,80000,v6_btab
35721,expanded_box,topk,1024,,1024,0,"[18, 18]","[37, 37]",1369,topk,1024,,1024,80000,1369,cheap,30,0.01,,,,,,,,,,,,,,,,,inverse,20000,group_a,50,diag,0.001,50,auto,group_a,auto,323,324,9.711377419572727e-08,0,,,2,synthetic_true_func_2d_ntrain10000000,False,NVIDIA A100-SXM4-40GB,cheap,0,0,0,0,0,0,2,35721,,,,,,,,,,,,,1e-05,inverse,9999999.99998707,True,,nan,0,50,diag,0.001,0,0,0,29986576,False,323.0,matern,0.1,1.5,1.0,,0,3500,btab_auto_topk_1024,189,324,323,2500000,10000000,3500,cufinufft,binned_c1,50,323,9.711377419572727e-08,pcg,converged,323,,True,0.1,0,2401.51902800323,0.008280491819392184,0.29982068035552173,0,0.1,exact,ok,,0.0006408304629592659,0.20762906999880215,0.00028259318885452683,0.09127760000001217,1592436.997116735,34352,,,0.0015062120000948198,4.507543035809027e-05,0.014559364005663156,4.1593777089843184e-05,0.013434790000019348,9.720953560563627e-05,0.031398680000620516,0.05095973300012702,0.0441141769999831,0.0035893180001949077,0.0,0.002741445999845382,5.682110216835254e-05,0.01835321600037787,,,0.0003022729999884177,0.07354192899992995,0.05339627700004712,0.0536372469998696,0.5523196230001304,0.0005147920001036255,0.6258615520000603,0.6261638250000487,1e-07,,80000,v6_btab
35721,expanded_box,topk,2048,,2048,0,"[25, 25]","[51, 51]",2601,topk,2048,,2048,80000,2601,cheap,30,0.01,,,,,,,,,,,,,,,,,inverse,20000,group_a,50,diag,0.001,50,auto,group_a,auto,174,175,7.368159848986149e-08,0,,,2,synthetic_true_func_2d_ntrain10000000,False,NVIDIA A100-SXM4-40GB,cheap,0,0,0,0,0,0,2,35721,,,,,,,,,,,,,1e-05,inverse,9999999.99998707,True,,nan,0,50,diag,0.001,0,0,0,108243216,False,174.0,matern,0.1,1.5,1.0,,0,3500,btab_auto_topk_2048,189,175,174,2500000,10000000,3500,cufinufft,binned_c1,50,174,7.368159848986149e-08,pcg,converged,174,,True,0.1,0,545.4773061948279,0.008280488498611299,0.2998206805358443,0,0.1,exact,ok,,0.0006447743428634567,0.11283551000110492,0.00034090559196995636,0.059317573002772406,630211.0282575133,33120,,,0.0016156879999016382,4.492654023192438e-05,0.007817218000354842,4.2103327589642106e-05,0.0073259790005977266,0.00015454546551860277,0.026890911000236883,0.20676336699989406,0.1840912949999165,0.01412623800001711,0.0,0.006972797999878821,5.7823890806137295e-05,0.01006135700026789,,,0.000294912000072145,0.07330584799979079,0.2093176500000027,0.05352447700010998,0.4906563070001084,0.001573036000081629,0.5639621549998992,0.5642570669999714,1e-07,,80000,v6_btab
35721,expanded_box,topk,4096,,4096,0,"[36, 36]","[73, 73]",5329,topk,4096,,4096,80000,5329,cheap,30,0.01,,,,,,,,,,,,,,,,,inverse,20000,group_a,50,diag,0.001,50,auto,group_a,auto,88,89,8.339225867016496e-08,0,,,2,synthetic_true_func_2d_ntrain10000000,False,NVIDIA A100-SXM4-40GB,cheap,0,0,0,0,0,0,2,35721,,,,,,,,,,,,,1e-05,inverse,9999999.99998707,True,,nan,0,50,diag,0.001,0,0,0,454371856,False,88.0,matern,0.1,1.5,1.0,,0,3500,btab_auto_topk_4096,189,89,88,2500000,10000000,3500,cufinufft,binned_c1,50,88,8.339225867016496e-08,pcg,converged,88,,True,0.1,0,98.38541971041481,0.008280513190077868,0.29982068009274343,0,0.1,exact,ok,,0.0006457375280952169,0.057470640000474305,0.0006064219090908616,0.05336512799999582,212413.93681756294,30392,,,0.0018095269999776065,4.501272726222603e-05,0.0039611199990758905,4.4621113646185634e-05,0.003926658000864336,0.00041773639772589956,0.03676080299987916,0.9173144809999485,0.7591215979998651,0.12099909700009448,0.0,0.031199550999872372,5.7261988638918574e-05,0.005039055000224835,,,0.00023582399990118574,0.07323564400007854,0.9201463859999421,0.05324505700014015,1.086510705999899,0.005994235000116532,1.1597463499999776,1.1599821739998788,1e-07,,80000,v6_btab
35721,expanded_box,topk,2048,,2048,0,"[25, 25]","[51, 51]",2601,topk,2048,,2048,80000,2601,cheap,30,0.01,,cupy,2.0508313279870614e-14,1.933989642298002e-15,960,418,418,,418,192,2601,33120,7993344,2982.067906213801,29820.67906213801,0.001,boxeig,20000,group_a,50,diag,0.001,50,auto,group_a,boxeig,510,511,8.799570175961942e-08,0,,,2,synthetic_true_func_2d_ntrain10000000,False,NVIDIA A100-SXM4-40GB,cheap,192,0,192,192,0,0,2,35721,,,,,,,2.0508313279870614e-14,1.933989642298002e-15,,,,,1e-05,boxeig,9999999.99998707,True,,nan,0,0,,nan,0,0,0,0,False,510.0,matern,0.1,1.5,1.0,,163216,3500,btab_boxeig_topk_2048_q192,189,511,510,2500000,10000000,3500,cufinufft,binned_c1,50,510,8.799570175961942e-08,pcg,converged,510,,True,0.1,0,545.4773061948279,0.00828042712942456,0.299820680915043,0,0.1,boxeig,ok,,0.0006543955420775644,0.3343961220016354,0.000417068149020933,0.21270475600067584,630211.0282575133,33120,,29820.67906213801,0.0016170160001820477,4.600183137302106e-05,0.02346093400024074,3.850770588265803e-05,0.019638930000155597,0.00023353159215944557,0.11910111200131723,0.35303139100005865,0.0,0.0,0.0009714979998989293,0.0,5.711522941483589e-05,0.029128767001566302,0.3520598930001597,,0.07577786499996364,0.0732602630000656,0.35508404899997004,0.05328584799985947,1.2250795699999344,0.0,1.298339833,1.3741176979999636,1e-07,,80000,v7_btab_boxeig
35721,expanded_box,topk,4096,,4096,0,"[36, 36]","[73, 73]",5329,topk,4096,,4096,80000,5329,cheap,30,0.01,,cupy,1.9121268476991272e-14,1.863031238346345e-15,960,418,418,,418,192,5329,30392,16373760,2983.040518463526,29830.40518463526,0.001,boxeig,20000,group_a,50,diag,0.001,50,auto,group_a,boxeig,602,603,9.834991847627511e-08,0,,,2,synthetic_true_func_2d_ntrain10000000,False,NVIDIA A100-SXM4-40GB,cheap,192,0,192,192,0,0,2,35721,,,,,,,1.9121268476991272e-14,1.863031238346345e-15,,,,,1e-05,boxeig,9999999.99998707,True,,nan,0,0,,nan,0,0,0,0,False,602.0,matern,0.1,1.5,1.0,,336400,3500,btab_boxeig_topk_4096_q192,189,603,602,2500000,10000000,3500,cufinufft,binned_c1,50,602,9.834991847627511e-08,pcg,converged,602,,True,0.1,0,98.38541971041481,0.008280606697777798,0.29982068145673707,0,0.1,boxeig,ok,,0.000653783058044023,0.3942311840005459,0.0004278663089683224,0.2575755179989301,212413.93681756294,30392,,29830.40518463526,0.0018178660000103264,4.579694684647215e-05,0.027569762001576237,3.9036343846902635e-05,0.023499878995835388,0.00024381594517986602,0.14677719899827935,0.3584922679999636,0.0,0.0,0.0010000080001191236,0.0,5.74198538206746e-05,0.03456675200004611,0.35749225999984446,,0.0769168469998931,0.07328518799999983,0.3607511879999947,0.05350783000017145,1.3930405050000445,0.0,1.4663256930000443,1.5432425399999374,1e-07,,80000,v7_btab_boxeig
35721,expanded_box,topk,4096,,4096,0,"[36, 36]","[73, 73]",5329,topk,4096,,4096,80000,5329,cheap,30,0.01,,cupy,3.1958499184385573e-14,2.9406985538675737e-15,1280,546,546,,546,256,5329,30392,21831680,1502.596297604679,15025.962976046789,0.001,boxeig,20000,group_a,50,diag,0.001,50,auto,group_a,boxeig,416,417,9.69799949555225e-08,0,,,2,synthetic_true_func_2d_ntrain10000000,False,NVIDIA A100-SXM4-40GB,cheap,256,0,256,256,0,0,2,35721,,,,,,,3.1958499184385573e-14,2.9406985538675737e-15,,,,,1e-05,boxeig,9999999.99998707,True,,nan,0,0,,nan,0,0,0,0,False,416.0,matern,0.1,1.5,1.0,,336400,3500,btab_boxeig_topk_4096_q256,189,417,416,2500000,10000000,3500,cufinufft,binned_c1,50,416,9.69799949555225e-08,pcg,converged,416,,True,0.1,0,98.38541971041481,0.008280512296951311,0.2998206817992345,0,0.1,boxeig,ok,,0.0006619271918447888,0.27602363899927695,0.00044085615625933685,0.18339616100388412,212413.93681756294,30392,,15025.962976046789,0.001815007000004698,4.7194875003461115e-05,0.019633068001439824,4.087804086612305e-05,0.01700526500030719,0.00025114366827512394,0.10447576600245156,2.6503725179998128,0.0,0.0,0.0009358439999687107,0.0,5.923689423453355e-05,0.024642548001565956,2.649436673999844,,0.10176679999995031,0.07304577400009293,2.6526833259999876,0.05559642699995493,3.3821621130000494,0.0,3.4552078870001424,3.5569746870000927,1e-07,,80000,v7_btab_boxeig
35721,expanded_box,topk,8192,,8192,0,"[51, 51]","[103, 103]",10609,topk,8192,,8192,80000,10609,cheap,30,0.01,,cupy,2.889170450595402e-14,2.441652053791301e-15,960,418,418,,418,192,10609,25112,32593920,2983.1788215675483,29831.788215675482,0.001,boxeig,20000,group_a,50,diag,0.001,50,auto,group_a,boxeig,675,676,9.790610065490955e-08,0,,,2,synthetic_true_func_2d_ntrain10000000,False,NVIDIA A100-SXM4-40GB,cheap,192,0,192,192,0,0,2,35721,,,,,,,2.889170450595402e-14,2.441652053791301e-15,,,,,1e-05,boxeig,9999999.99998707,True,,nan,0,0,,nan,0,0,0,0,False,675.0,matern,0.1,1.5,1.0,,672400,3500,btab_boxeig_topk_8192_q192,189,676,675,2500000,10000000,3500,cufinufft,binned_c1,50,675,9.790610065490955e-08,pcg,converged,675,,True,0.1,0,18.400345644895555,0.00828070235601178,0.29982068224968106,0,0.1,boxeig,ok,,0.0006472659911223296,0.4375518099986948,0.00042562090962847935,0.28729411399922355,68148.36614050946,25112,,29831.788215675482,0.0022082199998294527,4.522941185516377e-05,0.03052985300223554,3.931861777514482e-05,0.026540066998222756,0.00024256222073139119,0.16372949899368905,0.3566829870001129,0.0,0.0,0.0010205930000211083,0.0,5.684542518624598e-05,0.03837066200071604,0.3556623940000918,,0.07817959499993776,0.08467467200011924,0.35938543199995365,0.05316186100003506,1.5071570709999378,0.0,1.591831743000057,1.6700113379999948,1e-07,,80000,v7_btab_boxeig
35721,expanded_box,topk,8192,,8192,0,"[51, 51]","[103, 103]",10609,topk,8192,,8192,80000,10609,cheap,30,0.01,,cupy,2.977675679523676e-14,5.279240487543017e-15,1280,546,546,,546,256,10609,25112,43458560,1502.7218357444954,15027.218357444954,0.001,boxeig,20000,group_a,50,diag,0.001,50,auto,group_a,boxeig,476,477,9.789495691234006e-08,0,,,2,synthetic_true_func_2d_ntrain10000000,False,NVIDIA A100-SXM4-40GB,cheap,256,0,256,256,0,0,2,35721,,,,,,,2.977675679523676e-14,5.279240487543017e-15,,,,,1e-05,boxeig,9999999.99998707,True,,nan,0,0,,nan,0,0,0,0,False,476.0,matern,0.1,1.5,1.0,,672400,3500,btab_boxeig_topk_8192_q256,189,477,476,2500000,10000000,3500,cufinufft,binned_c1,50,476,9.789495691234006e-08,pcg,converged,476,,True,0.1,0,18.400345644895555,0.008280766979671823,0.29982068258575306,0,0.1,boxeig,ok,,0.0006516310083938403,0.3108279910038618,0.0004166857857125778,0.19834243399918705,68148.36614050946,25112,,15027.218357444954,0.0022488800000246556,4.504669747149376e-05,0.02144222799643103,3.9207913869272526e-05,0.018662967001773723,0.0002346225189080733,0.11168031900024289,0.4622998440001993,0.0,0.0,0.0010058980001304008,0.0,5.654232772500842e-05,0.02691414799710401,0.4612939460000689,,0.10396514000012758,0.07290215600005467,0.46511314800000036,0.05343804400013141,1.2733698259999073,0.0,1.346271981999962,1.4502371220000896,1e-07,,80000,v7_btab_boxeig
35721,expanded_box,topk,8192,,8192,0,"[51, 51]","[103, 103]",10609,topk,8192,,8192,80000,10609,cheap,30,0.01,,cupy,1.8263458598121279e-13,5.085185393214642e-15,1600,674,674,,674,320,10609,25112,54323200,897.3976516339661,8973.97651633966,0.001,boxeig,20000,group_a,50,diag,0.001,50,auto,group_a,boxeig,365,366,9.763955850858496e-08,0,,,2,synthetic_true_func_2d_ntrain10000000,False,NVIDIA A100-SXM4-40GB,cheap,320,0,320,320,0,0,2,35721,,,,,,,1.8263458598121279e-13,5.085185393214642e-15,,,,,1e-05,boxeig,9999999.99998707,True,,nan,0,0,,nan,0,0,0,0,False,365.0,matern,0.1,1.5,1.0,,672400,3500,btab_boxeig_topk_8192_q320,189,366,365,2500000,10000000,3500,cufinufft,binned_c1,50,365,9.763955850858496e-08,pcg,converged,365,,True,0.1,0,18.400345644895555,0.008280442027897681,0.29982068276525303,0,0.1,boxeig,ok,,0.0006690126366194937,0.2448586250027347,0.00041982251506590115,0.15323521799905393,68148.36614050946,25112,,8973.97651633966,0.002246345999992627,4.5869673983224236e-05,0.016742431003876845,3.975986027000221e-05,0.014512348998550806,0.00023530979726884863,0.08588807600312975,0.5844775969999318,0.0,0.0,0.0010143770000468066,0.0,5.700071506309965e-05,0.020805260998031372,0.583463219999885,,0.12893652399998246,0.07326770400004534,0.5873280470000282,0.05304313200008437,1.2166811119998329,0.0,1.2899488159998782,1.4188853399998607,1e-07,,80000,v7_btab_boxeig
35721,expanded_box,topk,16384,,16384,0,"[72, 72]","[145, 145]",21025,topk,16384,,16384,80000,21025,cheap,30,0.01,,cupy,2.1028870684458533e-14,2.0490459504381534e-15,960,418,418,,418,192,21025,14696,64591872,2983.197287821335,29831.97287821335,0.001,boxeig,20000,group_a,50,diag,0.001,50,auto,group_a,boxeig,746,747,9.916090430784403e-08,0,,,2,synthetic_true_func_2d_ntrain10000000,False,NVIDIA A100-SXM4-40GB,cheap,192,0,192,192,0,0,2,35721,,,,,,,2.1028870684458533e-14,2.0490459504381534e-15,,,,,1e-05,boxeig,9999999.99998707,True,,nan,0,0,,nan,0,0,0,0,False,746.0,matern,0.1,1.5,1.0,,1336336,3500,btab_boxeig_topk_16384_q192,189,747,746,2500000,10000000,3500,cufinufft,binned_c1,50,746,9.916090430784403e-08,pcg,converged,746,,True,0.1,0,3.4180462923873587,0.008280645453524587,0.29982068297749104,0,0.1,boxeig,ok,,0.0006488833587695655,0.4847158690008655,0.0004363476635414272,0.3255153570019047,16085.639725487708,14696,,29831.97287821335,0.003046354999924006,4.543914075287923e-05,0.033897599001647905,3.9392008039032525e-05,0.029386437997118264,0.00025293401608600906,0.18868877600016276,0.3546109730000353,0.0,0.0,0.0010412110000288521,0.0,5.706167828959746e-05,0.0425680120040397,0.35356976200000645,,0.07659529600005044,0.07323900999995203,0.35831433199996354,0.053305293999983405,1.637395215000197,0.0,1.710634225000149,1.7872295210001994,1e-07,,80000,v7_btab_boxeig
35721,expanded_box,topk,16384,,16384,0,"[72, 72]","[145, 145]",21025,topk,16384,,16384,80000,21025,cheap,30,0.01,,cupy,3.8591694602304396e-14,4.686900381683878e-15,1280,546,546,,546,256,21025,14696,86122496,1502.7384960261952,15027.384960261952,0.001,boxeig,20000,group_a,50,diag,0.001,50,auto,group_a,boxeig,529,530,9.169668847364117e-08,0,,,2,synthetic_true_func_2d_ntrain10000000,False,NVIDIA A100-SXM4-40GB,cheap,256,0,256,256,0,0,2,35721,,,,,,,3.8591694602304396e-14,4.686900381683878e-15,,,,,1e-05,boxeig,9999999.99998707,True,,nan,0,0,,nan,0,0,0,0,False,529.0,matern,0.1,1.5,1.0,,1336336,3500,btab_boxeig_topk_16384_q256,189,530,529,2500000,10000000,3500,cufinufft,binned_c1,50,529,9.169668847364117e-08,pcg,converged,529,,True,0.1,0,3.4180462923873587,0.008280623083384859,0.299820683087653,0,0.1,boxeig,ok,,0.0006449276716977074,0.34181166599978496,0.0004384014121007433,0.2319143470012932,16085.639725487708,14696,,15027.384960261952,0.0030491069999243336,4.514843478605771e-05,0.02388352200182453,3.924898865793238e-05,0.020762715000046228,0.00025561309262496257,0.1352193259986052,0.4630961989998923,0.0,0.0,0.001014631000089139,0.0,5.6667474485852055e-05,0.029977094003015736,0.46208156799980316,,0.10191384000017933,0.07959748400003264,0.46688111599996773,0.053282586000023,1.3715656809999928,0.0,1.4511631650000254,1.5530770050002047,1e-07,,80000,v7_btab_boxeig
35721,expanded_box,topk,16384,,16384,0,"[72, 72]","[145, 145]",21025,topk,16384,,16384,80000,21025,cheap,30,0.01,,cupy,1.0479506762769651e-13,5.176091771665118e-15,1600,674,674,,674,320,21025,14696,107653120,897.4172230334406,8974.172230334405,0.001,boxeig,20000,group_a,50,diag,0.001,50,auto,group_a,boxeig,398,399,9.805401438218255e-08,0,,,2,synthetic_true_func_2d_ntrain10000000,False,NVIDIA A100-SXM4-40GB,cheap,320,0,320,320,0,0,2,35721,,,,,,,1.0479506762769651e-13,5.176091771665118e-15,,,,,1e-05,boxeig,9999999.99998707,True,,nan,0,0,,nan,0,0,0,0,False,398.0,matern,0.1,1.5,1.0,,1336336,3500,btab_boxeig_topk_16384_q320,189,399,398,2500000,10000000,3500,cufinufft,binned_c1,50,398,9.805401438218255e-08,pcg,converged,398,,True,0.1,0,3.4180462923873587,0.008280491659229488,0.29982068361547987,0,0.1,boxeig,ok,,0.0006795035488729601,0.2711219160003111,0.00047660202512621644,0.18968760600023415,16085.639725487708,14696,,8974.172230334405,0.003044780999971408,4.7508592961688255e-05,0.018908419998751924,4.1934110551674215e-05,0.016689775999566336,0.0002855337160693367,0.11364241899559602,3.602787730000273,0.0,0.0,0.0009967230000711425,0.0,5.886173618416969e-05,0.023426971001299535,3.6017910070002017,,0.12687722700002269,0.07288095000012618,3.6066909430001033,0.05526786300015374,4.337042384999904,0.0,4.40992333500003,4.536800562000053,1e-07,,80000,v7_btab_boxeig
35721,,,,,,,,,,,,,,,,,,,,,,,,,,,,,,,,,,,,,group_a,,,,,,group_a,,2895,2896,7.692075258947035e-08,,,,2,USGS_LPC_IL_Winnebago_2018_ground_elevation_regression_ntrain3000000,False,NVIDIA A100-SXM4-40GB,,,,,,,,2,35721,,,,,,,,,0,0,,,1e-05,,,True,,,,,,,,,,,False,2895.0,matern,0.1,1.5,1.0,,,80000,plain_cg,189,2896,,750000,3000000,3500,cufinufft,cufinufft,,,,,,,,True,0.1,0,,0.11826660459525197,0.11814472145781618,0,,,ok,,0.0006336375369481203,1.8350143070017566,,,,,,,,,,,,,,,,,,,,,,,,0.045923721999997724,,0.018340669000053822,3.1149527139998554,,3.160877156999959,,1e-07,,80000,v1
35721,,,,,,,,,,,,,,,,,,,,,,,,,,,,,,,,,,,,,group_a,,,,,,group_a,,439,440,9.948773648853155e-08,,,nan,2,USGS_LPC_IL_Winnebago_2018_ground_elevation_regression_ntrain3000000,False,NVIDIA A100-SXM4-40GB,,,,,,,,2,35721,72,3,nan,,525.0448001243129,0.0005948496427441555,,,5,352,0.0005097948962991888,0.17944780349731446,1e-05,,,True,[],,,,,,,,,,False,439.0,matern,0.1,1.5,1.0,nan,,3500,eigenpro_pcg_q64,189,440,439,750000,3000000,3500,cufinufft,binned_c1,,,,,,,full_eigenpro,True,0.1,0,,0.11806235497937553,0.11794242656932799,0,,,ok,,0.0006408478500020464,0.28197305400090045,0.00018287711389913846,0.08028305300172178,,,[],,,,,,,,,,,,,,,,,0.22093124799994257,,0.03776166100010414,0.0002888320000238309,0.017493472000069232,0.6378839120000066,,0.8968656530000771,,1e-07,64,80000,v3
35721,,,,,,,,,,,,,,,,,,,,,,,,,,,,,,,,,,,,,group_a,,,,,,group_a,,203,204,8.169265296168143e-08,,,nan,2,USGS_LPC_IL_Winnebago_2018_ground_elevation_regression_ntrain3000000,False,NVIDIA A100-SXM4-40GB,,,,,,,,2,35721,136,3,nan,,164.0020668894012,0.0001858027869239203,,,5,672,0.0005179687681652251,0.34807501220703124,1e-05,,,True,[],,,,,,,,,,False,203.0,matern,0.1,1.5,1.0,nan,,3500,eigenpro_pcg_q128,189,204,203,750000,3000000,3500,cufinufft,binned_c1,,,,,,,full_eigenpro,True,0.1,0,,0.1180623585419563,0.11794243035260414,0,,,ok,,0.0006381527450941451,0.1301831599992056,0.00020860947290265327,0.04234772299923861,,,[],,,,,,,,,,,,,,,,,0.41516004100003556,,0.030980751999777567,0.00028191199999128,0.01734298800010947,0.300265133000039,,0.7466878379998434,,1e-07,128,80000,v3
35721,,,,,,,,,,,,,,,,,,,,,,,,,,,,,,,,,,,,,group_a,,,,,,group_a,,85,86,9.264734042078985e-08,,,nan,2,USGS_LPC_IL_Winnebago_2018_ground_elevation_regression_ntrain3000000,False,NVIDIA A100-SXM4-40GB,,,,,,,,2,35721,264,3,nan,,42.0644831130612,4.765604641936324e-05,,,5,1312,0.0005366930845307141,0.7041413269042969,1e-05,,,True,[],,,,,,,,,,False,85.0,matern,0.1,1.5,1.0,nan,,3500,eigenpro_pcg_q256,189,86,85,750000,3000000,3500,cufinufft,binned_c1,,,,,,,full_eigenpro,True,0.1,0,,0.1180623655337173,0.11794243509114988,0,,,ok,,0.000642879395347209,0.05528762799985998,0.0003279820117554396,0.027878470999212368,,,[],,,,,,,,,,,,,,,,,0.8418085309999697,,0.030755599000030998,0.00029225999992377183,0.017389642000125605,0.13867889900006958,,1.011535288999994,,1e-07,256,80000,v3
35721,,,,,,,,,,,,,,,,,,,,,,,,,,,,,,,,,,,,,group_a,,,,,,group_a,,65,66,7.900804261373625e-08,,,nan,2,USGS_LPC_IL_Winnebago_2018_ground_elevation_regression_ntrain3000000,False,NVIDIA A100-SXM4-40GB,,,,,,,,2,35721,328,3,nan,,26.635125993007456,3.0175688889087005e-05,,,5,1632,0.0005481675278906729,0.8946094055175782,1e-05,,,True,[],,,,,,,,,,False,65.0,matern,0.1,1.5,1.0,nan,,3500,eigenpro_pcg_q320,189,66,65,750000,3000000,3500,cufinufft,binned_c1,,,,,,,full_eigenpro,True,0.1,0,,0.11806237104697036,0.11794243778991513,0,,,ok,,0.0006424115606064747,0.04239916300002733,0.000374319384617103,0.024330760000111695,,,[],,,,,,,,,,,,,,,,,1.0686870439999439,,0.030755285999930493,0.00031835499999033345,0.017361332000064067,0.10989993399994091,,1.2096606189998056,,1e-07,320,80000,v3
35721,,,,,,,,,,,,,,,,,,,,,,,,,,,,,,,,,,,,,group_a,,,,,,group_a,,51,52,8.178647812623966e-08,,,nan,2,USGS_LPC_IL_Winnebago_2018_ground_elevation_regression_ntrain3000000,False,NVIDIA A100-SXM4-40GB,,,,,,,,2,35721,392,3,nan,,18.101394152724925,2.050758205281613e-05,,,5,1952,0.0005631701047303248,1.0993080444335939,1e-05,,,True,[],,,,,,,,,,False,51.0,matern,0.1,1.5,1.0,nan,,3500,eigenpro_pcg_q384,189,52,51,750000,3000000,3500,cufinufft,binned_c1,,,,,,,full_eigenpro,True,0.1,0,,0.11806237282318448,0.11794243953864843,0,,,ok,,0.0006502203461571718,0.033811458000172934,0.0004239368431403729,0.02162077900015902,,,[],,,,,,,,,,,,,,,,,1.3115664750000633,,0.0304870329998721,0.0003510740000365331,0.017455530999995972,0.09059602000002087,,1.4330006019999928,,1e-07,384,80000,v3
35721,,,,,,,,,,,,,,,,,,,,,,,,,,,,,,,,,,,,,group_a,,,,,,group_a,,41,42,7.69887601392113e-08,,,nan,2,USGS_LPC_IL_Winnebago_2018_ground_elevation_regression_ntrain3000000,False,NVIDIA A100-SXM4-40GB,,,,,,,,2,35721,456,3,nan,,13.201464303786103,1.4956312693151959e-05,,,5,2272,0.0005695211383658395,1.2939520263671875,1e-05,,,True,[],,,,,,,,,,False,41.0,matern,0.1,1.5,1.0,nan,,3500,eigenpro_pcg_q448,189,42,41,750000,3000000,3500,cufinufft,binned_c1,,,,,,,full_eigenpro,True,0.1,0,,0.11806237142090734,0.11794244271788587,0,,,ok,,0.0006401962619217253,0.026888243000712464,0.00048053375610656874,0.01970188400036932,,,[],,,,,,,,,,,,,,,,,1.5497348629999124,,0.03050125200002185,0.00031336500001089007,0.01739795100002084,0.0755494100001215,,1.6560988900000666,,1e-07,448,80000,v3
35721,expanded_box,topk,512,,512,0,"[12, 12]","[25, 25]",625,topk,512,,512,80000,625,cheap,30,0.01,,,,,,,,,,,,,,,,,inverse,20000,group_a,50,diag,0.001,50,auto,group_a,auto,3500,3501,0.00011366323089604179,0,,,2,USGS_LPC_IL_Winnebago_2018_ground_elevation_regression_ntrain3000000,False,NVIDIA A100-SXM4-40GB,cheap,0,0,0,0,0,0,2,35721,,,,,,,,,,,,,1e-05,inverse,2999999.9999957276,True,,nan,0,50,diag,0.001,0,0,0,6250000,False,3500.0,matern,0.1,1.5,1.0,,0,3500,btab_auto_topk_512,189,3501,3501,750000,3000000,3500,cufinufft,binned_c1,50,3500,0.00011366323089604179,pcg,maxiter,3501,,True,0.1,0,3940.5563322492503,0.11810377914913661,0.11798209750283035,0,0.1,exact,ok,,0.0006400305878315383,2.2407470879982156,0.00026369687346509426,0.923202754001295,1388672.4014113897,35096,,,0.0014561919999778183,4.609879719794646e-05,0.16139188899001056,4.20201822329243e-05,0.14711265799746798,7.595374607061972e-05,0.26591406499323966,0.011652787000002718,0.008954000999892742,0.001128906000076313,0.0,0.0013415669998266821,5.7661554984359375e-05,0.20187310400024217,,,0.00026104500011570053,0.030910656000060044,0.014065286999993987,0.018363291000014215,5.349017764999871,0.0002283130002069811,5.379928420999931,5.380189466000047,1e-07,,80000,v6_btab
35721,expanded_box,topk,728,,728,0,"[15, 15]","[31, 31]",961,topk,728,,728,80000,961,cheap,30,0.01,,,,,,,,,,,,,,,,,inverse,20000,group_a,50,diag,0.001,50,auto,group_a,auto,3500,3501,0.00023467512374301082,0,,,2,USGS_LPC_IL_Winnebago_2018_ground_elevation_regression_ntrain3000000,False,NVIDIA A100-SXM4-40GB,cheap,0,0,0,0,0,0,2,35721,,,,,,,,,,,,,1e-05,inverse,2999999.9999957276,True,,nan,0,50,diag,0.001,0,0,0,14776336,False,3500.0,matern,0.1,1.5,1.0,,0,3500,btab_auto_topk_728,189,3501,3501,750000,3000000,3500,cufinufft,binned_c1,50,3500,0.00023467512374301082,pcg,maxiter,3501,,True,0.1,0,1580.8760886493887,0.11814864759311008,0.11802602931847868,0,0.1,exact,ok,,0.0006382423527533732,2.2344864769895594,0.00027259248157597874,0.9543462779975016,781434.8816036546,34760,,,0.0015752560000237281,4.618140445721299e-05,0.16168109700470268,4.249991688284556e-05,0.1487922090068423,8.443925992537418e-05,0.295621848998735,0.0265739090000352,0.021328389000018433,0.0027165410001543933,0.0,0.002220913999963159,5.775422564812592e-05,0.20219754399408885,,,0.00026070700005220715,0.035001633000092625,0.029061596000019563,0.018590367000115293,5.385568230999979,0.00030806499989921576,5.420569864000072,5.420830571000124,1e-07,,80000,v6_btab
35721,expanded_box,topk,1024,,1024,0,"[18, 18]","[37, 37]",1369,topk,1024,,1024,80000,1369,cheap,30,0.01,,,,,,,,,,,,,,,,,inverse,20000,group_a,50,diag,0.001,50,auto,group_a,auto,3500,3501,0.000687696754715727,0,,,2,USGS_LPC_IL_Winnebago_2018_ground_elevation_regression_ntrain3000000,False,NVIDIA A100-SXM4-40GB,cheap,0,0,0,0,0,0,2,35721,,,,,,,,,,,,,1e-05,inverse,2999999.999995727,True,,nan,0,50,diag,0.001,0,0,0,29986576,False,3500.0,matern,0.1,1.5,1.0,,0,3500,btab_auto_topk_1024,189,3501,3501,750000,3000000,3500,cufinufft,binned_c1,50,3500,0.000687696754715727,pcg,maxiter,3501,,True,0.1,0,720.4558888596372,0.11819320601517139,0.1180707881945378,0,0.1,exact,ok,,0.0006382661431010079,2.2345697669966285,0.00028745946272549166,1.0063955790019463,477731.22622900066,34352,,,0.0016125470001497888,4.5780061695650235e-05,0.16027599599647147,4.2762347044752536e-05,0.14971097700367864,9.914605684081454e-05,0.34711034499969173,0.051455196000006254,0.04284269499999027,0.004496057999858749,0.0,0.0036021840001012606,5.761594030561192e-05,0.20171340700994733,,,0.0002669780001269828,0.03562432500007162,0.05403002700018078,0.01838349400009065,5.464942206999922,0.0005142590000559721,5.5005665319999935,5.50083351000012,1e-07,,80000,v6_btab
35721,expanded_box,topk,2048,,2048,0,"[25, 25]","[51, 51]",2601,topk,2048,,2048,80000,2601,cheap,30,0.01,,,,,,,,,,,,,,,,,inverse,20000,group_a,50,diag,0.001,50,auto,group_a,auto,3500,3501,0.0009907178182082738,0,,,2,USGS_LPC_IL_Winnebago_2018_ground_elevation_regression_ntrain3000000,False,NVIDIA A100-SXM4-40GB,cheap,0,0,0,0,0,0,2,35721,,,,,,,,,,,,,1e-05,inverse,2999999.999995727,True,,nan,0,50,diag,0.001,0,0,0,108243216,False,3500.0,matern,0.1,1.5,1.0,,0,3500,btab_auto_topk_2048,189,3501,3501,750000,3000000,3500,cufinufft,binned_c1,50,3500,0.0009907178182082738,pcg,maxiter,3501,,True,0.1,0,163.64323537297824,0.11821656881192857,0.11808862335529999,0,0.1,exact,ok,,0.0006368338106239488,2.229555170994445,0.00034566633876282645,1.2101778520086555,189063.3603831243,33120,,,0.0015679629998430755,4.581625821281025e-05,0.16040272000304867,4.299465266804205e-05,0.15052427899081522,0.00015752564610249916,0.5514972870048496,0.21072367000010672,0.1824630520000028,0.017859143000123368,0.0,0.008818641000061689,5.742085175761939e-05,0.20103040200342548,,,0.0002632299999731913,0.03507029499996861,0.21324284999991505,0.018357717000071716,5.817706246999933,0.0015828339999188756,5.852776541999901,5.853039771999875,1e-07,,80000,v6_btab
35721,expanded_box,topk,4096,,4096,0,"[36, 36]","[73, 73]",5329,topk,4096,,4096,80000,5329,cheap,30,0.01,,,,,,,,,,,,,,,,,inverse,20000,group_a,50,diag,0.001,50,auto,group_a,auto,3500,3501,0.0005620016907331862,0,,,2,USGS_LPC_IL_Winnebago_2018_ground_elevation_regression_ntrain3000000,False,NVIDIA A100-SXM4-40GB,cheap,0,0,0,0,0,0,2,35721,,,,,,,,,,,,,1e-05,inverse,2999999.9999957276,True,,nan,0,50,diag,0.001,0,0,0,454371856,False,3500.0,matern,0.1,1.5,1.0,,0,3500,btab_auto_topk_4096,189,3501,3501,750000,3000000,3500,cufinufft,binned_c1,50,3500,0.0005620016907331862,pcg,maxiter,3501,,True,0.1,0,29.515634040838385,0.11831187833928988,0.1181922203355585,0,0.1,exact,ok,,0.0006378914870047159,2.23325809600351,0.0006116110499893072,2.141250286012564,63724.19886324771,30392,,,0.0018378289998963737,4.5635092545869594e-05,0.15976845900308945,4.4574473007320314e-05,0.15605522999862842,0.00042192130934066454,1.4771465040016665,0.9218654460000835,0.7636252960001002,0.1209838080001191,0.0,0.03125613399993199,5.7266754356390176e-05,0.200490907001722,,,0.0002431609998438944,0.03557412600002863,0.9247530589998405,0.018259836000197538,7.475431529999923,0.006000207999932172,7.511005655999952,7.511248816999796,1e-07,,80000,v6_btab
35721,expanded_box,topk,2048,,2048,0,"[25, 25]","[51, 51]",2601,topk,2048,,2048,80000,2601,cheap,30,0.01,,cupy,1.7625260175351202e-11,3.277810567304018e-14,960,418,418,,418,192,2601,33120,7993344,6.253266866272679,62.53266866272679,0.001,boxeig,20000,group_a,50,diag,0.001,50,auto,group_a,boxeig,712,713,9.981681683809586e-08,0,,,2,USGS_LPC_IL_Winnebago_2018_ground_elevation_regression_ntrain3000000,False,NVIDIA A100-SXM4-40GB,cheap,192,0,192,192,0,0,2,35721,,,,,,,1.7625260175351202e-11,3.277810567304018e-14,,,,,1e-05,boxeig,2999999.9999957276,True,,nan,0,0,,nan,0,0,0,0,False,712.0,matern,0.1,1.5,1.0,,163216,3500,btab_boxeig_topk_2048_q192,189,713,712,750000,3000000,3500,cufinufft,binned_c1,50,712,9.981681683809586e-08,pcg,converged,712,,True,0.1,0,163.64323537297827,0.11806235417223498,0.11794241922649787,0,0.1,boxeig,ok,,0.0006466117938333431,0.4610342090031736,0.0004178831502846851,0.2975328030026958,189063.36038312432,33120,,62.53266866272679,0.0015921429999252723,4.6719455056152866e-05,0.03326425199998084,3.9557037932157714e-05,0.028164611007696294,0.00023152904635433545,0.16484868100428685,0.34887012500007586,0.0,0.0,0.0009505170000920771,0.0,5.820502106900952e-05,0.04144197500113478,0.3479196079999838,,0.07521059700002297,0.03515096900014214,0.35094514000002164,0.018262626000023374,1.5579385869998532,0.0,1.5930895559999954,1.6683001530000183,1e-07,,80000,v7_btab_boxeig
35721,expanded_box,topk,4096,,4096,0,"[36, 36]","[73, 73]",5329,topk,4096,,4096,80000,5329,cheap,30,0.01,,cupy,2.2629241016826557e-13,4.146853142754122e-14,960,418,418,,418,192,5329,30392,16373760,71.62164968907986,716.2164968907986,0.001,boxeig,20000,group_a,50,diag,0.001,50,auto,group_a,boxeig,633,634,9.951316028093485e-08,0,,,2,USGS_LPC_IL_Winnebago_2018_ground_elevation_regression_ntrain3000000,False,NVIDIA A100-SXM4-40GB,cheap,192,0,192,192,0,0,2,35721,,,,,,,2.2629241016826557e-13,4.146853142754122e-14,,,,,1e-05,boxeig,2999999.9999957276,True,,nan,0,0,,nan,0,0,0,0,False,633.0,matern,0.1,1.5,1.0,,336400,3500,btab_boxeig_topk_4096_q192,189,634,633,750000,3000000,3500,cufinufft,binned_c1,50,633,9.951316028093485e-08,pcg,converged,633,,True,0.1,0,29.515634040838385,0.11806235695902415,0.11794242128590537,0,0.1,boxeig,ok,,0.0006529302097812952,0.4139577530013412,0.00043441587203776324,0.2749852469999041,63724.19886324771,30392,,716.2164968907986,0.0017972009998175054,4.621509004311669e-05,0.029254151997292865,4.067571090617974e-05,0.025747725003611777,0.0002469576556139844,0.1563241960036521,0.3561890769999536,0.0,0.0,0.0009513649999917106,0.0,5.8564462875440915e-05,0.0370713050001541,0.3552377119999619,,0.07698063100019681,0.03494134600009602,0.3584199770000396,0.01830423100000189,1.4506375589999152,0.0,1.4855789050000112,1.562559536000208,1e-07,,80000,v7_btab_boxeig
35721,expanded_box,topk,4096,,4096,0,"[36, 36]","[73, 73]",5329,topk,4096,,4096,80000,5329,cheap,30,0.01,,cupy,2.363251330384638e-12,3.066470076045934e-14,1280,546,546,,546,256,5329,30392,21831680,16.737538404062434,167.37538404062434,0.001,boxeig,20000,group_a,50,diag,0.001,50,auto,group_a,boxeig,370,371,9.602544390687344e-08,0,,,2,USGS_LPC_IL_Winnebago_2018_ground_elevation_regression_ntrain3000000,False,NVIDIA A100-SXM4-40GB,cheap,256,0,256,256,0,0,2,35721,,,,,,,2.363251330384638e-12,3.066470076045934e-14,,,,,1e-05,boxeig,2999999.999995727,True,,nan,0,0,,nan,0,0,0,0,False,370.0,matern,0.1,1.5,1.0,,336400,3500,btab_boxeig_topk_4096_q256,189,371,370,750000,3000000,3500,cufinufft,binned_c1,50,370,9.602544390687344e-08,pcg,converged,370,,True,0.1,0,29.51563404083838,0.11806235355131808,0.11794241674729579,0,0.1,boxeig,ok,,0.0006542299919046389,0.24271932699662102,0.00043310264864529117,0.16024797999875773,63724.1988632477,30392,,167.37538404062434,0.0018090739999934158,4.6900840536452325e-05,0.01735331099848736,3.994891350786831e-05,0.014781097997911274,0.000244557421627645,0.09048624600222865,0.46695728400004555,0.0,0.0,0.0009533410000130971,0.0,5.9527078381482146e-05,0.022025019001148394,0.46600394300003245,,0.10137144700001954,0.035337097999899925,0.4692663739999716,0.018154485999957615,1.1060152000000016,0.0,1.1413522979999016,1.242723744999921,1e-07,,80000,v7_btab_boxeig
35721,expanded_box,topk,8192,,8192,0,"[51, 51]","[103, 103]",10609,topk,8192,,8192,80000,10609,cheap,30,0.01,,cupy,2.1005810051222676e-12,2.612430952748808e-14,960,418,418,,418,192,10609,25112,32593920,77.84041624046067,778.4041624046066,0.001,boxeig,20000,group_a,50,diag,0.001,50,auto,group_a,boxeig,560,561,8.732354276323922e-08,0,,,2,USGS_LPC_IL_Winnebago_2018_ground_elevation_regression_ntrain3000000,False,NVIDIA A100-SXM4-40GB,cheap,192,0,192,192,0,0,2,35721,,,,,,,2.1005810051222676e-12,2.612430952748808e-14,,,,,1e-05,boxeig,2999999.9999957276,True,,nan,0,0,,nan,0,0,0,0,False,560.0,matern,0.1,1.5,1.0,,672400,3500,btab_boxeig_topk_8192_q192,189,561,560,750000,3000000,3500,cufinufft,binned_c1,50,560,8.732354276323922e-08,pcg,converged,560,,True,0.1,0,5.520105239465894,0.11806235138897302,0.11794241295861323,0,0.1,boxeig,ok,,0.0006472361105227488,0.36309945800326204,0.00043019374642645807,0.24090849799881653,20444.515608345835,25112,,778.4041624046066,0.0022439060001033795,4.625314642631955e-05,0.025901761998738948,4.030891606216106e-05,0.022572992994810193,0.00024289478214590027,0.13602107800170415,1.8346961620000002,0.0,0.0,0.0010019569999712985,0.0,5.8878410721214486e-05,0.03297191000388011,1.8336942050000289,,0.07792466499995498,0.03526453799986484,1.837471609999966,0.018271059999960926,2.7929013200000554,0.0,2.8281658579999203,2.9060905229998752,1e-07,,80000,v7_btab_boxeig
35721,expanded_box,topk,8192,,8192,0,"[51, 51]","[103, 103]",10609,topk,8192,,8192,80000,10609,cheap,30,0.01,,cupy,8.340757641503101e-13,1.0036294463701616e-13,1280,546,546,,546,256,10609,25112,43458560,35.89344764522247,358.9344764522247,0.001,boxeig,20000,group_a,50,diag,0.001,50,auto,group_a,boxeig,396,397,9.123396852896723e-08,0,,,2,USGS_LPC_IL_Winnebago_2018_ground_elevation_regression_ntrain3000000,False,NVIDIA A100-SXM4-40GB,cheap,256,0,256,256,0,0,2,35721,,,,,,,8.340757641503101e-13,1.0036294463701616e-13,,,,,1e-05,boxeig,2999999.9999957276,True,,nan,0,0,,nan,0,0,0,0,False,396.0,matern,0.1,1.5,1.0,,672400,3500,btab_boxeig_topk_8192_q256,189,397,396,750000,3000000,3500,cufinufft,binned_c1,50,396,9.123396852896723e-08,pcg,converged,396,,True,0.1,0,5.520105239465894,0.11806236422982212,0.11794242648420389,0,0.1,boxeig,ok,,0.000659738675072062,0.26191625400360863,0.00042850480555572555,0.1696879030000673,20444.515608345835,25112,,358.9344764522247,0.0022015889999238425,4.69899671723608e-05,0.01860802700025488,4.096730555779181e-05,0.016223053000885557,0.00023819646464698504,0.09432580000020607,0.47844145900012336,0.0,0.0,0.0010330120001071919,0.0,5.937593940046494e-05,0.023512872002584118,0.47740844700001617,,0.10705817600000955,0.03501419999997779,0.48120999900015704,0.018420848000005208,1.1667388979999487,0.0,1.2017530979999265,1.308811273999936,1e-07,,80000,v7_btab_boxeig
35721,expanded_box,topk,8192,,8192,0,"[51, 51]","[103, 103]",10609,topk,8192,,8192,80000,10609,cheap,30,0.01,,cupy,4.153337146022642e-12,9.912195148430589e-14,1600,674,674,,674,320,10609,25112,54323200,19.32748256381181,193.27482563811807,0.001,boxeig,20000,group_a,50,diag,0.001,50,auto,group_a,boxeig,317,318,9.309967496391334e-08,0,,,2,USGS_LPC_IL_Winnebago_2018_ground_elevation_regression_ntrain3000000,False,NVIDIA A100-SXM4-40GB,cheap,320,0,320,320,0,0,2,35721,,,,,,,4.153337146022642e-12,9.912195148430589e-14,,,,,1e-05,boxeig,2999999.9999957276,True,,nan,0,0,,nan,0,0,0,0,False,317.0,matern,0.1,1.5,1.0,,672400,3500,btab_boxeig_topk_8192_q320,189,318,317,750000,3000000,3500,cufinufft,binned_c1,50,317,9.309967496391334e-08,pcg,converged,317,,True,0.1,0,5.520105239465894,0.1180623547812392,0.11794241823444743,0,0.1,boxeig,ok,,0.0006620660911970467,0.21053701700066085,0.0004341265520479254,0.13761811699919235,20444.515608345835,25112,,193.27482563811807,0.002223782999863033,4.748720503993116e-05,0.015053443997658178,4.116150157513443e-05,0.013048195999317613,0.0002433296025225702,0.07713548399965475,0.5920131770001262,0.0,0.0,0.0010419000000183587,0.0,5.934922712991861e-05,0.0188137050001842,0.5909712770001079,,0.13053887800015218,0.03595894199997929,0.5948788399998648,0.01842665999993187,1.1458809959999599,0.0,1.1818399379999391,1.3123788160000913,1e-07,,80000,v7_btab_boxeig
35721,expanded_box,topk,16384,,16384,0,"[72, 72]","[145, 145]",21025,topk,16384,,16384,80000,21025,cheap,30,0.01,,cupy,1.7912705505773929e-12,3.210329163428542e-14,960,418,418,,418,192,21025,14696,64591872,78.41630914147098,784.1630914147097,0.001,boxeig,20000,group_a,50,diag,0.001,50,auto,group_a,boxeig,450,451,8.8505436949257e-08,0,,,2,USGS_LPC_IL_Winnebago_2018_ground_elevation_regression_ntrain3000000,False,NVIDIA A100-SXM4-40GB,cheap,192,0,192,192,0,0,2,35721,,,,,,,1.7912705505773929e-12,3.210329163428542e-14,,,,,1e-05,boxeig,2999999.999995727,True,,nan,0,0,,nan,0,0,0,0,False,450.0,matern,0.1,1.5,1.0,,1336336,3500,btab_boxeig_topk_16384_q192,189,451,450,750000,3000000,3500,cufinufft,binned_c1,50,450,8.8505436949257e-08,pcg,converged,450,,True,0.1,0,1.0254141773704608,0.11806237588263317,0.11794243778262685,0,0.1,boxeig,ok,,0.0006563270354836519,0.296003493003127,0.0004514195222165856,0.20313878499746352,4825.693284404298,14696,,784.1630914147097,0.0030221399999845744,4.6560484440002864e-05,0.020952217998001288,4.1491711113445086e-05,0.01867127000105029,0.0002624972488961753,0.1181237620032789,0.3549469649999537,0.0,0.0,0.0010103080001044873,0.0,5.854821556264748e-05,0.026346697003191366,0.3539366569998492,,0.07687328299994078,0.035219859000108045,0.35864725599981284,0.01844327899993914,1.1464768729999832,0.0,1.1816967320000913,1.258570015000032,1e-07,,80000,v7_btab_boxeig
35721,expanded_box,topk,16384,,16384,0,"[72, 72]","[145, 145]",21025,topk,16384,,16384,80000,21025,cheap,30,0.01,,cupy,2.5030975057287987e-12,3.5968904570280213e-14,1280,546,546,,546,256,21025,14696,86122496,36.53273123204395,365.3273123204395,0.001,boxeig,20000,group_a,50,diag,0.001,50,auto,group_a,boxeig,309,310,9.297872855509555e-08,0,,,2,USGS_LPC_IL_Winnebago_2018_ground_elevation_regression_ntrain3000000,False,NVIDIA A100-SXM4-40GB,cheap,256,0,256,256,0,0,2,35721,,,,,,,2.5030975057287987e-12,3.5968904570280213e-14,,,,,1e-05,boxeig,2999999.999995727,True,,nan,0,0,,nan,0,0,0,0,False,309.0,matern,0.1,1.5,1.0,,1336336,3500,btab_boxeig_topk_16384_q256,189,310,309,750000,3000000,3500,cufinufft,binned_c1,50,309,9.297872855509555e-08,pcg,converged,309,,True,0.1,0,1.0254141773704608,0.11806237255534033,0.11794243414425049,0,0.1,boxeig,ok,,0.0006673458967798656,0.20687722800175834,0.0004552008155297319,0.14065705199868717,4825.693284404298,14696,,365.3273123204395,0.0030284270001175173,4.7364967635293834e-05,0.014635774999305795,4.15410712000493e-05,0.012836191000815234,0.00026408611327123253,0.08160260900081084,0.46581438099997285,0.0,0.0,0.0010070050000194897,0.0,5.956669903170426e-05,0.018406110000796616,0.46480737599995336,,0.10372916500000429,0.03534316199989007,0.4696259550000832,0.01816145700013294,1.017011254999943,0.0,1.0523544169998331,1.1560835819998374,1e-07,,80000,v7_btab_boxeig
35721,expanded_box,topk,16384,,16384,0,"[72, 72]","[145, 145]",21025,topk,16384,,16384,80000,21025,cheap,30,0.01,,cupy,6.085322339920979e-13,8.918504874941693e-14,1600,674,674,,674,320,21025,14696,107653120,20.40883545876576,204.0883545876576,0.001,boxeig,20000,group_a,50,diag,0.001,50,auto,group_a,boxeig,245,246,9.187881185552706e-08,0,,,2,USGS_LPC_IL_Winnebago_2018_ground_elevation_regression_ntrain3000000,False,NVIDIA A100-SXM4-40GB,cheap,320,0,320,320,0,0,2,35721,,,,,,,6.085322339920979e-13,8.918504874941693e-14,,,,,1e-05,boxeig,2999999.999995727,True,,nan,0,0,,nan,0,0,0,0,False,245.0,matern,0.1,1.5,1.0,,1336336,3500,btab_boxeig_topk_16384_q320,189,246,245,750000,3000000,3500,cufinufft,binned_c1,50,245,9.187881185552706e-08,pcg,converged,245,,True,0.1,0,1.0254141773704608,0.11806235201486681,0.1179424139346699,0,0.1,boxeig,ok,,0.0006632984105650631,0.1631714089990055,0.00046435410613876417,0.11376675600399722,4825.693284404298,14696,,204.0883545876576,0.003118855000138865,4.619994694937249e-05,0.011318987002596259,4.017690203835052e-05,0.009843340999395878,0.00027702753061243946,0.06787174500004767,0.5991346729997531,0.0,0.0,0.0009930909998274728,0.0,5.849611020679806e-05,0.014331547000665523,0.5981415819999256,,0.1260574150001048,0.03405493400009618,0.6030802329999005,0.017574090999914915,1.0380459749999318,0.0,1.072100909000028,1.1981583240001328,1e-07,,80000,v7_btab_boxeig
35721,,,,,,,,,,,,,,,,,,,,,,,,,,,,,,,,,,,,,group_a,,,,,,group_a,,1824,1825,9.338646915686998e-08,,,,2,USGS_LPC_IL_Winnebago_2018_ground_elevation_regression_ntrain1000000,False,NVIDIA A100-SXM4-40GB,,,,,,,,2,35721,,,,,,,,,0,0,,,1e-05,,,True,,,,,,,,,,,False,1824.0,matern,0.1,1.5,1.0,,,80000,plain_cg,189,1825,,250000,1000000,3500,cufinufft,cufinufft,,,,,,,,True,0.1,0,,0.12401394331259863,0.12390680731364465,0,,,ok,,0.0006374550421886141,1.1633554519942209,,,,,,,,,,,,,,,,,,,,,,,,0.01716825600010452,,0.009125977999929091,1.9741132890001154,,1.991282227000056,,1e-07,,80000,v1
35721,,,,,,,,,,,,,,,,,,,,,,,,,,,,,,,,,,,,,group_a,,,,,,group_a,,279,280,8.668284751450459e-08,,,nan,2,USGS_LPC_IL_Winnebago_2018_ground_elevation_regression_ntrain1000000,False,NVIDIA A100-SXM4-40GB,,,,,,,,2,35721,72,3,nan,,174.99617197555028,0.0005947557202541415,,,5,352,0.0005076538107611916,0.17869414138793946,1e-05,,,True,[],,,,,,,,,,False,279.0,matern,0.1,1.5,1.0,nan,,3500,eigenpro_pcg_q64,189,280,279,250000,1000000,3500,cufinufft,binned_c1,,,,,,,full_eigenpro,True,0.1,0,,0.12320286922684846,0.12307505761690292,0,,,ok,,0.00064695820356714,0.1811482969987992,0.0001861618745513096,0.05193916299981538,,,[],,,,,,,,,,,,,,,,,0.22207884500016917,,0.024073656999917148,0.0002815269999700831,0.008410835999939081,0.4110893600000054,,0.6575233890000618,,1e-07,64,80000,v3
35721,,,,,,,,,,,,,,,,,,,,,,,,,,,,,,,,,,,,,group_a,,,,,,group_a,,131,132,8.501853432657005e-08,,,nan,2,USGS_LPC_IL_Winnebago_2018_ground_elevation_regression_ntrain1000000,False,NVIDIA A100-SXM4-40GB,,,,,,,,2,35721,136,3,nan,,54.737538248138165,0.00018603189111511545,,,5,672,0.0005224548521496,0.35108966064453123,1e-05,,,True,[],,,,,,,,,,False,131.0,matern,0.1,1.5,1.0,nan,,3500,eigenpro_pcg_q128,189,132,131,250000,1000000,3500,cufinufft,binned_c1,,,,,,,full_eigenpro,True,0.1,0,,0.12320288086162895,0.12307505681788573,0,,,ok,,0.0006459290454524142,0.08526263399971867,0.0002118713435054065,0.027755145999208253,,,[],,,,,,,,,,,,,,,,,0.4185390879999886,,0.019041330999925776,0.0003198020001491386,0.008403328999975201,0.19752036899990344,,0.635420589999967,,1e-07,128,80000,v3
35721,,,,,,,,,,,,,,,,,,,,,,,,,,,,,,,,,,,,,group_a,,,,,,group_a,,55,56,7.902663019523553e-08,,,nan,2,USGS_LPC_IL_Winnebago_2018_ground_elevation_regression_ntrain1000000,False,NVIDIA A100-SXM4-40GB,,,,,,,,2,35721,264,3,nan,,14.128719700584858,4.8018047725870104e-05,,,5,1312,0.0005393381351377906,0.7076116333007813,1e-05,,,True,[],,,,,,,,,,False,55.0,matern,0.1,1.5,1.0,nan,,3500,eigenpro_pcg_q256,189,56,55,250000,1000000,3500,cufinufft,binned_c1,,,,,,,full_eigenpro,True,0.1,0,,0.12320288888158475,0.12307505194739539,0,,,ok,,0.0006541220535650284,0.03663083499964159,0.00033250679997846335,0.018287873998815485,,,[],,,,,,,,,,,,,,,,,0.8454626220000137,,0.01894871400008924,0.00030359599986695684,0.008381978999977946,0.0921332089999396,,0.9568481409999094,,1e-07,256,80000,v3
35721,,,,,,,,,,,,,,,,,,,,,,,,,,,,,,,,,,,,,group_a,,,,,,group_a,,41,42,7.495679525779302e-08,,,nan,2,USGS_LPC_IL_Winnebago_2018_ground_elevation_regression_ntrain1000000,False,NVIDIA A100-SXM4-40GB,,,,,,,,2,35721,328,3,nan,,8.991821546871833,3.055971877542035e-05,,,5,1632,0.0005559943610546636,0.907382797241211,1e-05,,,True,[],,,,,,,,,,False,41.0,matern,0.1,1.5,1.0,nan,,3500,eigenpro_pcg_q320,189,42,41,250000,1000000,3500,cufinufft,binned_c1,,,,,,,full_eigenpro,True,0.1,0,,0.1232028966627871,0.12307505184602607,0,,,ok,,0.0006431610000033418,0.027012762000140356,0.00037447539025601054,0.015353491000496433,,,[],,,,,,,,,,,,,,,,,1.081682426000043,,0.01908747700008462,0.0003150259999529226,0.008363739000060377,0.07057379200000469,,1.1716587210000853,,1e-07,320,80000,v3
35721,,,,,,,,,,,,,,,,,,,,,,,,,,,,,,,,,,,,,group_a,,,,,,group_a,,32,33,8.404464098178243e-08,,,nan,2,USGS_LPC_IL_Winnebago_2018_ground_elevation_regression_ntrain1000000,False,NVIDIA A100-SXM4-40GB,,,,,,,,2,35721,392,3,nan,,6.178395251782617,2.099797221962257e-05,,,5,1952,0.0005585967204609855,1.0903807983398437,1e-05,,,True,[],,,,,,,,,,False,32.0,matern,0.1,1.5,1.0,nan,,3500,eigenpro_pcg_q384,189,33,32,250000,1000000,3500,cufinufft,binned_c1,,,,,,,full_eigenpro,True,0.1,0,,0.12320287557141972,0.12307505423596582,0,,,ok,,0.0006519215454511251,0.021513410999887128,0.0004265062812862652,0.013648201001160487,,,[],,,,,,,,,,,,,,,,,1.302866795,,0.01869887300017581,0.0003147269999317359,0.008414803000050597,0.05835553799988702,,1.3802359329999945,,1e-07,384,80000,v3
35721,,,,,,,,,,,,,,,,,,,,,,,,,,,,,,,,,,,,,group_a,,,,,,group_a,,25,26,9.243735779588067e-08,,,nan,2,USGS_LPC_IL_Winnebago_2018_ground_elevation_regression_ntrain1000000,False,NVIDIA A100-SXM4-40GB,,,,,,,,2,35721,456,3,nan,,4.5587934465864315,1.5493572970221696e-05,,,5,2272,0.0005663098617338799,1.286656005859375,1e-05,,,True,[],,,,,,,,,,False,25.0,matern,0.1,1.5,1.0,nan,,3500,eigenpro_pcg_q448,189,26,25,250000,1000000,3500,cufinufft,binned_c1,,,,,,,full_eigenpro,True,0.1,0,,0.1232029085362192,0.12307505330222293,0,,,ok,,0.0006407655000045382,0.016659903000117993,0.0004830711599879578,0.012076778999698945,,,[],,,,,,,,,,,,,,,,,1.5426865239999188,,0.018788825000001452,0.00030319500001496635,0.008358994999980496,0.04778919599993969,,1.609567739999875,,1e-07,448,80000,v3
35721,expanded_box,topk,512,,512,0,"[12, 12]","[25, 25]",625,topk,512,,512,80000,625,cheap,30,0.01,,,,,,,,,,,,,,,,,inverse,20000,group_a,50,diag,0.001,50,auto,group_a,auto,3500,3501,9.843844248824835e-05,0,,,2,USGS_LPC_IL_Winnebago_2018_ground_elevation_regression_ntrain1000000,False,NVIDIA A100-SXM4-40GB,cheap,0,0,0,0,0,0,2,35721,,,,,,,,,,,,,1e-05,inverse,999999.9999987105,True,,nan,0,50,diag,0.001,0,0,0,6250000,False,3500.0,matern,0.1,1.5,1.0,,0,3500,btab_auto_topk_512,189,3501,3501,250000,1000000,3500,cufinufft,binned_c1,50,3500,9.843844248824835e-05,pcg,maxiter,3501,,True,0.1,0,1313.5031517667444,0.12322552755012839,0.12309462298600507,0,0.1,exact,ok,,0.0006362348903173758,2.2274583510011325,0.00026216875835513847,0.9178528230013399,462884.53163945867,35096,,,0.0014128150000942696,4.515685775422114e-05,0.1580941589975282,4.214761439357484e-05,0.14755879799190552,7.568637160903997e-05,0.2649779870032489,0.011495904000184964,0.008822135000173148,0.0011130610000691377,0.0,0.0013353690001167706,5.7390678093104126e-05,0.20092476400395753,,,0.00026083399984599964,0.018813040000168257,0.013789048000035109,0.009049618000062765,5.3074914469998475,0.0002253389998259081,5.326304487000016,5.326565320999862,1e-07,,80000,v6_btab
35721,expanded_box,topk,728,,728,0,"[15, 15]","[31, 31]",961,topk,728,,728,80000,961,cheap,30,0.01,,,,,,,,,,,,,,,,,inverse,20000,group_a,50,diag,0.001,50,auto,group_a,auto,3500,3501,0.00018279397757568725,0,,,2,USGS_LPC_IL_Winnebago_2018_ground_elevation_regression_ntrain1000000,False,NVIDIA A100-SXM4-40GB,cheap,0,0,0,0,0,0,2,35721,,,,,,,,,,,,,1e-05,inverse,999999.9999987105,True,,nan,0,50,diag,0.001,0,0,0,14776336,False,3500.0,matern,0.1,1.5,1.0,,0,3500,btab_auto_topk_728,189,3501,3501,250000,1000000,3500,cufinufft,binned_c1,50,3500,0.00018279397757568725,pcg,maxiter,3501,,True,0.1,0,526.9518252995047,0.12325424871177383,0.12311765959642125,0,0.1,exact,ok,,0.000636883347327077,2.2297285989920965,0.00027108254356036877,0.9490599850048511,260474.59564064053,34760,,,0.001425261999884242,4.557854384368817e-05,0.15957048199675228,4.224311139623138e-05,0.14789313299820606,8.420885289695386e-05,0.29481519399223544,0.027100616999859994,0.021870325999998386,0.002710733999947479,0.0,0.0022368420000020706,5.737555298689477e-05,0.2008718110071186,,,0.0002885660001084034,0.021451833000128318,0.029451177000055395,0.009007135000047128,5.371366313999943,0.0002827149999120593,5.392818147000071,5.393106713000179,1e-07,,80000,v6_btab
35721,expanded_box,topk,1024,,1024,0,"[18, 18]","[37, 37]",1369,topk,1024,,1024,80000,1369,cheap,30,0.01,,,,,,,,,,,,,,,,,inverse,20000,group_a,50,diag,0.001,50,auto,group_a,auto,3500,3501,0.0002871530377857948,0,,,2,USGS_LPC_IL_Winnebago_2018_ground_elevation_regression_ntrain1000000,False,NVIDIA A100-SXM4-40GB,cheap,0,0,0,0,0,0,2,35721,,,,,,,,,,,,,1e-05,inverse,999999.9999987105,True,,nan,0,50,diag,0.001,0,0,0,29986576,False,3500.0,matern,0.1,1.5,1.0,,0,3500,btab_auto_topk_1024,189,3501,3501,250000,1000000,3500,cufinufft,binned_c1,50,3500,0.0002871530377857948,pcg,maxiter,3501,,True,0.1,0,240.1486637979243,0.12328001732162278,0.12315140772158296,0,0.1,exact,ok,,0.0006334476275366111,2.2177001440056756,0.0002832895038577542,0.9917965530059973,159241.41853898662,34352,,,0.0014960969999719964,4.545313510637936e-05,0.15913142600743413,4.210662324966912e-05,0.14741528799709158,9.668381605012398e-05,0.3384900399914841,0.05400335800004541,0.0455237369999395,0.00448835399993186,0.0,0.003478633000213449,5.72685229928834e-05,0.20049709899808477,,,0.0003320000000712753,0.021607763000019986,0.05639584000005016,0.009324960000185456,5.410782706999953,0.0005126339999605989,5.432390469999973,5.432722470000044,1e-07,,80000,v6_btab
35721,expanded_box,topk,2048,,2048,0,"[25, 25]","[51, 51]",2601,topk,2048,,2048,80000,2601,cheap,30,0.01,,,,,,,,,,,,,,,,,inverse,20000,group_a,50,diag,0.001,50,auto,group_a,auto,3500,3501,0.0001588784785337652,0,,,2,USGS_LPC_IL_Winnebago_2018_ground_elevation_regression_ntrain1000000,False,NVIDIA A100-SXM4-40GB,cheap,0,0,0,0,0,0,2,35721,,,,,,,,,,,,,1e-05,inverse,999999.9999987105,True,,nan,0,50,diag,0.001,0,0,0,108243216,False,3500.0,matern,0.1,1.5,1.0,,0,3500,btab_auto_topk_2048,189,3501,3501,250000,1000000,3500,cufinufft,binned_c1,50,3500,0.0001588784785337652,pcg,maxiter,3501,,True,0.1,0,54.546949589895824,0.12328669447739418,0.12315928579085987,0,0.1,exact,ok,,0.0006405863733196748,2.2426928929921814,0.00034794073607389555,1.2181405169947084,63020.171182838174,33120,,,0.0015902110001206893,4.6060999141668424e-05,0.16125955799498115,4.357383004615713e-05,0.15255197899159612,0.00015822855841320324,0.5539581830046245,0.2097461949999797,0.18144937100009884,0.017833825999787223,0.0,0.008871674000147323,5.777293516244965e-05,0.20226304600373624,,,0.0002717529998790269,0.02186942999992425,0.21229268399997636,0.009109300000091025,5.85314722399994,0.0015913239999463258,5.8750166539998645,5.8752884069997435,1e-07,,80000,v6_btab
35721,expanded_box,topk,4096,,4096,0,"[36, 36]","[73, 73]",5329,topk,4096,,4096,80000,5329,cheap,30,0.01,,,,,,,,,,,,,,,,,inverse,20000,group_a,50,diag,0.001,50,auto,group_a,auto,3500,3501,0.00016220128745971153,0,,,2,USGS_LPC_IL_Winnebago_2018_ground_elevation_regression_ntrain1000000,False,NVIDIA A100-SXM4-40GB,cheap,0,0,0,0,0,0,2,35721,,,,,,,,,,,,,1e-05,inverse,999999.9999987105,True,,nan,0,50,diag,0.001,0,0,0,454371856,False,3500.0,matern,0.1,1.5,1.0,,0,3500,btab_auto_topk_4096,189,3501,3501,250000,1000000,3500,cufinufft,binned_c1,50,3500,0.00016220128745971153,pcg,maxiter,3501,,True,0.1,0,9.838396089144934,0.12334654285180416,0.1232055050736127,0,0.1,exact,ok,,0.0006388573213352309,2.2366394819946436,0.0006154278120545676,2.154612770003041,21241.07387227035,30392,,,0.0017911569998432242,4.539866123496766e-05,0.15894071298362178,4.475665124431454e-05,0.1566930360063452,0.000425160111109866,1.4884855489956408,0.9161949690001165,0.7601728050001384,0.11882342500007326,0.0,0.03120151400003124,5.7401378178771036e-05,0.2009622250038774,,,0.00025331099982395244,0.021665677000100914,0.9189514849999796,0.009220778000099017,7.489058017999923,0.0059972249998736515,7.510723695000024,7.510977005999848,1e-07,,80000,v6_btab
35721,expanded_box,topk,2048,,2048,0,"[25, 25]","[51, 51]",2601,topk,2048,,2048,80000,2601,cheap,30,0.01,,cupy,1.2719562248414219e-11,2.5359763892533473e-14,960,418,418,,418,192,2601,33120,7993344,2.125648479222296,21.25648479222296,0.001,boxeig,20000,group_a,50,diag,0.001,50,auto,group_a,boxeig,408,409,8.452357243916828e-08,0,,,2,USGS_LPC_IL_Winnebago_2018_ground_elevation_regression_ntrain1000000,False,NVIDIA A100-SXM4-40GB,cheap,192,0,192,192,0,0,2,35721,,,,,,,1.2719562248414219e-11,2.5359763892533473e-14,,,,,1e-05,boxeig,999999.9999987105,True,,nan,0,0,,nan,0,0,0,0,False,408.0,matern,0.1,1.5,1.0,,163216,3500,btab_boxeig_topk_2048_q192,189,409,408,250000,1000000,3500,cufinufft,binned_c1,50,408,8.452357243916828e-08,pcg,converged,408,,True,0.1,0,54.546949589895824,0.12320287628257638,0.12307506440603573,0,0.1,boxeig,ok,,0.0006484284963407356,0.26520725500336084,0.00041619973773395836,0.169809492995455,63020.171182838174,33120,,21.25648479222296,0.0015600640001594002,4.619492891851776e-05,0.018847530998755246,3.969069362485653e-05,0.016193802998941464,0.00023071084068276957,0.09413002299856998,0.3469009609998466,0.0,0.0,0.0009698349999780476,0.0,5.8004237747225345e-05,0.02366572900086794,0.3459311259998685,,0.07576500000004671,0.021647706000067046,0.34890434099997947,0.009132432000114932,1.041974411999945,0.0,1.063622118000012,1.1393871180000588,1e-07,,80000,v7_btab_boxeig
35721,expanded_box,topk,4096,,4096,0,"[36, 36]","[73, 73]",5329,topk,4096,,4096,80000,5329,cheap,30,0.01,,cupy,7.238338374972307e-13,2.4228674447477152e-14,960,418,418,,418,192,5329,30392,16373760,23.939625584409193,239.3962558440919,0.001,boxeig,20000,group_a,50,diag,0.001,50,auto,group_a,boxeig,362,363,9.076176793276735e-08,0,,,2,USGS_LPC_IL_Winnebago_2018_ground_elevation_regression_ntrain1000000,False,NVIDIA A100-SXM4-40GB,cheap,192,0,192,192,0,0,2,35721,,,,,,,7.238338374972307e-13,2.4228674447477152e-14,,,,,1e-05,boxeig,999999.9999987105,True,,nan,0,0,,nan,0,0,0,0,False,362.0,matern,0.1,1.5,1.0,,336400,3500,btab_boxeig_topk_4096_q192,189,363,362,250000,1000000,3500,cufinufft,binned_c1,50,362,9.076176793276735e-08,pcg,converged,362,,True,0.1,0,9.838396089144934,0.12320288709778067,0.12307507165956541,0,0.1,boxeig,ok,,0.0006627747520705578,0.2405872350016125,0.0004390849281864917,0.15894874400351,21241.07387227035,30392,,239.3962558440919,0.001972936000129266,4.671605248110423e-05,0.01691121099815973,4.1103533144777535e-05,0.014879478998409468,0.0002505745082892278,0.09070797200070047,0.35899488599989127,0.0,0.0,0.0010530689999086462,0.0,5.850081767929628e-05,0.021177295999905255,0.3579418169999826,,0.07664424200015674,0.021657428000025902,0.3614481590000196,0.008982286999980715,0.9914657899998929,0.0,1.0131232179999188,1.0897674600000755,1e-07,,80000,v7_btab_boxeig
35721,expanded_box,topk,4096,,4096,0,"[36, 36]","[73, 73]",5329,topk,4096,,4096,80000,5329,cheap,30,0.01,,cupy,1.8045668209022584e-12,3.349428058216114e-14,1280,546,546,,546,256,5329,30392,21831680,5.616528930048482,56.16528930048482,0.001,boxeig,20000,group_a,50,diag,0.001,50,auto,group_a,boxeig,220,221,6.228274812556361e-08,0,,,2,USGS_LPC_IL_Winnebago_2018_ground_elevation_regression_ntrain1000000,False,NVIDIA A100-SXM4-40GB,cheap,256,0,256,256,0,0,2,35721,,,,,,,1.8045668209022584e-12,3.349428058216114e-14,,,,,1e-05,boxeig,999999.9999987105,True,,nan,0,0,,nan,0,0,0,0,False,220.0,matern,0.1,1.5,1.0,,336400,3500,btab_boxeig_topk_4096_q256,189,221,220,250000,1000000,3500,cufinufft,binned_c1,50,220,6.228274812556361e-08,pcg,converged,220,,True,0.1,0,9.838396089144934,0.12320287365436669,0.12307505891117818,0,0.1,boxeig,ok,,0.0006767698687799895,0.14956614100037768,0.00043497386362063975,0.09569424999654075,21241.07387227035,30392,,56.16528930048482,0.0018146089998936077,4.611054545710596e-05,0.010144320000563312,4.044656364137402e-05,0.008898244001102285,0.00024699329545993265,0.05433852500118519,1.2169932090000657,0.0,0.0,0.0009274630001527839,0.0,5.8961709084376875e-05,0.012971575998562912,1.216065745999913,,0.10188885799993841,0.02158807999990131,1.2192779859999519,0.009063962000027459,1.6242685750000874,0.0,1.6458566549999887,1.747745512999927,1e-07,,80000,v7_btab_boxeig
35721,expanded_box,topk,8192,,8192,0,"[51, 51]","[103, 103]",10609,topk,8192,,8192,80000,10609,cheap,30,0.01,,cupy,4.916226449008794e-13,1.655028328637349e-14,960,418,418,,418,192,10609,25112,32593920,26.0094265761157,260.094265761157,0.001,boxeig,20000,group_a,50,diag,0.001,50,auto,group_a,boxeig,294,295,8.526418776822465e-08,0,,,2,USGS_LPC_IL_Winnebago_2018_ground_elevation_regression_ntrain1000000,False,NVIDIA A100-SXM4-40GB,cheap,192,0,192,192,0,0,2,35721,,,,,,,4.916226449008794e-13,1.655028328637349e-14,,,,,1e-05,boxeig,999999.9999987105,True,,nan,0,0,,nan,0,0,0,0,False,294.0,matern,0.1,1.5,1.0,,672400,3500,btab_boxeig_topk_8192_q192,189,295,294,250000,1000000,3500,cufinufft,binned_c1,50,294,8.526418776822465e-08,pcg,converged,294,,True,0.1,0,1.8400068158557872,0.12320289967939604,0.12307507961991866,0,0.1,boxeig,ok,,0.0006933555389839627,0.204539884000269,0.00044746495578293637,0.1315546970001833,6814.733118417559,25112,,260.094265761157,0.0021746039999470668,4.681354421552983e-05,0.01376318199936577,4.132889795354935e-05,0.012150695998343508,0.0002583966258504736,0.07596860800003924,0.505786758000113,0.0,0.0,0.000999687000103222,0.0,5.8784367343851414e-05,0.017282603999092316,0.5047870710000097,,0.07776617100012118,0.02170267200017406,0.5085040460000982,0.009040945000151623,1.0434533149998515,0.0,1.0651559870000256,1.1429221580001467,1e-07,,80000,v7_btab_boxeig
35721,expanded_box,topk,8192,,8192,0,"[51, 51]","[103, 103]",10609,topk,8192,,8192,80000,10609,cheap,30,0.01,,cupy,5.860651677234995e-13,8.20871170088061e-14,1280,546,546,,546,256,10609,25112,43458560,12.023109268749874,120.23109268749873,0.001,boxeig,20000,group_a,50,diag,0.001,50,auto,group_a,boxeig,212,213,7.571795784679388e-08,0,,,2,USGS_LPC_IL_Winnebago_2018_ground_elevation_regression_ntrain1000000,False,NVIDIA A100-SXM4-40GB,cheap,256,0,256,256,0,0,2,35721,,,,,,,5.860651677234995e-13,8.20871170088061e-14,,,,,1e-05,boxeig,999999.9999987105,True,,nan,0,0,,nan,0,0,0,0,False,212.0,matern,0.1,1.5,1.0,,672400,3500,btab_boxeig_topk_8192_q256,189,213,212,250000,1000000,3500,cufinufft,binned_c1,50,212,7.571795784679388e-08,pcg,converged,212,,True,0.1,0,1.8400068158557872,0.12320288812752046,0.12307507320873089,0,0.1,boxeig,ok,,0.0006721881502364912,0.14317607600037263,0.0004358261933988323,0.09239515300055245,6814.733118417559,25112,,120.23109268749873,0.0021552040000187844,4.789520283591903e-05,0.010153783001214833,4.116516979936349e-05,0.00872701599746506,0.00024388549999316037,0.05170372599855,0.46719143600012103,0.0,0.0,0.0009954869999546645,0.0,5.994501415087589e-05,0.012708342999985689,0.46619594900016637,,0.10457774300016354,0.021572351999793682,0.4699367440000515,0.00907246099995973,0.843057508000129,0.0,0.8646298599999227,0.9692076030000862,1e-07,,80000,v7_btab_boxeig
35721,expanded_box,topk,8192,,8192,0,"[51, 51]","[103, 103]",10609,topk,8192,,8192,80000,10609,cheap,30,0.01,,cupy,2.645649803490116e-12,9.040640329080046e-14,1600,674,674,,674,320,10609,25112,54323200,6.501147194414061,65.01147194414061,0.001,boxeig,20000,group_a,50,diag,0.001,50,auto,group_a,boxeig,162,163,9.165115896375584e-08,0,,,2,USGS_LPC_IL_Winnebago_2018_ground_elevation_regression_ntrain1000000,False,NVIDIA A100-SXM4-40GB,cheap,320,0,320,320,0,0,2,35721,,,,,,,2.645649803490116e-12,9.040640329080046e-14,,,,,1e-05,boxeig,999999.9999987105,True,,nan,0,0,,nan,0,0,0,0,False,162.0,matern,0.1,1.5,1.0,,672400,3500,btab_boxeig_topk_8192_q320,189,163,162,250000,1000000,3500,cufinufft,binned_c1,50,162,9.165115896375584e-08,pcg,converged,162,,True,0.1,0,1.8400068158557872,0.12320289084347018,0.12307507366515545,0,0.1,boxeig,ok,,0.0006785901901776852,0.11061020099896268,0.0004414275925966402,0.07151127000065571,6814.733118417559,25112,,65.01147194414061,0.002203795000013997,4.776593210341094e-05,0.0077380810007525724,4.200918518552184e-05,0.006805488000054538,0.00024633125309001,0.039905663000581626,0.5895159820001936,0.0,0.0,0.001029115000164893,0.0,6.172964197890838e-05,0.010000202000583158,0.5884868670000287,,0.12878483300005428,0.02196510799990392,0.592355107000003,0.009048947000110275,0.8810715609999988,0.0,0.9030366689999028,1.031821501999957,1e-07,,80000,v7_btab_boxeig
35721,expanded_box,topk,16384,,16384,0,"[72, 72]","[145, 145]",21025,topk,16384,,16384,80000,21025,cheap,30,0.01,,cupy,4.983119710303466e-13,2.667003857718458e-14,960,418,418,,418,192,21025,14696,64591872,26.1940860906153,261.940860906153,0.001,boxeig,20000,group_a,50,diag,0.001,50,auto,group_a,boxeig,202,203,9.707566347070163e-08,0,,,2,USGS_LPC_IL_Winnebago_2018_ground_elevation_regression_ntrain1000000,False,NVIDIA A100-SXM4-40GB,cheap,192,0,192,192,0,0,2,35721,,,,,,,4.983119710303466e-13,2.667003857718458e-14,,,,,1e-05,boxeig,999999.9999987105,True,,nan,0,0,,nan,0,0,0,0,False,202.0,matern,0.1,1.5,1.0,,1336336,3500,btab_boxeig_topk_16384_q192,189,203,202,250000,1000000,3500,cufinufft,binned_c1,50,202,9.707566347070163e-08,pcg,converged,202,,True,0.1,0,0.34179943032329174,0.12320289085232275,0.12307507212732689,0,0.1,boxeig,ok,,0.0006817393793152866,0.1383930940010032,0.00046102272772101724,0.09312659099964549,1608.5394410293347,14696,,261.940860906153,0.003030604999821662,4.826240098448733e-05,0.00974900499886644,4.132335149198199e-05,0.008347317001380361,0.0002675314554511319,0.05404135400112864,0.3512827320002998,0.0,0.0,0.0010327550000965857,0.0,6.011847029293505e-05,0.01214393099917288,0.3502499770002032,,0.07719642699998985,0.021743173999993815,0.3549811289999525,0.008776944000146614,0.7176064870000118,0.0,0.7393496610000057,0.8165460879999955,1e-07,,80000,v7_btab_boxeig
35721,expanded_box,topk,16384,,16384,0,"[72, 72]","[145, 145]",21025,topk,16384,,16384,80000,21025,cheap,30,0.01,,cupy,9.879586740923795e-13,3.523732331608032e-14,1280,546,546,,546,256,21025,14696,86122496,12.239960322393292,122.39960322393291,0.001,boxeig,20000,group_a,50,diag,0.001,50,auto,group_a,boxeig,144,145,9.305517041545002e-08,0,,,2,USGS_LPC_IL_Winnebago_2018_ground_elevation_regression_ntrain1000000,False,NVIDIA A100-SXM4-40GB,cheap,256,0,256,256,0,0,2,35721,,,,,,,9.879586740923795e-13,3.523732331608032e-14,,,,,1e-05,boxeig,999999.9999987105,True,,nan,0,0,,nan,0,0,0,0,False,144.0,matern,0.1,1.5,1.0,,1336336,3500,btab_boxeig_topk_16384_q256,189,145,144,250000,1000000,3500,cufinufft,binned_c1,50,144,9.305517041545002e-08,pcg,converged,144,,True,0.1,0,0.34179943032329174,0.12320288090886242,0.12307506267354452,0,0.1,boxeig,ok,,0.0006802501172371884,0.09863626699939232,0.0004636799166775063,0.06676990800156091,1608.5394410293347,14696,,122.39960322393291,0.002990697000086584,4.6882187501435306e-05,0.006751035000206684,4.4586222238586335e-05,0.006420416002356433,0.00026804400694402375,0.03859833699993942,0.4622416909999174,0.0,0.0,0.0010043749998658313,0.0,5.986485416226767e-05,0.008620538999366545,0.4612373160000516,,0.10157204300003286,0.02056202300013865,0.46600571699991633,0.008765316999870265,0.7284845140000016,0.0,0.7490465370001402,0.8506185800001731,1e-07,,80000,v7_btab_boxeig
35721,expanded_box,topk,16384,,16384,0,"[72, 72]","[145, 145]",21025,topk,16384,,16384,80000,21025,cheap,30,0.01,,cupy,1.0322161068723032e-12,1.1476623173854812e-13,1600,674,674,,674,320,21025,14696,107653120,6.857413344394772,68.57413344394772,0.001,boxeig,20000,group_a,50,diag,0.001,50,auto,group_a,boxeig,111,112,7.224122170341119e-08,0,,,2,USGS_LPC_IL_Winnebago_2018_ground_elevation_regression_ntrain1000000,False,NVIDIA A100-SXM4-40GB,cheap,320,0,320,320,0,0,2,35721,,,,,,,1.0322161068723032e-12,1.1476623173854812e-13,,,,,1e-05,boxeig,999999.9999987105,True,,nan,0,0,,nan,0,0,0,0,False,111.0,matern,0.1,1.5,1.0,,1336336,3500,btab_boxeig_topk_16384_q320,189,112,111,250000,1000000,3500,cufinufft,binned_c1,50,111,7.224122170341119e-08,pcg,converged,111,,True,0.1,0,0.34179943032329174,0.12320288359312273,0.1230750664837763,0,0.1,boxeig,ok,,0.0006999147053647903,0.07839044700085651,0.00048078794595296113,0.05336746200077869,1608.5394410293347,14696,,68.57413344394772,0.0030222389998471044,4.7729288283064944e-05,0.005297950999420209,4.4713711707748816e-05,0.004963221999560119,0.0002827420991014823,0.03138437300026453,0.5812989730000027,0.0,0.0,0.0010051250001197332,0.0,5.9421774771230095e-05,0.006595816999606541,0.5802938479998829,,0.12585719300000164,0.02031091200001356,0.585129107000057,0.008416741000019101,0.7920770509999784,0.0,0.8123879629999919,0.9382451559999936,1e-07,,80000,v7_btab_boxeig
35721,,,,,,,,,,,,,,,,,,,,,,,,,,,,,,,,,,,,,group_a,,,,,,group_a,,7938,7939,9.160560000976219e-08,,,,2,USGS_LPC_IL_Winnebago_2018_ground_elevation_regression_ntrain30000000,False,NVIDIA A100-SXM4-40GB,,,,,,,,2,35721,,,,,,,,,0,0,,,1e-05,,,True,,,,,,,,,,,False,7938.0,matern,0.1,1.5,1.0,,,80000,plain_cg,189,7939,,7500000,30000000,3500,cufinufft,cufinufft,,,,,,,,True,0.1,0,,0.11343370928588019,0.11349879132342999,0,,,ok,,0.0006298249782090616,5.00018050200174,,,,,,,,,,,,,,,,,,,,,,,,0.33658385099988664,,0.16137775200013493,8.484344169999986,,8.82092885399993,,1e-07,,80000,v1
35721,,,,,,,,,,,,,,,,,,,,,,,,,,,,,,,,,,,,,group_a,,,,,,group_a,,1167,1168,9.516319178163213e-08,,,nan,2,USGS_LPC_IL_Winnebago_2018_ground_elevation_regression_ntrain30000000,False,NVIDIA A100-SXM4-40GB,,,,,,,,2,35721,72,3,nan,,5251.311971927538,0.0005949586222200158,,,5,352,0.0005226676247336647,0.18397900390625,1e-05,,,True,[],,,,,,,,,,False,1167.0,matern,0.1,1.5,1.0,nan,,3500,eigenpro_pcg_q64,189,1168,1167,7500000,30000000,3500,cufinufft,binned_c1,,,,,,,full_eigenpro,True,0.1,0,,0.11337758567293985,0.11344385263049,0,,,ok,,0.0006423459863044658,0.7502601120036161,0.00018143264781346415,0.21173189999831266,,,[],,,,,,,,,,,,,,,,,0.22090154399984385,,0.17662708800003202,0.000277330000017173,0.1615336270001535,1.6976048550000087,,2.0954108169999017,,1e-07,64,80000,v3
35721,,,,,,,,,,,,,,,,,,,,,,,,,,,,,,,,,,,,,group_a,,,,,,group_a,,534,535,9.311636128391399e-08,,,nan,2,USGS_LPC_IL_Winnebago_2018_ground_elevation_regression_ntrain30000000,False,NVIDIA A100-SXM4-40GB,,,,,,,,2,35721,136,3,nan,,1638.9243757391173,0.00018568204603291012,,,5,672,0.0005293729532332647,0.3557386245727539,1e-05,,,True,[],,,,,,,,,,False,534.0,matern,0.1,1.5,1.0,nan,,3500,eigenpro_pcg_q128,189,535,534,7500000,30000000,3500,cufinufft,binned_c1,,,,,,,full_eigenpro,True,0.1,0,,0.11337762439306323,0.11344389222162794,0,,,ok,,0.0006447541252370437,0.3449434570018184,0.00021062338389549537,0.11247288700019453,,,[],,,,,,,,,,,,,,,,,0.4231325629998537,,0.17780790599999818,0.0002918180000506254,0.15554552699995838,0.7953305650000857,,1.3965628519999882,,1e-07,128,80000,v3
35721,,,,,,,,,,,,,,,,,,,,,,,,,,,,,,,,,,,,,group_a,,,,,,group_a,,230,231,9.638089220368792e-08,,,nan,2,USGS_LPC_IL_Winnebago_2018_ground_elevation_regression_ntrain30000000,False,NVIDIA A100-SXM4-40GB,,,,,,,,2,35721,264,3,nan,,418.90080275698364,4.7459345261619466e-05,,,5,1312,0.0005430009772137898,0.7124172821044922,1e-05,,,True,[],,,,,,,,,,False,230.0,matern,0.1,1.5,1.0,nan,,3500,eigenpro_pcg_q256,189,231,230,7500000,30000000,3500,cufinufft,binned_c1,,,,,,,full_eigenpro,True,0.1,0,,0.11337763958495523,0.11344390562480121,0,,,ok,,0.0006450524978345326,0.14900712699977703,0.0003276712347878461,0.0753643840012046,,,[],,,,,,,,,,,,,,,,,0.8502315770001587,,0.16440071900001385,0.000304275999951642,0.155404802999783,0.37192098800005624,,1.3868575600001805,,1e-07,256,80000,v3
35721,,,,,,,,,,,,,,,,,,,,,,,,,,,,,,,,,,,,,group_a,,,,,,group_a,,172,173,9.946561735763044e-08,,,nan,2,USGS_LPC_IL_Winnebago_2018_ground_elevation_regression_ntrain30000000,False,NVIDIA A100-SXM4-40GB,,,,,,,,2,35721,328,3,nan,,264.4776872075924,2.9963985139729098e-05,,,5,1632,0.0005526895803563735,0.9019893951416016,1e-05,,,True,[],,,,,,,,,,False,172.0,matern,0.1,1.5,1.0,nan,,3500,eigenpro_pcg_q320,189,173,172,7500000,30000000,3500,cufinufft,binned_c1,,,,,,,full_eigenpro,True,0.1,0,,0.11337766679806865,0.11344392922248463,0,,,ok,,0.0006435324450788521,0.1113311129986414,0.00037451341280318447,0.06441630700214773,,,[],,,,,,,,,,,,,,,,,1.0765039420000448,,0.16829939700005525,0.00031121799997890776,0.15535999899998387,0.28678536799998255,,1.5318999250000616,,1e-07,320,80000,v3
35721,,,,,,,,,,,,,,,,,,,,,,,,,,,,,,,,,,,,,group_a,,,,,,group_a,,135,136,9.738735753161495e-08,,,nan,2,USGS_LPC_IL_Winnebago_2018_ground_elevation_regression_ntrain30000000,False,NVIDIA A100-SXM4-40GB,,,,,,,,2,35721,392,3,nan,,178.94087411797906,2.0273096325105458e-05,,,5,1952,0.0005692464250033019,1.1111690216064454,1e-05,,,True,[],,,,,,,,,,False,135.0,matern,0.1,1.5,1.0,nan,,3500,eigenpro_pcg_q384,189,136,135,7500000,30000000,3500,cufinufft,binned_c1,,,,,,,full_eigenpro,True,0.1,0,,0.1133776715749728,0.11344393370234554,0,,,ok,,0.0006476279264772449,0.0880773980009053,0.0004229707185088585,0.05710104699869589,,,[],,,,,,,,,,,,,,,,,1.324002543000006,,0.164882069999976,0.0003018990000782651,0.15556111499995495,0.2341931549999572,,1.7233796670000174,,1e-07,384,80000,v3
35721,,,,,,,,,,,,,,,,,,,,,,,,,,,,,,,,,,,,,group_a,,,,,,group_a,,108,109,8.718890735874482e-08,,,nan,2,USGS_LPC_IL_Winnebago_2018_ground_elevation_regression_ntrain30000000,False,NVIDIA A100-SXM4-40GB,,,,,,,,2,35721,456,3,nan,,129.7882476351147,1.470435218747596e-05,,,5,2272,0.0005689847905870894,1.2927334442138672,1e-05,,,True,[],,,,,,,,,,False,108.0,matern,0.1,1.5,1.0,nan,,3500,eigenpro_pcg_q448,189,109,108,7500000,30000000,3500,cufinufft,binned_c1,,,,,,,full_eigenpro,True,0.1,0,,0.11337769628765668,0.11344396284938439,0,,,ok,,0.0006442331743148833,0.07022141600032228,0.0004837847037143311,0.05224874800114776,,,[],,,,,,,,,,,,,,,,,1.5484447050000654,,0.16472921499985205,0.00032543099996473757,0.1553777799999807,0.19423548500003562,,1.9077348359999178,,1e-07,448,80000,v3
35721,expanded_box,topk,512,,512,0,"[12, 12]","[25, 25]",625,topk,512,,512,80000,625,cheap,30,0.01,,,,,,,,,,,,,,,,,inverse,20000,group_a,50,diag,0.001,50,auto,group_a,auto,3500,3501,0.00031653915252360064,0,,,2,USGS_LPC_IL_Winnebago_2018_ground_elevation_regression_ntrain30000000,False,NVIDIA A100-SXM4-40GB,cheap,0,0,0,0,0,0,2,35721,,,,,,,,,,,,,1e-05,inverse,29999999.999957666,True,,nan,0,50,diag,0.001,0,0,0,6250000,False,3500.0,matern,0.1,1.5,1.0,,0,3500,btab_auto_topk_512,189,3501,3501,7500000,30000000,3500,cufinufft,binned_c1,50,3500,0.00031653915252360064,pcg,maxiter,3501,,True,0.1,0,39405.56332249301,0.11356366128651131,0.11362891009639497,0,0.1,exact,ok,,0.0006412605467021985,2.245053174004397,0.00026210577520499096,0.9176323189926734,13886724.014114076,35096,,,0.0014918510000825336,4.547162553801616e-05,0.15919616100859457,4.162661382583755e-05,0.14573477500425724,7.498127163482476e-05,0.2625094319935215,0.011745959000108996,0.009035842999992383,0.001131549000092491,0.0,0.0013465730000916665,5.8073963153672206e-05,0.2033169450010064,,,0.000290902999950049,0.16508687699979419,0.014226025999960257,0.162611939000044,5.345151510000051,0.00023199399993245606,5.510238386999845,5.510529289999795,1e-07,,80000,v6_btab
35721,expanded_box,topk,728,,728,0,"[15, 15]","[31, 31]",961,topk,728,,728,80000,961,cheap,30,0.01,,,,,,,,,,,,,,,,,inverse,20000,group_a,50,diag,0.001,50,auto,group_a,auto,3500,3501,0.00045458910449618615,0,,,2,USGS_LPC_IL_Winnebago_2018_ground_elevation_regression_ntrain30000000,False,NVIDIA A100-SXM4-40GB,cheap,0,0,0,0,0,0,2,35721,,,,,,,,,,,,,1e-05,inverse,29999999.999957666,True,,nan,0,50,diag,0.001,0,0,0,14776336,False,3500.0,matern,0.1,1.5,1.0,,0,3500,btab_auto_topk_728,189,3501,3501,7500000,30000000,3500,cufinufft,binned_c1,50,3500,0.00045458910449618615,pcg,maxiter,3501,,True,0.1,0,15808.760886494094,0.11376880814380096,0.11383524032395384,0,0.1,exact,ok,,0.000634925798629315,2.2228752210012317,0.0002695751873764804,0.9437827310050579,7814348.816036648,34760,,,0.0014401140001609747,4.546945986987193e-05,0.15918857900442163,4.1976416737258796e-05,0.14695943499714303,8.356250471574482e-05,0.29255232900982264,0.02550854099990829,0.02074245099993277,0.0024495539998952154,0.0,0.002023644000018976,5.709871065286699e-05,0.19990258599568733,,,0.0002975239999614132,0.17840440499981014,0.02788448299997981,0.16150984499995502,5.336952105000137,0.00029289200006132887,5.515356509999947,5.515654033999908,1e-07,,80000,v6_btab
35721,expanded_box,topk,1024,,1024,0,"[18, 18]","[37, 37]",1369,topk,1024,,1024,80000,1369,cheap,30,0.01,,,,,,,,,,,,,,,,,inverse,20000,group_a,50,diag,0.001,50,auto,group_a,auto,3500,3501,0.0010454767859961248,0,,,2,USGS_LPC_IL_Winnebago_2018_ground_elevation_regression_ntrain30000000,False,NVIDIA A100-SXM4-40GB,cheap,0,0,0,0,0,0,2,35721,,,,,,,,,,,,,1e-05,inverse,29999999.999957666,True,,nan,0,50,diag,0.001,0,0,0,29986576,False,3500.0,matern,0.1,1.5,1.0,,0,3500,btab_auto_topk_1024,189,3501,3501,7500000,30000000,3500,cufinufft,binned_c1,50,3500,0.0010454767859961248,pcg,maxiter,3501,,True,0.1,0,7204.558888596467,0.11400618675117939,0.11407243866497248,0,0.1,exact,ok,,0.0006342143607521005,2.220384476993104,0.00028240910911069423,0.9887142909965405,4777312.26229007,34352,,,0.0015417949998663971,4.4951362754537126e-05,0.15737472100363448,4.2395066551402745e-05,0.14842512799646101,9.60306546712844e-05,0.3362033220041667,0.05040786100016703,0.04343192200008161,0.003603783000016847,0.0,0.0028368499999942287,5.717588260319759e-05,0.20017276499379477,,,0.0003115310000794125,0.16884735600001477,0.0528793720000067,0.16162695899993196,5.409080679999988,0.0005353060000743426,5.577928036000003,5.578239567000082,1e-07,,80000,v6_btab
35721,expanded_box,topk,2048,,2048,0,"[25, 25]","[51, 51]",2601,topk,2048,,2048,80000,2601,cheap,30,0.01,,,,,,,,,,,,,,,,,inverse,20000,group_a,50,diag,0.001,50,auto,group_a,auto,3500,3501,0.003597258332138859,0,,,2,USGS_LPC_IL_Winnebago_2018_ground_elevation_regression_ntrain30000000,False,NVIDIA A100-SXM4-40GB,cheap,0,0,0,0,0,0,2,35721,,,,,,,,,,,,,1e-05,inverse,29999999.999957666,True,,nan,0,50,diag,0.001,0,0,0,108243216,False,3500.0,matern,0.1,1.5,1.0,,0,3500,btab_auto_topk_2048,189,3501,3501,7500000,30000000,3500,cufinufft,binned_c1,50,3500,0.003597258332138859,pcg,maxiter,3501,,True,0.1,0,1636.432353729804,0.11516547888471967,0.11522455683651713,0,0.1,exact,ok,,0.0006311966932313949,2.2098196230031135,0.00034093015309857134,1.1935964659980982,1890633.6038312681,33120,,,0.0016001279998363316,4.493997800835075e-05,0.15733486300723598,4.257920393857164e-05,0.1490697929889393,0.00015532715966689253,0.5438003859937908,0.2035362259998692,0.18088960199997928,0.01409716899979685,0.0,0.00698114900001201,5.671964381660612e-05,0.198575473001938,,,0.00028417099997568585,0.16610697199985225,0.20606345500004863,0.16087253800014878,5.748984346000043,0.0015683060000810656,5.915091317999895,5.915375488999871,1e-07,,80000,v6_btab
35721,expanded_box,topk,4096,,4096,0,"[36, 36]","[73, 73]",5329,topk,4096,,4096,80000,5329,cheap,30,0.01,,,,,,,,,,,,,,,,,inverse,20000,group_a,50,diag,0.001,50,auto,group_a,auto,3500,3501,0.004543216450567181,0,,,2,USGS_LPC_IL_Winnebago_2018_ground_elevation_regression_ntrain30000000,False,NVIDIA A100-SXM4-40GB,cheap,0,0,0,0,0,0,2,35721,,,,,,,,,,,,,1e-05,inverse,29999999.999957666,True,,nan,0,50,diag,0.001,0,0,0,454371856,False,3500.0,matern,0.1,1.5,1.0,,0,3500,btab_auto_topk_4096,189,3501,3501,7500000,30000000,3500,cufinufft,binned_c1,50,3500,0.004543216450567181,pcg,maxiter,3501,,True,0.1,0,295.1563404083877,0.1161962722067796,0.11627546038077925,0,0.1,exact,ok,,0.0006450558249048176,2.2583404429917664,0.0006118677018016462,2.1421488240075632,637241.9886324853,30392,,,0.0018162789999678353,4.5940116256067236e-05,0.1608363470124914,4.522884890144579e-05,0.1583462000039617,0.0004195272516417782,1.4687649079978655,0.8789230410000073,0.7528742970000621,0.09515818099998796,0.0,0.02483449000010296,5.807895629783458e-05,0.20333442599871887,,,0.0002777790000436653,0.17917935799982843,0.881755443999964,0.162164015000144,7.4880921789999775,0.006056072999854223,7.667271536999806,7.66754931599985,1e-07,,80000,v6_btab
35721,expanded_box,topk,2048,,2048,0,"[25, 25]","[51, 51]",2601,topk,2048,,2048,80000,2601,cheap,30,0.01,,cupy,8.258777411952003e-12,2.877087721994616e-14,960,418,418,,418,192,2601,33120,7993344,61.817348436735884,618.1734843673588,0.001,boxeig,20000,group_a,50,diag,0.001,50,auto,group_a,boxeig,1875,1876,9.730722468565034e-08,0,,,2,USGS_LPC_IL_Winnebago_2018_ground_elevation_regression_ntrain30000000,False,NVIDIA A100-SXM4-40GB,cheap,192,0,192,192,0,0,2,35721,,,,,,,8.258777411952003e-12,2.877087721994616e-14,,,,,1e-05,boxeig,29999999.999957666,True,,nan,0,0,,nan,0,0,0,0,False,1875.0,matern,0.1,1.5,1.0,,163216,3500,btab_boxeig_topk_2048_q192,189,1876,1875,7500000,30000000,3500,cufinufft,binned_c1,50,1875,9.730722468565034e-08,pcg,converged,1875,,True,0.1,0,1636.432353729804,0.11337753353047775,0.11344379319663005,0,0.1,boxeig,ok,,0.0006390683054401236,1.1988921410056719,0.00041293658719975305,0.774256100999537,1890633.6038312681,33120,,618.1734843673588,0.001579292000087662,4.554701439653097e-05,0.08540065199349556,3.908012160245562e-05,0.07327522800460429,0.00023006488053397333,0.4313716510012,0.34430857899997136,0.0,0.0,0.0009807869998894603,0.0,5.7290571203338916e-05,0.10741982100626046,0.3433277920000819,,0.07584042300004512,0.17905478200009384,0.34635302699985004,0.16095477599992591,3.489230786999997,0.0,3.6682855690000906,3.7441259920001357,1e-07,,80000,v7_btab_boxeig
35721,expanded_box,topk,4096,,4096,0,"[36, 36]","[73, 73]",5329,topk,4096,,4096,80000,5329,cheap,30,0.01,,cupy,4.622294447209704e-13,2.2634657129386234e-14,960,418,418,,418,192,5329,30392,16373760,715.897130827037,7158.97130827037,0.001,boxeig,20000,group_a,50,diag,0.001,50,auto,group_a,boxeig,1799,1800,9.288914049672156e-08,0,,,2,USGS_LPC_IL_Winnebago_2018_ground_elevation_regression_ntrain30000000,False,NVIDIA A100-SXM4-40GB,cheap,192,0,192,192,0,0,2,35721,,,,,,,4.622294447209704e-13,2.2634657129386234e-14,,,,,1e-05,boxeig,29999999.999957666,True,,nan,0,0,,nan,0,0,0,0,False,1799.0,matern,0.1,1.5,1.0,,336400,3500,btab_boxeig_topk_4096_q192,189,1800,1799,7500000,30000000,3500,cufinufft,binned_c1,50,1799,9.288914049672156e-08,pcg,converged,1799,,True,0.1,0,295.1563404083877,0.11337753017288661,0.11344378860631207,0,0.1,boxeig,ok,,0.0006519768172197221,1.1735582709954997,0.000431067394105778,0.7754902419962946,637241.9886324853,30392,,7158.97130827037,0.001815668999824993,4.6277667588896874e-05,0.08325352399242547,4.030341300903804e-05,0.07250584000325944,0.00024472648304695456,0.4402629430014713,1.177898864000099,0.0,0.0,0.0009659820000251784,0.0,5.8104772652571926e-05,0.1045304860019769,1.1769328820000737,,0.07612747099983608,0.17765386799987937,1.1801786239998364,0.16071408500010875,4.269617958000026,0.0,4.447271825999906,4.523399296999742,1e-07,,80000,v7_btab_boxeig
35721,expanded_box,topk,4096,,4096,0,"[36, 36]","[73, 73]",5329,topk,4096,,4096,80000,5329,cheap,30,0.01,,cupy,4.05858976215122e-12,7.06655991856155e-14,1280,546,546,,546,256,5329,30392,21831680,166.70727889465863,1667.0727889465861,0.001,boxeig,20000,group_a,50,diag,0.001,50,auto,group_a,boxeig,1026,1027,7.931881846401165e-08,0,,,2,USGS_LPC_IL_Winnebago_2018_ground_elevation_regression_ntrain30000000,False,NVIDIA A100-SXM4-40GB,cheap,256,0,256,256,0,0,2,35721,,,,,,,4.05858976215122e-12,7.06655991856155e-14,,,,,1e-05,boxeig,29999999.999957666,True,,nan,0,0,,nan,0,0,0,0,False,1026.0,matern,0.1,1.5,1.0,,336400,3500,btab_boxeig_topk_4096_q256,189,1027,1026,7500000,30000000,3500,cufinufft,binned_c1,50,1026,7.931881846401165e-08,pcg,converged,1026,,True,0.1,0,295.1563404083877,0.11337752954638047,0.11344378864127304,0,0.1,boxeig,ok,,0.000645842458622735,0.6632802050055489,0.0004287261179320145,0.4398729969982469,637241.9886324853,30392,,1667.0727889465861,0.0017913049998696806,4.572108284223023e-05,0.04690983099612822,3.920350486982658e-05,0.04022279599644207,0.00024418692105401314,0.2505357810014175,0.4696338740000101,0.0,0.0,0.0009292940001159877,0.0,5.8075812862705534e-05,0.05958578399713588,0.4687045799998941,,0.10204531199997291,0.16619301599985192,0.4719251209999129,0.16097991600008754,2.2240840009999374,0.0,2.3902770169997893,2.4923223289997622,1e-07,,80000,v7_btab_boxeig
35721,expanded_box,topk,8192,,8192,0,"[51, 51]","[103, 103]",10609,topk,8192,,8192,80000,10609,cheap,30,0.01,,cupy,4.2754214423175005e-13,2.4422626700615727e-14,960,418,418,,418,192,10609,25112,32593920,778.2446716753074,7782.446716753073,0.001,boxeig,20000,group_a,50,diag,0.001,50,auto,group_a,boxeig,1818,1819,9.750356893588787e-08,0,,,2,USGS_LPC_IL_Winnebago_2018_ground_elevation_regression_ntrain30000000,False,NVIDIA A100-SXM4-40GB,cheap,192,0,192,192,0,0,2,35721,,,,,,,4.2754214423175005e-13,2.4422626700615727e-14,,,,,1e-05,boxeig,29999999.999957666,True,,nan,0,0,,nan,0,0,0,0,False,1818.0,matern,0.1,1.5,1.0,,672400,3500,btab_boxeig_topk_8192_q192,189,1819,1818,7500000,30000000,3500,cufinufft,binned_c1,50,1818,9.750356893588787e-08,pcg,converged,1818,,True,0.1,0,55.20105239465966,0.1133775412614698,0.11344379936435983,0,0.1,boxeig,ok,,0.0006362537482092944,1.1573455679927065,0.0004218500742585957,0.766923435002127,204445.156083461,25112,,7782.446716753073,0.002232501999969827,4.533196094758266e-05,0.08241350500270528,3.90171221154513e-05,0.07093312800589047,0.0002397606364141434,0.43588483700091274,0.35846587600008206,0.0,0.0,0.0010226100000636507,0.0,5.690711606364995e-05,0.10345713700371562,0.3574432660000184,,0.0783822590001364,0.16664307999985795,0.3612174219999815,0.16060034799988898,3.408433278000075,0.0,3.575076357999933,3.6534586170000694,1e-07,,80000,v7_btab_boxeig
35721,expanded_box,topk,8192,,8192,0,"[51, 51]","[103, 103]",10609,topk,8192,,8192,80000,10609,cheap,30,0.01,,cupy,2.2542702519720697e-12,6.526624465371487e-14,1280,546,546,,546,256,10609,25112,43458560,357.8027986612227,3578.027986612227,0.001,boxeig,20000,group_a,50,diag,0.001,50,auto,group_a,boxeig,1256,1257,9.04526139489047e-08,0,,,2,USGS_LPC_IL_Winnebago_2018_ground_elevation_regression_ntrain30000000,False,NVIDIA A100-SXM4-40GB,cheap,256,0,256,256,0,0,2,35721,,,,,,,2.2542702519720697e-12,6.526624465371487e-14,,,,,1e-05,boxeig,29999999.999957666,True,,nan,0,0,,nan,0,0,0,0,False,1256.0,matern,0.1,1.5,1.0,,672400,3500,btab_boxeig_topk_8192_q256,189,1257,1256,7500000,30000000,3500,cufinufft,binned_c1,50,1256,9.04526139489047e-08,pcg,converged,1256,,True,0.1,0,55.20105239465966,0.11337752276083905,0.11344378119863205,0,0.1,boxeig,ok,,0.0006550493142389989,0.8233969879984215,0.00042637803264129314,0.5355308089974642,204445.156083461,25112,,3578.027986612227,0.0022554300001047523,4.6696532643393294e-05,0.05865084500010198,4.013319506317886e-05,0.05040729299935265,0.00023763927388382647,0.29847492799808606,1.0267750500001966,0.0,0.0,0.0010295090000909113,0.0,5.931621894728633e-05,0.07450117099779163,1.0257455410001057,,0.10500258199999735,0.16556397700014713,1.0296137579998685,0.16243168400001196,3.193077796999887,0.0,3.3586417740000343,3.4636443560000316,1e-07,,80000,v7_btab_boxeig
35721,expanded_box,topk,8192,,8192,0,"[51, 51]","[103, 103]",10609,topk,8192,,8192,80000,10609,cheap,30,0.01,,cupy,7.219181968220138e-13,1.0278618434563507e-13,1600,674,674,,674,320,10609,25112,54323200,192.4906018107132,1924.906018107132,0.001,boxeig,20000,group_a,50,diag,0.001,50,auto,group_a,boxeig,965,966,9.805308677640872e-08,0,,,2,USGS_LPC_IL_Winnebago_2018_ground_elevation_regression_ntrain30000000,False,NVIDIA A100-SXM4-40GB,cheap,320,0,320,320,0,0,2,35721,,,,,,,7.219181968220138e-13,1.0278618434563507e-13,,,,,1e-05,boxeig,29999999.999957666,True,,nan,0,0,,nan,0,0,0,0,False,965.0,matern,0.1,1.5,1.0,,672400,3500,btab_boxeig_topk_8192_q320,189,966,965,7500000,30000000,3500,cufinufft,binned_c1,50,965,9.805308677640872e-08,pcg,converged,965,,True,0.1,0,55.20105239465966,0.11337752417816037,0.11344378284324363,0,0.1,boxeig,ok,,0.0006441447277429368,0.622243806999677,0.0004187200507729103,0.4040648489958585,204445.156083461,25112,,1924.906018107132,0.002193708999811861,4.552916787082996e-05,0.04393564699535091,3.89950901556691e-05,0.03763026200022068,0.0002353803948170148,0.22714208099841926,0.610527569000169,0.0,0.0,0.0010228600001482846,0.0,5.732308393586312e-05,0.055316775998107914,0.6095047090000207,,0.13121746700016956,0.16742946999988817,0.6133374319999803,0.16256556500002262,2.2435233730000164,0.0,2.4109528429999045,2.542170310000074,1e-07,,80000,v7_btab_boxeig
35721,expanded_box,topk,16384,,16384,0,"[72, 72]","[145, 145]",21025,topk,16384,,16384,80000,21025,cheap,30,0.01,,cupy,2.1232786816357277e-13,2.855978024533089e-14,960,418,418,,418,192,21025,14696,64591872,783.1862960524056,7831.862960524056,0.001,boxeig,20000,group_a,50,diag,0.001,50,auto,group_a,boxeig,1795,1796,7.52255948256378e-08,0,,,2,USGS_LPC_IL_Winnebago_2018_ground_elevation_regression_ntrain30000000,False,NVIDIA A100-SXM4-40GB,cheap,192,0,192,192,0,0,2,35721,,,,,,,2.1232786816357277e-13,2.855978024533089e-14,,,,,1e-05,boxeig,29999999.999957666,True,,nan,0,0,,nan,0,0,0,0,False,1795.0,matern,0.1,1.5,1.0,,1336336,3500,btab_boxeig_topk_16384_q192,189,1796,1795,7500000,30000000,3500,cufinufft,binned_c1,50,1795,7.52255948256378e-08,pcg,converged,1795,,True,0.1,0,10.254141773704744,0.11337752899917808,0.11344378655596812,0,0.1,boxeig,ok,,0.0006428985824089661,1.1546458540065032,0.0004407524451242525,0.7911506389980332,48256.93284404361,14696,,7831.862960524056,0.0030745850001494546,4.580991866213503e-05,0.08222880399853238,4.013397604639445e-05,0.07204048700327803,0.00025578394818879445,0.459132186998886,0.3561713699998563,0.0,0.0,0.0010278759998527676,0.0,5.7649941502714885e-05,0.10348164499737322,0.35514349400000356,,0.07805851700004496,0.17125905000011699,0.3598824749999494,0.16243481199990129,3.431332420999979,0.0,3.602591471000096,3.680649988000141,1e-07,,80000,v7_btab_boxeig
35721,expanded_box,topk,16384,,16384,0,"[72, 72]","[145, 145]",21025,topk,16384,,16384,80000,21025,cheap,30,0.01,,cupy,1.7151959080197019e-12,3.554426353282445e-14,1280,546,546,,546,256,21025,14696,86122496,364.2836529354311,3642.836529354311,0.001,boxeig,20000,group_a,50,diag,0.001,50,auto,group_a,boxeig,1230,1231,9.239629775866686e-08,0,,,2,USGS_LPC_IL_Winnebago_2018_ground_elevation_regression_ntrain30000000,False,NVIDIA A100-SXM4-40GB,cheap,256,0,256,256,0,0,2,35721,,,,,,,1.7151959080197019e-12,3.554426353282445e-14,,,,,1e-05,boxeig,29999999.999957666,True,,nan,0,0,,nan,0,0,0,0,False,1230.0,matern,0.1,1.5,1.0,,1336336,3500,btab_boxeig_topk_16384_q256,189,1231,1230,7500000,30000000,3500,cufinufft,binned_c1,50,1230,9.239629775866686e-08,pcg,converged,1230,,True,0.1,0,10.254141773704744,0.11337752715481254,0.11344378478348857,0,0.1,boxeig,ok,,0.0006451829585716821,0.7942202220017407,0.0004412721097590226,0.5427646950035978,48256.93284404361,14696,,3642.836529354311,0.0029987360001086927,4.576833902360445e-05,0.05629505699903348,3.990139756330414e-05,0.04907871900286409,0.00025680926341365416,0.3158753939987946,0.46792939700003444,0.0,0.0,0.0010098390000621293,0.0,5.725005365303975e-05,0.0704175659932389,0.4669195579999723,,0.10475238100002571,0.16901273300004505,0.4716755499998726,0.16160768500003542,2.580605674000026,0.0,2.749618407000071,2.8543707880000966,1e-07,,80000,v7_btab_boxeig
35721,expanded_box,topk,16384,,16384,0,"[72, 72]","[145, 145]",21025,topk,16384,,16384,80000,21025,cheap,30,0.01,,cupy,9.818969935189759e-13,1.1355597875164006e-13,1600,674,674,,674,320,21025,14696,107653120,202.80083054580675,2028.0083054580673,0.001,boxeig,20000,group_a,50,diag,0.001,50,auto,group_a,boxeig,960,961,9.496705140988588e-08,0,,,2,USGS_LPC_IL_Winnebago_2018_ground_elevation_regression_ntrain30000000,False,NVIDIA A100-SXM4-40GB,cheap,320,0,320,320,0,0,2,35721,,,,,,,9.818969935189759e-13,1.1355597875164006e-13,,,,,1e-05,boxeig,29999999.999957666,True,,nan,0,0,,nan,0,0,0,0,False,960.0,matern,0.1,1.5,1.0,,1336336,3500,btab_boxeig_topk_16384_q320,189,961,960,7500000,30000000,3500,cufinufft,binned_c1,50,960,9.496705140988588e-08,pcg,converged,960,,True,0.1,0,10.254141773704744,0.11337752720449136,0.11344378568031056,0,0.1,boxeig,ok,,0.000648002764831533,0.6227306570031033,0.0004580381375030621,0.43971661200293966,48256.93284404361,14696,,2028.0083054580673,0.003029857000001357,4.551114687458835e-05,0.043690700999604815,3.980383645772652e-05,0.03821168299941746,0.0002740178489626525,0.2630571350041464,0.5824507329998596,0.0,0.0,0.0010037739998551842,0.0,5.7138770831717996e-05,0.054853219998449276,0.5814469590000044,,0.12919486500004496,0.1662120739999864,0.5862864599998829,0.16201742499993088,2.2515858120000303,0.0,2.4177978860000167,2.5469927510000616,1e-07,,80000,v7_btab_boxeig
35721,,,,,,,,,,,,,,,,,,,,,,,,,,,,,,,,,,,,,group_a,,,,,,group_a,,4907,4908,9.366239386950688e-08,,,,2,USGS_LPC_IL_Winnebago_2018_ground_elevation_regression_ntrain10000000,False,NVIDIA A100-SXM4-40GB,,,,,,,,2,35721,,,,,,,,,0,0,,,1e-05,,,True,,,,,,,,,,,False,4907.0,matern,0.1,1.5,1.0,,,80000,plain_cg,189,4908,,2500000,10000000,3500,cufinufft,cufinufft,,,,,,,,True,0.1,0,,0.11514031051729334,0.11523013834266925,0,,,ok,,0.0006335490462513494,3.1094587190016227,,,,,,,,,,,,,,,,,,,,,,,,0.13242087300000094,,0.05587097600005109,5.283342317000006,,5.415763968999954,,1e-07,,80000,v1
35721,,,,,,,,,,,,,,,,,,,,,,,,,,,,,,,,,,,,,group_a,,,,,,group_a,,732,733,9.524643142755223e-08,,,nan,2,USGS_LPC_IL_Winnebago_2018_ground_elevation_regression_ntrain10000000,False,NVIDIA A100-SXM4-40GB,,,,,,,,2,35721,72,3,nan,,1750.8386700329477,0.0005950935430876029,,,5,352,0.0005277789072556929,0.1857781753540039,1e-05,,,True,[],,,,,,,,,,False,732.0,matern,0.1,1.5,1.0,nan,,3500,eigenpro_pcg_q64,189,733,732,2500000,10000000,3500,cufinufft,binned_c1,,,,,,,full_eigenpro,True,0.1,0,,0.11505721351514457,0.11514760914534507,0,,,ok,,0.0006405936875823238,0.46955517299784333,0.00018156872813860305,0.13290830899745742,,,[],,,,,,,,,,,,,,,,,0.22302580100017622,,0.07531173500001387,0.0003147869999793329,0.05291660399984721,1.0610424369999691,,1.3596947600001386,,1e-07,64,80000,v3
35721,,,,,,,,,,,,,,,,,,,,,,,,,,,,,,,,,,,,,group_a,,,,,,group_a,,337,338,9.683909063704708e-08,,,nan,2,USGS_LPC_IL_Winnebago_2018_ground_elevation_regression_ntrain10000000,False,NVIDIA A100-SXM4-40GB,,,,,,,,2,35721,136,3,nan,,546.4883004402878,0.00018574281866558202,,,5,672,0.0005314590476808094,0.3571404800415039,1e-05,,,True,[],,,,,,,,,,False,337.0,matern,0.1,1.5,1.0,nan,,3500,eigenpro_pcg_q128,189,338,337,2500000,10000000,3500,cufinufft,binned_c1,,,,,,,full_eigenpro,True,0.1,0,,0.11505722713103195,0.11514761462350753,0,,,ok,,0.0006460893372801344,0.21837819600068542,0.00021213372997003622,0.0714890669999022,,,[],,,,,,,,,,,,,,,,,0.42327047100002346,,0.06516004500008421,0.00032212499991146615,0.053699685000083264,0.5045528929999819,,0.993305534000001,,1e-07,128,80000,v3
35721,,,,,,,,,,,,,,,,,,,,,,,,,,,,,,,,,,,,,group_a,,,,,,group_a,,142,143,9.741863585422003e-08,,,nan,2,USGS_LPC_IL_Winnebago_2018_ground_elevation_regression_ntrain10000000,False,NVIDIA A100-SXM4-40GB,,,,,,,,2,35721,264,3,nan,,139.7506742617758,4.749901746709096e-05,,,5,1312,0.0005358680980961498,0.7030589447021485,1e-05,,,True,[],,,,,,,,,,False,142.0,matern,0.1,1.5,1.0,nan,,3500,eigenpro_pcg_q256,189,143,142,2500000,10000000,3500,cufinufft,binned_c1,,,,,,,full_eigenpro,True,0.1,0,,0.11505725250482679,0.1151476285590382,0,,,ok,,0.000637174223781388,0.09111591400073848,0.00032390990844292824,0.04599520699889581,,,[],,,,,,,,,,,,,,,,,0.8406774029999724,,0.06539988700001231,0.00029932999996162835,0.052997412999957305,0.22731413100018472,,1.133690751000131,,1e-07,256,80000,v3
35721,,,,,,,,,,,,,,,,,,,,,,,,,,,,,,,,,,,,,group_a,,,,,,group_a,,108,109,8.338867217948932e-08,,,nan,2,USGS_LPC_IL_Winnebago_2018_ground_elevation_regression_ntrain10000000,False,NVIDIA A100-SXM4-40GB,,,,,,,,2,35721,328,3,nan,,88.33188587796116,3.002259319540869e-05,,,5,1632,0.0005474308892792347,0.8934072113037109,1e-05,,,True,[],,,,,,,,,,False,108.0,matern,0.1,1.5,1.0,nan,,3500,eigenpro_pcg_q320,189,109,108,2500000,10000000,3500,cufinufft,binned_c1,,,,,,,full_eigenpro,True,0.1,0,,0.11505725410249372,0.1151476306302535,0,,,ok,,0.0006507342385381697,0.0709300320006605,0.00037436942592758324,0.04043189800017899,,,[],,,,,,,,,,,,,,,,,1.0675342560000445,,0.0650218999999197,0.00029761499990854645,0.053413499000043885,0.1823512920000212,,1.315205062999894,,1e-07,320,80000,v3
35721,,,,,,,,,,,,,,,,,,,,,,,,,,,,,,,,,,,,,group_a,,,,,,group_a,,84,85,9.331323493185796e-08,,,nan,2,USGS_LPC_IL_Winnebago_2018_ground_elevation_regression_ntrain10000000,False,NVIDIA A100-SXM4-40GB,,,,,,,,2,35721,392,3,nan,,59.821043884046766,2.0332214415979046e-05,,,5,1952,0.0005596417051846864,1.092420608520508,1e-05,,,True,[],,,,,,,,,,False,84.0,matern,0.1,1.5,1.0,nan,,3500,eigenpro_pcg_q384,189,85,84,2500000,10000000,3500,cufinufft,binned_c1,,,,,,,full_eigenpro,True,0.1,0,,0.11505725257298535,0.1151476354819262,0,,,ok,,0.0006503470705919265,0.05527950100031376,0.00042482804762011296,0.03568555600008949,,,[],,,,,,,,,,,,,,,,,1.3047367459998895,,0.06541011400008756,0.00029911199999332894,0.05362878500000079,0.14710425099997337,,1.5175502229999438,,1e-07,384,80000,v3
35721,,,,,,,,,,,,,,,,,,,,,,,,,,,,,,,,,,,,,group_a,,,,,,group_a,,68,69,9.824752108424283e-08,,,nan,2,USGS_LPC_IL_Winnebago_2018_ground_elevation_regression_ntrain10000000,False,NVIDIA A100-SXM4-40GB,,,,,,,,2,35721,456,3,nan,,43.430773613679264,1.4761424071711198e-05,,,5,2272,0.0005653029898522605,1.284368392944336,1e-05,,,True,[],,,,,,,,,,False,68.0,matern,0.1,1.5,1.0,nan,,3500,eigenpro_pcg_q448,189,69,68,2500000,10000000,3500,cufinufft,binned_c1,,,,,,,full_eigenpro,True,0.1,0,,0.11505726774940314,0.11514764274036547,0,,,ok,,0.0006523877681027681,0.045014755999090994,0.0004834294999862804,0.03287320599906707,,,[],,,,,,,,,,,,,,,,,1.5400937040001281,,0.06536101899996538,0.0003130269999473967,0.053290422000145554,0.12488392799991743,,1.7306516779999583,,1e-07,448,80000,v3
35721,expanded_box,topk,512,,512,0,"[12, 12]","[25, 25]",625,topk,512,,512,80000,625,cheap,30,0.01,,,,,,,,,,,,,,,,,inverse,20000,group_a,50,diag,0.001,50,auto,group_a,auto,3500,3501,0.00017051519633264146,0,,,2,USGS_LPC_IL_Winnebago_2018_ground_elevation_regression_ntrain10000000,False,NVIDIA A100-SXM4-40GB,cheap,0,0,0,0,0,0,2,35721,,,,,,,,,,,,,1e-05,inverse,9999999.999985978,True,,nan,0,50,diag,0.001,0,0,0,6250000,False,3500.0,matern,0.1,1.5,1.0,,0,3500,btab_auto_topk_512,189,3501,3501,2500000,10000000,3500,cufinufft,binned_c1,50,3500,0.00017051519633264146,pcg,maxiter,3501,,True,0.1,0,13135.187774164455,0.11513930543836005,0.11522888409269427,0,0.1,exact,ok,,0.000633276647813904,2.2171015439964776,0.00026039228134735445,0.9116333769970879,4628908.004704734,35096,,,0.0015247149999595422,4.4971852330020744e-05,0.15744645500740262,4.148397800491231e-05,0.145235406995198,7.492656012311153e-05,0.26231788699101344,0.01158766999992622,0.008898435999981302,0.0011033499999939522,0.0,0.0013380220000271947,5.728363439107742e-05,0.20055000400316203,,,0.00030507299993587367,0.06515601899991452,0.014004645000113669,0.05519781500015597,5.280450578,0.0002478619999237708,5.3456065969999145,5.34591166999985,1e-07,,80000,v6_btab
35721,expanded_box,topk,728,,728,0,"[15, 15]","[31, 31]",961,topk,728,,728,80000,961,cheap,30,0.01,,,,,,,,,,,,,,,,,inverse,20000,group_a,50,diag,0.001,50,auto,group_a,auto,3500,3501,0.00036570178142117176,0,,,2,USGS_LPC_IL_Winnebago_2018_ground_elevation_regression_ntrain10000000,False,NVIDIA A100-SXM4-40GB,cheap,0,0,0,0,0,0,2,35721,,,,,,,,,,,,,1e-05,inverse,9999999.999985978,True,,nan,0,50,diag,0.001,0,0,0,14776336,False,3500.0,matern,0.1,1.5,1.0,,0,3500,btab_auto_topk_728,189,3501,3501,2500000,10000000,3500,cufinufft,binned_c1,50,3500,0.00036570178142117176,pcg,maxiter,3501,,True,0.1,0,5269.586962164745,0.11517672052110141,0.11526611078751224,0,0.1,exact,ok,,0.0006331377686361002,2.2166153279949867,0.00027013191059807704,0.9457318190038677,2604782.938678906,34760,,,0.0014794159999382828,4.513521822322253e-05,0.1580183989995021,4.204016138269283e-05,0.1471826050008076,8.405972093556394e-05,0.29429308299540935,0.02591037599995616,0.02066296299994974,0.002711147999889363,0.0,0.0022558410000783624,5.716238446305565e-05,0.20012550800515783,,,0.00027011499992113386,0.0749497159999919,0.028283777000069676,0.05523072799996953,5.3337788530000125,0.0002804240000386926,5.408728569000004,5.408998683999926,1e-07,,80000,v6_btab
35721,expanded_box,topk,1024,,1024,0,"[18, 18]","[37, 37]",1369,topk,1024,,1024,80000,1369,cheap,30,0.01,,,,,,,,,,,,,,,,,inverse,20000,group_a,50,diag,0.001,50,auto,group_a,auto,3500,3501,0.0006996539869734129,0,,,2,USGS_LPC_IL_Winnebago_2018_ground_elevation_regression_ntrain10000000,False,NVIDIA A100-SXM4-40GB,cheap,0,0,0,0,0,0,2,35721,,,,,,,,,,,,,1e-05,inverse,9999999.999985978,True,,nan,0,50,diag,0.001,0,0,0,29986576,False,3500.0,matern,0.1,1.5,1.0,,0,3500,btab_auto_topk_1024,189,3501,3501,2500000,10000000,3500,cufinufft,binned_c1,50,3500,0.0006996539869734129,pcg,maxiter,3501,,True,0.1,0,2401.5196295321775,0.11528326645769714,0.11537086558545512,0,0.1,exact,ok,,0.0006343574815761428,2.220885542998076,0.00028400384633248756,0.994297466010039,1592437.4207633706,34352,,,0.0015144399999371672,4.50165501278316e-05,0.15760294199753844,4.219470351488126e-05,0.1477236570055993,9.794445244568898e-05,0.34290352801235713,0.05217844900016644,0.04368174100000033,0.004496031000144285,0.0,0.003478686999869751,5.703965781419199e-05,0.19969584200748614,,,0.00028745399981744413,0.07527666199985106,0.05458797100004631,0.05549770599986914,5.423449552000193,0.0005219900001520728,5.498726214000044,5.499013667999861,1e-07,,80000,v6_btab
35721,expanded_box,topk,2048,,2048,0,"[25, 25]","[51, 51]",2601,topk,2048,,2048,80000,2601,cheap,30,0.01,,,,,,,,,,,,,,,,,inverse,20000,group_a,50,diag,0.001,50,auto,group_a,auto,3500,3501,0.002819755788445987,0,,,2,USGS_LPC_IL_Winnebago_2018_ground_elevation_regression_ntrain10000000,False,NVIDIA A100-SXM4-40GB,cheap,0,0,0,0,0,0,2,35721,,,,,,,,,,,,,1e-05,inverse,9999999.999985978,True,,nan,0,50,diag,0.001,0,0,0,108243216,False,3500.0,matern,0.1,1.5,1.0,,0,3500,btab_auto_topk_2048,189,3501,3501,2500000,10000000,3500,cufinufft,binned_c1,50,3500,0.002819755788445987,pcg,maxiter,3501,,True,0.1,0,545.4774512432729,0.11562078335571302,0.11570713182530455,0,0.1,exact,ok,,0.0006349399263101421,2.222924682011808,0.0003453327946325639,1.2090101140086063,630211.201277095,33120,,,0.0015875789999881817,4.5757336476068954e-05,0.1601964350027174,4.3159135107051575e-05,0.15110013200978756,0.00015690770322740818,0.549333868999156,0.2098321420000957,0.1815383790001306,0.01783769899998333,0.0,0.008864145999950779,5.745775521538619e-05,0.20115960100906705,,,0.0002689789998839842,0.07545349299994086,0.2123554160000367,0.05563704900009725,5.811473620000015,0.0015919180000310007,5.886927112999956,5.88719609199984,1e-07,,80000,v6_btab
35721,expanded_box,topk,4096,,4096,0,"[36, 36]","[73, 73]",5329,topk,4096,,4096,80000,5329,cheap,30,0.01,,,,,,,,,,,,,,,,,inverse,20000,group_a,50,diag,0.001,50,auto,group_a,auto,3500,3501,0.0016200423525777447,0,,,2,USGS_LPC_IL_Winnebago_2018_ground_elevation_regression_ntrain10000000,False,NVIDIA A100-SXM4-40GB,cheap,0,0,0,0,0,0,2,35721,,,,,,,,,,,,,1e-05,inverse,9999999.999985978,True,,nan,0,50,diag,0.001,0,0,0,454371856,False,3500.0,matern,0.1,1.5,1.0,,0,3500,btab_auto_topk_4096,189,3501,3501,2500000,10000000,3500,cufinufft,binned_c1,50,3500,0.0016200423525777447,pcg,maxiter,3501,,True,0.1,0,98.38544680279678,0.11551602245839113,0.11559908920791087,0,0.1,exact,ok,,0.0006374244561543829,2.2316230209964942,0.0006100994778616927,2.135958271993786,212413.99621083034,30392,,,0.001815555999883145,4.527828448868836e-05,0.15851927399489796,4.466334447180943e-05,0.1563663689958048,0.0004201566626712014,1.4709684760118762,0.8904453519999151,0.7548396370000319,0.10115551499984576,0.0,0.028407626999978675,5.736364324469855e-05,0.2008301149996896,,,0.00027946199998041266,0.07507289599993783,0.8932271180001408,0.055679536000070584,7.440664283999922,0.006042573000058837,7.51573717999986,7.51601664199984,1e-07,,80000,v6_btab
35721,expanded_box,topk,2048,,2048,0,"[25, 25]","[51, 51]",2601,topk,2048,,2048,80000,2601,cheap,30,0.01,,cupy,1.5776331411576265e-11,2.9246065967791973e-14,960,418,418,,418,192,2601,33120,7993344,20.666844944389936,206.66844944389936,0.001,boxeig,20000,group_a,50,diag,0.001,50,auto,group_a,boxeig,1197,1198,8.817234495822759e-08,0,,,2,USGS_LPC_IL_Winnebago_2018_ground_elevation_regression_ntrain10000000,False,NVIDIA A100-SXM4-40GB,cheap,192,0,192,192,0,0,2,35721,,,,,,,1.5776331411576265e-11,2.9246065967791973e-14,,,,,1e-05,boxeig,9999999.999985978,True,,nan,0,0,,nan,0,0,0,0,False,1197.0,matern,0.1,1.5,1.0,,163216,3500,btab_boxeig_topk_2048_q192,189,1198,1197,2500000,10000000,3500,cufinufft,binned_c1,50,1197,8.817234495822759e-08,pcg,converged,1197,,True,0.1,0,545.4774512432729,0.11505717437622348,0.11514757510201903,0,0.1,boxeig,ok,,0.0006501215909852082,0.7788456660002794,0.00041717168086747577,0.4993545019983685,630211.201277095,33120,,206.66844944389936,0.001620065999986764,4.617516374336665e-05,0.055271671000809874,3.9426006683512764e-05,0.04719293000016478,0.00023249525647177843,0.2782968219967188,0.3523883699999715,0.0,0.0,0.0010021220000453468,0.0,5.744885297021896e-05,0.0687662770053521,0.3513862479999261,,0.07651971600012075,0.07987086800017096,0.354455956000038,0.055612519000078464,2.385594190999882,0.0,2.465465059000053,2.5419847750001736,1e-07,,80000,v7_btab_boxeig
35721,expanded_box,topk,4096,,4096,0,"[36, 36]","[73, 73]",5329,topk,4096,,4096,80000,5329,cheap,30,0.01,,cupy,3.051391608057985e-13,2.845998792503027e-14,960,418,418,,418,192,5329,30392,16373760,238.6025967624427,2386.025967624427,0.001,boxeig,20000,group_a,50,diag,0.001,50,auto,group_a,boxeig,1094,1095,9.734321974043078e-08,0,,,2,USGS_LPC_IL_Winnebago_2018_ground_elevation_regression_ntrain10000000,False,NVIDIA A100-SXM4-40GB,cheap,192,0,192,192,0,0,2,35721,,,,,,,3.051391608057985e-13,2.845998792503027e-14,,,,,1e-05,boxeig,9999999.999985978,True,,nan,0,0,,nan,0,0,0,0,False,1094.0,matern,0.1,1.5,1.0,,336400,3500,btab_boxeig_topk_4096_q192,189,1095,1094,2500000,10000000,3500,cufinufft,binned_c1,50,1094,9.734321974043078e-08,pcg,converged,1094,,True,0.1,0,98.38544680279678,0.11505717361103258,0.11514757520929897,0,0.1,boxeig,ok,,0.0006416479360688015,0.7026044899953376,0.00042579026142267723,0.4658145459964089,212413.99621083034,30392,,2386.025967624427,0.0017792450000797544,4.52910685586405e-05,0.049548429003152705,3.913688939730651e-05,0.04281575700065332,0.00024373541316498226,0.2666465420024906,0.3567478649997611,0.0,0.0,0.0009550959998705366,0.0,5.654440036187308e-05,0.06185957399588915,0.35579276899989054,,0.07676187299989579,0.07537294799999472,0.35899336700003914,0.056230069999855914,2.210935440000185,0.0,2.2863083880001795,2.3630702610000753,1e-07,,80000,v7_btab_boxeig
35721,expanded_box,topk,4096,,4096,0,"[36, 36]","[73, 73]",5329,topk,4096,,4096,80000,5329,cheap,30,0.01,,cupy,3.306501393660098e-12,8.727930987615541e-14,1280,546,546,,546,256,5329,30392,21831680,55.65118259184394,556.5118259184394,0.001,boxeig,20000,group_a,50,diag,0.001,50,auto,group_a,boxeig,650,651,7.64285939566928e-08,0,,,2,USGS_LPC_IL_Winnebago_2018_ground_elevation_regression_ntrain10000000,False,NVIDIA A100-SXM4-40GB,cheap,256,0,256,256,0,0,2,35721,,,,,,,3.306501393660098e-12,8.727930987615541e-14,,,,,1e-05,boxeig,9999999.999985978,True,,nan,0,0,,nan,0,0,0,0,False,650.0,matern,0.1,1.5,1.0,,336400,3500,btab_boxeig_topk_4096_q256,189,651,650,2500000,10000000,3500,cufinufft,binned_c1,50,650,7.64285939566928e-08,pcg,converged,650,,True,0.1,0,98.38544680279678,0.11505717206509783,0.11514757311893997,0,0.1,boxeig,ok,,0.0006468118279556406,0.42107449999912205,0.0004268675030747405,0.2774638769985813,212413.99621083034,30392,,556.5118259184394,0.001809545000014623,4.5206536920327034e-05,0.02938424899821257,3.903324306975264e-05,0.025371607995339218,0.00024395137384264953,0.15856839299772219,0.46876997800018216,0.0,0.0,0.0011484110000310466,0.0,5.720034770022791e-05,0.03718022600514814,0.4676215670001511,,0.10283539900001415,0.07542152499991062,0.47103264300017145,0.05386478199989142,1.577372202000106,0.0,1.6527937270000166,1.7556291260000307,1e-07,,80000,v7_btab_boxeig
35721,expanded_box,topk,8192,,8192,0,"[51, 51]","[103, 103]",10609,topk,8192,,8192,80000,10609,cheap,30,0.01,,cupy,2.066400915001469e-13,2.789449025955837e-14,960,418,418,,418,192,10609,25112,32593920,259.51604636283594,2595.160463628359,0.001,boxeig,20000,group_a,50,diag,0.001,50,auto,group_a,boxeig,1004,1005,9.303849393014201e-08,0,,,2,USGS_LPC_IL_Winnebago_2018_ground_elevation_regression_ntrain10000000,False,NVIDIA A100-SXM4-40GB,cheap,192,0,192,192,0,0,2,35721,,,,,,,2.066400915001469e-13,2.789449025955837e-14,,,,,1e-05,boxeig,9999999.999985978,True,,nan,0,0,,nan,0,0,0,0,False,1004.0,matern,0.1,1.5,1.0,,672400,3500,btab_boxeig_topk_8192_q192,189,1005,1004,2500000,10000000,3500,cufinufft,binned_c1,50,1004,9.303849393014201e-08,pcg,converged,1004,,True,0.1,0,18.40035079822005,0.11505721818749519,0.11514761549022515,0,0.1,boxeig,ok,,0.0006482788766119194,0.651520270994979,0.0004329012958133224,0.4346329009965757,68148.38536115427,25112,,2595.160463628359,0.0022103750000042055,4.667946713939943e-05,0.04686618500795703,4.039428386570389e-05,0.040555861001166704,0.00024494063346475084,0.24592039599860982,1.7564894890001597,0.0,0.0,0.001014251000015065,0.0,5.879705876449193e-05,0.0590322469995499,1.7554752380001446,,0.0783136459999696,0.07550872799993158,1.7593263090000164,0.05533186599996043,3.476769357999956,0.0,3.5522780859998875,3.630591731999857,1e-07,,80000,v7_btab_boxeig
35721,expanded_box,topk,8192,,8192,0,"[51, 51]","[103, 103]",10609,topk,8192,,8192,80000,10609,cheap,30,0.01,,cupy,3.63915609141464e-12,3.362001089057552e-14,1280,546,546,,546,256,10609,25112,43458560,119.35202006074262,1193.5202006074262,0.001,boxeig,20000,group_a,50,diag,0.001,50,auto,group_a,boxeig,758,759,9.671655822553674e-08,0,,,2,USGS_LPC_IL_Winnebago_2018_ground_elevation_regression_ntrain10000000,False,NVIDIA A100-SXM4-40GB,cheap,256,0,256,256,0,0,2,35721,,,,,,,3.63915609141464e-12,3.362001089057552e-14,,,,,1e-05,boxeig,9999999.999985978,True,,nan,0,0,,nan,0,0,0,0,False,758.0,matern,0.1,1.5,1.0,,672400,3500,btab_boxeig_topk_8192_q256,189,759,758,2500000,10000000,3500,cufinufft,binned_c1,50,758,9.671655822553674e-08,pcg,converged,758,,True,0.1,0,18.40035079822005,0.11505717400241157,0.11514757518684084,0,0.1,boxeig,ok,,0.0006401833649523842,0.4858991739988596,0.0004156912955139429,0.3150940019995687,68148.38536115427,25112,,1193.5202006074262,0.0022508740000830585,4.558211477018928e-05,0.03455124299580348,3.939621372003576e-05,0.029862329999787107,0.000232281721638308,0.17606954500183747,0.4670364300000074,0.0,0.0,0.0010082969999984925,0.0,5.691581794348657e-05,0.04314219000116282,0.4660281330000089,,0.10514597499991396,0.07565398900010223,0.469885043999966,0.054160173999889594,1.7426846529999693,0.0,1.8183386420000716,1.9234846169999855,1e-07,,80000,v7_btab_boxeig
35721,expanded_box,topk,8192,,8192,0,"[51, 51]","[103, 103]",10609,topk,8192,,8192,80000,10609,cheap,30,0.01,,cupy,5.614158632742666e-12,1.2119840264638263e-13,1600,674,674,,674,320,10609,25112,54323200,64.22154393374532,642.2154393374532,0.001,boxeig,20000,group_a,50,diag,0.001,50,auto,group_a,boxeig,571,572,8.709202106654871e-08,0,,,2,USGS_LPC_IL_Winnebago_2018_ground_elevation_regression_ntrain10000000,False,NVIDIA A100-SXM4-40GB,cheap,320,0,320,320,0,0,2,35721,,,,,,,5.614158632742666e-12,1.2119840264638263e-13,,,,,1e-05,boxeig,9999999.999985978,True,,nan,0,0,,nan,0,0,0,0,False,571.0,matern,0.1,1.5,1.0,,672400,3500,btab_boxeig_topk_8192_q320,189,572,571,2500000,10000000,3500,cufinufft,binned_c1,50,571,8.709202106654871e-08,pcg,converged,571,,True,0.1,0,18.40035079822005,0.11505718830320445,0.11514758991998798,0,0.1,boxeig,ok,,0.0006464574545381632,0.36977366399582934,0.0004176606112104582,0.23848420900117162,68148.38536115427,25112,,642.2154393374532,0.0022524560001784266,4.5599089314464836e-05,0.02603707999855942,3.917424518016442e-05,0.022368493997873884,0.0002346742381810392,0.13399899000137339,0.5864436770000339,0.0,0.0,0.0009867819999271887,0.0,5.641211208252262e-05,0.032211315999120416,0.5854568950001067,,0.12917466900012187,0.0751834959999087,0.589290081999934,0.0533240659999592,1.555425618000072,0.0,1.6306091139999808,1.7597837830001026,1e-07,,80000,v7_btab_boxeig
35721,expanded_box,topk,16384,,16384,0,"[72, 72]","[145, 145]",21025,topk,16384,,16384,80000,21025,cheap,30,0.01,,cupy,2.622788279561684e-13,2.495443734736111e-14,960,418,418,,418,192,21025,14696,64591872,261.1262738567141,2611.262738567141,0.001,boxeig,20000,group_a,50,diag,0.001,50,auto,group_a,boxeig,953,954,9.329972645300277e-08,0,,,2,USGS_LPC_IL_Winnebago_2018_ground_elevation_regression_ntrain10000000,False,NVIDIA A100-SXM4-40GB,cheap,192,0,192,192,0,0,2,35721,,,,,,,2.622788279561684e-13,2.495443734736111e-14,,,,,1e-05,boxeig,9999999.999985978,True,,nan,0,0,,nan,0,0,0,0,False,953.0,matern,0.1,1.5,1.0,,1336336,3500,btab_boxeig_topk_16384_q192,189,954,953,2500000,10000000,3500,cufinufft,binned_c1,50,953,9.329972645300277e-08,pcg,converged,953,,True,0.1,0,3.4180472579016117,0.11505717333720217,0.11514757507656691,0,0.1,boxeig,ok,,0.0006455143008412028,0.6158206430025075,0.0004376082843641755,0.41704069499905927,16085.644281348013,14696,,2611.262738567141,0.0030654070001219225,4.5685698840894374e-05,0.043538470995372336,3.95564858305138e-05,0.03769733099647965,0.0002539113483749014,0.24197751500128106,0.35407307400009813,0.0,0.0,0.0010004539999499684,0.0,5.7200782790375944e-05,0.05451234599922827,0.35307262000014816,,0.07654298500006007,0.07526182100014012,0.3577896259998852,0.055202113999939684,1.9868203869998524,0.0,2.0620822079999925,2.1386251930000526,1e-07,,80000,v7_btab_boxeig
35721,expanded_box,topk,16384,,16384,0,"[72, 72]","[145, 145]",21025,topk,16384,,16384,80000,21025,cheap,30,0.01,,cupy,1.5941634106201847e-12,9.333671436723526e-14,1280,546,546,,546,256,21025,14696,86122496,121.45386931202027,1214.5386931202027,0.001,boxeig,20000,group_a,50,diag,0.001,50,auto,group_a,boxeig,684,685,9.251968628008948e-08,0,,,2,USGS_LPC_IL_Winnebago_2018_ground_elevation_regression_ntrain10000000,False,NVIDIA A100-SXM4-40GB,cheap,256,0,256,256,0,0,2,35721,,,,,,,1.5941634106201847e-12,9.333671436723526e-14,,,,,1e-05,boxeig,9999999.999985978,True,,nan,0,0,,nan,0,0,0,0,False,684.0,matern,0.1,1.5,1.0,,1336336,3500,btab_boxeig_topk_16384_q256,189,685,684,2500000,10000000,3500,cufinufft,binned_c1,50,684,9.251968628008948e-08,pcg,converged,684,,True,0.1,0,3.4180472579016117,0.11505717966854216,0.1151475813221016,0,0.1,boxeig,ok,,0.0006510854569376826,0.44599353800231256,0.00044262256579209773,0.30275383500179487,16085.644281348013,14696,,1214.5386931202027,0.0030531429999882675,4.660530701742132e-05,0.03187802999991618,3.977608772051131e-05,0.027206844000829733,0.0002568544970770277,0.17568847600068693,0.4747104630000649,0.0,0.0,0.0010125969999990048,0.0,5.731202923621099e-05,0.03920142799756832,0.4736978660000659,,0.10199990599994635,0.07512618900000234,0.4784990690000086,0.053604556999971464,1.657640383999933,0.0,1.7327665729999353,1.8347664789998817,1e-07,,80000,v7_btab_boxeig
35721,expanded_box,topk,16384,,16384,0,"[72, 72]","[145, 145]",21025,topk,16384,,16384,80000,21025,cheap,30,0.01,,cupy,5.89480749910155e-13,1.1391907136043755e-13,1600,674,674,,674,320,21025,14696,107653120,67.71440179233652,677.1440179233651,0.001,boxeig,20000,group_a,50,diag,0.001,50,auto,group_a,boxeig,515,516,9.972341266600828e-08,0,,,2,USGS_LPC_IL_Winnebago_2018_ground_elevation_regression_ntrain10000000,False,NVIDIA A100-SXM4-40GB,cheap,320,0,320,320,0,0,2,35721,,,,,,,5.89480749910155e-13,1.1391907136043755e-13,,,,,1e-05,boxeig,9999999.999985978,True,,nan,0,0,,nan,0,0,0,0,False,515.0,matern,0.1,1.5,1.0,,1336336,3500,btab_boxeig_topk_16384_q320,189,516,515,2500000,10000000,3500,cufinufft,binned_c1,50,515,9.972341266600828e-08,pcg,converged,515,,True,0.1,0,3.4180472579016117,0.11505718138045866,0.11514758336308192,0,0.1,boxeig,ok,,0.0006580588294529535,0.339558355997724,0.0004628797747562168,0.23838308399945163,16085.644281348013,14696,,677.1440179233651,0.0030430480001086835,4.599160582215827e-05,0.02368567699841151,4.081294563309588e-05,0.021018667001044378,0.00027598631067766056,0.14213294999899517,0.5797759370000222,0.0,0.0,0.0010174829999414214,0.0,5.7554730098399006e-05,0.029640686000675487,0.5787584540000807,,0.12762971399979506,0.07390677400007917,0.5836268800001108,0.053601517000060994,1.4933481139999003,0.0,1.5672548879999795,1.6948846019997745,1e-07,,80000,v7_btab_boxeig
1225,,,,,,,,,,,,,,,,,,,,,,,,,,,,,,,,,,,,,group_b,,,,,,group_b,,3069,3070,9.35578587773576e-08,,,,2,synthetic_true_func_2d_ntrain300000000,False,NVIDIA A100-SXM4-40GB,,,,,,,,2,1225,,,,,,,,,0,0,,,1e-05,,,True,,,,,,,,,,,False,3069.0,SE,0.1,1.5,1.0,,,80000,plain_cg,35,3070,,75000000,300000000,3500,cufinufft,cufinufft,,,,,,,,True,0.1,0,,0.0003439986493388095,0.3000174895891262,0,,,ok,,0.0006201241508143519,1.9037811430000602,,,,,,,,,,,,,,,,,,,,,,,,3.954526198999929,,1.6604967010000564,3.251032767999959,,7.2055599269999675,,1e-07,,80000,v1
1225,,,,,,,,,,,,,,,,,,,,,,,,,,,,,,,,,,,,,group_b,,,,,,group_b,,1076,1077,9.430948335836498e-08,,,nan,2,synthetic_true_func_2d_ntrain300000000,False,NVIDIA A100-SXM4-40GB,,,,,,,,2,1225,72,3,nan,,147830.24167632242,0.002947824769710361,,,5,352,0.0006061061837456443,0.2133493766784668,1e-05,,,True,[],,,,,,,,,,False,1076.0,SE,0.1,1.5,1.0,nan,,3500,eigenpro_pcg_q64,35,1077,1076,75000000,300000000,3500,cufinufft,binned_c1,,,,,,,full_eigenpro,True,0.1,0,,0.000564739769133361,0.3000178203317776,0,,,ok,,0.0006288883844035176,0.6773127900025884,0.00015144083178544784,0.16295033500114187,,,[],,,,,,,,,,,,,,,,,0.2205135330000303,,1.5006377020001764,0.0002849039999546221,1.5106632749998425,1.5152329200000167,,3.236669059000178,,1e-07,64,80000,v3
1225,,,,,,,,,,,,,,,,,,,,,,,,,,,,,,,,,,,,,group_b,,,,,,group_b,,263,264,9.515199390762594e-08,,,nan,2,synthetic_true_func_2d_ntrain300000000,False,NVIDIA A100-SXM4-40GB,,,,,,,,2,1225,136,3,nan,,6884.03674514333,0.00013720063112451764,,,5,672,0.0005998171397617885,0.4030771179199219,1e-05,,,True,[],,,,,,,,,,False,263.0,SE,0.1,1.5,1.0,nan,,3500,eigenpro_pcg_q128,35,264,263,75000000,300000000,3500,cufinufft,binned_c1,,,,,,,full_eigenpro,True,0.1,0,,0.0005658332759581778,0.30001782111085534,0,,,ok,,0.0006379711780325716,0.16842439100059892,0.0001563472471463455,0.041119325999488865,,,[],,,,,,,,,,,,,,,,,0.413411257000007,,1.4995451459999458,0.0003127359998416068,1.5333441540001331,0.3778493370000433,,2.2911184759998378,,1e-07,128,80000,v3
1225,,,,,,,,,,,,,,,,,,,,,,,,,,,,,,,,,,,,,group_b,,,,,,group_b,,8,9,9.480268187181029e-08,,,nan,2,synthetic_true_func_2d_ntrain300000000,False,NVIDIA A100-SXM4-40GB,,,,,,,,2,1225,264,3,nan,,20.373877183826853,4.060562158655678e-07,,,5,1312,0.0005985849892220847,0.7853435058593751,1e-05,,,True,[],,,,,,,,,,False,8.0,SE,0.1,1.5,1.0,nan,,3500,eigenpro_pcg_q256,35,9,8,75000000,300000000,3500,cufinufft,binned_c1,,,,,,,full_eigenpro,True,0.1,0,,0.0005493455491568617,0.30001782028688545,0,,,ok,,0.0006400377777582536,0.005760339999824282,0.00016442237503611068,0.0013153790002888854,,,[],,,,,,,,,,,,,,,,,0.8039488350000283,,1.4997349529999155,0.00030340800003614277,1.5226131239999177,0.012519198000063625,,2.3165063940000437,,1e-07,256,80000,v3
1225,,,,,,,,,,,,,,,,,,,,,,,,,,,,,,,,,,,,,group_b,,,,,,group_b,,1,2,8.131744080217844e-08,,,nan,2,synthetic_true_func_2d_ntrain300000000,False,NVIDIA A100-SXM4-40GB,,,,,,,,2,1225,328,3,nan,,1.5426088808041676,3.074456172685625e-08,,,5,1632,0.0005986666679382325,0.9770240020751954,1e-05,,,True,[],,,,,,,,,,False,1.0,SE,0.1,1.5,1.0,nan,,3500,eigenpro_pcg_q320,35,2,1,75000000,300000000,3500,cufinufft,binned_c1,,,,,,,full_eigenpro,True,0.1,0,,0.0004973370528154325,0.3000177688642053,0,,,ok,,0.0006366684999647987,0.0012733369999295974,0.00027669700011756504,0.00027669700011756504,,,[],,,,,,,,,,,,,,,,,0.9989012529999854,,1.499484012000039,0.00032350600008612673,1.5203214809998826,0.00258155300002727,,2.501290324000138,,1e-07,320,80000,v3
1225,,,,,,,,,,,,,,,,,,,,,,,,,,,,,,,,,,,,,group_b,,,,,,group_b,,3,4,5.9168500995723286e-08,,,nan,2,synthetic_true_func_2d_ntrain300000000,False,NVIDIA A100-SXM4-40GB,,,,,,,,2,1225,392,3,nan,,0.25124320762230906,5.0073368572663305e-09,,,5,1952,0.0005952073394275102,1.1618447265625,1e-05,,,True,[],,,,,,,,,,False,3.0,SE,0.1,1.5,1.0,nan,,3500,eigenpro_pcg_q384,35,4,3,75000000,300000000,3500,cufinufft,binned_c1,,,,,,,full_eigenpro,True,0.1,0,,0.0005660187142488435,0.3000178232666475,0,,,ok,,0.000643658499996036,0.002574633999984144,0.00019057566669289372,0.0005717270000786812,,,[],,,,,,,,,,,,,,,,,1.1874083210000208,,1.4994381219999013,0.00029562500003521563,1.5203896190000705,0.00547859299990705,,2.6926206609998644,,1e-07,384,80000,v3
1225,,,,,,,,,,,,,,,,,,,,,,,,,,,,,,,,,,,,,group_b,,,,,,group_b,,2,3,6.628721056413389e-08,,,nan,2,synthetic_true_func_2d_ntrain300000000,False,NVIDIA A100-SXM4-40GB,,,,,,,,2,1225,456,3,nan,,0.23683639550935795,4.720205666848881e-09,,,5,2272,0.0006001568512177803,1.3635563659667969,1e-05,,,True,[],,,,,,,,,,False,2.0,SE,0.1,1.5,1.0,nan,,3500,eigenpro_pcg_q448,35,3,2,75000000,300000000,3500,cufinufft,binned_c1,,,,,,,full_eigenpro,True,0.1,0,,0.0005648659850145097,0.30001782059504845,0,,,ok,,0.0006444460000238905,0.0019333380000716716,0.00020858400000633992,0.00041716800001267984,,,[],,,,,,,,,,,,,,,,,1.3926767779998954,,1.5001865940000698,0.0003136289999474684,1.524001232000046,0.004052576000049157,,2.897229576999962,,1e-07,448,80000,v3
1225,expanded_box,topk,512,,512,0,"[12, 12]","[25, 25]",625,topk,512,,512,80000,625,cheap,30,0.01,,,,,,,,,,,,,,,,,chol_solve,20000,group_b,50,diag,0.001,50,auto,group_b,auto,79,80,8.872722393588177e-08,6250000,,,2,synthetic_true_func_2d_ntrain300000000,False,NVIDIA A100-SXM4-40GB,cheap,0,0,0,0,0,0,2,1225,,,,,,,,,,,,,1e-05,chol_solve,299999999.99935234,True,,nan,0,50,diag,0.001,0,0,0,0,False,79.0,SE,0.1,1.5,1.0,,0,3500,btab_auto_topk_512,35,80,79,75000000,300000000,3500,cufinufft,binned_c1,50,79,8.872722393588177e-08,pcg,converged,79,,True,0.1,0,248.7941398093209,0.0005649614805181187,0.3000178210607842,0,0.1,exact,ok,,0.0006226008000169258,0.04980806400135407,0.0005707229114117972,0.04508711000153198,7451.295978545698,600,,,0.0006214860000000044,4.496779747511672e-05,0.003552456000534221,4.254510125790574e-05,0.0033610629993745533,0.0003848551012605974,0.03040355299958719,0.010486100999969494,0.008849263000001883,-0.010486100999969494,0.0,0.0013769779998256126,5.556875948047802e-05,0.004389931998957763,,,0.00019019499995920341,1.4995273689999067,0.011939770000026328,1.5203836210000645,0.15558656000007431,0.00025986000014199817,1.655113928999981,1.6553041239999402,1e-07,,80000,v6_btab
1225,expanded_box,topk,1024,,1024,0,"[17, 17]","[35, 35]",1225,topk,1024,,1024,80000,1225,cheap,30,0.01,,,,,,,,,,,,,,,,,chol_solve,20000,group_b,50,diag,0.001,50,auto,group_b,auto,3,4,2.6971295022740738e-09,24010000,,,2,synthetic_true_func_2d_ntrain300000000,False,NVIDIA A100-SXM4-40GB,cheap,0,0,0,0,0,0,2,1225,,,,,,,,,,,,,1e-05,chol_solve,299999999.99935234,True,,nan,0,50,diag,0.001,0,0,0,0,False,3.0,SE,0.1,1.5,1.0,,0,3500,btab_auto_topk_1024,35,4,3,75000000,300000000,3500,cufinufft,binned_c1,50,3,2.6971295022740738e-09,pcg,converged,3,,True,0.1,0,0.0,0.0005649883817390778,0.30001782103888064,0,0.1,exact,ok,,0.0007091092500104423,0.0028364370000417694,0.0006238686666317032,0.0018716059998951096,0.0,0,,,0.0006011129999023979,1.756466667757195e-05,5.269400003271585e-05,3.620600008010418e-05,0.00010861800024031254,0.0004598533333440476,0.0013795600000321429,0.03895075600007658,0.03581371499990382,-0.03895075600007658,0.0,0.0026794520001658384,6.71786666165038e-05,0.00020153599984951143,,,5.8227999943483155e-05,1.4999871289999192,0.040335400000003574,1.5206204849998812,0.047496880000153396,0.0004575890000069194,1.5474840090000725,1.547542237000016,1e-07,,80000,v6_btab
1225,expanded_box,topk,256,,256,0,"[9, 9]","[19, 19]",361,topk,256,,256,80000,361,cheap,30,0.01,,cupy,7.095058988075882e-15,1.1156337444890158e-15,320,162,162,,162,64,361,864,370688,451215.62108416617,4512156.210841661,0.001,boxeig,20000,group_b,50,diag,0.001,50,auto,group_b,boxeig,1547,1548,9.766769930169241e-08,0,,,2,synthetic_true_func_2d_ntrain300000000,False,NVIDIA A100-SXM4-40GB,cheap,64,0,64,64,0,0,2,1225,,,,,,,7.095058988075882e-15,1.1156337444890158e-15,,,,,1e-05,boxeig,299999999.99935234,True,,nan,0,0,,nan,0,0,0,0,False,1547.0,SE,0.1,1.5,1.0,,21904,3500,btab_boxeig_topk_256_q64,35,1548,1547,75000000,300000000,3500,cufinufft,binned_c1,50,1547,9.766769930169241e-08,pcg,converged,1547,,True,0.1,0,41989.68361803287,0.0005591700125360909,0.3000178106226205,0,0.1,boxeig,ok,,0.0006347662344937617,0.9826181309963431,0.0004261430303820889,0.6592432680010916,1369995.9262617128,864,,4512156.210841661,0.0005097439998280606,4.5837234001185035e-05,0.07091020099983325,3.963192501408282e-05,0.061310587996786126,0.00024129450678645977,0.37328260199865326,0.36173037900016425,0.0,0.0,0.23031638600014048,0.0,5.7728928251164987e-05,0.08930665200455223,0.13141399300002377,,0.026537109000173587,1.499780820000069,0.3626165260000107,1.5173744989999705,2.975632949000101,0.0,4.47541376900017,4.501950878000343,1e-07,,80000,v7_btab_boxeig
1225,expanded_box,topk,512,,512,0,"[12, 12]","[25, 25]",625,topk,512,,512,80000,625,cheap,30,0.01,,cupy,1.194991683471169e-13,4.537223280971389e-15,640,290,290,,290,128,625,600,1282048,21267.04979324993,212670.4979324993,0.001,boxeig,20000,group_b,50,diag,0.001,50,auto,group_b,boxeig,508,509,8.178372972675303e-08,0,,,2,synthetic_true_func_2d_ntrain300000000,False,NVIDIA A100-SXM4-40GB,cheap,128,0,128,128,0,0,2,1225,,,,,,,1.194991683471169e-13,4.537223280971389e-15,,,,,1e-05,boxeig,299999999.99935234,True,,nan,0,0,,nan,0,0,0,0,False,508.0,SE,0.1,1.5,1.0,,38416,3500,btab_boxeig_topk_512_q128,35,509,508,75000000,300000000,3500,cufinufft,binned_c1,50,508,8.178372972675303e-08,pcg,converged,508,,True,0.1,0,248.7941398093209,0.0005646091316522797,0.30001782245322106,0,0.1,boxeig,ok,,0.0006393170334003472,0.3254123700007767,0.0004257120433056288,0.21626171799925942,7451.295978545698,600,,212670.4979324993,0.0004895990000477468,4.532838976292337e-05,0.023026821999565072,3.917614960675035e-05,0.019901484000229175,0.00024290718898183105,0.12339685200277017,0.2972747349999736,0.0,0.0,0.05988149499989959,0.0,5.667721063046905e-05,0.028792023000278277,0.237393240000074,,0.05098650600007204,1.4996828639998512,0.2982387560000461,1.516478184000107,1.159949043000097,0.0,2.659631906999948,2.71061841300002,1e-07,,80000,v7_btab_boxeig
1225,expanded_box,topk,768,,768,0,"[15, 15]","[31, 31]",961,topk,768,,768,80000,961,cheap,30,0.01,,cupy,2.005553056082856e-13,3.023555049647764e-15,640,290,290,,290,128,961,264,1970176,21267.4057570858,212674.05757085799,0.001,boxeig,20000,group_b,50,diag,0.001,50,auto,group_b,boxeig,360,361,6.16029063264561e-08,0,,,2,synthetic_true_func_2d_ntrain300000000,False,NVIDIA A100-SXM4-40GB,cheap,128,0,128,128,0,0,2,1225,,,,,,,2.005553056082856e-13,3.023555049647764e-15,,,,,1e-05,boxeig,299999999.99935234,True,,nan,0,0,,nan,0,0,0,0,False,360.0,SE,0.1,1.5,1.0,,59536,3500,btab_boxeig_topk_768_q128,35,361,360,75000000,300000000,3500,cufinufft,binned_c1,50,360,6.16029063264561e-08,pcg,converged,360,,True,0.1,0,0.3868140743360568,0.0005656124342513327,0.30001781923611665,0,0.1,boxeig,ok,,0.0006424095457139507,0.23190984600273623,0.0004283412999983385,0.15420286799940186,10.924850578839887,264,,212674.05757085799,0.0005154049999873678,4.5618200000616426e-05,0.016422552000221913,3.92296694517174e-05,0.014122681002618265,0.00024400896944977527,0.0878432290019191,0.2845654350001041,0.0,0.0,0.047022533000017575,0.0,5.748030278217205e-05,0.02069290900158194,0.23754290200008654,,0.05055110600005719,1.4992800919999354,0.2855121729999155,1.5149556820001635,0.8989711889998944,0.0,2.3982512809998298,2.448802386999887,1e-07,,80000,v7_btab_boxeig
1225,,,,,,,,,,,,,,,,,,,,,,,,,,,,,,,,,,,,,group_b,,,,,,group_b,,2978,2979,9.843846793298036e-08,,,,2,synthetic_true_func_2d_ntrain100000000,False,NVIDIA A100-SXM4-40GB,,,,,,,,2,1225,,,,,,,,,0,0,,,1e-05,,,True,,,,,,,,,,,False,2978.0,SE,0.1,1.5,1.0,,,80000,plain_cg,35,2979,,25000000,100000000,3500,cufinufft,cufinufft,,,,,,,,True,0.1,0,,0.0005704240226034765,0.3000305253140072,0,,,ok,,0.0006246982655264536,1.8609761330033052,,,,,,,,,,,,,,,,,,,,,,,,1.0178112189998956,,0.5255923910001457,3.1793660139999247,,4.197178132999852,,1e-07,,80000,v1
1225,,,,,,,,,,,,,,,,,,,,,,,,,,,,,,,,,,,,,group_b,,,,,,group_b,,903,904,7.244068502164396e-08,,,nan,2,synthetic_true_func_2d_ntrain100000000,False,NVIDIA A100-SXM4-40GB,,,,,,,,2,1225,72,3,nan,,49260.70919099186,0.0029468838345641595,,,5,352,0.0006069934584877708,0.2136616973876953,1e-05,,,True,[],,,,,,,,,,False,903.0,SE,0.1,1.5,1.0,nan,,3500,eigenpro_pcg_q64,35,904,903,25000000,100000000,3500,cufinufft,binned_c1,,,,,,,full_eigenpro,True,0.1,0,,0.0006891162837231743,0.3000308215870877,0,,,ok,,0.0006364678384918192,0.5753669259966046,0.00015392591916445854,0.13899510500550605,,,[],,,,,,,,,,,,,,,,,0.22060795699985647,,0.5109372700001131,0.00028074800002286793,0.5123816710001847,1.2874081669999669,,2.0192341419999593,,1e-07,64,80000,v3
1225,,,,,,,,,,,,,,,,,,,,,,,,,,,,,,,,,,,,,group_b,,,,,,group_b,,211,212,7.848695385828211e-08,,,nan,2,synthetic_true_func_2d_ntrain100000000,False,NVIDIA A100-SXM4-40GB,,,,,,,,2,1225,136,3,nan,,2295.584644022059,0.00013725565073005678,,,5,672,0.0006003337247031075,0.4034242630004883,1e-05,,,True,[],,,,,,,,,,False,211.0,SE,0.1,1.5,1.0,nan,,3500,eigenpro_pcg_q128,35,212,211,25000000,100000000,3500,cufinufft,binned_c1,,,,,,,full_eigenpro,True,0.1,0,,0.0006914864280619993,0.30003082854927526,0,,,ok,,0.0006402015990572164,0.13572273900012988,0.00015682731279446593,0.03309056299963231,,,[],,,,,,,,,,,,,,,,,0.41355293899982826,,0.5100389010001436,0.00032183700000132376,0.5064817370000583,0.3051817990001382,,1.2290954760001114,,1e-07,128,80000,v3
1225,,,,,,,,,,,,,,,,,,,,,,,,,,,,,,,,,,,,,group_b,,,,,,group_b,,8,9,8.961200154267637e-08,,,nan,2,synthetic_true_func_2d_ntrain100000000,False,NVIDIA A100-SXM4-40GB,,,,,,,,2,1225,264,3,nan,,6.844396528811674,4.0923393004904483e-07,,,5,1312,0.0005909947418585056,0.7753851013183594,1e-05,,,True,[],,,,,,,,,,False,8.0,SE,0.1,1.5,1.0,nan,,3500,eigenpro_pcg_q256,35,9,8,25000000,100000000,3500,cufinufft,binned_c1,,,,,,,full_eigenpro,True,0.1,0,,0.0006876145918893917,0.30003085180165007,0,,,ok,,0.0006352541111027676,0.005717286999924909,0.0001583848750215111,0.0012670790001720889,,,[],,,,,,,,,,,,,,,,,0.7935337209999034,,0.5102272220001396,0.000285195000060412,0.5064050429998588,0.012426766000089629,,1.316472904000193,,1e-07,256,80000,v3
1225,,,,,,,,,,,,,,,,,,,,,,,,,,,,,,,,,,,,,group_b,,,,,,group_b,,1,2,9.111801469531301e-08,,,nan,2,synthetic_true_func_2d_ntrain100000000,False,NVIDIA A100-SXM4-40GB,,,,,,,,2,1225,328,3,nan,,0.572053168710946,3.420368259505459e-08,,,5,1632,0.000592831994972977,0.9675018157958984,1e-05,,,True,[],,,,,,,,,,False,1.0,SE,0.1,1.5,1.0,nan,,3500,eigenpro_pcg_q320,35,2,1,25000000,100000000,3500,cufinufft,binned_c1,,,,,,,full_eigenpro,True,0.1,0,,0.0006433366595271474,0.3000308483454191,0,,,ok,,0.0006468205000373928,0.0012936410000747856,0.0002243439998892427,0.0002243439998892427,,,[],,,,,,,,,,,,,,,,,0.9892190619998473,,0.5102151739999954,0.0002923040001405752,0.5072651220000353,0.0025394439999217866,,1.502265983999905,,1e-07,320,80000,v3
1225,,,,,,,,,,,,,,,,,,,,,,,,,,,,,,,,,,,,,group_b,,,,,,group_b,,1,2,7.997390101715214e-08,,,nan,2,synthetic_true_func_2d_ntrain100000000,False,NVIDIA A100-SXM4-40GB,,,,,,,,2,1225,392,3,nan,,0.26593422822988244,1.5900497420601297e-08,,,5,1952,0.0005949266934003986,1.1612969055175781,1e-05,,,True,[],,,,,,,,,,False,1.0,SE,0.1,1.5,1.0,nan,,3500,eigenpro_pcg_q384,35,2,1,25000000,100000000,3500,cufinufft,binned_c1,,,,,,,full_eigenpro,True,0.1,0,,0.0006925916940737778,0.30003081620202043,0,,,ok,,0.0006753994999826318,0.0013507989999652636,0.00025551099997755955,0.00025551099997755955,,,[],,,,,,,,,,,,,,,,,1.1871829609999622,,0.5107971770000859,0.0003291259999969043,0.5100536299999021,0.0028009879999899567,,1.701110252000035,,1e-07,384,80000,v3
1225,,,,,,,,,,,,,,,,,,,,,,,,,,,,,,,,,,,,,group_b,,,,,,group_b,,1,2,9.54730204689069e-08,,,nan,2,synthetic_true_func_2d_ntrain100000000,False,NVIDIA A100-SXM4-40GB,,,,,,,,2,1225,456,3,nan,,0.21243800483505107,1.270189990360122e-08,,,5,2272,0.0005921460138240331,1.345355743408203,1e-05,,,True,[],,,,,,,,,,False,1.0,SE,0.1,1.5,1.0,nan,,3500,eigenpro_pcg_q448,35,2,1,25000000,100000000,3500,cufinufft,binned_c1,,,,,,,full_eigenpro,True,0.1,0,,0.0006923089481254731,0.3000308113655919,0,,,ok,,0.0006372964999172837,0.0012745929998345673,0.0002184709999255574,0.0002184709999255574,,,[],,,,,,,,,,,,,,,,,1.3744283979999636,,0.5100852350001333,0.00028505899990705075,0.5086742070000128,0.0026042619999770977,,1.887402953999981,,1e-07,448,80000,v3
1225,expanded_box,topk,512,,512,0,"[12, 12]","[25, 25]",625,topk,512,,512,80000,625,cheap,30,0.01,,,,,,,,,,,,,,,,,chol_solve,20000,group_b,50,diag,0.001,50,auto,group_b,auto,55,56,8.039642568876427e-08,6250000,,,2,synthetic_true_func_2d_ntrain100000000,False,NVIDIA A100-SXM4-40GB,cheap,0,0,0,0,0,0,2,1225,,,,,,,,,,,,,1e-05,chol_solve,99999999.99978426,True,,nan,0,50,diag,0.001,0,0,0,0,False,55.0,SE,0.1,1.5,1.0,,0,3500,btab_auto_topk_512,35,56,55,25000000,100000000,3500,cufinufft,binned_c1,50,55,8.039642568876427e-08,pcg,converged,55,,True,0.1,0,82.93137509464722,0.0006876480422144133,0.300030815090645,0,0.1,exact,ok,,0.0006256772321567691,0.03503792500077907,0.0004473017090855468,0.024601593999705074,2483.765171134476,600,,,0.0005748979999680159,4.4097163642866444e-05,0.0024253440003576543,4.107823635257029e-05,0.002259302999391366,0.00026290547270946263,0.014459800999020445,0.01038650200007396,0.008818101000088063,-0.01038650200007396,0.0,0.0013472690000071452,5.613678180121827e-05,0.003087522999067005,,,0.0001304499999150721,0.5099933149999742,0.011808919000031892,0.5044170310000027,0.10549943699993491,0.000221131999978752,0.6154927519999092,0.6156232019998242,1e-07,,80000,v6_btab
1225,expanded_box,topk,1024,,1024,0,"[17, 17]","[35, 35]",1225,topk,1024,,1024,80000,1225,cheap,30,0.01,,,,,,,,,,,,,,,,,chol_solve,20000,group_b,50,diag,0.001,50,auto,group_b,auto,3,4,6.057356092524084e-09,24010000,,,2,synthetic_true_func_2d_ntrain100000000,False,NVIDIA A100-SXM4-40GB,cheap,0,0,0,0,0,0,2,1225,,,,,,,,,,,,,1e-05,chol_solve,99999999.99978425,True,,nan,0,50,diag,0.001,0,0,0,0,False,3.0,SE,0.1,1.5,1.0,,0,3500,btab_auto_topk_1024,35,4,3,25000000,100000000,3500,cufinufft,binned_c1,50,3,6.057356092524084e-09,pcg,converged,3,,True,0.1,0,0.0,0.0006876167031276397,0.3000308149421986,0,0.1,exact,ok,,0.0006921100000454317,0.0027684400001817266,0.00060607500002637,0.00181822500007911,0.0,0,,,0.0005774680000740773,1.734800002850534e-05,5.204400008551602e-05,3.668766673096494e-05,0.00011006300019289483,0.00045322599999053637,0.001359677999971609,0.03784754299999804,0.03472854300002837,-0.03784754299999804,0.0,0.002668714999799704,5.638166665751972e-05,0.00016914499997255916,,,4.539999986263865e-05,0.5101111300000412,0.03925696700002845,0.5095999539998957,0.04655562300013116,0.00045028500016996986,0.5566667530001723,0.556712153000035,1e-07,,80000,v6_btab
1225,expanded_box,topk,256,,256,0,"[9, 9]","[19, 19]",361,topk,256,,256,80000,361,cheap,30,0.01,,cupy,6.4373060885973875e-15,1.0762919978411177e-15,320,162,162,,162,64,361,864,370688,150385.55544743975,1503855.5544743973,0.001,boxeig,20000,group_b,50,diag,0.001,50,auto,group_b,boxeig,1069,1070,9.375704205446433e-08,0,,,2,synthetic_true_func_2d_ntrain100000000,False,NVIDIA A100-SXM4-40GB,cheap,64,0,64,64,0,0,2,1225,,,,,,,6.4373060885973875e-15,1.0762919978411177e-15,,,,,1e-05,boxeig,99999999.99978426,True,,nan,0,0,,nan,0,0,0,0,False,1069.0,SE,0.1,1.5,1.0,,21904,3500,btab_boxeig_topk_256_q64,35,1070,1069,25000000,100000000,3500,cufinufft,binned_c1,50,1069,9.375704205446433e-08,pcg,converged,1069,,True,0.1,0,13996.560751340598,0.00068380281558836,0.300030805702836,0,0.1,boxeig,ok,,0.0006358598224294192,0.6803700099994785,0.0004256315528545447,0.4550001300015083,456665.2918695316,864,,1503855.5544743973,0.0004786590000094293,4.5892251633696194e-05,0.04905881699642123,3.872940411337809e-05,0.04140173299720118,0.00024231166324122276,0.25903116800486714,0.12628995700015366,0.0,0.0,0.0009671110001363559,0.0,5.716151356756379e-05,0.061105658003725694,0.1253228460000173,,0.026399067000056675,0.510317736999923,0.12718542199991134,0.5282391930002177,1.931892573999903,0.0,2.442210310999826,2.468609377999883,1e-07,,80000,v7_btab_boxeig
1225,expanded_box,topk,512,,512,0,"[12, 12]","[25, 25]",625,topk,512,,512,80000,625,cheap,30,0.01,,cupy,8.086057127328347e-14,3.2791307919616103e-15,640,290,290,,290,128,625,600,1282048,7088.211373576979,70882.11373576979,0.001,boxeig,20000,group_b,50,diag,0.001,50,auto,group_b,boxeig,413,414,9.12766463387587e-08,0,,,2,synthetic_true_func_2d_ntrain100000000,False,NVIDIA A100-SXM4-40GB,cheap,128,0,128,128,0,0,2,1225,,,,,,,8.086057127328347e-14,3.2791307919616103e-15,,,,,1e-05,boxeig,99999999.99978425,True,,nan,0,0,,nan,0,0,0,0,False,413.0,SE,0.1,1.5,1.0,,38416,3500,btab_boxeig_topk_512_q128,35,414,413,25000000,100000000,3500,cufinufft,binned_c1,50,413,9.12766463387587e-08,pcg,converged,413,,True,0.1,0,82.93137509464721,0.0006878199113089474,0.3000308186867224,0,0.1,boxeig,ok,,0.0006526941811664759,0.270215391002921,0.00043501164891087736,0.17965981100019235,2483.765171134476,600,,70882.11373576979,0.0005660859999352397,4.622285714184646e-05,0.019090039999582586,4.058187408996854e-05,0.016760313999157006,0.00024757017917188264,0.10224648399798753,0.2701589790001435,0.0,0.0,0.0009733690001212381,0.0,5.8124283291131873e-05,0.024005328999237463,0.2691856100000223,,0.05071208899994417,0.5103114280000227,0.27117208999993636,0.5075835189998088,0.9892546850001054,0.0,1.499566113000128,1.5502782020000723,1e-07,,80000,v7_btab_boxeig
1225,expanded_box,topk,768,,768,0,"[15, 15]","[31, 31]",961,topk,768,,768,80000,961,cheap,30,0.01,,cupy,1.2862544747810448e-13,4.263452670511028e-15,640,290,290,,290,128,961,264,1970176,7088.330065609593,70883.30065609592,0.001,boxeig,20000,group_b,50,diag,0.001,50,auto,group_b,boxeig,266,267,8.370019836794723e-08,0,,,2,synthetic_true_func_2d_ntrain100000000,False,NVIDIA A100-SXM4-40GB,cheap,128,0,128,128,0,0,2,1225,,,,,,,1.2862544747810448e-13,4.263452670511028e-15,,,,,1e-05,boxeig,99999999.99978426,True,,nan,0,0,,nan,0,0,0,0,False,266.0,SE,0.1,1.5,1.0,,59536,3500,btab_boxeig_topk_768_q128,35,267,266,25000000,100000000,3500,cufinufft,binned_c1,50,266,8.370019836794723e-08,pcg,converged,266,,True,0.1,0,0.12893801304042637,0.0006881732755555164,0.30003082078345034,0,0.1,boxeig,ok,,0.0006728360112374026,0.1796472150003865,0.0004419354774536533,0.11755483700267177,3.6416165153189026,264,,70883.30065609592,0.0005382550000376796,4.7299996246275765e-05,0.012581799001509353,4.162357143207859e-05,0.011071870000932904,0.0002492987030006787,0.06631345499818053,0.25483094400010486,0.0,0.0,0.0009748009999839269,0.0,6.0613146613941627e-05,0.016123096999308473,0.25385614300012094,,0.05099664700014728,0.5097634720000315,0.2558009279998714,0.5095940969999901,0.727737808000029,0.0,1.2375012800000604,1.2884979270002077,1e-07,,80000,v7_btab_boxeig
1225,,,,,,,,,,,,,,,,,,,,,,,,,,,,,,,,,,,,,group_b,,,,,,group_b,,1495,1496,8.19817941918054e-08,,,,2,synthetic_true_func_2d_ntrain3000000,False,NVIDIA A100-SXM4-40GB,,,,,,,,2,1225,,,,,,,,,0,0,,,1e-05,,,True,,,,,,,,,,,False,1495.0,SE,0.1,1.5,1.0,,,80000,plain_cg,35,1496,,750000,3000000,3500,cufinufft,cufinufft,,,,,,,,True,0.1,0,,0.002910404937714545,0.29997820411680204,0,,,ok,,0.0006233724251298011,0.9325651479941826,,,,,,,,,,,,,,,,,,,,,,,,0.03723492200015244,,0.01799092400005975,1.5977501699999266,,1.6349859670001479,,1e-07,,80000,v1
1225,,,,,,,,,,,,,,,,,,,,,,,,,,,,,,,,,,,,,group_b,,,,,,group_b,,392,393,8.861995569108258e-08,,,nan,2,synthetic_true_func_2d_ntrain3000000,False,NVIDIA A100-SXM4-40GB,,,,,,,,2,1225,72,3,nan,,1480.499969188606,0.0029521132788381936,,,5,352,0.0005904785394668579,0.20784844589233398,1e-05,,,True,[],,,,,,,,,,False,392.0,SE,0.1,1.5,1.0,nan,,3500,eigenpro_pcg_q64,35,393,392,750000,3000000,3500,cufinufft,binned_c1,,,,,,,full_eigenpro,True,0.1,0,,0.00290913814268234,0.29997835751864765,0,,,ok,,0.0006380567277301221,0.250756293997938,0.00015481731632193335,0.06068838799819787,,,[],,,,,,,,,,,,,,,,,0.21591148099992097,,0.03294342499998493,0.0002801079999699141,0.018118710999942778,0.5637982150001335,,0.8129332290000093,,1e-07,64,80000,v3
1225,,,,,,,,,,,,,,,,,,,,,,,,,,,,,,,,,,,,,group_b,,,,,,group_b,,95,96,9.624276507226445e-08,,,nan,2,synthetic_true_func_2d_ntrain3000000,False,NVIDIA A100-SXM4-40GB,,,,,,,,2,1225,136,3,nan,,68.95529514090352,0.00013742528528925662,,,5,672,0.0005979870501018706,0.40184729766845706,1e-05,,,True,[],,,,,,,,,,False,95.0,SE,0.1,1.5,1.0,nan,,3500,eigenpro_pcg_q128,35,96,95,750000,3000000,3500,cufinufft,binned_c1,,,,,,,full_eigenpro,True,0.1,0,,0.002908715158872074,0.29997835832519115,0,,,ok,,0.0006425608750078027,0.06168584400074906,0.00016006368421250572,0.015206050000188043,,,[],,,,,,,,,,,,,,,,,0.41435787000000346,,0.03184190199999648,0.0002894480001032207,0.018348828999933176,0.13896605199988699,,0.5854552719999901,,1e-07,128,80000,v3
1225,,,,,,,,,,,,,,,,,,,,,,,,,,,,,,,,,,,,,group_b,,,,,,group_b,,5,6,7.227169804233168e-08,,,nan,2,synthetic_true_func_2d_ntrain3000000,False,NVIDIA A100-SXM4-40GB,,,,,,,,2,1225,264,3,nan,,0.29496875069430506,5.878609108858628e-07,,,5,1312,0.0005954934678426603,0.7812874298095703,1e-05,,,True,[],,,,,,,,,,False,5.0,SE,0.1,1.5,1.0,nan,,3500,eigenpro_pcg_q256,35,6,5,750000,3000000,3500,cufinufft,binned_c1,,,,,,,full_eigenpro,True,0.1,0,,0.0029102815324915663,0.29997836520195376,0,,,ok,,0.0006388423333874016,0.0038330540003244096,0.0001701182000033441,0.0008505910000167205,,,[],,,,,,,,,,,,,,,,,0.8039455219998217,,0.03198302500004502,0.00029993500015734753,0.018127371999980824,0.008388921999994636,,0.8446174040000187,,1e-07,256,80000,v3
1225,,,,,,,,,,,,,,,,,,,,,,,,,,,,,,,,,,,,,group_b,,,,,,group_b,,2,3,8.049073574037907e-08,,,nan,2,synthetic_true_func_2d_ntrain3000000,False,NVIDIA A100-SXM4-40GB,,,,,,,,2,1225,328,3,nan,,0.2552242284415444,5.086516692230028e-07,,,5,1632,0.0005939614165062998,0.9693450317382812,1e-05,,,True,[],,,,,,,,,,False,2.0,SE,0.1,1.5,1.0,nan,,3500,eigenpro_pcg_q320,35,3,2,750000,3000000,3500,cufinufft,binned_c1,,,,,,,full_eigenpro,True,0.1,0,,0.0029072349031506184,0.29997835045613647,0,,,ok,,0.0006423913334098567,0.00192717400022957,0.0002091420000169819,0.0004182840000339638,,,[],,,,,,,,,,,,,,,,,0.9967026829999668,,0.03186014200014142,0.00033246899988625955,0.018137063000040143,0.00408664199994746,,1.032981935999942,,1e-07,320,80000,v3
1225,,,,,,,,,,,,,,,,,,,,,,,,,,,,,,,,,,,,,group_b,,,,,,group_b,,2,3,4.3618353405779283e-08,,,nan,2,synthetic_true_func_2d_ntrain3000000,False,NVIDIA A100-SXM4-40GB,,,,,,,,2,1225,392,3,nan,,0.20258608765808567,4.0374596204163216e-07,,,5,1952,0.000596609576803739,1.1645818939208985,1e-05,,,True,[],,,,,,,,,,False,2.0,SE,0.1,1.5,1.0,nan,,3500,eigenpro_pcg_q384,35,3,2,750000,3000000,3500,cufinufft,binned_c1,,,,,,,full_eigenpro,True,0.1,0,,0.0029077761666560322,0.29997836003910977,0,,,ok,,0.0006363196666825388,0.0019089590000476164,0.00019777099998918857,0.00039554199997837713,,,[],,,,,,,,,,,,,,,,,1.1967963980000604,,0.03208014999995612,0.0003144439999687165,0.018083967999928063,0.004042589000164298,,1.2332335810001496,,1e-07,384,80000,v3
1225,,,,,,,,,,,,,,,,,,,,,,,,,,,,,,,,,,,,,group_b,,,,,,group_b,,2,3,2.8387835622524025e-08,,,nan,2,synthetic_true_func_2d_ntrain3000000,False,NVIDIA A100-SXM4-40GB,,,,,,,,2,1225,456,3,nan,,0.16845779874994998,3.357296485946507e-07,,,5,2272,0.0005988466504593971,1.36057958984375,1e-05,,,True,[],,,,,,,,,,False,2.0,SE,0.1,1.5,1.0,nan,,3500,eigenpro_pcg_q448,35,3,2,750000,3000000,3500,cufinufft,binned_c1,,,,,,,full_eigenpro,True,0.1,0,,0.002908091181652651,0.29997836421589574,0,,,ok,,0.0006421623334063042,0.0019264870002189127,0.00019654949994674098,0.00039309899989348196,,,[],,,,,,,,,,,,,,,,,1.397291123000059,,0.03199689500002023,0.00029145899998184177,0.01807783999993262,0.004052860000001601,,1.4336323370000628,,1e-07,448,80000,v3
1225,expanded_box,topk,512,,512,0,"[12, 12]","[25, 25]",625,topk,512,,512,80000,625,cheap,30,0.01,,,,,,,,,,,,,,,,,chol_solve,20000,group_b,50,diag,0.001,50,auto,group_b,auto,16,17,3.98101696858093e-08,6250000,,,2,synthetic_true_func_2d_ntrain3000000,False,NVIDIA A100-SXM4-40GB,cheap,0,0,0,0,0,0,2,1225,,,,,,,,,,,,,1e-05,chol_solve,2999999.9999934905,True,,nan,0,50,diag,0.001,0,0,0,0,False,16.0,SE,0.1,1.5,1.0,,0,3500,btab_auto_topk_512,35,17,16,750000,3000000,3500,cufinufft,binned_c1,50,16,3.98101696858093e-08,pcg,converged,16,,True,0.1,0,2.4879116707048508,0.0029091482511972785,0.2999783564407239,0,0.1,exact,ok,,0.0006598568823606268,0.011217567000130657,0.000502781937498753,0.008044510999980048,74.5120078338083,600,,,0.0004932700001063495,4.7336812514231497e-05,0.0007573890002277039,4.2901874991230216e-05,0.0006864299998596834,0.00031103793749309716,0.004976606999889555,0.010916986999973233,0.009002178999935495,-0.010916986999973233,0.0,0.0016854339999099466,5.707924999853731e-05,0.0009132679999765969,,,0.00011221299996577727,0.03206717100010792,0.012316503999954875,0.018319695000172942,0.042477287999872715,0.00022937400012779108,0.07454445899998063,0.07465667199994641,1e-07,,80000,v6_btab
1225,expanded_box,topk,1024,,1024,0,"[17, 17]","[35, 35]",1225,topk,1024,,1024,80000,1225,cheap,30,0.01,,,,,,,,,,,,,,,,,chol_solve,20000,group_b,50,diag,0.001,50,auto,group_b,auto,5,6,6.72669110698602e-09,24010000,,,2,synthetic_true_func_2d_ntrain3000000,False,NVIDIA A100-SXM4-40GB,cheap,0,0,0,0,0,0,2,1225,,,,,,,,,,,,,1e-05,chol_solve,2999999.9999934905,True,,nan,0,50,diag,0.001,0,0,0,0,False,5.0,SE,0.1,1.5,1.0,,0,3500,btab_auto_topk_1024,35,6,5,750000,3000000,3500,cufinufft,binned_c1,50,5,6.72669110698602e-09,pcg,converged,5,,True,0.1,0,0.0,0.0029091525602553945,0.2999783565150736,0,0.1,exact,ok,,0.0007136151666600199,0.004281690999960119,0.000689599400084262,0.00344799700042131,0.0,0,,,0.000592917999938436,1.6877999996722792e-05,8.438999998361396e-05,4.366540001683461e-05,0.00021832700008417305,0.000527656400026899,0.0026382820001344953,0.039468189999979586,0.035608972000090944,-0.039468189999979586,0.0,0.0034061589999510034,5.639519999931508e-05,0.0002819759999965754,,,2.867500006686896e-05,0.032476332999976876,0.04085620099999687,0.018153190000020913,0.05225843900007021,0.0004530589999376389,0.08473477200004709,0.08476344700011396,1e-07,,80000,v6_btab
1225,expanded_box,topk,256,,256,0,"[9, 9]","[19, 19]",361,topk,256,,256,80000,361,cheap,30,0.01,,cupy,7.981949978731264e-15,1.0601529875504373e-15,320,162,162,,162,64,361,864,370688,4517.087731722963,45170.87731722963,0.001,boxeig,20000,group_b,50,diag,0.001,50,auto,group_b,boxeig,564,565,9.261023919408839e-08,0,,,2,synthetic_true_func_2d_ntrain3000000,False,NVIDIA A100-SXM4-40GB,cheap,64,0,64,64,0,0,2,1225,,,,,,,7.981949978731264e-15,1.0601529875504373e-15,,,,,1e-05,boxeig,2999999.9999934905,True,,nan,0,0,,nan,0,0,0,0,False,564.0,SE,0.1,1.5,1.0,,21904,3500,btab_boxeig_topk_256_q64,35,565,564,750000,3000000,3500,cufinufft,binned_c1,50,564,9.261023919408839e-08,pcg,converged,564,,True,0.1,0,419.89404461149957,0.0029095630652283284,0.29997836254856586,0,0.1,boxeig,ok,,0.0006489424513230626,0.36665248499753034,0.00043721972694925977,0.2465919259993825,13699.85559660734,864,,45170.87731722963,0.00043387799996708054,4.6878585107448306e-05,0.026439522000600846,4.076019680279058e-05,0.022988750996773888,0.0002482353492880053,0.14000473699843496,0.13211427700002787,0.0,0.0,0.0009569040000769746,0.0,5.886104609912086e-05,0.033197629999904166,0.1311573729999509,,0.02614294499994685,0.0323466960001042,0.13299311400010083,0.018209604000048785,1.1080188609998913,0.0,1.1403655569999955,1.1665085019999424,1e-07,,80000,v7_btab_boxeig
1225,expanded_box,topk,512,,512,0,"[12, 12]","[25, 25]",625,topk,512,,512,80000,625,cheap,30,0.01,,cupy,1.9894011312019545e-13,3.5799184512126175e-15,640,290,290,,290,128,625,600,1282048,212.56752239768088,2125.6752239768084,0.001,boxeig,20000,group_b,50,diag,0.001,50,auto,group_b,boxeig,148,149,6.659788724640667e-08,0,,,2,synthetic_true_func_2d_ntrain3000000,False,NVIDIA A100-SXM4-40GB,cheap,128,0,128,128,0,0,2,1225,,,,,,,1.9894011312019545e-13,3.5799184512126175e-15,,,,,1e-05,boxeig,2999999.9999934905,True,,nan,0,0,,nan,0,0,0,0,False,148.0,SE,0.1,1.5,1.0,,38416,3500,btab_boxeig_topk_512_q128,35,149,148,750000,3000000,3500,cufinufft,binned_c1,50,148,6.659788724640667e-08,pcg,converged,148,,True,0.1,0,2.4879116707048508,0.002909268122827128,0.2999783572000223,0,0.1,boxeig,ok,,0.000678854382529351,0.1011493029968733,0.00045560579729447674,0.06742965799958256,74.5120078338083,600,,2125.6752239768084,0.0005112220001137757,4.9571635149793623e-05,0.007336602002169457,4.14567635003378e-05,0.006135600998049995,0.0002594740405316844,0.03840215799868929,0.23398125499988964,0.0,0.0,0.0009375009999530448,0.0,6.078918917981699e-05,0.008996799998612914,0.2330437539999366,,0.0499262319999616,0.03231189200005247,0.23492412799987505,0.017927060999909372,0.5013052029999017,0.0,0.5336170949999541,0.5835433269999157,1e-07,,80000,v7_btab_boxeig
1225,expanded_box,topk,768,,768,0,"[15, 15]","[31, 31]",961,topk,768,,768,80000,961,cheap,30,0.01,,cupy,2.3422490084974177e-13,2.9475808516873012e-15,640,290,290,,290,128,961,264,1970176,212.57109947867463,2125.710994786746,0.001,boxeig,20000,group_b,50,diag,0.001,50,auto,group_b,boxeig,98,99,9.213113519048463e-08,0,,,2,synthetic_true_func_2d_ntrain3000000,False,NVIDIA A100-SXM4-40GB,cheap,128,0,128,128,0,0,2,1225,,,,,,,2.3422490084974177e-13,2.9475808516873012e-15,,,,,1e-05,boxeig,2999999.9999934905,True,,nan,0,0,,nan,0,0,0,0,False,98.0,SE,0.1,1.5,1.0,,59536,3500,btab_boxeig_topk_768_q128,35,99,98,750000,3000000,3500,cufinufft,binned_c1,50,98,9.213113519048463e-08,pcg,converged,98,,True,0.1,0,0.0038680686736504506,0.0029089439365792137,0.2999783580655526,0,0.1,boxeig,ok,,0.000709162919214706,0.0702071290022559,0.0004658193061329387,0.04565029200102799,0.10924639191552524,264,,2125.710994786746,0.0005369490002067323,4.9025153049690426e-05,0.004804464998869662,4.251578572194023e-05,0.004166547000750143,0.0002653148163304019,0.026000852000379382,0.23854915399988386,0.0,0.0,0.0009510919999229372,0.0,6.258804082372823e-05,0.006133628000725366,0.23759806199996092,,0.050607336999973995,0.031658615999958784,0.2395636399999148,0.018141142999866133,0.42574734900017575,0.0,0.45740596500013453,0.5080133020001085,1e-07,,80000,v7_btab_boxeig
1225,,,,,,,,,,,,,,,,,,,,,,,,,,,,,,,,,,,,,group_b,,,,,,group_b,,1144,1145,7.201446434386168e-08,,,,2,synthetic_true_func_2d_ntrain1000000,False,NVIDIA A100-SXM4-40GB,,,,,,,,2,1225,,,,,,,,,0,0,,,1e-05,,,True,,,,,,,,,,,False,1144.0,SE,0.1,1.5,1.0,,,80000,plain_cg,35,1145,,250000,1000000,3500,cufinufft,cufinufft,,,,,,,,True,0.1,0,,0.004898464336782968,0.3000386772646077,0,,,ok,,0.000622957103930343,0.7132858840002427,,,,,,,,,,,,,,,,,,,,,,,,0.018759967000050892,,0.008972601000095892,1.2207989799999268,,1.239559399999962,,1e-07,,80000,v1
1225,,,,,,,,,,,,,,,,,,,,,,,,,,,,,,,,,,,,,group_b,,,,,,group_b,,291,292,9.318695947238274e-08,,,nan,2,synthetic_true_func_2d_ntrain1000000,False,NVIDIA A100-SXM4-40GB,,,,,,,,2,1225,72,3,nan,,492.9995837227553,0.002949877235717666,,,5,352,0.0006003810925917192,0.21133414459228517,1e-05,,,True,[],,,,,,,,,,False,291.0,SE,0.1,1.5,1.0,nan,,3500,eigenpro_pcg_q64,35,292,291,250000,1000000,3500,cufinufft,binned_c1,,,,,,,full_eigenpro,True,0.1,0,,0.004906356489271706,0.30003872468068193,0,,,ok,,0.0006399729075426827,0.18687208900246333,0.00015526466322907508,0.045182016999660846,,,[],,,,,,,,,,,,,,,,,0.21940739100000428,,0.019851334000122733,0.0002823739998802921,0.00885832699987077,0.41895197500002723,,0.6584930740000345,,1e-07,64,80000,v3
1225,,,,,,,,,,,,,,,,,,,,,,,,,,,,,,,,,,,,,group_b,,,,,,group_b,,69,70,8.14178946464078e-08,,,nan,2,synthetic_true_func_2d_ntrain1000000,False,NVIDIA A100-SXM4-40GB,,,,,,,,2,1225,136,3,nan,,23.086659585300577,0.00013806788388589003,,,5,672,0.0006009432361239479,0.403833854675293,1e-05,,,True,[],,,,,,,,,,False,69.0,SE,0.1,1.5,1.0,nan,,3500,eigenpro_pcg_q128,35,70,69,250000,1000000,3500,cufinufft,binned_c1,,,,,,,full_eigenpro,True,0.1,0,,0.004906424306556878,0.3000387256579351,0,,,ok,,0.0006421984428275859,0.04495389099793101,0.00015874873913716053,0.010953663000464076,,,[],,,,,,,,,,,,,,,,,0.416370039000185,,0.018994509999856746,0.00029092499994476384,0.009014383000021553,0.10088906999999381,,0.5365445439999803,,1e-07,128,80000,v3
1225,,,,,,,,,,,,,,,,,,,,,,,,,,,,,,,,,,,,,group_b,,,,,,group_b,,4,5,5.5675883678198735e-08,,,nan,2,synthetic_true_func_2d_ntrain1000000,False,NVIDIA A100-SXM4-40GB,,,,,,,,2,1225,264,3,nan,,0.24389703326400988,1.4586047842977106e-06,,,5,1312,0.0005970614712412764,0.7833446502685547,1e-05,,,True,[],,,,,,,,,,False,4.0,SE,0.1,1.5,1.0,nan,,3500,eigenpro_pcg_q256,35,5,4,250000,1000000,3500,cufinufft,binned_c1,,,,,,,full_eigenpro,True,0.1,0,,0.004906850451578178,0.3000387262769005,0,,,ok,,0.0006448278000789287,0.0032241390003946435,0.00017471049994810528,0.0006988419997924211,,,[],,,,,,,,,,,,,,,,,0.8060175360001267,,0.018825431999857756,0.0003166209999108105,0.008963809000078982,0.006927419000021473,,0.8320870079999168,,1e-07,256,80000,v3
1225,,,,,,,,,,,,,,,,,,,,,,,,,,,,,,,,,,,,,group_b,,,,,,group_b,,3,4,5.899813315969169e-08,,,nan,2,synthetic_true_func_2d_ntrain1000000,False,NVIDIA A100-SXM4-40GB,,,,,,,,2,1225,328,3,nan,,0.22840308720727379,1.3659446007967557e-06,,,5,1632,0.0005950010991563984,0.9710417938232422,1e-05,,,True,[],,,,,,,,,,False,3.0,SE,0.1,1.5,1.0,nan,,3500,eigenpro_pcg_q320,35,4,3,250000,1000000,3500,cufinufft,binned_c1,,,,,,,full_eigenpro,True,0.1,0,,0.0049045801628830035,0.3000387522110564,0,,,ok,,0.0006489222500363212,0.002595689000145285,0.00018143400006920274,0.0005443020002076082,,,[],,,,,,,,,,,,,,,,,0.9983039000001099,,0.01889957699995648,0.0003127790000689856,0.008937598999864349,0.00548950600000353,,1.023005762000139,,1e-07,320,80000,v3
1225,,,,,,,,,,,,,,,,,,,,,,,,,,,,,,,,,,,,,group_b,,,,,,group_b,,2,3,9.981438898968279e-08,,,nan,2,synthetic_true_func_2d_ntrain1000000,False,NVIDIA A100-SXM4-40GB,,,,,,,,2,1225,392,3,nan,,0.18681374830347924,1.1172232125504846e-06,,,5,1952,0.0005954706786108798,1.1623587646484375,1e-05,,,True,[],,,,,,,,,,False,2.0,SE,0.1,1.5,1.0,nan,,3500,eigenpro_pcg_q384,35,3,2,250000,1000000,3500,cufinufft,binned_c1,,,,,,,full_eigenpro,True,0.1,0,,0.00490435145109298,0.3000387482623806,0,,,ok,,0.0006428206666745003,0.0019284620000235009,0.0001924384999938411,0.0003848769999876822,,,[],,,,,,,,,,,,,,,,,1.194509767999989,,0.018666550000034476,0.0002874679998967622,0.008963411999957316,0.004015221000145175,,1.2174790070000654,,1e-07,384,80000,v3
1225,,,,,,,,,,,,,,,,,,,,,,,,,,,,,,,,,,,,,group_b,,,,,,group_b,,2,3,8.512927723886806e-08,,,nan,2,synthetic_true_func_2d_ntrain1000000,False,NVIDIA A100-SXM4-40GB,,,,,,,,2,1225,456,3,nan,,0.16086198502247556,9.620209717637912e-07,,,5,2272,0.0005959729476713798,1.354050537109375,1e-05,,,True,[],,,,,,,,,,False,2.0,SE,0.1,1.5,1.0,nan,,3500,eigenpro_pcg_q448,35,3,2,250000,1000000,3500,cufinufft,binned_c1,,,,,,,full_eigenpro,True,0.1,0,,0.0049039678768444134,0.3000387604585439,0,,,ok,,0.0006459740000082093,0.0019379220000246278,0.00020822850012791605,0.0004164570002558321,,,[],,,,,,,,,,,,,,,,,1.3906898959999126,,0.018812946000025477,0.0003158230001645279,0.008980735000022833,0.004075746999887997,,1.4138944119999906,,1e-07,448,80000,v3
1225,expanded_box,topk,512,,512,0,"[12, 12]","[25, 25]",625,topk,512,,512,80000,625,cheap,30,0.01,,,,,,,,,,,,,,,,,chol_solve,20000,group_b,50,diag,0.001,50,auto,group_b,auto,11,12,4.7645299123525e-08,6250000,,,2,synthetic_true_func_2d_ntrain1000000,False,NVIDIA A100-SXM4-40GB,cheap,0,0,0,0,0,0,2,1225,,,,,,,,,,,,,1e-05,chol_solve,999999.9999978626,True,,nan,0,50,diag,0.001,0,0,0,0,False,11.0,SE,0.1,1.5,1.0,,0,3500,btab_auto_topk_512,35,12,11,250000,1000000,3500,cufinufft,binned_c1,50,11,4.7645299123525e-08,pcg,converged,11,,True,0.1,0,0.8292947726832934,0.004906499188533085,0.3000387233421121,0,0.1,exact,ok,,0.0006463352500153027,0.007756023000183632,0.0005008139090395244,0.005508952999434769,24.837043976116725,600,,,0.0005052389999491425,4.531354544600287e-05,0.0004984489999060315,4.625636362024207e-05,0.0005088199998226628,0.00030968236364969925,0.003406506000146692,0.01067643000010321,0.008770013999992443,-0.01067643000010321,0.0,0.00168169200014745,5.606709092634529e-05,0.0006167380001897982,,,9.194800009026949e-05,0.018757676999939576,0.012018570999998701,0.008803332999832492,0.03274889400017855,0.0002247239999633166,0.05150657100011813,0.0515985190002084,1e-07,,80000,v6_btab
1225,expanded_box,topk,1024,,1024,0,"[17, 17]","[35, 35]",1225,topk,1024,,1024,80000,1225,cheap,30,0.01,,,,,,,,,,,,,,,,,chol_solve,20000,group_b,50,diag,0.001,50,auto,group_b,auto,5,6,3.216741425086826e-08,24010000,,,2,synthetic_true_func_2d_ntrain1000000,False,NVIDIA A100-SXM4-40GB,cheap,0,0,0,0,0,0,2,1225,,,,,,,,,,,,,1e-05,chol_solve,999999.9999978626,True,,nan,0,50,diag,0.001,0,0,0,0,False,5.0,SE,0.1,1.5,1.0,,0,3500,btab_auto_topk_1024,35,6,5,250000,1000000,3500,cufinufft,binned_c1,50,5,3.216741425086826e-08,pcg,converged,5,,True,0.1,0,0.0,0.004906518143307427,0.3000387234278732,0,0.1,exact,ok,,0.0006964511666941083,0.00417870700016465,0.0007076159999996889,0.0035380799999984447,0.0,0,,,0.0005380099999001686,1.655299997764814e-05,8.276499988824071e-05,4.088059999958204e-05,0.00020440299999791023,0.0005516105999504361,0.0027580529997521808,0.03861705000008442,0.034773760000007314,-0.03861705000008442,0.0,0.0034052609998980188,5.568039991885598e-05,0.0002784019995942799,,,2.6950999881591997e-05,0.018865785000116375,0.039896229000078165,0.008843587000001207,0.05121134999990318,0.0004380290001790854,0.07007713500001955,0.07010408599990114,1e-07,,80000,v6_btab
1225,expanded_box,topk,256,,256,0,"[9, 9]","[19, 19]",361,topk,256,,256,80000,361,cheap,30,0.01,,cupy,1.2876369990966354e-14,1.0517504392615372e-15,320,162,162,,162,64,361,864,370688,1508.9922573796184,15089.922573796184,0.001,boxeig,20000,group_b,50,diag,0.001,50,auto,group_b,boxeig,431,432,8.483701560929528e-08,0,,,2,synthetic_true_func_2d_ntrain1000000,False,NVIDIA A100-SXM4-40GB,cheap,64,0,64,64,0,0,2,1225,,,,,,,1.2876369990966354e-14,1.0517504392615372e-15,,,,,1e-05,boxeig,999999.9999978627,True,,nan,0,0,,nan,0,0,0,0,False,431.0,SE,0.1,1.5,1.0,,21904,3500,btab_boxeig_topk_256_q64,35,432,431,250000,1000000,3500,cufinufft,binned_c1,50,431,8.483701560929528e-08,pcg,converged,431,,True,0.1,0,139.96382534341362,0.0049065159323251105,0.30003872467737847,0,0.1,boxeig,ok,,0.0006500956712861344,0.28084132999561007,0.0004403186635747826,0.18977734400073132,4566.586737143606,864,,15089.922573796184,0.0004340749999300897,4.676983062835315e-05,0.02015779700082021,4.060540835814321e-05,0.01750093100235972,0.00025085412529398207,0.10811812800170628,0.12496924700008094,0.0,0.0,0.0009738999999626685,0.0,5.921022274043108e-05,0.025519606001125794,0.12399534700011827,,0.02583468900002117,0.018886304000034215,0.12584595900011664,0.008970770000132688,0.8729897969999456,0.0,0.8918761009999798,0.917710790000001,1e-07,,80000,v7_btab_boxeig
1225,expanded_box,topk,512,,512,0,"[12, 12]","[25, 25]",625,topk,512,,512,80000,625,cheap,30,0.01,,cupy,2.691720673810926e-13,3.613428155851698e-15,640,290,290,,290,128,625,600,1282048,70.92554185810845,709.2554185810844,0.001,boxeig,20000,group_b,50,diag,0.001,50,auto,group_b,boxeig,93,94,9.782872639848609e-08,0,,,2,synthetic_true_func_2d_ntrain1000000,False,NVIDIA A100-SXM4-40GB,cheap,128,0,128,128,0,0,2,1225,,,,,,,2.691720673810926e-13,3.613428155851698e-15,,,,,1e-05,boxeig,999999.9999978626,True,,nan,0,0,,nan,0,0,0,0,False,93.0,SE,0.1,1.5,1.0,,38416,3500,btab_boxeig_topk_512_q128,35,94,93,250000,1000000,3500,cufinufft,binned_c1,50,93,9.782872639848609e-08,pcg,converged,93,,True,0.1,0,0.8292947726832934,0.004906472358917287,0.3000387246262615,0,0.1,boxeig,ok,,0.0007220193829827157,0.06786982200037528,0.00048378670966465955,0.04499216399881334,24.837043976116725,600,,709.2554185810844,0.00047176799989756546,5.227393547258583e-05,0.004861475998950482,4.306243010031849e-05,0.004004805999329619,0.00027409926882370123,0.025491232000604214,1.0900913350001247,0.0,0.0,0.0009750010001425835,0.0,6.666292472223714e-05,0.006199651999168054,1.089116333999982,,0.05120263200001318,0.018710025999780555,1.0910390720000578,0.009065701000054105,1.2688661900001534,0.0,1.287576215999934,1.3387788479999472,1e-07,,80000,v7_btab_boxeig
1225,expanded_box,topk,768,,768,0,"[15, 15]","[31, 31]",961,topk,768,,768,80000,961,cheap,30,0.01,,cupy,2.9925465328078493e-13,2.8142121054461443e-15,640,290,290,,290,128,961,264,1970176,70.92674565565882,709.2674565565882,0.001,boxeig,20000,group_b,50,diag,0.001,50,auto,group_b,boxeig,70,71,9.280496410304625e-08,0,,,2,synthetic_true_func_2d_ntrain1000000,False,NVIDIA A100-SXM4-40GB,cheap,128,0,128,128,0,0,2,1225,,,,,,,2.9925465328078493e-13,2.8142121054461443e-15,,,,,1e-05,boxeig,999999.9999978626,True,,nan,0,0,,nan,0,0,0,0,False,70.0,SE,0.1,1.5,1.0,,59536,3500,btab_boxeig_topk_768_q128,35,71,70,250000,1000000,3500,cufinufft,binned_c1,50,70,9.280496410304625e-08,pcg,converged,70,,True,0.1,0,0.00128933412052064,0.004906237195022086,0.3000387253488472,0,0.1,boxeig,ok,,0.0008862958309909514,0.06292700400035756,0.000511292500001608,0.035790475000112565,0.036414815640196115,264,,709.2674565565882,0.0004884379998202348,6.401377142667895e-05,0.004480963999867527,4.4933757138616267e-05,0.0031453629997031385,0.0002857098857183311,0.019999692000283176,0.377972482000132,0.0,0.0,0.0009587560000454687,0.0,6.771741429929534e-05,0.004740219000950674,0.37701372600008654,,0.051016608000054475,0.01893491200007702,0.3789428139998563,0.008997853999971994,0.5315154069999153,0.0,0.5504503189999923,0.6014669270000468,1e-07,,80000,v7_btab_boxeig
1225,,,,,,,,,,,,,,,,,,,,,,,,,,,,,,,,,,,,,group_b,,,,,,group_b,,2756,2757,8.589130049047258e-08,,,,2,synthetic_true_func_2d_ntrain30000000,False,NVIDIA A100-SXM4-40GB,,,,,,,,2,1225,,,,,,,,,0,0,,,1e-05,,,True,,,,,,,,,,,False,2756.0,SE,0.1,1.5,1.0,,,80000,plain_cg,35,2757,,7500000,30000000,3500,cufinufft,cufinufft,,,,,,,,True,0.1,0,,0.0009846730753546853,0.30005307252409297,0,,,ok,,0.0006203677711266182,1.7103539449960863,,,,,,,,,,,,,,,,,,,,,,,,0.3185342770000261,,0.1584175990001313,2.9291563879999103,,3.2476913460000105,,1e-07,,80000,v1
1225,,,,,,,,,,,,,,,,,,,,,,,,,,,,,,,,,,,,,group_b,,,,,,group_b,,702,703,9.828825734828956e-08,,,nan,2,synthetic_true_func_2d_ntrain30000000,False,NVIDIA A100-SXM4-40GB,,,,,,,,2,1225,72,3,nan,,14771.804550638362,0.002945660153955141,,,5,352,0.0006026821786707097,0.21214412689208983,1e-05,,,True,[],,,,,,,,,,False,702.0,SE,0.1,1.5,1.0,nan,,3500,eigenpro_pcg_q64,35,703,702,7500000,30000000,3500,cufinufft,binned_c1,,,,,,,full_eigenpro,True,0.1,0,,0.0010720975644455634,0.3000533270085914,0,,,ok,,0.000638695264586328,0.4490027710041886,0.00015404054416465188,0.10813646200358562,,,[],,,,,,,,,,,,,,,,,0.21890536700016128,,0.16464076699980978,0.00027969400002803013,0.1540631029999986,1.0050532230000044,,1.3888790510000035,,1e-07,64,80000,v3
1225,,,,,,,,,,,,,,,,,,,,,,,,,,,,,,,,,,,,,group_b,,,,,,group_b,,161,162,8.811343701436462e-08,,,nan,2,synthetic_true_func_2d_ntrain30000000,False,NVIDIA A100-SXM4-40GB,,,,,,,,2,1225,136,3,nan,,688.7604791320491,0.00013727512742405255,,,5,672,0.0005995458988916307,0.4028948440551758,1e-05,,,True,[],,,,,,,,,,False,161.0,SE,0.1,1.5,1.0,nan,,3500,eigenpro_pcg_q128,35,162,161,7500000,30000000,3500,cufinufft,binned_c1,,,,,,,full_eigenpro,True,0.1,0,,0.0010727663802771515,0.30005333210926893,0,,,ok,,0.0006484419938201596,0.10504760299886584,0.00015898795030276367,0.025597059998744953,,,[],,,,,,,,,,,,,,,,,0.41306048000001283,,0.16231469900003503,0.00028642000006584567,0.153861366000001,0.23495257500007938,,0.8106141740001931,,1e-07,128,80000,v3
1225,,,,,,,,,,,,,,,,,,,,,,,,,,,,,,,,,,,,,group_b,,,,,,group_b,,8,9,8.531720040926715e-08,,,nan,2,synthetic_true_func_2d_ntrain30000000,False,NVIDIA A100-SXM4-40GB,,,,,,,,2,1225,264,3,nan,,2.106978397444509,4.1993615618216626e-07,,,5,1312,0.0005952866368177461,0.7810160675048828,1e-05,,,True,[],,,,,,,,,,False,8.0,SE,0.1,1.5,1.0,nan,,3500,eigenpro_pcg_q256,35,9,8,7500000,30000000,3500,cufinufft,binned_c1,,,,,,,full_eigenpro,True,0.1,0,,0.0010757764375721103,0.3000533456577557,0,,,ok,,0.0006457674444391159,0.005811906999952043,0.00016768374996445345,0.0013414699997156276,,,[],,,,,,,,,,,,,,,,,0.7994059969998943,,0.162322586000073,0.0003227940001124807,0.15531084999997802,0.012806736999891655,,0.9748581139999715,,1e-07,256,80000,v3
1225,,,,,,,,,,,,,,,,,,,,,,,,,,,,,,,,,,,,,group_b,,,,,,group_b,,2,3,3.8045972438412375e-08,,,nan,2,synthetic_true_func_2d_ntrain30000000,False,NVIDIA A100-SXM4-40GB,,,,,,,,2,1225,328,3,nan,,0.2501490977817313,4.9856538975992436e-08,,,5,1632,0.0005977167054718616,0.9754736633300781,1e-05,,,True,[],,,,,,,,,,False,2.0,SE,0.1,1.5,1.0,nan,,3500,eigenpro_pcg_q320,35,3,2,7500000,30000000,3500,cufinufft,binned_c1,,,,,,,full_eigenpro,True,0.1,0,,0.0010737103675315604,0.3000533432042966,0,,,ok,,0.0006449966666271697,0.001934989999881509,0.00019372050007859798,0.00038744100015719596,,,[],,,,,,,,,,,,,,,,,0.9973844399999052,,0.16248095099990678,0.0002954340000087541,0.15389226699994651,0.004018981000172062,,1.1641798059999928,,1e-07,320,80000,v3
1225,,,,,,,,,,,,,,,,,,,,,,,,,,,,,,,,,,,,,group_b,,,,,,group_b,,2,3,1.3762660206880485e-08,,,nan,2,synthetic_true_func_2d_ntrain30000000,False,NVIDIA A100-SXM4-40GB,,,,,,,,2,1225,392,3,nan,,0.2522441595088462,5.0274100052886814e-08,,,5,1952,0.0005941544907992003,1.159789566040039,1e-05,,,True,[],,,,,,,,,,False,2.0,SE,0.1,1.5,1.0,nan,,3500,eigenpro_pcg_q384,35,3,2,7500000,30000000,3500,cufinufft,binned_c1,,,,,,,full_eigenpro,True,0.1,0,,0.001070796979156845,0.3000533184631934,0,,,ok,,0.0006407179999617559,0.0019221539998852677,0.00019873949997872842,0.00039747899995745684,,,[],,,,,,,,,,,,,,,,,1.1852898029999324,,0.16224935199988977,0.0002971339999930933,0.1540682669999569,0.004040206000127,,1.3518764949999422,,1e-07,384,80000,v3
1225,,,,,,,,,,,,,,,,,,,,,,,,,,,,,,,,,,,,,group_b,,,,,,group_b,,1,2,5.926592827253483e-08,,,nan,2,synthetic_true_func_2d_ntrain30000000,False,NVIDIA A100-SXM4-40GB,,,,,,,,2,1225,456,3,nan,,0.1940302996314566,3.8671653353469194e-08,,,5,2272,0.0005937730628000179,1.3490523986816407,1e-05,,,True,[],,,,,,,,,,False,1.0,SE,0.1,1.5,1.0,nan,,3500,eigenpro_pcg_q448,35,2,1,7500000,30000000,3500,cufinufft,binned_c1,,,,,,,full_eigenpro,True,0.1,0,,0.00107899015776233,0.30005330540312075,0,,,ok,,0.0006227994999790099,0.0012455989999580197,0.00021961299989925465,0.00021961299989925465,,,[],,,,,,,,,,,,,,,,,1.3781596979999904,,0.16241253499993036,0.00029809100010425027,0.15404633399998602,0.0025711399998726847,,1.5434414639998977,,1e-07,448,80000,v3
1225,expanded_box,topk,512,,512,0,"[12, 12]","[25, 25]",625,topk,512,,512,80000,625,cheap,30,0.01,,,,,,,,,,,,,,,,,chol_solve,20000,group_b,50,diag,0.001,50,auto,group_b,auto,36,37,8.604380432943792e-08,6250000,,,2,synthetic_true_func_2d_ntrain30000000,False,NVIDIA A100-SXM4-40GB,cheap,0,0,0,0,0,0,2,1225,,,,,,,,,,,,,1e-05,chol_solve,29999999.999935217,True,,nan,0,50,diag,0.001,0,0,0,0,False,36.0,SE,0.1,1.5,1.0,,0,3500,btab_auto_topk_512,35,37,36,7500000,30000000,3500,cufinufft,binned_c1,50,36,8.604380432943792e-08,pcg,converged,36,,True,0.1,0,24.879391589286882,0.0010710786880490913,0.3000533201884979,0,0.1,exact,ok,,0.0006418074864836239,0.023746876999894084,0.00045188513888660964,0.016267864999917947,745.1288808130148,600,,,0.0004970109998794214,4.499758335264737e-05,0.0016199130006953055,4.2170527775750896e-05,0.0015181389999270323,0.0002632468333306153,0.009476885999902152,0.010528744000112056,0.0089628509999784,-0.010528744000112056,0.0,0.0013395370001489937,5.713683331502276e-05,0.0020569259993408195,,,0.00011178199997630145,0.16250437799999418,0.01191425199999685,0.15408617000002778,0.07483800699992571,0.00022635599998466205,0.2373423849999199,0.2374541669998962,1e-07,,80000,v6_btab
1225,expanded_box,topk,1024,,1024,0,"[17, 17]","[35, 35]",1225,topk,1024,,1024,80000,1225,cheap,30,0.01,,,,,,,,,,,,,,,,,chol_solve,20000,group_b,50,diag,0.001,50,auto,group_b,auto,3,4,6.713721595555887e-08,24010000,,,2,synthetic_true_func_2d_ntrain30000000,False,NVIDIA A100-SXM4-40GB,cheap,0,0,0,0,0,0,2,1225,,,,,,,,,,,,,1e-05,chol_solve,29999999.999935217,True,,nan,0,50,diag,0.001,0,0,0,0,False,3.0,SE,0.1,1.5,1.0,,0,3500,btab_auto_topk_1024,35,4,3,7500000,30000000,3500,cufinufft,binned_c1,50,3,6.713721595555887e-08,pcg,converged,3,,True,0.1,0,0.0,0.0010710988537820346,0.300053320198358,0,0.1,exact,ok,,0.0006846737499586197,0.002738694999834479,0.0005857603334031106,0.001757281000209332,0.0,0,,,0.000534617999846887,1.6540999998445233e-05,4.9622999995335704e-05,3.574299997429383e-05,0.00010722899992288148,0.0004343333334115111,0.0013030000002345332,0.03952737300005538,0.03641385400010222,-0.03952737300005538,0.0,0.002673007000112193,5.716933333133056e-05,0.0001715079999939917,,,3.765199994631985e-05,0.1623045329999968,0.04086113199991814,0.1541109290001259,0.04792263599983926,0.00044051199984096456,0.21022716899983607,0.2102648209997824,1e-07,,80000,v6_btab
1225,expanded_box,topk,256,,256,0,"[9, 9]","[19, 19]",361,topk,256,,256,80000,361,cheap,30,0.01,,cupy,7.059839394313727e-15,1.0878635819164252e-15,320,162,162,,162,64,361,864,370688,45128.52138065575,451285.21380655747,0.001,boxeig,20000,group_b,50,diag,0.001,50,auto,group_b,boxeig,1171,1172,7.75815212796422e-08,0,,,2,synthetic_true_func_2d_ntrain30000000,False,NVIDIA A100-SXM4-40GB,cheap,64,0,64,64,0,0,2,1225,,,,,,,7.059839394313727e-15,1.0878635819164252e-15,,,,,1e-05,boxeig,29999999.99993522,True,,nan,0,0,,nan,0,0,0,0,False,1171.0,SE,0.1,1.5,1.0,,21904,3500,btab_boxeig_topk_256_q64,35,1172,1171,7500000,30000000,3500,cufinufft,binned_c1,50,1171,7.75815212796422e-08,pcg,converged,1171,,True,0.1,0,4198.966259107189,0.0010715900459563141,0.30005331981807437,0,0.1,boxeig,ok,,0.000633873888222477,0.742900196996743,0.0004238990333079589,0.4963857680036199,136999.51454168197,864,,451285.21380655747,0.000455860999863944,4.500568317887744e-05,0.052701655002465486,3.869691545274647e-05,0.04531408799516612,0.00024245587532398732,0.28391583000438914,0.12615636500004257,0.0,0.0,0.0009635400001570815,0.0,5.646330742877757e-05,0.06611853299909853,0.1251928249998855,,0.026249709000012444,0.1623069709999072,0.1270591190000232,0.16067361299997174,2.1009311500001786,0.0,2.263238121000086,2.2894878300000983,1e-07,,80000,v7_btab_boxeig
1225,expanded_box,topk,512,,512,0,"[12, 12]","[25, 25]",625,topk,512,,512,80000,625,cheap,30,0.01,,cupy,1.5628684471163717e-13,3.4147816213157217e-15,640,290,290,,290,128,625,600,1282048,2126.781054354389,21267.810543543892,0.001,boxeig,20000,group_b,50,diag,0.001,50,auto,group_b,boxeig,318,319,8.941232486866952e-08,0,,,2,synthetic_true_func_2d_ntrain30000000,False,NVIDIA A100-SXM4-40GB,cheap,128,0,128,128,0,0,2,1225,,,,,,,1.5628684471163717e-13,3.4147816213157217e-15,,,,,1e-05,boxeig,29999999.999935217,True,,nan,0,0,,nan,0,0,0,0,False,318.0,SE,0.1,1.5,1.0,,38416,3500,btab_boxeig_topk_512_q128,35,319,318,7500000,30000000,3500,cufinufft,binned_c1,50,318,8.941232486866952e-08,pcg,converged,318,,True,0.1,0,24.879391589286882,0.00107192943620331,0.3000533229993223,0,0.1,boxeig,ok,,0.0006629997147337346,0.21149690900006135,0.0004254991918181666,0.13530874299817697,745.1288808130148,600,,21267.810543543892,0.0005051900000125897,4.5370248431913605e-05,0.014427739001348527,3.8885182397445886e-05,0.012365488002387792,0.00024234571698480926,0.07706593800116934,0.2475990109999202,0.0,0.0,0.0009606730000086827,0.0,5.673137736263793e-05,0.018040578001318863,0.24663833799991153,,0.05011831499996333,0.16825708999999733,0.24854826000000685,0.1525053130001197,0.813764282999955,0.0,0.9820213729999523,1.0321396879999156,1e-07,,80000,v7_btab_boxeig
1225,expanded_box,topk,768,,768,0,"[15, 15]","[31, 31]",961,topk,768,,768,80000,961,cheap,30,0.01,,cupy,2.927709574404977e-13,3.3769435133857793e-15,640,290,290,,290,128,961,264,1970176,2126.816726934573,21268.16726934573,0.001,boxeig,20000,group_b,50,diag,0.001,50,auto,group_b,boxeig,196,197,8.759364116308607e-08,0,,,2,synthetic_true_func_2d_ntrain30000000,False,NVIDIA A100-SXM4-40GB,cheap,128,0,128,128,0,0,2,1225,,,,,,,2.927709574404977e-13,3.3769435133857793e-15,,,,,1e-05,boxeig,29999999.999935217,True,,nan,0,0,,nan,0,0,0,0,False,196.0,SE,0.1,1.5,1.0,,59536,3500,btab_boxeig_topk_768_q128,35,197,196,7500000,30000000,3500,cufinufft,binned_c1,50,196,8.759364116308607e-08,pcg,converged,196,,True,0.1,0,0.03868135314816444,0.0010715311102368582,0.30005332587633987,0,0.1,boxeig,ok,,0.0006584512690283722,0.12971489999858932,0.0004384470867323996,0.08593562899955032,1.0924834656399987,264,,21268.16726934573,0.0005000659998586343,4.698835714964157e-05,0.009209718001329747,3.963202041223686e-05,0.007767876000798424,0.0002501789897938319,0.04903508199959106,0.22990219400026035,0.0,0.0,0.0009415710001121624,0.0,5.8559581636742146e-05,0.011477678000801461,0.2289606230001482,,0.05014651999999842,0.16245667099997263,0.230844783999828,0.15258560999996007,0.5733730169999944,0.0,0.7358296879999671,0.7859762079999655,1e-07,,80000,v7_btab_boxeig
1225,,,,,,,,,,,,,,,,,,,,,,,,,,,,,,,,,,,,,group_b,,,,,,group_b,,2006,2007,9.120675506364604e-08,,,,2,synthetic_true_func_2d_ntrain10000000,False,NVIDIA A100-SXM4-40GB,,,,,,,,2,1225,,,,,,,,,0,0,,,1e-05,,,True,,,,,,,,,,,False,2006.0,SE,0.1,1.5,1.0,,,80000,plain_cg,35,2007,,2500000,10000000,3500,cufinufft,cufinufft,,,,,,,,True,0.1,0,,0.0016423654637659126,0.2999588184833607,0,,,ok,,0.0006211308774258202,1.246609670993621,,,,,,,,,,,,,,,,,,,,,,,,0.12830433299996002,,0.0543931929998962,2.1295582760001253,,2.257863294000117,,1e-07,,80000,v1
1225,,,,,,,,,,,,,,,,,,,,,,,,,,,,,,,,,,,,,group_b,,,,,,group_b,,517,518,9.556377522113935e-08,,,nan,2,synthetic_true_func_2d_ntrain10000000,False,NVIDIA A100-SXM4-40GB,,,,,,,,2,1225,72,3,nan,,4926.118666568106,0.0029469503295630815,,,5,352,0.0005998923561789774,0.21116210937500002,1e-05,,,True,[],,,,,,,,,,False,517.0,SE,0.1,1.5,1.0,nan,,3500,eigenpro_pcg_q64,35,518,517,2500000,10000000,3500,cufinufft,binned_c1,,,,,,,full_eigenpro,True,0.1,0,,0.0017026189770705585,0.2999590375628008,0,,,ok,,0.0006376019748998867,0.33027782299814135,0.00015486343907132832,0.08006439799987675,,,[],,,,,,,,,,,,,,,,,0.21919984800001657,,0.07307033200004298,0.00028747400006068347,0.054582203999871126,0.7416031909999674,,1.0341608450000876,,1e-07,64,80000,v3
1225,,,,,,,,,,,,,,,,,,,,,,,,,,,,,,,,,,,,,group_b,,,,,,group_b,,122,123,9.16851179508217e-08,,,nan,2,synthetic_true_func_2d_ntrain10000000,False,NVIDIA A100-SXM4-40GB,,,,,,,,2,1225,136,3,nan,,229.66329604491722,0.00013732009399863512,,,5,672,0.0005997165611812046,0.4030095291137695,1e-05,,,True,[],,,,,,,,,,False,122.0,SE,0.1,1.5,1.0,nan,,3500,eigenpro_pcg_q128,35,123,122,2500000,10000000,3500,cufinufft,binned_c1,,,,,,,full_eigenpro,True,0.1,0,,0.0017030088071386795,0.29995903977192556,0,,,ok,,0.0006343458292602422,0.0780245369990098,0.00015456618853134342,0.018857075000823897,,,[],,,,,,,,,,,,,,,,,0.4137552519998735,,0.0701932410001973,0.0003189300000485673,0.052675039999940054,0.17463182000005872,,0.6588992430001781,,1e-07,128,80000,v3
1225,,,,,,,,,,,,,,,,,,,,,,,,,,,,,,,,,,,,,group_b,,,,,,group_b,,7,8,6.57736873045297e-08,,,nan,2,synthetic_true_func_2d_ntrain10000000,False,NVIDIA A100-SXM4-40GB,,,,,,,,2,1225,264,3,nan,,0.7562313991682447,4.521648035231708e-07,,,5,1312,0.0005957557050193229,0.7816314849853516,1e-05,,,True,[],,,,,,,,,,False,7.0,SE,0.1,1.5,1.0,nan,,3500,eigenpro_pcg_q256,35,8,7,2500000,10000000,3500,cufinufft,binned_c1,,,,,,,full_eigenpro,True,0.1,0,,0.00170372993899991,0.2999590433624189,0,,,ok,,0.0006421657499231515,0.005137325999385212,0.00016155585714321724,0.0011308910000025207,,,[],,,,,,,,,,,,,,,,,0.8000928839999233,,0.06341737000002468,0.000288935000071433,0.05297183499988023,0.011212324000098306,,0.8750115130001177,,1e-07,256,80000,v3
1225,,,,,,,,,,,,,,,,,,,,,,,,,,,,,,,,,,,,,group_b,,,,,,group_b,,2,3,5.066461253242715e-08,,,nan,2,synthetic_true_func_2d_ntrain10000000,False,NVIDIA A100-SXM4-40GB,,,,,,,,2,1225,328,3,nan,,0.25285996998840493,1.51189673918673e-07,,,5,1632,0.0005991836809644513,0.9778677673339844,1e-05,,,True,[],,,,,,,,,,False,2.0,SE,0.1,1.5,1.0,nan,,3500,eigenpro_pcg_q320,35,3,2,2500000,10000000,3500,cufinufft,binned_c1,,,,,,,full_eigenpro,True,0.1,0,,0.0016988394580118482,0.2999590715216707,0,,,ok,,0.0006478609999855204,0.0019435829999565613,0.00018981899995651474,0.0003796379999130295,,,[],,,,,,,,,,,,,,,,,1.0020123229999172,,0.07236630100010188,0.00029545400002461975,0.05351549499982866,0.004047276000164857,,1.0787213540002085,,1e-07,320,80000,v3
1225,,,,,,,,,,,,,,,,,,,,,,,,,,,,,,,,,,,,,group_b,,,,,,group_b,,2,3,1.3032648441150936e-08,,,nan,2,synthetic_true_func_2d_ntrain10000000,False,NVIDIA A100-SXM4-40GB,,,,,,,,2,1225,392,3,nan,,0.2231510289537196,1.3342614611426315e-07,,,5,1952,0.0005956763204981068,1.1627601776123047,1e-05,,,True,[],,,,,,,,,,False,2.0,SE,0.1,1.5,1.0,nan,,3500,eigenpro_pcg_q384,35,3,2,2500000,10000000,3500,cufinufft,binned_c1,,,,,,,full_eigenpro,True,0.1,0,,0.0017022323898691993,0.29995903463707285,0,,,ok,,0.0006405276666707019,0.001921583000012106,0.00019992550005554222,0.00039985100011108443,,,[],,,,,,,,,,,,,,,,,1.1887247189999925,,0.06586396400007288,0.00030729099989912356,0.052642589000015505,0.004031805000067834,,1.2589277790000324,,1e-07,384,80000,v3
1225,,,,,,,,,,,,,,,,,,,,,,,,,,,,,,,,,,,,,group_b,,,,,,group_b,,2,3,8.844326735169484e-09,,,nan,2,synthetic_true_func_2d_ntrain10000000,False,NVIDIA A100-SXM4-40GB,,,,,,,,2,1225,456,3,nan,,0.18079087713269204,1.0809822433501676e-07,,,5,2272,0.0005969735266457142,1.3563238525390626,1e-05,,,True,[],,,,,,,,,,False,2.0,SE,0.1,1.5,1.0,nan,,3500,eigenpro_pcg_q448,35,3,2,2500000,10000000,3500,cufinufft,binned_c1,,,,,,,full_eigenpro,True,0.1,0,,0.0017022907461301505,0.29995903521963974,0,,,ok,,0.0006443969999357554,0.001933190999807266,0.000206440999932056,0.000412881999864112,,,[],,,,,,,,,,,,,,,,,1.3854183969999667,,0.06288561099995604,0.0002939949999927194,0.052732212999899275,0.004018113000029189,,1.4526161159999447,,1e-07,448,80000,v3
1225,expanded_box,topk,512,,512,0,"[12, 12]","[25, 25]",625,topk,512,,512,80000,625,cheap,30,0.01,,,,,,,,,,,,,,,,,chol_solve,20000,group_b,50,diag,0.001,50,auto,group_b,auto,24,25,8.66985027117344e-08,6250000,,,2,synthetic_true_func_2d_ntrain10000000,False,NVIDIA A100-SXM4-40GB,cheap,0,0,0,0,0,0,2,1225,,,,,,,,,,,,,1e-05,chol_solve,9999999.999978418,True,,nan,0,50,diag,0.001,0,0,0,0,False,24.0,SE,0.1,1.5,1.0,,0,3500,btab_auto_topk_512,35,25,24,2500000,10000000,3500,cufinufft,binned_c1,50,24,8.66985027117344e-08,pcg,converged,24,,True,0.1,0,8.293116502569706,0.0017026523488756775,0.2999590337788465,0,0.1,exact,ok,,0.0006439535599747615,0.016098838999369036,0.0004547984166739146,0.01091516200017395,248.3758444154172,600,,,0.0004665039998599241,4.5383541693884886e-05,0.0010892050006532372,4.274745831859642e-05,0.0010259389996463142,0.0002668886666773081,0.006405328000255395,0.0103876619998573,0.008828220999930636,-0.0103876619998573,0.0,0.0013348620000215305,5.690925001999858e-05,0.001365822000479966,,,8.980300003713637e-05,0.06290250300003208,0.011732872000038697,0.052757244999838804,0.05430787299997064,0.00022457899990513397,0.11721037600000273,0.11730017900003986,1e-07,,80000,v6_btab
1225,expanded_box,topk,1024,,1024,0,"[17, 17]","[35, 35]",1225,topk,1024,,1024,80000,1225,cheap,30,0.01,,,,,,,,,,,,,,,,,chol_solve,20000,group_b,50,diag,0.001,50,auto,group_b,auto,4,5,3.1145461366279874e-09,24010000,,,2,synthetic_true_func_2d_ntrain10000000,False,NVIDIA A100-SXM4-40GB,cheap,0,0,0,0,0,0,2,1225,,,,,,,,,,,,,1e-05,chol_solve,9999999.999978418,True,,nan,0,50,diag,0.001,0,0,0,0,False,4.0,SE,0.1,1.5,1.0,,0,3500,btab_auto_topk_1024,35,5,4,2500000,10000000,3500,cufinufft,binned_c1,50,4,3.1145461366279874e-09,pcg,converged,4,,True,0.1,0,0.0,0.0017027089708405085,0.299959033916288,0,0.1,exact,ok,,0.0006778297999971983,0.0033891489999859914,0.0005924427499621743,0.002369770999848697,0.0,0,,,0.0005822099999477359,1.6541250033696997e-05,6.616500013478799e-05,4.208300003938348e-05,0.0001683320001575339,0.00043627775005461444,0.0017451110002184578,0.03733039300004748,0.03423474000010174,-0.03733039300004748,0.0,0.0026645119999102462,5.467350001708837e-05,0.0002186940000683535,,,3.078200006711995e-05,0.06278990599980716,0.03870495999990453,0.05254253999987668,0.04753648200016869,0.0004311410000354954,0.11032638799997585,0.11035717000004297,1e-07,,80000,v6_btab
1225,expanded_box,topk,256,,256,0,"[9, 9]","[19, 19]",361,topk,256,,256,80000,361,cheap,30,0.01,,cupy,1.3740260388050201e-14,1.2609586846163195e-15,320,162,162,,162,64,361,864,370688,15047.147585016983,150471.4758501698,0.001,boxeig,20000,group_b,50,diag,0.001,50,auto,group_b,boxeig,789,790,9.47751112764408e-08,0,,,2,synthetic_true_func_2d_ntrain10000000,False,NVIDIA A100-SXM4-40GB,cheap,64,0,64,64,0,0,2,1225,,,,,,,1.3740260388050201e-14,1.2609586846163195e-15,,,,,1e-05,boxeig,9999999.999978418,True,,nan,0,0,,nan,0,0,0,0,False,789.0,SE,0.1,1.5,1.0,,21904,3500,btab_boxeig_topk_256_q64,35,790,789,2500000,10000000,3500,cufinufft,binned_c1,50,789,9.47751112764408e-08,pcg,converged,789,,True,0.1,0,1399.6541024726862,0.001702258211221368,0.2999590352063822,0,0.1,boxeig,ok,,0.0006403009088631458,0.5058377180018852,0.0004296132547534964,0.3389648580005087,45666.455931363096,864,,150471.4758501698,0.0004950239999743644,4.5578565274079406e-05,0.035961488001248654,3.918537769413715e-05,0.03091726300067421,0.0002457582357393891,0.193903247998378,0.12469396999995297,0.0,0.0,0.0009636820000196167,0.0,5.7548373895122225e-05,0.04540566700325144,0.12373028799993335,,0.026284275000080015,0.0626218880001943,0.12563240599979508,0.05298283199999787,1.470801344999927,0.0,1.5334232330001214,1.5597075080002014,1e-07,,80000,v7_btab_boxeig
1225,expanded_box,topk,512,,512,0,"[12, 12]","[25, 25]",625,topk,512,,512,80000,625,cheap,30,0.01,,cupy,1.6676216219495158e-13,3.0453411132558274e-15,640,290,290,,290,128,625,600,1282048,708.6437745357798,7086.437745357798,0.001,boxeig,20000,group_b,50,diag,0.001,50,auto,group_b,boxeig,220,221,8.383737566842267e-08,0,,,2,synthetic_true_func_2d_ntrain10000000,False,NVIDIA A100-SXM4-40GB,cheap,128,0,128,128,0,0,2,1225,,,,,,,1.6676216219495158e-13,3.0453411132558274e-15,,,,,1e-05,boxeig,9999999.999978418,True,,nan,0,0,,nan,0,0,0,0,False,220.0,SE,0.1,1.5,1.0,,38416,3500,btab_boxeig_topk_512_q128,35,221,220,2500000,10000000,3500,cufinufft,binned_c1,50,220,8.383737566842267e-08,pcg,converged,220,,True,0.1,0,8.293116502569706,0.001702556611840233,0.29995903652311556,0,0.1,boxeig,ok,,0.0006673209049816197,0.14747792000093796,0.0004404021045378282,0.09688846299832221,248.3758444154172,600,,7086.437745357798,0.0004947019999690383,4.7336222733272075e-05,0.010413969001319856,3.978597729056591e-05,0.0087529150039245,0.0002500678227296372,0.05501492100052019,0.2352665270000216,0.0,0.0,0.0009570360000452638,0.0,6.005293181177959e-05,0.01321164499859151,0.23430949099997633,,0.05065178399991055,0.06277086399995824,0.23621747399988635,0.052996805000020686,0.6253488400000151,0.0,0.6881197039999734,0.7387714879998839,1e-07,,80000,v7_btab_boxeig
1225,expanded_box,topk,768,,768,0,"[15, 15]","[31, 31]",961,topk,768,,768,80000,961,cheap,30,0.01,,cupy,3.1104015973856173e-13,2.981315006172091e-15,640,290,290,,290,128,961,264,1970176,708.6556890574278,7086.5568905742775,0.001,boxeig,20000,group_b,50,diag,0.001,50,auto,group_b,boxeig,142,143,8.271418353923142e-08,0,,,2,synthetic_true_func_2d_ntrain10000000,False,NVIDIA A100-SXM4-40GB,cheap,128,0,128,128,0,0,2,1225,,,,,,,3.1104015973856173e-13,2.981315006172091e-15,,,,,1e-05,boxeig,9999999.999978418,True,,nan,0,0,,nan,0,0,0,0,False,142.0,SE,0.1,1.5,1.0,,59536,3500,btab_boxeig_topk_768_q128,35,143,142,2500000,10000000,3500,cufinufft,binned_c1,50,142,8.271418353923142e-08,pcg,converged,142,,True,0.1,0,0.012893750375761525,0.001702335097571173,0.2999590382974804,0,0.1,boxeig,ok,,0.0006932069510420426,0.09912859399901208,0.00046558732393369725,0.06611339999858501,0.36416015775670874,264,,7086.5568905742775,0.0005185629997868091,4.9357950700423186e-05,0.007008828999460093,4.165264787914079e-05,0.005914675998837993,0.00026794560563008467,0.038048275999472025,0.23420349100001658,0.0,0.0,0.0009554069999921921,0.0,6.12382112780657e-05,0.00869582600148533,0.2332480840000244,,0.05010127100013051,0.06303111800002625,0.23514365300002282,0.052697231000138345,0.49687184899994463,0.0,0.5599029669999709,0.6100042380001014,1e-07,,80000,v7_btab_boxeig
1225,,,,,,,,,,,,,,,,,,,,,,,,,,,,,,,,,,,,,group_b,,,,,,group_b,,5770,5771,6.380749058216466e-08,,,,2,USGS_LPC_IL_Winnebago_2018_ground_elevation_regression_ntrain300000000,False,NVIDIA A100-SXM4-40GB,,,,,,,,2,1225,,,,,,,,,0,0,,,1e-05,,,True,,,,,,,,,,,False,5770.0,SE,0.1,1.5,1.0,,,80000,plain_cg,35,5771,,75000000,300000000,3500,cufinufft,cufinufft,,,,,,,,True,0.1,0,,0.35626459128297316,0.35626315963697613,0,,,ok,,0.000628533627795798,3.62726756600955,,,,,,,,,,,,,,,,,,,,,,,,4.707152592000057,,1.6612111990000358,6.217893744999856,,10.925047137999854,,1e-07,,80000,v1
1225,,,,,,,,,,,,,,,,,,,,,,,,,,,,,,,,,,,,,group_b,,,,,,group_b,,178,179,9.834071478308059e-08,,,nan,2,USGS_LPC_IL_Winnebago_2018_ground_elevation_regression_ntrain300000000,False,NVIDIA A100-SXM4-40GB,,,,,,,,2,1225,72,3,nan,,53.58461143766608,5.289916989378468e-07,,,5,352,0.0006012072563171387,0.2116249542236328,1e-05,,,True,[],,,,,,,,,,False,178.0,SE,0.1,1.5,1.0,nan,,3500,eigenpro_pcg_q64,35,179,178,75000000,300000000,3500,cufinufft,binned_c1,,,,,,,full_eigenpro,True,0.1,0,,0.3561598593597913,0.35615875313319545,0,,,ok,,0.0006439895195622567,0.11527412400164394,0.00015701797753428785,0.027949200001103236,,,[],,,,,,,,,,,,,,,,,0.2187826879999193,,1.766687845999968,0.0004169060000549507,1.6633513009999206,0.2580676570000833,,2.2439550970000255,,1e-07,64,80000,v3
1225,,,,,,,,,,,,,,,,,,,,,,,,,,,,,,,,,,,,,group_b,,,,,,group_b,,11,12,5.8151207993420515e-08,,,nan,2,USGS_LPC_IL_Winnebago_2018_ground_elevation_regression_ntrain300000000,False,NVIDIA A100-SXM4-40GB,,,,,,,,2,1225,136,3,nan,,0.09424383624853043,9.303829156775062e-10,,,5,672,0.0005925455206916446,0.3981905899047852,1e-05,,,True,[],,,,,,,,,,False,11.0,SE,0.1,1.5,1.0,nan,,3500,eigenpro_pcg_q128,35,12,11,75000000,300000000,3500,cufinufft,binned_c1,,,,,,,full_eigenpro,True,0.1,0,,0.3561589527063365,0.35615782113348116,0,,,ok,,0.000636045666605393,0.007632547999264716,0.00016261218183899473,0.001788734000228942,,,[],,,,,,,,,,,,,,,,,0.40836577200002466,,1.7651510030000281,0.0002933109999503358,1.665147129000161,0.016803148999997575,,2.1906132350000007,,1e-07,128,80000,v3
1225,,,,,,,,,,,,,,,,,,,,,,,,,,,,,,,,,,,,,group_b,,,,,,group_b,,6,7,4.335944977039337e-08,,,nan,2,USGS_LPC_IL_Winnebago_2018_ground_elevation_regression_ntrain300000000,False,NVIDIA A100-SXM4-40GB,,,,,,,,2,1225,264,3,nan,,0.11814231835250077,1.1663106998725748e-09,,,5,1312,0.0005987075247415683,0.7855042724609376,1e-05,,,True,[],,,,,,,,,,False,6.0,SE,0.1,1.5,1.0,nan,,3500,eigenpro_pcg_q256,35,7,6,75000000,300000000,3500,cufinufft,binned_c1,,,,,,,full_eigenpro,True,0.1,0,,0.35615900924839344,0.35615787901367124,0,,,ok,,0.0006386364285130444,0.004470454999591311,0.0001682030000438317,0.0010092180002629902,,,[],,,,,,,,,,,,,,,,,0.8035408830000961,,1.7651106529999652,0.0002803999998377549,1.6685043009999845,0.00971287500010476,,2.5786448110000038,,1e-07,256,80000,v3
1225,,,,,,,,,,,,,,,,,,,,,,,,,,,,,,,,,,,,,group_b,,,,,,group_b,,6,7,8.811892095458626e-09,,,nan,2,USGS_LPC_IL_Winnebago_2018_ground_elevation_regression_ntrain300000000,False,NVIDIA A100-SXM4-40GB,,,,,,,,2,1225,328,3,nan,,0.10209641936291582,1.0079042631139096e-09,,,5,1632,0.000592104154474595,0.9663139801025391,1e-05,,,True,[],,,,,,,,,,False,6.0,SE,0.1,1.5,1.0,nan,,3500,eigenpro_pcg_q320,35,7,6,75000000,300000000,3500,cufinufft,binned_c1,,,,,,,full_eigenpro,True,0.1,0,,0.35615903276209243,0.356157902741765,0,,,ok,,0.0006348732856297699,0.0044441129994083894,0.00016727566666456065,0.001003653999987364,,,[],,,,,,,,,,,,,,,,,0.9878893469999639,,1.764890090000108,0.00030402799984585727,1.6589079099999253,0.009636696000143274,,2.762720161000061,,1e-07,320,80000,v3
1225,,,,,,,,,,,,,,,,,,,,,,,,,,,,,,,,,,,,,group_b,,,,,,group_b,,4,5,2.0070160931918415e-08,,,nan,2,USGS_LPC_IL_Winnebago_2018_ground_elevation_regression_ntrain300000000,False,NVIDIA A100-SXM4-40GB,,,,,,,,2,1225,392,3,nan,,0.09001798693332906,8.886649830933243e-10,,,5,1952,0.0005953321925929335,1.1620884399414062,1e-05,,,True,[],,,,,,,,,,False,4.0,SE,0.1,1.5,1.0,nan,,3500,eigenpro_pcg_q384,35,5,4,75000000,300000000,3500,cufinufft,binned_c1,,,,,,,full_eigenpro,True,0.1,0,,0.3561590143520807,0.3561578831278244,0,,,ok,,0.0006427440000152274,0.003213720000076137,0.0001748514999917461,0.0006994059999669844,,,[],,,,,,,,,,,,,,,,,1.1875227689999974,,1.7649193590000323,0.0003467599999567028,1.666935636000062,0.006952793999971618,,2.959741681999958,,1e-07,384,80000,v3
1225,,,,,,,,,,,,,,,,,,,,,,,,,,,,,,,,,,,,,group_b,,,,,,group_b,,5,6,4.129077602028669e-08,,,nan,2,USGS_LPC_IL_Winnebago_2018_ground_elevation_regression_ntrain300000000,False,NVIDIA A100-SXM4-40GB,,,,,,,,2,1225,456,3,nan,,0.08094831019294461,7.991283871114002e-10,,,5,2272,0.0006057644964943469,1.3762969360351562,1e-05,,,True,[],,,,,,,,,,False,5.0,SE,0.1,1.5,1.0,nan,,3500,eigenpro_pcg_q448,35,6,5,75000000,300000000,3500,cufinufft,binned_c1,,,,,,,full_eigenpro,True,0.1,0,,0.3561590149404601,0.3561578847718942,0,,,ok,,0.000642089166679701,0.0038525350000782055,0.00016670180002620327,0.0008335090001310164,,,[],,,,,,,,,,,,,,,,,1.4052985929999977,,1.7650465890001215,0.00028952899992873427,1.6762618479999674,0.008445130999916728,,3.1790798419999646,,1e-07,448,80000,v3
1225,expanded_box,topk,512,,512,0,"[12, 12]","[25, 25]",625,topk,512,,512,80000,625,cheap,30,0.01,,,,,,,,,,,,,,,,,chol_solve,20000,group_b,50,diag,0.001,50,auto,group_b,auto,3500,3501,0.0011205419437150682,6250000,,,2,USGS_LPC_IL_Winnebago_2018_ground_elevation_regression_ntrain300000000,False,NVIDIA A100-SXM4-40GB,cheap,0,0,0,0,0,0,2,1225,,,,,,,,,,,,,1e-05,chol_solve,299999999.99975467,True,,nan,0,50,diag,0.001,0,0,0,0,False,3500.0,SE,0.1,1.5,1.0,,0,3500,btab_auto_topk_512,35,3501,3501,75000000,300000000,3500,cufinufft,binned_c1,50,3500,0.0011205419437150682,pcg,maxiter,3501,,True,0.1,0,248.79414196834745,0.35953543377098124,0.3595282950846609,0,0.1,exact,ok,,0.0006355121065407771,2.2249278849992606,0.00048282112596653313,1.6903567620088324,7451.296047682936,600,,,0.0005422330000328657,4.567257697883731e-05,0.15989969200290943,4.332459325878343e-05,0.1516794009990008,0.0002927463801779608,1.0249050770030408,0.010571215000027223,0.008947106000050553,-0.010571215000027223,0.0,0.00138029100003223,5.7628834331888074e-05,0.20175854899594015,,,0.00015543099993919895,1.7652588500000093,0.012054110000008222,1.6648718239998743,6.113082681000151,0.0002438179999444401,7.87834153100016,7.878496962000099,1e-07,,80000,v6_btab
1225,expanded_box,topk,1024,,1024,0,"[17, 17]","[35, 35]",1225,topk,1024,,1024,80000,1225,cheap,30,0.01,,,,,,,,,,,,,,,,,chol_solve,20000,group_b,50,diag,0.001,50,auto,group_b,auto,3500,3501,0.000895557116503596,24010000,,,2,USGS_LPC_IL_Winnebago_2018_ground_elevation_regression_ntrain300000000,False,NVIDIA A100-SXM4-40GB,cheap,0,0,0,0,0,0,2,1225,,,,,,,,,,,,,1e-05,chol_solve,299999999.99975467,True,,nan,0,50,diag,0.001,0,0,0,0,False,3500.0,SE,0.1,1.5,1.0,,0,3500,btab_auto_topk_1024,35,3501,3501,75000000,300000000,3500,cufinufft,binned_c1,50,3500,0.000895557116503596,pcg,maxiter,3501,,True,0.1,0,0.0,0.35939688476596193,0.3593903794675058,0,0.1,exact,ok,,0.0006285610134212679,2.200592107987859,0.0006825298720374226,2.3895370820030166,0.0,0,,,0.0005489549998856091,1.692640188426642e-05,0.05925933299681674,3.9544081120830776e-05,0.13844382800402855,0.0005260514198816397,1.8417060210056206,0.03765322899994317,0.034541138999884424,-0.03765322899994317,0.0,0.0026719380000486126,5.7299875175619436e-05,0.20060686298984365,,,5.987200006529747e-05,1.7648547290000351,0.03901279899992005,1.6723606160001054,6.878850252999882,0.00044015200001013,8.643704981999917,8.643764853999983,1e-07,,80000,v6_btab
1225,expanded_box,topk,256,,256,0,"[9, 9]","[19, 19]",361,topk,256,,256,80000,361,cheap,30,0.01,,cupy,2.7239964116154003e-12,3.96007439397303e-14,320,162,162,,162,64,361,864,370688,1070.6235271461644,10706.235271461643,0.001,boxeig,20000,group_b,50,diag,0.001,50,auto,group_b,boxeig,3053,3054,9.417352251567648e-08,0,,,2,USGS_LPC_IL_Winnebago_2018_ground_elevation_regression_ntrain300000000,False,NVIDIA A100-SXM4-40GB,cheap,64,0,64,64,0,0,2,1225,,,,,,,2.7239964116154003e-12,3.96007439397303e-14,,,,,1e-05,boxeig,299999999.99975467,True,,nan,0,0,,nan,0,0,0,0,False,3053.0,SE,0.1,1.5,1.0,,21904,3500,btab_boxeig_topk_256_q64,35,3054,3053,75000000,300000000,3500,cufinufft,binned_c1,50,3053,9.417352251567648e-08,pcg,converged,3053,,True,0.1,0,41989.68382080204,0.35615906650608314,0.35615793596074247,0,0.1,boxeig,ok,,0.0006348770026199826,1.938914366001427,0.00042625673665345516,1.3013618170029986,1369995.933791377,864,,10706.235271461643,0.0005018510000809329,4.537947231929073e-05,0.13854352899079458,3.962068391621126e-05,0.12096194799619298,0.00024226598362019565,0.7396380479924574,0.13304108899978928,0.0,0.0,0.0009726089999730902,0.0,5.756380740474604e-05,0.17574230400668966,0.1320684799998162,,0.02626481199990849,1.7650624929999594,0.1339706329999899,1.6604369510000652,5.289247039999964,0.0,7.054309532999923,7.080574344999832,1e-07,,80000,v7_btab_boxeig
1225,expanded_box,topk,512,,512,0,"[12, 12]","[25, 25]",625,topk,512,,512,80000,625,cheap,30,0.01,,cupy,2.463628597479906e-09,4.319971189720834e-12,640,290,290,,290,128,625,600,1282048,0.6007857266763514,6.007857266763514,0.001,boxeig,20000,group_b,50,diag,0.001,50,auto,group_b,boxeig,336,337,8.341000779811645e-08,0,,,2,USGS_LPC_IL_Winnebago_2018_ground_elevation_regression_ntrain300000000,False,NVIDIA A100-SXM4-40GB,cheap,128,0,128,128,0,0,2,1225,,,,,,,2.463628597479906e-09,4.319971189720834e-12,,,,,1e-05,boxeig,299999999.99975467,True,,nan,0,0,,nan,0,0,0,0,False,336.0,SE,0.1,1.5,1.0,,38416,3500,btab_boxeig_topk_512_q128,35,337,336,75000000,300000000,3500,cufinufft,binned_c1,50,336,8.341000779811645e-08,pcg,converged,336,,True,0.1,0,248.79414196834745,0.3561590718684945,0.3561579416710506,0,0.1,boxeig,ok,,0.0006426228813079406,0.216563911000776,0.00042995263690602856,0.1444640860004256,7451.296047682936,600,,6.007857266763514,0.0005261839999093354,4.5688348226322195e-05,0.015351285004044257,3.905319048041769e-05,0.013121872001420343,0.00024584505952080215,0.08260393999898952,0.23679593900010332,0.0,0.0,0.0009786309999526566,0.0,5.7107791673296384e-05,0.019188218002227586,0.23581730800015066,,0.05101585500005967,1.765275746000043,0.23778568199986694,1.6618657290000556,0.8113660869998967,0.0,2.5766418329999397,2.6276576879999993,1e-07,,80000,v7_btab_boxeig
1225,expanded_box,topk,768,,768,0,"[15, 15]","[31, 31]",961,topk,768,,768,80000,961,cheap,30,0.01,,cupy,1.9710306756498824e-08,3.668306872780991e-12,640,290,290,,290,128,961,264,1970176,0.7863207293735853,7.863207293735853,0.001,boxeig,20000,group_b,50,diag,0.001,50,auto,group_b,boxeig,26,27,8.54306819523815e-08,0,,,2,USGS_LPC_IL_Winnebago_2018_ground_elevation_regression_ntrain300000000,False,NVIDIA A100-SXM4-40GB,cheap,128,0,128,128,0,0,2,1225,,,,,,,1.9710306756498824e-08,3.668306872780991e-12,,,,,1e-05,boxeig,299999999.99975467,True,,nan,0,0,,nan,0,0,0,0,False,26.0,SE,0.1,1.5,1.0,,59536,3500,btab_boxeig_topk_768_q128,35,27,26,75000000,300000000,3500,cufinufft,binned_c1,50,26,8.54306819523815e-08,pcg,converged,26,,True,0.1,0,0.38681407957002933,0.35615904990620867,0.35615791979647204,0,0.1,boxeig,ok,,0.0007598765925936108,0.020516668000027494,0.0004921560769249622,0.012796058000049015,10.924850732356767,264,,7.863207293735853,0.00050643599979594,5.363511537290413e-05,0.0013945129996955075,4.318796154970746e-05,0.001122887000292394,0.0002780936538329115,0.007230434999655699,0.2341772800000399,0.0,0.0,0.0009408079999957408,0.0,6.779315386805907e-05,0.0017626220005695359,0.23323647200004416,,0.05023466800003007,1.764918451000085,0.23512648800010538,1.6583725290001894,0.2880626859998756,0.0,2.0529811369999607,2.1032158049999907,1e-07,,80000,v7_btab_boxeig
1225,,,,,,,,,,,,,,,,,,,,,,,,,,,,,,,,,,,,,group_b,,,,,,group_b,,3590,3591,8.138355432565127e-08,,,,2,USGS_LPC_IL_Winnebago_2018_ground_elevation_regression_ntrain100000000,False,NVIDIA A100-SXM4-40GB,,,,,,,,2,1225,,,,,,,,,0,0,,,1e-05,,,True,,,,,,,,,,,False,3590.0,SE,0.1,1.5,1.0,,,80000,plain_cg,35,3591,,25000000,100000000,3500,cufinufft,cufinufft,,,,,,,,True,0.1,0,,0.36466423916870766,0.3646327500349405,0,,,ok,,0.0006220976616538504,2.2339527029989767,,,,,,,,,,,,,,,,,,,,,,,,1.0695169240000268,,0.5455974779999906,3.8220778439999776,,4.89159554999992,,1e-07,,80000,v1
1225,,,,,,,,,,,,,,,,,,,,,,,,,,,,,,,,,,,,,group_b,,,,,,group_b,,132,133,3.086278589189944e-08,,,nan,2,USGS_LPC_IL_Winnebago_2018_ground_elevation_regression_ntrain100000000,False,NVIDIA A100-SXM4-40GB,,,,,,,,2,1225,72,3,nan,,17.880798999280863,5.295603728552599e-07,,,5,352,0.0006035810817371716,0.21246054077148438,1e-05,,,True,[],,,,,,,,,,False,132.0,SE,0.1,1.5,1.0,nan,,3500,eigenpro_pcg_q64,35,133,132,25000000,100000000,3500,cufinufft,binned_c1,,,,,,,full_eigenpro,True,0.1,0,,0.36456359965606083,0.36453365835400864,0,,,ok,,0.0006412077293213285,0.08528062799973668,0.0001554220681913593,0.020515713001259428,,,[],,,,,,,,,,,,,,,,,0.21961590599994452,,0.5130931520000104,0.0003022920000148588,0.52312172500001,0.1904344229999424,,0.9234457729999122,,1e-07,64,80000,v3
1225,,,,,,,,,,,,,,,,,,,,,,,,,,,,,,,,,,,,,group_b,,,,,,group_b,,8,9,6.948075175111768e-08,,,nan,2,USGS_LPC_IL_Winnebago_2018_ground_elevation_regression_ntrain100000000,False,NVIDIA A100-SXM4-40GB,,,,,,,,2,1225,136,3,nan,,0.12315030883368824,3.6472376559279506e-09,,,5,672,0.0005970834209805444,0.4012400588989258,1e-05,,,True,[],,,,,,,,,,False,8.0,SE,0.1,1.5,1.0,nan,,3500,eigenpro_pcg_q128,35,9,8,25000000,100000000,3500,cufinufft,binned_c1,,,,,,,full_eigenpro,True,0.1,0,,0.3645633061117649,0.3645333594524283,0,,,ok,,0.0006366682221899586,0.005730013999709627,0.0001657834999946317,0.0013262679999570537,,,[],,,,,,,,,,,,,,,,,0.4114278540000669,,0.512446725000018,0.00028587899987542187,0.522774833000085,0.012556592999999339,,0.9367170509999596,,1e-07,128,80000,v3
1225,,,,,,,,,,,,,,,,,,,,,,,,,,,,,,,,,,,,,group_b,,,,,,group_b,,6,7,3.915590275124614e-08,,,nan,2,USGS_LPC_IL_Winnebago_2018_ground_elevation_regression_ntrain100000000,False,NVIDIA A100-SXM4-40GB,,,,,,,,2,1225,264,3,nan,,0.12359460061363906,3.6603958666170008e-09,,,5,1312,0.0005894079906184498,0.7733032836914062,1e-05,,,True,[],,,,,,,,,,False,6.0,SE,0.1,1.5,1.0,nan,,3500,eigenpro_pcg_q256,35,7,6,25000000,100000000,3500,cufinufft,binned_c1,,,,,,,full_eigenpro,True,0.1,0,,0.3645633135558546,0.3645333667030238,0,,,ok,,0.0006407724286613562,0.004485407000629493,0.00017248699998617667,0.00103492199991706,,,[],,,,,,,,,,,,,,,,,0.7913535190000403,,0.5125073030001204,0.00029093099988131144,0.5233874319999359,0.00978310400000737,,1.3139348570000493,,1e-07,256,80000,v3
1225,,,,,,,,,,,,,,,,,,,,,,,,,,,,,,,,,,,,,group_b,,,,,,group_b,,5,6,8.888805079932823e-08,,,nan,2,USGS_LPC_IL_Winnebago_2018_ground_elevation_regression_ntrain100000000,False,NVIDIA A100-SXM4-40GB,,,,,,,,2,1225,328,3,nan,,0.10587069689831391,3.1354821278469715e-09,,,5,1632,0.0005993192149143593,0.9780889587402344,1e-05,,,True,[],,,,,,,,,,False,5.0,SE,0.1,1.5,1.0,nan,,3500,eigenpro_pcg_q320,35,6,5,25000000,100000000,3500,cufinufft,binned_c1,,,,,,,full_eigenpro,True,0.1,0,,0.36456328316337117,0.3645333366611647,0,,,ok,,0.0006526711666007637,0.003916026999604583,0.00017957499999283756,0.0008978749999641877,,,[],,,,,,,,,,,,,,,,,0.9997461819998534,,0.5124023470000338,0.0003351490001932689,0.5257758019999983,0.008543321999923137,,1.5210270000000037,,1e-07,320,80000,v3
1225,,,,,,,,,,,,,,,,,,,,,,,,,,,,,,,,,,,,,group_b,,,,,,group_b,,4,5,3.827814963298571e-08,,,nan,2,USGS_LPC_IL_Winnebago_2018_ground_elevation_regression_ntrain100000000,False,NVIDIA A100-SXM4-40GB,,,,,,,,2,1225,392,3,nan,,0.09521014184217783,2.819757561647618e-09,,,5,1952,0.0005903354785481437,1.1523348541259766,1e-05,,,True,[],,,,,,,,,,False,4.0,SE,0.1,1.5,1.0,nan,,3500,eigenpro_pcg_q384,35,5,4,25000000,100000000,3500,cufinufft,binned_c1,,,,,,,full_eigenpro,True,0.1,0,,0.3645633990572294,0.3645334523899734,0,,,ok,,0.0006270758000027854,0.003135379000013927,0.00016958274994749445,0.0006783309997899778,,,[],,,,,,,,,,,,,,,,,1.1777012509999167,,0.5124202550000518,0.00028521700005512685,0.5214399570002115,0.006792083999926035,,1.6971988069999497,,1e-07,384,80000,v3
1225,,,,,,,,,,,,,,,,,,,,,,,,,,,,,,,,,,,,,group_b,,,,,,group_b,,4,5,3.289952901350508e-08,,,nan,2,USGS_LPC_IL_Winnebago_2018_ground_elevation_regression_ntrain100000000,False,NVIDIA A100-SXM4-40GB,,,,,,,,2,1225,456,3,nan,,0.0847975141478661,2.511375648654289e-09,,,5,2272,0.0005867384655374876,1.333069793701172,1e-05,,,True,[],,,,,,,,,,False,4.0,SE,0.1,1.5,1.0,nan,,3500,eigenpro_pcg_q448,35,5,4,25000000,100000000,3500,cufinufft,binned_c1,,,,,,,full_eigenpro,True,0.1,0,,0.3645634056634992,0.36453345920249974,0,,,ok,,0.0006407657999716321,0.0032038289998581604,0.00017563649998919573,0.0007025459999567829,,,[],,,,,,,,,,,,,,,,,1.3619885489999888,,0.5127144400000816,0.0003099439998095477,0.5190207789999022,0.006858324000177163,,1.881871257000057,,1e-07,448,80000,v3
1225,expanded_box,topk,512,,512,0,"[12, 12]","[25, 25]",625,topk,512,,512,80000,625,cheap,30,0.01,,,,,,,,,,,,,,,,,chol_solve,20000,group_b,50,diag,0.001,50,auto,group_b,auto,3500,3501,0.000567557934143663,6250000,,,2,USGS_LPC_IL_Winnebago_2018_ground_elevation_regression_ntrain100000000,False,NVIDIA A100-SXM4-40GB,cheap,0,0,0,0,0,0,2,1225,,,,,,,,,,,,,1e-05,chol_solve,99999999.99991828,True,,nan,0,50,diag,0.001,0,0,0,0,False,3500.0,SE,0.1,1.5,1.0,,0,3500,btab_auto_topk_512,35,3501,3501,25000000,100000000,3500,cufinufft,binned_c1,50,3500,0.000567557934143663,pcg,maxiter,3501,,True,0.1,0,82.93138065611586,0.3672307740531157,0.36718931223510365,0,0.1,exact,ok,,0.000630979713223995,2.2090599759972065,0.00048185732933467274,1.6869825100006892,2483.7653492276468,600,,,0.0005264519998036121,4.549656755332014e-05,0.15928348300417383,4.273315310028263e-05,0.14960876900408948,0.0002926161162515867,1.024449022996805,0.010407385999997132,0.008832658000073934,-0.010407385999997132,0.0,0.0013513499998225598,5.763073778993012e-05,0.20176521300254535,,,0.00014936499997020292,0.5125027419999242,0.011812880999968911,0.5397656309999093,6.093915814000184,0.00022337800010063802,6.606418556000108,6.606567921000078,1e-07,,80000,v6_btab
1225,expanded_box,topk,1024,,1024,0,"[17, 17]","[35, 35]",1225,topk,1024,,1024,80000,1225,cheap,30,0.01,,,,,,,,,,,,,,,,,chol_solve,20000,group_b,50,diag,0.001,50,auto,group_b,auto,3500,3501,0.0005163384646291759,24010000,,,2,USGS_LPC_IL_Winnebago_2018_ground_elevation_regression_ntrain100000000,False,NVIDIA A100-SXM4-40GB,cheap,0,0,0,0,0,0,2,1225,,,,,,,,,,,,,1e-05,chol_solve,99999999.99991828,True,,nan,0,50,diag,0.001,0,0,0,0,False,3500.0,SE,0.1,1.5,1.0,,0,3500,btab_auto_topk_1024,35,3501,3501,25000000,100000000,3500,cufinufft,binned_c1,50,3500,0.0005163384646291759,pcg,maxiter,3501,,True,0.1,0,0.0,0.3672324152009037,0.367190950797827,0,0.1,exact,ok,,0.0006301724715804715,2.206233823003231,0.0006833640128520829,2.392457408995142,0.0,0,,,0.0005568290000610432,1.6647086546857966e-05,0.05828145000054974,4.0659366183160046e-05,0.1423484410072433,0.0005264008986032069,1.8429295460098274,0.03735983999990822,0.034249568999939584,-0.03735983999990822,0.0,0.00267089599992687,5.67640542694896e-05,0.19873095399748308,,,5.0343999873803114e-05,0.5130561260000377,0.038682802000039374,0.5416276720000042,6.913821968999855,0.000439375000041764,7.426878094999893,7.4269284389997665,1e-07,,80000,v6_btab
1225,expanded_box,topk,256,,256,0,"[9, 9]","[19, 19]",361,topk,256,,256,80000,361,cheap,30,0.01,,cupy,3.982405685338211e-12,2.9867950532188835e-14,320,162,162,,162,64,361,864,370688,356.92158343537113,3569.215834353711,0.001,boxeig,20000,group_b,50,diag,0.001,50,auto,group_b,boxeig,1923,1924,9.849191603168318e-08,0,,,2,USGS_LPC_IL_Winnebago_2018_ground_elevation_regression_ntrain100000000,False,NVIDIA A100-SXM4-40GB,cheap,64,0,64,64,0,0,2,1225,,,,,,,3.982405685338211e-12,2.9867950532188835e-14,,,,,1e-05,boxeig,99999999.99991828,True,,nan,0,0,,nan,0,0,0,0,False,1923.0,SE,0.1,1.5,1.0,,21904,3500,btab_boxeig_topk_256_q64,35,1924,1923,25000000,100000000,3500,cufinufft,binned_c1,50,1923,9.849191603168318e-08,pcg,converged,1923,,True,0.1,0,13996.561273600688,0.36456331816599136,0.36453337117951884,0,0.1,boxeig,ok,,0.0006367232806638572,1.2250555919972612,0.0004269776911061189,0.8210780999970666,456665.3112637927,864,,3569.215834353711,0.00048370700005762046,4.5250830471932944e-05,0.08701734699752706,3.922656318107639e-05,0.0754326809972099,0.00024383045085939287,0.4688859570026125,0.12624832200003766,0.0,0.0,0.0009620870000617288,0.0,5.704404576571923e-05,0.10969570000747808,0.12528623499997593,,0.026380971999969915,0.5122954710000158,0.12715474800006632,0.5485318210000969,3.3864448749998246,0.0,3.8987403459998404,3.9251213179998103,1e-07,,80000,v7_btab_boxeig
1225,expanded_box,topk,512,,512,0,"[12, 12]","[25, 25]",625,topk,512,,512,80000,625,cheap,30,0.01,,cupy,3.2732368289432705e-09,1.7961546075701877e-12,640,290,290,,290,128,625,600,1282048,0.2669294937559743,2.669294937559743,0.001,boxeig,20000,group_b,50,diag,0.001,50,auto,group_b,boxeig,204,205,9.533469373240404e-08,0,,,2,USGS_LPC_IL_Winnebago_2018_ground_elevation_regression_ntrain100000000,False,NVIDIA A100-SXM4-40GB,cheap,128,0,128,128,0,0,2,1225,,,,,,,3.2732368289432705e-09,1.7961546075701877e-12,,,,,1e-05,boxeig,99999999.99991828,True,,nan,0,0,,nan,0,0,0,0,False,204.0,SE,0.1,1.5,1.0,,38416,3500,btab_boxeig_topk_512_q128,35,205,204,25000000,100000000,3500,cufinufft,binned_c1,50,204,9.533469373240404e-08,pcg,converged,204,,True,0.1,0,82.93138065611586,0.3645633641062209,0.36453341726100785,0,0.1,boxeig,ok,,0.0006685788536642799,0.13705866500117736,0.0004482313186234059,0.0914391889991748,2483.7653492276468,600,,2.669294937559743,0.0004801430000043183,4.743537254523521e-05,0.009676815999227983,4.17634411813678e-05,0.008519742000999031,0.0002550603578338625,0.052032312998107955,0.47783838999998807,0.0,0.0,0.000975024000126723,0.0,5.91564852891893e-05,0.012067922998994618,0.47686336599986134,,0.052892647999897235,0.5128207370000837,0.4787852029999158,0.5241967199999635,0.8424114869999357,0.0,1.3552322240000194,1.4081248719999166,1e-07,,80000,v7_btab_boxeig
1225,expanded_box,topk,768,,768,0,"[15, 15]","[31, 31]",961,topk,768,,768,80000,961,cheap,30,0.01,,cupy,6.435703995059858e-09,1.2321469177605225e-12,640,290,290,,290,128,961,264,1970176,0.32878426374372915,3.2878426374372913,0.001,boxeig,20000,group_b,50,diag,0.001,50,auto,group_b,boxeig,14,15,7.39092070567748e-08,0,,,2,USGS_LPC_IL_Winnebago_2018_ground_elevation_regression_ntrain100000000,False,NVIDIA A100-SXM4-40GB,cheap,128,0,128,128,0,0,2,1225,,,,,,,6.435703995059858e-09,1.2321469177605225e-12,,,,,1e-05,boxeig,99999999.99991828,True,,nan,0,0,,nan,0,0,0,0,False,14.0,SE,0.1,1.5,1.0,,59536,3500,btab_boxeig_topk_768_q128,35,15,14,25000000,100000000,3500,cufinufft,binned_c1,50,14,7.39092070567748e-08,pcg,converged,14,,True,0.1,0,0.12893802652334319,0.3645633460580676,0.3645333992074586,0,0.1,boxeig,ok,,0.0007516203999784921,0.011274305999677381,0.00048366735718121035,0.006771343000536945,3.64161691078559,264,,3.2878426374372913,0.000519327000120029,5.129400001026495e-05,0.0007181160001437092,4.284578570994719e-05,0.0005998409999392607,0.0002765344999845963,0.003871482999784348,0.23175500299976193,0.0,0.0,0.0009716899999148154,0.0,6.401049997098848e-05,0.0008961469995938387,0.2307833129998471,,0.050947157000109655,0.5129551060001631,0.23269607600013842,0.5227638130002106,0.26223978299981354,0.0,0.7751948889999767,0.8261420460000863,1e-07,,80000,v7_btab_boxeig
1225,,,,,,,,,,,,,,,,,,,,,,,,,,,,,,,,,,,,,group_b,,,,,,group_b,,1031,1032,6.990092814958539e-08,,,,2,USGS_LPC_IL_Winnebago_2018_ground_elevation_regression_ntrain3000000,False,NVIDIA A100-SXM4-40GB,,,,,,,,2,1225,,,,,,,,,0,0,,,1e-05,,,True,,,,,,,,,,,False,1031.0,SE,0.1,1.5,1.0,,,80000,plain_cg,35,1032,,750000,3000000,3500,cufinufft,cufinufft,,,,,,,,True,0.1,0,,0.3897550305465897,0.3896660898593627,0,,,ok,,0.0006227914050399238,0.6427207300012014,,,,,,,,,,,,,,,,,,,,,,,,0.0464838929999587,,0.018674132000114696,1.1000915349998195,,1.1465761099998417,,1e-07,,80000,v1
1225,,,,,,,,,,,,,,,,,,,,,,,,,,,,,,,,,,,,,group_b,,,,,,group_b,,36,37,9.128435302195182e-08,,,nan,2,USGS_LPC_IL_Winnebago_2018_ground_elevation_regression_ntrain3000000,False,NVIDIA A100-SXM4-40GB,,,,,,,,2,1225,72,3,nan,,0.5611236685814878,5.539347226354675e-07,,,5,352,0.0006029643687334927,0.21224345779418946,1e-05,,,True,[],,,,,,,,,,False,36.0,SE,0.1,1.5,1.0,nan,,3500,eigenpro_pcg_q64,35,37,36,750000,3000000,3500,cufinufft,binned_c1,,,,,,,full_eigenpro,True,0.1,0,,0.3896628986943515,0.3895710627181699,0,,,ok,,0.0006396863513686725,0.023668395000640885,0.00016126480555713997,0.005805533000057039,,,[],,,,,,,,,,,,,,,,,0.22052038399988305,,0.032245363000129146,0.000327118000086557,0.018741949999821372,0.052992824000057226,,0.306085689000156,,1e-07,64,80000,v3
1225,,,,,,,,,,,,,,,,,,,,,,,,,,,,,,,,,,,,,group_b,,,,,,group_b,,5,6,4.632429791078752e-08,,,nan,2,USGS_LPC_IL_Winnebago_2018_ground_elevation_regression_ntrain3000000,False,NVIDIA A100-SXM4-40GB,,,,,,,,2,1225,136,3,nan,,0.1682146228787427,1.6605950815100219e-07,,,5,672,0.0005945919922419957,0.3995658187866211,1e-05,,,True,[],,,,,,,,,,False,5.0,SE,0.1,1.5,1.0,nan,,3500,eigenpro_pcg_q128,35,6,5,750000,3000000,3500,cufinufft,binned_c1,,,,,,,full_eigenpro,True,0.1,0,,0.38966282441728417,0.38957094401913395,0,,,ok,,0.0006533396666554836,0.003920037999932902,0.00017635160002100748,0.0008817580001050374,,,[],,,,,,,,,,,,,,,,,0.4120524630000091,,0.03291168300006575,0.00029469199989762274,0.018719242000088343,0.008438932999979443,,0.4536977709999519,,1e-07,128,80000,v3
1225,,,,,,,,,,,,,,,,,,,,,,,,,,,,,,,,,,,,,group_b,,,,,,group_b,,6,7,2.282794148232337e-08,,,nan,2,USGS_LPC_IL_Winnebago_2018_ground_elevation_regression_ntrain3000000,False,NVIDIA A100-SXM4-40GB,,,,,,,,2,1225,264,3,nan,,0.10878411495624091,1.0739040587027349e-07,,,5,1312,0.0005928436953847001,0.7778109283447265,1e-05,,,True,[],,,,,,,,,,False,6.0,SE,0.1,1.5,1.0,nan,,3500,eigenpro_pcg_q256,35,7,6,750000,3000000,3500,cufinufft,binned_c1,,,,,,,full_eigenpro,True,0.1,0,,0.3896628245546366,0.3895709509756116,0,,,ok,,0.0006405468571171825,0.004483827999820278,0.0001740670000648,0.0010444020003888,,,[],,,,,,,,,,,,,,,,,0.8003318490000311,,0.03241789999992761,0.00032040499991126126,0.018706247000181975,0.00976923899997928,,0.8428393929998492,,1e-07,256,80000,v3
1225,,,,,,,,,,,,,,,,,,,,,,,,,,,,,,,,,,,,,group_b,,,,,,group_b,,4,5,3.5466694999931855e-08,,,nan,2,USGS_LPC_IL_Winnebago_2018_ground_elevation_regression_ntrain3000000,False,NVIDIA A100-SXM4-40GB,,,,,,,,2,1225,328,3,nan,,0.09547926769554636,9.42560162772154e-08,,,5,1632,0.0005899570034999474,0.9628098297119141,1e-05,,,True,[],,,,,,,,,,False,4.0,SE,0.1,1.5,1.0,nan,,3500,eigenpro_pcg_q320,35,5,4,750000,3000000,3500,cufinufft,binned_c1,,,,,,,full_eigenpro,True,0.1,0,,0.389662829560256,0.3895709575218183,0,,,ok,,0.0006356234000122641,0.00317811700006132,0.00016969924996601549,0.0006787969998640619,,,[],,,,,,,,,,,,,,,,,0.9900863100001516,,0.03254744099990603,0.00028196799985380494,0.018624245999944833,0.006806607000044096,,1.0297223259999555,,1e-07,320,80000,v3
1225,,,,,,,,,,,,,,,,,,,,,,,,,,,,,,,,,,,,,group_b,,,,,,group_b,,4,5,7.96715512630965e-08,,,nan,2,USGS_LPC_IL_Winnebago_2018_ground_elevation_regression_ntrain3000000,False,NVIDIA A100-SXM4-40GB,,,,,,,,2,1225,392,3,nan,,0.0868635281938848,8.575065901682086e-08,,,5,1952,0.0005876427634817655,1.1470786743164063,1e-05,,,True,[],,,,,,,,,,False,4.0,SE,0.1,1.5,1.0,nan,,3500,eigenpro_pcg_q384,35,5,4,750000,3000000,3500,cufinufft,binned_c1,,,,,,,full_eigenpro,True,0.1,0,,0.38966276349971896,0.3895708951965192,0,,,ok,,0.0006636860000071465,0.0033184300000357325,0.00018845574999204473,0.0007538229999681789,,,[],,,,,,,,,,,,,,,,,1.1791594179999265,,0.03296770499991908,0.00033124500009762414,0.018860114000062822,0.007108974999937345,,1.2195673429998806,,1e-07,384,80000,v3
1225,,,,,,,,,,,,,,,,,,,,,,,,,,,,,,,,,,,,,group_b,,,,,,group_b,,4,5,6.774521460818768e-08,,,nan,2,USGS_LPC_IL_Winnebago_2018_ground_elevation_regression_ntrain3000000,False,NVIDIA A100-SXM4-40GB,,,,,,,,2,1225,456,3,nan,,0.07869035472603542,7.768219776845126e-08,,,5,2272,0.0005836732353962643,1.3261055908203125,1e-05,,,True,[],,,,,,,,,,False,4.0,SE,0.1,1.5,1.0,nan,,3500,eigenpro_pcg_q448,35,5,4,750000,3000000,3500,cufinufft,binned_c1,,,,,,,full_eigenpro,True,0.1,0,,0.3896627878323812,0.38957091671255534,0,,,ok,,0.0006226981999589043,0.0031134909997945215,0.00017726299995501904,0.0007090519998200762,,,[],,,,,,,,,,,,,,,,,1.3625212709998777,,0.03293322900003659,0.0003073560001212172,0.018546903000014936,0.0067758359998606466,,1.4025376919998962,,1e-07,448,80000,v3
1225,expanded_box,topk,512,,512,0,"[12, 12]","[25, 25]",625,topk,512,,512,80000,625,cheap,30,0.01,,,,,,,,,,,,,,,,,chol_solve,20000,group_b,50,diag,0.001,50,auto,group_b,auto,3500,3501,0.0003649831070455531,6250000,,,2,USGS_LPC_IL_Winnebago_2018_ground_elevation_regression_ntrain3000000,False,NVIDIA A100-SXM4-40GB,cheap,0,0,0,0,0,0,2,1225,,,,,,,,,,,,,1e-05,chol_solve,2999999.9999975446,True,,nan,0,50,diag,0.001,0,0,0,0,False,3500.0,SE,0.1,1.5,1.0,,0,3500,btab_auto_topk_512,35,3501,3501,750000,3000000,3500,cufinufft,binned_c1,50,3500,0.0003649831070455531,pcg,maxiter,3501,,True,0.1,0,2.4879414196834726,0.38987731779648493,0.3897824558210499,0,0.1,exact,ok,,0.0006219690225671186,2.1775135480074823,0.0004915406926604048,1.7208839650040773,74.5129604768293,600,,,0.0005317640000157553,4.489890831024979e-05,0.15719107799418452,4.255000428553522e-05,0.14896756500365882,0.00030440266609590034,1.065713734001747,0.010739286999978503,0.008805614999801037,-0.010739286999978503,0.0,0.0017097390000344603,5.6938728075864236e-05,0.1993424869936007,,,8.881299982022028e-05,0.0325770829999783,0.012100791999955618,0.018553455000073882,6.071355005999976,0.0002239330001430062,6.103932088999954,6.104020901999775,1e-07,,80000,v6_btab
1225,expanded_box,topk,1024,,1024,0,"[17, 17]","[35, 35]",1225,topk,1024,,1024,80000,1225,cheap,30,0.01,,,,,,,,,,,,,,,,,chol_solve,20000,group_b,50,diag,0.001,50,auto,group_b,auto,3500,3501,0.00024618335382289446,24010000,,,2,USGS_LPC_IL_Winnebago_2018_ground_elevation_regression_ntrain3000000,False,NVIDIA A100-SXM4-40GB,cheap,0,0,0,0,0,0,2,1225,,,,,,,,,,,,,1e-05,chol_solve,2999999.999997545,True,,nan,0,50,diag,0.001,0,0,0,0,False,3500.0,SE,0.1,1.5,1.0,,0,3500,btab_auto_topk_1024,35,3501,3501,750000,3000000,3500,cufinufft,binned_c1,50,3500,0.00024618335382289446,pcg,maxiter,3501,,True,0.1,0,0.0,0.38989957556607424,0.3898048575604768,0,0.1,exact,ok,,0.0006321211648107698,2.213056198002505,0.0006855285952604489,2.400035612006832,0.0,0,,,0.0005429860002550413,1.6938371609924303e-05,0.059301239006344986,3.916020222662175e-05,0.13709986799540275,0.0005290325135654876,1.852142829992772,0.03773717800004306,0.033906115000263526,-0.03773717800004306,0.0,0.0033911289997377025,5.7956979152293126e-05,0.20290738401217823,,,2.782199999273871e-05,0.032381055999849195,0.0390964600001098,0.018552248999640142,6.905773259000398,0.0004399340000418306,6.938154315000247,6.93818213700024,1e-07,,80000,v6_btab
1225,expanded_box,topk,256,,256,0,"[9, 9]","[19, 19]",361,topk,256,,256,80000,361,cheap,30,0.01,,cupy,2.4626092675740827e-12,3.8834003096941143e-14,320,162,162,,162,64,361,864,370688,10.815328257859326,108.15328257859325,0.001,boxeig,20000,group_b,50,diag,0.001,50,auto,group_b,boxeig,432,433,9.909163245194932e-08,0,,,2,USGS_LPC_IL_Winnebago_2018_ground_elevation_regression_ntrain3000000,False,NVIDIA A100-SXM4-40GB,cheap,64,0,64,64,0,0,2,1225,,,,,,,2.4626092675740827e-12,3.8834003096941143e-14,,,,,1e-05,boxeig,2999999.999997545,True,,nan,0,0,,nan,0,0,0,0,False,432.0,SE,0.1,1.5,1.0,,21904,3500,btab_boxeig_topk_256_q64,35,433,432,750000,3000000,3500,cufinufft,binned_c1,50,432,9.909163245194932e-08,pcg,converged,432,,True,0.1,0,419.8968382080202,0.38966282182832945,0.3895709492974008,0,0.1,boxeig,ok,,0.0006353025658229771,0.2750860110013491,0.0004277944004513756,0.18480718099499427,13699.95933791376,864,,108.15328257859325,0.0004619720002665417,4.5686696766880334e-05,0.019736653003292304,3.980025693892828e-05,0.017193710997617018,0.0002430514120314237,0.10499820999757503,0.12266393699974287,0.0,0.0,0.0009763469997778884,0.0,5.7587377310878934e-05,0.0248777469982997,0.12168758999996498,,0.02536638999981733,0.032686335999642324,0.1235364640001535,0.018513944000005722,0.8547560110000632,0.0,0.8874423469997055,0.9128087369995228,1e-07,,80000,v7_btab_boxeig
1225,expanded_box,topk,512,,512,0,"[12, 12]","[25, 25]",625,topk,512,,512,80000,625,cheap,30,0.01,,cupy,2.502398225135775e-10,1.6592478801473414e-12,640,290,290,,290,128,625,600,1282048,0.10498059298302403,1.0498059298302402,0.001,boxeig,20000,group_b,50,diag,0.001,50,auto,group_b,boxeig,37,38,6.980494464220645e-08,0,,,2,USGS_LPC_IL_Winnebago_2018_ground_elevation_regression_ntrain3000000,False,NVIDIA A100-SXM4-40GB,cheap,128,0,128,128,0,0,2,1225,,,,,,,2.502398225135775e-10,1.6592478801473414e-12,,,,,1e-05,boxeig,2999999.9999975446,True,,nan,0,0,,nan,0,0,0,0,False,37.0,SE,0.1,1.5,1.0,,38416,3500,btab_boxeig_topk_512_q128,35,38,37,750000,3000000,3500,cufinufft,binned_c1,50,37,6.980494464220645e-08,pcg,converged,37,,True,0.1,0,2.4879414196834726,0.3896628298752292,0.38957095615837056,0,0.1,boxeig,ok,,0.0007479136315252713,0.02842071799796031,0.0004940517297359907,0.018279914000231656,74.5129604768293,600,,1.0498059298302402,0.00047866300019450136,5.247972972397661e-05,0.0019417499997871346,4.5257054082597007e-05,0.0016745110010560893,0.0002802532702770731,0.010369371000251704,0.22796750699944823,0.0,0.0,0.0009504239997113473,0.0,6.632805400078871e-05,0.002454137998029182,0.22701708299973689,,0.05456805900030304,0.03280782000001636,0.22889686000007714,0.0188272790001065,0.30325655499973436,0.0,0.3360643749997507,0.39063243400005376,1e-07,,80000,v7_btab_boxeig
1225,expanded_box,topk,768,,768,0,"[15, 15]","[31, 31]",961,topk,768,,768,80000,961,cheap,30,0.01,,cupy,1.7741508156958334e-09,2.7359138436529652e-12,640,290,290,,290,128,961,264,1970176,0.10684933963897966,1.0684933963897965,0.001,boxeig,20000,group_b,50,diag,0.001,50,auto,group_b,boxeig,5,6,2.5928632801731463e-08,0,,,2,USGS_LPC_IL_Winnebago_2018_ground_elevation_regression_ntrain3000000,False,NVIDIA A100-SXM4-40GB,cheap,128,0,128,128,0,0,2,1225,,,,,,,1.7741508156958334e-09,2.7359138436529652e-12,,,,,1e-05,boxeig,2999999.999997545,True,,nan,0,0,,nan,0,0,0,0,False,5.0,SE,0.1,1.5,1.0,,59536,3500,btab_boxeig_topk_768_q128,35,6,5,750000,3000000,3500,cufinufft,binned_c1,50,5,2.5928632801731463e-08,pcg,converged,5,,True,0.1,0,0.003868140795700291,0.389662837394802,0.38957096318291,0,0.1,boxeig,ok,,0.0007618235000184844,0.004570941000110906,0.00048543459988650286,0.002427172999432514,0.10924850732356758,264,,1.0684933963897965,0.0005016149998482433,5.094640009701834e-05,0.0002547320004850917,4.3589999859250386e-05,0.00021794999929625192,0.00027719019999494776,0.0013859509999747388,0.2289615380000214,0.0,0.0,0.0009416460002285021,0.0,6.439499993575737e-05,0.00032197499967878684,0.2280198919997929,,0.06021750099989731,0.03272932399977435,0.22990459899983762,0.018534893999913038,0.24133861200016327,0.0,0.2740679359999376,0.33428543699983493,1e-07,,80000,v7_btab_boxeig
1225,,,,,,,,,,,,,,,,,,,,,,,,,,,,,,,,,,,,,group_b,,,,,,group_b,,706,707,8.90383426391602e-08,,,,2,USGS_LPC_IL_Winnebago_2018_ground_elevation_regression_ntrain1000000,False,NVIDIA A100-SXM4-40GB,,,,,,,,2,1225,,,,,,,,,0,0,,,1e-05,,,True,,,,,,,,,,,False,706.0,SE,0.1,1.5,1.0,,,80000,plain_cg,35,707,,250000,1000000,3500,cufinufft,cufinufft,,,,,,,,True,0.1,0,,0.39531751468055,0.39577540952355184,0,,,ok,,0.0006146395728704885,0.4345501780194354,,,,,,,,,,,,,,,,,,,,,,,,0.0197750460001771,,0.008992692999981955,0.74299130899999,,0.7627670120000403,,1e-07,,80000,v1
1225,,,,,,,,,,,,,,,,,,,,,,,,,,,,,,,,,,,,,group_b,,,,,,group_b,,27,28,1.5430862279248935e-08,,,nan,2,USGS_LPC_IL_Winnebago_2018_ground_elevation_regression_ntrain1000000,False,NVIDIA A100-SXM4-40GB,,,,,,,,2,1225,72,3,nan,,0.20429081457154644,6.0501167214742e-07,,,5,352,0.0005898356437683106,0.20762214660644532,1e-05,,,True,[],,,,,,,,,,False,27.0,SE,0.1,1.5,1.0,nan,,3500,eigenpro_pcg_q64,35,28,27,250000,1000000,3500,cufinufft,binned_c1,,,,,,,full_eigenpro,True,0.1,0,,0.3951969462566693,0.39565028899097004,0,,,ok,,0.0006278077857392159,0.017578618000698043,0.00015532970374570814,0.00419390200113412,,,[],,,,,,,,,,,,,,,,,0.215689348000069,,0.020379467999646295,0.0003055330003007839,0.008972439999979542,0.039229491999776656,,0.27560384099979274,,1e-07,64,80000,v3
1225,,,,,,,,,,,,,,,,,,,,,,,,,,,,,,,,,,,,,group_b,,,,,,group_b,,7,8,7.80285965820356e-08,,,nan,2,USGS_LPC_IL_Winnebago_2018_ground_elevation_regression_ntrain1000000,False,NVIDIA A100-SXM4-40GB,,,,,,,,2,1225,136,3,nan,,0.16757177710437715,4.962674470953993e-07,,,5,672,0.0005853561900910877,0.39335935974121095,1e-05,,,True,[],,,,,,,,,,False,7.0,SE,0.1,1.5,1.0,nan,,3500,eigenpro_pcg_q128,35,8,7,250000,1000000,3500,cufinufft,binned_c1,,,,,,,full_eigenpro,True,0.1,0,,0.3951968916849645,0.3956502474009895,0,,,ok,,0.0006314696249205554,0.005051756999364443,0.0001673731428906779,0.0011716120002347452,,,[],,,,,,,,,,,,,,,,,0.4058325649998551,,0.020026514000164752,0.0002894930003094487,0.008968272999936744,0.011056502999963413,,0.4372050750002927,,1e-07,128,80000,v3
1225,,,,,,,,,,,,,,,,,,,,,,,,,,,,,,,,,,,,,group_b,,,,,,group_b,,5,6,8.351110243784635e-08,,,nan,2,USGS_LPC_IL_Winnebago_2018_ground_elevation_regression_ntrain1000000,False,NVIDIA A100-SXM4-40GB,,,,,,,,2,1225,264,3,nan,,0.10869226443275605,3.2189449512810567e-07,,,5,1312,0.0005854688737450577,0.7681351623535156,1e-05,,,True,[],,,,,,,,,,False,5.0,SE,0.1,1.5,1.0,nan,,3500,eigenpro_pcg_q256,35,6,5,250000,1000000,3500,cufinufft,binned_c1,,,,,,,full_eigenpro,True,0.1,0,,0.39519688527870045,0.3956502422443704,0,,,ok,,0.0006321506666608911,0.003792903999965347,0.0001741656000376679,0.0008708280001883395,,,[],,,,,,,,,,,,,,,,,0.7906121470000471,,0.01952228499976627,0.00031531700005871244,0.009038165000220033,0.008227557999816781,,0.8186773069996889,,1e-07,256,80000,v3
1225,,,,,,,,,,,,,,,,,,,,,,,,,,,,,,,,,,,,,group_b,,,,,,group_b,,4,5,3.306141953405273e-08,,,nan,2,USGS_LPC_IL_Winnebago_2018_ground_elevation_regression_ntrain1000000,False,NVIDIA A100-SXM4-40GB,,,,,,,,2,1225,328,3,nan,,0.0963529243549751,2.853512722467915e-07,,,5,1632,0.0005956410987704408,0.9720862731933594,1e-05,,,True,[],,,,,,,,,,False,4.0,SE,0.1,1.5,1.0,nan,,3500,eigenpro_pcg_q320,35,5,4,250000,1000000,3500,cufinufft,binned_c1,,,,,,,full_eigenpro,True,0.1,0,,0.39519700570215044,0.395650346768549,0,,,ok,,0.0006523145998471591,0.0032615729992357956,0.0001748482499124293,0.0006993929996497172,,,[],,,,,,,,,,,,,,,,,0.9992392020003535,,0.01943936699990445,0.00029487199981304,0.009194503999879089,0.0070376510002461146,,1.0260110920003171,,1e-07,320,80000,v3
1225,,,,,,,,,,,,,,,,,,,,,,,,,,,,,,,,,,,,,group_b,,,,,,group_b,,4,5,3.291418046029733e-08,,,nan,2,USGS_LPC_IL_Winnebago_2018_ground_elevation_regression_ntrain1000000,False,NVIDIA A100-SXM4-40GB,,,,,,,,2,1225,392,3,nan,,0.08699763300490888,2.5764537430002117e-07,,,5,1952,0.0005987698367384614,1.1687987213134765,1e-05,,,True,[],,,,,,,,,,False,4.0,SE,0.1,1.5,1.0,nan,,3500,eigenpro_pcg_q384,35,5,4,250000,1000000,3500,cufinufft,binned_c1,,,,,,,full_eigenpro,True,0.1,0,,0.3951969701363155,0.39565032847226855,0,,,ok,,0.0006487859999651846,0.003243929999825923,0.00017955999987862015,0.0007182399995144806,,,[],,,,,,,,,,,,,,,,,1.2008132429996294,,0.019531238000126905,0.00029521300029955455,0.009226101999956882,0.007020738999926834,,1.2276604329999827,,1e-07,384,80000,v3
1225,,,,,,,,,,,,,,,,,,,,,,,,,,,,,,,,,,,,,group_b,,,,,,group_b,,4,5,5.308980042376515e-08,,,nan,2,USGS_LPC_IL_Winnebago_2018_ground_elevation_regression_ntrain1000000,False,NVIDIA A100-SXM4-40GB,,,,,,,,2,1225,456,3,nan,,0.07765636758515301,2.2998101444979233e-07,,,5,2272,0.0006040612878933759,1.37242724609375,1e-05,,,True,[],,,,,,,,,,False,4.0,SE,0.1,1.5,1.0,nan,,3500,eigenpro_pcg_q448,35,5,4,250000,1000000,3500,cufinufft,binned_c1,,,,,,,full_eigenpro,True,0.1,0,,0.3951969250387453,0.3956502855645029,0,,,ok,,0.000645052399886481,0.003225261999432405,0.00018488750004053145,0.0007395500001621258,,,[],,,,,,,,,,,,,,,,,1.408900862000337,,0.019877790000009554,0.0002952079998976842,0.009235130000433855,0.007021450999673107,,1.4360953109999173,,1e-07,448,80000,v3
1225,expanded_box,topk,512,,512,0,"[12, 12]","[25, 25]",625,topk,512,,512,80000,625,cheap,30,0.01,,,,,,,,,,,,,,,,,chol_solve,20000,group_b,50,diag,0.001,50,auto,group_b,auto,3500,3501,0.00015390000182458202,6250000,,,2,USGS_LPC_IL_Winnebago_2018_ground_elevation_regression_ntrain1000000,False,NVIDIA A100-SXM4-40GB,cheap,0,0,0,0,0,0,2,1225,,,,,,,,,,,,,1e-05,chol_solve,999999.9999991711,True,,nan,0,50,diag,0.001,0,0,0,0,False,3500.0,SE,0.1,1.5,1.0,,0,3500,btab_auto_topk_512,35,3501,3501,250000,1000000,3500,cufinufft,binned_c1,50,3500,0.00015390000182458202,pcg,maxiter,3501,,True,0.1,0,0.829195548393433,0.39512786769615893,0.3955882999071274,0,0.1,exact,ok,,0.0006243730768275153,2.185930141973131,0.0004981766092559901,1.7441163090052214,24.83386656410284,600,,,0.0005059350000919949,4.536754070639023e-05,0.1588317600130722,4.323671093635148e-05,0.15137172498816653,0.00030977907340489495,1.0845365359905372,0.01069614600010027,0.008752365999953327,-0.01069614600010027,0.0,0.0017175299999507843,5.673459811628136e-05,0.19862782800510104,,,7.78569997237355e-05,0.01971255199987354,0.012052569999923435,0.009243202000106976,6.111431585999981,0.00022625000019615982,6.131144137999854,6.131221994999578,1e-07,,80000,v6_btab
1225,expanded_box,topk,1024,,1024,0,"[17, 17]","[35, 35]",1225,topk,1024,,1024,80000,1225,cheap,30,0.01,,,,,,,,,,,,,,,,,chol_solve,20000,group_b,50,diag,0.001,50,auto,group_b,auto,3500,3501,7.695530403407332e-05,24010000,,,2,USGS_LPC_IL_Winnebago_2018_ground_elevation_regression_ntrain1000000,False,NVIDIA A100-SXM4-40GB,cheap,0,0,0,0,0,0,2,1225,,,,,,,,,,,,,1e-05,chol_solve,999999.9999991711,True,,nan,0,50,diag,0.001,0,0,0,0,False,3500.0,SE,0.1,1.5,1.0,,0,3500,btab_auto_topk_1024,35,3501,3501,250000,1000000,3500,cufinufft,binned_c1,50,3500,7.695530403407332e-05,pcg,maxiter,3501,,True,0.1,0,0.0,0.3951614995153331,0.3956181763460168,0,0.1,exact,ok,,0.0006259005167069516,2.191277708991038,0.0007020036315313363,2.4577147139912086,0.0,0,,,0.0005437029999484366,1.6724627824581448e-05,0.05855292201385964,3.9956147674932194e-05,0.13988647300993762,0.000545505534987768,1.9098148779921758,0.03792425500023455,0.03410313600033987,-0.03792425500023455,0.0,0.0033877639998536324,5.730609340778125e-05,0.20062863302064216,,,2.790000007735216e-05,0.01983871900029044,0.03923110799996721,0.009250749999864638,6.930852088999927,0.0004333550000410469,6.950690808000218,6.950718708000295,1e-07,,80000,v6_btab
1225,expanded_box,topk,256,,256,0,"[9, 9]","[19, 19]",361,topk,256,,256,80000,361,cheap,30,0.01,,cupy,7.534763101505419e-12,4.246285754160837e-14,320,162,162,,162,64,361,864,370688,3.6693734823522313,36.69373482352231,0.001,boxeig,20000,group_b,50,diag,0.001,50,auto,group_b,boxeig,264,265,9.623382777527795e-08,0,,,2,USGS_LPC_IL_Winnebago_2018_ground_elevation_regression_ntrain1000000,False,NVIDIA A100-SXM4-40GB,cheap,64,0,64,64,0,0,2,1225,,,,,,,7.534763101505419e-12,4.246285754160837e-14,,,,,1e-05,boxeig,999999.9999991711,True,,nan,0,0,,nan,0,0,0,0,False,264.0,SE,0.1,1.5,1.0,,21904,3500,btab_boxeig_topk_256_q64,35,265,264,250000,1000000,3500,cufinufft,binned_c1,50,264,9.623382777527795e-08,pcg,converged,264,,True,0.1,0,139.9545073033638,0.39519694625126545,0.3956503065178708,0,0.1,boxeig,ok,,0.0006732265735853668,0.1784050420001222,0.00045093914774373513,0.11904793500434607,4566.240710524331,864,,36.69373482352231,0.0004425269999046577,4.797956058906273e-05,0.01266660399551256,4.157125381494332e-05,0.010974811007145036,0.0002570151136407014,0.06785199000114517,0.13150225199979104,0.0,0.0,0.000968477999776951,0.0,6.051912502395377e-05,0.015977049006323796,0.1305337740000141,,0.027600629000062327,0.019459663999896293,0.13237717299989527,0.009314988999904017,0.6059928459999355,0.0,0.6254525099998318,0.6530531389998941,1e-07,,80000,v7_btab_boxeig
1225,expanded_box,topk,512,,512,0,"[12, 12]","[25, 25]",625,topk,512,,512,80000,625,cheap,30,0.01,,cupy,1.4257470154281985e-10,3.4761808786833573e-12,640,290,290,,290,128,625,600,1282048,0.10166045956624896,1.0166045956624896,0.001,boxeig,20000,group_b,50,diag,0.001,50,auto,group_b,boxeig,25,26,6.92516058844005e-08,0,,,2,USGS_LPC_IL_Winnebago_2018_ground_elevation_regression_ntrain1000000,False,NVIDIA A100-SXM4-40GB,cheap,128,0,128,128,0,0,2,1225,,,,,,,1.4257470154281985e-10,3.4761808786833573e-12,,,,,1e-05,boxeig,999999.9999991711,True,,nan,0,0,,nan,0,0,0,0,False,25.0,SE,0.1,1.5,1.0,,38416,3500,btab_boxeig_topk_512_q128,35,26,25,250000,1000000,3500,cufinufft,binned_c1,50,25,6.92516058844005e-08,pcg,converged,25,,True,0.1,0,0.829195548393433,0.3951969466296306,0.39565030633370313,0,0.1,boxeig,ok,,0.0007660075384592346,0.0199161959999401,0.0005107090799720027,0.012767726999300066,24.83386656410284,600,,1.0166045956624896,0.0005075009999018221,5.303407999235787e-05,0.0013258519998089469,4.625908000889467e-05,0.0011564770002223668,0.00029180139998061347,0.007295034999515337,0.24177977199997258,0.0,0.0,0.0009797719999369292,0.0,6.723268003042903e-05,0.001680817000760726,0.24080000000003565,,0.06433828299986999,0.01989260899972578,0.24272219799968298,0.009525165000013658,0.2938190130003022,0.0,0.313711622000028,0.378049904999898,1e-07,,80000,v7_btab_boxeig
1225,expanded_box,topk,768,,768,0,"[15, 15]","[31, 31]",961,topk,768,,768,80000,961,cheap,30,0.01,,cupy,2.09761502249643e-09,2.4987288068850927e-12,640,290,290,,290,128,961,264,1970176,0.10228095830168175,1.0228095830168176,0.001,boxeig,20000,group_b,50,diag,0.001,50,auto,group_b,boxeig,5,6,7.867504923513916e-10,0,,,2,USGS_LPC_IL_Winnebago_2018_ground_elevation_regression_ntrain1000000,False,NVIDIA A100-SXM4-40GB,cheap,128,0,128,128,0,0,2,1225,,,,,,,2.09761502249643e-09,2.4987288068850927e-12,,,,,1e-05,boxeig,999999.9999991711,True,,nan,0,0,,nan,0,0,0,0,False,5.0,SE,0.1,1.5,1.0,,59536,3500,btab_boxeig_topk_768_q128,35,6,5,250000,1000000,3500,cufinufft,binned_c1,50,5,7.867504923513916e-10,pcg,converged,5,,True,0.1,0,0.0012890935761067158,0.3951969478468138,0.39565030747731333,0,0.1,boxeig,ok,,0.0008056013333164932,0.004833607999898959,0.0005054584000390606,0.0025272920001953025,0.036407760279639746,264,,1.0228095830168176,0.000515276999976777,5.230839997238945e-05,0.00026154199986194726,4.439119993548957e-05,0.00022195599967744783,0.00029038180009592905,0.0014519090004796453,0.2331068180001239,0.0,0.0,0.0009490209999967192,0.0,6.733200007147389e-05,0.0003366600003573694,0.23215779700012718,,0.061253578000105335,0.020412984999893524,0.23404947100016216,0.009561002000282315,0.24567565999996077,0.0,0.2660886449998543,0.32734222299995963,1e-07,,80000,v7_btab_boxeig
1225,,,,,,,,,,,,,,,,,,,,,,,,,,,,,,,,,,,,,group_b,,,,,,group_b,,2396,2397,8.39053419000662e-08,,,,2,USGS_LPC_IL_Winnebago_2018_ground_elevation_regression_ntrain30000000,False,NVIDIA A100-SXM4-40GB,,,,,,,,2,1225,,,,,,,,,0,0,,,1e-05,,,True,,,,,,,,,,,False,2396.0,SE,0.1,1.5,1.0,,,80000,plain_cg,35,2397,,7500000,30000000,3500,cufinufft,cufinufft,,,,,,,,True,0.1,0,,0.37434148508731346,0.3743146075865282,0,,,ok,,0.0006250931785559704,1.498348348998661,,,,,,,,,,,,,,,,,,,,,,,,0.3422162719998596,,0.16586386800008768,2.5575564629998553,,2.8997734360000322,,1e-07,,80000,v1
1225,,,,,,,,,,,,,,,,,,,,,,,,,,,,,,,,,,,,,group_b,,,,,,group_b,,78,79,9.768369432981446e-08,,,nan,2,USGS_LPC_IL_Winnebago_2018_ground_elevation_regression_ntrain30000000,False,NVIDIA A100-SXM4-40GB,,,,,,,,2,1225,72,3,nan,,5.38298920114697,5.314081905295975e-07,,,5,352,0.0005944058244878596,0.20923085021972657,1e-05,,,True,[],,,,,,,,,,False,78.0,SE,0.1,1.5,1.0,nan,,3500,eigenpro_pcg_q64,35,79,78,7500000,30000000,3500,cufinufft,binned_c1,,,,,,,full_eigenpro,True,0.1,0,,0.37429099639013663,0.3742614684345694,0,,,ok,,0.0006286612658267229,0.04966424000031111,0.0001520193333456122,0.01185750800095775,,,[],,,,,,,,,,,,,,,,,0.21637282699975913,,0.1649769450000349,0.0003187480001543008,0.15721522400008325,0.11067088099980538,,0.4923394009997537,,1e-07,64,80000,v3
1225,,,,,,,,,,,,,,,,,,,,,,,,,,,,,,,,,,,,,group_b,,,,,,group_b,,7,8,7.028366390383747e-08,,,nan,2,USGS_LPC_IL_Winnebago_2018_ground_elevation_regression_ntrain30000000,False,NVIDIA A100-SXM4-40GB,,,,,,,,2,1225,136,3,nan,,0.19082893558549163,1.8838614664902878e-08,,,5,672,0.0006113158180600121,0.41080422973632813,1e-05,,,True,[],,,,,,,,,,False,7.0,SE,0.1,1.5,1.0,nan,,3500,eigenpro_pcg_q128,35,8,7,7500000,30000000,3500,cufinufft,binned_c1,,,,,,,full_eigenpro,True,0.1,0,,0.37429061664219776,0.3742610879968995,0,,,ok,,0.0006555317501124591,0.005244254000899673,0.0001735709998424032,0.0012149969988968223,,,[],,,,,,,,,,,,,,,,,0.4210353449998365,,0.1647572530000616,0.0002881700002035359,0.15817750599990177,0.011708211000041047,,0.5977889790001427,,1e-07,128,80000,v3
1225,,,,,,,,,,,,,,,,,,,,,,,,,,,,,,,,,,,,,group_b,,,,,,group_b,,6,7,2.135576098127157e-08,,,nan,2,USGS_LPC_IL_Winnebago_2018_ground_elevation_regression_ntrain30000000,False,NVIDIA A100-SXM4-40GB,,,,,,,,2,1225,264,3,nan,,0.11146182108329128,1.1003500547723535e-08,,,5,1312,0.0006062025442356017,0.7953377380371094,1e-05,,,True,[],,,,,,,,,,False,6.0,SE,0.1,1.5,1.0,nan,,3500,eigenpro_pcg_q256,35,7,6,7500000,30000000,3500,cufinufft,binned_c1,,,,,,,full_eigenpro,True,0.1,0,,0.37429063231542964,0.3742611033234272,0,,,ok,,0.0006973851428873397,0.004881696000211377,0.00017843449995780247,0.0010706069997468148,,,[],,,,,,,,,,,,,,,,,0.8133435889999419,,0.16472132899980352,0.00028829200027757906,0.15953085199998895,0.010534446999827196,,0.9888876569998502,,1e-07,256,80000,v3
1225,,,,,,,,,,,,,,,,,,,,,,,,,,,,,,,,,,,,,group_b,,,,,,group_b,,5,6,9.784817930009813e-08,,,nan,2,USGS_LPC_IL_Winnebago_2018_ground_elevation_regression_ntrain30000000,False,NVIDIA A100-SXM4-40GB,,,,,,,,2,1225,328,3,nan,,0.09726855861260118,9.602343004697913e-09,,,5,1632,0.0006000244757708382,0.9792399444580079,1e-05,,,True,[],,,,,,,,,,False,5.0,SE,0.1,1.5,1.0,nan,,3500,eigenpro_pcg_q320,35,6,5,7500000,30000000,3500,cufinufft,binned_c1,,,,,,,full_eigenpro,True,0.1,0,,0.37429057487544043,0.37426104600149535,0,,,ok,,0.0006431883333940883,0.00385913000036453,0.00017295259995080413,0.0008647629997540207,,,[],,,,,,,,,,,,,,,,,1.0008314390001942,,0.1641001600000891,0.0003303939997749694,0.15924625099978584,0.008342326000274625,,1.173604319000333,,1e-07,320,80000,v3
1225,,,,,,,,,,,,,,,,,,,,,,,,,,,,,,,,,,,,,group_b,,,,,,group_b,,4,5,3.4847355976921755e-08,,,nan,2,USGS_LPC_IL_Winnebago_2018_ground_elevation_regression_ntrain30000000,False,NVIDIA A100-SXM4-40GB,,,,,,,,2,1225,392,3,nan,,0.08737448109395944,8.625600597858518e-09,,,5,1952,0.0006009830881337651,1.1731189880371093,1e-05,,,True,[],,,,,,,,,,False,4.0,SE,0.1,1.5,1.0,nan,,3500,eigenpro_pcg_q384,35,5,4,7500000,30000000,3500,cufinufft,binned_c1,,,,,,,full_eigenpro,True,0.1,0,,0.3742905452344648,0.3742610177766872,0,,,ok,,0.0006375654000294162,0.003187827000147081,0.00017970649992093968,0.0007188259996837587,,,[],,,,,,,,,,,,,,,,,1.1985211259998323,,0.16452011100000163,0.0003069529998356302,0.15939244999981383,0.006882891000259406,,1.370231080999929,,1e-07,384,80000,v3
1225,,,,,,,,,,,,,,,,,,,,,,,,,,,,,,,,,,,,,group_b,,,,,,group_b,,4,5,3.035859558047254e-08,,,nan,2,USGS_LPC_IL_Winnebago_2018_ground_elevation_regression_ntrain30000000,False,NVIDIA A100-SXM4-40GB,,,,,,,,2,1225,456,3,nan,,0.07923232186564835,7.821807400711427e-09,,,5,2272,0.0005951337411370076,1.3521438598632813,1e-05,,,True,[],,,,,,,,,,False,4.0,SE,0.1,1.5,1.0,nan,,3500,eigenpro_pcg_q448,35,5,4,7500000,30000000,3500,cufinufft,binned_c1,,,,,,,full_eigenpro,True,0.1,0,,0.37429058228157447,0.37426105261093945,0,,,ok,,0.0006389207998836355,0.0031946039994181774,0.00018216025011952297,0.0007286410004780919,,,[],,,,,,,,,,,,,,,,,1.3810349969999152,,0.1646443330000693,0.00029933599989817594,0.1581582429998889,0.006896426000366773,,1.5528750920002494,,1e-07,448,80000,v3
1225,expanded_box,topk,512,,512,0,"[12, 12]","[25, 25]",625,topk,512,,512,80000,625,cheap,30,0.01,,,,,,,,,,,,,,,,,chol_solve,20000,group_b,50,diag,0.001,50,auto,group_b,auto,3500,3501,0.00029930331733801074,6250000,,,2,USGS_LPC_IL_Winnebago_2018_ground_elevation_regression_ntrain30000000,False,NVIDIA A100-SXM4-40GB,cheap,0,0,0,0,0,0,2,1225,,,,,,,,,,,,,1e-05,chol_solve,29999999.9999756,True,,nan,0,50,diag,0.001,0,0,0,0,False,3500.0,SE,0.1,1.5,1.0,,0,3500,btab_auto_topk_512,35,3501,3501,7500000,30000000,3500,cufinufft,binned_c1,50,3500,0.00029930331733801074,pcg,maxiter,3501,,True,0.1,0,24.879414196834855,0.37614013988310807,0.3761076932701482,0,0.1,exact,ok,,0.0006282024978553273,2.199336944991501,0.00048351096714992345,1.692771895991882,745.1296047682968,600,,,0.0005677130002368358,4.495561267935961e-05,0.157389599990438,4.280683090348336e-05,0.14986671499309523,0.00029629932048265596,1.0373439210097786,0.010455153000293649,0.008875463000094896,-0.010455153000293649,0.0,0.0013541329999497975,5.681444530189373e-05,0.19890737300192995,,,0.0001278039999306202,0.16465766900000744,0.01191233800000191,0.16612565600007656,6.077024952000102,0.00022555700024895486,6.241682621000109,6.24181042500004,1e-07,,80000,v6_btab
1225,expanded_box,topk,1024,,1024,0,"[17, 17]","[35, 35]",1225,topk,1024,,1024,80000,1225,cheap,30,0.01,,,,,,,,,,,,,,,,,chol_solve,20000,group_b,50,diag,0.001,50,auto,group_b,auto,3500,3501,0.00026714235689854213,24010000,,,2,USGS_LPC_IL_Winnebago_2018_ground_elevation_regression_ntrain30000000,False,NVIDIA A100-SXM4-40GB,cheap,0,0,0,0,0,0,2,1225,,,,,,,,,,,,,1e-05,chol_solve,29999999.9999756,True,,nan,0,50,diag,0.001,0,0,0,0,False,3500.0,SE,0.1,1.5,1.0,,0,3500,btab_auto_topk_1024,35,3501,3501,7500000,30000000,3500,cufinufft,binned_c1,50,3500,0.00026714235689854213,pcg,maxiter,3501,,True,0.1,0,0.0,0.3761203761138683,0.37608806407345263,0,0.1,exact,ok,,0.000631589255924579,2.211193984991951,0.0006462468537613405,2.2625102350184534,0.0,0,,,0.0005231840000305965,1.695616623576988e-05,0.05936353799143035,3.8749799783432045e-05,0.1356630490417956,0.0004911756875181561,1.7196060820010644,0.039310935999765206,0.036171876000025804,-0.039310935999765206,0.0,0.002679414999875007,5.736293144384144e-05,0.20082762298488888,,,4.230500007906812e-05,0.16489895399990928,0.04064752700014651,0.1652043739995861,6.734679471000163,0.0004596449998643948,6.8995784250000725,6.8996207300001515,1e-07,,80000,v6_btab
1225,expanded_box,topk,256,,256,0,"[9, 9]","[19, 19]",361,topk,256,,256,80000,361,cheap,30,0.01,,cupy,1.4616010703706162e-12,5.710448921870556e-14,320,162,162,,162,64,361,864,370688,107.09658042254792,1070.9658042254791,0.001,boxeig,20000,group_b,50,diag,0.001,50,auto,group_b,boxeig,1124,1125,9.137115068245619e-08,0,,,2,USGS_LPC_IL_Winnebago_2018_ground_elevation_regression_ntrain30000000,False,NVIDIA A100-SXM4-40GB,cheap,64,0,64,64,0,0,2,1225,,,,,,,1.4616010703706162e-12,5.710448921870556e-14,,,,,1e-05,boxeig,29999999.9999756,True,,nan,0,0,,nan,0,0,0,0,False,1124.0,SE,0.1,1.5,1.0,,21904,3500,btab_boxeig_topk_256_q64,35,1125,1124,7500000,30000000,3500,cufinufft,binned_c1,50,1124,9.137115068245619e-08,pcg,converged,1124,,True,0.1,0,4198.968382080223,0.37429059284995075,0.37426106327356395,0,0.1,boxeig,ok,,0.000639022598215686,0.7189004229926468,0.0004284267161970465,0.4815516290054802,136999.5933791383,864,,1070.9658042254791,0.000496828999985155,4.5656039140977614e-05,0.05131738799445884,3.9111021351750275e-05,0.04396078799936731,0.00024513366637057317,0.27553024100052426,0.12496514800022851,0.0,0.0,0.000988642000265827,0.0,5.6811347867810304e-05,0.06385595500341879,0.12397650599996268,,0.026923933000034594,0.16419672499978333,0.12587348500028384,0.1647006399998645,2.03245143400045,0.0,2.196648159000233,2.2235720920002677,1e-07,,80000,v7_btab_boxeig
1225,expanded_box,topk,512,,512,0,"[12, 12]","[25, 25]",625,topk,512,,512,80000,625,cheap,30,0.01,,cupy,1.6685036975774524e-09,2.7365911270564025e-12,640,290,290,,290,128,625,600,1282048,0.1500222434582025,1.500222434582025,0.001,boxeig,20000,group_b,50,diag,0.001,50,auto,group_b,boxeig,114,115,7.89544200318331e-08,0,,,2,USGS_LPC_IL_Winnebago_2018_ground_elevation_regression_ntrain30000000,False,NVIDIA A100-SXM4-40GB,cheap,128,0,128,128,0,0,2,1225,,,,,,,1.6685036975774524e-09,2.7365911270564025e-12,,,,,1e-05,boxeig,29999999.9999756,True,,nan,0,0,,nan,0,0,0,0,False,114.0,SE,0.1,1.5,1.0,,38416,3500,btab_boxeig_topk_512_q128,35,115,114,7500000,30000000,3500,cufinufft,binned_c1,50,114,7.89544200318331e-08,pcg,converged,114,,True,0.1,0,24.879414196834855,0.3742906453094887,0.3742611162343163,0,0.1,boxeig,ok,,0.0006948005130534116,0.07990205900114233,0.000455878131580839,0.05197010700021565,745.1296047682968,600,,1.500222434582025,0.00048727299963502446,4.826764912299073e-05,0.005502512000020943,4.132935965460267e-05,0.004711547000624705,0.0002612072368057788,0.029777624995858787,0.3502304830003595,0.0,0.0,0.0009477700000388722,0.0,6.0312929826179974e-05,0.006875674000184517,0.34928271300032065,,0.05097238100006507,0.1669618369996897,0.3511584029997721,0.15822539200007668,0.5634852180000962,0.0,0.7304470549997859,0.781419435999851,1e-07,,80000,v7_btab_boxeig
1225,expanded_box,topk,768,,768,0,"[15, 15]","[31, 31]",961,topk,768,,768,80000,961,cheap,30,0.01,,cupy,5.3977648328348865e-09,2.50718019222098e-12,640,290,290,,290,128,961,264,1970176,0.16864976836912157,1.6864976836912156,0.001,boxeig,20000,group_b,50,diag,0.001,50,auto,group_b,boxeig,9,10,3.4436004935973385e-08,0,,,2,USGS_LPC_IL_Winnebago_2018_ground_elevation_regression_ntrain30000000,False,NVIDIA A100-SXM4-40GB,cheap,128,0,128,128,0,0,2,1225,,,,,,,5.3977648328348865e-09,2.50718019222098e-12,,,,,1e-05,boxeig,29999999.9999756,True,,nan,0,0,,nan,0,0,0,0,False,9.0,SE,0.1,1.5,1.0,,59536,3500,btab_boxeig_topk_768_q128,35,10,9,7500000,30000000,3500,cufinufft,binned_c1,50,9,3.4436004935973385e-08,pcg,converged,9,,True,0.1,0,0.0386814079570031,0.3742906418627785,0.37426111278157825,0,0.1,boxeig,ok,,0.0007813819999228144,0.007813819999228144,0.0005171291111057346,0.0046541619999516115,1.0924850732356812,264,,1.6864976836912156,0.0005206390001148975,5.094988889848335e-05,0.00045854900008635013,4.443166663905787e-05,0.0003998849997515208,0.00030940111117969436,0.002784610000617249,0.23283790900040913,0.0,0.0,0.0009210260000145354,0.0,6.35313333785032e-05,0.0005717820004065288,0.2319168830003946,,0.05062755800008745,0.16425865700011855,0.2338038630000483,0.15673293899999408,0.25333915400005935,0.0,0.4175978110001779,0.46822536900026535,1e-07,,80000,v7_btab_boxeig
1225,,,,,,,,,,,,,,,,,,,,,,,,,,,,,,,,,,,,,group_b,,,,,,group_b,,1508,1509,8.799284947272215e-08,,,,2,USGS_LPC_IL_Winnebago_2018_ground_elevation_regression_ntrain10000000,False,NVIDIA A100-SXM4-40GB,,,,,,,,2,1225,,,,,,,,,0,0,,,1e-05,,,True,,,,,,,,,,,False,1508.0,SE,0.1,1.5,1.0,,,80000,plain_cg,35,1509,,2500000,10000000,3500,cufinufft,cufinufft,,,,,,,,True,0.1,0,,0.38218053320295436,0.38214677656262985,0,,,ok,,0.0006270379946957425,0.9462003339958756,,,,,,,,,,,,,,,,,,,,,,,,0.13751988800004256,,0.05462372300007701,1.6144213160000618,,1.7519423030003054,,1e-07,,80000,v1
1225,,,,,,,,,,,,,,,,,,,,,,,,,,,,,,,,,,,,,group_b,,,,,,group_b,,52,53,9.288246964758087e-08,,,nan,2,USGS_LPC_IL_Winnebago_2018_ground_elevation_regression_ntrain10000000,False,NVIDIA A100-SXM4-40GB,,,,,,,,2,1225,72,3,nan,,1.8131222139929208,5.369727637691959e-07,,,5,352,0.0006019927263259888,0.21190143966674804,1e-05,,,True,[],,,,,,,,,,False,52.0,SE,0.1,1.5,1.0,nan,,3500,eigenpro_pcg_q64,35,53,52,2500000,10000000,3500,cufinufft,binned_c1,,,,,,,full_eigenpro,True,0.1,0,,0.3821210812613114,0.38208475868383307,0,,,ok,,0.0006378925471544104,0.03380830499918375,0.00015696148083267102,0.008161997003298893,,,[],,,,,,,,,,,,,,,,,0.21871936800016556,,0.06555548200003614,0.0003134099997623707,0.054589263000252686,0.0754654100001062,,0.36005367000007027,,1e-07,64,80000,v3
1225,,,,,,,,,,,,,,,,,,,,,,,,,,,,,,,,,,,,,group_b,,,,,,group_b,,8,9,1.5667129648590438e-08,,,nan,2,USGS_LPC_IL_Winnebago_2018_ground_elevation_regression_ntrain10000000,False,NVIDIA A100-SXM4-40GB,,,,,,,,2,1225,136,3,nan,,0.18312738490976632,5.423485366011179e-08,,,5,672,0.0006036678155263265,0.4056647720336914,1e-05,,,True,[],,,,,,,,,,False,8.0,SE,0.1,1.5,1.0,nan,,3500,eigenpro_pcg_q128,35,9,8,2500000,10000000,3500,cufinufft,binned_c1,,,,,,,full_eigenpro,True,0.1,0,,0.3821209864569348,0.3820846367598786,0,,,ok,,0.0006377139999232087,0.005739425999308878,0.000174215124843613,0.001393720998748904,,,[],,,,,,,,,,,,,,,,,0.4158283090000623,,0.06458737200000542,0.0003117699998256285,0.05425589700007549,0.01264657100000477,,0.4933740219998981,,1e-07,128,80000,v3
1225,,,,,,,,,,,,,,,,,,,,,,,,,,,,,,,,,,,,,group_b,,,,,,group_b,,6,7,3.465288563927974e-08,,,nan,2,USGS_LPC_IL_Winnebago_2018_ground_elevation_regression_ntrain10000000,False,NVIDIA A100-SXM4-40GB,,,,,,,,2,1225,264,3,nan,,0.1167156920475389,3.4566422062738475e-08,,,5,1312,0.000598801950129067,0.785628158569336,1e-05,,,True,[],,,,,,,,,,False,6.0,SE,0.1,1.5,1.0,nan,,3500,eigenpro_pcg_q256,35,7,6,2500000,10000000,3500,cufinufft,binned_c1,,,,,,,full_eigenpro,True,0.1,0,,0.3821209754839072,0.3820846258278327,0,,,ok,,0.000642370857219378,0.0044965960005356465,0.00016715750007278984,0.001002945000436739,,,[],,,,,,,,,,,,,,,,,0.8036677239997516,,0.06359052600009818,0.0002948040000774199,0.05428153200000452,0.00976315500020064,,0.8773162090001279,,1e-07,256,80000,v3
1225,,,,,,,,,,,,,,,,,,,,,,,,,,,,,,,,,,,,,group_b,,,,,,group_b,,4,5,9.765452364448229e-08,,,nan,2,USGS_LPC_IL_Winnebago_2018_ground_elevation_regression_ntrain10000000,False,NVIDIA A100-SXM4-40GB,,,,,,,,2,1225,328,3,nan,,0.09998375432000464,2.9611105333074246e-08,,,5,1632,0.0005914986741309073,0.9653258361816407,1e-05,,,True,[],,,,,,,,,,False,4.0,SE,0.1,1.5,1.0,nan,,3500,eigenpro_pcg_q320,35,5,4,2500000,10000000,3500,cufinufft,binned_c1,,,,,,,full_eigenpro,True,0.1,0,,0.3821213654482292,0.3820850213426163,0,,,ok,,0.000633765000020503,0.0031688250001025153,0.0001685452499486928,0.0006741809997947712,,,[],,,,,,,,,,,,,,,,,0.9870370329999787,,0.06398586300019815,0.0002907299999606039,0.05380610899965177,0.006796644000132801,,1.0581102700002702,,1e-07,320,80000,v3
1225,,,,,,,,,,,,,,,,,,,,,,,,,,,,,,,,,,,,,group_b,,,,,,group_b,,4,5,3.6574635389130186e-08,,,nan,2,USGS_LPC_IL_Winnebago_2018_ground_elevation_regression_ntrain10000000,False,NVIDIA A100-SXM4-40GB,,,,,,,,2,1225,392,3,nan,,0.08911077157290277,2.639097182639725e-08,,,5,1952,0.0006005964591854909,1.1723642883300782,1e-05,,,True,[],,,,,,,,,,False,4.0,SE,0.1,1.5,1.0,nan,,3500,eigenpro_pcg_q384,35,5,4,2500000,10000000,3500,cufinufft,binned_c1,,,,,,,full_eigenpro,True,0.1,0,,0.3821211084423727,0.3820847563730103,0,,,ok,,0.0006451313999605191,0.0032256569998025952,0.00017421724999167054,0.0006968689999666822,,,[],,,,,,,,,,,,,,,,,1.197806281999874,,0.06825273300000845,0.0002940210001725063,0.05438197300009051,0.006944829999611102,,1.273297865999666,,1e-07,384,80000,v3
1225,,,,,,,,,,,,,,,,,,,,,,,,,,,,,,,,,,,,,group_b,,,,,,group_b,,4,5,7.437593940309589e-08,,,nan,2,USGS_LPC_IL_Winnebago_2018_ground_elevation_regression_ntrain10000000,False,NVIDIA A100-SXM4-40GB,,,,,,,,2,1225,456,3,nan,,0.0795962363445347,2.357315500446839e-08,,,5,2272,0.0005959067143185039,1.3539000549316407,1e-05,,,True,[],,,,,,,,,,False,4.0,SE,0.1,1.5,1.0,nan,,3500,eigenpro_pcg_q448,35,5,4,2500000,10000000,3500,cufinufft,binned_c1,,,,,,,full_eigenpro,True,0.1,0,,0.3821209953798588,0.3820846467509962,0,,,ok,,0.0006423830000130692,0.0032119150000653462,0.00017943175021173374,0.000717727000846935,,,[],,,,,,,,,,,,,,,,,1.3828713869997955,,0.06430073000001357,0.0002836240000760881,0.054295266999815794,0.006878873999994539,,1.4543346149998797,,1e-07,448,80000,v3
1225,expanded_box,topk,512,,512,0,"[12, 12]","[25, 25]",625,topk,512,,512,80000,625,cheap,30,0.01,,,,,,,,,,,,,,,,,chol_solve,20000,group_b,50,diag,0.001,50,auto,group_b,auto,3500,3501,0.0003256815065315871,6250000,,,2,USGS_LPC_IL_Winnebago_2018_ground_elevation_regression_ntrain10000000,False,NVIDIA A100-SXM4-40GB,cheap,0,0,0,0,0,0,2,1225,,,,,,,,,,,,,1e-05,chol_solve,9999999.999991786,True,,nan,0,50,diag,0.001,0,0,0,0,False,3500.0,SE,0.1,1.5,1.0,,0,3500,btab_auto_topk_512,35,3501,3501,2500000,10000000,3500,cufinufft,binned_c1,50,3500,0.0003256815065315871,pcg,maxiter,3501,,True,0.1,0,8.29313806561155,0.38301299919303156,0.3829720900277356,0,0.1,exact,ok,,0.0006288886129668668,2.2017390339970007,0.00048282288089449146,1.6903629060116145,248.37653492276362,600,,,0.0005145919999449688,4.486238931487047e-05,0.1570632249913615,4.254346757955457e-05,0.14894467999602057,0.00029572441816841003,1.0353311880076035,0.010345593999772973,0.008786780999798793,-0.010345593999772973,0.0,0.001336895999884291,5.701598571632551e-05,0.1996129659928556,,,0.00011743899995053653,0.06406423400039785,0.01169261400036703,0.056798620999870764,6.079156941999827,0.00022191700008988846,6.143221176000225,6.143338615000175,1e-07,,80000,v6_btab
1225,expanded_box,topk,1024,,1024,0,"[17, 17]","[35, 35]",1225,topk,1024,,1024,80000,1225,cheap,30,0.01,,,,,,,,,,,,,,,,,chol_solve,20000,group_b,50,diag,0.001,50,auto,group_b,auto,3500,3501,0.000247144914258561,24010000,,,2,USGS_LPC_IL_Winnebago_2018_ground_elevation_regression_ntrain10000000,False,NVIDIA A100-SXM4-40GB,cheap,0,0,0,0,0,0,2,1225,,,,,,,,,,,,,1e-05,chol_solve,9999999.999991786,True,,nan,0,50,diag,0.001,0,0,0,0,False,3500.0,SE,0.1,1.5,1.0,,0,3500,btab_auto_topk_1024,35,3501,3501,2500000,10000000,3500,cufinufft,binned_c1,50,3500,0.000247144914258561,pcg,maxiter,3501,,True,0.1,0,0.0,0.38298608854538196,0.3829443567870633,0,0.1,exact,ok,,0.0006292068494730505,2.2028531800051496,0.0006663177295035549,2.332778370991946,0.0,0,,,0.0005471899999065499,1.6987048844326135e-05,0.059471658003985794,3.8896023709161074e-05,0.1361749790057729,0.0005103062456423529,1.7865821659938774,0.03746151399991504,0.03390663299978769,-0.03746151399991504,0.0,0.003116517999842472,5.763101685114286e-05,0.20176618999585116,,,4.277500011085067e-05,0.07307236199994804,0.038770884000314254,0.0571013479998328,6.800943292000284,0.0004383630002848804,6.874015654000232,6.874058429000343,1e-07,,80000,v6_btab
1225,expanded_box,topk,256,,256,0,"[9, 9]","[19, 19]",361,topk,256,,256,80000,361,cheap,30,0.01,,cupy,1.6981002856952262e-12,3.266587263155241e-14,320,162,162,,162,64,361,864,370688,35.79363205132436,357.9363205132436,0.001,boxeig,20000,group_b,50,diag,0.001,50,auto,group_b,boxeig,753,754,8.614332410267792e-08,0,,,2,USGS_LPC_IL_Winnebago_2018_ground_elevation_regression_ntrain10000000,False,NVIDIA A100-SXM4-40GB,cheap,64,0,64,64,0,0,2,1225,,,,,,,1.6981002856952262e-12,3.266587263155241e-14,,,,,1e-05,boxeig,9999999.999991786,True,,nan,0,0,,nan,0,0,0,0,False,753.0,SE,0.1,1.5,1.0,,21904,3500,btab_boxeig_topk_256_q64,35,754,753,2500000,10000000,3500,cufinufft,binned_c1,50,753,8.614332410267792e-08,pcg,converged,753,,True,0.1,0,1399.656127360063,0.38212100140369243,0.3820846513494609,0,0.1,boxeig,ok,,0.0006413581352811387,0.4835840340019786,0.0004328552815451869,0.32594002700352576,45666.53112637907,864,,357.9363205132436,0.00046064900016062893,4.6195539179657926e-05,0.03478524100228242,3.976067862226007e-05,0.029939791002561833,0.0002472533027888046,0.18618173699996987,0.12603146199990078,0.0,0.0,0.0009776249999049469,0.0,5.747335325628508e-05,0.04327743500198267,0.12505383699999584,,0.025802769000165426,0.07377736899979936,0.1269279540001662,0.0549260550001236,1.4158749580001313,0.0,1.4896523269999307,1.515455096000096,1e-07,,80000,v7_btab_boxeig
1225,expanded_box,topk,512,,512,0,"[12, 12]","[25, 25]",625,topk,512,,512,80000,625,cheap,30,0.01,,cupy,6.834792454494055e-10,2.546379891630562e-12,640,290,290,,290,128,625,600,1282048,0.11665030031188663,1.1665030031188661,0.001,boxeig,20000,group_b,50,diag,0.001,50,auto,group_b,boxeig,66,67,8.959588446347584e-08,0,,,2,USGS_LPC_IL_Winnebago_2018_ground_elevation_regression_ntrain10000000,False,NVIDIA A100-SXM4-40GB,cheap,128,0,128,128,0,0,2,1225,,,,,,,6.834792454494055e-10,2.546379891630562e-12,,,,,1e-05,boxeig,9999999.999991786,True,,nan,0,0,,nan,0,0,0,0,False,66.0,SE,0.1,1.5,1.0,,38416,3500,btab_boxeig_topk_512_q128,35,67,66,2500000,10000000,3500,cufinufft,binned_c1,50,66,8.959588446347584e-08,pcg,converged,66,,True,0.1,0,8.29313806561155,0.3821209991140507,0.38208464954278815,0,0.1,boxeig,ok,,0.0007590208805690488,0.05085439899812627,0.0005024202424175945,0.033159735999561235,248.37653492276362,600,,1.1665030031188661,0.0005078980002508615,5.548477274990574e-05,0.0036619950014937785,4.412675759174983e-05,0.0029123660010554886,0.0002844416060408107,0.018773145998693508,0.23185215600005904,0.0,0.0,0.0009522959999230807,0.0,6.893378782947504e-05,0.004549629996745352,0.23089986000013596,,0.05132775500032949,0.06579838300012852,0.23279539199984356,0.0548878180002248,0.3642321899997114,0.0,0.43003057299983993,0.4813583280001694,1e-07,,80000,v7_btab_boxeig
1225,expanded_box,topk,768,,768,0,"[15, 15]","[31, 31]",961,topk,768,,768,80000,961,cheap,30,0.01,,cupy,1.5645237411899372e-09,1.729982890952123e-12,640,290,290,,290,128,961,264,1970176,0.12286006528275907,1.2286006528275906,0.001,boxeig,20000,group_b,50,diag,0.001,50,auto,group_b,boxeig,7,8,7.369204490949586e-09,0,,,2,USGS_LPC_IL_Winnebago_2018_ground_elevation_regression_ntrain10000000,False,NVIDIA A100-SXM4-40GB,cheap,128,0,128,128,0,0,2,1225,,,,,,,1.5645237411899372e-09,1.729982890952123e-12,,,,,1e-05,boxeig,9999999.999991786,True,,nan,0,0,,nan,0,0,0,0,False,7.0,SE,0.1,1.5,1.0,,59536,3500,btab_boxeig_topk_768_q128,35,8,7,2500000,10000000,3500,cufinufft,binned_c1,50,7,7.369204490949586e-09,pcg,converged,7,,True,0.1,0,0.012893802652334264,0.3821210026366372,0.3820846529174677,0,0.1,boxeig,ok,,0.0008609916250748029,0.006887933000598423,0.000565939428530068,0.003961575999710476,0.36416169107855745,264,,1.2286006528275906,0.0005111739997119003,5.194771431758584e-05,0.0003636340002231009,4.597314292758321e-05,0.00032181200049308245,0.0003462564285915245,0.0024237950001406716,0.2347083230001772,0.0,0.0,0.0009637010002734314,0.0,7.050442861457538e-05,0.0004935310003020277,0.23374462199990376,,0.058841350999955466,0.06487683700015623,0.23570765900012702,0.054037600999890856,0.25249501899997995,0.0,0.3173718560001362,0.37621320700009164,1e-07,,80000,v7_btab_boxeig
35721,,,,,,,,,,,,,,,,,,,,,,,,,,,,,,,,,,,,,group_c,,,,,,group_c,,11279,11280,9.816174578724898e-08,,,,2,synthetic_true_func_2d_ntrain300000000,False,NVIDIA A100-SXM4-40GB,,,,,,,,2,35721,,,,,,,,,0,0,,,1e-05,,,True,,,,,,,,,,,False,11279.0,matern,0.1,1.5,1.0,,,80000,plain_cg,189,11280,,75000000,300000000,3500,cufinufft,cufinufft,,,,,,,,True,0.1,0,,0.001728821475251547,0.30001252428905634,0,,,ok,,0.0006401395459212984,7.220774077992246,,,,,,,,,,,,,,,,,,,,,,,,2.989950361999945,,1.5223381099999642,12.272851902999719,,15.262803008999981,,1e-07,,80000,v1
35721,,,,,,,,,,,,,,,,,,,,,,,,,,,,,,,,,,,,,group_c,,,,,,group_c,,3500,3501,1.4928956999885546e-07,,,nan,2,synthetic_true_func_2d_ntrain300000000,False,NVIDIA A100-SXM4-40GB,,,,,,,,2,35721,72,3,nan,,481737.74529697123,0.011140672753495827,,,5,352,0.0005365381891077215,0.18886144256591797,1e-05,,,True,[],,,,,,,,,,False,3500.0,matern,0.1,1.5,1.0,nan,,3500,eigenpro_pcg_q64,189,3501,3501,75000000,300000000,3500,cufinufft,binned_c1,,,,,,,full_eigenpro,True,0.1,0,,0.0017389524995411424,0.3000125280712778,0,,,ok,,0.000652132568692227,2.283116122991487,0.00018640616794848847,0.6526079939876581,,,[],,,,,,,,,,,,,,,,,0.22378379799965842,,1.5341030090003187,0.0003055520000998513,1.5301970349996736,5.18224747000022,,6.940439829000297,,1e-07,64,80000,v3
35721,,,,,,,,,,,,,,,,,,,,,,,,,,,,,,,,,,,,,group_c,,,,,,group_c,,2009,2010,9.667842746726166e-08,,,nan,2,synthetic_true_func_2d_ntrain300000000,False,NVIDIA A100-SXM4-40GB,,,,,,,,2,35721,136,3,nan,,181751.97672361217,0.004187654376763794,,,5,672,0.0005337660993848529,0.3586908187866211,1e-05,,,True,[],,,,,,,,,,False,2009.0,matern,0.1,1.5,1.0,nan,,3500,eigenpro_pcg_q128,189,2010,2009,75000000,300000000,3500,cufinufft,binned_c1,,,,,,,full_eigenpro,True,0.1,0,,0.0017390597010156557,0.3000125272816203,0,,,ok,,0.0006536190990102648,1.3137743890106321,0.0002152807137814092,0.4324989539868511,,,[],,,,,,,,,,,,,,,,,0.4248808709999139,,1.5312383760001467,0.0002953620000880619,1.5324636149998696,3.0390056480000567,,4.995420257000205,,1e-07,128,80000,v3
35721,,,,,,,,,,,,,,,,,,,,,,,,,,,,,,,,,,,,,group_c,,,,,,group_c,,961,962,9.973106180426538e-08,,,nan,2,synthetic_true_func_2d_ntrain300000000,False,NVIDIA A100-SXM4-40GB,,,,,,,,2,35721,264,3,nan,,56457.67304599941,0.0013002330191065102,,,5,1312,0.0005370614703108625,0.7046246490478516,1e-05,,,True,[],,,,,,,,,,False,961.0,matern,0.1,1.5,1.0,nan,,3500,eigenpro_pcg_q256,189,962,961,75000000,300000000,3500,cufinufft,binned_c1,,,,,,,full_eigenpro,True,0.1,0,,0.0017391272747339548,0.30001252898778086,0,,,ok,,0.0006540829833644284,0.6292278299965801,0.00032852546825962083,0.3157129749974956,,,[],,,,,,,,,,,,,,,,,0.8427630689998296,,1.5317349470001318,0.00032191499985856353,1.5214215379996858,1.5618245620003108,,3.9366444930001308,,1e-07,256,80000,v3
35721,,,,,,,,,,,,,,,,,,,,,,,,,,,,,,,,,,,,,group_c,,,,,,group_c,,754,755,9.77919701435115e-08,,,nan,2,synthetic_true_func_2d_ntrain300000000,False,NVIDIA A100-SXM4-40GB,,,,,,,,2,35721,328,3,nan,,37465.29283223758,0.0008628135371473599,,,5,1632,0.0005584985134648342,0.9114695739746094,1e-05,,,True,[],,,,,,,,,,False,754.0,matern,0.1,1.5,1.0,nan,,3500,eigenpro_pcg_q320,189,755,754,75000000,300000000,3500,cufinufft,binned_c1,,,,,,,full_eigenpro,True,0.1,0,,0.001739059693365125,0.30001252892074654,0,,,ok,,0.0006559329271468167,0.4952293599958466,0.0003764729999934135,0.2838606419950338,,,[],,,,,,,,,,,,,,,,,1.0861652190001223,,1.5318637149998722,0.0003293709996796679,1.5205389230000037,1.2648760619999848,,3.883234366999659,,1e-07,320,80000,v3
35721,,,,,,,,,,,,,,,,,,,,,,,,,,,,,,,,,,,,,group_c,,,,,,group_c,,577,578,9.985942427078231e-08,,,nan,2,synthetic_true_func_2d_ntrain300000000,False,NVIDIA A100-SXM4-40GB,,,,,,,,2,35721,392,3,nan,,27205.45564687807,0.0006265271454140909,,,5,1952,0.0005653377126474849,1.1035392150878907,1e-05,,,True,[],,,,,,,,,,False,577.0,matern,0.1,1.5,1.0,nan,,3500,eigenpro_pcg_q384,189,578,577,75000000,300000000,3500,cufinufft,binned_c1,,,,,,,full_eigenpro,True,0.1,0,,0.0017391749443982404,0.30001253229000685,0,,,ok,,0.0006616389913417536,0.38242733699553355,0.0004266812148999166,0.24619506099725186,,,[],,,,,,,,,,,,,,,,,1.3158943899998121,,1.5317419400003018,0.00031009800022729905,1.5337662490001094,1.0063835709997875,,3.8543299990001287,,1e-07,384,80000,v3
35721,,,,,,,,,,,,,,,,,,,,,,,,,,,,,,,,,,,,,group_c,,,,,,group_c,,495,496,9.80615476811284e-08,,,nan,2,synthetic_true_func_2d_ntrain300000000,False,NVIDIA A100-SXM4-40GB,,,,,,,,2,35721,456,3,nan,,20374.607867183753,0.0004692144309533176,,,5,2272,0.0005745446782716564,1.3053655090332033,1e-05,,,True,[],,,,,,,,,,False,495.0,matern,0.1,1.5,1.0,nan,,3500,eigenpro_pcg_q448,189,496,495,75000000,300000000,3500,cufinufft,binned_c1,,,,,,,full_eigenpro,True,0.1,0,,0.0017391979136351084,0.3000125310625999,0,,,ok,,0.0006539369637235473,0.3243527340068795,0.0004846718727204654,0.23991257699663038,,,[],,,,,,,,,,,,,,,,,1.5616305789999387,,1.5316149010000117,0.00033871499999804655,1.5338357430000542,0.8863290730000699,,3.9799132680000184,,1e-07,448,80000,v3
35721,expanded_box,topk,2048,,2048,0,"[25, 25]","[51, 51]",2601,topk,2048,,2048,80000,2601,cheap,30,0.01,,,,,,,,,,,,,,,,,inverse,20000,group_c,50,diag,0.001,50,auto,group_c,auto,508,509,8.801961472072577e-08,0,,,2,synthetic_true_func_2d_ntrain300000000,False,NVIDIA A100-SXM4-40GB,cheap,0,0,0,0,0,0,2,35721,,,,,,,,,,,,,1e-05,inverse,299999999.99961233,True,,nan,0,50,diag,0.001,0,0,0,108243216,False,508.0,matern,0.1,1.5,1.0,,0,3500,btab_auto_topk_2048,189,509,508,75000000,300000000,3500,cufinufft,binned_c1,50,508,8.801961472072577e-08,pcg,converged,508,,True,0.1,0,16364.323522779074,0.0017384395840084207,0.30001252066754025,0,0.1,exact,ok,,0.000648835943025229,0.3302574949998416,0.0003441923188795159,0.17484969799079408,18906336.02099381,33120,,,0.0017786610001166991,4.54688011826674e-05,0.023098151000795042,4.313908465068323e-05,0.02191465500254708,0.000155190285435611,0.07883666500129038,0.20823636400018586,0.1855297890001566,0.014124197999990429,0.0,0.006971701000111352,5.742457283232634e-05,0.02917168299882178,,,0.00033976599979723687,1.531526680999832,0.21099892499978523,1.53374493299998,1.0351705420002872,0.00161067599992748,2.5666972230001193,2.5670369889999165,1e-07,,80000,v6_btab
35721,expanded_box,topk,4096,,4096,0,"[36, 36]","[73, 73]",5329,topk,4096,,4096,80000,5329,cheap,30,0.01,,,,,,,,,,,,,,,,,inverse,20000,group_c,50,diag,0.001,50,auto,group_c,auto,246,247,9.750875887440558e-08,0,,,2,synthetic_true_func_2d_ntrain300000000,False,NVIDIA A100-SXM4-40GB,cheap,0,0,0,0,0,0,2,35721,,,,,,,,,,,,,1e-05,inverse,299999999.99961233,True,,nan,0,50,diag,0.001,0,0,0,454371856,False,246.0,matern,0.1,1.5,1.0,,0,3500,btab_auto_topk_4096,189,247,246,75000000,300000000,3500,cufinufft,binned_c1,50,246,9.750875887440558e-08,pcg,converged,246,,True,0.1,0,2951.563401371989,0.0017384730313509053,0.3000125207250401,0,0.1,exact,ok,,0.0006451205465426854,0.15934477499604327,0.0006055997073306616,0.14897752800334274,6372419.880379709,30392,,,0.001979082000161725,4.4743113827886795e-05,0.011006806001660152,4.490669918477505e-05,0.011047047999454662,0.0004153026301097507,0.10216444700699867,0.8784834339999179,0.7524540760000491,0.0951402609998695,0.0,0.024830271000155335,5.7100930896597015e-05,0.014046829000562866,,,0.000351428999692871,1.5321507059998112,0.8815308040002492,1.5206557090000388,1.3445669650000127,0.006058825999843975,2.876717670999824,2.8770690999995168,1e-07,,80000,v6_btab
35721,expanded_box,topk,8192,,8192,0,"[51, 51]","[103, 103]",10609,topk,8192,,8192,80000,10609,cheap,30,0.01,,,,,,,,,,,,,,,,,inverse,20000,group_c,50,diag,0.001,50,auto,group_c,auto,137,138,7.785130637579767e-08,0,,,2,synthetic_true_func_2d_ntrain300000000,False,NVIDIA A100-SXM4-40GB,cheap,0,0,0,0,0,0,2,35721,,,,,,,,,,,,,1e-05,inverse,299999999.99961233,True,,nan,0,50,diag,0.001,0,0,0,1800814096,False,137.0,matern,0.1,1.5,1.0,,0,3500,btab_auto_topk_8192,189,138,137,75000000,300000000,3500,cufinufft,binned_c1,50,137,7.785130637579767e-08,pcg,converged,137,,True,0.1,0,552.0105234307591,0.0017383863970100077,0.30001252061462036,0,0.1,exact,ok,,0.0006546383188583275,0.09034008800244919,0.001637391510923182,0.22432263699647592,2044451.55891066,25112,,,0.0022452319999501924,4.5962270098615374e-05,0.006296831003510306,5.013467153418728e-05,0.006868450000183657,0.001438253021899776,0.19704066400026932,3.723945902000196,2.944944174000284,0.6180665150000095,0.0,0.13735295300011785,5.869070073591488e-05,0.008040626000820339,,,0.0002932359998339962,1.5316423680001208,3.7273037909999402,1.5305849639998996,4.130015401000037,0.023582259999784583,5.661657769000158,5.661951004999992,1e-07,,80000,v6_btab
35721,expanded_box,topk,10240,,10240,0,"[57, 57]","[115, 115]",13225,topk,10240,,10240,80000,13225,cheap,30,0.01,,,,,,,,,,,,,,,,,inverse,20000,group_c,50,diag,0.001,50,auto,group_c,auto,115,116,8.439075438506471e-08,0,,,2,synthetic_true_func_2d_ntrain300000000,False,NVIDIA A100-SXM4-40GB,cheap,0,0,0,0,0,0,2,35721,,,,,,,,,,,,,1e-05,inverse,299999999.99961233,True,,nan,0,50,diag,0.001,0,0,0,2798410000,False,115.0,matern,0.1,1.5,1.0,,0,3500,btab_auto_topk_10240,189,116,115,75000000,300000000,3500,cufinufft,binned_c1,50,115,8.439075438506471e-08,pcg,converged,115,,True,0.1,0,321.38903989505314,0.0017384281834783453,0.3000125206437063,0,0.1,exact,ok,,0.0006427503017181967,0.07455903499931082,0.0023648975739295405,0.2719632210018972,1361274.553738643,22496,,,0.0024678429999767104,4.598233046003177e-05,0.0052879680029036535,5.007923476944637e-05,0.005759111998486333,0.0021689180434765623,0.24942557499980467,7.312639693000165,5.164774570000191,1.5060503489999064,0.0,0.41341059200021846,5.6568704356955686e-05,0.006505401001049904,,,0.0002942450000773533,1.5313194240002304,7.316242779999811,1.5203327459998945,7.734957166000186,0.22840418199984924,9.266276590000416,9.266570835000493,1e-07,,80000,v6_btab
35721,expanded_box,topk,20480,,20480,0,"[80, 80]","[161, 161]",25921,topk,20480,,20480,80000,25921,cheap,30,0.01,,cupy,3.049541706882105e-14,2.37613223468825e-15,960,418,418,,418,192,25921,9800,79632384,89464.75748253192,894647.5748253191,0.001,boxeig,20000,group_c,50,diag,0.001,50,auto,group_c,boxeig,1695,1696,9.073609870518108e-08,0,,,2,synthetic_true_func_2d_ntrain300000000,False,NVIDIA A100-SXM4-40GB,cheap,192,0,192,192,0,0,2,35721,,,,,,,3.049541706882105e-14,2.37613223468825e-15,,,,,1e-05,boxeig,299999999.99961233,True,,nan,0,0,,nan,0,0,0,0,False,1695.0,matern,0.1,1.5,1.0,,1648656,3500,btab_boxeig_topk_20480_q192,189,1696,1695,75000000,300000000,3500,cufinufft,binned_c1,50,1695,9.073609870518108e-08,pcg,converged,1695,,True,0.1,0,61.117451836373945,0.0017383919906588862,0.30001252752664254,0,0.1,boxeig,ok,,0.0006488399398587293,1.1004325380004047,0.00045164533333915476,0.7655388400098673,245733.59308476432,9800,,894647.5748253191,0.0034481790003155766,4.612010737119686e-05,0.07817358199417868,4.021418230166354e-05,0.0681630390013197,0.0002652892613575438,0.4496652980010367,0.43582073299967306,0.0,0.0,0.00432495499990182,0.0,5.7773482597904446e-05,0.09792605300344803,0.43149577799977124,,0.08199510199983706,1.5307944090000092,0.4399725399998715,1.5262749539997458,3.375762634000239,0.0,4.906557043000248,4.988552145000085,1e-07,,80000,v7_btab_boxeig
35721,expanded_box,topk,20480,,20480,0,"[80, 80]","[161, 161]",25921,topk,20480,,20480,80000,25921,cheap,30,0.01,,cupy,3.455939475422469e-14,4.9250162945988054e-15,1280,546,546,,546,256,25921,9800,106176512,45066.18247115354,450661.82471153536,0.001,boxeig,20000,group_c,50,diag,0.001,50,auto,group_c,boxeig,1196,1197,9.932569164827355e-08,0,,,2,synthetic_true_func_2d_ntrain300000000,False,NVIDIA A100-SXM4-40GB,cheap,256,0,256,256,0,0,2,35721,,,,,,,3.455939475422469e-14,4.9250162945988054e-15,,,,,1e-05,boxeig,299999999.99961233,True,,nan,0,0,,nan,0,0,0,0,False,1196.0,matern,0.1,1.5,1.0,,1648656,3500,btab_boxeig_topk_20480_q256,189,1197,1196,75000000,300000000,3500,cufinufft,binned_c1,50,1196,9.932569164827355e-08,pcg,converged,1196,,True,0.1,0,61.117451836373945,0.0017384909726179956,0.3000125277681302,0,0.1,boxeig,ok,,0.0006516019490432455,0.7799675330047648,0.00047208688209611927,0.5646159109869586,245733.59308476432,9800,,450661.82471153536,0.003520268000102078,4.602779012678558e-05,0.05504923699163555,4.0461119565589496e-05,0.04839149900044504,0.00028525820819657894,0.3411688170031084,0.49752154499992685,0.0,0.0,0.0010451739999552956,0.0,5.773498578438622e-05,0.06905104299812592,0.49647637099997155,,0.10802304399976492,1.529875021999942,0.5018404130000818,1.5392529269997794,2.60523787000011,0.0,4.135112892000052,4.243135935999817,1e-07,,80000,v7_btab_boxeig
35721,expanded_box,topk,20480,,20480,0,"[80, 80]","[161, 161]",25921,topk,20480,,20480,80000,25921,cheap,30,0.01,,cupy,6.876127724880025e-14,6.333979369644495e-15,1600,674,674,,674,320,25921,9800,132720640,26920.289736935876,269202.89736935875,0.001,boxeig,20000,group_c,50,diag,0.001,50,auto,group_c,boxeig,919,920,9.754720140006817e-08,0,,,2,synthetic_true_func_2d_ntrain300000000,False,NVIDIA A100-SXM4-40GB,cheap,320,0,320,320,0,0,2,35721,,,,,,,6.876127724880025e-14,6.333979369644495e-15,,,,,1e-05,boxeig,299999999.99961233,True,,nan,0,0,,nan,0,0,0,0,False,919.0,matern,0.1,1.5,1.0,,1648656,3500,btab_boxeig_topk_20480_q320,189,920,919,75000000,300000000,3500,cufinufft,binned_c1,50,919,9.754720140006817e-08,pcg,converged,919,,True,0.1,0,61.117451836373945,0.0017382787528091431,0.3000125280612532,0,0.1,boxeig,ok,,0.0006533025608657384,0.6010383559964794,0.0004937311284109523,0.4537389070096651,245733.59308476432,9800,,269202.89736935875,0.0035727460003727174,4.59485788875046e-05,0.04222674399761672,4.025922307440726e-05,0.036998226005380275,0.0003075282263330559,0.2826184400000784,0.6301763459996437,0.0,0.0,0.0010641549997671973,0.0,5.7681347115327264e-05,0.053009157998985756,0.6291121909998765,,0.13459371899989492,1.5299896619999345,0.6346484850000707,1.5284001009999884,2.271974567000143,0.0,3.8019642290000775,3.9365579479999724,1e-07,,80000,v7_btab_boxeig
35721,expanded_box,topk,20480,,20480,0,"[80, 80]","[161, 161]",25921,topk,20480,,20480,80000,25921,cheap,30,0.01,,cupy,8.475871934968604e-14,1.0424469488791992e-14,1920,802,802,,802,384,25921,9800,159264768,17261.100082979247,172611.00082979247,0.001,boxeig,20000,group_c,50,diag,0.001,50,auto,group_c,boxeig,686,687,9.925987983506333e-08,0,,,2,synthetic_true_func_2d_ntrain300000000,False,NVIDIA A100-SXM4-40GB,cheap,384,0,384,384,0,0,2,35721,,,,,,,8.475871934968604e-14,1.0424469488791992e-14,,,,,1e-05,boxeig,299999999.99961233,True,,nan,0,0,,nan,0,0,0,0,False,686.0,matern,0.1,1.5,1.0,,1648656,3500,btab_boxeig_topk_20480_q384,189,687,686,75000000,300000000,3500,cufinufft,binned_c1,50,686,9.925987983506333e-08,pcg,converged,686,,True,0.1,0,61.117451836373945,0.0017380000239987268,0.30001252935876127,0,0.1,boxeig,ok,,0.0006504896928487708,0.44688641898710557,0.0005406011865885248,0.370852413999728,245733.59308476432,9800,,172611.00082979247,0.0033973019999393728,4.651325510647163e-05,0.03190809300303954,4.093985423858734e-05,0.028084740007670916,0.000352765657431471,0.24199724099798914,1.484533029999966,0.0,0.0,0.0010293459999957122,0.0,5.769991545682597e-05,0.039582142003382614,1.4835036839999702,,0.1612092919999668,1.5303479680001146,1.48890908400017,1.5170487420000427,2.74042326100016,0.0,4.270771229000275,4.431980521000241,1e-07,,80000,v7_btab_boxeig
35721,expanded_box,topk,20480,,20480,0,"[80, 80]","[161, 161]",25921,topk,20480,,20480,80000,25921,cheap,30,0.01,,cupy,2.963874224616543e-13,1.433643080892238e-14,2240,930,930,,930,448,25921,9800,185808896,12033.775889358494,120337.75889358493,0.001,boxeig,20000,group_c,50,diag,0.001,50,auto,group_c,boxeig,555,556,9.631106427740063e-08,0,,,2,synthetic_true_func_2d_ntrain300000000,False,NVIDIA A100-SXM4-40GB,cheap,448,0,448,448,0,0,2,35721,,,,,,,2.963874224616543e-13,1.433643080892238e-14,,,,,1e-05,boxeig,299999999.99961233,True,,nan,0,0,,nan,0,0,0,0,False,555.0,matern,0.1,1.5,1.0,,1648656,3500,btab_boxeig_topk_20480_q448,189,556,555,75000000,300000000,3500,cufinufft,binned_c1,50,555,9.631106427740063e-08,pcg,converged,555,,True,0.1,0,61.117451836373945,0.0017378769787195422,0.30001252998759315,0,0.1,boxeig,ok,,0.0006668567481853165,0.370772351991036,0.0006006871063241839,0.33338134400992203,245733.59308476432,9800,,120337.75889358493,0.0034071810000568803,4.799453873102221e-05,0.026636968995717325,4.329483424314546e-05,0.024028633004945732,0.0004056602774899393,0.22514145400691632,2.7703495710002244,0.0,0.0,0.0010952940001516254,0.0,6.037123783752175e-05,0.03350603699982457,2.7692542770000728,,0.1881559590001416,1.5300640170003135,2.774941026000306,1.5207066140001189,3.842819741999847,0.0,5.37288375900016,5.561039718000302,1e-07,,80000,v7_btab_boxeig
35721,expanded_box,topk,25720,,25720,0,"[90, 90]","[181, 181]",32761,topk,25720,,25720,80000,32761,cheap,30,0.01,,cupy,2.3804733540987455e-14,2.339006555932559e-15,960,418,418,,418,192,32761,2960,100644864,89464.779620758,894647.7962075799,0.001,boxeig,20000,group_c,50,diag,0.001,50,auto,group_c,boxeig,1855,1856,9.797475974280539e-08,0,,,2,synthetic_true_func_2d_ntrain300000000,False,NVIDIA A100-SXM4-40GB,cheap,192,0,192,192,0,0,2,35721,,,,,,,2.3804733540987455e-14,2.339006555932559e-15,,,,,1e-05,boxeig,299999999.99961233,True,,nan,0,0,,nan,0,0,0,0,False,1855.0,matern,0.1,1.5,1.0,,2085136,3500,btab_boxeig_topk_25720_q192,189,1856,1855,75000000,300000000,3500,cufinufft,binned_c1,50,1855,9.797475974280539e-08,pcg,converged,1855,,True,0.1,0,34.22564399829071,0.0017385236821581332,0.30001252840742604,0,0.1,boxeig,ok,,0.0006391039806192209,1.186176988029274,0.00047340750134957727,0.8781709150034658,55168.59487875234,2960,,894647.7962075799,0.004133822999847325,4.6767844740909175e-05,0.08675435199438652,4.129035094426137e-05,0.07659360100160484,0.00028474759406998235,0.5282067869998173,1.2684120359999724,0.0,0.0,0.17191899199997351,0.0,5.798263234608831e-05,0.10755778300199381,1.096493043999999,,0.07889557599992258,1.530174889999671,1.2733882589996028,1.5236459289999402,4.501267867000024,0.0,6.031442756999695,6.110338332999618,1e-07,,80000,v7_btab_boxeig
35721,expanded_box,topk,25720,,25720,0,"[90, 90]","[181, 181]",32761,topk,25720,,25720,80000,32761,cheap,30,0.01,,cupy,6.131515265299625e-14,4.158930098525641e-15,1280,546,546,,546,256,32761,2960,134193152,45066.202724982315,450662.02724982315,0.001,boxeig,20000,group_c,50,diag,0.001,50,auto,group_c,boxeig,1322,1323,9.935938098025314e-08,0,,,2,synthetic_true_func_2d_ntrain300000000,False,NVIDIA A100-SXM4-40GB,cheap,256,0,256,256,0,0,2,35721,,,,,,,6.131515265299625e-14,4.158930098525641e-15,,,,,1e-05,boxeig,299999999.99961233,True,,nan,0,0,,nan,0,0,0,0,False,1322.0,matern,0.1,1.5,1.0,,2085136,3500,btab_boxeig_topk_25720_q256,189,1323,1322,75000000,300000000,3500,cufinufft,binned_c1,50,1322,9.935938098025314e-08,pcg,converged,1322,,True,0.1,0,34.22564399829071,0.0017386670248911557,0.30001252858558297,0,0.1,boxeig,ok,,0.0006549380279699322,0.8664830110042203,0.0005330233146715134,0.7046568219957408,55168.59487875234,2960,,450662.02724982315,0.003910542000085115,4.674935325140072e-05,0.06180264499835175,4.209937746337936e-05,0.055655377006587514,0.00034305454840046965,0.4535181129854209,1.8806995449999704,0.0,0.0,0.0010537289999774657,0.0,5.8787217848711135e-05,0.07771670199599612,1.879645815999993,,0.10432599900013884,1.5300612519999959,1.8855153419999624,1.5303617270001268,4.310455757,0.0,5.840517008999996,5.944843008000134,1e-07,,80000,v7_btab_boxeig
35721,expanded_box,topk,25720,,25720,0,"[90, 90]","[181, 181]",32761,topk,25720,,25720,80000,32761,cheap,30,0.01,,cupy,9.703656077623572e-14,8.389642728996379e-15,1600,674,674,,674,320,32761,2960,167741440,26920.311566611355,269203.11566611356,0.001,boxeig,20000,group_c,50,diag,0.001,50,auto,group_c,boxeig,1006,1007,9.988576888590058e-08,0,,,2,synthetic_true_func_2d_ntrain300000000,False,NVIDIA A100-SXM4-40GB,cheap,320,0,320,320,0,0,2,35721,,,,,,,9.703656077623572e-14,8.389642728996379e-15,,,,,1e-05,boxeig,299999999.99961233,True,,nan,0,0,,nan,0,0,0,0,False,1006.0,matern,0.1,1.5,1.0,,2085136,3500,btab_boxeig_topk_25720_q320,189,1007,1006,75000000,300000000,3500,cufinufft,binned_c1,50,1006,9.988576888590058e-08,pcg,converged,1006,,True,0.1,0,34.22564399829071,0.001738578617100093,0.30001252953070684,0,0.1,boxeig,ok,,0.000664804273096476,0.6694579030081513,0.0005819844970210759,0.5854764040032023,55168.59487875234,2960,,269203.11566611356,0.00395602200023859,4.649491948599085e-05,0.0467738890029068,4.2150633192360396e-05,0.04240353699151456,0.0003892247773419187,0.39156012600597023,0.8816142729997409,0.0,0.0,0.0010449699998389406,0.0,6.14250159061604e-05,0.061793566001597355,0.880569302999902,,0.1302515850002237,1.5297724190004374,0.8865656080001827,1.529716446999828,2.793231500999809,0.0,4.323003920000247,4.45325550500047,1e-07,,80000,v7_btab_boxeig
35721,expanded_box,topk,25720,,25720,0,"[90, 90]","[181, 181]",32761,topk,25720,,25720,80000,32761,cheap,30,0.01,,cupy,1.3068273482121733e-13,9.37664530992208e-15,1920,802,802,,802,384,32761,2960,201289728,17261.122440773564,172611.22440773563,0.001,boxeig,20000,group_c,50,diag,0.001,50,auto,group_c,boxeig,758,759,9.391425592424297e-08,0,,,2,synthetic_true_func_2d_ntrain300000000,False,NVIDIA A100-SXM4-40GB,cheap,384,0,384,384,0,0,2,35721,,,,,,,1.3068273482121733e-13,9.37664530992208e-15,,,,,1e-05,boxeig,299999999.99961233,True,,nan,0,0,,nan,0,0,0,0,False,758.0,matern,0.1,1.5,1.0,,2085136,3500,btab_boxeig_topk_25720_q384,189,759,758,75000000,300000000,3500,cufinufft,binned_c1,50,758,9.391425592424297e-08,pcg,converged,758,,True,0.1,0,34.22564399829071,0.0017384054143436169,0.3000125325853033,0,0.1,boxeig,ok,,0.0006473403886669798,0.49133135499823766,0.000611851868075484,0.4637837160012168,55168.59487875234,2960,,172611.22440773563,0.003984943999967072,4.695744722823897e-05,0.03559374499900514,4.243239445557716e-05,0.03216375499732749,0.00042155906859897856,0.31954177399802575,2.098154370999964,0.0,0.0,0.0010675940002329298,0.0,5.851360422898288e-05,0.04435331200556902,2.0970867769997312,,0.15260303699960787,1.5302551929999026,2.1032725639997807,1.5211355090000325,3.541082120000283,0.0,5.0713373130001855,5.223940349999793,1e-07,,80000,v7_btab_boxeig
35721,expanded_box,topk,25720,,25720,0,"[90, 90]","[181, 181]",32761,topk,25720,,25720,80000,32761,cheap,30,0.01,,cupy,2.1561252980584638e-13,1.2274109131483927e-14,2240,930,930,,930,448,32761,2960,234838016,12033.799207820648,120337.99207820647,0.001,boxeig,20000,group_c,50,diag,0.001,50,auto,group_c,boxeig,618,619,9.485510502432637e-08,0,,,2,synthetic_true_func_2d_ntrain300000000,False,NVIDIA A100-SXM4-40GB,cheap,448,0,448,448,0,0,2,35721,,,,,,,2.1561252980584638e-13,1.2274109131483927e-14,,,,,1e-05,boxeig,299999999.99961233,True,,nan,0,0,,nan,0,0,0,0,False,618.0,matern,0.1,1.5,1.0,,2085136,3500,btab_boxeig_topk_25720_q448,189,619,618,75000000,300000000,3500,cufinufft,binned_c1,50,618,9.485510502432637e-08,pcg,converged,618,,True,0.1,0,34.22564399829071,0.0017386895767752054,0.3000125338320253,0,0.1,boxeig,ok,,0.0006466923796324409,0.4003025829924809,0.000662900898065569,0.4096727550045216,55168.59487875234,2960,,120337.99207820647,0.0039124179997998,4.71677249181414e-05,0.029149653999411385,4.320098866604994e-05,0.026698210995618865,0.00047120766505361154,0.2912063370031319,2.456200955999975,0.0,0.0,0.0010412500000711589,0.0,5.8689472494074905e-05,0.03627009400133829,2.455159705999904,,0.17931541500001913,1.5303757140000016,2.461347088000366,1.529863345999729,3.6657606490002763,0.0,5.196136363000278,5.375451778000297,1e-07,,80000,v7_btab_boxeig
35721,expanded_box,topk,35721,,35721,0,"[94, 94]","[189, 189]",35721,topk,35721,,35721,80000,35721,cheap,30,0.01,,cupy,4.389085391292616e-14,2.6169381319557067e-15,960,418,418,,418,192,35721,0,109737984,89464.78466059169,894647.8466059169,0.001,boxeig,20000,group_c,50,diag,0.001,50,auto,group_c,boxeig,1169,1170,9.216562737695756e-08,0,,,2,synthetic_true_func_2d_ntrain300000000,False,NVIDIA A100-SXM4-40GB,cheap,192,0,192,192,0,0,2,35721,,,,,,,4.389085391292616e-14,2.6169381319557067e-15,,,,,1e-05,boxeig,299999999.99961233,True,,nan,0,0,,nan,0,0,0,0,False,1169.0,matern,0.1,1.5,1.0,,2274064,3500,btab_boxeig_topk_35721_q192,189,1170,1169,75000000,300000000,3500,cufinufft,binned_c1,50,1169,9.216562737695756e-08,pcg,converged,1169,,True,0.1,0,0.0,0.001738957992709831,0.3000125284370434,0,0.1,boxeig,ok,,0.0006549610495802391,0.7663044280088798,0.00044005521641697084,0.5144245479914389,0.0,0,,894647.8466059169,0.004625305999979901,1.729749529581852e-05,0.02022077200081185,3.1196995718396235e-05,0.0364692879948052,0.00029317962019130236,0.34272697600363244,0.5169769649996852,0.0,0.0,0.0009578679996593564,0.0,5.7681582555597144e-05,0.06742977000749306,0.5160190970000258,,0.08373292899977969,1.5297925159998158,0.5224269939999431,1.5280838190001305,2.5509219569999004,0.0,4.080714472999716,4.164447401999496,1e-07,,80000,v7_btab_boxeig
35721,expanded_box,topk,35721,,35721,0,"[94, 94]","[189, 189]",35721,topk,35721,,35721,80000,35721,cheap,30,0.01,,cupy,4.914467329451041e-14,4.671106064780378e-15,1280,546,546,,546,256,35721,0,146317312,45066.20729567726,450662.0729567726,0.001,boxeig,20000,group_c,50,diag,0.001,50,auto,group_c,boxeig,812,813,9.9354671551918e-08,0,,,2,synthetic_true_func_2d_ntrain300000000,False,NVIDIA A100-SXM4-40GB,cheap,256,0,256,256,0,0,2,35721,,,,,,,4.914467329451041e-14,4.671106064780378e-15,,,,,1e-05,boxeig,299999999.99961233,True,,nan,0,0,,nan,0,0,0,0,False,812.0,matern,0.1,1.5,1.0,,2274064,3500,btab_boxeig_topk_35721_q256,189,813,812,75000000,300000000,3500,cufinufft,binned_c1,50,812,9.9354671551918e-08,pcg,converged,812,,True,0.1,0,0.0,0.0017392427011230613,0.3000125310236097,0,0.1,boxeig,ok,,0.0006790980282874853,0.5521066969977255,0.000509273242610577,0.4135298729997885,0.0,0,,450662.0729567726,0.0047123780000219995,1.7181715523364636e-05,0.013951553004972084,3.1318645316334786e-05,0.02543073999686385,0.00035489450615689306,0.28817433899939715,0.682558789000268,0.0,0.0,0.0009596400000191352,0.0,6.160100738460968e-05,0.05002001799630307,0.6815991490002489,,0.1088452200001484,1.5304407690000517,0.6882156980000218,1.5356963320000432,2.190571267999985,0.0,3.721012037000037,3.829857257000185,1e-07,,80000,v7_btab_boxeig
35721,expanded_box,topk,35721,,35721,0,"[94, 94]","[189, 189]",35721,topk,35721,,35721,80000,35721,cheap,30,0.01,,cupy,1.1882118464693532e-13,6.782164671618432e-15,1600,674,674,,674,320,35721,0,182896640,26920.316466578042,269203.1646657804,0.001,boxeig,20000,group_c,50,diag,0.001,50,auto,group_c,boxeig,639,640,9.700435131045032e-08,0,,,2,synthetic_true_func_2d_ntrain300000000,False,NVIDIA A100-SXM4-40GB,cheap,320,0,320,320,0,0,2,35721,,,,,,,1.1882118464693532e-13,6.782164671618432e-15,,,,,1e-05,boxeig,299999999.99961233,True,,nan,0,0,,nan,0,0,0,0,False,639.0,matern,0.1,1.5,1.0,,2274064,3500,btab_boxeig_topk_35721_q320,189,640,639,75000000,300000000,3500,cufinufft,binned_c1,50,639,9.700435131045032e-08,pcg,converged,639,,True,0.1,0,0.0,0.0017391945374428744,0.3000125309820079,0,0.1,boxeig,ok,,0.0006619343968800706,0.4236380140032452,0.0005441808372362604,0.34773155499397035,0.0,0,,269203.1646657804,0.004591463999986445,1.742094053965124e-05,0.011131981004837144,3.236065414784832e-05,0.020678458000475075,0.00039425192019283635,0.2519269770032224,0.6268029710004157,0.0,0.0,0.000936711000122159,0.0,5.87957245668132e-05,0.037570467998193635,0.6258662600002936,,0.139150865999909,1.5298068560000502,0.6324750220001079,1.5195731759999944,1.8211877140001889,0.0,3.350994570000239,3.490145436000148,1e-07,,80000,v7_btab_boxeig
35721,expanded_box,topk,35721,,35721,0,"[94, 94]","[189, 189]",35721,topk,35721,,35721,80000,35721,cheap,30,0.01,,cupy,7.174857848380187e-14,8.915928413938875e-15,1920,802,802,,802,384,35721,0,219475968,17261.1274690394,172611.27469039397,0.001,boxeig,20000,group_c,50,diag,0.001,50,auto,group_c,boxeig,503,504,9.988005879970009e-08,0,,,2,synthetic_true_func_2d_ntrain300000000,False,NVIDIA A100-SXM4-40GB,cheap,384,0,384,384,0,0,2,35721,,,,,,,7.174857848380187e-14,8.915928413938875e-15,,,,,1e-05,boxeig,299999999.99961233,True,,nan,0,0,,nan,0,0,0,0,False,503.0,matern,0.1,1.5,1.0,,2274064,3500,btab_boxeig_topk_35721_q384,189,504,503,75000000,300000000,3500,cufinufft,binned_c1,50,503,9.988005879970009e-08,pcg,converged,503,,True,0.1,0,0.0,0.0017390671804463445,0.3000125328401297,0,0.1,boxeig,ok,,0.0006485696746137494,0.3268791160053297,0.0005884719005980858,0.29600136600083715,0.0,0,,172611.27469039397,0.0045451370001501346,1.7016769385157223e-05,0.008559435000734084,3.172396025269188e-05,0.015957152007104014,0.0004415681312153903,0.22210877000134133,0.7474240360002113,0.0,0.0,0.0009141489999819896,0.0,5.730987873509185e-05,0.0288268690037512,0.7465098870002294,,0.16330586000003677,1.529667199999949,0.7531615050002074,1.5184191220000685,1.6969655170000806,0.0,3.2266327170000295,3.3899385770000663,1e-07,,80000,v7_btab_boxeig
35721,expanded_box,topk,35721,,35721,0,"[94, 94]","[189, 189]",35721,topk,35721,,35721,80000,35721,cheap,30,0.01,,cupy,3.7249758787145145e-13,1.4175466878574227e-14,2240,930,930,,930,448,35721,0,256055296,12033.804541007534,120338.04541007533,0.001,boxeig,20000,group_c,50,diag,0.001,50,auto,group_c,boxeig,409,410,9.944601651213586e-08,0,,,2,synthetic_true_func_2d_ntrain300000000,False,NVIDIA A100-SXM4-40GB,cheap,448,0,448,448,0,0,2,35721,,,,,,,3.7249758787145145e-13,1.4175466878574227e-14,,,,,1e-05,boxeig,299999999.99961233,True,,nan,0,0,,nan,0,0,0,0,False,409.0,matern,0.1,1.5,1.0,,2274064,3500,btab_boxeig_topk_35721_q448,189,410,409,75000000,300000000,3500,cufinufft,binned_c1,50,409,9.944601651213586e-08,pcg,converged,409,,True,0.1,0,0.0,0.0017393670865169443,0.30001253443742554,0,0.1,boxeig,ok,,0.0006612101170736512,0.271096148000197,0.0006474922713889883,0.2648243389980962,0.0,0,,120338.04541007533,0.004603890999987925,1.732313203564398e-05,0.0070851610025783884,3.24910317791444e-05,0.013288831997670059,0.0004981188850776577,0.203730623996762,0.9093601009999475,0.0,0.0,0.0009304999998676067,0.0,5.822674084035224e-05,0.023814737003704067,0.9084296010000799,,0.1890483300003325,1.5306237230001898,0.91529656099965,1.5238598020000609,1.7180232119999346,0.0,3.2486469350001244,3.437695265000457,1e-07,,80000,v7_btab_boxeig
35721,,,,,,,,,,,,,,,,,,,,,,,,,,,,,,,,,,,,,group_c,,,,,,group_c,,8729,8730,9.920442956844038e-08,,,,2,synthetic_true_func_2d_ntrain100000000,False,NVIDIA A100-SXM4-40GB,,,,,,,,2,35721,,,,,,,,,0,0,,,1e-05,,,True,,,,,,,,,,,False,8729.0,matern,0.1,1.5,1.0,,,80000,plain_cg,189,8730,,25000000,100000000,3500,cufinufft,cufinufft,,,,,,,,True,0.1,0,,0.002953597248512007,0.3000157117066346,0,,,ok,,0.0006424520136299423,5.608606078989396,,,,,,,,,,,,,,,,,,,,,,,,1.0033941039996535,,0.5168156390000149,9.549125387000004,,10.552520180999636,,1e-07,,80000,v1
35721,,,,,,,,,,,,,,,,,,,,,,,,,,,,,,,,,,,,,group_c,,,,,,group_c,,2986,2987,9.717190679201672e-08,,,nan,2,synthetic_true_func_2d_ntrain100000000,False,NVIDIA A100-SXM4-40GB,,,,,,,,2,35721,72,3,nan,,160606.60466515427,0.01114263422167585,,,5,352,0.0005369890928268433,0.18902016067504884,1e-05,,,True,[],,,,,,,,,,False,2986.0,matern,0.1,1.5,1.0,nan,,3500,eigenpro_pcg_q64,189,2987,2986,25000000,100000000,3500,cufinufft,binned_c1,,,,,,,full_eigenpro,True,0.1,0,,0.0029681976086141427,0.30001570518328796,0,,,ok,,0.0006576618342795742,1.964435898993088,0.0001864484507683631,0.5567350739943322,,,[],,,,,,,,,,,,,,,,,0.22414727100021992,,0.5299775209996369,0.0003203379997103184,0.5307043359998715,4.4627632010001435,,5.217208330999711,,1e-07,64,80000,v3
35721,,,,,,,,,,,,,,,,,,,,,,,,,,,,,,,,,,,,,group_c,,,,,,group_c,,1667,1668,9.060930145361229e-08,,,nan,2,synthetic_true_func_2d_ntrain100000000,False,NVIDIA A100-SXM4-40GB,,,,,,,,2,35721,136,3,nan,,60575.74477460224,0.004187109054952157,,,5,672,0.00053439085824149,0.35911065673828124,1e-05,,,True,[],,,,,,,,,,False,1667.0,matern,0.1,1.5,1.0,nan,,3500,eigenpro_pcg_q128,189,1668,1667,25000000,100000000,3500,cufinufft,binned_c1,,,,,,,full_eigenpro,True,0.1,0,,0.0029682337436026177,0.3000157053320244,0,,,ok,,0.0006499066720655499,1.0840443290053372,0.00021347773904956623,0.3558673909956269,,,[],,,,,,,,,,,,,,,,,0.4254788019998159,,0.5264834399999927,0.0003271770001447294,0.5285117300004458,2.515829878999739,,3.468119297999692,,1e-07,128,80000,v3
35721,,,,,,,,,,,,,,,,,,,,,,,,,,,,,,,,,,,,,group_c,,,,,,group_c,,757,758,9.350507094187302e-08,,,nan,2,synthetic_true_func_2d_ntrain100000000,False,NVIDIA A100-SXM4-40GB,,,,,,,,2,35721,264,3,nan,,18819.877854820617,0.0013002858828979954,,,5,1312,0.000550855031827601,0.7227218017578125,1e-05,,,True,[],,,,,,,,,,False,757.0,matern,0.1,1.5,1.0,nan,,3500,eigenpro_pcg_q256,189,758,757,25000000,100000000,3500,cufinufft,binned_c1,,,,,,,full_eigenpro,True,0.1,0,,0.002968415738145421,0.3000157083850316,0,,,ok,,0.0006568215501386651,0.49787073500510814,0.0003263696340789951,0.24706181299779928,,,[],,,,,,,,,,,,,,,,,0.8607737990000714,,0.5265339729999141,0.0003131859998575237,0.5165933270000096,1.2371458299999176,,2.6247667879997607,,1e-07,256,80000,v3
35721,,,,,,,,,,,,,,,,,,,,,,,,,,,,,,,,,,,,,group_c,,,,,,group_c,,585,586,9.15329870039022e-08,,,nan,2,synthetic_true_func_2d_ntrain100000000,False,NVIDIA A100-SXM4-40GB,,,,,,,,2,35721,328,3,nan,,12487.658938886285,0.000862765316815294,,,5,1632,0.0005571545058605718,0.9092761535644531,1e-05,,,True,[],,,,,,,,,,False,585.0,matern,0.1,1.5,1.0,nan,,3500,eigenpro_pcg_q320,189,586,585,25000000,100000000,3500,cufinufft,binned_c1,,,,,,,full_eigenpro,True,0.1,0,,0.002968399758981472,0.3000157089290565,0,,,ok,,0.0006533100221812559,0.382839672998216,0.000376791548710299,0.22042305599552492,,,[],,,,,,,,,,,,,,,,,1.0838131650002651,,0.5264877720001095,0.0003048720000151661,0.5293738430000303,0.9835347069997624,,2.5941405160001523,,1e-07,320,80000,v3
35721,,,,,,,,,,,,,,,,,,,,,,,,,,,,,,,,,,,,,group_c,,,,,,group_c,,471,472,9.806554724894773e-08,,,nan,2,synthetic_true_func_2d_ntrain100000000,False,NVIDIA A100-SXM4-40GB,,,,,,,,2,35721,392,3,nan,,9068.114424291058,0.0006265052437655702,,,5,1952,0.000566386887284576,1.1055872039794923,1e-05,,,True,[],,,,,,,,,,False,471.0,matern,0.1,1.5,1.0,nan,,3500,eigenpro_pcg_q384,189,472,471,25000000,100000000,3500,cufinufft,binned_c1,,,,,,,full_eigenpro,True,0.1,0,,0.002968344022276365,0.30001570965241564,0,,,ok,,0.000651318167373482,0.30742217500028346,0.0004246144522224674,0.19999340699678214,,,[],,,,,,,,,,,,,,,,,1.3185100449995844,,0.5268346790003307,0.00030860500010021497,0.5129452109999875,0.8132722559998911,,2.6589255849999063,,1e-07,384,80000,v3
35721,,,,,,,,,,,,,,,,,,,,,,,,,,,,,,,,,,,,,group_c,,,,,,group_c,,387,388,9.945500796215262e-08,,,nan,2,synthetic_true_func_2d_ntrain100000000,False,NVIDIA A100-SXM4-40GB,,,,,,,,2,35721,456,3,nan,,6791.981220286822,0.0004692479764314157,,,5,2272,0.0005733566149859361,1.3026662292480469,1e-05,,,True,[],,,,,,,,,,False,387.0,matern,0.1,1.5,1.0,nan,,3500,eigenpro_pcg_q448,189,388,387,25000000,100000000,3500,cufinufft,binned_c1,,,,,,,full_eigenpro,True,0.1,0,,0.002968563492866841,0.3000157104673742,0,,,ok,,0.0006591913917695023,0.2557662600065669,0.0004838344237740613,0.18724392200056172,,,[],,,,,,,,,,,,,,,,,1.558983755999634,,0.5268109020003067,0.0003085110001848079,0.532080144000247,0.6986785579997559,,2.7847817269998814,,1e-07,448,80000,v3
35721,expanded_box,topk,2048,,2048,0,"[25, 25]","[51, 51]",2601,topk,2048,,2048,80000,2601,cheap,30,0.01,,,,,,,,,,,,,,,,,inverse,20000,group_c,50,diag,0.001,50,auto,group_c,auto,392,393,9.590552384869008e-08,0,,,2,synthetic_true_func_2d_ntrain100000000,False,NVIDIA A100-SXM4-40GB,cheap,0,0,0,0,0,0,2,35721,,,,,,,,,,,,,1e-05,inverse,99999999.99987099,True,,nan,0,50,diag,0.001,0,0,0,108243216,False,392.0,matern,0.1,1.5,1.0,,0,3500,btab_auto_topk_2048,189,393,392,25000000,100000000,3500,cufinufft,binned_c1,50,392,9.590552384869008e-08,pcg,converged,392,,True,0.1,0,5454.774475023671,0.0029680428320772063,0.3000157021137239,0,0.1,exact,ok,,0.0006432816386759742,0.25280968399965786,0.0003412816658234468,0.13378241300279115,6302111.968147912,33120,,,0.0017094690001613344,4.5088943877823224e-05,0.017674866000106704,4.279191069386166e-05,0.016774428991993773,0.00015455134180391333,0.06058412598713403,0.19229314899985184,0.16958672900000238,0.01412509300007514,0.0,0.006981675000133691,5.660802040271234e-05,0.022190343997863238,,,0.00031338300004790653,0.527022424000279,0.19494937799981926,0.5136501110000609,0.8242180389997884,0.0015996519996406278,1.3512404630000674,1.3515538460001153,1e-07,,80000,v6_btab
35721,expanded_box,topk,4096,,4096,0,"[36, 36]","[73, 73]",5329,topk,4096,,4096,80000,5329,cheap,30,0.01,,,,,,,,,,,,,,,,,inverse,20000,group_c,50,diag,0.001,50,auto,group_c,auto,187,188,8.73124565234418e-08,0,,,2,synthetic_true_func_2d_ntrain100000000,False,NVIDIA A100-SXM4-40GB,cheap,0,0,0,0,0,0,2,35721,,,,,,,,,,,,,1e-05,inverse,99999999.99987099,True,,nan,0,50,diag,0.001,0,0,0,454371856,False,187.0,matern,0.1,1.5,1.0,,0,3500,btab_auto_topk_4096,189,188,187,25000000,100000000,3500,cufinufft,binned_c1,50,187,8.73124565234418e-08,pcg,converged,187,,True,0.1,0,983.8544610406407,0.002967982798611622,0.3000157021256957,0,0.1,exact,ok,,0.0006523535691311291,0.12264247099665226,0.0006095302299516645,0.11398215300096126,2124139.946790334,30392,,,0.0018597180001052038,4.5436165784489527e-05,0.008496563001699542,4.655911230014788e-05,0.008706554000127653,0.0004163218235186059,0.0778521809979793,0.8830360290003227,0.7569818630004193,0.09515264499987097,0.0,0.024824015000376676,5.7385689853646985e-05,0.010731124002631987,,,0.00030605200026911916,0.5268797149997226,0.8859848480001347,0.5117457679998552,1.2416858490000777,0.006077505999655841,1.7685655639998004,1.7688716160000695,1e-07,,80000,v6_btab
35721,expanded_box,topk,8192,,8192,0,"[51, 51]","[103, 103]",10609,topk,8192,,8192,80000,10609,cheap,30,0.01,,,,,,,,,,,,,,,,,inverse,20000,group_c,50,diag,0.001,50,auto,group_c,auto,86,87,8.882194375513188e-08,0,,,2,synthetic_true_func_2d_ntrain100000000,False,NVIDIA A100-SXM4-40GB,cheap,0,0,0,0,0,0,2,35721,,,,,,,,,,,,,1e-05,inverse,99999999.99987099,True,,nan,0,50,diag,0.001,0,0,0,1800814096,False,86.0,matern,0.1,1.5,1.0,,0,3500,btab_auto_topk_8192,189,87,86,25000000,100000000,3500,cufinufft,binned_c1,50,86,8.882194375513188e-08,pcg,converged,86,,True,0.1,0,184.00350665311925,0.002968050425122045,0.30001570222327945,0,0.1,exact,ok,,0.0006454507816022084,0.05615421799939213,0.001630676244171492,0.1402381569987483,681483.8486543932,25112,,,0.002267952000238438,4.527448841462353e-05,0.0038936060036576237,4.872010465057196e-05,0.0041899289999491884,0.001435268279084444,0.12343307200126219,3.774707089000003,2.974656474999847,0.6215808940000898,0.0,0.1548764780000056,5.696825581803433e-05,0.004899270000350953,,,0.00031087900015336345,0.5273964919997525,3.7781253100001777,0.5088241779999407,4.029007316999923,0.023593242000060854,4.556403808999676,4.556714687999829,1e-07,,80000,v6_btab
35721,expanded_box,topk,10240,,10240,0,"[57, 57]","[115, 115]",13225,topk,10240,,10240,80000,13225,cheap,30,0.01,,,,,,,,,,,,,,,,,inverse,20000,group_c,50,diag,0.001,50,auto,group_c,auto,74,75,8.988957498365764e-08,0,,,2,synthetic_true_func_2d_ntrain100000000,False,NVIDIA A100-SXM4-40GB,cheap,0,0,0,0,0,0,2,35721,,,,,,,,,,,,,1e-05,inverse,99999999.99987099,True,,nan,0,50,diag,0.001,0,0,0,2798410000,False,74.0,matern,0.1,1.5,1.0,,0,3500,btab_auto_topk_10240,189,75,74,25000000,100000000,3500,cufinufft,binned_c1,50,74,8.988957498365764e-08,pcg,converged,74,,True,0.1,0,107.12967928901587,0.002968049961759499,0.3000157020379953,0,0.1,exact,ok,,0.0006659481333614773,0.0499461100021108,0.0023851812972888846,0.17650341599937747,453758.18170102534,22496,,,0.0024735710003369604,4.524649998038021e-05,0.0033482409985481354,5.0579013525969676e-05,0.0037428470009217563,0.0021874050945997797,0.1618679770003837,6.087066002000029,4.647733590999906,1.1584623779999674,0.0,0.2441448509998736,5.736479724996693e-05,0.004244994996497553,,,0.0002799740000227757,0.5274378989997786,6.090735243999916,0.5131504999999379,6.365112242000123,0.036725182000282075,6.8925501409999015,6.892830114999924,1e-07,,80000,v6_btab
35721,expanded_box,topk,20480,,20480,0,"[80, 80]","[161, 161]",25921,topk,20480,,20480,80000,25921,cheap,30,0.01,,cupy,2.406440291605941e-14,2.3158218756812333e-15,960,418,418,,418,192,25921,9800,79632384,29823.622197696866,298236.22197696863,0.001,boxeig,20000,group_c,50,diag,0.001,50,auto,group_c,boxeig,1404,1405,9.385358331071484e-08,0,,,2,synthetic_true_func_2d_ntrain100000000,False,NVIDIA A100-SXM4-40GB,cheap,192,0,192,192,0,0,2,35721,,,,,,,2.406440291605941e-14,2.3158218756812333e-15,,,,,1e-05,boxeig,99999999.99987099,True,,nan,0,0,,nan,0,0,0,0,False,1404.0,matern,0.1,1.5,1.0,,1648656,3500,btab_boxeig_topk_20480_q192,189,1405,1404,25000000,100000000,3500,cufinufft,binned_c1,50,1404,9.385358331071484e-08,pcg,converged,1404,,True,0.1,0,20.37248381602624,0.002968133735860086,0.3000157082435302,0,0.1,boxeig,ok,,0.0006608684747334337,0.9285202070004743,0.0004565211246430139,0.6409556589987915,81911.19717359901,9800,,298236.22197696863,0.003502614999888465,4.621585683259693e-05,0.0648870629929661,4.055281481266302e-05,0.05693615199697888,0.00026886537393155626,0.37748698499990496,0.36752514399950087,0.0,0.0,0.0011520749999363034,0.0,5.8585023509587644e-05,0.08225337300746105,0.36637306899956457,,0.0815639820002616,0.5277281080002467,0.37174967200007814,0.5336815299997397,2.8391295930000524,0.0,3.366857701000299,3.4484216830005607,1e-07,,80000,v7_btab_boxeig
35721,expanded_box,topk,20480,,20480,0,"[80, 80]","[161, 161]",25921,topk,20480,,20480,80000,25921,cheap,30,0.01,,cupy,3.8392931859614253e-14,3.4131188505987166e-15,1280,546,546,,546,256,25921,9800,106176512,15023.303580842123,150233.0358084212,0.001,boxeig,20000,group_c,50,diag,0.001,50,auto,group_c,boxeig,976,977,9.7134285554726e-08,0,,,2,synthetic_true_func_2d_ntrain100000000,False,NVIDIA A100-SXM4-40GB,cheap,256,0,256,256,0,0,2,35721,,,,,,,3.8392931859614253e-14,3.4131188505987166e-15,,,,,1e-05,boxeig,99999999.99987099,True,,nan,0,0,,nan,0,0,0,0,False,976.0,matern,0.1,1.5,1.0,,1648656,3500,btab_boxeig_topk_20480_q256,189,977,976,25000000,100000000,3500,cufinufft,binned_c1,50,976,9.7134285554726e-08,pcg,converged,976,,True,0.1,0,20.37248381602624,0.0029680374531598484,0.3000157090933559,0,0.1,boxeig,ok,,0.0006574168659149095,0.6422962779988666,0.000477828828898558,0.4663609370049926,81911.19717359901,9800,,150233.0358084212,0.0035252449997642543,4.635419159719694e-05,0.045241690998864215,4.07387827947071e-05,0.039761052007634134,0.00028927276639339024,0.2823302199999489,1.3560689010000715,0.0,0.0,0.0011296249999759311,0.0,5.8785259213556083e-05,0.057374412992430734,1.3549392760000956,,0.10717377299988584,0.5275621010000577,1.3604080330001125,0.5292758410000715,3.0912549409999883,0.0,3.618817042000046,3.725990814999932,1e-07,,80000,v7_btab_boxeig
35721,expanded_box,topk,20480,,20480,0,"[80, 80]","[161, 161]",25921,topk,20480,,20480,80000,25921,cheap,30,0.01,,cupy,5.867943381325785e-14,7.025312033842599e-15,1600,674,674,,674,320,25921,9800,132720640,8975.141081583679,89751.41081583679,0.001,boxeig,20000,group_c,50,diag,0.001,50,auto,group_c,boxeig,769,770,9.621079272158218e-08,0,,,2,synthetic_true_func_2d_ntrain100000000,False,NVIDIA A100-SXM4-40GB,cheap,320,0,320,320,0,0,2,35721,,,,,,,5.867943381325785e-14,7.025312033842599e-15,,,,,1e-05,boxeig,99999999.99987099,True,,nan,0,0,,nan,0,0,0,0,False,769.0,matern,0.1,1.5,1.0,,1648656,3500,btab_boxeig_topk_20480_q320,189,770,769,25000000,100000000,3500,cufinufft,binned_c1,50,769,9.621079272158218e-08,pcg,converged,769,,True,0.1,0,20.37248381602624,0.0029680165525783684,0.30001570864175275,0,0.1,boxeig,ok,,0.0006610783441569116,0.5090303250008219,0.0004960874460228649,0.38149124599158313,81911.19717359901,9800,,89751.41081583679,0.003449992000241764,4.591410144892197e-05,0.03530794401422099,4.062840571646209e-05,0.031243243995959347,0.0003088455448603129,0.23750222399758059,0.6052321670003948,0.0,0.0,0.001079741000012291,0.0,5.7983232762573196e-05,0.04458910599441879,0.6041524260003825,,0.13508212299984734,0.5270190029996229,0.6095803550001619,0.5336374399998931,1.9939299370003027,0.0,2.5209489399999256,2.656031062999773,1e-07,,80000,v7_btab_boxeig
35721,expanded_box,topk,20480,,20480,0,"[80, 80]","[161, 161]",25921,topk,20480,,20480,80000,25921,cheap,30,0.01,,cupy,8.544046260767241e-14,1.0872653583307234e-14,1920,802,802,,802,384,25921,9800,159264768,5753.238377586244,57532.383775862436,0.001,boxeig,20000,group_c,50,diag,0.001,50,auto,group_c,boxeig,613,614,9.476497941546331e-08,0,,,2,synthetic_true_func_2d_ntrain100000000,False,NVIDIA A100-SXM4-40GB,cheap,384,0,384,384,0,0,2,35721,,,,,,,8.544046260767241e-14,1.0872653583307234e-14,,,,,1e-05,boxeig,99999999.99987099,True,,nan,0,0,,nan,0,0,0,0,False,613.0,matern,0.1,1.5,1.0,,1648656,3500,btab_boxeig_topk_20480_q384,189,614,613,25000000,100000000,3500,cufinufft,binned_c1,50,613,9.476497941546331e-08,pcg,converged,613,,True,0.1,0,20.37248381602624,0.0029679475930151403,0.30001570885217166,0,0.1,boxeig,ok,,0.000660500198696932,0.40554712199991627,0.0005524529755382465,0.33865367400494506,81911.19717359901,9800,,57532.383775862436,0.0035121060000165016,4.690401957478448e-05,0.028752163999342883,4.285775693138933e-05,0.02627180499894166,0.0003605527650932517,0.2210188450021633,2.049474606000331,0.0,0.0,0.0010839430001396977,0.0,5.9295693323562686e-05,0.036348260007343924,2.048390663000191,,0.16253924400007236,0.5273187709999547,2.0539898689999063,0.5185521280000103,3.1949396400000296,0.0,3.7222584109999843,3.8847976550000567,1e-07,,80000,v7_btab_boxeig
35721,expanded_box,topk,20480,,20480,0,"[80, 80]","[161, 161]",25921,topk,20480,,20480,80000,25921,cheap,30,0.01,,cupy,1.273782920928806e-13,1.6027697998781406e-14,2240,930,930,,930,448,25921,9800,185808896,4010.6919784204506,40106.9197842045,0.001,boxeig,20000,group_c,50,diag,0.001,50,auto,group_c,boxeig,523,524,9.68242851424743e-08,0,,,2,synthetic_true_func_2d_ntrain100000000,False,NVIDIA A100-SXM4-40GB,cheap,448,0,448,448,0,0,2,35721,,,,,,,1.273782920928806e-13,1.6027697998781406e-14,,,,,1e-05,boxeig,99999999.99987099,True,,nan,0,0,,nan,0,0,0,0,False,523.0,matern,0.1,1.5,1.0,,1648656,3500,btab_boxeig_topk_20480_q448,189,524,523,25000000,100000000,3500,cufinufft,binned_c1,50,523,9.68242851424743e-08,pcg,converged,523,,True,0.1,0,20.37248381602624,0.002968201838012481,0.3000157082619129,0,0.1,boxeig,ok,,0.0006682256622187072,0.35015024700260255,0.0005900866118650223,0.30861529800540666,81911.19717359901,9800,,40106.9197842045,0.0033742000000529515,4.708786424179767e-05,0.024626952998460183,4.577717208422458e-05,0.023941461000049458,0.0003944487246643147,0.2062966829994366,0.8632967889998326,0.0,0.0,0.0010336450000067998,0.0,5.9193491405412835e-05,0.030958196005030914,0.8622631439998258,,0.18864442199992482,0.5268525619999309,0.8677735710002707,0.5088809640001273,1.87007351200009,0.0,2.396926074000021,2.5855704959999457,1e-07,,80000,v7_btab_boxeig
35721,expanded_box,topk,25720,,25720,0,"[90, 90]","[181, 181]",32761,topk,25720,,25720,80000,32761,cheap,30,0.01,,cupy,4.2545361347489936e-14,2.2547913439376996e-15,960,418,418,,418,192,32761,2960,100644864,29823.62963873226,298236.2963873226,0.001,boxeig,20000,group_c,50,diag,0.001,50,auto,group_c,boxeig,1531,1532,9.720663462589287e-08,0,,,2,synthetic_true_func_2d_ntrain100000000,False,NVIDIA A100-SXM4-40GB,cheap,192,0,192,192,0,0,2,35721,,,,,,,4.2545361347489936e-14,2.2547913439376996e-15,,,,,1e-05,boxeig,99999999.99987099,True,,nan,0,0,,nan,0,0,0,0,False,1531.0,matern,0.1,1.5,1.0,,2085136,3500,btab_boxeig_topk_25720_q192,189,1532,1531,25000000,100000000,3500,cufinufft,binned_c1,50,1531,9.720663462589287e-08,pcg,converged,1531,,True,0.1,0,11.408547926840644,0.0029681297042720646,0.30001570757043716,0,0.1,boxeig,ok,,0.0006513323446416428,0.9978411519909969,0.0004729381926828269,0.724068372997408,18389.531509132175,2960,,298236.2963873226,0.0039021350003167754,4.6295754411669456e-05,0.07087880000426594,4.110988634710583e-05,0.06293923599741902,0.00028540876943257236,0.4369608260012683,0.36069784299934327,0.0,0.0,0.001058799999555049,0.0,5.798607054255746e-05,0.08877667400065548,0.3596390429997882,,0.07943769900020925,0.5267993319998823,0.36536316799993074,0.5271378140000706,3.059115466000094,0.0,3.585914797999976,3.6653524970001854,1e-07,,80000,v7_btab_boxeig
35721,expanded_box,topk,25720,,25720,0,"[90, 90]","[181, 181]",32761,topk,25720,,25720,80000,32761,cheap,30,0.01,,cupy,4.164676056469025e-14,4.538098522903237e-15,1280,546,546,,546,256,32761,2960,134193152,15023.310364940606,150233.10364940605,0.001,boxeig,20000,group_c,50,diag,0.001,50,auto,group_c,boxeig,1073,1074,9.835165833391468e-08,0,,,2,synthetic_true_func_2d_ntrain100000000,False,NVIDIA A100-SXM4-40GB,cheap,256,0,256,256,0,0,2,35721,,,,,,,4.164676056469025e-14,4.538098522903237e-15,,,,,1e-05,boxeig,99999999.99987099,True,,nan,0,0,,nan,0,0,0,0,False,1073.0,matern,0.1,1.5,1.0,,2085136,3500,btab_boxeig_topk_25720_q256,189,1074,1073,25000000,100000000,3500,cufinufft,binned_c1,50,1073,9.835165833391468e-08,pcg,converged,1073,,True,0.1,0,11.408547926840644,0.002968173973019087,0.3000157082949556,0,0.1,boxeig,ok,,0.0006547234739247812,0.703173010995215,0.0005196254967437387,0.5575581580060316,18389.531509132175,2960,,150233.10364940605,0.0038923560000512225,4.6164228322219245e-05,0.04953421698974125,4.128628798386179e-05,0.0443001870066837,0.00033189489189272347,0.3561232190008923,0.46964980000029755,0.0,0.0,0.0010357559999647492,0.0,5.7706339236955e-05,0.06191890200125272,0.4686140440003328,,0.10595677299988893,0.5268644880002284,0.4744310040000528,0.5276080410003487,2.4159428599996318,0.0,2.94280734799986,3.048764120999749,1e-07,,80000,v7_btab_boxeig
35721,expanded_box,topk,25720,,25720,0,"[90, 90]","[181, 181]",32761,topk,25720,,25720,80000,32761,cheap,30,0.01,,cupy,7.932861008405565e-14,5.725765769970239e-15,1600,674,674,,674,320,32761,2960,167741440,8975.148378803447,89751.48378803447,0.001,boxeig,20000,group_c,50,diag,0.001,50,auto,group_c,boxeig,831,832,9.950709168034989e-08,0,,,2,synthetic_true_func_2d_ntrain100000000,False,NVIDIA A100-SXM4-40GB,cheap,320,0,320,320,0,0,2,35721,,,,,,,7.932861008405565e-14,5.725765769970239e-15,,,,,1e-05,boxeig,99999999.99987099,True,,nan,0,0,,nan,0,0,0,0,False,831.0,matern,0.1,1.5,1.0,,2085136,3500,btab_boxeig_topk_25720_q320,189,832,831,25000000,100000000,3500,cufinufft,binned_c1,50,831,9.950709168034989e-08,pcg,converged,831,,True,0.1,0,11.408547926840644,0.0029681798939558673,0.30001570843955483,0,0.1,boxeig,ok,,0.0006549179314921852,0.5448917190014981,0.0005618464572857822,0.46689440600448506,18389.531509132175,2960,,89751.48378803447,0.003976737999892066,4.591777135453634e-05,0.038157667995619704,4.139546208545684e-05,0.03439962899301463,0.0003743637930218468,0.31109631200115473,0.6365578209997693,0.0,0.0,0.001108389999899373,0.0,5.7628392307387576e-05,0.04788919400743907,0.63544943099987,,0.1302123370001027,0.5272839069998554,0.6415312039998753,0.5158082809998632,2.18171884100002,0.0,2.7090027479998753,2.839215084999978,1e-07,,80000,v7_btab_boxeig
35721,expanded_box,topk,25720,,25720,0,"[90, 90]","[181, 181]",32761,topk,25720,,25720,80000,32761,cheap,30,0.01,,cupy,7.281862586620655e-14,8.380191510499193e-15,1920,802,802,,802,384,32761,2960,201289728,5753.245841116657,57532.45841116657,0.001,boxeig,20000,group_c,50,diag,0.001,50,auto,group_c,boxeig,653,654,9.407742460414839e-08,0,,,2,synthetic_true_func_2d_ntrain100000000,False,NVIDIA A100-SXM4-40GB,cheap,384,0,384,384,0,0,2,35721,,,,,,,7.281862586620655e-14,8.380191510499193e-15,,,,,1e-05,boxeig,99999999.99987099,True,,nan,0,0,,nan,0,0,0,0,False,653.0,matern,0.1,1.5,1.0,,2085136,3500,btab_boxeig_topk_25720_q384,189,654,653,25000000,100000000,3500,cufinufft,binned_c1,50,653,9.407742460414839e-08,pcg,converged,653,,True,0.1,0,11.408547926840644,0.00296806828356972,0.300015709235236,0,0.1,boxeig,ok,,0.0006552326284369691,0.4285221389977778,0.0006048547013816219,0.3949701200021991,18389.531509132175,2960,,57532.45841116657,0.0038972469997133885,4.627988667855066e-05,0.03022076600109358,4.1191140888531804e-05,0.026897815000211267,0.0004177086217303936,0.272763729989947,0.7217566520002947,0.0,0.0,0.0010351979999541072,0.0,5.7330545172963334e-05,0.037436845997945056,0.7207214540003406,,0.15539053500015143,0.5265359140003056,0.7267851509996035,0.5274454380000861,1.9650419459999284,0.0,2.491577860000234,2.6469683950003855,1e-07,,80000,v7_btab_boxeig
35721,expanded_box,topk,25720,,25720,0,"[90, 90]","[181, 181]",32761,topk,25720,,25720,80000,32761,cheap,30,0.01,,cupy,2.0738256086010867e-13,1.6245675756740237e-14,2240,930,930,,930,448,32761,2960,234838016,4010.699817737532,40106.99817737532,0.001,boxeig,20000,group_c,50,diag,0.001,50,auto,group_c,boxeig,577,578,8.603538606009519e-08,0,,,2,synthetic_true_func_2d_ntrain100000000,False,NVIDIA A100-SXM4-40GB,cheap,448,0,448,448,0,0,2,35721,,,,,,,2.0738256086010867e-13,1.6245675756740237e-14,,,,,1e-05,boxeig,99999999.99987099,True,,nan,0,0,,nan,0,0,0,0,False,577.0,matern,0.1,1.5,1.0,,2085136,3500,btab_boxeig_topk_25720_q448,189,578,577,25000000,100000000,3500,cufinufft,binned_c1,50,577,8.603538606009519e-08,pcg,converged,577,,True,0.1,0,11.408547926840644,0.0029680296246149345,0.30001570735286187,0,0.1,boxeig,ok,,0.0006560742560496444,0.37921091999669443,0.000657600868279756,0.3794357009974192,18389.531509132175,2960,,40106.99817737532,0.0038817200002085883,4.623608144657758e-05,0.026678218994675262,4.165053380120692e-05,0.024032358003296395,0.00046829122877258716,0.2702040390017828,0.8700815169995622,0.0,0.0,0.0010843729996850016,0.0,5.854413171600029e-05,0.03377996400013217,0.8689971439998772,,0.18004982100001143,0.5269535160000487,0.875221238999984,0.5097387179998805,2.0021647690000464,0.0,2.529118285000095,2.7091681060001065,1e-07,,80000,v7_btab_boxeig
35721,expanded_box,topk,35721,,35721,0,"[94, 94]","[189, 189]",35721,topk,35721,,35721,80000,35721,cheap,30,0.01,,cupy,2.764133364088813e-14,2.491198293051566e-15,960,418,418,,418,192,35721,0,109737984,29823.63133029615,298236.31330296147,0.001,boxeig,20000,group_c,50,diag,0.001,50,auto,group_c,boxeig,925,926,9.970558773171231e-08,0,,,2,synthetic_true_func_2d_ntrain100000000,False,NVIDIA A100-SXM4-40GB,cheap,192,0,192,192,0,0,2,35721,,,,,,,2.764133364088813e-14,2.491198293051566e-15,,,,,1e-05,boxeig,99999999.99987099,True,,nan,0,0,,nan,0,0,0,0,False,925.0,matern,0.1,1.5,1.0,,2274064,3500,btab_boxeig_topk_35721_q192,189,926,925,25000000,100000000,3500,cufinufft,binned_c1,50,925,9.970558773171231e-08,pcg,converged,925,,True,0.1,0,0.0,0.0029682719544000626,0.30001570777795683,0,0.1,boxeig,ok,,0.0006808295766725798,0.6304481879988089,0.00044487039890628766,0.4115051189883161,0.0,0,,298236.31330296147,0.00465126400013105,1.7266815138026614e-05,0.015971804002674617,3.101372863818904e-05,0.02868769899032486,0.0002981866356758228,0.27582263800013607,0.8034567509998851,0.0,0.0,0.0009629189999031951,0.0,5.783625621522849e-05,0.053498536999086355,0.8024938319999819,,0.08338447500000257,0.5268504470000153,0.808935824999935,0.5318489359997329,2.4731068149999373,0.0,2.9999572619999526,3.083341736999955,1e-07,,80000,v7_btab_boxeig
35721,expanded_box,topk,35721,,35721,0,"[94, 94]","[189, 189]",35721,topk,35721,,35721,80000,35721,cheap,30,0.01,,cupy,4.0598748268538706e-14,4.5513388375064136e-15,1280,546,546,,546,256,35721,0,146317312,15023.311898718683,150233.1189871868,0.001,boxeig,20000,group_c,50,diag,0.001,50,auto,group_c,boxeig,636,637,9.840709425629204e-08,0,,,2,synthetic_true_func_2d_ntrain100000000,False,NVIDIA A100-SXM4-40GB,cheap,256,0,256,256,0,0,2,35721,,,,,,,4.0598748268538706e-14,4.5513388375064136e-15,,,,,1e-05,boxeig,99999999.99987099,True,,nan,0,0,,nan,0,0,0,0,False,636.0,matern,0.1,1.5,1.0,,2274064,3500,btab_boxeig_topk_35721_q256,189,637,636,25000000,100000000,3500,cufinufft,binned_c1,50,636,9.840709425629204e-08,pcg,converged,636,,True,0.1,0,0.0,0.0029685161294730695,0.30001571047633585,0,0.1,boxeig,ok,,0.0006597652417664419,0.42027045900522353,0.0004985288726366609,0.3170643629969163,0.0,0,,150233.1189871868,0.004661500000111118,1.7093897801726216e-05,0.010871719001897873,3.160283333784621e-05,0.020099402002870193,0.00035004560691578954,0.22262900599844215,0.48123003900036565,0.0,0.0,0.0009581960002833512,0.0,5.838264779061508e-05,0.03713136399483119,0.4802718430000823,,0.10971862900032647,0.526696708000145,0.48706731499987654,0.5145583559997249,1.6333793570001944,0.0,2.1600760650003394,2.269794694000666,1e-07,,80000,v7_btab_boxeig
35721,expanded_box,topk,35721,,35721,0,"[94, 94]","[189, 189]",35721,topk,35721,,35721,80000,35721,cheap,30,0.01,,cupy,6.867591225009363e-14,7.134678259347773e-15,1600,674,674,,674,320,35721,0,182896640,8975.150034902923,89751.50034902923,0.001,boxeig,20000,group_c,50,diag,0.001,50,auto,group_c,boxeig,491,492,9.884086042721102e-08,0,,,2,synthetic_true_func_2d_ntrain100000000,False,NVIDIA A100-SXM4-40GB,cheap,320,0,320,320,0,0,2,35721,,,,,,,6.867591225009363e-14,7.134678259347773e-15,,,,,1e-05,boxeig,99999999.99987099,True,,nan,0,0,,nan,0,0,0,0,False,491.0,matern,0.1,1.5,1.0,,2274064,3500,btab_boxeig_topk_35721_q320,189,492,491,25000000,100000000,3500,cufinufft,binned_c1,50,491,9.884086042721102e-08,pcg,converged,491,,True,0.1,0,0.0,0.002968548029328464,0.30001571128690546,0,0.1,boxeig,ok,,0.0006549711341538169,0.3222457980036779,0.0005435812973495495,0.2668984169986288,0.0,0,,89751.50034902923,0.0046580330003962445,1.7396142570417593e-05,0.008541506002075039,3.1553054991852286e-05,0.015492550000999472,0.00039557519755516337,0.1942274219995852,0.5966596559997015,0.0,0.0,0.0009467219997532084,0.0,5.798237678635668e-05,0.02846934700210113,0.5957129339999483,,0.14182851499981552,0.527016046999961,0.6024136539999745,0.5160999930003527,1.5049714140000106,0.0,2.0319874609999715,2.173815975999787,1e-07,,80000,v7_btab_boxeig
35721,expanded_box,topk,35721,,35721,0,"[94, 94]","[189, 189]",35721,topk,35721,,35721,80000,35721,cheap,30,0.01,,cupy,1.1086161404137339e-13,9.17295223453355e-15,1920,802,802,,802,384,35721,0,219475968,5753.247527268193,57532.47527268193,0.001,boxeig,20000,group_c,50,diag,0.001,50,auto,group_c,boxeig,392,393,9.8873789094215e-08,0,,,2,synthetic_true_func_2d_ntrain100000000,False,NVIDIA A100-SXM4-40GB,cheap,384,0,384,384,0,0,2,35721,,,,,,,1.1086161404137339e-13,9.17295223453355e-15,,,,,1e-05,boxeig,99999999.999871,True,,nan,0,0,,nan,0,0,0,0,False,392.0,matern,0.1,1.5,1.0,,2274064,3500,btab_boxeig_topk_35721_q384,189,393,392,25000000,100000000,3500,cufinufft,binned_c1,50,392,9.8873789094215e-08,pcg,converged,392,,True,0.1,0,0.0,0.00296845381877687,0.3000157122529116,0,0.1,boxeig,ok,,0.0006699142570023677,0.2632763030019305,0.0006003869719497558,0.23535169300430425,0.0,0,,57532.47527268193,0.004538023999884899,1.7351908153920463e-05,0.006801947996336821,3.2602089289894696e-05,0.01278001900163872,0.00044982294387372517,0.17633059399850026,0.7434643329997925,0.0,0.0,0.0009272540000893059,0.0,5.871592346739836e-05,0.023016641999220155,0.7425370789997032,,0.1638030379999691,0.5266705869998987,0.7492252550000558,0.510160046999772,1.5050433620003787,0.0,2.0317139490002774,2.1955169870002464,1e-07,,80000,v7_btab_boxeig
35721,expanded_box,topk,35721,,35721,0,"[94, 94]","[189, 189]",35721,topk,35721,,35721,80000,35721,cheap,30,0.01,,cupy,2.574821906463691e-13,1.4186590711183226e-14,2240,930,930,,930,448,35721,0,256055296,4010.7016061917725,40107.016061917726,0.001,boxeig,20000,group_c,50,diag,0.001,50,auto,group_c,boxeig,325,326,9.9230632657528e-08,0,,,2,synthetic_true_func_2d_ntrain100000000,False,NVIDIA A100-SXM4-40GB,cheap,448,0,448,448,0,0,2,35721,,,,,,,2.574821906463691e-13,1.4186590711183226e-14,,,,,1e-05,boxeig,99999999.99987099,True,,nan,0,0,,nan,0,0,0,0,False,325.0,matern,0.1,1.5,1.0,,2274064,3500,btab_boxeig_topk_35721_q448,189,326,325,25000000,100000000,3500,cufinufft,binned_c1,50,325,9.9230632657528e-08,pcg,converged,325,,True,0.1,0,0.0,0.0029685349049199967,0.30001571289556195,0,0.1,boxeig,ok,,0.0006668978006359096,0.21740868300730654,0.0006569180984759162,0.21349838200467275,0.0,0,,40107.016061917726,0.004653272999803448,1.7485341542431763e-05,0.005682736001290323,3.235950462672358e-05,0.010516839003685163,0.0005072048707636266,0.16484158299817864,0.9055798449999202,0.0,0.0,0.0009640719999879366,0.0,5.8357446154192215e-05,0.01896617000011247,0.9046157729999322,,0.18946360200015988,0.5266663269999299,0.9115881349998745,0.5102129899996726,1.5558389460002218,0.0,2.0825052730001516,2.2719688750003115,1e-07,,80000,v7_btab_boxeig
35721,,,,,,,,,,,,,,,,,,,,,,,,,,,,,,,,,,,,,group_c,,,,,,group_c,,22465,22466,9.51244146091835e-08,,,,2,USGS_LPC_IL_Winnebago_2018_ground_elevation_regression_ntrain300000000,False,NVIDIA A100-SXM4-40GB,,,,,,,,2,35721,,,,,,,,,0,0,,,1e-05,,,True,,,,,,,,,,,False,22465.0,matern,0.1,1.5,1.0,,,80000,plain_cg,189,22466,,75000000,300000000,3500,cufinufft,cufinufft,,,,,,,,True,0.1,0,,0.11061070749468511,0.11060343284978387,0,,,ok,,0.0006386432628396612,14.347759542955828,,,,,,,,,,,,,,,,,,,,,,,,3.407874817999982,,1.6854108139996242,24.436232895000103,,27.84410847700019,,1e-07,,80000,v1
35721,,,,,,,,,,,,,,,,,,,,,,,,,,,,,,,,,,,,,group_c,,,,,,group_c,,3058,3059,9.934914630622603e-08,,,nan,2,USGS_LPC_IL_Winnebago_2018_ground_elevation_regression_ntrain300000000,False,NVIDIA A100-SXM4-40GB,,,,,,,,2,35721,72,3,nan,,52520.30047492117,0.0005950456972264837,,,5,352,0.0005450676354494962,0.19186380767822267,1e-05,,,True,[],,,,,,,,,,False,3058.0,matern,0.1,1.5,1.0,nan,,3500,eigenpro_pcg_q64,189,3059,3058,75000000,300000000,3500,cufinufft,binned_c1,,,,,,,full_eigenpro,True,0.1,0,,0.11058291910573376,0.11057587577494588,0,,,ok,,0.0006583637270354592,2.0139346410014696,0.00018680625506865367,0.5712535279999429,,,[],,,,,,,,,,,,,,,,,0.22702642699960052,,1.5532876620000025,0.0003165480002280674,1.6784586250000757,4.574142904999917,,6.354773541999748,,1e-07,64,80000,v3
35721,,,,,,,,,,,,,,,,,,,,,,,,,,,,,,,,,,,,,group_c,,,,,,group_c,,1487,1488,9.962429901979015e-08,,,nan,2,USGS_LPC_IL_Winnebago_2018_ground_elevation_regression_ntrain300000000,False,NVIDIA A100-SXM4-40GB,,,,,,,,2,35721,136,3,nan,,16389.672722636147,0.00018568869052421148,,,5,672,0.0005287679944719587,0.3553320922851563,1e-05,,,True,[],,,,,,,,,,False,1487.0,matern,0.1,1.5,1.0,nan,,3500,eigenpro_pcg_q128,189,1488,1487,75000000,300000000,3500,cufinufft,binned_c1,,,,,,,full_eigenpro,True,0.1,0,,0.11058286488487244,0.11057582472466958,0,,,ok,,0.0006532667049734828,0.9720608570005425,0.0002131711519891054,0.3169855030077997,,,[],,,,,,,,,,,,,,,,,0.4216305680001824,,1.55270534400006,0.000294443999791838,1.6729358789998514,2.2516293190001306,,4.226259675000165,,1e-07,128,80000,v3
35721,,,,,,,,,,,,,,,,,,,,,,,,,,,,,,,,,,,,,group_c,,,,,,group_c,,619,620,8.315246320016361e-08,,,nan,2,USGS_LPC_IL_Winnebago_2018_ground_elevation_regression_ntrain300000000,False,NVIDIA A100-SXM4-40GB,,,,,,,,2,35721,264,3,nan,,4187.257926566313,4.743997341466439e-05,,,5,1312,0.0005395652724475396,0.7079096374511719,1e-05,,,True,[],,,,,,,,,,False,619.0,matern,0.1,1.5,1.0,nan,,3500,eigenpro_pcg_q256,189,620,619,75000000,300000000,3500,cufinufft,binned_c1,,,,,,,full_eigenpro,True,0.1,0,,0.11058295796332451,0.11057591652256789,0,,,ok,,0.0006483969322619398,0.4020060980024027,0.000326773885312766,0.20227303500860216,,,[],,,,,,,,,,,,,,,,,0.8458400120002807,,1.5529429260000143,0.00032198099961533444,1.672911507000208,1.0018151350000153,,3.4009200539999256,,1e-07,256,80000,v3
35721,,,,,,,,,,,,,,,,,,,,,,,,,,,,,,,,,,,,,group_c,,,,,,group_c,,461,462,9.890066778341122e-08,,,nan,2,USGS_LPC_IL_Winnebago_2018_ground_elevation_regression_ntrain300000000,False,NVIDIA A100-SXM4-40GB,,,,,,,,2,35721,328,3,nan,,2643.0616395357965,2.9944840202278157e-05,,,5,1632,0.0005542155340606092,0.9044797515869141,1e-05,,,True,[],,,,,,,,,,False,461.0,matern,0.1,1.5,1.0,nan,,3500,eigenpro_pcg_q320,189,462,461,75000000,300000000,3500,cufinufft,binned_c1,,,,,,,full_eigenpro,True,0.1,0,,0.11058306871411618,0.1105760224503356,0,,,ok,,0.0006515091969685394,0.30099724899946523,0.0003752205119358943,0.17297665600244727,,,[],,,,,,,,,,,,,,,,,1.0791312900000776,,1.552841897000235,0.00029663599980267463,1.6727888199998233,0.7721375920000355,,3.4044074150001506,,1e-07,320,80000,v3
35721,,,,,,,,,,,,,,,,,,,,,,,,,,,,,,,,,,,,,group_c,,,,,,group_c,,364,365,9.776813860071238e-08,,,nan,2,USGS_LPC_IL_Winnebago_2018_ground_elevation_regression_ntrain300000000,False,NVIDIA A100-SXM4-40GB,,,,,,,,2,35721,392,3,nan,,1787.465824805033,2.0251278686919922e-05,,,5,1952,0.0005670851097732294,1.1069501342773438,1e-05,,,True,[],,,,,,,,,,False,364.0,matern,0.1,1.5,1.0,nan,,3500,eigenpro_pcg_q384,189,365,364,75000000,300000000,3500,cufinufft,binned_c1,,,,,,,full_eigenpro,True,0.1,0,,0.1105830750581625,0.11057602536706955,0,,,ok,,0.0006574517314992877,0.23996988199724,0.00042664587088258666,0.15529909700126154,,,[],,,,,,,,,,,,,,,,,1.3200082580001435,,1.5530640009997114,0.0003186680000908382,1.6810408719998122,0.6333938510001644,,3.5067847780001102,,1e-07,384,80000,v3
35721,,,,,,,,,,,,,,,,,,,,,,,,,,,,,,,,,,,,,group_c,,,,,,group_c,,297,298,9.385844925914254e-08,,,nan,2,USGS_LPC_IL_Winnebago_2018_ground_elevation_regression_ntrain300000000,False,NVIDIA A100-SXM4-40GB,,,,,,,,2,35721,456,3,nan,,1295.5849294886573,1.4678463208656843e-05,,,5,2272,0.0005688491136255399,1.2924251861572267,1e-05,,,True,[],,,,,,,,,,False,297.0,matern,0.1,1.5,1.0,nan,,3500,eigenpro_pcg_q448,189,298,297,75000000,300000000,3500,cufinufft,binned_c1,,,,,,,full_eigenpro,True,0.1,0,,0.11058306955889355,0.11057602415361135,0,,,ok,,0.0006493085872577448,0.19349395900280797,0.0004783969899102218,0.14208390600333587,,,[],,,,,,,,,,,,,,,,,1.548740968000402,,1.5533954049997192,0.00033468699984950945,1.673156093000216,0.5292723769998702,,3.631743436999841,,1e-07,448,80000,v3
35721,expanded_box,topk,2048,,2048,0,"[25, 25]","[51, 51]",2601,topk,2048,,2048,80000,2601,cheap,30,0.01,,,,,,,,,,,,,,,,,inverse,20000,group_c,50,diag,0.001,50,auto,group_c,auto,3500,3501,0.024204619999580616,0,,,2,USGS_LPC_IL_Winnebago_2018_ground_elevation_regression_ntrain300000000,False,NVIDIA A100-SXM4-40GB,cheap,0,0,0,0,0,0,2,35721,,,,,,,,,,,,,1e-05,inverse,299999999.99957526,True,,nan,0,50,diag,0.001,0,0,0,108243216,False,3500.0,matern,0.1,1.5,1.0,,0,3500,btab_auto_topk_2048,189,3501,3501,75000000,300000000,3500,cufinufft,binned_c1,50,3500,0.024204619999580616,pcg,maxiter,3501,,True,0.1,0,16364.323537297962,0.14751725462093332,0.1475711159997436,0,0.1,exact,ok,,0.0006458679028863036,2.261183528004949,0.00034743292031160704,1.2163626540109362,18906336.03831259,33120,,,0.001761837999765703,4.565583804084865e-05,0.15984108898101113,4.3675061691783685e-05,0.15290639098293468,0.00015699488088517823,0.549639077979009,0.19310832399969513,0.17047497199973805,0.014103467999575514,0.0,0.00695775100030005,5.82470891191742e-05,0.20392305900622887,,,0.00032702900034564664,1.5530894100002115,0.19582839600025181,1.6714153020002414,5.873140259999673,0.0015721330000815215,7.426229669999884,7.42655669900023,1e-07,,80000,v6_btab
35721,expanded_box,topk,4096,,4096,0,"[36, 36]","[73, 73]",5329,topk,4096,,4096,80000,5329,cheap,30,0.01,,,,,,,,,,,,,,,,,inverse,20000,group_c,50,diag,0.001,50,auto,group_c,auto,3500,3501,0.09095968756010343,0,,,2,USGS_LPC_IL_Winnebago_2018_ground_elevation_regression_ntrain300000000,False,NVIDIA A100-SXM4-40GB,cheap,0,0,0,0,0,0,2,35721,,,,,,,,,,,,,1e-05,inverse,299999999.99957526,True,,nan,0,50,diag,0.001,0,0,0,454371856,False,3500.0,matern,0.1,1.5,1.0,,0,3500,btab_auto_topk_4096,189,3501,3501,75000000,300000000,3500,cufinufft,binned_c1,50,3500,0.09095968756010343,pcg,maxiter,3501,,True,0.1,0,2951.563404083863,0.2235856932489826,0.22362343039374086,0,0.1,exact,ok,,0.0006457479882898463,2.260763707002752,0.0006152817954862268,2.15410156599728,6372419.886324823,30392,,,0.0018649580001692811,4.6221564981831884e-05,0.16182169900139343,4.561104113013177e-05,0.15968425499659133,0.0004217207220756411,1.4764442479868194,0.8760916950000137,0.7499712840003667,0.09518271299975822,0.0,0.024885041999823443,5.816210282881361e-05,0.20362552200367645,,,0.00031224700023813057,1.5524670590002643,0.8790116239997587,1.6833217670000522,7.509583788999862,0.006052656000065326,9.062050848000126,9.062363095000364,1e-07,,80000,v6_btab
35721,expanded_box,topk,8192,,8192,0,"[51, 51]","[103, 103]",10609,topk,8192,,8192,80000,10609,cheap,30,0.01,,,,,,,,,,,,,,,,,inverse,20000,group_c,50,diag,0.001,50,auto,group_c,auto,3500,3501,0.08056021326107965,0,,,2,USGS_LPC_IL_Winnebago_2018_ground_elevation_regression_ntrain300000000,False,NVIDIA A100-SXM4-40GB,cheap,0,0,0,0,0,0,2,35721,,,,,,,,,,,,,1e-05,inverse,299999999.99957526,True,,nan,0,50,diag,0.001,0,0,0,1800814096,False,3500.0,matern,0.1,1.5,1.0,,0,3500,btab_auto_topk_8192,189,3501,3501,75000000,300000000,3500,cufinufft,binned_c1,50,3500,0.08056021326107965,pcg,maxiter,3501,,True,0.1,0,552.010523946594,0.24137543548677795,0.24139419128006268,0,0.1,exact,ok,,0.0006474490851147294,2.2667192469866677,0.0016476606935091843,5.7684600879756545,2044451.5608346004,25112,,,0.002245182000024215,4.532334475670211e-05,0.1586770299932141,4.990892544905337e-05,0.17473114799713585,0.0014507513487550263,5.079080471991347,3.7412866329996177,2.9581552849999753,0.6191252779999559,0.0,0.14041266799995356,5.74623898882258e-05,0.20117582699867853,,,0.00031482999975196435,1.5527710009996554,3.7446950920002564,1.6879080870003236,13.99875642699999,0.023593401999733032,15.551527427999645,15.551842257999397,1e-07,,80000,v6_btab
35721,expanded_box,topk,10240,,10240,0,"[57, 57]","[115, 115]",13225,topk,10240,,10240,80000,13225,cheap,30,0.01,,,,,,,,,,,,,,,,,inverse,20000,group_c,50,diag,0.001,50,auto,group_c,auto,3500,3501,0.09014068309681149,0,,,2,USGS_LPC_IL_Winnebago_2018_ground_elevation_regression_ntrain300000000,False,NVIDIA A100-SXM4-40GB,cheap,0,0,0,0,0,0,2,35721,,,,,,,,,,,,,1e-05,inverse,299999999.99957526,True,,nan,0,50,diag,0.001,0,0,0,2798410000,False,3500.0,matern,0.1,1.5,1.0,,0,3500,btab_auto_topk_10240,189,3501,3501,75000000,300000000,3500,cufinufft,binned_c1,50,3500,0.09014068309681149,pcg,maxiter,3501,,True,0.1,0,321.38904019640603,0.25388859481935266,0.25388634651877257,0,0.1,exact,ok,,0.0006512101868005855,2.2798868639888497,0.002384833237358236,8.349301163991186,1361274.5550218518,22496,,,0.0025247899998248613,4.552156441464871e-05,0.15937099701568513,5.1769347617620966e-05,0.181244486009291,0.002184853658380136,7.649172657988856,6.0538862050002535,4.607485074000124,1.1573511760002475,0.0,0.25233026099976996,5.769603256127405e-05,0.20199380999702043,,,0.0002837370002453099,1.5534248980002303,6.05758545100025,1.6842409739997493,18.910370043000057,0.03671969400011221,20.463794941000288,20.464078678000533,1e-07,,80000,v6_btab
35721,expanded_box,topk,20480,,20480,0,"[80, 80]","[161, 161]",25921,topk,20480,,20480,80000,25921,cheap,30,0.01,,cupy,1.7952932516386423e-12,2.42869793463932e-14,960,418,418,,418,192,25921,9800,79632384,7835.613000058367,78356.13000058367,0.001,boxeig,20000,group_c,50,diag,0.001,50,auto,group_c,boxeig,3500,3501,2.0107375815093293e-06,0,,,2,USGS_LPC_IL_Winnebago_2018_ground_elevation_regression_ntrain300000000,False,NVIDIA A100-SXM4-40GB,cheap,192,0,192,192,0,0,2,35721,,,,,,,1.7952932516386423e-12,2.42869793463932e-14,,,,,1e-05,boxeig,299999999.99957526,True,,nan,0,0,,nan,0,0,0,0,False,3500.0,matern,0.1,1.5,1.0,,1648656,3500,btab_boxeig_topk_20480_q192,189,3501,3501,75000000,300000000,3500,cufinufft,binned_c1,50,3500,2.0107375815093293e-06,pcg,maxiter,3501,,True,0.1,0,61.11745189407293,0.11058235374365165,0.11057531253897826,0,0.1,boxeig,ok,,0.0006537636538119104,2.2888265519954984,0.00045968630134147933,1.609361740996519,245733.59331716324,9800,,78356.13000058367,0.0034557320000203617,4.6889649812278955e-05,0.1641606639927886,4.145043672993235e-05,0.14511797899149315,0.0002697626269691443,0.9444389570189742,2.1663261630001216,0.0,0.0,0.0010433100001137063,0.0,5.914876121545215e-05,0.207079813015298,2.165282853000008,,0.08323371999995288,1.5537731379999968,2.1705936220000694,1.6817283160003171,8.310114419000001,0.0,9.863887556999998,9.947121276999951,1e-07,,80000,v7_btab_boxeig
35721,expanded_box,topk,20480,,20480,0,"[80, 80]","[161, 161]",25921,topk,20480,,20480,80000,25921,cheap,30,0.01,,cupy,2.4480172090730233e-12,1.045077299867669e-13,1280,546,546,,546,256,25921,9800,106176512,3646.757482589124,36467.574825891235,0.001,boxeig,20000,group_c,50,diag,0.001,50,auto,group_c,boxeig,3500,3501,1.976434019529838e-07,0,,,2,USGS_LPC_IL_Winnebago_2018_ground_elevation_regression_ntrain300000000,False,NVIDIA A100-SXM4-40GB,cheap,256,0,256,256,0,0,2,35721,,,,,,,2.4480172090730233e-12,1.045077299867669e-13,,,,,1e-05,boxeig,299999999.99957526,True,,nan,0,0,,nan,0,0,0,0,False,3500.0,matern,0.1,1.5,1.0,,1648656,3500,btab_boxeig_topk_20480_q256,189,3501,3501,75000000,300000000,3500,cufinufft,binned_c1,50,3500,1.976434019529838e-07,pcg,maxiter,3501,,True,0.1,0,61.11745189407293,0.11058271024437506,0.11057566135250242,0,0.1,boxeig,ok,,0.0006458695190001976,2.261189186019692,0.00047656836989540214,1.668465863003803,245733.59331716324,9800,,36467.574825891235,0.0035592290000749927,4.615062268183522e-05,0.16157333000910512,4.119067552302671e-05,0.1442085550061165,0.00028823697686971217,1.0091176560208623,0.48089912000023105,0.0,0.0,0.0010713629999372642,0.0,5.8947923169149696e-05,0.20637667901519308,0.4798277570002938,,0.1076335860002473,1.5536300480002865,0.4852625580001586,1.6765442859996256,6.624238191000131,0.0,8.177868239000418,8.285501825000665,1e-07,,80000,v7_btab_boxeig
35721,expanded_box,topk,20480,,20480,0,"[80, 80]","[161, 161]",25921,topk,20480,,20480,80000,25921,cheap,30,0.01,,cupy,5.822962784753028e-13,1.1029945185989246e-13,1600,674,674,,674,320,25921,9800,132720640,2031.1406555292115,20311.406555292113,0.001,boxeig,20000,group_c,50,diag,0.001,50,auto,group_c,boxeig,2773,2774,7.918567157734278e-08,0,,,2,USGS_LPC_IL_Winnebago_2018_ground_elevation_regression_ntrain300000000,False,NVIDIA A100-SXM4-40GB,cheap,320,0,320,320,0,0,2,35721,,,,,,,5.822962784753028e-13,1.1029945185989246e-13,,,,,1e-05,boxeig,299999999.99957526,True,,nan,0,0,,nan,0,0,0,0,False,2773.0,matern,0.1,1.5,1.0,,1648656,3500,btab_boxeig_topk_20480_q320,189,2774,2773,75000000,300000000,3500,cufinufft,binned_c1,50,2773,7.918567157734278e-08,pcg,converged,2773,,True,0.1,0,61.11745189407293,0.11058275221168534,0.11057570312326781,0,0.1,boxeig,ok,,0.0006490339693610643,1.8004202310075925,0.0005064128164432539,1.404282739997143,245733.59331716324,9800,,20311.406555292113,0.00343464200022936,4.659730580622454e-05,0.12921432900066065,4.143542553108822e-05,0.11490043499770763,0.0003178517118682477,0.8814027970106508,0.5977912799999103,0.0,0.0,0.0010687690000850125,0.0,5.8367288129525954e-05,0.16185248998317547,0.5967225109998253,,0.13765680200003771,1.5534220399999867,0.602125598999919,1.6830467580002733,5.569744126999922,0.0,7.1231661669999085,7.260822968999946,1e-07,,80000,v7_btab_boxeig
35721,expanded_box,topk,20480,,20480,0,"[80, 80]","[161, 161]",25921,topk,20480,,20480,80000,25921,cheap,30,0.01,,cupy,1.3133243204362687e-11,1.514227689461701e-13,1920,802,802,,802,384,25921,9800,159264768,1236.3702275271467,12363.702275271466,0.001,boxeig,20000,group_c,50,diag,0.001,50,auto,group_c,boxeig,2243,2244,9.763977834446394e-08,0,,,2,USGS_LPC_IL_Winnebago_2018_ground_elevation_regression_ntrain300000000,False,NVIDIA A100-SXM4-40GB,cheap,384,0,384,384,0,0,2,35721,,,,,,,1.3133243204362687e-11,1.514227689461701e-13,,,,,1e-05,boxeig,299999999.99957526,True,,nan,0,0,,nan,0,0,0,0,False,2243.0,matern,0.1,1.5,1.0,,1648656,3500,btab_boxeig_topk_20480_q384,189,2244,2243,75000000,300000000,3500,cufinufft,binned_c1,50,2243,9.763977834446394e-08,pcg,converged,2243,,True,0.1,0,61.11745189407293,0.11058276547726645,0.11057571616879171,0,0.1,boxeig,ok,,0.000656304036986872,1.4727462589985407,0.0005515916718747576,1.2372201200150812,245733.59331716324,9800,,12363.702275271466,0.0034273760002179188,4.634132679169377e-05,0.10394359599376912,4.209243245673168e-05,0.09441332600044916,0.0003613202724076042,0.8104413710102563,0.7360197409998364,0.0,0.0,0.0010558270000728953,0.0,5.900443245608708e-05,0.13234694199900332,0.7349639139997635,,0.16228694400024324,1.553452487999948,0.7405392190003113,1.6873549659999298,4.898432121000042,0.0,6.45188460899999,6.614171553000233,1e-07,,80000,v7_btab_boxeig
35721,expanded_box,topk,20480,,20480,0,"[80, 80]","[161, 161]",25921,topk,20480,,20480,80000,25921,cheap,30,0.01,,cupy,4.54827467992e-12,3.6530953221559005e-13,2240,930,930,,930,448,25921,9800,185808896,807.5819312742319,8075.819312742319,0.001,boxeig,20000,group_c,50,diag,0.001,50,auto,group_c,boxeig,1905,1906,8.87395431497023e-08,0,,,2,USGS_LPC_IL_Winnebago_2018_ground_elevation_regression_ntrain300000000,False,NVIDIA A100-SXM4-40GB,cheap,448,0,448,448,0,0,2,35721,,,,,,,4.54827467992e-12,3.6530953221559005e-13,,,,,1e-05,boxeig,299999999.99957526,True,,nan,0,0,,nan,0,0,0,0,False,1905.0,matern,0.1,1.5,1.0,,1648656,3500,btab_boxeig_topk_20480_q448,189,1906,1905,75000000,300000000,3500,cufinufft,binned_c1,50,1905,8.87395431497023e-08,pcg,converged,1905,,True,0.1,0,61.11745189407293,0.11058277447689933,0.110575725139663,0,0.1,boxeig,ok,,0.0006536658132188187,1.2458870399950683,0.0005961472656061118,1.135660540979643,245733.59331716324,9800,,8075.819312742319,0.0034860380001191515,4.690070866474482e-05,0.08934585000633888,4.268578950335498e-05,0.08131642900389124,0.00040477070919882325,0.7710882010237583,2.8736113129998557,0.0,0.0,0.0010477109999555978,0.0,5.901702939890346e-05,0.11242744100491109,2.8725636019999,,0.18923838099999557,1.5531765929999892,2.878293748000033,1.6737247959999877,6.488783212999806,0.0,8.041959805999795,8.23119818699979,1e-07,,80000,v7_btab_boxeig
35721,expanded_box,topk,25720,,25720,0,"[90, 90]","[181, 181]",32761,topk,25720,,25720,80000,32761,cheap,30,0.01,,cupy,2.0859517347335298e-12,1.936954137150898e-14,960,418,418,,418,192,32761,2960,100644864,7837.4944370276635,78374.94437027663,0.001,boxeig,20000,group_c,50,diag,0.001,50,auto,group_c,boxeig,3500,3501,1.3115662669374926e-06,0,,,2,USGS_LPC_IL_Winnebago_2018_ground_elevation_regression_ntrain300000000,False,NVIDIA A100-SXM4-40GB,cheap,192,0,192,192,0,0,2,35721,,,,,,,2.0859517347335298e-12,1.936954137150898e-14,,,,,1e-05,boxeig,299999999.99957526,True,,nan,0,0,,nan,0,0,0,0,False,3500.0,matern,0.1,1.5,1.0,,2085136,3500,btab_boxeig_topk_25720_q192,189,3501,3501,75000000,300000000,3500,cufinufft,binned_c1,50,3500,1.3115662669374926e-06,pcg,maxiter,3501,,True,0.1,0,34.22564403065023,0.1105842026062825,0.11057715204722435,0,0.1,boxeig,ok,,0.0006452198237611299,2.2589146029877156,0.00047293870351593247,1.6557584010092796,55168.594930962325,2960,,78374.94437027663,0.003970876000039425,4.6268383040465155e-05,0.16198560902466852,4.118428306184066e-05,0.14418617499950415,0.00028543473835964436,0.9993070189971149,0.3537654779997865,0.0,0.0,0.0010430620000079216,0.0,5.803638502930652e-05,0.2031853839876021,0.3527224159997786,,0.07778307900025538,1.5531987780000236,0.35851555599992935,1.6745966260000387,6.483598644000267,0.0,8.03679742200029,8.114580501000546,1e-07,,80000,v7_btab_boxeig
35721,expanded_box,topk,25720,,25720,0,"[90, 90]","[181, 181]",32761,topk,25720,,25720,80000,32761,cheap,30,0.01,,cupy,1.5788549708729153e-12,4.2798648877313274e-14,1280,546,546,,546,256,32761,2960,134193152,3648.4974643652654,36484.974643652655,0.001,boxeig,20000,group_c,50,diag,0.001,50,auto,group_c,boxeig,3269,3270,9.123517311374774e-08,0,,,2,USGS_LPC_IL_Winnebago_2018_ground_elevation_regression_ntrain300000000,False,NVIDIA A100-SXM4-40GB,cheap,256,0,256,256,0,0,2,35721,,,,,,,1.5788549708729153e-12,4.2798648877313274e-14,,,,,1e-05,boxeig,299999999.99957526,True,,nan,0,0,,nan,0,0,0,0,False,3269.0,matern,0.1,1.5,1.0,,2085136,3500,btab_boxeig_topk_25720_q256,189,3270,3269,75000000,300000000,3500,cufinufft,binned_c1,50,3269,9.123517311374774e-08,pcg,converged,3269,,True,0.1,0,34.22564403065023,0.11058275765631527,0.11057570979754164,0,0.1,boxeig,ok,,0.0006489685030550563,2.122127004990034,0.000527794307430449,1.7253595909901378,55168.594930962325,2960,,36484.974643652655,0.003869955000027403,4.6548681861914745e-05,0.1521676410065993,4.145276078696184e-05,0.13550907501257825,0.0003391425090225939,1.1086568619948594,0.4730210730003819,0.0,0.0,0.0010375310002928018,0.0,5.847432854045366e-05,0.19115257999874302,0.4719835420000891,,0.10371384700010822,1.5526104679997843,0.4778347599999506,1.6837546120000297,6.410341361000064,0.0,7.962951828999849,8.066665675999957,1e-07,,80000,v7_btab_boxeig
35721,expanded_box,topk,25720,,25720,0,"[90, 90]","[181, 181]",32761,topk,25720,,25720,80000,32761,cheap,30,0.01,,cupy,1.1869251250961394e-12,1.1203476137718492e-13,1600,674,674,,674,320,32761,2960,167741440,2033.0906084801427,20330.906084801427,0.001,boxeig,20000,group_c,50,diag,0.001,50,auto,group_c,boxeig,2535,2536,9.31603079304181e-08,0,,,2,USGS_LPC_IL_Winnebago_2018_ground_elevation_regression_ntrain300000000,False,NVIDIA A100-SXM4-40GB,cheap,320,0,320,320,0,0,2,35721,,,,,,,1.1869251250961394e-12,1.1203476137718492e-13,,,,,1e-05,boxeig,299999999.99957526,True,,nan,0,0,,nan,0,0,0,0,False,2535.0,matern,0.1,1.5,1.0,,2085136,3500,btab_boxeig_topk_25720_q320,189,2536,2535,75000000,300000000,3500,cufinufft,binned_c1,50,2535,9.31603079304181e-08,pcg,converged,2535,,True,0.1,0,34.22564403065023,0.1105827687519553,0.1105757204653179,0,0.1,boxeig,ok,,0.0006508393071759453,1.6505284829981974,0.0005706239613390441,1.4465317419944768,55168.594930962325,2960,,20330.906084801427,0.0038783479999437986,4.625802603240274e-05,0.11726409599214094,4.2000271791347814e-05,0.10647068899106671,0.0003803457498939944,0.9641764759812759,0.593729894000262,0.0,0.0,0.0010559590000411845,0.0,5.958706942549005e-05,0.1510532209936173,0.5926739350002208,,0.13000557699979254,1.553465006999886,0.598628496999936,1.6816482099998211,5.310655311000119,0.0,6.864120318000005,6.994125894999797,1e-07,,80000,v7_btab_boxeig
35721,expanded_box,topk,25720,,25720,0,"[90, 90]","[181, 181]",32761,topk,25720,,25720,80000,32761,cheap,30,0.01,,cupy,1.2209701645710021e-11,1.3358161719968475e-13,1920,802,802,,802,384,32761,2960,201289728,1237.7514789865315,12377.514789865314,0.001,boxeig,20000,group_c,50,diag,0.001,50,auto,group_c,boxeig,2053,2054,8.903359653603855e-08,0,,,2,USGS_LPC_IL_Winnebago_2018_ground_elevation_regression_ntrain300000000,False,NVIDIA A100-SXM4-40GB,cheap,384,0,384,384,0,0,2,35721,,,,,,,1.2209701645710021e-11,1.3358161719968475e-13,,,,,1e-05,boxeig,299999999.99957526,True,,nan,0,0,,nan,0,0,0,0,False,2053.0,matern,0.1,1.5,1.0,,2085136,3500,btab_boxeig_topk_25720_q384,189,2054,2053,75000000,300000000,3500,cufinufft,binned_c1,50,2053,8.903359653603855e-08,pcg,converged,2053,,True,0.1,0,34.22564403065023,0.110582785828443,0.11057573736714825,0,0.1,boxeig,ok,,0.0006484168802346322,1.3318482720019347,0.0006133791315123085,1.2592673569947692,55168.594930962325,2960,,12377.514789865314,0.003932136999992508,4.650910618066304e-05,0.09548319498890123,4.2429961522128705e-05,0.08710871100493023,0.00042363304530352555,0.869718642008138,1.7423702119995141,0.0,0.0,0.00104339399968012,0.0,5.827766050012901e-05,0.11964403700676485,1.741326817999834,,0.15419757699964975,1.553191746000266,1.7474138140000832,1.6711715739997999,5.645425784000054,0.0,7.19861753000032,7.352815106999969,1e-07,,80000,v7_btab_boxeig
35721,expanded_box,topk,25720,,25720,0,"[90, 90]","[181, 181]",32761,topk,25720,,25720,80000,32761,cheap,30,0.01,,cupy,9.71159071841483e-12,5.216850710657136e-13,2240,930,930,,930,448,32761,2960,234838016,808.3879538574017,8083.879538574017,0.001,boxeig,20000,group_c,50,diag,0.001,50,auto,group_c,boxeig,1658,1659,9.996494072392126e-08,0,,,2,USGS_LPC_IL_Winnebago_2018_ground_elevation_regression_ntrain300000000,False,NVIDIA A100-SXM4-40GB,cheap,448,0,448,448,0,0,2,35721,,,,,,,9.71159071841483e-12,5.216850710657136e-13,,,,,1e-05,boxeig,299999999.99957526,True,,nan,0,0,,nan,0,0,0,0,False,1658.0,matern,0.1,1.5,1.0,,2085136,3500,btab_boxeig_topk_25720_q448,189,1659,1658,75000000,300000000,3500,cufinufft,binned_c1,50,1658,9.996494072392126e-08,pcg,converged,1658,,True,0.1,0,34.22564403065023,0.11058278355438807,0.1105757352850272,0,0.1,boxeig,ok,,0.0006494276974093065,1.0774005500020394,0.0006601769276353364,1.0945733460193878,55168.594930962325,2960,,8083.879538574017,0.0039893119997032045,4.664748070819278e-05,0.07734152301418362,4.224133051574327e-05,0.07003612599510234,0.0004701503431806267,0.779509268993479,0.9116054619998977,0.0,0.0,0.0010428340001453762,0.0,5.830096320447417e-05,0.09666299699301817,0.9105626279997523,,0.18275503399991067,1.5536634620002587,0.9168457610003315,1.6809470690000126,4.150683057999686,0.0,5.704346519999945,5.887101553999855,1e-07,,80000,v7_btab_boxeig
35721,expanded_box,topk,35721,,35721,0,"[94, 94]","[189, 189]",35721,topk,35721,,35721,80000,35721,cheap,30,0.01,,cupy,2.036643399836388e-12,2.0372532250226677e-14,960,418,418,,418,192,35721,0,109737984,7837.726795223466,78377.26795223466,0.001,boxeig,20000,group_c,50,diag,0.001,50,auto,group_c,boxeig,781,782,9.895939145665041e-08,0,,,2,USGS_LPC_IL_Winnebago_2018_ground_elevation_regression_ntrain300000000,False,NVIDIA A100-SXM4-40GB,cheap,192,0,192,192,0,0,2,35721,,,,,,,2.036643399836388e-12,2.0372532250226677e-14,,,,,1e-05,boxeig,299999999.99957526,True,,nan,0,0,,nan,0,0,0,0,False,781.0,matern,0.1,1.5,1.0,,2274064,3500,btab_boxeig_topk_35721_q192,189,782,781,75000000,300000000,3500,cufinufft,binned_c1,50,781,9.895939145665041e-08,pcg,converged,781,,True,0.1,0,0.0,0.1105830167572779,0.11057597385380219,0,0.1,boxeig,ok,,0.0006539921918121061,0.511421893997067,0.00043794626889313485,0.34203603600553834,0.0,0,,78377.26795223466,0.004676220999954239,1.713566068681387e-05,0.013382950996401632,3.1069459670740386e-05,0.02426524800284824,0.0002914020115230311,0.22758497099948727,0.37277980099997876,0.0,0.0,0.000984433000212448,0.0,5.7585370037689053e-05,0.04497417399943515,0.3717953679997663,,0.08254214999988108,1.5528312609999375,0.378281772000264,1.6811181990001387,1.7325294669999494,0.0,3.285360727999887,3.367902877999768,1e-07,,80000,v7_btab_boxeig
35721,expanded_box,topk,35721,,35721,0,"[94, 94]","[189, 189]",35721,topk,35721,,35721,80000,35721,cheap,30,0.01,,cupy,1.7320025228606077e-12,4.768631864605218e-14,1280,546,546,,546,256,35721,0,146317312,3648.7722828877654,36487.72282887765,0.001,boxeig,20000,group_c,50,diag,0.001,50,auto,group_c,boxeig,541,542,9.370225652974882e-08,0,,,2,USGS_LPC_IL_Winnebago_2018_ground_elevation_regression_ntrain300000000,False,NVIDIA A100-SXM4-40GB,cheap,256,0,256,256,0,0,2,35721,,,,,,,1.7320025228606077e-12,4.768631864605218e-14,,,,,1e-05,boxeig,299999999.99957526,True,,nan,0,0,,nan,0,0,0,0,False,541.0,matern,0.1,1.5,1.0,,2274064,3500,btab_boxeig_topk_35721_q256,189,542,541,75000000,300000000,3500,cufinufft,binned_c1,50,541,9.370225652974882e-08,pcg,converged,541,,True,0.1,0,0.0,0.11058305902462659,0.1105760113660472,0,0.1,boxeig,ok,,0.0006525416900295799,0.3536775959960323,0.0004923046746639363,0.26633682899318956,0.0,0,,36487.72282887765,0.004767819000335294,1.720049908852736e-05,0.009305470006893302,3.1222909425858486e-05,0.016891593999389443,0.0003454849390122348,0.18690735200561903,0.48359489799986477,0.0,0.0,0.0009466169999541307,0.0,5.775067651494365e-05,0.031243115994584514,0.48264828099991064,,0.10812210099993536,1.5530576710002606,0.4893284859999767,1.6703769920000013,1.453368319999754,0.0,3.0064259910000146,3.11454809199995,1e-07,,80000,v7_btab_boxeig
35721,expanded_box,topk,35721,,35721,0,"[94, 94]","[189, 189]",35721,topk,35721,,35721,80000,35721,cheap,30,0.01,,cupy,2.035454855885464e-12,9.971317827035347e-14,1600,674,674,,674,320,35721,0,182896640,2033.650869495076,20336.50869495076,0.001,boxeig,20000,group_c,50,diag,0.001,50,auto,group_c,boxeig,408,409,9.184712118990746e-08,0,,,2,USGS_LPC_IL_Winnebago_2018_ground_elevation_regression_ntrain300000000,False,NVIDIA A100-SXM4-40GB,cheap,320,0,320,320,0,0,2,35721,,,,,,,2.035454855885464e-12,9.971317827035347e-14,,,,,1e-05,boxeig,299999999.99957526,True,,nan,0,0,,nan,0,0,0,0,False,408.0,matern,0.1,1.5,1.0,,2274064,3500,btab_boxeig_topk_35721_q320,189,409,408,75000000,300000000,3500,cufinufft,binned_c1,50,408,9.184712118990746e-08,pcg,converged,408,,True,0.1,0,0.0,0.11058308910592986,0.11057604314375019,0,0.1,boxeig,ok,,0.0006621748826515405,0.27082952700448004,0.0005435543235298788,0.22177016400019056,0.0,0,,20336.50869495076,0.004700923999735096,1.746375491897126e-05,0.007125212006940274,3.1744372552334515e-05,0.012951704001352482,0.0003940935343148696,0.1607901620004668,0.6155190950003089,0.0,0.0,0.0011535610001374152,0.0,5.8643218118968255e-05,0.02392643299253905,0.6143655340001715,,0.13724551299992527,1.5531658639997659,0.6212860700002238,1.678787396000189,1.377666567000233,0.0,2.930832430999999,3.068077943999924,1e-07,,80000,v7_btab_boxeig
35721,expanded_box,topk,35721,,35721,0,"[94, 94]","[189, 189]",35721,topk,35721,,35721,80000,35721,cheap,30,0.01,,cupy,1.2141503428914836e-11,1.3067363778879833e-13,1920,802,802,,802,384,35721,0,219475968,1238.0029503263956,12380.029503263955,0.001,boxeig,20000,group_c,50,diag,0.001,50,auto,group_c,boxeig,320,321,9.611021033964455e-08,0,,,2,USGS_LPC_IL_Winnebago_2018_ground_elevation_regression_ntrain300000000,False,NVIDIA A100-SXM4-40GB,cheap,384,0,384,384,0,0,2,35721,,,,,,,1.2141503428914836e-11,1.3067363778879833e-13,,,,,1e-05,boxeig,299999999.99957526,True,,nan,0,0,,nan,0,0,0,0,False,320.0,matern,0.1,1.5,1.0,,2274064,3500,btab_boxeig_topk_35721_q384,189,321,320,75000000,300000000,3500,cufinufft,binned_c1,50,320,9.611021033964455e-08,pcg,converged,320,,True,0.1,0,0.0,0.11058311081829797,0.11057605875442765,0,0.1,boxeig,ok,,0.0007140958411208689,0.22922476499979894,0.0006091590781409195,0.19493090500509425,0.0,0,,12380.029503263955,0.004698475999703078,1.7423781243053328e-05,0.0055756099977770646,3.3631021867108754e-05,0.010761926997474802,0.00045656177502593207,0.14609976800829827,2.5160992500000248,0.0,0.0,0.0009691449999991164,0.0,5.986601873217978e-05,0.01915712599429753,2.5151301050000257,,0.1621437439998772,1.5531048079997163,2.5310299860002488,1.679512077000254,3.169941993000066,0.0,4.723046800999782,4.885190544999659,1e-07,,80000,v7_btab_boxeig
35721,expanded_box,topk,35721,,35721,0,"[94, 94]","[189, 189]",35721,topk,35721,,35721,80000,35721,cheap,30,0.01,,cupy,4.906089571041059e-12,5.228317151091095e-13,2240,930,930,,930,448,35721,0,256055296,808.6653706318651,8086.653706318651,0.001,boxeig,20000,group_c,50,diag,0.001,50,auto,group_c,boxeig,275,276,9.648785120025819e-08,0,,,2,USGS_LPC_IL_Winnebago_2018_ground_elevation_regression_ntrain300000000,False,NVIDIA A100-SXM4-40GB,cheap,448,0,448,448,0,0,2,35721,,,,,,,4.906089571041059e-12,5.228317151091095e-13,,,,,1e-05,boxeig,299999999.99957526,True,,nan,0,0,,nan,0,0,0,0,False,275.0,matern,0.1,1.5,1.0,,2274064,3500,btab_boxeig_topk_35721_q448,189,276,275,75000000,300000000,3500,cufinufft,binned_c1,50,275,9.648785120025819e-08,pcg,converged,275,,True,0.1,0,0.0,0.11058292469114255,0.11057588447179954,0,0.1,boxeig,ok,,0.0006811505072487373,0.1879975400006515,0.0006601222399943005,0.18153361599843265,0.0,0,,8086.653706318651,0.004742949000046792,1.7481199989891717e-05,0.004807329997220222,3.355616727937807e-05,0.009227946001828968,0.0005072124690857229,0.1394834289985738,1.0574642550000135,0.0,0.0,0.0010385219998170214,0.0,5.960121089380912e-05,0.016390332995797507,1.0564257330001965,,0.1873417030001292,1.5532040009998127,1.063542888000029,1.6851440880000155,1.6187761270002738,0.0,3.1719801280000866,3.3593218310002158,1e-07,,80000,v7_btab_boxeig
35721,,,,,,,,,,,,,,,,,,,,,,,,,,,,,,,,,,,,,group_c,,,,,,group_c,,13452,13453,8.37185209426398e-08,,,,2,USGS_LPC_IL_Winnebago_2018_ground_elevation_regression_ntrain100000000,False,NVIDIA A100-SXM4-40GB,,,,,,,,2,35721,,,,,,,,,0,0,,,1e-05,,,True,,,,,,,,,,,False,13452.0,matern,0.1,1.5,1.0,,,80000,plain_cg,189,13453,,25000000,100000000,3500,cufinufft,cufinufft,,,,,,,,True,0.1,0,,0.11190098081996845,0.1119166954206824,0,,,ok,,0.0006356149108741303,8.550927395989675,,,,,,,,,,,,,,,,,,,,,,,,1.0238567350002086,,0.5180820139999014,14.553753869000047,,15.577611387000161,,1e-07,,80000,v1
35721,,,,,,,,,,,,,,,,,,,,,,,,,,,,,,,,,,,,,group_c,,,,,,group_c,,1953,1954,8.95789177270144e-08,,,nan,2,USGS_LPC_IL_Winnebago_2018_ground_elevation_regression_ntrain100000000,False,NVIDIA A100-SXM4-40GB,,,,,,,,2,35721,72,3,nan,,17506.873681511646,0.0005950473084841846,,,5,352,0.0005362589034167203,0.18876313400268555,1e-05,,,True,[],,,,,,,,,,False,1953.0,matern,0.1,1.5,1.0,nan,,3500,eigenpro_pcg_q64,189,1954,1953,25000000,100000000,3500,cufinufft,binned_c1,,,,,,,full_eigenpro,True,0.1,0,,0.1118621217158402,0.11187808473099212,0,,,ok,,0.0006536556852656893,1.277243209009157,0.00018581995494181355,0.3629063720013619,,,[],,,,,,,,,,,,,,,,,0.22380824499987284,,0.5117353959999491,0.00032592900015515625,0.5292537329996776,2.8950643550001587,,3.630933925000136,,1e-07,64,80000,v3
35721,,,,,,,,,,,,,,,,,,,,,,,,,,,,,,,,,,,,,group_c,,,,,,group_c,,903,904,9.098326768812126e-08,,,nan,2,USGS_LPC_IL_Winnebago_2018_ground_elevation_regression_ntrain100000000,False,NVIDIA A100-SXM4-40GB,,,,,,,,2,35721,136,3,nan,,5462.77725709571,0.00018567286748450015,,,5,672,0.0005336944602784657,0.3586426773071289,1e-05,,,True,[],,,,,,,,,,False,903.0,matern,0.1,1.5,1.0,nan,,3500,eigenpro_pcg_q128,189,904,903,25000000,100000000,3500,cufinufft,binned_c1,,,,,,,full_eigenpro,True,0.1,0,,0.11186214015216837,0.11187810296434253,0,,,ok,,0.0006540176991213222,0.5912320000056752,0.0002128963399809839,0.19224539500282845,,,[],,,,,,,,,,,,,,,,,0.4250704589999259,,0.5117879489998813,0.0003837650001514703,0.5347077839996928,1.3648419950000061,,2.302084167999965,,1e-07,128,80000,v3
35721,,,,,,,,,,,,,,,,,,,,,,,,,,,,,,,,,,,,,group_c,,,,,,group_c,,374,375,9.851972372155478e-08,,,nan,2,USGS_LPC_IL_Winnebago_2018_ground_elevation_regression_ntrain100000000,False,NVIDIA A100-SXM4-40GB,,,,,,,,2,35721,264,3,nan,,1395.8845524658852,4.744429575959268e-05,,,5,1312,0.0005451387312354111,0.7152220153808594,1e-05,,,True,[],,,,,,,,,,False,374.0,matern,0.1,1.5,1.0,nan,,3500,eigenpro_pcg_q256,189,375,374,25000000,100000000,3500,cufinufft,binned_c1,,,,,,,full_eigenpro,True,0.1,0,,0.11186221062841449,0.11187817067807358,0,,,ok,,0.0006527267759944759,0.24477254099792844,0.00032676233422656594,0.12220911300073567,,,[],,,,,,,,,,,,,,,,,0.8532659030001923,,0.5117600599996877,0.0003285540001343179,0.5111450459999105,0.6092724609998186,,1.9746269779998329,,1e-07,256,80000,v3
35721,,,,,,,,,,,,,,,,,,,,,,,,,,,,,,,,,,,,,group_c,,,,,,group_c,,290,291,9.836740671576411e-08,,,nan,2,USGS_LPC_IL_Winnebago_2018_ground_elevation_regression_ntrain100000000,False,NVIDIA A100-SXM4-40GB,,,,,,,,2,35721,328,3,nan,,881.1236126008326,2.9948241586725263e-05,,,5,1632,0.0005538879843319164,0.9039451904296876,1e-05,,,True,[],,,,,,,,,,False,290.0,matern,0.1,1.5,1.0,nan,,3500,eigenpro_pcg_q320,189,291,290,25000000,100000000,3500,cufinufft,binned_c1,,,,,,,full_eigenpro,True,0.1,0,,0.1118621931537731,0.11187816275725475,0,,,ok,,0.0006544381031007109,0.19044148800230687,0.00037542521035432183,0.10887331100275333,,,[],,,,,,,,,,,,,,,,,1.0785672070001056,,0.5118473940001422,0.0002958249997391249,0.5105559570001788,0.48830669800008764,,2.0790171240000745,,1e-07,320,80000,v3
35721,,,,,,,,,,,,,,,,,,,,,,,,,,,,,,,,,,,,,group_c,,,,,,group_c,,226,227,9.994978181452139e-08,,,nan,2,USGS_LPC_IL_Winnebago_2018_ground_elevation_regression_ntrain100000000,False,NVIDIA A100-SXM4-40GB,,,,,,,,2,35721,392,3,nan,,595.9783659631021,2.0256526570147122e-05,,,5,1952,0.0005721206508699011,1.116779510498047,1e-05,,,True,[],,,,,,,,,,False,226.0,matern,0.1,1.5,1.0,nan,,3500,eigenpro_pcg_q384,189,227,226,25000000,100000000,3500,cufinufft,binned_c1,,,,,,,full_eigenpro,True,0.1,0,,0.11186221757642935,0.11187817926793482,0,,,ok,,0.0006656294713799864,0.1510978900032569,0.00042842444690301167,0.09682392500008064,,,[],,,,,,,,,,,,,,,,,1.3298134239998944,,0.511493395999878,0.0003366240002833365,0.5167302830000153,0.3995493299998998,,2.2411927739999555,,1e-07,384,80000,v3
35721,,,,,,,,,,,,,,,,,,,,,,,,,,,,,,,,,,,,,group_c,,,,,,group_c,,184,185,9.0324440226869e-08,,,nan,2,USGS_LPC_IL_Winnebago_2018_ground_elevation_regression_ntrain100000000,False,NVIDIA A100-SXM4-40GB,,,,,,,,2,35721,456,3,nan,,432.05410088196743,1.4684954744785025e-05,,,5,2272,0.0005748615264892579,1.3060853881835939,1e-05,,,True,[],,,,,,,,,,False,184.0,matern,0.1,1.5,1.0,nan,,3500,eigenpro_pcg_q448,189,185,184,25000000,100000000,3500,cufinufft,binned_c1,,,,,,,full_eigenpro,True,0.1,0,,0.11186222901963747,0.11187818971240894,0,,,ok,,0.0006467874432412312,0.11965567699962776,0.00048114399456390737,0.08853049499975896,,,[],,,,,,,,,,,,,,,,,1.562422118000086,,0.5114318269997966,0.00030242999991969555,0.514548915999967,0.3295303560003049,,2.403686731000107,,1e-07,448,80000,v3
35721,expanded_box,topk,2048,,2048,0,"[25, 25]","[51, 51]",2601,topk,2048,,2048,80000,2601,cheap,30,0.01,,,,,,,,,,,,,,,,,inverse,20000,group_c,50,diag,0.001,50,auto,group_c,auto,3500,3501,0.004951945852754991,0,,,2,USGS_LPC_IL_Winnebago_2018_ground_elevation_regression_ntrain100000000,False,NVIDIA A100-SXM4-40GB,cheap,0,0,0,0,0,0,2,35721,,,,,,,,,,,,,1e-05,inverse,99999999.99985805,True,,nan,0,50,diag,0.001,0,0,0,108243216,False,3500.0,matern,0.1,1.5,1.0,,0,3500,btab_auto_topk_2048,189,3501,3501,25000000,100000000,3500,cufinufft,binned_c1,50,3500,0.004951945852754991,pcg,maxiter,3501,,True,0.1,0,5454.774512432634,0.11851289069478486,0.11852344645517082,0,0.1,exact,ok,,0.0006453302010860952,2.2593010340024193,0.00034786746015097095,1.2178839779885493,6302112.012770841,33120,,,0.0017373840000800556,4.574508311613635e-05,0.16015353598959337,4.37447440704066e-05,0.1531503489904935,0.00015724746587468286,0.5505233780272647,0.1926584909997473,0.16986007099967537,0.014199980999819672,0.0,0.006984085000112827,5.8086220788762455e-05,0.20335985898145736,,,0.00031132399999478366,0.5121530090000306,0.19532165399959922,0.5242117030002191,5.882592786999794,0.0016143540001394285,6.394745795999825,6.395057119999819,1e-07,,80000,v6_btab
35721,expanded_box,topk,4096,,4096,0,"[36, 36]","[73, 73]",5329,topk,4096,,4096,80000,5329,cheap,30,0.01,,,,,,,,,,,,,,,,,inverse,20000,group_c,50,diag,0.001,50,auto,group_c,auto,3500,3501,0.01883067536902369,0,,,2,USGS_LPC_IL_Winnebago_2018_ground_elevation_regression_ntrain100000000,False,NVIDIA A100-SXM4-40GB,cheap,0,0,0,0,0,0,2,35721,,,,,,,,,,,,,1e-05,inverse,99999999.99985802,True,,nan,0,50,diag,0.001,0,0,0,454371856,False,3500.0,matern,0.1,1.5,1.0,,0,3500,btab_auto_topk_4096,189,3501,3501,25000000,100000000,3500,cufinufft,binned_c1,50,3500,0.01883067536902369,pcg,maxiter,3501,,True,0.1,0,983.8544680279506,0.13168501478331798,0.13172451117623615,0,0.1,exact,ok,,0.0006523670865519457,2.283937170018362,0.0006170322482123545,2.160229900991453,2124139.962108266,30392,,,0.001884121999864874,4.636907254853569e-05,0.16233812299242345,4.580626906123978e-05,0.16036774798340048,0.0004227629254495113,1.480093001998739,0.879360314999758,0.7533846530000119,0.09512399200002619,0.0,0.024799005999739165,5.83393130509503e-05,0.204245934991377,,,0.000300167000204965,0.5118761620001351,0.8823208850003539,0.5128249459999097,7.565010289999918,0.006052663999980723,8.076886452000053,8.077186619000258,1e-07,,80000,v6_btab
35721,expanded_box,topk,8192,,8192,0,"[51, 51]","[103, 103]",10609,topk,8192,,8192,80000,10609,cheap,30,0.01,,,,,,,,,,,,,,,,,inverse,20000,group_c,50,diag,0.001,50,auto,group_c,auto,3500,3501,0.016368512197308394,0,,,2,USGS_LPC_IL_Winnebago_2018_ground_elevation_regression_ntrain100000000,False,NVIDIA A100-SXM4-40GB,cheap,0,0,0,0,0,0,2,35721,,,,,,,,,,,,,1e-05,inverse,99999999.99985805,True,,nan,0,50,diag,0.001,0,0,0,1800814096,False,3500.0,matern,0.1,1.5,1.0,,0,3500,btab_auto_topk_8192,189,3501,3501,25000000,100000000,3500,cufinufft,binned_c1,50,3500,0.016368512197308394,pcg,maxiter,3501,,True,0.1,0,184.00350798219733,0.13729353481421405,0.1373200357318492,0,0.1,exact,ok,,0.0006451579263070987,2.2586979000011524,0.0016424452890591817,5.750200956996196,681483.853611531,25112,,,0.002278396999827237,4.522118651470406e-05,0.1583193739879789,4.87814227362786e-05,0.17078376099971138,0.0014468252787821045,5.065335301016148,3.7322254959999555,2.94656513200016,0.619566758000019,0.0,0.14252693399976124,5.7495544414806867e-05,0.20129190099623884,,,0.0002809379998325312,0.5121386430000712,3.7356001859998287,0.5100037030001658,13.956420110999716,0.023566672000015387,14.468558753999787,14.46883969199962,1e-07,,80000,v6_btab
35721,expanded_box,topk,10240,,10240,0,"[57, 57]","[115, 115]",13225,topk,10240,,10240,80000,13225,cheap,30,0.01,,,,,,,,,,,,,,,,,inverse,20000,group_c,50,diag,0.001,50,auto,group_c,auto,3500,3501,0.016384699962088866,0,,,2,USGS_LPC_IL_Winnebago_2018_ground_elevation_regression_ntrain100000000,False,NVIDIA A100-SXM4-40GB,cheap,0,0,0,0,0,0,2,35721,,,,,,,,,,,,,1e-05,inverse,99999999.99985805,True,,nan,0,50,diag,0.001,0,0,0,2798410000,False,3500.0,matern,0.1,1.5,1.0,,0,3500,btab_auto_topk_10240,189,3501,3501,25000000,100000000,3500,cufinufft,binned_c1,50,3500,0.016384699962088866,pcg,maxiter,3501,,True,0.1,0,107.12968006546828,0.13673460533870455,0.1367735791718794,0,0.1,exact,ok,,0.0006523447303656847,2.2838589010102623,0.0023845007155167096,8.348137005024,453758.18500728224,22496,,,0.0024241979999715113,4.555706684206852e-05,0.15949529101408189,5.132497143614941e-05,0.17968872499795907,0.002185104120821248,7.65004952699519,5.984419506999984,4.555565171000126,1.1577139199998783,0.0,0.23411208500010616,5.7730297348511507e-05,0.2021137710171388,,,0.00026564299969322747,0.5118366860001515,5.9880215840003075,0.5165147279999474,18.848262632000115,0.037028330999874015,19.360099318000266,19.36036496099996,1e-07,,80000,v6_btab
35721,expanded_box,topk,20480,,20480,0,"[80, 80]","[161, 161]",25921,topk,20480,,20480,80000,25921,cheap,30,0.01,,cupy,2.0890009335289802e-13,3.25828234480007e-14,960,418,418,,418,192,25921,9800,79632384,2611.786585578623,26117.86585578623,0.001,boxeig,20000,group_c,50,diag,0.001,50,auto,group_c,boxeig,3092,3093,9.385270075357488e-08,0,,,2,USGS_LPC_IL_Winnebago_2018_ground_elevation_regression_ntrain100000000,False,NVIDIA A100-SXM4-40GB,cheap,192,0,192,192,0,0,2,35721,,,,,,,2.0890009335289802e-13,3.25828234480007e-14,,,,,1e-05,boxeig,99999999.99985805,True,,nan,0,0,,nan,0,0,0,0,False,3092.0,matern,0.1,1.5,1.0,,1648656,3500,btab_boxeig_topk_20480_q192,189,3093,3092,25000000,100000000,3500,cufinufft,binned_c1,50,3092,9.385270075357488e-08,pcg,converged,3092,,True,0.1,0,20.372483964690904,0.11186205691381983,0.11187802078261519,0,0.1,boxeig,ok,,0.0006440779401939632,1.9921330690199284,0.0004527124256166684,1.3997868200067387,81911.19777238744,9800,,26117.86585578623,0.003388492000340193,4.610570536655498e-05,0.142558840993388,4.0579240297156595e-05,0.1254710109988082,0.00026558010413570577,0.8211736819876023,0.39928699099982623,0.0,0.0,0.0010802599999806262,0.0,5.876430821399069e-05,0.18169924099765922,0.3982067309998456,,0.08251663000010012,0.5116915739999968,0.40338761599969075,0.5245581139997739,5.748354126000322,0.0,6.260045700000319,6.342562330000419,1e-07,,80000,v7_btab_boxeig
35721,expanded_box,topk,20480,,20480,0,"[80, 80]","[161, 161]",25921,topk,20480,,20480,80000,25921,cheap,30,0.01,,cupy,1.1591659710328702e-12,1.0567250382960985e-13,1280,546,546,,546,256,25921,9800,106176512,1215.6767839395006,12156.767839395006,0.001,boxeig,20000,group_c,50,diag,0.001,50,auto,group_c,boxeig,2170,2171,9.862948326454057e-08,0,,,2,USGS_LPC_IL_Winnebago_2018_ground_elevation_regression_ntrain100000000,False,NVIDIA A100-SXM4-40GB,cheap,256,0,256,256,0,0,2,35721,,,,,,,1.1591659710328702e-12,1.0567250382960985e-13,,,,,1e-05,boxeig,99999999.99985805,True,,nan,0,0,,nan,0,0,0,0,False,2170.0,matern,0.1,1.5,1.0,,1648656,3500,btab_boxeig_topk_20480_q256,189,2171,2170,25000000,100000000,3500,cufinufft,binned_c1,50,2170,9.862948326454057e-08,pcg,converged,2170,,True,0.1,0,20.372483964690904,0.11186205525679689,0.11187802065952615,0,0.1,boxeig,ok,,0.0006380051151560209,1.3851091050037212,0.00047116944562211366,1.0224376969999867,81911.19777238744,9800,,12156.767839395006,0.0034968549998666276,4.569424608159398e-05,0.09915651399705894,4.0408271883078487e-05,0.08768594998628032,0.00028577588018127703,0.6201336599933711,0.48301634000017657,0.0,0.0,0.0011453830002210452,0.0,5.761281013774309e-05,0.1250197979989025,0.4818709569999555,,0.10876126999983171,0.5122628409999379,0.48730372599993643,0.5324619269999857,4.249897822000094,0.0,4.7621606630000315,4.870921932999863,1e-07,,80000,v7_btab_boxeig
35721,expanded_box,topk,20480,,20480,0,"[80, 80]","[161, 161]",25921,topk,20480,,20480,80000,25921,cheap,30,0.01,,cupy,7.953541842402432e-13,1.0834964416716657e-13,1600,674,674,,674,320,25921,9800,132720640,676.9715914186961,6769.715914186961,0.001,boxeig,20000,group_c,50,diag,0.001,50,auto,group_c,boxeig,1654,1655,9.347407845921456e-08,0,,,2,USGS_LPC_IL_Winnebago_2018_ground_elevation_regression_ntrain100000000,False,NVIDIA A100-SXM4-40GB,cheap,320,0,320,320,0,0,2,35721,,,,,,,7.953541842402432e-13,1.0834964416716657e-13,,,,,1e-05,boxeig,99999999.99985805,True,,nan,0,0,,nan,0,0,0,0,False,1654.0,matern,0.1,1.5,1.0,,1648656,3500,btab_boxeig_topk_20480_q320,189,1655,1654,25000000,100000000,3500,cufinufft,binned_c1,50,1654,9.347407845921456e-08,pcg,converged,1654,,True,0.1,0,20.372483964690904,0.111862063237686,0.11187802773317046,0,0.1,boxeig,ok,,0.0006502683075559837,1.076194049005153,0.0005016609492117201,0.8297472099961851,81911.19777238744,9800,,6769.715914186961,0.0034056270001201483,4.633244799770886e-05,0.07663386898821045,4.110270313442275e-05,0.06798387098433523,0.0003135202478773326,0.5185624899891081,0.647873466999954,0.0,0.0,0.0010568739999143872,0.0,5.8400249099137296e-05,0.09659401200997308,0.6468165930000396,,0.1371889810002358,0.5118531020002592,0.6521648589996403,0.5179137859995535,3.6165464800001246,0.0,4.128399582000384,4.26558856300062,1e-07,,80000,v7_btab_boxeig
35721,expanded_box,topk,20480,,20480,0,"[80, 80]","[161, 161]",25921,topk,20480,,20480,80000,25921,cheap,30,0.01,,cupy,1.042316448118859e-11,1.3888723200987214e-13,1920,802,802,,802,384,25921,9800,159264768,412.1188596080124,4121.188596080124,0.001,boxeig,20000,group_c,50,diag,0.001,50,auto,group_c,boxeig,1312,1313,8.95983412423139e-08,0,,,2,USGS_LPC_IL_Winnebago_2018_ground_elevation_regression_ntrain100000000,False,NVIDIA A100-SXM4-40GB,cheap,384,0,384,384,0,0,2,35721,,,,,,,1.042316448118859e-11,1.3888723200987214e-13,,,,,1e-05,boxeig,99999999.99985805,True,,nan,0,0,,nan,0,0,0,0,False,1312.0,matern,0.1,1.5,1.0,,1648656,3500,btab_boxeig_topk_20480_q384,189,1313,1312,25000000,100000000,3500,cufinufft,binned_c1,50,1312,8.95983412423139e-08,pcg,converged,1312,,True,0.1,0,20.372483964690904,0.11186205556368531,0.1118780206305131,0,0.1,boxeig,ok,,0.000651843789028211,0.855870894994041,0.0005423598216464559,0.7115760860001501,81911.19777238744,9800,,4121.188596080124,0.0034838060000765836,4.602091385733019e-05,0.06037943898081721,4.1409519049815704e-05,0.054329288993358205,0.00035430266234366784,0.4648450929948922,0.7347072059997117,0.0,0.0,0.0010656879999260127,0.0,5.8502849847879986e-05,0.07675573900041854,0.7336415179997857,,0.1632622340002854,0.5120054819999496,0.7391670659999363,0.5297429499996724,3.1474843740002143,0.0,3.659489856000164,3.8227520900004492,1e-07,,80000,v7_btab_boxeig
35721,expanded_box,topk,20480,,20480,0,"[80, 80]","[161, 161]",25921,topk,20480,,20480,80000,25921,cheap,30,0.01,,cupy,4.573812964061681e-12,4.552248000948416e-13,2240,930,930,,930,448,25921,9800,185808896,269.29840467535985,2692.9840467535982,0.001,boxeig,20000,group_c,50,diag,0.001,50,auto,group_c,boxeig,1074,1075,9.983165190670434e-08,0,,,2,USGS_LPC_IL_Winnebago_2018_ground_elevation_regression_ntrain100000000,False,NVIDIA A100-SXM4-40GB,cheap,448,0,448,448,0,0,2,35721,,,,,,,4.573812964061681e-12,4.552248000948416e-13,,,,,1e-05,boxeig,99999999.99985805,True,,nan,0,0,,nan,0,0,0,0,False,1074.0,matern,0.1,1.5,1.0,,1648656,3500,btab_boxeig_topk_20480_q448,189,1075,1074,25000000,100000000,3500,cufinufft,binned_c1,50,1074,9.983165190670434e-08,pcg,converged,1074,,True,0.1,0,20.372483964690904,0.11186206476385634,0.11187803127802454,0,0.1,boxeig,ok,,0.0006590322688329209,0.70845968899539,0.0005857632737482483,0.6291097560056187,81911.19777238744,9800,,2692.9840467535982,0.0034301969999432913,4.6717531659602404e-05,0.050174629002412985,4.220519459519233e-05,0.04532837899523656,0.0003943433351927104,0.423524741996971,0.9233052200002021,0.0,0.0,0.0010345959999540355,0.0,5.956152793410852e-05,0.06396908100123255,0.9222706240002481,,0.1904425079997054,0.5114970019999419,0.9278310649997366,0.5368319760000304,2.9613533720003034,0.0,3.472850374000245,3.6632928819999506,1e-07,,80000,v7_btab_boxeig
35721,expanded_box,topk,25720,,25720,0,"[90, 90]","[181, 181]",32761,topk,25720,,25720,80000,32761,cheap,30,0.01,,cupy,2.077792367475061e-13,2.366032124325996e-14,960,418,418,,418,192,32761,2960,100644864,2612.415749224588,26124.15749224588,0.001,boxeig,20000,group_c,50,diag,0.001,50,auto,group_c,boxeig,2778,2779,7.420515107017018e-08,0,,,2,USGS_LPC_IL_Winnebago_2018_ground_elevation_regression_ntrain100000000,False,NVIDIA A100-SXM4-40GB,cheap,192,0,192,192,0,0,2,35721,,,,,,,2.077792367475061e-13,2.366032124325996e-14,,,,,1e-05,boxeig,99999999.99985805,True,,nan,0,0,,nan,0,0,0,0,False,2778.0,matern,0.1,1.5,1.0,,2085136,3500,btab_boxeig_topk_25720_q192,189,2779,2778,25000000,100000000,3500,cufinufft,binned_c1,50,2778,7.420515107017018e-08,pcg,converged,2778,,True,0.1,0,11.408548010216704,0.11186209924112449,0.1118780673985587,0,0.1,boxeig,ok,,0.0006517962029580842,1.811341648020516,0.00047770193052933043,1.32705596301048,18389.531643654045,2960,,26124.15749224588,0.00389887599976646,4.680288661232817e-05,0.13001841900904765,4.163196867718232e-05,0.11565360898521249,0.00028836891469037867,0.8010888450098719,0.36243923399979394,0.0,0.0,0.0010410820000288368,0.0,5.8348241183929203e-05,0.16209141400895533,0.3613981519997651,,0.07813137999983155,0.5119134169999597,0.3671115209999698,0.521508817999802,5.271986638000271,0.0,5.783900055000231,5.862031435000063,1e-07,,80000,v7_btab_boxeig
35721,expanded_box,topk,25720,,25720,0,"[90, 90]","[181, 181]",32761,topk,25720,,25720,80000,32761,cheap,30,0.01,,cupy,1.0324776066946892e-12,4.555943098611646e-14,1280,546,546,,546,256,32761,2960,134193152,1216.257003626899,12162.57003626899,0.001,boxeig,20000,group_c,50,diag,0.001,50,auto,group_c,boxeig,1968,1969,8.969295977458933e-08,0,,,2,USGS_LPC_IL_Winnebago_2018_ground_elevation_regression_ntrain100000000,False,NVIDIA A100-SXM4-40GB,cheap,256,0,256,256,0,0,2,35721,,,,,,,1.0324776066946892e-12,4.555943098611646e-14,,,,,1e-05,boxeig,99999999.99985805,True,,nan,0,0,,nan,0,0,0,0,False,1968.0,matern,0.1,1.5,1.0,,2085136,3500,btab_boxeig_topk_25720_q256,189,1969,1968,25000000,100000000,3500,cufinufft,binned_c1,50,1968,8.969295977458933e-08,pcg,converged,1968,,True,0.1,0,11.408548010216704,0.11186206723412405,0.11187803342634936,0,0.1,boxeig,ok,,0.000652525647028934,1.2848229989999709,0.0005351292291604251,1.0531343229877166,18389.531643654045,2960,,12162.57003626899,0.0038789610002822883,4.8322865340209525e-05,0.09509939898953235,4.230765294201641e-05,0.08326146098988829,0.00034297575915251014,0.67497629401214,2.046576382999774,0.0,0.0,0.0010311429996363586,0.0,5.883339634383964e-05,0.11578412400467641,2.0455452400001377,,0.1059277959998326,0.5117062969998187,2.0513433060000352,0.5352687859999605,5.6481015500003195,0.0,6.159807847000138,6.265735642999971,1e-07,,80000,v7_btab_boxeig
35721,expanded_box,topk,25720,,25720,0,"[90, 90]","[181, 181]",32761,topk,25720,,25720,80000,32761,cheap,30,0.01,,cupy,7.536740188178372e-13,1.0052544741467859e-13,1600,674,674,,674,320,32761,2960,167741440,677.6213029805066,6776.213029805065,0.001,boxeig,20000,group_c,50,diag,0.001,50,auto,group_c,boxeig,1444,1445,9.846689343760184e-08,0,,,2,USGS_LPC_IL_Winnebago_2018_ground_elevation_regression_ntrain100000000,False,NVIDIA A100-SXM4-40GB,cheap,320,0,320,320,0,0,2,35721,,,,,,,7.536740188178372e-13,1.0052544741467859e-13,,,,,1e-05,boxeig,99999999.99985805,True,,nan,0,0,,nan,0,0,0,0,False,1444.0,matern,0.1,1.5,1.0,,2085136,3500,btab_boxeig_topk_25720_q320,189,1445,1444,25000000,100000000,3500,cufinufft,binned_c1,50,1444,9.846689343760184e-08,pcg,converged,1444,,True,0.1,0,11.408548010216704,0.11186209509601809,0.1118780629609827,0,0.1,boxeig,ok,,0.0006515933460218784,0.9415523850016143,0.0005650895353197116,0.8159892890016636,18389.531643654045,2960,,6776.213029805065,0.003899448999618471,4.649889335364845e-05,0.06714440200266836,4.160775761211676e-05,0.060081601991896605,0.0003762004577565475,0.5432334610004546,0.5890483630000745,0.0,0.0,0.0010327190002499265,0.0,5.813386011107108e-05,0.08394529400038664,0.5880156439998245,,0.134415787999842,0.5118751390000398,0.5939579309997498,0.526802287999999,3.27302059800013,0.0,3.78489573700017,3.919311525000012,1e-07,,80000,v7_btab_boxeig
35721,expanded_box,topk,25720,,25720,0,"[90, 90]","[181, 181]",32761,topk,25720,,25720,80000,32761,cheap,30,0.01,,cupy,1.1388427891611874e-11,1.872070734961695e-13,1920,802,802,,802,384,32761,2960,201289728,412.57665279725154,4125.766527972515,0.001,boxeig,20000,group_c,50,diag,0.001,50,auto,group_c,boxeig,1118,1119,9.182297113987976e-08,0,,,2,USGS_LPC_IL_Winnebago_2018_ground_elevation_regression_ntrain100000000,False,NVIDIA A100-SXM4-40GB,cheap,384,0,384,384,0,0,2,35721,,,,,,,1.1388427891611874e-11,1.872070734961695e-13,,,,,1e-05,boxeig,99999999.99985805,True,,nan,0,0,,nan,0,0,0,0,False,1118.0,matern,0.1,1.5,1.0,,2085136,3500,btab_boxeig_topk_25720_q384,189,1119,1118,25000000,100000000,3500,cufinufft,binned_c1,50,1118,9.182297113987976e-08,pcg,converged,1118,,True,0.1,0,11.408548010216704,0.11186210963768094,0.11187807737101248,0,0.1,boxeig,ok,,0.0006485530554090668,0.7257308690027457,0.0006048341779929673,0.6762046109961375,18389.531643654045,2960,,4125.766527972515,0.0038404150000133086,4.636476744414847e-05,0.05183581000255799,4.1617340787659924e-05,0.04652818700060379,0.000416484200355652,0.4656293359976189,0.7222395339999821,0.0,0.0,0.00102382100021714,0.0,5.765086046125693e-05,0.06445366199568525,0.721215712999765,,0.15698486500014042,0.5117548779999197,0.7271940619998531,0.5201011330000256,2.840884816000198,0.0,3.3526396940001177,3.509624559000258,1e-07,,80000,v7_btab_boxeig
35721,expanded_box,topk,25720,,25720,0,"[90, 90]","[181, 181]",32761,topk,25720,,25720,80000,32761,cheap,30,0.01,,cupy,3.623505172397203e-12,4.159602978150881e-13,2240,930,930,,930,448,32761,2960,234838016,269.5717789023149,2695.717789023149,0.001,boxeig,20000,group_c,50,diag,0.001,50,auto,group_c,boxeig,955,956,9.291038813913806e-08,0,,,2,USGS_LPC_IL_Winnebago_2018_ground_elevation_regression_ntrain100000000,False,NVIDIA A100-SXM4-40GB,cheap,448,0,448,448,0,0,2,35721,,,,,,,3.623505172397203e-12,4.159602978150881e-13,,,,,1e-05,boxeig,99999999.99985805,True,,nan,0,0,,nan,0,0,0,0,False,955.0,matern,0.1,1.5,1.0,,2085136,3500,btab_boxeig_topk_25720_q448,189,956,955,25000000,100000000,3500,cufinufft,binned_c1,50,955,9.291038813913806e-08,pcg,converged,955,,True,0.1,0,11.408548010216704,0.11186206439751725,0.1118780302613389,0,0.1,boxeig,ok,,0.0006449637060543038,0.6165853029879145,0.0006506457015705264,0.6213666449998527,18389.531643654045,2960,,2695.717789023149,0.003915926999980002,4.608668062803704e-05,0.044012779999775375,4.135712565370703e-05,0.03949605499929021,0.00046337725863888305,0.4425252820001333,0.8711437500005559,0.0,0.0,0.0010608820002744324,0.0,5.754820210423003e-05,0.05495853300953968,0.8700828680002815,,0.18361994999986564,0.511989528000413,0.8763022200000705,0.527609061000021,2.7187391319998824,0.0,3.2307286600002953,3.414348610000161,1e-07,,80000,v7_btab_boxeig
35721,expanded_box,topk,35721,,35721,0,"[94, 94]","[189, 189]",35721,topk,35721,,35721,80000,35721,cheap,30,0.01,,cupy,4.714030645786994e-13,2.609900969569538e-14,960,418,418,,418,192,35721,0,109737984,2612.4933226153794,26124.933226153793,0.001,boxeig,20000,group_c,50,diag,0.001,50,auto,group_c,boxeig,497,498,9.337533707865308e-08,0,,,2,USGS_LPC_IL_Winnebago_2018_ground_elevation_regression_ntrain100000000,False,NVIDIA A100-SXM4-40GB,cheap,192,0,192,192,0,0,2,35721,,,,,,,4.714030645786994e-13,2.609900969569538e-14,,,,,1e-05,boxeig,99999999.99985805,True,,nan,0,0,,nan,0,0,0,0,False,497.0,matern,0.1,1.5,1.0,,2274064,3500,btab_boxeig_topk_35721_q192,189,498,497,25000000,100000000,3500,cufinufft,binned_c1,50,497,9.337533707865308e-08,pcg,converged,497,,True,0.1,0,0.0,0.1118621470519364,0.11187811716445305,0,0.1,boxeig,ok,,0.0006600302188747677,0.3286950489996343,0.00044086045673835797,0.2191076469989639,0.0,0,,26124.933226153793,0.004583785000249918,1.731486519080498e-05,0.008605487999830075,3.1086042240924686e-05,0.015449762993739569,0.0002930266297736167,0.1456342349974875,0.36530080800002906,0.0,0.0,0.000956982999923639,0.0,5.797696981492515e-05,0.0288145539980178,0.3643438250001054,,0.08237310199956482,0.5118859369999882,0.37068869899985657,0.5145701139999801,1.238919684999928,0.0,1.7508056219999162,1.833178723999481,1e-07,,80000,v7_btab_boxeig
35721,expanded_box,topk,35721,,35721,0,"[94, 94]","[189, 189]",35721,topk,35721,,35721,80000,35721,cheap,30,0.01,,cupy,1.7800043533571686e-12,9.338674599494354e-14,1280,546,546,,546,256,35721,0,146317312,1216.3487750382806,12163.487750382805,0.001,boxeig,20000,group_c,50,diag,0.001,50,auto,group_c,boxeig,338,339,9.48592512441325e-08,0,,,2,USGS_LPC_IL_Winnebago_2018_ground_elevation_regression_ntrain100000000,False,NVIDIA A100-SXM4-40GB,cheap,256,0,256,256,0,0,2,35721,,,,,,,1.7800043533571686e-12,9.338674599494354e-14,,,,,1e-05,boxeig,99999999.99985805,True,,nan,0,0,,nan,0,0,0,0,False,338.0,matern,0.1,1.5,1.0,,2274064,3500,btab_boxeig_topk_35721_q256,189,339,338,25000000,100000000,3500,cufinufft,binned_c1,50,338,9.48592512441325e-08,pcg,converged,338,,True,0.1,0,0.0,0.11186219256506864,0.11187816120251265,0,0.1,boxeig,ok,,0.000675186905612525,0.22888836100264598,0.0005005317396409855,0.1691797279986531,0.0,0,,12163.487750382805,0.004582406999816158,1.7734396441585363e-05,0.005994225997255853,3.260110649680212e-05,0.011019173995919118,0.0003494930355165879,0.11812864600460671,0.47956065400057923,0.0,0.0,0.0009468880002714286,0.0,5.88851982210408e-05,0.019903196998711792,0.4786137660003078,,0.11015526900018813,0.5118911329996081,0.48509883500037176,0.5100353020002331,1.1053216000000248,0.0,1.6172127329996329,1.727368001999821,1e-07,,80000,v7_btab_boxeig
35721,expanded_box,topk,35721,,35721,0,"[94, 94]","[189, 189]",35721,topk,35721,,35721,80000,35721,cheap,30,0.01,,cupy,6.109393504438379e-13,9.614363879285644e-14,1600,674,674,,674,320,35721,0,182896640,677.8084142820871,6778.084142820871,0.001,boxeig,20000,group_c,50,diag,0.001,50,auto,group_c,boxeig,266,267,7.769411006034179e-08,0,,,2,USGS_LPC_IL_Winnebago_2018_ground_elevation_regression_ntrain100000000,False,NVIDIA A100-SXM4-40GB,cheap,320,0,320,320,0,0,2,35721,,,,,,,6.109393504438379e-13,9.614363879285644e-14,,,,,1e-05,boxeig,99999999.99985805,True,,nan,0,0,,nan,0,0,0,0,False,266.0,matern,0.1,1.5,1.0,,2274064,3500,btab_boxeig_topk_35721_q320,189,267,266,25000000,100000000,3500,cufinufft,binned_c1,50,266,7.769411006034179e-08,pcg,converged,266,,True,0.1,0,0.0,0.11186214609535075,0.11187811696853797,0,0.1,boxeig,ok,,0.0006727235206049232,0.1796171800015145,0.0005473710639205109,0.14560070300285588,0.0,0,,6778.084142820871,0.004597978000219882,1.8024808272307007e-05,0.004794599000433664,3.233843230724657e-05,0.008602022993727587,0.00039635339470963054,0.10543000299276173,0.6083072060000632,0.0,0.0,0.000937637999868457,0.0,5.860079700586286e-05,0.01558781200355952,0.6073695680001947,,0.13936224999997648,0.5117490050001834,0.6139934389998416,0.5102508069999203,1.1147529820000273,0.0,1.6265019870002106,1.7658642370001871,1e-07,,80000,v7_btab_boxeig
35721,expanded_box,topk,35721,,35721,0,"[94, 94]","[189, 189]",35721,topk,35721,,35721,80000,35721,cheap,30,0.01,,cupy,4.365231259383122e-12,1.6200081068244166e-13,1920,802,802,,802,384,35721,0,219475968,412.6597073260059,4126.597073260059,0.001,boxeig,20000,group_c,50,diag,0.001,50,auto,group_c,boxeig,210,211,6.811915032235716e-08,0,,,2,USGS_LPC_IL_Winnebago_2018_ground_elevation_regression_ntrain100000000,False,NVIDIA A100-SXM4-40GB,cheap,384,0,384,384,0,0,2,35721,,,,,,,4.365231259383122e-12,1.6200081068244166e-13,,,,,1e-05,boxeig,99999999.99985805,True,,nan,0,0,,nan,0,0,0,0,False,210.0,matern,0.1,1.5,1.0,,2274064,3500,btab_boxeig_topk_35721_q384,189,211,210,25000000,100000000,3500,cufinufft,binned_c1,50,210,6.811915032235716e-08,pcg,converged,210,,True,0.1,0,0.0,0.11186214347054335,0.11187811493704296,0,0.1,boxeig,ok,,0.0006744481658569777,0.14230856299582229,0.0006008747904962504,0.12618370600421258,0.0,0,,4126.597073260059,0.004642630000034842,1.7667528577259787e-05,0.003710181001224555,3.2780238082826445e-05,0.006883849997393554,0.0004483779571382045,0.09415937099902294,0.7899221069997111,0.0,0.0,0.0009507279996796569,0.0,5.962258095072078e-05,0.012520741999651364,0.7889713790000314,,0.1622782890003691,0.5118619509999007,0.7957774800001971,0.5153398229999766,1.2035594090002633,0.0,1.715421360000164,1.877699649000533,1e-07,,80000,v7_btab_boxeig
35721,expanded_box,topk,35721,,35721,0,"[94, 94]","[189, 189]",35721,topk,35721,,35721,80000,35721,cheap,30,0.01,,cupy,1.2948027397352778e-11,3.9067102464785464e-13,2240,930,930,,930,448,35721,0,256055296,269.6668887924178,2696.668887924178,0.001,boxeig,20000,group_c,50,diag,0.001,50,auto,group_c,boxeig,175,176,9.127932147851556e-08,0,,,2,USGS_LPC_IL_Winnebago_2018_ground_elevation_regression_ntrain100000000,False,NVIDIA A100-SXM4-40GB,cheap,448,0,448,448,0,0,2,35721,,,,,,,1.2948027397352778e-11,3.9067102464785464e-13,,,,,1e-05,boxeig,99999999.99985805,True,,nan,0,0,,nan,0,0,0,0,False,175.0,matern,0.1,1.5,1.0,,2274064,3500,btab_boxeig_topk_35721_q448,189,176,175,25000000,100000000,3500,cufinufft,binned_c1,50,175,9.127932147851556e-08,pcg,converged,175,,True,0.1,0,0.0,0.11186213141186024,0.11187809269020868,0,0.1,boxeig,ok,,0.0006832579545656162,0.12025340000354845,0.000657817365731067,0.11511803900293671,0.0,0,,2696.668887924178,0.004602793000231031,1.794570854534478e-05,0.003140498995435337,3.384283430412844e-05,0.005922496003222477,0.0005029261314198916,0.08801207299848102,0.9054268750001029,0.0,0.0,0.0009322099999735656,0.0,5.990396571308208e-05,0.010483193999789364,0.9044946650001293,,0.1889215950000107,0.5118389189997288,0.9113641429999007,0.5142572529998688,1.2652715140002329,0.0,1.7771104329999616,1.9660320279999723,1e-07,,80000,v7_btab_boxeig
