dataset_stem,n_train,kernel,kernel_family,kernel_label,kernel_nu,kernel_lengthscale,eps,reg_lambda,method,method_family,M,mtot,topk,q,btab_active_topk,btab_box_size,btab_eig_q,cg_iters,time_solve,time_total,rmse_test,rmse_train,Speedup,status,table1_source
synthetic_true_func_2d_ntrain3000000,3000000,Matern-1.5,matern,Matern-1.5,1.5,0.1,1e-05,0.1,plain_cg,EFGP-CG,35721,189,,,,,,2792,4.795207244999915,7.104556110999965,0.0130598182478534,0.2995625805719946,1.0,ok,group_a
synthetic_true_func_2d_ntrain3000000,3000000,Matern-1.5,matern,Matern-1.5,1.5,0.1,1e-05,0.1,eigenpro_pcg_q64,EigenPro-PCG,35721,189,,64.0,,,,966,1.4229276799999298,5.806968999999981,0.013122050797041,0.2995611848831959,1.22345342484177,ok,group_a
synthetic_true_func_2d_ntrain3000000,3000000,Matern-1.5,matern,Matern-1.5,1.5,0.1,1e-05,0.1,eigenpro_pcg_q128,EigenPro-PCG,35721,189,,128.0,,,,529,0.7876720689999956,1.2591428529999575,0.0131220216506721,0.2995611851721236,5.642374964900194,ok,group_a
synthetic_true_func_2d_ntrain3000000,3000000,Matern-1.5,matern,Matern-1.5,1.5,0.1,1e-05,0.1,eigenpro_pcg_q256,EigenPro-PCG,35721,189,,256.0,,,,257,0.4181642849999889,1.304530897999939,0.013122017985345,0.2995611855602507,5.446061969013092,ok,group_a
synthetic_true_func_2d_ntrain3000000,3000000,Matern-1.5,matern,Matern-1.5,1.5,0.1,1e-05,0.1,eigenpro_pcg_q320,EigenPro-PCG,35721,189,,320.0,,,,195,0.3274010489999455,1.457283031999964,0.0131220264241424,0.2995611860544639,4.875206775206686,ok,group_a
synthetic_true_func_2d_ntrain3000000,3000000,Matern-1.5,matern,Matern-1.5,1.5,0.1,1e-05,0.1,eigenpro_pcg_q384,EigenPro-PCG,35721,189,,384.0,,,,157,0.2734813399999893,1.631324741999947,0.0131220484631658,0.2995611863674695,4.355083894755393,ok,group_a
synthetic_true_func_2d_ntrain3000000,3000000,Matern-1.5,matern,Matern-1.5,1.5,0.1,1e-05,0.1,eigenpro_pcg_q448,EigenPro-PCG,35721,189,,448.0,,,,131,0.2353103420000479,1.81264678499997,0.0131220423930942,0.299561186514118,3.9194376807393745,ok,group_a
synthetic_true_func_2d_ntrain3000000,3000000,Matern-1.5,matern,Matern-1.5,1.5,0.1,1e-05,0.1,btab_auto_topk_512,Active inverse,35721,189,512.0,,512.0,625.0,,359,1.7721073090000343,1.80827746500006,0.0131219776395772,0.2995611848467963,3.9289081728393547,ok,group_a
synthetic_true_func_2d_ntrain3000000,3000000,Matern-1.5,matern,Matern-1.5,1.5,0.1,1e-05,0.1,btab_auto_topk_728,Active inverse,35721,189,728.0,,728.0,961.0,,283,0.4713597569999592,0.5140370440000197,0.0131219930352107,0.2995611843337905,13.821097514131088,ok,group_a
synthetic_true_func_2d_ntrain3000000,3000000,Matern-1.5,matern,Matern-1.5,1.5,0.1,1e-05,0.1,btab_auto_topk_1024,Active inverse,35721,189,1024.0,,1024.0,1369.0,,188,0.3524878249999119,0.39525900000001,0.01312200900576,0.2995611843810067,17.974432235571577,ok,group_a
synthetic_true_func_2d_ntrain3000000,3000000,Matern-1.5,matern,Matern-1.5,1.5,0.1,1e-05,0.1,btab_auto_topk_2048,Active inverse,35721,189,2048.0,,2048.0,2601.0,,111,0.3929454249999935,0.4354514599999675,0.0131219991534975,0.2995611842555524,16.31538015970941,ok,group_a
synthetic_true_func_2d_ntrain3000000,3000000,Matern-1.5,matern,Matern-1.5,1.5,0.1,1e-05,0.1,btab_auto_topk_4096,Active inverse,35721,189,4096.0,,4096.0,5329.0,,54,1.11861029399995,1.16096637499993,0.0131220274810673,0.2995611840826371,6.119519276344583,ok,group_a
synthetic_true_func_2d_ntrain3000000,3000000,Matern-1.5,matern,Matern-1.5,1.5,0.1,1e-05,0.1,btab_boxeig_topk_2048_q192,Box-EigenPro,35721,189,2048.0,192.0,2048.0,2601.0,192.0,376,2.952000938999958,2.987698632000047,0.0131220159944626,0.2995611858732368,2.3779359922402823,ok,group_a
synthetic_true_func_2d_ntrain3000000,3000000,Matern-1.5,matern,Matern-1.5,1.5,0.1,1e-05,0.1,btab_boxeig_topk_4096_q192,Box-EigenPro,35721,189,4096.0,192.0,4096.0,5329.0,192.0,432,1.2589548509999986,1.302067220999902,0.0131220522459369,0.2995611854888326,5.45636661181297,ok,group_a
synthetic_true_func_2d_ntrain3000000,3000000,Matern-1.5,matern,Matern-1.5,1.5,0.1,1e-05,0.1,btab_boxeig_topk_4096_q256,Box-EigenPro,35721,189,4096.0,256.0,4096.0,5329.0,256.0,306,1.0320175109999354,1.0748968759999116,0.0131219903426647,0.2995611860027585,6.609523452555415,ok,group_a
synthetic_true_func_2d_ntrain3000000,3000000,Matern-1.5,matern,Matern-1.5,1.5,0.1,1e-05,0.1,btab_boxeig_topk_8192_q192,Box-EigenPro,35721,189,8192.0,192.0,8192.0,10609.0,192.0,468,1.2226349769999842,1.2657107549999864,0.0131220046234,0.2995611856384414,5.61309610662196,ok,group_a
synthetic_true_func_2d_ntrain3000000,3000000,Matern-1.5,matern,Matern-1.5,1.5,0.1,1e-05,0.1,btab_boxeig_topk_8192_q256,Box-EigenPro,35721,189,8192.0,256.0,8192.0,10609.0,256.0,334,1.0640492470000709,1.1065241280000464,0.0131220249484116,0.2995611855883193,6.420606592502308,ok,group_a
synthetic_true_func_2d_ntrain3000000,3000000,Matern-1.5,matern,Matern-1.5,1.5,0.1,1e-05,0.1,btab_boxeig_topk_8192_q320,Box-EigenPro,35721,189,8192.0,320.0,8192.0,10609.0,320.0,253,1.0597388899999487,1.102167871000006,0.0131220101805291,0.299561186373285,6.445983681736197,ok,group_a
synthetic_true_func_2d_ntrain3000000,3000000,Matern-1.5,matern,Matern-1.5,1.5,0.1,1e-05,0.1,btab_boxeig_topk_16384_q192,Box-EigenPro,35721,189,16384.0,192.0,16384.0,21025.0,192.0,456,1.4093541639999785,1.4516794060000393,0.013121977150559,0.2995611861563436,4.89402555525388,ok,group_a
synthetic_true_func_2d_ntrain3000000,3000000,Matern-1.5,matern,Matern-1.5,1.5,0.1,1e-05,0.1,btab_boxeig_topk_16384_q256,Box-EigenPro,35721,189,16384.0,256.0,16384.0,21025.0,256.0,318,1.0565608069999826,1.099563022999973,0.0131219840341197,0.2995611865850888,6.461254118582832,ok,group_a
synthetic_true_func_2d_ntrain3000000,3000000,Matern-1.5,matern,Matern-1.5,1.5,0.1,1e-05,0.1,btab_boxeig_topk_16384_q320,Box-EigenPro,35721,189,16384.0,320.0,16384.0,21025.0,320.0,243,1.37350385000002,1.4110057799999822,0.0131220061054546,0.299561186632796,5.035100643599104,ok,group_a
synthetic_true_func_2d_ntrain1000000,1000000,Matern-1.5,matern,Matern-1.5,1.5,0.1,1e-05,0.1,plain_cg,EFGP-CG,35721,189,,,,,,1816,1.963270749000003,1.979947333000041,0.0187432722426845,0.2990455707185386,1.0,ok,group_a
synthetic_true_func_2d_ntrain1000000,1000000,Matern-1.5,matern,Matern-1.5,1.5,0.1,1e-05,0.1,eigenpro_pcg_q64,EigenPro-PCG,35721,189,,64.0,,,,636,0.9245564950000472,1.1752167360000385,0.0189347189818142,0.299035258821182,1.684750797320143,ok,group_a
synthetic_true_func_2d_ntrain1000000,1000000,Matern-1.5,matern,Matern-1.5,1.5,0.1,1e-05,0.1,eigenpro_pcg_q128,EigenPro-PCG,35721,189,,128.0,,,,346,0.5214667139999847,0.962934474000008,0.0189347081264985,0.2990352589944473,2.056159984360498,ok,group_a
synthetic_true_func_2d_ntrain1000000,1000000,Matern-1.5,matern,Matern-1.5,1.5,0.1,1e-05,0.1,eigenpro_pcg_q256,EigenPro-PCG,35721,189,,256.0,,,,167,0.270968842000002,1.1370332220000137,0.0189347293774805,0.2990352592166452,1.7413276012440182,ok,group_a
synthetic_true_func_2d_ntrain1000000,1000000,Matern-1.5,matern,Matern-1.5,1.5,0.1,1e-05,0.1,eigenpro_pcg_q320,EigenPro-PCG,35721,189,,320.0,,,,130,0.2175235199999861,1.3102495040000122,0.0189347240200088,0.2990352593072608,1.511122367881486,ok,group_a
synthetic_true_func_2d_ntrain1000000,1000000,Matern-1.5,matern,Matern-1.5,1.5,0.1,1e-05,0.1,eigenpro_pcg_q384,EigenPro-PCG,35721,189,,384.0,,,,104,0.1827790080000113,1.5076601829999845,0.0189346992752512,0.2990352595444112,1.31325835577901,ok,group_a
synthetic_true_func_2d_ntrain1000000,1000000,Matern-1.5,matern,Matern-1.5,1.5,0.1,1e-05,0.1,eigenpro_pcg_q448,EigenPro-PCG,35721,189,,448.0,,,,86,0.1555628360000582,1.725930661999996,0.0189346958639481,0.2990352597931069,1.147176637273303,ok,group_a
synthetic_true_func_2d_ntrain1000000,1000000,Matern-1.5,matern,Matern-1.5,1.5,0.1,1e-05,0.1,btab_auto_topk_512,Active inverse,35721,189,512.0,,512.0,625.0,,250,0.3959229679999225,0.4151696359999732,0.0189347038465129,0.2990352585110991,4.76900804229375,ok,group_a
synthetic_true_func_2d_ntrain1000000,1000000,Matern-1.5,matern,Matern-1.5,1.5,0.1,1e-05,0.1,btab_auto_topk_728,Active inverse,35721,189,728.0,,728.0,961.0,,176,0.3004439649999995,0.3202644069999678,0.0189347109110601,0.2990352588724108,6.18222721515301,ok,group_a
synthetic_true_func_2d_ntrain1000000,1000000,Matern-1.5,matern,Matern-1.5,1.5,0.1,1e-05,0.1,btab_auto_topk_1024,Active inverse,35721,189,1024.0,,1024.0,1369.0,,130,0.253733683000064,0.2730567720000181,0.018934705737114,0.2990352584290108,7.251046434401963,ok,group_a
synthetic_true_func_2d_ntrain1000000,1000000,Matern-1.5,matern,Matern-1.5,1.5,0.1,1e-05,0.1,btab_auto_topk_2048,Active inverse,35721,189,2048.0,,2048.0,2601.0,,72,0.3352996419999954,0.3577888429999802,0.0189347131414183,0.2990352589218062,5.533843136076075,ok,group_a
synthetic_true_func_2d_ntrain1000000,1000000,Matern-1.5,matern,Matern-1.5,1.5,0.1,1e-05,0.1,btab_auto_topk_4096,Active inverse,35721,189,4096.0,,4096.0,5329.0,,35,0.9898638040000378,1.0126856200000702,0.0189347188705583,0.2990352579292464,1.9551451051510969,ok,group_a
synthetic_true_func_2d_ntrain1000000,1000000,Matern-1.5,matern,Matern-1.5,1.5,0.1,1e-05,0.1,btab_boxeig_topk_2048_q192,Box-EigenPro,35721,189,2048.0,192.0,2048.0,2601.0,192.0,280,0.8464950290000388,0.8663277399999743,0.0189346713720874,0.2990352590753348,2.2854483835414294,ok,group_a
synthetic_true_func_2d_ntrain1000000,1000000,Matern-1.5,matern,Matern-1.5,1.5,0.1,1e-05,0.1,btab_boxeig_topk_4096_q192,Box-EigenPro,35721,189,4096.0,192.0,4096.0,5329.0,192.0,303,0.8857748049999827,0.9050309040000002,0.0189347561663775,0.2990352608144677,2.1877124021391876,ok,group_a
synthetic_true_func_2d_ntrain1000000,1000000,Matern-1.5,matern,Matern-1.5,1.5,0.1,1e-05,0.1,btab_boxeig_topk_4096_q256,Box-EigenPro,35721,189,4096.0,256.0,4096.0,5329.0,256.0,216,0.8955955540000105,0.9179205330000286,0.0189347636837711,0.2990352609825576,2.1569920944343655,ok,group_a
synthetic_true_func_2d_ntrain1000000,1000000,Matern-1.5,matern,Matern-1.5,1.5,0.1,1e-05,0.1,btab_boxeig_topk_8192_q192,Box-EigenPro,35721,189,8192.0,192.0,8192.0,10609.0,192.0,305,0.9068620120000332,0.9294156170000178,0.0189347537959071,0.299035259733627,2.130314249927224,ok,group_a
synthetic_true_func_2d_ntrain1000000,1000000,Matern-1.5,matern,Matern-1.5,1.5,0.1,1e-05,0.1,btab_boxeig_topk_8192_q256,Box-EigenPro,35721,189,8192.0,256.0,8192.0,10609.0,256.0,213,0.8472970489999625,0.8698816739999984,0.0189347943023344,0.2990352595105403,2.2761110989907403,ok,group_a
synthetic_true_func_2d_ntrain1000000,1000000,Matern-1.5,matern,Matern-1.5,1.5,0.1,1e-05,0.1,btab_boxeig_topk_8192_q320,Box-EigenPro,35721,189,8192.0,320.0,8192.0,10609.0,320.0,161,0.8847184090000155,0.907991093000078,0.0189346702740635,0.2990352615613037,2.180580127122316,ok,group_a
synthetic_true_func_2d_ntrain1000000,1000000,Matern-1.5,matern,Matern-1.5,1.5,0.1,1e-05,0.1,btab_boxeig_topk_16384_q192,Box-EigenPro,35721,189,16384.0,192.0,16384.0,21025.0,192.0,264,0.8269520619999184,0.8489648889999444,0.018934704538081,0.2990352580478106,2.3321898922490902,ok,group_a
synthetic_true_func_2d_ntrain1000000,1000000,Matern-1.5,matern,Matern-1.5,1.5,0.1,1e-05,0.1,btab_boxeig_topk_16384_q256,Box-EigenPro,35721,189,16384.0,256.0,16384.0,21025.0,256.0,186,0.8037231350000411,0.8255812759999799,0.0189346803311043,0.2990352577340832,2.39824641202266,ok,group_a
synthetic_true_func_2d_ntrain1000000,1000000,Matern-1.5,matern,Matern-1.5,1.5,0.1,1e-05,0.1,btab_boxeig_topk_16384_q320,Box-EigenPro,35721,189,16384.0,320.0,16384.0,21025.0,320.0,143,0.8540937470000927,0.8752052720000165,0.018934655589669,0.2990352580982994,2.262266232098295,ok,group_a
synthetic_true_func_2d_ntrain30000000,30000000,Matern-1.5,matern,Matern-1.5,1.5,0.1,1e-05,0.1,plain_cg,EFGP-CG,35721,189,,,,,,5986,6.445515909000051,6.783835775000057,0.0052382287810589,0.3000032115502188,1.0,ok,group_a
synthetic_true_func_2d_ntrain30000000,30000000,Matern-1.5,matern,Matern-1.5,1.5,0.1,1e-05,0.1,eigenpro_pcg_q64,EigenPro-PCG,35721,189,,64.0,,,,2013,2.939348079999945,3.3519989640000176,0.005261733268958,0.3000031626829713,2.0238179808100982,ok,group_a
synthetic_true_func_2d_ntrain30000000,30000000,Matern-1.5,matern,Matern-1.5,1.5,0.1,1e-05,0.1,eigenpro_pcg_q128,EigenPro-PCG,35721,189,,128.0,,,,1145,1.6965424730000225,2.2895807979999745,0.0052617654173265,0.3000031624003313,2.9629160853052072,ok,group_a
synthetic_true_func_2d_ntrain30000000,30000000,Matern-1.5,matern,Matern-1.5,1.5,0.1,1e-05,0.1,eigenpro_pcg_q256,EigenPro-PCG,35721,189,,256.0,,,,554,0.8912296810000271,1.9127250230000072,0.0052618292702816,0.3000031631782308,3.546686373329279,ok,group_a
synthetic_true_func_2d_ntrain30000000,30000000,Matern-1.5,matern,Matern-1.5,1.5,0.1,1e-05,0.1,eigenpro_pcg_q320,EigenPro-PCG,35721,189,,320.0,,,,423,0.7012813760001109,1.9575390730000208,0.0052618197607661,0.3000031641336151,3.4654918865060043,ok,group_a
synthetic_true_func_2d_ntrain30000000,30000000,Matern-1.5,matern,Matern-1.5,1.5,0.1,1e-05,0.1,eigenpro_pcg_q384,EigenPro-PCG,35721,189,,384.0,,,,338,0.5826991109998971,2.0629085299999588,0.0052618403852449,0.3000031649015652,3.2884811305715975,ok,group_a
synthetic_true_func_2d_ntrain30000000,30000000,Matern-1.5,matern,Matern-1.5,1.5,0.1,1e-05,0.1,eigenpro_pcg_q448,EigenPro-PCG,35721,189,,448.0,,,,281,0.4993399529998896,2.2306577719999723,0.0052619079121762,0.3000031652104359,3.0411817806179107,ok,group_a
synthetic_true_func_2d_ntrain30000000,30000000,Matern-1.5,matern,Matern-1.5,1.5,0.1,1e-05,0.1,btab_auto_topk_512,Active inverse,35721,189,512.0,,512.0,625.0,,923,1.427086538000026,1.600695174000066,0.0052616803151664,0.3000031598757353,4.23805599291435,ok,group_a
synthetic_true_func_2d_ntrain30000000,30000000,Matern-1.5,matern,Matern-1.5,1.5,0.1,1e-05,0.1,btab_auto_topk_728,Active inverse,35721,189,728.0,,728.0,961.0,,541,0.8341105690000177,1.0079838569999993,0.0052616742864347,0.3000031603486046,6.730103590339604,ok,group_a
synthetic_true_func_2d_ntrain30000000,30000000,Matern-1.5,matern,Matern-1.5,1.5,0.1,1e-05,0.1,btab_auto_topk_1024,Active inverse,35721,189,1024.0,,1024.0,1369.0,,435,0.7078664570000228,0.8817501580000453,0.0052616822276315,0.3000031598015082,7.693603129470274,ok,group_a
synthetic_true_func_2d_ntrain30000000,30000000,Matern-1.5,matern,Matern-1.5,1.5,0.1,1e-05,0.1,btab_auto_topk_2048,Active inverse,35721,189,2048.0,,2048.0,2601.0,,262,0.6183344999999463,0.791921640000055,0.0052616373853732,0.3000031602134351,8.566296755067313,ok,group_a
synthetic_true_func_2d_ntrain30000000,30000000,Matern-1.5,matern,Matern-1.5,1.5,0.1,1e-05,0.1,btab_auto_topk_4096,Active inverse,35721,189,4096.0,,4096.0,5329.0,,127,1.116763373000026,1.2906292079999275,0.0052616577412873,0.3000031601115862,5.256223656609232,ok,group_a
synthetic_true_func_2d_ntrain30000000,30000000,Matern-1.5,matern,Matern-1.5,1.5,0.1,1e-05,0.1,btab_boxeig_topk_2048_q192,Box-EigenPro,35721,189,2048.0,192.0,2048.0,2601.0,192.0,650,2.2861316720000104,2.460307698000065,0.0052614712225446,0.3000031625904369,2.7573119331840084,ok,group_a
synthetic_true_func_2d_ntrain30000000,30000000,Matern-1.5,matern,Matern-1.5,1.5,0.1,1e-05,0.1,btab_boxeig_topk_4096_q192,Box-EigenPro,35721,189,4096.0,192.0,4096.0,5329.0,192.0,755,1.6419911179999644,1.832159752999928,0.0052616172774371,0.30000316237751,3.7026442502584125,ok,group_a
synthetic_true_func_2d_ntrain30000000,30000000,Matern-1.5,matern,Matern-1.5,1.5,0.1,1e-05,0.1,btab_boxeig_topk_4096_q256,Box-EigenPro,35721,189,4096.0,256.0,4096.0,5329.0,256.0,531,1.3796465689999875,1.5653979249999566,0.0052615781503762,0.3000031622261019,4.333617457043866,ok,group_a
synthetic_true_func_2d_ntrain30000000,30000000,Matern-1.5,matern,Matern-1.5,1.5,0.1,1e-05,0.1,btab_boxeig_topk_8192_q192,Box-EigenPro,35721,189,8192.0,192.0,8192.0,10609.0,192.0,885,1.838604306000093,2.012900875000014,0.0052614258014559,0.3000031620312869,3.3701787600445106,ok,group_a
synthetic_true_func_2d_ntrain30000000,30000000,Matern-1.5,matern,Matern-1.5,1.5,0.1,1e-05,0.1,btab_boxeig_topk_8192_q256,Box-EigenPro,35721,189,8192.0,256.0,8192.0,10609.0,256.0,636,1.5588828829999102,1.7346268389999295,0.005261591693538,0.3000031619051634,3.9108329367895434,ok,group_a
synthetic_true_func_2d_ntrain30000000,30000000,Matern-1.5,matern,Matern-1.5,1.5,0.1,1e-05,0.1,btab_boxeig_topk_8192_q320,Box-EigenPro,35721,189,8192.0,320.0,8192.0,10609.0,320.0,493,1.4362555270000712,1.6102747790000649,0.0052616152703524,0.3000031617837949,4.21284358636768,ok,group_a
synthetic_true_func_2d_ntrain30000000,30000000,Matern-1.5,matern,Matern-1.5,1.5,0.1,1e-05,0.1,btab_boxeig_topk_16384_q192,Box-EigenPro,35721,189,16384.0,192.0,16384.0,21025.0,192.0,1042,2.1401425579999795,2.313930320000054,0.0052616402105847,0.3000031632277648,2.931737276773269,ok,group_a
synthetic_true_func_2d_ntrain30000000,30000000,Matern-1.5,matern,Matern-1.5,1.5,0.1,1e-05,0.1,btab_boxeig_topk_16384_q256,Box-EigenPro,35721,189,16384.0,256.0,16384.0,21025.0,256.0,727,1.7215449010000157,1.900692647000028,0.005261720285383,0.3000031638215937,3.569138748291247,ok,group_a
synthetic_true_func_2d_ntrain30000000,30000000,Matern-1.5,matern,Matern-1.5,1.5,0.1,1e-05,0.1,btab_boxeig_topk_16384_q320,Box-EigenPro,35721,189,16384.0,320.0,16384.0,21025.0,320.0,549,1.5790143769999077,1.752815491999968,0.0052616234109189,0.3000031644430206,3.8702509225655457,ok,group_a
synthetic_true_func_2d_ntrain10000000,10000000,Matern-1.5,matern,Matern-1.5,1.5,0.1,1e-05,0.1,plain_cg,EFGP-CG,35721,189,,,,,,4203,4.519944606999957,4.649844565999956,0.008248642574011,0.2998208917444147,1.0,ok,group_a
synthetic_true_func_2d_ntrain10000000,10000000,Matern-1.5,matern,Matern-1.5,1.5,0.1,1e-05,0.1,eigenpro_pcg_q64,EigenPro-PCG,35721,189,,64.0,,,,1461,2.128584393999972,2.436401894999904,0.0082805407475554,0.2998206813942733,1.908488322695275,ok,group_a
synthetic_true_func_2d_ntrain10000000,10000000,Matern-1.5,matern,Matern-1.5,1.5,0.1,1e-05,0.1,eigenpro_pcg_q128,EigenPro-PCG,35721,189,,128.0,,,,812,1.213625640000032,1.7301132789999656,0.0082805183062287,0.2998206815489552,2.687595443858823,ok,group_a
synthetic_true_func_2d_ntrain10000000,10000000,Matern-1.5,matern,Matern-1.5,1.5,0.1,1e-05,0.1,eigenpro_pcg_q256,EigenPro-PCG,35721,189,,256.0,,,,389,0.6495030500000212,1.5726734080000142,0.0082805659345478,0.2998206824032564,2.9566498310117764,ok,group_a
synthetic_true_func_2d_ntrain10000000,10000000,Matern-1.5,matern,Matern-1.5,1.5,0.1,1e-05,0.1,eigenpro_pcg_q320,EigenPro-PCG,35721,189,,320.0,,,,297,0.5047879719999173,1.6800799169999436,0.0082805274349656,0.2998206830330707,2.7676329673073,ok,group_a
synthetic_true_func_2d_ntrain10000000,10000000,Matern-1.5,matern,Matern-1.5,1.5,0.1,1e-05,0.1,eigenpro_pcg_q384,EigenPro-PCG,35721,189,,384.0,,,,240,0.4139881410000043,1.7992517400000452,0.0082805146125661,0.2998206832849764,2.58432128346856,ok,group_a
synthetic_true_func_2d_ntrain10000000,10000000,Matern-1.5,matern,Matern-1.5,1.5,0.1,1e-05,0.1,eigenpro_pcg_q448,EigenPro-PCG,35721,189,,448.0,,,,199,0.3579187590000856,1.9804046000000424,0.0082805574059037,0.2998206836953149,2.3479265630870865,ok,group_a
synthetic_true_func_2d_ntrain10000000,10000000,Matern-1.5,matern,Matern-1.5,1.5,0.1,1e-05,0.1,btab_auto_topk_512,Active inverse,35721,189,512.0,,512.0,625.0,,594,0.920190036000008,0.9933999429999858,0.0082804998166783,0.2998206804348827,4.680737701632848,ok,group_a
synthetic_true_func_2d_ntrain10000000,10000000,Matern-1.5,matern,Matern-1.5,1.5,0.1,1e-05,0.1,btab_auto_topk_728,Active inverse,35721,189,728.0,,728.0,961.0,,408,0.6530051049999201,0.7376571449999574,0.0082804923732782,0.299820680518752,6.303530844265359,ok,group_a
synthetic_true_func_2d_ntrain10000000,10000000,Matern-1.5,matern,Matern-1.5,1.5,0.1,1e-05,0.1,btab_auto_topk_1024,Active inverse,35721,189,1024.0,,1024.0,1369.0,,323,0.5548341250000703,0.6276499520000698,0.0082804931336908,0.2998206803497728,7.408340510793888,ok,group_a
synthetic_true_func_2d_ntrain10000000,10000000,Matern-1.5,matern,Matern-1.5,1.5,0.1,1e-05,0.1,btab_auto_topk_2048,Active inverse,35721,189,2048.0,,2048.0,2601.0,,174,0.4865735640000821,0.5592219119999982,0.0082804884985762,0.2998206805358441,8.314846872452257,ok,group_a
synthetic_true_func_2d_ntrain10000000,10000000,Matern-1.5,matern,Matern-1.5,1.5,0.1,1e-05,0.1,btab_auto_topk_4096,Active inverse,35721,189,4096.0,,4096.0,5329.0,,88,1.0510680810000397,1.123634968000033,0.0082805131900773,0.2998206800927435,4.138216323292476,ok,group_a
synthetic_true_func_2d_ntrain10000000,10000000,Matern-1.5,matern,Matern-1.5,1.5,0.1,1e-05,0.1,btab_boxeig_topk_2048_q192,Box-EigenPro,35721,189,2048.0,192.0,2048.0,2601.0,192.0,510,2.431506403999947,2.504598284999929,0.008280427176866,0.2998206809150464,1.856523097475525,ok,group_a
synthetic_true_func_2d_ntrain10000000,10000000,Matern-1.5,matern,Matern-1.5,1.5,0.1,1e-05,0.1,btab_boxeig_topk_4096_q192,Box-EigenPro,35721,189,4096.0,192.0,4096.0,5329.0,192.0,602,1.3818093209999915,1.46688183699996,0.0082806066990702,0.2998206814567364,3.169883523481164,ok,group_a
synthetic_true_func_2d_ntrain10000000,10000000,Matern-1.5,matern,Matern-1.5,1.5,0.1,1e-05,0.1,btab_boxeig_topk_4096_q256,Box-EigenPro,35721,189,4096.0,256.0,4096.0,5329.0,256.0,416,1.1916429929999597,1.2643495879999591,0.0082805122957678,0.2998206817992327,3.677657358480593,ok,group_a
synthetic_true_func_2d_ntrain10000000,10000000,Matern-1.5,matern,Matern-1.5,1.5,0.1,1e-05,0.1,btab_boxeig_topk_8192_q192,Box-EigenPro,35721,189,8192.0,192.0,8192.0,10609.0,192.0,675,1.4986846059999834,1.5717489630000046,0.0082807024440081,0.2998206822495299,2.9583888238264056,ok,group_a
synthetic_true_func_2d_ntrain10000000,10000000,Matern-1.5,matern,Matern-1.5,1.5,0.1,1e-05,0.1,btab_boxeig_topk_8192_q256,Box-EigenPro,35721,189,8192.0,256.0,8192.0,10609.0,256.0,476,1.2537143350000406,1.3323122230000308,0.0082807669752597,0.2998206825857584,3.4900562238554564,ok,group_a
synthetic_true_func_2d_ntrain10000000,10000000,Matern-1.5,matern,Matern-1.5,1.5,0.1,1e-05,0.1,btab_boxeig_topk_8192_q320,Box-EigenPro,35721,189,8192.0,320.0,8192.0,10609.0,320.0,365,1.1908551450000004,1.2639278569999988,0.0082804420254012,0.2998206827652537,3.6788844713309934,ok,group_a
synthetic_true_func_2d_ntrain10000000,10000000,Matern-1.5,matern,Matern-1.5,1.5,0.1,1e-05,0.1,btab_boxeig_topk_16384_q192,Box-EigenPro,35721,189,16384.0,192.0,16384.0,21025.0,192.0,746,1.607577575999926,1.6802150369999254,0.0082806454535071,0.2998206829774896,2.767410399029873,ok,group_a
synthetic_true_func_2d_ntrain10000000,10000000,Matern-1.5,matern,Matern-1.5,1.5,0.1,1e-05,0.1,btab_boxeig_topk_16384_q256,Box-EigenPro,35721,189,16384.0,256.0,16384.0,21025.0,256.0,529,1.6492003340000565,1.7290527470000825,0.0082806228875387,0.2998206830884746,2.6892439077219974,ok,group_a
synthetic_true_func_2d_ntrain10000000,10000000,Matern-1.5,matern,Matern-1.5,1.5,0.1,1e-05,0.1,btab_boxeig_topk_16384_q320,Box-EigenPro,35721,189,16384.0,320.0,16384.0,21025.0,320.0,398,1.2768081460000076,1.349783220000063,0.008280491728394,0.299820683615909,3.444882479721254,ok,group_a
USGS_LPC_IL_Winnebago_2018_ground_elevation_regression_ntrain3000000,3000000,Matern-1.5,matern,Matern-1.5,1.5,0.1,1e-05,0.1,plain_cg,EFGP-CG,35721,189,,,,,,2876,3.0907982739998943,3.1366468129999703,0.1182666017808062,0.1181447219546603,1.0,ok,group_a
USGS_LPC_IL_Winnebago_2018_ground_elevation_regression_ntrain3000000,3000000,Matern-1.5,matern,Matern-1.5,1.5,0.1,1e-05,0.1,eigenpro_pcg_q64,EigenPro-PCG,35721,189,,64.0,,,,439,0.6397391680000055,0.8994555250000076,0.1180623551447393,0.1179424265037036,3.487272828748196,ok,group_a
USGS_LPC_IL_Winnebago_2018_ground_elevation_regression_ntrain3000000,3000000,Matern-1.5,matern,Matern-1.5,1.5,0.1,1e-05,0.1,eigenpro_pcg_q128,EigenPro-PCG,35721,189,,128.0,,,,201,0.3028479260000267,0.755808896000076,0.1180623686421746,0.1179424300110478,4.15005278397736,ok,group_a
USGS_LPC_IL_Winnebago_2018_ground_elevation_regression_ntrain3000000,3000000,Matern-1.5,matern,Matern-1.5,1.5,0.1,1e-05,0.1,eigenpro_pcg_q256,EigenPro-PCG,35721,189,,256.0,,,,85,0.1388110479999795,1.0107907809999688,0.1180623653285076,0.1179424351090884,3.1031612792282353,ok,group_a
USGS_LPC_IL_Winnebago_2018_ground_elevation_regression_ntrain3000000,3000000,Matern-1.5,matern,Matern-1.5,1.5,0.1,1e-05,0.1,eigenpro_pcg_q320,EigenPro-PCG,35721,189,,320.0,,,,65,0.1109533459999738,1.2177936030000185,0.1180623710468006,0.1179424377891693,2.575680152427211,ok,group_a
USGS_LPC_IL_Winnebago_2018_ground_elevation_regression_ntrain3000000,3000000,Matern-1.5,matern,Matern-1.5,1.5,0.1,1e-05,0.1,eigenpro_pcg_q384,EigenPro-PCG,35721,189,,384.0,,,,51,0.0911109999999553,1.4361417970000048,0.118062372823171,0.1179424395386504,2.18407877241105,ok,group_a
USGS_LPC_IL_Winnebago_2018_ground_elevation_regression_ntrain3000000,3000000,Matern-1.5,matern,Matern-1.5,1.5,0.1,1e-05,0.1,eigenpro_pcg_q448,EigenPro-PCG,35721,189,,448.0,,,,41,0.0762497340000436,1.6524723410000206,0.1180623714209073,0.1179424427178855,1.8981538965437552,ok,group_a
USGS_LPC_IL_Winnebago_2018_ground_elevation_regression_ntrain3000000,3000000,Matern-1.5,matern,Matern-1.5,1.5,0.1,1e-05,0.1,btab_auto_topk_512,Active inverse,35721,189,512.0,,512.0,625.0,,3000,4.543751195000027,4.573949739,0.1181079796155987,0.1179855888636872,0.6857632881829029,ok,group_a
USGS_LPC_IL_Winnebago_2018_ground_elevation_regression_ntrain3000000,3000000,Matern-1.5,matern,Matern-1.5,1.5,0.1,1e-05,0.1,btab_auto_topk_728,Active inverse,35721,189,728.0,,728.0,961.0,,3000,4.611155075000056,4.646004077000043,0.1181668904057486,0.1180448356521508,0.6751278649383633,ok,group_a
USGS_LPC_IL_Winnebago_2018_ground_elevation_regression_ntrain3000000,3000000,Matern-1.5,matern,Matern-1.5,1.5,0.1,1e-05,0.1,btab_auto_topk_1024,Active inverse,35721,189,1024.0,,1024.0,1369.0,,3000,4.745181785,4.780193266999959,0.1182404049795823,0.1181134191958662,0.656175731356679,ok,group_a
USGS_LPC_IL_Winnebago_2018_ground_elevation_regression_ntrain3000000,3000000,Matern-1.5,matern,Matern-1.5,1.5,0.1,1e-05,0.1,btab_auto_topk_2048,Active inverse,35721,189,2048.0,,2048.0,2601.0,,3000,4.984097592000012,5.018883653999978,0.1183261719913638,0.1182074478342827,0.624969022842382,ok,group_a
USGS_LPC_IL_Winnebago_2018_ground_elevation_regression_ntrain3000000,3000000,Matern-1.5,matern,Matern-1.5,1.5,0.1,1e-05,0.1,btab_auto_topk_4096,Active inverse,35721,189,4096.0,,4096.0,5329.0,,3000,6.534675705000041,6.56944261700005,0.1183659174520396,0.1182358284209931,0.47746011280821976,ok,group_a
USGS_LPC_IL_Winnebago_2018_ground_elevation_regression_ntrain3000000,3000000,Matern-1.5,matern,Matern-1.5,1.5,0.1,1e-05,0.1,btab_boxeig_topk_2048_q192,Box-EigenPro,35721,189,2048.0,192.0,2048.0,2601.0,192.0,706,1.5512546879999718,1.5862460749999627,0.1180623504251175,0.1179424163919807,1.9774024109090664,ok,group_a
USGS_LPC_IL_Winnebago_2018_ground_elevation_regression_ntrain3000000,3000000,Matern-1.5,matern,Matern-1.5,1.5,0.1,1e-05,0.1,btab_boxeig_topk_4096_q192,Box-EigenPro,35721,189,4096.0,192.0,4096.0,5329.0,192.0,634,1.449217191999992,1.4840120189999195,0.1180623570394866,0.117942420695033,2.113626286607683,ok,group_a
USGS_LPC_IL_Winnebago_2018_ground_elevation_regression_ntrain3000000,3000000,Matern-1.5,matern,Matern-1.5,1.5,0.1,1e-05,0.1,btab_boxeig_topk_4096_q256,Box-EigenPro,35721,189,4096.0,256.0,4096.0,5329.0,256.0,370,1.1090034669999795,1.1442184569999654,0.1180623535402201,0.117942416728048,2.7413006614348516,ok,group_a
USGS_LPC_IL_Winnebago_2018_ground_elevation_regression_ntrain3000000,3000000,Matern-1.5,matern,Matern-1.5,1.5,0.1,1e-05,0.1,btab_boxeig_topk_8192_q192,Box-EigenPro,35721,189,8192.0,192.0,8192.0,10609.0,192.0,560,1.3735859010000695,1.4086645410000074,0.118062351769333,0.1179424134872429,2.2266811733425707,ok,group_a
USGS_LPC_IL_Winnebago_2018_ground_elevation_regression_ntrain3000000,3000000,Matern-1.5,matern,Matern-1.5,1.5,0.1,1e-05,0.1,btab_boxeig_topk_8192_q256,Box-EigenPro,35721,189,8192.0,256.0,8192.0,10609.0,256.0,396,1.158172741000044,1.1928199840000389,0.1180623644517676,0.11794242682652,2.6296061895957203,ok,group_a
USGS_LPC_IL_Winnebago_2018_ground_elevation_regression_ntrain3000000,3000000,Matern-1.5,matern,Matern-1.5,1.5,0.1,1e-05,0.1,btab_boxeig_topk_8192_q320,Box-EigenPro,35721,189,8192.0,320.0,8192.0,10609.0,320.0,317,1.2441951719999906,1.2787524749999193,0.1180623548199218,0.1179424182457619,2.4528959859883503,ok,group_a
USGS_LPC_IL_Winnebago_2018_ground_elevation_regression_ntrain3000000,3000000,Matern-1.5,matern,Matern-1.5,1.5,0.1,1e-05,0.1,btab_boxeig_topk_16384_q192,Box-EigenPro,35721,189,16384.0,192.0,16384.0,21025.0,192.0,449,2.643429868999988,2.6781399049999663,0.1180623785977318,0.1179424402106851,1.1712034935680515,ok,group_a
USGS_LPC_IL_Winnebago_2018_ground_elevation_regression_ntrain3000000,3000000,Matern-1.5,matern,Matern-1.5,1.5,0.1,1e-05,0.1,btab_boxeig_topk_16384_q256,Box-EigenPro,35721,189,16384.0,256.0,16384.0,21025.0,256.0,309,1.0218320699999597,1.0568048409999165,0.1180623722298776,0.1179424334148102,2.968047354923328,ok,group_a
USGS_LPC_IL_Winnebago_2018_ground_elevation_regression_ntrain3000000,3000000,Matern-1.5,matern,Matern-1.5,1.5,0.1,1e-05,0.1,btab_boxeig_topk_16384_q320,Box-EigenPro,35721,189,16384.0,320.0,16384.0,21025.0,320.0,245,1.0186642490000395,1.0496222230000285,0.1180623519359756,0.1179424139035982,2.988357853204376,ok,group_a
USGS_LPC_IL_Winnebago_2018_ground_elevation_regression_ntrain1000000,1000000,Matern-1.5,matern,Matern-1.5,1.5,0.1,1e-05,0.1,plain_cg,EFGP-CG,35721,189,,,,,,1800,1.9475918350000256,1.964637166999978,0.1240139525608274,0.1239068078357786,1.0,ok,group_a
USGS_LPC_IL_Winnebago_2018_ground_elevation_regression_ntrain1000000,1000000,Matern-1.5,matern,Matern-1.5,1.5,0.1,1e-05,0.1,eigenpro_pcg_q64,EigenPro-PCG,35721,189,,64.0,,,,279,0.4069741920000069,0.6520283559999598,0.1232028695948364,0.1230750577564259,3.0131161458261784,ok,group_a
USGS_LPC_IL_Winnebago_2018_ground_elevation_regression_ntrain1000000,1000000,Matern-1.5,matern,Matern-1.5,1.5,0.1,1e-05,0.1,eigenpro_pcg_q128,EigenPro-PCG,35721,189,,128.0,,,,131,0.1958452749998969,0.6314803159999656,0.123202880588327,0.1230750568551714,3.1111613730808436,ok,group_a
USGS_LPC_IL_Winnebago_2018_ground_elevation_regression_ntrain1000000,1000000,Matern-1.5,matern,Matern-1.5,1.5,0.1,1e-05,0.1,eigenpro_pcg_q256,EigenPro-PCG,35721,189,,256.0,,,,55,0.0902504300000828,0.9524122760000182,0.1232028888826528,0.1230750519468216,2.06280118023168,ok,group_a
USGS_LPC_IL_Winnebago_2018_ground_elevation_regression_ntrain1000000,1000000,Matern-1.5,matern,Matern-1.5,1.5,0.1,1e-05,0.1,eigenpro_pcg_q320,EigenPro-PCG,35721,189,,320.0,,,,41,0.0702243650000582,1.1580222460000869,0.1232028966627892,0.1230750518460397,1.6965452725852304,ok,group_a
USGS_LPC_IL_Winnebago_2018_ground_elevation_regression_ntrain1000000,1000000,Matern-1.5,matern,Matern-1.5,1.5,0.1,1e-05,0.1,eigenpro_pcg_q384,EigenPro-PCG,35721,189,,384.0,,,,32,0.0601343910000196,1.4056831030000012,0.1232028755714197,0.1230750542359658,1.3976387443279785,ok,group_a
USGS_LPC_IL_Winnebago_2018_ground_elevation_regression_ntrain1000000,1000000,Matern-1.5,matern,Matern-1.5,1.5,0.1,1e-05,0.1,eigenpro_pcg_q448,EigenPro-PCG,35721,189,,448.0,,,,25,0.0477185820000158,1.6435188340000195,0.1232029085362192,0.1230750533022229,1.195384638348449,ok,group_a
USGS_LPC_IL_Winnebago_2018_ground_elevation_regression_ntrain1000000,1000000,Matern-1.5,matern,Matern-1.5,1.5,0.1,1e-05,0.1,btab_auto_topk_512,Active inverse,35721,189,512.0,,512.0,625.0,,3000,4.540385764000007,4.558754054000019,0.1232380841268266,0.1231039462999149,0.4309592366089881,ok,group_a
USGS_LPC_IL_Winnebago_2018_ground_elevation_regression_ntrain1000000,1000000,Matern-1.5,matern,Matern-1.5,1.5,0.1,1e-05,0.1,btab_auto_topk_728,Active inverse,35721,189,728.0,,728.0,961.0,,3000,4.5875098480000815,4.608932497000069,0.123271806034524,0.1231358084758796,0.42626729037119776,ok,group_a
USGS_LPC_IL_Winnebago_2018_ground_elevation_regression_ntrain1000000,1000000,Matern-1.5,matern,Matern-1.5,1.5,0.1,1e-05,0.1,btab_auto_topk_1024,Active inverse,35721,189,1024.0,,1024.0,1369.0,,3000,4.710022571999957,4.731223914999987,0.1232654598109369,0.1231321326525647,0.4152492467691594,ok,group_a
USGS_LPC_IL_Winnebago_2018_ground_elevation_regression_ntrain1000000,1000000,Matern-1.5,matern,Matern-1.5,1.5,0.1,1e-05,0.1,btab_auto_topk_2048,Active inverse,35721,189,2048.0,,2048.0,2601.0,,3000,4.985931046000019,5.007271007000099,0.1232920099395596,0.1231623840416077,0.39235686749397847,ok,group_a
USGS_LPC_IL_Winnebago_2018_ground_elevation_regression_ntrain1000000,1000000,Matern-1.5,matern,Matern-1.5,1.5,0.1,1e-05,0.1,btab_auto_topk_4096,Active inverse,35721,189,4096.0,,4096.0,5329.0,,3000,6.599735659999965,6.621064771999954,0.1234133357238921,0.1232705127182343,0.2967252601588039,ok,group_a
USGS_LPC_IL_Winnebago_2018_ground_elevation_regression_ntrain1000000,1000000,Matern-1.5,matern,Matern-1.5,1.5,0.1,1e-05,0.1,btab_boxeig_topk_2048_q192,Box-EigenPro,35721,189,2048.0,192.0,2048.0,2601.0,192.0,408,1.049557560999915,1.0709937450000098,0.123202876417281,0.1230750640085808,1.8344058274588337,ok,group_a
USGS_LPC_IL_Winnebago_2018_ground_elevation_regression_ntrain1000000,1000000,Matern-1.5,matern,Matern-1.5,1.5,0.1,1e-05,0.1,btab_boxeig_topk_4096_q192,Box-EigenPro,35721,189,4096.0,192.0,4096.0,5329.0,192.0,362,0.988103733999992,1.009337182999957,0.1232028869670256,0.1230750716334759,1.946462688673248,ok,group_a
USGS_LPC_IL_Winnebago_2018_ground_elevation_regression_ntrain1000000,1000000,Matern-1.5,matern,Matern-1.5,1.5,0.1,1e-05,0.1,btab_boxeig_topk_4096_q256,Box-EigenPro,35721,189,4096.0,256.0,4096.0,5329.0,256.0,220,0.859151493000013,0.8805500299999949,0.1232028736579415,0.1230750588725307,2.231147691857996,ok,group_a
USGS_LPC_IL_Winnebago_2018_ground_elevation_regression_ntrain1000000,1000000,Matern-1.5,matern,Matern-1.5,1.5,0.1,1e-05,0.1,btab_boxeig_topk_8192_q192,Box-EigenPro,35721,189,8192.0,192.0,8192.0,10609.0,192.0,294,0.8903017750000117,0.9123545319999948,0.123202899580836,0.123075079390422,2.1533703161349442,ok,group_a
USGS_LPC_IL_Winnebago_2018_ground_elevation_regression_ntrain1000000,1000000,Matern-1.5,matern,Matern-1.5,1.5,0.1,1e-05,0.1,btab_boxeig_topk_8192_q256,Box-EigenPro,35721,189,8192.0,256.0,8192.0,10609.0,256.0,212,0.8443135960000063,0.8659301120000009,0.1232028880774444,0.1230750730182553,2.2688172402993834,ok,group_a
USGS_LPC_IL_Winnebago_2018_ground_elevation_regression_ntrain1000000,1000000,Matern-1.5,matern,Matern-1.5,1.5,0.1,1e-05,0.1,btab_boxeig_topk_8192_q320,Box-EigenPro,35721,189,8192.0,320.0,8192.0,10609.0,320.0,162,0.8805112879999797,0.9052956099999392,0.1232028906973306,0.1230750735480236,2.170160934504156,ok,group_a
USGS_LPC_IL_Winnebago_2018_ground_elevation_regression_ntrain1000000,1000000,Matern-1.5,matern,Matern-1.5,1.5,0.1,1e-05,0.1,btab_boxeig_topk_16384_q192,Box-EigenPro,35721,189,16384.0,192.0,16384.0,21025.0,192.0,197,0.737802773999988,0.7591115409999247,0.1232029060519068,0.1230750851851314,2.5880744276553855,ok,group_a
USGS_LPC_IL_Winnebago_2018_ground_elevation_regression_ntrain1000000,1000000,Matern-1.5,matern,Matern-1.5,1.5,0.1,1e-05,0.1,btab_boxeig_topk_16384_q256,Box-EigenPro,35721,189,16384.0,256.0,16384.0,21025.0,256.0,141,0.7215310899999849,0.7469888059999903,0.123202884886713,0.1230750669127881,2.630075780546574,ok,group_a
USGS_LPC_IL_Winnebago_2018_ground_elevation_regression_ntrain1000000,1000000,Matern-1.5,matern,Matern-1.5,1.5,0.1,1e-05,0.1,btab_boxeig_topk_16384_q320,Box-EigenPro,35721,189,16384.0,320.0,16384.0,21025.0,320.0,111,0.7952721200000497,0.8168934110000237,0.1232028836929166,0.1230750666219146,2.4050104218552955,ok,group_a
USGS_LPC_IL_Winnebago_2018_ground_elevation_regression_ntrain30000000,30000000,Matern-1.5,matern,Matern-1.5,1.5,0.1,1e-05,0.1,plain_cg,EFGP-CG,35721,189,,,,,,7505,8.012000697000076,8.347415893000061,0.1134337154038926,0.1134988090675436,1.0,ok,group_a
USGS_LPC_IL_Winnebago_2018_ground_elevation_regression_ntrain30000000,30000000,Matern-1.5,matern,Matern-1.5,1.5,0.1,1e-05,0.1,eigenpro_pcg_q64,EigenPro-PCG,35721,189,,64.0,,,,1178,1.7287852440000506,2.121297279000032,0.1133775853593401,0.1134438462181723,3.935052373675314,ok,group_a
USGS_LPC_IL_Winnebago_2018_ground_elevation_regression_ntrain30000000,30000000,Matern-1.5,matern,Matern-1.5,1.5,0.1,1e-05,0.1,eigenpro_pcg_q128,EigenPro-PCG,35721,189,,128.0,,,,539,0.7981554949999463,1.3948820799998884,0.1133776124105073,0.1134438797169562,5.984316533051116,ok,group_a
USGS_LPC_IL_Winnebago_2018_ground_elevation_regression_ntrain30000000,30000000,Matern-1.5,matern,Matern-1.5,1.5,0.1,1e-05,0.1,eigenpro_pcg_q256,EigenPro-PCG,35721,189,,256.0,,,,231,0.3768780480000941,1.3903763100000788,0.1133776294637495,0.1134438988340857,6.003709810763094,ok,group_a
USGS_LPC_IL_Winnebago_2018_ground_elevation_regression_ntrain30000000,30000000,Matern-1.5,matern,Matern-1.5,1.5,0.1,1e-05,0.1,eigenpro_pcg_q320,EigenPro-PCG,35721,189,,320.0,,,,172,0.2912941729999829,1.5407962840000664,0.1133776667250779,0.1134439291908452,5.417598666145084,ok,group_a
USGS_LPC_IL_Winnebago_2018_ground_elevation_regression_ntrain30000000,30000000,Matern-1.5,matern,Matern-1.5,1.5,0.1,1e-05,0.1,eigenpro_pcg_q384,EigenPro-PCG,35721,189,,384.0,,,,135,0.2381886860000577,1.7159653160000516,0.11337767167252,0.1134439336629444,4.86455979917942,ok,group_a
USGS_LPC_IL_Winnebago_2018_ground_elevation_regression_ntrain30000000,30000000,Matern-1.5,matern,Matern-1.5,1.5,0.1,1e-05,0.1,eigenpro_pcg_q448,EigenPro-PCG,35721,189,,448.0,,,,108,0.1941379419999975,1.9255064469999752,0.1133776957852818,0.1134439626877917,4.335179404881093,ok,group_a
USGS_LPC_IL_Winnebago_2018_ground_elevation_regression_ntrain30000000,30000000,Matern-1.5,matern,Matern-1.5,1.5,0.1,1e-05,0.1,btab_auto_topk_512,Active inverse,35721,189,512.0,,512.0,625.0,,3000,4.507761963000007,4.672003114000063,0.1135831629586917,0.113648816504263,1.7866888547197892,ok,group_a
USGS_LPC_IL_Winnebago_2018_ground_elevation_regression_ntrain30000000,30000000,Matern-1.5,matern,Matern-1.5,1.5,0.1,1e-05,0.1,btab_auto_topk_728,Active inverse,35721,189,728.0,,728.0,961.0,,3000,4.515195038000002,4.684401772999991,0.1138392136400949,0.1139046495193931,1.7819598526140505,ok,group_a
USGS_LPC_IL_Winnebago_2018_ground_elevation_regression_ntrain30000000,30000000,Matern-1.5,matern,Matern-1.5,1.5,0.1,1e-05,0.1,btab_auto_topk_1024,Active inverse,35721,189,1024.0,,1024.0,1369.0,,3000,4.69200640300005,4.858525376999978,0.1141220188021513,0.1141870638755003,1.7180965921298508,ok,group_a
USGS_LPC_IL_Winnebago_2018_ground_elevation_regression_ntrain30000000,30000000,Matern-1.5,matern,Matern-1.5,1.5,0.1,1e-05,0.1,btab_auto_topk_2048,Active inverse,35721,189,2048.0,,2048.0,2601.0,,3000,4.995268940000074,5.160842072000037,0.1158471525733342,0.1159140649336855,1.6174523026559302,ok,group_a
USGS_LPC_IL_Winnebago_2018_ground_elevation_regression_ntrain30000000,30000000,Matern-1.5,matern,Matern-1.5,1.5,0.1,1e-05,0.1,btab_auto_topk_4096,Active inverse,35721,189,4096.0,,4096.0,5329.0,,3000,6.4407814449999705,6.605230972999948,0.1170798958139291,0.117165884835096,1.2637583647145123,ok,group_a
USGS_LPC_IL_Winnebago_2018_ground_elevation_regression_ntrain30000000,30000000,Matern-1.5,matern,Matern-1.5,1.5,0.1,1e-05,0.1,btab_boxeig_topk_2048_q192,Box-EigenPro,35721,189,2048.0,192.0,2048.0,2601.0,192.0,1856,3.45471064800006,3.633906905999993,0.1133775289875384,0.1134437888706108,2.2970912874013174,ok,group_a
USGS_LPC_IL_Winnebago_2018_ground_elevation_regression_ntrain30000000,30000000,Matern-1.5,matern,Matern-1.5,1.5,0.1,1e-05,0.1,btab_boxeig_topk_4096_q192,Box-EigenPro,35721,189,4096.0,192.0,4096.0,5329.0,192.0,1791,3.4204421499999853,3.598404166000023,0.1133775301432155,0.1134437892836443,2.3197549546745404,ok,group_a
USGS_LPC_IL_Winnebago_2018_ground_elevation_regression_ntrain30000000,30000000,Matern-1.5,matern,Matern-1.5,1.5,0.1,1e-05,0.1,btab_boxeig_topk_4096_q256,Box-EigenPro,35721,189,4096.0,256.0,4096.0,5329.0,256.0,1026,2.224635598000077,2.4019966850000856,0.1133775295017443,0.1134437886316974,3.4751987565710416,ok,group_a
USGS_LPC_IL_Winnebago_2018_ground_elevation_regression_ntrain30000000,30000000,Matern-1.5,matern,Matern-1.5,1.5,0.1,1e-05,0.1,btab_boxeig_topk_8192_q192,Box-EigenPro,35721,189,8192.0,192.0,8192.0,10609.0,192.0,1811,3.4252570070000274,3.5917152800000167,0.1133775387850414,0.1134437962961849,2.32407505669548,ok,group_a
USGS_LPC_IL_Winnebago_2018_ground_elevation_regression_ntrain30000000,30000000,Matern-1.5,matern,Matern-1.5,1.5,0.1,1e-05,0.1,btab_boxeig_topk_8192_q256,Box-EigenPro,35721,189,8192.0,256.0,8192.0,10609.0,256.0,1256,3.2335388140000987,3.39853451700003,0.1133775229744653,0.1134437817859948,2.456180995439331,ok,group_a
USGS_LPC_IL_Winnebago_2018_ground_elevation_regression_ntrain30000000,30000000,Matern-1.5,matern,Matern-1.5,1.5,0.1,1e-05,0.1,btab_boxeig_topk_8192_q320,Box-EigenPro,35721,189,8192.0,320.0,8192.0,10609.0,320.0,965,2.222140589000105,2.386487594000073,0.1133775241627951,0.1134437828247303,3.4977830657852587,ok,group_a
USGS_LPC_IL_Winnebago_2018_ground_elevation_regression_ntrain30000000,30000000,Matern-1.5,matern,Matern-1.5,1.5,0.1,1e-05,0.1,btab_boxeig_topk_16384_q192,Box-EigenPro,35721,189,16384.0,192.0,16384.0,21025.0,192.0,1788,3.393526750999968,3.5640498239999943,0.1133775304067794,0.1134437888730199,2.342115375825923,ok,group_a
USGS_LPC_IL_Winnebago_2018_ground_elevation_regression_ntrain30000000,30000000,Matern-1.5,matern,Matern-1.5,1.5,0.1,1e-05,0.1,btab_boxeig_topk_16384_q256,Box-EigenPro,35721,189,16384.0,256.0,16384.0,21025.0,256.0,1230,2.5744296380000837,2.753285586000061,0.1133775259791479,0.113443783190498,3.0318016901134777,ok,group_a
USGS_LPC_IL_Winnebago_2018_ground_elevation_regression_ntrain30000000,30000000,Matern-1.5,matern,Matern-1.5,1.5,0.1,1e-05,0.1,btab_boxeig_topk_16384_q320,Box-EigenPro,35721,189,16384.0,320.0,16384.0,21025.0,320.0,948,2.2277038889999403,2.401325971999995,0.1133775236789836,0.1134437824014416,3.4761694123716738,ok,group_a
USGS_LPC_IL_Winnebago_2018_ground_elevation_regression_ntrain10000000,10000000,Matern-1.5,matern,Matern-1.5,1.5,0.1,1e-05,0.1,plain_cg,EFGP-CG,35721,189,,,,,,4936,5.304450834999898,5.436336988999983,0.1151403064336586,0.1152301374593727,1.0,ok,group_a
USGS_LPC_IL_Winnebago_2018_ground_elevation_regression_ntrain10000000,10000000,Matern-1.5,matern,Matern-1.5,1.5,0.1,1e-05,0.1,eigenpro_pcg_q64,EigenPro-PCG,35721,189,,64.0,,,,739,1.092156722000027,1.3900142109999931,0.1150572076397415,0.1151476066582979,3.9109938200480814,ok,group_a
USGS_LPC_IL_Winnebago_2018_ground_elevation_regression_ntrain10000000,10000000,Matern-1.5,matern,Matern-1.5,1.5,0.1,1e-05,0.1,eigenpro_pcg_q128,EigenPro-PCG,35721,189,,128.0,,,,341,0.510290069000007,0.9940909189999728,0.1150572242952116,0.1151476125163887,5.468651694825644,ok,group_a
USGS_LPC_IL_Winnebago_2018_ground_elevation_regression_ntrain10000000,10000000,Matern-1.5,matern,Matern-1.5,1.5,0.1,1e-05,0.1,eigenpro_pcg_q256,EigenPro-PCG,35721,189,,256.0,,,,142,0.2297267750000173,1.1364403810000567,0.1150572517420463,0.1151476285777063,4.783653484942218,ok,group_a
USGS_LPC_IL_Winnebago_2018_ground_elevation_regression_ntrain10000000,10000000,Matern-1.5,matern,Matern-1.5,1.5,0.1,1e-05,0.1,eigenpro_pcg_q320,EigenPro-PCG,35721,189,,320.0,,,,108,0.1823146310000538,1.3175624740000558,0.1150572541056545,0.11514763062976,4.126056332262961,ok,group_a
USGS_LPC_IL_Winnebago_2018_ground_elevation_regression_ntrain10000000,10000000,Matern-1.5,matern,Matern-1.5,1.5,0.1,1e-05,0.1,eigenpro_pcg_q384,EigenPro-PCG,35721,189,,384.0,,,,84,0.1475269610000396,1.5186992779999855,0.1150572526278006,0.115147635489124,3.579600693666778,ok,group_a
USGS_LPC_IL_Winnebago_2018_ground_elevation_regression_ntrain10000000,10000000,Matern-1.5,matern,Matern-1.5,1.5,0.1,1e-05,0.1,eigenpro_pcg_q448,EigenPro-PCG,35721,189,,448.0,,,,68,0.1237010959999906,1.730637492000028,0.1150572679457719,0.115147642769713,3.141233802069911,ok,group_a
USGS_LPC_IL_Winnebago_2018_ground_elevation_regression_ntrain10000000,10000000,Matern-1.5,matern,Matern-1.5,1.5,0.1,1e-05,0.1,btab_auto_topk_512,Active inverse,35721,189,512.0,,512.0,625.0,,3000,4.507558400999983,4.572570248000034,0.1151507540349787,0.11524153968997,1.1889017979281449,ok,group_a
USGS_LPC_IL_Winnebago_2018_ground_elevation_regression_ntrain10000000,10000000,Matern-1.5,matern,Matern-1.5,1.5,0.1,1e-05,0.1,btab_auto_topk_728,Active inverse,35721,189,728.0,,728.0,961.0,,3000,4.579849685999989,4.654849308000053,0.1152499054818331,0.115337694721555,1.167886784145048,ok,group_a
USGS_LPC_IL_Winnebago_2018_ground_elevation_regression_ntrain10000000,10000000,Matern-1.5,matern,Matern-1.5,1.5,0.1,1e-05,0.1,btab_auto_topk_1024,Active inverse,35721,189,1024.0,,1024.0,1369.0,,3000,4.639260783000054,4.71379574599996,0.115365971843188,0.1154546138860992,1.1532822553062803,ok,group_a
USGS_LPC_IL_Winnebago_2018_ground_elevation_regression_ntrain10000000,10000000,Matern-1.5,matern,Matern-1.5,1.5,0.1,1e-05,0.1,btab_auto_topk_2048,Active inverse,35721,189,2048.0,,2048.0,2601.0,,3000,5.004848575999972,5.079878163999979,0.1157926800573643,0.1158806990013996,1.070170742976899,ok,group_a
USGS_LPC_IL_Winnebago_2018_ground_elevation_regression_ntrain10000000,10000000,Matern-1.5,matern,Matern-1.5,1.5,0.1,1e-05,0.1,btab_auto_topk_4096,Active inverse,35721,189,4096.0,,4096.0,5329.0,,3000,6.549999651000007,6.624724349999951,0.1160436286386518,0.116138534661586,0.8206133118580282,ok,group_a
USGS_LPC_IL_Winnebago_2018_ground_elevation_regression_ntrain10000000,10000000,Matern-1.5,matern,Matern-1.5,1.5,0.1,1e-05,0.1,btab_boxeig_topk_2048_q192,Box-EigenPro,35721,189,2048.0,192.0,2048.0,2601.0,192.0,1197,3.500413434000052,3.5753880060000256,0.1150571743680375,0.1151475751450721,1.5204886797955948,ok,group_a
USGS_LPC_IL_Winnebago_2018_ground_elevation_regression_ntrain10000000,10000000,Matern-1.5,matern,Matern-1.5,1.5,0.1,1e-05,0.1,btab_boxeig_topk_4096_q192,Box-EigenPro,35721,189,4096.0,192.0,4096.0,5329.0,192.0,1094,2.183149878999984,2.258153290999985,0.1150571736451337,0.1151475752095326,2.407426019600553,ok,group_a
USGS_LPC_IL_Winnebago_2018_ground_elevation_regression_ntrain10000000,10000000,Matern-1.5,matern,Matern-1.5,1.5,0.1,1e-05,0.1,btab_boxeig_topk_4096_q256,Box-EigenPro,35721,189,4096.0,256.0,4096.0,5329.0,256.0,650,1.5755366150000327,1.649943592999989,0.1150571720524907,0.1151475731475043,3.2948623286662984,ok,group_a
USGS_LPC_IL_Winnebago_2018_ground_elevation_regression_ntrain10000000,10000000,Matern-1.5,matern,Matern-1.5,1.5,0.1,1e-05,0.1,btab_boxeig_topk_8192_q192,Box-EigenPro,35721,189,8192.0,192.0,8192.0,10609.0,192.0,1004,2.074956500999974,2.150164067999981,0.1150572185165361,0.1151476157914292,2.5283358930170863,ok,group_a
USGS_LPC_IL_Winnebago_2018_ground_elevation_regression_ntrain10000000,10000000,Matern-1.5,matern,Matern-1.5,1.5,0.1,1e-05,0.1,btab_boxeig_topk_8192_q256,Box-EigenPro,35721,189,8192.0,256.0,8192.0,10609.0,256.0,758,1.7683287020000762,1.8428462370000036,0.1150571739801617,0.1151475751797222,2.9499677617433107,ok,group_a
USGS_LPC_IL_Winnebago_2018_ground_elevation_regression_ntrain10000000,10000000,Matern-1.5,matern,Matern-1.5,1.5,0.1,1e-05,0.1,btab_boxeig_topk_8192_q320,Box-EigenPro,35721,189,8192.0,320.0,8192.0,10609.0,320.0,571,2.53345682600002,2.6082941180000034,0.1150571881012656,0.1151475897609425,2.084249989862522,ok,group_a
USGS_LPC_IL_Winnebago_2018_ground_elevation_regression_ntrain10000000,10000000,Matern-1.5,matern,Matern-1.5,1.5,0.1,1e-05,0.1,btab_boxeig_topk_16384_q192,Box-EigenPro,35721,189,16384.0,192.0,16384.0,21025.0,192.0,960,1.9920883119999644,2.067450755999971,0.1150571787093907,0.115147579696959,2.6294880171743538,ok,group_a
USGS_LPC_IL_Winnebago_2018_ground_elevation_regression_ntrain10000000,10000000,Matern-1.5,matern,Matern-1.5,1.5,0.1,1e-05,0.1,btab_boxeig_topk_16384_q256,Box-EigenPro,35721,189,16384.0,256.0,16384.0,21025.0,256.0,684,1.6397337200000948,1.714554526000029,0.1150571797230122,0.1151475816412258,3.17069938958587,ok,group_a
USGS_LPC_IL_Winnebago_2018_ground_elevation_regression_ntrain10000000,10000000,Matern-1.5,matern,Matern-1.5,1.5,0.1,1e-05,0.1,btab_boxeig_topk_16384_q320,Box-EigenPro,35721,189,16384.0,320.0,16384.0,21025.0,320.0,522,1.4932035240000232,1.5585695240000632,0.1150571802867547,0.1151475820648745,3.488029828177086,ok,group_a
synthetic_true_func_2d_ntrain300000000,300000000,SE,SE,SE,1.5,0.1,1e-05,0.1,plain_cg,EFGP-CG,1225,35,,,,,,3304,3.473383234000039,7.410754311999995,0.0003420763709501,0.3000174867040925,1.0,ok,group_b
synthetic_true_func_2d_ntrain300000000,300000000,SE,SE,SE,1.5,0.1,1e-05,0.1,eigenpro_pcg_q64,EigenPro-PCG,1225,35,,64.0,,,,1038,1.4834649389999868,3.207146757999908,0.0005656073047098,0.300017820977464,2.310700093007782,ok,group_b
synthetic_true_func_2d_ntrain300000000,300000000,SE,SE,SE,1.5,0.1,1e-05,0.1,eigenpro_pcg_q128,EigenPro-PCG,1225,35,,128.0,,,,262,0.3760677729999315,2.291910365999911,0.0005658065199371,0.300017821052308,3.2334398508498574,ok,group_b
synthetic_true_func_2d_ntrain300000000,300000000,SE,SE,SE,1.5,0.1,1e-05,0.1,eigenpro_pcg_q256,EigenPro-PCG,1225,35,,256.0,,,,8,0.0125879550000718,2.313022104000084,0.0005493454934004,0.3000178202867573,3.2039271475979487,ok,group_b
synthetic_true_func_2d_ntrain300000000,300000000,SE,SE,SE,1.5,0.1,1e-05,0.1,eigenpro_pcg_q320,EigenPro-PCG,1225,35,,320.0,,,,1,0.0026078589999087,2.49820925899985,0.0004973368101401,0.3000177688638352,2.9664265654698863,ok,group_b
synthetic_true_func_2d_ntrain300000000,300000000,SE,SE,SE,1.5,0.1,1e-05,0.1,eigenpro_pcg_q384,EigenPro-PCG,1225,35,,384.0,,,,3,0.0054659690001699,2.6978417660000105,0.0005660169639187,0.300017823262421,2.7469195582169537,ok,group_b
synthetic_true_func_2d_ntrain300000000,300000000,SE,SE,SE,1.5,0.1,1e-05,0.1,eigenpro_pcg_q448,EigenPro-PCG,1225,35,,448.0,,,,2,0.0040913450000061,2.892535608000117,0.000564865317148,0.3000178205947424,2.562026995105429,ok,group_b
synthetic_true_func_2d_ntrain300000000,300000000,SE,SE,SE,1.5,0.1,1e-05,0.1,btab_auto_topk_512,Active inverse,1225,35,512.0,,512.0,625.0,,79,0.1558056530000158,1.6552578010000616,0.0005649614805088,0.3000178210607842,4.477099765077451,ok,group_b
synthetic_true_func_2d_ntrain300000000,300000000,SE,SE,SE,1.5,0.1,1e-05,0.1,btab_auto_topk_1024,Active inverse,1225,35,1024.0,,1024.0,1225.0,,3,0.0474382999998397,1.5476839680000012,0.0005649883817801,0.3000178210388807,4.7882865399042425,ok,group_b
synthetic_true_func_2d_ntrain300000000,300000000,SE,SE,SE,1.5,0.1,1e-05,0.1,btab_boxeig_topk_256_q64,Box-EigenPro,1225,35,256.0,64.0,256.0,361.0,64.0,1546,2.981415316999801,4.480527338000002,0.0005591423922202,0.3000178106060708,1.653991540046707,ok,group_b
synthetic_true_func_2d_ntrain300000000,300000000,SE,SE,SE,1.5,0.1,1e-05,0.1,btab_boxeig_topk_512_q128,Box-EigenPro,1225,35,512.0,128.0,512.0,625.0,128.0,497,1.1535106159999486,2.652987510999992,0.0005642803840528,0.3000178223828704,2.793361929248832,ok,group_b
synthetic_true_func_2d_ntrain300000000,300000000,SE,SE,SE,1.5,0.1,1e-05,0.1,btab_boxeig_topk_768_q128,Box-EigenPro,1225,35,768.0,128.0,768.0,961.0,128.0,360,1.2667470599999433,2.76606118299992,0.0005656964856698,0.3000178193447734,2.6791722314553765,ok,group_b
synthetic_true_func_2d_ntrain100000000,100000000,SE,SE,SE,1.5,0.1,1e-05,0.1,plain_cg,EFGP-CG,1225,35,,,,,,3234,3.457716005999828,4.473951152999916,0.0005713821577983,0.3000305223297922,1.0,ok,group_b
synthetic_true_func_2d_ntrain100000000,100000000,SE,SE,SE,1.5,0.1,1e-05,0.1,eigenpro_pcg_q64,EigenPro-PCG,1225,35,,64.0,,,,903,1.281156461999899,2.0083389019998776,0.000689130087286,0.3000308215588382,2.2276873432789728,ok,group_b
synthetic_true_func_2d_ntrain100000000,100000000,SE,SE,SE,1.5,0.1,1e-05,0.1,eigenpro_pcg_q128,EigenPro-PCG,1225,35,,128.0,,,,211,0.2994492259999788,1.2190350749999652,0.0006915021207981,0.3000308285526334,3.670075820418903,ok,group_b
synthetic_true_func_2d_ntrain100000000,100000000,SE,SE,SE,1.5,0.1,1e-05,0.1,eigenpro_pcg_q256,EigenPro-PCG,1225,35,,256.0,,,,8,0.0125338519999331,1.3206020089999129,0.0006876146025414,0.3000308518016855,3.387811863460683,ok,group_b
synthetic_true_func_2d_ntrain100000000,100000000,SE,SE,SE,1.5,0.1,1e-05,0.1,eigenpro_pcg_q320,EigenPro-PCG,1225,35,,320.0,,,,1,0.0026158800001212,1.5044355610000366,0.0006433367761965,0.3000308483455048,2.9738403351925338,ok,group_b
synthetic_true_func_2d_ntrain100000000,100000000,SE,SE,SE,1.5,0.1,1e-05,0.1,eigenpro_pcg_q384,EigenPro-PCG,1225,35,,384.0,,,,1,0.0026280629999746,1.7034814989999632,0.0006925929200716,0.3000308162040949,2.6263573485396643,ok,group_b
synthetic_true_func_2d_ntrain100000000,100000000,SE,SE,SE,1.5,0.1,1e-05,0.1,eigenpro_pcg_q448,EigenPro-PCG,1225,35,,448.0,,,,1,0.0025566690001141,1.906399151000187,0.0006923113428988,0.300030811368902,2.3468071472087417,ok,group_b
synthetic_true_func_2d_ntrain100000000,100000000,SE,SE,SE,1.5,0.1,1e-05,0.1,btab_auto_topk_512,Active inverse,1225,35,512.0,,512.0,625.0,,55,0.1063360739999552,0.6162320700000237,0.0006876480422327,0.300030815090645,7.260172540192114,ok,group_b
synthetic_true_func_2d_ntrain100000000,100000000,SE,SE,SE,1.5,0.1,1e-05,0.1,btab_auto_topk_1024,Active inverse,1225,35,1024.0,,1024.0,1225.0,,3,0.0462133790001644,0.5560436119999395,0.000687616703128,0.3000308149421985,8.046043613212849,ok,group_b
synthetic_true_func_2d_ntrain100000000,100000000,SE,SE,SE,1.5,0.1,1e-05,0.1,btab_boxeig_topk_256_q64,Box-EigenPro,1225,35,256.0,64.0,256.0,361.0,64.0,1069,1.965713740000183,2.4756532149999657,0.0006837861478927,0.3000308057047462,1.80718007105853,ok,group_b
synthetic_true_func_2d_ntrain100000000,100000000,SE,SE,SE,1.5,0.1,1e-05,0.1,btab_boxeig_topk_512_q128,Box-EigenPro,1225,35,512.0,128.0,512.0,625.0,128.0,396,0.9219642489999842,1.4315719379999337,0.000688073550651,0.3000308187832154,3.125201768938365,ok,group_b
synthetic_true_func_2d_ntrain100000000,100000000,SE,SE,SE,1.5,0.1,1e-05,0.1,btab_boxeig_topk_768_q128,Box-EigenPro,1225,35,768.0,128.0,768.0,961.0,128.0,266,0.7099885239999821,1.2194552630001,0.0006881460490321,0.3000308207957125,3.66881122149009,ok,group_b
synthetic_true_func_2d_ntrain3000000,3000000,SE,SE,SE,1.5,0.1,1e-05,0.1,plain_cg,EFGP-CG,1225,35,,,,,,1497,1.602153453000028,1.639194766000173,0.0029104026258278,0.2999782041164701,1.0,ok,group_b
synthetic_true_func_2d_ntrain3000000,3000000,SE,SE,SE,1.5,0.1,1e-05,0.1,eigenpro_pcg_q64,EigenPro-PCG,1225,35,,64.0,,,,392,0.5588729250000597,0.807095838000123,0.0029091253354702,0.2999783575176195,2.030979084295468,ok,group_b
synthetic_true_func_2d_ntrain3000000,3000000,SE,SE,SE,1.5,0.1,1e-05,0.1,eigenpro_pcg_q128,EigenPro-PCG,1225,35,,128.0,,,,95,0.1359904959999767,0.5763724470000398,0.0029087417503126,0.2999783583337982,2.843985298971205,ok,group_b
synthetic_true_func_2d_ntrain3000000,3000000,SE,SE,SE,1.5,0.1,1e-05,0.1,eigenpro_pcg_q256,EigenPro-PCG,1225,35,,256.0,,,,5,0.0082549219998782,0.8391713469998194,0.0029102815304006,0.2999783652019493,1.9533493032865978,ok,group_b
synthetic_true_func_2d_ntrain3000000,3000000,SE,SE,SE,1.5,0.1,1e-05,0.1,eigenpro_pcg_q320,EigenPro-PCG,1225,35,,320.0,,,,2,0.0048482850002073,1.032539958000143,0.0029072349391699,0.2999783504561321,1.5875363982765556,ok,group_b
synthetic_true_func_2d_ntrain3000000,3000000,SE,SE,SE,1.5,0.1,1e-05,0.1,eigenpro_pcg_q384,EigenPro-PCG,1225,35,,384.0,,,,2,0.003963191999901,1.229605539999966,0.0029077761247349,0.2999783600390789,1.3331061976186434,ok,group_b
synthetic_true_func_2d_ntrain3000000,3000000,SE,SE,SE,1.5,0.1,1e-05,0.1,eigenpro_pcg_q448,EigenPro-PCG,1225,35,,448.0,,,,2,0.004031975000089,1.425339860999884,0.0029080911850975,0.2999783642158898,1.150037833678677,ok,group_b
synthetic_true_func_2d_ntrain3000000,3000000,SE,SE,SE,1.5,0.1,1e-05,0.1,btab_auto_topk_512,Active inverse,1225,35,512.0,,512.0,625.0,,16,0.0411399289998826,0.0723254209999595,0.0029091482511972,0.2999783564407239,22.664157959081784,ok,group_b
synthetic_true_func_2d_ntrain3000000,3000000,SE,SE,SE,1.5,0.1,1e-05,0.1,btab_auto_topk_1024,Active inverse,1225,35,1024.0,,1024.0,1225.0,,5,0.048909821000052,0.07996462899996,0.002909152560257,0.2999783565150736,20.49899795071885,ok,group_b
synthetic_true_func_2d_ntrain3000000,3000000,SE,SE,SE,1.5,0.1,1e-05,0.1,btab_boxeig_topk_256_q64,Box-EigenPro,1225,35,256.0,64.0,256.0,361.0,64.0,564,1.0985751109999455,1.1285310089999712,0.0029095686644928,0.2999783625513353,1.4525030796032075,ok,group_b
synthetic_true_func_2d_ntrain3000000,3000000,SE,SE,SE,1.5,0.1,1e-05,0.1,btab_boxeig_topk_512_q128,Box-EigenPro,1225,35,512.0,128.0,512.0,625.0,128.0,147,0.5008444689999578,0.5304564299999583,0.0029092035761639,0.2999783572112684,3.090159103171399,ok,group_b
synthetic_true_func_2d_ntrain3000000,3000000,SE,SE,SE,1.5,0.1,1e-05,0.1,btab_boxeig_topk_768_q128,Box-EigenPro,1225,35,768.0,128.0,768.0,961.0,128.0,98,0.4197939799998949,0.4511464929998965,0.0029089389933774,0.2999783580757907,3.6333980013905354,ok,group_b
synthetic_true_func_2d_ntrain1000000,1000000,SE,SE,SE,1.5,0.1,1e-05,0.1,plain_cg,EFGP-CG,1225,35,,,,,,1142,1.2375080720000824,1.2568033889999697,0.0048984585224091,0.3000386772645472,1.0,ok,group_b
synthetic_true_func_2d_ntrain1000000,1000000,SE,SE,SE,1.5,0.1,1e-05,0.1,eigenpro_pcg_q64,EigenPro-PCG,1225,35,,64.0,,,,291,0.422726915000112,0.6658214560000033,0.0049063548831822,0.3000387246797227,1.8875982107130584,ok,group_b
synthetic_true_func_2d_ntrain1000000,1000000,SE,SE,SE,1.5,0.1,1e-05,0.1,eigenpro_pcg_q128,EigenPro-PCG,1225,35,,128.0,,,,69,0.1011963989999458,0.5373150030000033,0.0049064248639491,0.3000387256579753,2.339043916478844,ok,group_b
synthetic_true_func_2d_ntrain1000000,1000000,SE,SE,SE,1.5,0.1,1e-05,0.1,eigenpro_pcg_q256,EigenPro-PCG,1225,35,,256.0,,,,4,0.0069274980000955,0.8334703979999176,0.0049068504498098,0.3000387262769,1.5079160483874725,ok,group_b
synthetic_true_func_2d_ntrain1000000,1000000,SE,SE,SE,1.5,0.1,1e-05,0.1,eigenpro_pcg_q320,EigenPro-PCG,1225,35,,320.0,,,,3,0.0054423110000243,1.0287860810001348,0.0049045801629135,0.3000387522110549,1.221637240443774,ok,group_b
synthetic_true_func_2d_ntrain1000000,1000000,SE,SE,SE,1.5,0.1,1e-05,0.1,eigenpro_pcg_q384,EigenPro-PCG,1225,35,,384.0,,,,2,0.0039840360000198,1.221607219000134,0.004904351441731,0.3000387482623917,1.0288113637938743,ok,group_b
synthetic_true_func_2d_ntrain1000000,1000000,SE,SE,SE,1.5,0.1,1e-05,0.1,eigenpro_pcg_q448,EigenPro-PCG,1225,35,,448.0,,,,2,0.0040843220001534,1.4128727810000328,0.0049039678726837,0.3000387604585483,0.8895375478253625,ok,group_b
synthetic_true_func_2d_ntrain1000000,1000000,SE,SE,SE,1.5,0.1,1e-05,0.1,btab_auto_topk_512,Active inverse,1225,35,512.0,,512.0,625.0,,11,0.0326312649999636,0.0513063379999039,0.0049064991885326,0.3000387233421121,24.496064969640276,ok,group_b
synthetic_true_func_2d_ntrain1000000,1000000,SE,SE,SE,1.5,0.1,1e-05,0.1,btab_auto_topk_1024,Active inverse,1225,35,1024.0,,1024.0,1225.0,,5,0.05037163399993,0.0688122829999429,0.0049065181433067,0.3000387234278732,18.264230370049088,ok,group_b
synthetic_true_func_2d_ntrain1000000,1000000,SE,SE,SE,1.5,0.1,1e-05,0.1,btab_boxeig_topk_256_q64,Box-EigenPro,1225,35,256.0,64.0,256.0,361.0,64.0,431,0.8692553549999502,0.8878151809999508,0.0049065175589795,0.3000387246777349,1.4156137627478114,ok,group_b
synthetic_true_func_2d_ntrain1000000,1000000,SE,SE,SE,1.5,0.1,1e-05,0.1,btab_boxeig_topk_512_q128,Box-EigenPro,1225,35,512.0,128.0,512.0,625.0,128.0,93,0.4110510940001859,0.4294044910000139,0.004906474793504,0.300038724621376,2.926851990003824,ok,group_b
synthetic_true_func_2d_ntrain1000000,1000000,SE,SE,SE,1.5,0.1,1e-05,0.1,btab_boxeig_topk_768_q128,Box-EigenPro,1225,35,768.0,128.0,768.0,961.0,128.0,70,0.3740487210000083,0.3925489209998432,0.0049062376174577,0.300038725348793,3.2016477992063357,ok,group_b
synthetic_true_func_2d_ntrain30000000,30000000,SE,SE,SE,1.5,0.1,1e-05,0.1,plain_cg,EFGP-CG,1225,35,,,,,,2587,2.79646134099994,3.135467669999798,0.0009846326989823,0.3000530742020463,1.0,ok,group_b
synthetic_true_func_2d_ntrain30000000,30000000,SE,SE,SE,1.5,0.1,1e-05,0.1,eigenpro_pcg_q64,EigenPro-PCG,1225,35,,64.0,,,,655,0.9374060879999888,1.3205857929999638,0.0010728612716962,0.3000533306126633,2.374300622208711,ok,group_b
synthetic_true_func_2d_ntrain30000000,30000000,SE,SE,SE,1.5,0.1,1e-05,0.1,eigenpro_pcg_q128,EigenPro-PCG,1225,35,,128.0,,,,164,0.2345561540000744,0.8053835120001622,0.0010729452309932,0.3000533312553989,3.8931361559822526,ok,group_b
synthetic_true_func_2d_ntrain30000000,30000000,SE,SE,SE,1.5,0.1,1e-05,0.1,eigenpro_pcg_q256,EigenPro-PCG,1225,35,,256.0,,,,8,0.0125739529999009,0.9795482189999802,0.0010757764167302,0.300053345657756,3.200932439243056,ok,group_b
synthetic_true_func_2d_ntrain30000000,30000000,SE,SE,SE,1.5,0.1,1e-05,0.1,eigenpro_pcg_q320,EigenPro-PCG,1225,35,,320.0,,,,2,0.003976730999966,1.163553924000098,0.0010737104721493,0.30005334320394,2.694733441507034,ok,group_b
synthetic_true_func_2d_ntrain30000000,30000000,SE,SE,SE,1.5,0.1,1e-05,0.1,eigenpro_pcg_q384,EigenPro-PCG,1225,35,,384.0,,,,2,0.0040475989999322,1.3639650159998382,0.0010707966385032,0.3000533184634369,2.29878892289725,ok,group_b
synthetic_true_func_2d_ntrain30000000,30000000,SE,SE,SE,1.5,0.1,1e-05,0.1,eigenpro_pcg_q448,EigenPro-PCG,1225,35,,448.0,,,,1,0.0025994270001774,1.5570089530001496,0.0010789909229338,0.300053305402626,2.0137762624666786,ok,group_b
synthetic_true_func_2d_ntrain30000000,30000000,SE,SE,SE,1.5,0.1,1e-05,0.1,btab_auto_topk_512,Active inverse,1225,35,512.0,,512.0,625.0,,36,0.0749887389999912,0.2374677790000987,0.0010710786880468,0.300053320188498,13.203760456270132,ok,group_b
synthetic_true_func_2d_ntrain30000000,30000000,SE,SE,SE,1.5,0.1,1e-05,0.1,btab_auto_topk_1024,Active inverse,1225,35,1024.0,,1024.0,1225.0,,3,0.0467637760000343,0.2088948740001797,0.0010710988537777,0.3000533201983581,15.00978750678727,ok,group_b
synthetic_true_func_2d_ntrain30000000,30000000,SE,SE,SE,1.5,0.1,1e-05,0.1,btab_boxeig_topk_256_q64,Box-EigenPro,1225,35,256.0,64.0,256.0,361.0,64.0,1171,2.1233555219998834,2.2851310799999283,0.0010715971510328,0.3000533198312953,1.3721172047600423,ok,group_b
synthetic_true_func_2d_ntrain30000000,30000000,SE,SE,SE,1.5,0.1,1e-05,0.1,btab_boxeig_topk_512_q128,Box-EigenPro,1225,35,512.0,128.0,512.0,625.0,128.0,318,0.8224674560001404,1.0007759710001665,0.001071924257852,0.3000533229996729,3.1330365245143126,ok,group_b
synthetic_true_func_2d_ntrain30000000,30000000,SE,SE,SE,1.5,0.1,1e-05,0.1,btab_boxeig_topk_768_q128,Box-EigenPro,1225,35,768.0,128.0,768.0,961.0,128.0,203,0.5966896139998425,0.7586302549998436,0.0010718522338499,0.300053325203051,4.133064360846569,ok,group_b
synthetic_true_func_2d_ntrain10000000,10000000,SE,SE,SE,1.5,0.1,1e-05,0.1,plain_cg,EFGP-CG,1225,35,,,,,,2051,2.2137132909999764,2.3213458320001337,0.0016421998700184,0.2999588182150726,1.0,ok,group_b
synthetic_true_func_2d_ntrain10000000,10000000,SE,SE,SE,1.5,0.1,1e-05,0.1,eigenpro_pcg_q64,EigenPro-PCG,1225,35,,64.0,,,,536,0.7754882469998847,1.0739011260000098,0.0017023664420535,0.2999590384579572,2.1616010783474238,ok,group_b
synthetic_true_func_2d_ntrain10000000,10000000,SE,SE,SE,1.5,0.1,1e-05,0.1,eigenpro_pcg_q128,EigenPro-PCG,1225,35,,128.0,,,,119,0.1715961679999509,0.6566530579998471,0.0017037506698684,0.2999590414112259,3.5351176754904783,ok,group_b
synthetic_true_func_2d_ntrain10000000,10000000,SE,SE,SE,1.5,0.1,1e-05,0.1,eigenpro_pcg_q256,EigenPro-PCG,1225,35,,256.0,,,,7,0.0122483850000207,0.8855712800000219,0.0017037299466755,0.2999590433624249,2.6212975560816245,ok,group_b
synthetic_true_func_2d_ntrain10000000,10000000,SE,SE,SE,1.5,0.1,1e-05,0.1,eigenpro_pcg_q320,EigenPro-PCG,1225,35,,320.0,,,,2,0.0039931699998305,1.069688287999952,0.0016988394331908,0.299959071521671,2.1701142828631563,ok,group_b
synthetic_true_func_2d_ntrain10000000,10000000,SE,SE,SE,1.5,0.1,1e-05,0.1,eigenpro_pcg_q384,EigenPro-PCG,1225,35,,384.0,,,,2,0.0039645700001074,1.2560440320000907,0.0017022322976705,0.2999590346370237,1.848140489393262,ok,group_b
synthetic_true_func_2d_ntrain10000000,10000000,SE,SE,SE,1.5,0.1,1e-05,0.1,eigenpro_pcg_q448,EigenPro-PCG,1225,35,,448.0,,,,2,0.0040058479999061,1.4481155930000114,0.0017022909164577,0.2999590352197572,1.6030114192687348,ok,group_b
synthetic_true_func_2d_ntrain10000000,10000000,SE,SE,SE,1.5,0.1,1e-05,0.1,btab_auto_topk_512,Active inverse,1225,35,512.0,,512.0,625.0,,24,0.0553057930001159,0.1273404000000937,0.0017026523488764,0.2999590337788464,18.22945296228397,ok,group_b
synthetic_true_func_2d_ntrain10000000,10000000,SE,SE,SE,1.5,0.1,1e-05,0.1,btab_auto_topk_1024,Active inverse,1225,35,1024.0,,1024.0,1225.0,,4,0.0478890079998564,0.1116871269998682,0.0017027089708421,0.299959033916288,20.784363376120087,ok,group_b
synthetic_true_func_2d_ntrain10000000,10000000,SE,SE,SE,1.5,0.1,1e-05,0.1,btab_boxeig_topk_256_q64,Box-EigenPro,1225,35,256.0,64.0,256.0,361.0,64.0,789,1.466657380000015,1.5291437739999765,0.0017022536422852,0.2999590352112875,1.518069047181805,ok,group_b
synthetic_true_func_2d_ntrain10000000,10000000,SE,SE,SE,1.5,0.1,1e-05,0.1,btab_boxeig_topk_512_q128,Box-EigenPro,1225,35,512.0,128.0,512.0,625.0,128.0,220,1.3590182739999364,1.4214519160000236,0.0017025636057803,0.2999590365223479,1.6330807998995973,ok,group_b
synthetic_true_func_2d_ntrain10000000,10000000,SE,SE,SE,1.5,0.1,1e-05,0.1,btab_boxeig_topk_768_q128,Box-EigenPro,1225,35,768.0,128.0,768.0,961.0,128.0,143,0.9525891480000156,1.0247612319999462,0.0017023265507146,0.2999590383501927,2.265255319495006,ok,group_b
USGS_LPC_IL_Winnebago_2018_ground_elevation_regression_ntrain300000000,300000000,SE,SE,SE,1.5,0.1,1e-05,0.1,plain_cg,EFGP-CG,1225,35,,,,,,5711,6.103585392000014,10.802811197999972,0.3562645925057802,0.3562631603872868,1.0,ok,group_b
USGS_LPC_IL_Winnebago_2018_ground_elevation_regression_ntrain300000000,300000000,SE,SE,SE,1.5,0.1,1e-05,0.1,eigenpro_pcg_q64,EigenPro-PCG,1225,35,,64.0,,,,175,0.252333149000151,2.237685326000019,0.3561598409389873,0.356158737692252,4.8276721809274985,ok,group_b
USGS_LPC_IL_Winnebago_2018_ground_elevation_regression_ntrain300000000,300000000,SE,SE,SE,1.5,0.1,1e-05,0.1,eigenpro_pcg_q128,EigenPro-PCG,1225,35,,128.0,,,,11,0.0165844980001566,2.1882246229999964,0.3561589527062194,0.3561578211333481,4.9367926329197465,ok,group_b
USGS_LPC_IL_Winnebago_2018_ground_elevation_regression_ntrain300000000,300000000,SE,SE,SE,1.5,0.1,1e-05,0.1,eigenpro_pcg_q256,EigenPro-PCG,1225,35,,256.0,,,,6,0.0096096559998386,2.567272676999892,0.3561590092437817,0.3561578790090422,4.207893962640583,ok,group_b
USGS_LPC_IL_Winnebago_2018_ground_elevation_regression_ntrain300000000,300000000,SE,SE,SE,1.5,0.1,1e-05,0.1,eigenpro_pcg_q320,EigenPro-PCG,1225,35,,320.0,,,,6,0.0098317239999232,2.7900827599999047,0.3561590327569536,0.3561579027366264,3.8718604884682133,ok,group_b
USGS_LPC_IL_Winnebago_2018_ground_elevation_regression_ntrain300000000,300000000,SE,SE,SE,1.5,0.1,1e-05,0.1,eigenpro_pcg_q384,EigenPro-PCG,1225,35,,384.0,,,,4,0.0069436990002031,2.9717200620000312,0.3561590143579148,0.3561578831334914,3.6352048553084266,ok,group_b
USGS_LPC_IL_Winnebago_2018_ground_elevation_regression_ntrain300000000,300000000,SE,SE,SE,1.5,0.1,1e-05,0.1,eigenpro_pcg_q448,EigenPro-PCG,1225,35,,448.0,,,,5,0.008287608000046,3.164880370999981,0.3561590149417046,0.3561578847731442,3.413339504705101,ok,group_b
USGS_LPC_IL_Winnebago_2018_ground_elevation_regression_ntrain300000000,300000000,SE,SE,SE,1.5,0.1,1e-05,0.1,btab_auto_topk_512,Active inverse,1225,35,512.0,,512.0,625.0,,3000,5.232896841000184,6.997250908000069,0.3593830988398648,0.3593739349025778,1.5438650607267699,ok,group_b
USGS_LPC_IL_Winnebago_2018_ground_elevation_regression_ntrain300000000,300000000,SE,SE,SE,1.5,0.1,1e-05,0.1,btab_auto_topk_1024,Active inverse,1225,35,1024.0,,1024.0,1225.0,,3000,5.879586793000044,7.644051337000064,0.3592857235506271,0.3592798366468995,1.413231115509433,ok,group_b
USGS_LPC_IL_Winnebago_2018_ground_elevation_regression_ntrain300000000,300000000,SE,SE,SE,1.5,0.1,1e-05,0.1,btab_boxeig_topk_256_q64,Box-EigenPro,1225,35,256.0,64.0,256.0,361.0,64.0,2859,4.963767705000009,6.727902857000117,0.3561589779258707,0.3561578477567387,1.6056728861297505,ok,group_b
USGS_LPC_IL_Winnebago_2018_ground_elevation_regression_ntrain300000000,300000000,SE,SE,SE,1.5,0.1,1e-05,0.1,btab_boxeig_topk_512_q128,Box-EigenPro,1225,35,512.0,128.0,512.0,625.0,128.0,340,0.8202451089998704,2.5845714189999853,0.3561590669459886,0.3561579368564469,4.17973019378964,ok,group_b
USGS_LPC_IL_Winnebago_2018_ground_elevation_regression_ntrain300000000,300000000,SE,SE,SE,1.5,0.1,1e-05,0.1,btab_boxeig_topk_768_q128,Box-EigenPro,1225,35,768.0,128.0,768.0,961.0,128.0,26,0.3098275299998931,2.0752525189998323,0.3561590499055587,0.3561579197958252,5.205540578361223,ok,group_b
USGS_LPC_IL_Winnebago_2018_ground_elevation_regression_ntrain100000000,100000000,SE,SE,SE,1.5,0.1,1e-05,0.1,plain_cg,EFGP-CG,1225,35,,,,,,3598,3.823117470999932,4.890741690999903,0.3646642417597868,0.3646327539133044,1.0,ok,group_b
USGS_LPC_IL_Winnebago_2018_ground_elevation_regression_ntrain100000000,100000000,SE,SE,SE,1.5,0.1,1e-05,0.1,eigenpro_pcg_q64,EigenPro-PCG,1225,35,,64.0,,,,130,0.1861370799999804,0.918573178000088,0.3645635890527338,0.3645336449428591,5.324280969805798,ok,group_b
USGS_LPC_IL_Winnebago_2018_ground_elevation_regression_ntrain100000000,100000000,SE,SE,SE,1.5,0.1,1e-05,0.1,eigenpro_pcg_q128,EigenPro-PCG,1225,35,,128.0,,,,8,0.0129008219998922,0.9370955509998566,0.3645633061111283,0.3645333594517834,5.219042696106719,ok,group_b
USGS_LPC_IL_Winnebago_2018_ground_elevation_regression_ntrain100000000,100000000,SE,SE,SE,1.5,0.1,1e-05,0.1,eigenpro_pcg_q256,EigenPro-PCG,1225,35,,256.0,,,,6,0.0098731569999017,1.3385990520000632,0.364563313553511,0.3645333667006758,3.653627039173842,ok,group_b
USGS_LPC_IL_Winnebago_2018_ground_elevation_regression_ntrain100000000,100000000,SE,SE,SE,1.5,0.1,1e-05,0.1,eigenpro_pcg_q320,EigenPro-PCG,1225,35,,320.0,,,,5,0.0082309560000339,1.5154718650001089,0.3645632831649353,0.3645333366627357,3.227207184740148,ok,group_b
USGS_LPC_IL_Winnebago_2018_ground_elevation_regression_ntrain100000000,100000000,SE,SE,SE,1.5,0.1,1e-05,0.1,eigenpro_pcg_q384,EigenPro-PCG,1225,35,,384.0,,,,4,0.0069824510001126,1.702790843999992,0.3645633990564967,0.3645334523893228,2.8721916776996284,ok,group_b
USGS_LPC_IL_Winnebago_2018_ground_elevation_regression_ntrain100000000,100000000,SE,SE,SE,1.5,0.1,1e-05,0.1,eigenpro_pcg_q448,EigenPro-PCG,1225,35,,448.0,,,,4,0.0067440259999784,1.9072683010001583,0.3645634056643901,0.3645334592034204,2.5642651788609037,ok,group_b
USGS_LPC_IL_Winnebago_2018_ground_elevation_regression_ntrain100000000,100000000,SE,SE,SE,1.5,0.1,1e-05,0.1,btab_auto_topk_512,Active inverse,1225,35,512.0,,512.0,625.0,,3000,5.201687472999993,5.714444514999968,0.3671507184319714,0.367108128348408,0.8558560115794439,ok,group_b
USGS_LPC_IL_Winnebago_2018_ground_elevation_regression_ntrain100000000,100000000,SE,SE,SE,1.5,0.1,1e-05,0.1,btab_auto_topk_1024,Active inverse,1225,35,1024.0,,1024.0,1225.0,,3000,5.826915522999798,6.339719542000012,0.3672841968695369,0.3672430448940391,0.7714444871889403,ok,group_b
USGS_LPC_IL_Winnebago_2018_ground_elevation_regression_ntrain100000000,100000000,SE,SE,SE,1.5,0.1,1e-05,0.1,btab_boxeig_topk_256_q64,Box-EigenPro,1225,35,256.0,64.0,256.0,361.0,64.0,1960,3.427636171000131,3.940907713000115,0.3645633023482499,0.3645333551349511,1.2410190867617914,ok,group_b
USGS_LPC_IL_Winnebago_2018_ground_elevation_regression_ntrain100000000,100000000,SE,SE,SE,1.5,0.1,1e-05,0.1,btab_boxeig_topk_512_q128,Box-EigenPro,1225,35,512.0,128.0,512.0,625.0,128.0,205,0.5940404709999711,1.1066671730000053,0.3645633650370566,0.3645334180505756,4.419342879523435,ok,group_b
USGS_LPC_IL_Winnebago_2018_ground_elevation_regression_ntrain100000000,100000000,SE,SE,SE,1.5,0.1,1e-05,0.1,btab_boxeig_topk_768_q128,Box-EigenPro,1225,35,768.0,128.0,768.0,961.0,128.0,14,0.2600982900000872,0.7729494459999842,0.3645633460572183,0.364533399206609,6.327375892834269,ok,group_b
USGS_LPC_IL_Winnebago_2018_ground_elevation_regression_ntrain3000000,3000000,SE,SE,SE,1.5,0.1,1e-05,0.1,plain_cg,EFGP-CG,1225,35,,,,,,1083,1.158506037000052,1.2047666619998836,0.3897550360504075,0.3896660810047017,1.0,ok,group_b
USGS_LPC_IL_Winnebago_2018_ground_elevation_regression_ntrain3000000,3000000,SE,SE,SE,1.5,0.1,1e-05,0.1,eigenpro_pcg_q64,EigenPro-PCG,1225,35,,64.0,,,,36,0.0530874419998781,0.3122205049999138,0.3896628974939448,0.3895710612708783,3.8587044819500766,ok,group_b
USGS_LPC_IL_Winnebago_2018_ground_elevation_regression_ntrain3000000,3000000,SE,SE,SE,1.5,0.1,1e-05,0.1,eigenpro_pcg_q128,EigenPro-PCG,1225,35,,128.0,,,,5,0.0083660430000236,0.4543665579999469,0.3896628244173087,0.3895709440191435,2.651530225514582,ok,group_b
USGS_LPC_IL_Winnebago_2018_ground_elevation_regression_ntrain3000000,3000000,SE,SE,SE,1.5,0.1,1e-05,0.1,eigenpro_pcg_q256,EigenPro-PCG,1225,35,,256.0,,,,6,0.0097114440000041,0.8420989490000466,0.3896628245546401,0.3895709509756159,1.4306711383863953,ok,group_b
USGS_LPC_IL_Winnebago_2018_ground_elevation_regression_ntrain3000000,3000000,SE,SE,SE,1.5,0.1,1e-05,0.1,eigenpro_pcg_q320,EigenPro-PCG,1225,35,,320.0,,,,4,0.0068526200000178,1.0317354679998516,0.3896628295602621,0.3895709575218159,1.1677088743837358,ok,group_b
USGS_LPC_IL_Winnebago_2018_ground_elevation_regression_ntrain3000000,3000000,SE,SE,SE,1.5,0.1,1e-05,0.1,eigenpro_pcg_q384,EigenPro-PCG,1225,35,,384.0,,,,4,0.0068590480000239,1.2213265469999897,0.3896627634996922,0.3895708951964901,0.9864410668540834,ok,group_b
USGS_LPC_IL_Winnebago_2018_ground_elevation_regression_ntrain3000000,3000000,SE,SE,SE,1.5,0.1,1e-05,0.1,eigenpro_pcg_q448,EigenPro-PCG,1225,35,,448.0,,,,4,0.0068659379999189,1.42085704599981,0.3896627878323779,0.3895709167125387,0.8479154643964405,ok,group_b
USGS_LPC_IL_Winnebago_2018_ground_elevation_regression_ntrain3000000,3000000,SE,SE,SE,1.5,0.1,1e-05,0.1,btab_auto_topk_512,Active inverse,1225,35,512.0,,512.0,625.0,,3000,5.257690631999822,5.293186201000026,0.3898209668743946,0.3897282944559964,0.22760708130242435,ok,group_b
USGS_LPC_IL_Winnebago_2018_ground_elevation_regression_ntrain3000000,3000000,SE,SE,SE,1.5,0.1,1e-05,0.1,btab_auto_topk_1024,Active inverse,1225,35,1024.0,,1024.0,1225.0,,3000,5.900550141000167,5.932771026000182,0.3898164523293765,0.3897220777862386,0.20306980611927067,ok,group_b
USGS_LPC_IL_Winnebago_2018_ground_elevation_regression_ntrain3000000,3000000,SE,SE,SE,1.5,0.1,1e-05,0.1,btab_boxeig_topk_256_q64,Box-EigenPro,1225,35,256.0,64.0,256.0,361.0,64.0,436,0.8796491439998135,0.9120496009998078,0.3896628406733911,0.3895709677816616,1.3209442344793454,ok,group_b
USGS_LPC_IL_Winnebago_2018_ground_elevation_regression_ntrain3000000,3000000,SE,SE,SE,1.5,0.1,1e-05,0.1,btab_boxeig_topk_512_q128,Box-EigenPro,1225,35,512.0,128.0,512.0,625.0,128.0,37,0.3091748649999317,0.3409844929999508,0.3896628302838795,0.3895709565571989,3.533200737078848,ok,group_b
USGS_LPC_IL_Winnebago_2018_ground_elevation_regression_ntrain3000000,3000000,SE,SE,SE,1.5,0.1,1e-05,0.1,btab_boxeig_topk_768_q128,Box-EigenPro,1225,35,768.0,128.0,768.0,961.0,128.0,5,0.2457599150000078,0.2773826210000152,0.3896628373948014,0.389570963182909,4.343338662157271,ok,group_b
USGS_LPC_IL_Winnebago_2018_ground_elevation_regression_ntrain1000000,1000000,SE,SE,SE,1.5,0.1,1e-05,0.1,plain_cg,EFGP-CG,1225,35,,,,,,724,0.7731035210001664,0.7927214210001239,0.3953175210868638,0.3957754080224807,1.0,ok,group_b
USGS_LPC_IL_Winnebago_2018_ground_elevation_regression_ntrain1000000,1000000,SE,SE,SE,1.5,0.1,1e-05,0.1,eigenpro_pcg_q64,EigenPro-PCG,1225,35,,64.0,,,,27,0.0402632689999791,0.281349597000144,0.3951969462566621,0.395650288990962,2.8175672880019023,ok,group_b
USGS_LPC_IL_Winnebago_2018_ground_elevation_regression_ntrain1000000,1000000,SE,SE,SE,1.5,0.1,1e-05,0.1,eigenpro_pcg_q128,EigenPro-PCG,1225,35,,128.0,,,,7,0.0114452450000044,0.4479087650001929,0.3951968916849585,0.3956502474009834,1.769827882246918,ok,group_b
USGS_LPC_IL_Winnebago_2018_ground_elevation_regression_ntrain1000000,1000000,SE,SE,SE,1.5,0.1,1e-05,0.1,eigenpro_pcg_q256,EigenPro-PCG,1225,35,,256.0,,,,5,0.008429981999825,0.8310575549999157,0.3951968852787054,0.3956502422443757,0.953870663025504,ok,group_b
USGS_LPC_IL_Winnebago_2018_ground_elevation_regression_ntrain1000000,1000000,SE,SE,SE,1.5,0.1,1e-05,0.1,eigenpro_pcg_q320,EigenPro-PCG,1225,35,,320.0,,,,4,0.0070107230001212,1.0309378819999893,0.395197005702143,0.3956503467685409,0.7689322847097902,ok,group_b
USGS_LPC_IL_Winnebago_2018_ground_elevation_regression_ntrain1000000,1000000,SE,SE,SE,1.5,0.1,1e-05,0.1,eigenpro_pcg_q384,EigenPro-PCG,1225,35,,384.0,,,,4,0.0068902680000064,1.2280953009999394,0.395196970136311,0.3956503284722678,0.6454885222300537,ok,group_b
USGS_LPC_IL_Winnebago_2018_ground_elevation_regression_ntrain1000000,1000000,SE,SE,SE,1.5,0.1,1e-05,0.1,eigenpro_pcg_q448,EigenPro-PCG,1225,35,,448.0,,,,4,0.0069577650001519,1.4275393740001618,0.3951969250387451,0.3956502855645047,0.5553061690892696,ok,group_b
USGS_LPC_IL_Winnebago_2018_ground_elevation_regression_ntrain1000000,1000000,SE,SE,SE,1.5,0.1,1e-05,0.1,btab_auto_topk_512,Active inverse,1225,35,512.0,,512.0,625.0,,3000,5.294966480999847,5.314479785000003,0.3951176791116758,0.3955829456440792,0.1491625621076896,ok,group_b
USGS_LPC_IL_Winnebago_2018_ground_elevation_regression_ntrain1000000,1000000,SE,SE,SE,1.5,0.1,1e-05,0.1,btab_auto_topk_1024,Active inverse,1225,35,1024.0,,1024.0,1225.0,,3000,5.995843181000055,6.014716249999992,0.3951156193282219,0.3955808053126468,0.13179697728884965,ok,group_b
USGS_LPC_IL_Winnebago_2018_ground_elevation_regression_ntrain1000000,1000000,SE,SE,SE,1.5,0.1,1e-05,0.1,btab_boxeig_topk_256_q64,Box-EigenPro,1225,35,256.0,64.0,256.0,361.0,64.0,268,0.6155453730000318,0.6353831930000524,0.3951969494695171,0.3956503095154557,1.2476273054330829,ok,group_b
USGS_LPC_IL_Winnebago_2018_ground_elevation_regression_ntrain1000000,1000000,SE,SE,SE,1.5,0.1,1e-05,0.1,btab_boxeig_topk_512_q128,Box-EigenPro,1225,35,512.0,128.0,512.0,625.0,128.0,25,0.6468797090001317,0.6663805279999906,0.3951969466296697,0.3956503063337401,1.1895927142098832,ok,group_b
USGS_LPC_IL_Winnebago_2018_ground_elevation_regression_ntrain1000000,1000000,SE,SE,SE,1.5,0.1,1e-05,0.1,btab_boxeig_topk_768_q128,Box-EigenPro,1225,35,768.0,128.0,768.0,961.0,128.0,5,1.2231927200000428,1.2431688960000429,0.3951969478468173,0.3956503074773169,0.6376618845200713,ok,group_b
USGS_LPC_IL_Winnebago_2018_ground_elevation_regression_ntrain30000000,30000000,SE,SE,SE,1.5,0.1,1e-05,0.1,plain_cg,EFGP-CG,1225,35,,,,,,2360,2.531026817000111,2.8662230630000067,0.3743414861715545,0.3743146097076666,1.0,ok,group_b
USGS_LPC_IL_Winnebago_2018_ground_elevation_regression_ntrain30000000,30000000,SE,SE,SE,1.5,0.1,1e-05,0.1,eigenpro_pcg_q64,EigenPro-PCG,1225,35,,64.0,,,,83,0.1205981300001894,0.5067843980000362,0.37429080542927,0.374261251350002,5.655705018369177,ok,group_b
USGS_LPC_IL_Winnebago_2018_ground_elevation_regression_ntrain30000000,30000000,SE,SE,SE,1.5,0.1,1e-05,0.1,eigenpro_pcg_q128,EigenPro-PCG,1225,35,,128.0,,,,7,0.0110923709999042,0.5884045869997863,0.3742906166425521,0.3742610879972625,4.87117729250647,ok,group_b
USGS_LPC_IL_Winnebago_2018_ground_elevation_regression_ntrain30000000,30000000,SE,SE,SE,1.5,0.1,1e-05,0.1,eigenpro_pcg_q256,EigenPro-PCG,1225,35,,256.0,,,,6,0.0097351780000281,0.9873277730000608,0.3742906323152317,0.3742611033232257,2.9030106732344803,ok,group_b
USGS_LPC_IL_Winnebago_2018_ground_elevation_regression_ntrain30000000,30000000,SE,SE,SE,1.5,0.1,1e-05,0.1,eigenpro_pcg_q320,EigenPro-PCG,1225,35,,320.0,,,,5,0.0082655769999746,1.190331068999967,0.374290574875473,0.3742610460015261,2.407920903390354,ok,group_b
USGS_LPC_IL_Winnebago_2018_ground_elevation_regression_ntrain30000000,30000000,SE,SE,SE,1.5,0.1,1e-05,0.1,eigenpro_pcg_q384,EigenPro-PCG,1225,35,,384.0,,,,4,0.0068540379998012,1.3677274809999744,0.3742905452344597,0.3742610177767168,2.0956097635067263,ok,group_b
USGS_LPC_IL_Winnebago_2018_ground_elevation_regression_ntrain30000000,30000000,SE,SE,SE,1.5,0.1,1e-05,0.1,eigenpro_pcg_q448,EigenPro-PCG,1225,35,,448.0,,,,4,0.0068077359999279,1.5727757039999233,0.3742905822812959,0.3742610526106754,1.8223978509526535,ok,group_b
USGS_LPC_IL_Winnebago_2018_ground_elevation_regression_ntrain30000000,30000000,SE,SE,SE,1.5,0.1,1e-05,0.1,btab_auto_topk_512,Active inverse,1225,35,512.0,,512.0,625.0,,3000,5.197253894999903,5.3615514440000425,0.3760931953372124,0.3760607920923858,0.534588372961993,ok,group_b
USGS_LPC_IL_Winnebago_2018_ground_elevation_regression_ntrain30000000,30000000,SE,SE,SE,1.5,0.1,1e-05,0.1,btab_auto_topk_1024,Active inverse,1225,35,1024.0,,1024.0,1225.0,,3000,5.821982724000009,5.98621342499996,0.3761038282810518,0.3760718925019214,0.4788040217593856,ok,group_b
USGS_LPC_IL_Winnebago_2018_ground_elevation_regression_ntrain30000000,30000000,SE,SE,SE,1.5,0.1,1e-05,0.1,btab_boxeig_topk_256_q64,Box-EigenPro,1225,35,256.0,64.0,256.0,361.0,64.0,1191,2.1442638739999893,2.316659544999993,0.3742906122387825,0.374261082896506,1.2372223916915748,ok,group_b
USGS_LPC_IL_Winnebago_2018_ground_elevation_regression_ntrain30000000,30000000,SE,SE,SE,1.5,0.1,1e-05,0.1,btab_boxeig_topk_512_q128,Box-EigenPro,1225,35,512.0,128.0,512.0,625.0,128.0,113,0.461164313999916,0.6300817279998228,0.3742906430280251,0.3742611139778111,4.5489702932645795,ok,group_b
USGS_LPC_IL_Winnebago_2018_ground_elevation_regression_ntrain30000000,30000000,SE,SE,SE,1.5,0.1,1e-05,0.1,btab_boxeig_topk_768_q128,Box-EigenPro,1225,35,768.0,128.0,768.0,961.0,128.0,9,0.5862304300001142,0.7505393860001277,0.3742906418624834,0.3742611127812812,3.818884280377418,ok,group_b
USGS_LPC_IL_Winnebago_2018_ground_elevation_regression_ntrain10000000,10000000,SE,SE,SE,1.5,0.1,1e-05,0.1,plain_cg,EFGP-CG,1225,35,,,,,,1532,1.6394811310001387,1.7767009650001455,0.3821805313463219,0.3821467734796624,1.0,ok,group_b
USGS_LPC_IL_Winnebago_2018_ground_elevation_regression_ntrain10000000,10000000,SE,SE,SE,1.5,0.1,1e-05,0.1,eigenpro_pcg_q64,EigenPro-PCG,1225,35,,64.0,,,,52,0.0754079639998508,0.3665944059998764,0.3821210830896602,0.3820847604328395,4.846503208782582,ok,group_b
USGS_LPC_IL_Winnebago_2018_ground_elevation_regression_ntrain10000000,10000000,SE,SE,SE,1.5,0.1,1e-05,0.1,eigenpro_pcg_q128,EigenPro-PCG,1225,35,,128.0,,,,8,0.0126458420002109,0.4907928980001088,0.382120986457021,0.3820846367599657,3.620062499355383,ok,group_b
USGS_LPC_IL_Winnebago_2018_ground_elevation_regression_ntrain10000000,10000000,SE,SE,SE,1.5,0.1,1e-05,0.1,eigenpro_pcg_q256,EigenPro-PCG,1225,35,,256.0,,,,6,0.0098699949999172,0.8771639889998823,0.3821209754839251,0.3820846258278492,2.0255060482201164,ok,group_b
USGS_LPC_IL_Winnebago_2018_ground_elevation_regression_ntrain10000000,10000000,SE,SE,SE,1.5,0.1,1e-05,0.1,eigenpro_pcg_q320,EigenPro-PCG,1225,35,,320.0,,,,4,0.0068692679999458,1.0706550380000408,0.3821213654482422,0.382085021342625,1.6594522997052181,ok,group_b
USGS_LPC_IL_Winnebago_2018_ground_elevation_regression_ntrain10000000,10000000,SE,SE,SE,1.5,0.1,1e-05,0.1,eigenpro_pcg_q384,EigenPro-PCG,1225,35,,384.0,,,,4,0.0068498630000704,1.263481649999903,0.3821211084423185,0.3820847563729526,1.4061945141825223,ok,group_b
USGS_LPC_IL_Winnebago_2018_ground_elevation_regression_ntrain10000000,10000000,SE,SE,SE,1.5,0.1,1e-05,0.1,eigenpro_pcg_q448,EigenPro-PCG,1225,35,,448.0,,,,4,0.0081013429999075,1.4722313219999703,0.3821209953798533,0.3820846467509957,1.20680829055217,ok,group_b
USGS_LPC_IL_Winnebago_2018_ground_elevation_regression_ntrain10000000,10000000,SE,SE,SE,1.5,0.1,1e-05,0.1,btab_auto_topk_512,Active inverse,1225,35,512.0,,512.0,625.0,,3000,5.240569980000146,5.304983791000041,0.3830245397773923,0.3829813815266463,0.3349116670279628,ok,group_b
USGS_LPC_IL_Winnebago_2018_ground_elevation_regression_ntrain10000000,10000000,SE,SE,SE,1.5,0.1,1e-05,0.1,btab_auto_topk_1024,Active inverse,1225,35,1024.0,,1024.0,1225.0,,3000,5.739561654999989,5.814416819000144,0.3830168792359095,0.3829755362366439,0.3055682143726445,ok,group_b
USGS_LPC_IL_Winnebago_2018_ground_elevation_regression_ntrain10000000,10000000,SE,SE,SE,1.5,0.1,1e-05,0.1,btab_boxeig_topk_256_q64,Box-EigenPro,1225,35,256.0,64.0,256.0,361.0,64.0,747,1.390542675000006,1.4643749100000605,0.3821210021705614,0.3820846525193743,1.2132828504963065,ok,group_b
USGS_LPC_IL_Winnebago_2018_ground_elevation_regression_ntrain10000000,10000000,SE,SE,SE,1.5,0.1,1e-05,0.1,btab_boxeig_topk_512_q128,Box-EigenPro,1225,35,512.0,128.0,512.0,625.0,128.0,66,0.4429944169999089,0.5096452309999222,0.3821209990979899,0.3820846495205848,3.4861524388529337,ok,group_b
USGS_LPC_IL_Winnebago_2018_ground_elevation_regression_ntrain10000000,10000000,SE,SE,SE,1.5,0.1,1e-05,0.1,btab_boxeig_topk_768_q128,Box-EigenPro,1225,35,768.0,128.0,768.0,961.0,128.0,7,0.2643198960001882,0.3381630490000589,0.3821210026366299,0.3820846529174598,5.253977246342595,ok,group_b
synthetic_true_func_2d_ntrain300000000,300000000,Matern-1.5,matern,Matern-1.5,1.5,0.1,1e-05,0.1,plain_cg,EFGP-CG,35721,189,,,,,,11282,12.286362669000027,15.271517430999891,0.0017288248796066,0.3000125242889939,1.0,ok,group_c
synthetic_true_func_2d_ntrain300000000,300000000,Matern-1.5,matern,Matern-1.5,1.5,0.1,1e-05,0.1,eigenpro_pcg_q64,EigenPro-PCG,35721,189,,64.0,,,,3000,4.448668569999882,6.21010805800006,0.0017393213071633,0.3000125359923898,2.4591387602872117,ok,group_c
synthetic_true_func_2d_ntrain300000000,300000000,Matern-1.5,matern,Matern-1.5,1.5,0.1,1e-05,0.1,eigenpro_pcg_q128,EigenPro-PCG,35721,189,,128.0,,,,2009,3.028580922999936,4.984387491000007,0.0017390589685197,0.3000125272814118,3.0638704271236343,ok,group_c
synthetic_true_func_2d_ntrain300000000,300000000,Matern-1.5,matern,Matern-1.5,1.5,0.1,1e-05,0.1,eigenpro_pcg_q256,EigenPro-PCG,35721,189,,256.0,,,,963,1.5619258029998946,3.94070743899988,0.0017390334660075,0.3000125288791683,3.875323826342125,ok,group_c
synthetic_true_func_2d_ntrain300000000,300000000,Matern-1.5,matern,Matern-1.5,1.5,0.1,1e-05,0.1,eigenpro_pcg_q320,EigenPro-PCG,35721,189,,320.0,,,,754,1.25400989700006,3.86490928000012,0.0017390619175279,0.300012528919261,3.9513262342342528,ok,group_c
synthetic_true_func_2d_ntrain300000000,300000000,Matern-1.5,matern,Matern-1.5,1.5,0.1,1e-05,0.1,eigenpro_pcg_q384,EigenPro-PCG,35721,189,,384.0,,,,589,1.0236576520001108,3.876598975999968,0.0017392186473843,0.3000125311593491,3.939411201815273,ok,group_c
synthetic_true_func_2d_ntrain300000000,300000000,Matern-1.5,matern,Matern-1.5,1.5,0.1,1e-05,0.1,eigenpro_pcg_q448,EigenPro-PCG,35721,189,,448.0,,,,489,0.85961564299987,3.930285741000034,0.0017391419418069,0.3000125316827028,3.8855997851988646,ok,group_c
synthetic_true_func_2d_ntrain300000000,300000000,Matern-1.5,matern,Matern-1.5,1.5,0.1,1e-05,0.1,btab_auto_topk_2048,Active inverse,35721,189,2048.0,,2048.0,2601.0,,522,1.0309833569999682,2.562011309999889,0.0017384330250504,0.3000125206425663,5.9607533235286745,ok,group_c
synthetic_true_func_2d_ntrain300000000,300000000,Matern-1.5,matern,Matern-1.5,1.5,0.1,1e-05,0.1,btab_auto_topk_4096,Active inverse,35721,189,4096.0,,4096.0,5329.0,,246,1.3324985439999182,2.862830654999925,0.0017384730847576,0.3000125207250348,5.334411731384891,ok,group_c
synthetic_true_func_2d_ntrain300000000,300000000,Matern-1.5,matern,Matern-1.5,1.5,0.1,1e-05,0.1,btab_boxeig_topk_20480_q320,Box-EigenPro,35721,189,20480.0,320.0,20480.0,25921.0,320.0,892,2.509234719999995,4.040265866000027,0.001738088480904,0.3000125285940719,3.779829827416558,ok,group_c
synthetic_true_func_2d_ntrain300000000,300000000,Matern-1.5,matern,Matern-1.5,1.5,0.1,1e-05,0.1,btab_boxeig_topk_20480_q384,Box-EigenPro,35721,189,20480.0,384.0,20480.0,25921.0,384.0,686,2.019362289000128,3.548629116000029,0.0017380105610435,0.3000125293581911,4.3034977541450585,ok,group_c
synthetic_true_func_2d_ntrain300000000,300000000,Matern-1.5,matern,Matern-1.5,1.5,0.1,1e-05,0.1,btab_boxeig_topk_32768_q192,Box-EigenPro,35721,189,32768.0,192.0,32768.0,35721.0,192.0,1140,2.4058339250000245,3.9350481159999617,0.0017390224478519,0.3000125295054391,3.8808972548278846,ok,group_c
synthetic_true_func_2d_ntrain300000000,300000000,Matern-1.5,matern,Matern-1.5,1.5,0.1,1e-05,0.1,btab_boxeig_topk_32768_q256,Box-EigenPro,35721,189,32768.0,256.0,32768.0,35721.0,256.0,812,1.952570429000161,3.4812529890000405,0.0017392453096008,0.3000125310282772,4.386787596090941,ok,group_c
synthetic_true_func_2d_ntrain300000000,300000000,Matern-1.5,matern,Matern-1.5,1.5,0.1,1e-05,0.1,btab_boxeig_topk_32768_q320,Box-EigenPro,35721,189,32768.0,320.0,32768.0,35721.0,320.0,632,1.7964770840001163,3.325652927999954,0.001739126882669,0.3000125315166184,4.592035838262946,ok,group_c
synthetic_true_func_2d_ntrain300000000,300000000,Matern-1.5,matern,Matern-1.5,1.5,0.1,1e-05,0.1,btab_boxeig_topk_32768_q384,Box-EigenPro,35721,189,32768.0,384.0,32768.0,35721.0,384.0,510,1.7222486559999195,3.2522578809998777,0.0017390411388697,0.3000125319630892,4.695666207842288,ok,group_c
synthetic_true_func_2d_ntrain300000000,300000000,Matern-1.5,matern,Matern-1.5,1.5,0.1,1e-05,0.1,btab_boxeig_topk_32768_q448,Box-EigenPro,35721,189,32768.0,448.0,32768.0,35721.0,448.0,416,1.702416921999884,3.23234983999987,0.0017392043874541,0.3000125335086441,4.724586813598279,ok,group_c
synthetic_true_func_2d_ntrain300000000,300000000,Matern-1.5,matern,Matern-1.5,1.5,0.1,1e-05,0.1,btab_boxeig_topk_35721_q192,Box-EigenPro,35721,189,35721.0,192.0,35721.0,35721.0,192.0,1169,2.3793858189999355,3.908401823000077,0.0017389583491277,0.3000125284416168,3.907356030060779,ok,group_c
synthetic_true_func_2d_ntrain300000000,300000000,Matern-1.5,matern,Matern-1.5,1.5,0.1,1e-05,0.1,btab_boxeig_topk_35721_q256,Box-EigenPro,35721,189,35721.0,256.0,35721.0,35721.0,256.0,812,2.175535259000071,3.705130758999985,0.0017392420329151,0.3000125310271376,4.121721586722535,ok,group_c
synthetic_true_func_2d_ntrain300000000,300000000,Matern-1.5,matern,Matern-1.5,1.5,0.1,1e-05,0.1,btab_boxeig_topk_35721_q320,Box-EigenPro,35721,189,35721.0,320.0,35721.0,35721.0,320.0,634,3.686983156999986,5.216648095999972,0.0017391426541165,0.3000125313600024,2.9274578522384527,ok,group_c
synthetic_true_func_2d_ntrain300000000,300000000,Matern-1.5,matern,Matern-1.5,1.5,0.1,1e-05,0.1,btab_boxeig_topk_35721_q384,Box-EigenPro,35721,189,35721.0,384.0,35721.0,35721.0,384.0,502,3.236348313000008,4.765848780000169,0.0017390719813706,0.3000125329143672,3.2043646653428537,ok,group_c
synthetic_true_func_2d_ntrain300000000,300000000,Matern-1.5,matern,Matern-1.5,1.5,0.1,1e-05,0.1,btab_boxeig_topk_35721_q448,Box-EigenPro,35721,189,35721.0,448.0,35721.0,35721.0,448.0,410,5.455393440999842,6.985366152999859,0.0017394817386356,0.300012534291588,2.1862157396633464,ok,group_c
synthetic_true_func_2d_ntrain100000000,100000000,Matern-1.5,matern,Matern-1.5,1.5,0.1,1e-05,0.1,plain_cg,EFGP-CG,35721,189,,,,,,8723,9.476634802000037,10.476696103999984,0.0029535992355785,0.3000157117062137,1.0,ok,group_c
synthetic_true_func_2d_ntrain100000000,100000000,Matern-1.5,matern,Matern-1.5,1.5,0.1,1e-05,0.1,eigenpro_pcg_q64,EigenPro-PCG,35721,189,,64.0,,,,2986,4.431101588999809,5.183957491000001,0.0029681916508783,0.3000157051829122,2.020984184802603,ok,group_c
synthetic_true_func_2d_ntrain100000000,100000000,Matern-1.5,matern,Matern-1.5,1.5,0.1,1e-05,0.1,eigenpro_pcg_q128,EigenPro-PCG,35721,189,,128.0,,,,1667,2.5503161780000028,3.501665637000088,0.0029682278640348,0.300015705332244,2.99191790138349,ok,group_c
synthetic_true_func_2d_ntrain100000000,100000000,Matern-1.5,matern,Matern-1.5,1.5,0.1,1e-05,0.1,eigenpro_pcg_q256,EigenPro-PCG,35721,189,,256.0,,,,753,1.2272093029998814,2.6046418369999174,0.0029684217923692,0.300015708626364,4.02231737015607,ok,group_c
synthetic_true_func_2d_ntrain100000000,100000000,Matern-1.5,matern,Matern-1.5,1.5,0.1,1e-05,0.1,eigenpro_pcg_q320,EigenPro-PCG,35721,189,,320.0,,,,585,0.9786270510001032,2.591721770000049,0.0029683997857944,0.3000157089289109,4.0423691405732125,ok,group_c
synthetic_true_func_2d_ntrain100000000,100000000,Matern-1.5,matern,Matern-1.5,1.5,0.1,1e-05,0.1,eigenpro_pcg_q384,EigenPro-PCG,35721,189,,384.0,,,,471,0.8159811719999652,2.66533986599984,0.0029683445674737,0.3000157096518859,3.9307167681108823,ok,group_c
synthetic_true_func_2d_ntrain100000000,100000000,Matern-1.5,matern,Matern-1.5,1.5,0.1,1e-05,0.1,eigenpro_pcg_q448,EigenPro-PCG,35721,189,,448.0,,,,388,0.698862864000148,2.777707464000059,0.0029684443152324,0.3000157103637385,3.7717060704848078,ok,group_c
synthetic_true_func_2d_ntrain100000000,100000000,Matern-1.5,matern,Matern-1.5,1.5,0.1,1e-05,0.1,btab_auto_topk_2048,Active inverse,35721,189,2048.0,,2048.0,2601.0,,392,0.840438438000092,1.3666612419999635,0.0029680428069539,0.3000157021136955,7.6659056260851095,ok,group_c
synthetic_true_func_2d_ntrain100000000,100000000,Matern-1.5,matern,Matern-1.5,1.5,0.1,1e-05,0.1,btab_auto_topk_4096,Active inverse,35721,189,4096.0,,4096.0,5329.0,,187,1.2513603790000616,1.777742771000021,0.0029679827986104,0.3000157021256958,5.893257604477054,ok,group_c
synthetic_true_func_2d_ntrain100000000,100000000,Matern-1.5,matern,Matern-1.5,1.5,0.1,1e-05,0.1,btab_boxeig_topk_20480_q320,Box-EigenPro,35721,189,20480.0,320.0,20480.0,25921.0,320.0,769,1.964289188000066,2.4905777540000145,0.002968015624319,0.3000157086441031,4.206532434963652,ok,group_c
synthetic_true_func_2d_ntrain100000000,100000000,Matern-1.5,matern,Matern-1.5,1.5,0.1,1e-05,0.1,btab_boxeig_topk_20480_q384,Box-EigenPro,35721,189,20480.0,384.0,20480.0,25921.0,384.0,613,2.571226031999913,3.097328300000072,0.0029679465238865,0.3000157088552496,3.382494553128172,ok,group_c
synthetic_true_func_2d_ntrain100000000,100000000,Matern-1.5,matern,Matern-1.5,1.5,0.1,1e-05,0.1,btab_boxeig_topk_32768_q192,Box-EigenPro,35721,189,32768.0,192.0,32768.0,35721.0,192.0,920,1.9683682270001557,2.494415639000181,0.002968279319624,0.3000157079676966,4.200060302780688,ok,group_c
synthetic_true_func_2d_ntrain100000000,100000000,Matern-1.5,matern,Matern-1.5,1.5,0.1,1e-05,0.1,btab_boxeig_topk_32768_q256,Box-EigenPro,35721,189,32768.0,256.0,32768.0,35721.0,256.0,649,1.6684327259999918,2.1948171639999146,0.002968304411708,0.300015709584281,4.7733798859613765,ok,group_c
synthetic_true_func_2d_ntrain100000000,100000000,Matern-1.5,matern,Matern-1.5,1.5,0.1,1e-05,0.1,btab_boxeig_topk_32768_q320,Box-EigenPro,35721,189,32768.0,320.0,32768.0,35721.0,320.0,501,1.5835278200001994,2.109839345000182,0.0029685271263544,0.3000157103909501,4.965636899713366,ok,group_c
synthetic_true_func_2d_ntrain100000000,100000000,Matern-1.5,matern,Matern-1.5,1.5,0.1,1e-05,0.1,btab_boxeig_topk_32768_q384,Box-EigenPro,35721,189,32768.0,384.0,32768.0,35721.0,384.0,394,1.4959170160000212,2.022275416999946,0.0029685029577907,0.3000157120138217,5.18064751019038,ok,group_c
synthetic_true_func_2d_ntrain100000000,100000000,Matern-1.5,matern,Matern-1.5,1.5,0.1,1e-05,0.1,btab_boxeig_topk_32768_q448,Box-EigenPro,35721,189,32768.0,448.0,32768.0,35721.0,448.0,325,2.6383236990000114,3.164459706999878,0.0029685312907716,0.30001571289999,3.3107377164023366,ok,group_c
synthetic_true_func_2d_ntrain100000000,100000000,Matern-1.5,matern,Matern-1.5,1.5,0.1,1e-05,0.1,btab_boxeig_topk_35721_q192,Box-EigenPro,35721,189,35721.0,192.0,35721.0,35721.0,192.0,925,1.9802311769999503,2.5061365560000013,0.0029682810873212,0.300015707773296,4.180417096154428,ok,group_c
synthetic_true_func_2d_ntrain100000000,100000000,Matern-1.5,matern,Matern-1.5,1.5,0.1,1e-05,0.1,btab_boxeig_topk_35721_q256,Box-EigenPro,35721,189,35721.0,256.0,35721.0,35721.0,256.0,641,1.649394712000003,2.176006394000069,0.0029684773749592,0.3000157101586034,4.814643988587311,ok,group_c
synthetic_true_func_2d_ntrain100000000,100000000,Matern-1.5,matern,Matern-1.5,1.5,0.1,1e-05,0.1,btab_boxeig_topk_35721_q320,Box-EigenPro,35721,189,35721.0,320.0,35721.0,35721.0,320.0,499,1.548623760000055,2.0754429620001247,0.0029685182586691,0.3000157105432586,5.0479325598538685,ok,group_c
synthetic_true_func_2d_ntrain100000000,100000000,Matern-1.5,matern,Matern-1.5,1.5,0.1,1e-05,0.1,btab_boxeig_topk_35721_q384,Box-EigenPro,35721,189,35721.0,384.0,35721.0,35721.0,384.0,394,1.505023895000022,2.03107500200008,0.0029685168930843,0.300015712007988,5.158202475872711,ok,group_c
synthetic_true_func_2d_ntrain100000000,100000000,Matern-1.5,matern,Matern-1.5,1.5,0.1,1e-05,0.1,btab_boxeig_topk_35721_q448,Box-EigenPro,35721,189,35721.0,448.0,35721.0,35721.0,448.0,323,3.681512434000069,4.208347330000152,0.0029686818322357,0.3000157132108172,2.4895036655635563,ok,group_c
USGS_LPC_IL_Winnebago_2018_ground_elevation_regression_ntrain300000000,300000000,Matern-1.5,matern,Matern-1.5,1.5,0.1,1e-05,0.1,plain_cg,EFGP-CG,35721,189,,,,,,21445,23.82776440700013,27.2291748990001,0.1106107456486714,0.1106034768578783,1.0,ok,group_c
USGS_LPC_IL_Winnebago_2018_ground_elevation_regression_ntrain300000000,300000000,Matern-1.5,matern,Matern-1.5,1.5,0.1,1e-05,0.1,eigenpro_pcg_q64,EigenPro-PCG,35721,189,,64.0,,,,3000,4.511170622999998,6.294573383999932,0.1105829597791312,0.1105759191875079,4.325817372820447,ok,group_c
USGS_LPC_IL_Winnebago_2018_ground_elevation_regression_ntrain300000000,300000000,Matern-1.5,matern,Matern-1.5,1.5,0.1,1e-05,0.1,eigenpro_pcg_q128,EigenPro-PCG,35721,189,,128.0,,,,1414,2.166757207000046,4.145795794000151,0.1105829556338131,0.1105759127491981,6.567900652127274,ok,group_c
USGS_LPC_IL_Winnebago_2018_ground_elevation_regression_ntrain300000000,300000000,Matern-1.5,matern,Matern-1.5,1.5,0.1,1e-05,0.1,eigenpro_pcg_q256,EigenPro-PCG,35721,189,,256.0,,,,607,0.9972463720000632,3.412846325999908,0.1105830424868652,0.110575996529421,7.978435680376672,ok,group_c
USGS_LPC_IL_Winnebago_2018_ground_elevation_regression_ntrain300000000,300000000,Matern-1.5,matern,Matern-1.5,1.5,0.1,1e-05,0.1,eigenpro_pcg_q320,EigenPro-PCG,35721,189,,320.0,,,,461,0.778068801000245,3.4281634730000405,0.1105830691277768,0.1105760228822407,7.942787767693999,ok,group_c
USGS_LPC_IL_Winnebago_2018_ground_elevation_regression_ntrain300000000,300000000,Matern-1.5,matern,Matern-1.5,1.5,0.1,1e-05,0.1,eigenpro_pcg_q384,EigenPro-PCG,35721,189,,384.0,,,,365,0.6395724840003822,3.514416257999983,0.1105830678745552,0.1105760205857137,7.747851392679345,ok,group_c
USGS_LPC_IL_Winnebago_2018_ground_elevation_regression_ntrain300000000,300000000,Matern-1.5,matern,Matern-1.5,1.5,0.1,1e-05,0.1,eigenpro_pcg_q448,EigenPro-PCG,35721,189,,448.0,,,,296,0.5372934059996624,3.6572007129998383,0.1105830853583928,0.1105760388890426,7.445359726145636,ok,group_c
USGS_LPC_IL_Winnebago_2018_ground_elevation_regression_ntrain300000000,300000000,Matern-1.5,matern,Matern-1.5,1.5,0.1,1e-05,0.1,btab_auto_topk_2048,Active inverse,35721,189,2048.0,,2048.0,2601.0,,3000,5.08409219899977,6.636781170000177,0.1805070634990554,0.1806276652427569,4.102768224765708,ok,group_c
USGS_LPC_IL_Winnebago_2018_ground_elevation_regression_ntrain300000000,300000000,Matern-1.5,matern,Matern-1.5,1.5,0.1,1e-05,0.1,btab_auto_topk_4096,Active inverse,35721,189,4096.0,,4096.0,5329.0,,3000,6.5283966530000725,8.081096404999698,0.2611808888475209,0.2612176359150117,3.3694901699419977,ok,group_c
USGS_LPC_IL_Winnebago_2018_ground_elevation_regression_ntrain300000000,300000000,Matern-1.5,matern,Matern-1.5,1.5,0.1,1e-05,0.1,btab_boxeig_topk_20480_q320,Box-EigenPro,35721,189,20480.0,320.0,20480.0,25921.0,320.0,2784,5.721267033000004,7.273850158000187,0.1105827560138152,0.1105757073442164,3.7434335747282246,ok,group_c
USGS_LPC_IL_Winnebago_2018_ground_elevation_regression_ntrain300000000,300000000,Matern-1.5,matern,Matern-1.5,1.5,0.1,1e-05,0.1,btab_boxeig_topk_20480_q384,Box-EigenPro,35721,189,20480.0,384.0,20480.0,25921.0,384.0,2244,4.885955546999867,6.438348550999763,0.1105827661924646,0.1105757169245317,4.2292172726144015,ok,group_c
USGS_LPC_IL_Winnebago_2018_ground_elevation_regression_ntrain300000000,300000000,Matern-1.5,matern,Matern-1.5,1.5,0.1,1e-05,0.1,btab_boxeig_topk_32768_q192,Box-EigenPro,35721,189,32768.0,192.0,32768.0,35721.0,192.0,787,2.8345315809997373,4.387183301999812,0.1105829645686227,0.1105759243260152,6.206527747903356,ok,group_c
USGS_LPC_IL_Winnebago_2018_ground_elevation_regression_ntrain300000000,300000000,Matern-1.5,matern,Matern-1.5,1.5,0.1,1e-05,0.1,btab_boxeig_topk_32768_q256,Box-EigenPro,35721,189,32768.0,256.0,32768.0,35721.0,256.0,539,1.4725833429997692,3.025411919999897,0.1105830706805984,0.1105760207356672,9.00015456374649,ok,group_c
USGS_LPC_IL_Winnebago_2018_ground_elevation_regression_ntrain300000000,300000000,Matern-1.5,matern,Matern-1.5,1.5,0.1,1e-05,0.1,btab_boxeig_topk_32768_q320,Box-EigenPro,35721,189,32768.0,320.0,32768.0,35721.0,320.0,408,1.4401397599999657,2.9926606560002256,0.1105830908471703,0.110576044756549,9.098651009564396,ok,group_c
USGS_LPC_IL_Winnebago_2018_ground_elevation_regression_ntrain300000000,300000000,Matern-1.5,matern,Matern-1.5,1.5,0.1,1e-05,0.1,btab_boxeig_topk_32768_q384,Box-EigenPro,35721,189,32768.0,384.0,32768.0,35721.0,384.0,319,1.3453258610002194,2.8976703779999298,0.1105831273498807,0.1105760794068025,9.396919368653172,ok,group_c
USGS_LPC_IL_Winnebago_2018_ground_elevation_regression_ntrain300000000,300000000,Matern-1.5,matern,Matern-1.5,1.5,0.1,1e-05,0.1,btab_boxeig_topk_32768_q448,Box-EigenPro,35721,189,32768.0,448.0,32768.0,35721.0,448.0,270,1.4430764909998288,2.995262885000102,0.1105829812795053,0.1105759380121681,9.090746269838407,ok,group_c
USGS_LPC_IL_Winnebago_2018_ground_elevation_regression_ntrain300000000,300000000,Matern-1.5,matern,Matern-1.5,1.5,0.1,1e-05,0.1,btab_boxeig_topk_35721_q192,Box-EigenPro,35721,189,35721.0,192.0,35721.0,35721.0,192.0,810,1.7727919559997645,3.324942926999938,0.1105828965312574,0.1105758589801733,8.189366102463811,ok,group_c
USGS_LPC_IL_Winnebago_2018_ground_elevation_regression_ntrain300000000,300000000,Matern-1.5,matern,Matern-1.5,1.5,0.1,1e-05,0.1,btab_boxeig_topk_35721_q256,Box-EigenPro,35721,189,35721.0,256.0,35721.0,35721.0,256.0,548,1.4668692479999663,3.0186043730000165,0.1105830043178464,0.1105759626529469,9.020451683749002,ok,group_c
USGS_LPC_IL_Winnebago_2018_ground_elevation_regression_ntrain300000000,300000000,Matern-1.5,matern,Matern-1.5,1.5,0.1,1e-05,0.1,btab_boxeig_topk_35721_q320,Box-EigenPro,35721,189,35721.0,320.0,35721.0,35721.0,320.0,412,1.3638595080001323,2.916082464000283,0.1105830709088347,0.1105760196313607,9.337587408844094,ok,group_c
USGS_LPC_IL_Winnebago_2018_ground_elevation_regression_ntrain300000000,300000000,Matern-1.5,matern,Matern-1.5,1.5,0.1,1e-05,0.1,btab_boxeig_topk_35721_q384,Box-EigenPro,35721,189,35721.0,384.0,35721.0,35721.0,384.0,318,2.330868059000295,3.882933914000205,0.1105831362399472,0.1105760877885614,7.012525966724105,ok,group_c
USGS_LPC_IL_Winnebago_2018_ground_elevation_regression_ntrain300000000,300000000,Matern-1.5,matern,Matern-1.5,1.5,0.1,1e-05,0.1,btab_boxeig_topk_35721_q448,Box-EigenPro,35721,189,35721.0,448.0,35721.0,35721.0,448.0,273,3.9948823350000566,5.549123895000321,0.1105829423633696,0.11057589918269,4.906932231866942,ok,group_c
USGS_LPC_IL_Winnebago_2018_ground_elevation_regression_ntrain100000000,100000000,Matern-1.5,matern,Matern-1.5,1.5,0.1,1e-05,0.1,plain_cg,EFGP-CG,35721,189,,,,,,13403,14.425151663999712,15.448164211999938,0.1119009825236664,0.1119166979127609,1.0,ok,group_c
USGS_LPC_IL_Winnebago_2018_ground_elevation_regression_ntrain100000000,100000000,Matern-1.5,matern,Matern-1.5,1.5,0.1,1e-05,0.1,eigenpro_pcg_q64,EigenPro-PCG,35721,189,,64.0,,,,1991,2.977092569999968,3.71263609000016,0.1118620987825857,0.1118780577374592,4.16096914362519,ok,group_c
USGS_LPC_IL_Winnebago_2018_ground_elevation_regression_ntrain100000000,100000000,Matern-1.5,matern,Matern-1.5,1.5,0.1,1e-05,0.1,eigenpro_pcg_q128,EigenPro-PCG,35721,189,,128.0,,,,905,1.3913782999998148,2.340146156999708,0.1118621406484383,0.1118781035652406,6.601367254687188,ok,group_c
USGS_LPC_IL_Winnebago_2018_ground_elevation_regression_ntrain100000000,100000000,Matern-1.5,matern,Matern-1.5,1.5,0.1,1e-05,0.1,eigenpro_pcg_q256,EigenPro-PCG,35721,189,,256.0,,,,374,0.606643571999939,1.962023880000288,0.1118622105993745,0.1118781705667188,7.873586233821817,ok,group_c
USGS_LPC_IL_Winnebago_2018_ground_elevation_regression_ntrain100000000,100000000,Matern-1.5,matern,Matern-1.5,1.5,0.1,1e-05,0.1,eigenpro_pcg_q320,EigenPro-PCG,35721,189,,320.0,,,,290,0.4847720749999098,2.0729015489996527,0.1118621931859399,0.1118781628985091,7.452435075585216,ok,group_c
USGS_LPC_IL_Winnebago_2018_ground_elevation_regression_ntrain100000000,100000000,Matern-1.5,matern,Matern-1.5,1.5,0.1,1e-05,0.1,eigenpro_pcg_q384,EigenPro-PCG,35721,189,,384.0,,,,230,0.4004982339997696,2.29102986099997,0.1118621723959903,0.1118781445191553,6.742890817345021,ok,group_c
USGS_LPC_IL_Winnebago_2018_ground_elevation_regression_ntrain100000000,100000000,Matern-1.5,matern,Matern-1.5,1.5,0.1,1e-05,0.1,eigenpro_pcg_q448,EigenPro-PCG,35721,189,,448.0,,,,182,0.3307585180000387,2.4083575499998915,0.111862251986173,0.1118782108098127,6.4143981494776945,ok,group_c
USGS_LPC_IL_Winnebago_2018_ground_elevation_regression_ntrain100000000,100000000,Matern-1.5,matern,Matern-1.5,1.5,0.1,1e-05,0.1,btab_auto_topk_2048,Active inverse,35721,189,2048.0,,2048.0,2601.0,,3000,5.064968264999607,5.576901522999833,0.120365603838658,0.1203754906397908,2.770026357519457,ok,group_c
USGS_LPC_IL_Winnebago_2018_ground_elevation_regression_ntrain100000000,100000000,Matern-1.5,matern,Matern-1.5,1.5,0.1,1e-05,0.1,btab_auto_topk_4096,Active inverse,35721,189,4096.0,,4096.0,5329.0,,3000,6.5481699379997735,7.059938690999843,0.1513068417372269,0.1513557469218697,2.188144244325178,ok,group_c
USGS_LPC_IL_Winnebago_2018_ground_elevation_regression_ntrain100000000,100000000,Matern-1.5,matern,Matern-1.5,1.5,0.1,1e-05,0.1,btab_boxeig_topk_20480_q320,Box-EigenPro,35721,189,20480.0,320.0,20480.0,25921.0,320.0,1652,3.632993548000286,4.144397427000058,0.1118620631396746,0.1118780278018992,3.7274813731322496,ok,group_c
USGS_LPC_IL_Winnebago_2018_ground_elevation_regression_ntrain100000000,100000000,Matern-1.5,matern,Matern-1.5,1.5,0.1,1e-05,0.1,btab_boxeig_topk_20480_q384,Box-EigenPro,35721,189,20480.0,384.0,20480.0,25921.0,384.0,1328,3.199847123000381,3.711654208000255,0.1118620555564304,0.1118780210503483,4.162069887518702,ok,group_c
USGS_LPC_IL_Winnebago_2018_ground_elevation_regression_ntrain100000000,100000000,Matern-1.5,matern,Matern-1.5,1.5,0.1,1e-05,0.1,btab_boxeig_topk_32768_q192,Box-EigenPro,35721,189,32768.0,192.0,32768.0,35721.0,192.0,498,1.2524819129998832,1.7643867000001592,0.1118621412577887,0.1118781119648577,8.755543335255556,ok,group_c
USGS_LPC_IL_Winnebago_2018_ground_elevation_regression_ntrain100000000,100000000,Matern-1.5,matern,Matern-1.5,1.5,0.1,1e-05,0.1,btab_boxeig_topk_32768_q256,Box-EigenPro,35721,189,32768.0,256.0,32768.0,35721.0,256.0,339,1.0981650759999866,1.6095154810000167,0.1118621917839006,0.1118781608546777,9.598021512910057,ok,group_c
USGS_LPC_IL_Winnebago_2018_ground_elevation_regression_ntrain100000000,100000000,Matern-1.5,matern,Matern-1.5,1.5,0.1,1e-05,0.1,btab_boxeig_topk_32768_q320,Box-EigenPro,35721,189,32768.0,320.0,32768.0,35721.0,320.0,264,2.6879097429996364,3.1995357880000483,0.1118621488368381,0.1118781193623768,4.828251732622816,ok,group_c
USGS_LPC_IL_Winnebago_2018_ground_elevation_regression_ntrain100000000,100000000,Matern-1.5,matern,Matern-1.5,1.5,0.1,1e-05,0.1,btab_boxeig_topk_32768_q384,Box-EigenPro,35721,189,32768.0,384.0,32768.0,35721.0,384.0,217,1.1646433129999425,1.6760765349999929,0.1118621155453267,0.1118780735421905,9.216860858922534,ok,group_c
USGS_LPC_IL_Winnebago_2018_ground_elevation_regression_ntrain100000000,100000000,Matern-1.5,matern,Matern-1.5,1.5,0.1,1e-05,0.1,btab_boxeig_topk_32768_q448,Box-EigenPro,35721,189,32768.0,448.0,32768.0,35721.0,448.0,176,1.2728875599996172,1.7846008520000396,0.1118621206729356,0.111878077521751,8.656369403100339,ok,group_c
USGS_LPC_IL_Winnebago_2018_ground_elevation_regression_ntrain100000000,100000000,Matern-1.5,matern,Matern-1.5,1.5,0.1,1e-05,0.1,btab_boxeig_topk_35721_q192,Box-EigenPro,35721,189,35721.0,192.0,35721.0,35721.0,192.0,498,1.2538445010000032,1.7657959200000732,0.1118621421633107,0.111878112130122,8.748555842171896,ok,group_c
USGS_LPC_IL_Winnebago_2018_ground_elevation_regression_ntrain100000000,100000000,Matern-1.5,matern,Matern-1.5,1.5,0.1,1e-05,0.1,btab_boxeig_topk_35721_q256,Box-EigenPro,35721,189,35721.0,256.0,35721.0,35721.0,256.0,338,1.0962471900002129,1.607669504000114,0.1118621950554709,0.1118781630813166,9.609042264944799,ok,group_c
USGS_LPC_IL_Winnebago_2018_ground_elevation_regression_ntrain100000000,100000000,Matern-1.5,matern,Matern-1.5,1.5,0.1,1e-05,0.1,btab_boxeig_topk_35721_q320,Box-EigenPro,35721,189,35721.0,320.0,35721.0,35721.0,320.0,267,1.133913062999909,1.6457818069998211,0.111862146479103,0.1118781158852538,9.386520221754777,ok,group_c
USGS_LPC_IL_Winnebago_2018_ground_elevation_regression_ntrain100000000,100000000,Matern-1.5,matern,Matern-1.5,1.5,0.1,1e-05,0.1,btab_boxeig_topk_35721_q384,Box-EigenPro,35721,189,35721.0,384.0,35721.0,35721.0,384.0,212,1.1582346909999617,1.6697586210002555,0.1118621364187481,0.111878104163827,9.25173496199459,ok,group_c
USGS_LPC_IL_Winnebago_2018_ground_elevation_regression_ntrain100000000,100000000,Matern-1.5,matern,Matern-1.5,1.5,0.1,1e-05,0.1,btab_boxeig_topk_35721_q448,Box-EigenPro,35721,189,35721.0,448.0,35721.0,35721.0,448.0,177,1.2716484110001147,1.7830194540001685,0.1118621151837198,0.1118780754197677,8.664046921833798,ok,group_c
